time,open,high,low,close,volume
1695648600,174.1999969482422,175.5500030517578,174.14999389648438,174.47000122070312,10347795.0
1695652200,174.4600067138672,176.5399932861328,174.3699951171875,176.27000427246094,6689826.0
1695655800,176.28799438476562,176.97000122070312,175.8800048828125,176.8800048828125,5521525.0
1695659400,176.88499450683594,176.91000366210938,176.0399932861328,176.1300048828125,4345407.0
1695663000,176.14999389648438,176.3675994873047,175.67999267578125,175.77499389648438,4024629.0
1695666600,175.7700958251953,176.12899780273438,174.97000122070312,175.61050415039062,5475304.0
1695670200,175.61000061035156,176.14999389648438,175.3699951171875,176.08999633789062,4708932.0
1695735000,174.82000732421875,175.1999969482422,172.47999572753906,173.10000610351562,15789905.0
1695738600,173.08999633789062,173.64999389648438,172.4149932861328,172.57000732421875,7904418.0
1695742200,172.5800018310547,173.19000244140625,172.52000427246094,173.00999450683594,5378958.0
1695745800,173.00999450683594,173.52999877929688,172.84500122070312,172.84500122070312,4194456.0
1695749400,172.85499572753906,173.0050048828125,172.22000122070312,172.30020141601562,5275716.0
1695753000,172.30499267578125,172.44000244140625,171.66000366210938,171.74000549316406,7371366.0
1695756600,171.74000549316406,172.3300018310547,171.72000122070312,171.89999389648438,8556952.0
1695821400,172.6199951171875,173.0399932861328,170.30999755859375,171.27000427246094,14619741.0
1695825000,171.25,171.47999572753906,170.27000427246094,170.97500610351562,6917499.0
1695828600,170.97999572753906,171.0800018310547,169.63999938964844,169.83999633789062,6897103.0
1695832200,169.85000610351562,170.1999969482422,169.2899932861328,169.3000030517578,6176660.0
1695835800,169.29989624023438,170.10000610351562,169.0500030517578,170.07000732421875,5755630.0
1695839400,170.06500244140625,170.9600067138672,170.02999877929688,170.16000366210938,8680644.0
1695843000,170.16000366210938,170.47999572753906,169.75999450683594,170.42999267578125,8671175.0
1695907800,169.33999633789062,170.00999450683594,167.6199951171875,169.1300048828125,15189658.0
1695911400,169.13999938964844,170.67999267578125,168.69000244140625,170.5,8618775.0
1695915000,170.5,172.02999877929688,170.47079467773438,171.88999938964844,7088514.0
1695918600,171.88999938964844,171.9149932861328,170.86000061035156,170.88999938964844,4825213.0
1695922200,170.8820037841797,171.1649932861328,170.42999267578125,171.1300048828125,4681956.0
1695925800,171.13499450683594,171.67999267578125,170.30999755859375,171.5800018310547,4835316.0
1695929400,171.5800018310547,171.63999938964844,170.44000244140625,170.69000244140625,5724842.0
1695994200,172.02000427246094,173.07000732421875,171.77000427246094,172.25,11049307.0
1695997800,172.27000427246094,172.77000427246094,172.02000427246094,172.05999755859375,5432567.0
1696001400,172.05999755859375,172.08999633789062,171.5301055908203,171.8350067138672,3810317.0
1696005000,171.83999633789062,171.92999267578125,170.72999572753906,171.22999572753906,3723090.0
1696008600,171.22999572753906,171.3000030517578,170.3800048828125,170.5399932861328,3930145.0
1696012200,170.5449981689453,171.7100067138672,170.34100341796875,171.28990173339844,5505006.0
1696015800,171.27999877929688,171.9199981689453,170.75999450683594,171.22000122070312,6445307.0
1696253400,171.22000122070312,174.0399932861328,170.92999267578125,173.3300018310547,12402556.0
1696257000,173.35000610351562,174.3000030517578,172.83999633789062,174.10459899902344,6937293.0
1696260600,174.1199951171875,174.2100067138672,172.82000732421875,173.35000610351562,5325939.0
1696264200,173.36000061035156,173.47000122070312,172.72999572753906,173.30999755859375,3752202.0
1696267800,173.30999755859375,173.7100067138672,172.77000427246094,172.78990173339844,4113658.0
1696271400,172.78199768066406,173.2100067138672,172.5330047607422,173.0,4726767.0
1696275000,173.0,173.77999877929688,172.75,173.75,6420476.0
1696339800,172.2550048828125,173.6300048828125,170.82000732421875,171.1717987060547,11761888.0
1696343400,171.17999267578125,171.98500061035156,171.07000732421875,171.6300048828125,6639286.0
1696347000,171.63999938964844,172.36500549316406,171.36000061035156,172.26400756835938,4492914.0
1696350600,172.27999877929688,172.80499267578125,171.96490478515625,172.00180053710938,4727540.0
1696354200,172.00999450683594,172.1300048828125,171.55099487304688,171.85000610351562,3774205.0
1696357800,171.85000610351562,172.39999389648438,171.7899932861328,171.86000061035156,4821504.0
1696361400,171.85499572753906,172.52000427246094,171.77999877929688,172.4600067138672,6252137.0
1696426200,171.08999633789062,172.74000549316406,170.97000122070312,172.38999938964844,13074765.0
1696429800,172.39500427246094,173.49000549316406,172.1300048828125,172.86000061035156,8356128.0
1696433400,172.86000061035156,173.2899932861328,172.5,173.1699981689453,4452327.0
1696437000,173.1699981689453,173.25999450683594,172.64500427246094,172.67999267578125,3158072.0
1696440600,172.67999267578125,172.9199981689453,172.35000610351562,172.74000549316406,3835275.0
1696444200,172.74000549316406,173.81500244140625,172.61000061035156,173.7698974609375,5119455.0
1696447800,173.77000427246094,174.2100067138672,173.3699951171875,173.63999938964844,7816168.0
1696512600,173.7899932861328,174.4080047607422,173.07000732421875,173.69000244140625,9578634.0
1696516200,173.69000244140625,173.75619506835938,172.67999267578125,173.60000610351562,6597067.0
1696519800,173.60499572753906,174.02999877929688,173.26499938964844,173.97000122070312,5261407.0
1696523400,173.96009826660156,174.16000366210938,173.6199951171875,174.158203125,4292030.0
1696527000,174.14999389648438,175.1999969482422,173.9600067138672,174.95989990234375,6318028.0
1696530600,174.9499969482422,175.4499969482422,174.8699951171875,175.1199951171875,4890794.0
1696534200,175.1199951171875,175.22000122070312,174.83999633789062,174.97999572753906,4853082.0
1696599000,173.8000030517578,175.05999755859375,173.17999267578125,174.80999755859375,11096512.0
1696602600,174.8000030517578,175.6699981689453,174.72999572753906,175.4499969482422,7955406.0
1696606200,175.4499969482422,177.0500030517578,175.42999267578125,176.67010498046875,7166594.0
1696609800,176.67999267578125,177.36000061035156,176.4499969482422,177.16000366210938,5056666.0
1696613400,177.1699981689453,177.5399932861328,177.10000610351562,177.5290985107422,4054867.0
1696617000,177.52999877929688,177.9550018310547,177.4199981689453,177.94000244140625,5634496.0
1696620600,177.93499755859375,177.99000549316406,177.39999389648438,177.49000549316406,7319309.0
1696858200,176.80999755859375,177.36000061035156,175.8000030517578,176.8699951171875,9359311.0
1696861800,176.8699951171875,177.125,176.19000244140625,177.0850067138672,4686689.0
1696865400,177.0749969482422,178.07000732421875,176.8699951171875,177.61000061035156,4765690.0
1696869000,177.60000610351562,177.97000122070312,177.43499755859375,177.9499969482422,2606059.0
1696872600,177.9600067138672,178.97000122070312,177.94000244140625,178.83999633789062,5257785.0
1696876200,178.84500122070312,179.0500030517578,178.4199981689453,178.89999389648438,5031854.0
1696879800,178.89999389648438,179.0500030517578,178.6649932861328,178.99000549316406,5217876.0
1696944600,178.10000610351562,179.30999755859375,178.10000610351562,179.1851043701172,9164127.0
1696948200,179.1909942626953,179.67999267578125,179.0399932861328,179.47999572753906,5374796.0
1696951800,179.48500061035156,179.72000122070312,179.33999633789062,179.610107421875,3098344.0
1696955400,179.6199951171875,179.69000244140625,178.13999938964844,178.4499969482422,4901581.0
1696959000,178.4600067138672,178.57589721679688,177.9499969482422,178.1699981689453,4369971.0
1696962600,178.19000244140625,178.90989685058594,177.9600067138672,178.7899932861328,4901034.0
1696966200,178.7899932861328,178.8000030517578,178.1199951171875,178.41000366210938,5623523.0
1697031000,178.1999969482422,178.9575958251953,177.60000610351562,178.27999877929688,9911043.0
1697034600,178.27999877929688,179.32000732421875,178.13099670410156,178.5883026123047,6752681.0
1697038200,178.58999633789062,178.9499969482422,178.36500549316406,178.57009887695312,3901012.0
1697041800,178.5800018310547,178.74200439453125,178.27000427246094,178.5906982421875,3560007.0
1697045400,178.58999633789062,179.3800048828125,178.36000061035156,178.9499969482422,3720449.0
1697049000,178.9499969482422,179.2899932861328,178.89999389648438,179.1699981689453,5572352.0
1697052600,179.1699981689453,179.85000610351562,179.13999938964844,179.75,5787619.0
1697117400,180.07000732421875,182.14990234375,179.83999633789062,181.72000122070312,13432759.0
1697121000,181.72999572753906,182.33999633789062,181.4600067138672,181.77000427246094,8055060.0
1697124600,181.76499938964844,182.2899932861328,181.50999450683594,182.27000427246094,5426017.0
1697128200,182.27999877929688,182.27999877929688,180.3300018310547,180.3549041748047,5641539.0
1697131800,180.33999633789062,180.6300048828125,179.0399932861328,179.63999938964844,6607337.0
1697135400,179.63499450683594,180.47999572753906,179.49000549316406,180.39999389648438,4772922.0
1697139000,180.39999389648438,180.81500244140625,180.38999938964844,180.72999572753906,5779607.0
1697203800,181.4199981689453,181.92999267578125,180.36000061035156,180.52999877929688,9761566.0
1697207400,180.52000427246094,180.76499938964844,178.9499969482422,179.19000244140625,6274151.0
1697211000,179.19000244140625,179.3625030517578,178.47000122070312,179.2550048828125,5900854.0
1697214600,179.25999450683594,179.47000122070312,178.22000122070312,178.25999450683594,4418100.0
1697218200,178.26100158691406,179.30999755859375,178.13999938964844,179.24000549316406,5205186.0
1697221800,179.2449951171875,179.74000549316406,178.85000610351562,178.93499755859375,5632908.0
1697225400,178.94000244140625,179.08999633789062,178.52000427246094,178.8699951171875,5735444.0
1697463000,176.75,178.54750061035156,176.50999450683594,178.44500732421875,13685450.0
1697466600,178.44400024414062,178.99000549316406,178.2949981689453,178.50900268554688,6155862.0
1697470200,178.52000427246094,178.69000244140625,177.625,177.82000732421875,4772017.0
1697473800,177.8300018310547,177.94000244140625,176.85000610351562,177.46499633789062,5480319.0
1697477400,177.47000122070312,178.35459899902344,177.4300994873047,178.1300048828125,4678814.0
1697481000,178.125,178.82000732421875,177.89999389648438,178.7899932861328,4680497.0
1697484600,178.7899932861328,179.0,178.39999389648438,178.6750030517578,6982113.0
1697549400,176.64500427246094,176.99000549316406,174.8000030517578,176.4499969482422,15753761.0
1697553000,176.4499969482422,177.25,176.32000732421875,177.08999633789062,7402615.0
1697556600,177.0800018310547,178.30999755859375,177.0800018310547,178.22500610351562,5269444.0
1697560200,178.22999572753906,178.4199981689453,177.66000366210938,177.6678009033203,4501217.0
1697563800,177.66099548339844,177.8300018310547,176.9499969482422,177.09890747070312,5642528.0
1697567400,177.08999633789062,177.33999633789062,176.36500549316406,176.77000427246094,6304509.0
1697571000,176.77999877929688,177.3000030517578,176.44500732421875,177.13999938964844,6288297.0
1697635800,175.5800018310547,177.5749969482422,175.4199981689453,176.6199951171875,11694290.0
1697639400,176.60499572753906,177.1199951171875,175.7550048828125,176.72999572753906,7097323.0
1697643000,176.72999572753906,177.52999877929688,176.63009643554688,176.82000732421875,5348489.0
1697646600,176.82000732421875,177.3699951171875,176.22500610351562,177.1199951171875,5355115.0
1697650200,177.1199951171875,177.1300048828125,176.22000122070312,176.69500732421875,4533374.0
1697653800,176.68499755859375,176.9149932861328,175.77999877929688,175.87989807128906,5250110.0
1697657400,175.8800048828125,176.08999633789062,175.11000061035156,175.781005859375,6442293.0
1697722200,176.0399932861328,177.3300018310547,175.84500122070312,176.2100067138672,11060282.0
1697725800,176.2100067138672,176.8699951171875,175.63499450683594,176.24989318847656,5651756.0
1697729400,176.25,177.5399932861328,176.10000610351562,176.67999267578125,7386700.0
1697733000,176.69000244140625,177.83999633789062,175.4600067138672,177.77999877929688,6868129.0
1697736600,177.8000030517578,177.8300018310547,176.50999450683594,176.58999633789062,5131914.0
1697740200,176.58999633789062,176.58999633789062,175.52000427246094,175.74000549316406,7026256.0
1697743800,175.72999572753906,176.05999755859375,175.19000244140625,175.4499969482422,4705299.0
1697808600,175.30999755859375,175.4199981689453,174.07000732421875,174.24000549316406,13576409.0
1697812200,174.24000549316406,174.25999450683594,172.63999938964844,172.86990356445312,9848621.0
1697815800,172.8800048828125,173.83999633789062,172.6699981689453,173.55999755859375,6364462.0
1697819400,173.57000732421875,174.72000122070312,173.55999755859375,174.17999267578125,6019902.0
1697823000,174.18499755859375,174.38999938964844,173.4600067138672,173.5800018310547,4406928.0
1697826600,173.55999755859375,173.86000061035156,173.125,173.3800048828125,5284310.0
1697830200,173.3699951171875,173.49000549316406,172.8000030517578,172.83999633789062,6774830.0
1698067800,171.58999633789062,171.91000366210938,169.92999267578125,171.58999633789062,15939825.0
1698071400,171.58999633789062,172.91029357910156,171.1699981689453,172.80999755859375,6828633.0
1698075000,172.80999755859375,172.98500061035156,172.27999877929688,172.83999633789062,5567383.0
1698078600,172.86000061035156,173.63999938964844,172.63999938964844,173.30999755859375,4597769.0
1698082200,173.30999755859375,174.00999450683594,173.13900756835938,173.3800048828125,4849773.0
1698085800,173.38999938964844,173.72500610351562,173.0850067138672,173.13299560546875,5131178.0
1698089400,173.14500427246094,173.25999450683594,172.75999450683594,172.9600067138672,5236992.0
1698154200,173.0500030517578,173.30999755859375,171.80999755859375,172.8300018310547,10973848.0
1698157800,172.8249053955078,172.88999938964844,172.1300048828125,172.30499267578125,5390228.0
1698161400,172.30999755859375,173.02000427246094,171.98280334472656,172.0800018310547,4403856.0
1698165000,172.10000610351562,172.1999969482422,171.4499969482422,172.19000244140625,3752948.0
1698168600,172.1999053955078,172.75999450683594,171.9199981689453,172.75999450683594,3410631.0
1698172200,172.75,173.6699981689453,172.67999267578125,173.5850067138672,5963929.0
1698175800,173.5850067138672,173.6649932861328,173.22999572753906,173.38999938964844,4601374.0
1698240600,171.8800048828125,172.24000549316406,170.8300018310547,172.1300048828125,11042020.0
1698244200,172.1300048828125,173.05999755859375,171.8800048828125,172.44500732421875,7738217.0
1698247800,172.44500732421875,172.60000610351562,171.5399932861328,171.76499938964844,4440866.0
1698251400,171.75999450683594,172.0500030517578,171.05999755859375,171.14500427246094,5032990.0
1698255000,171.13999938964844,171.6197967529297,170.77000427246094,171.4199981689453,5060830.0
1698258600,171.42999267578125,171.5399932861328,170.64999389648438,171.1750030517578,4546917.0
1698262200,171.17779541015625,171.42999267578125,170.86000061035156,171.08999633789062,6991582.0
1698327000,170.3699951171875,171.37750244140625,168.1300048828125,168.66000366210938,13990133.0
1698330600,168.64999389648438,168.9499969482422,166.83999633789062,166.94960021972656,10641541.0
1698334200,166.94500732421875,167.52999877929688,165.97000122070312,166.29739379882812,8539868.0
1698337800,166.2899932861328,166.6999969482422,165.72000122070312,165.9499969482422,5923516.0
1698341400,165.9499969482422,167.38290405273438,165.6699981689453,167.17999267578125,6261731.0
1698345000,167.1699981689453,167.94000244140625,166.89999389648438,167.31430053710938,6614410.0
1698348600,167.30999755859375,167.44000244140625,166.375,166.75999450683594,8082422.0
1698413400,166.91000366210938,168.77000427246094,166.19000244140625,168.16000366210938,13125053.0
1698417000,168.16000366210938,168.9600067138672,167.38999938964844,168.73500061035156,6386633.0
1698420600,168.75,168.81809997558594,167.52000427246094,167.75999450683594,3987468.0
1698424200,167.77000427246094,167.96310424804688,166.8300018310547,167.19000244140625,4730969.0
1698427800,167.17999267578125,167.97999572753906,166.92999267578125,167.69500732421875,6106335.0
1698431400,167.6999969482422,168.24000549316406,167.4499969482422,167.99000549316406,6000178.0
1698435000,167.99000549316406,168.33999633789062,167.49000549316406,168.28500366210938,6380136.0
1698672600,169.02000427246094,171.1699981689453,168.8699951171875,169.375,12638771.0
1698676200,169.37989807128906,170.1999969482422,169.2100067138672,169.6699981689453,6708135.0
1698679800,169.6699981689453,170.16000366210938,169.41000366210938,169.46609497070312,3707282.0
1698683400,169.46499633789062,170.0500030517578,169.0500030517578,169.91990661621094,4478492.0
1698687000,169.9199981689453,170.49000549316406,169.8800048828125,170.36000061035156,4232265.0
1698690600,170.35000610351562,170.82000732421875,169.84019470214844,169.85499572753906,6108040.0
1698694200,169.85000610351562,170.47999572753906,169.84500122070312,170.24000549316406,5989283.0
1698759000,169.35000610351562,169.5500030517578,167.89999389648438,169.1300048828125,9517172.0
1698762600,169.14999389648438,169.8699951171875,168.75,169.22999572753906,5158750.0
1698766200,169.22999572753906,169.7899932861328,168.84500122070312,169.5500030517578,4428156.0
1698769800,169.5500030517578,170.2949981689453,169.27000427246094,170.28199768066406,3888208.0
1698773400,170.2899932861328,170.75,169.9499969482422,169.9600067138672,4143238.0
1698777000,169.94000244140625,170.77000427246094,169.93099975585938,170.64500427246094,3494370.0
1698780600,170.63999938964844,170.89999389648438,170.3800048828125,170.7899932861328,4547702.0
1698845400,171.0,171.97000122070312,170.1199951171875,171.8300018310547,10298739.0
1698849000,171.8300018310547,172.0800018310547,171.0,171.42999267578125,6770956.0
1698852600,171.42999267578125,172.0,171.19500732421875,171.89999389648438,3513567.0
1698856200,171.91000366210938,172.3800048828125,171.6300048828125,172.16200256347656,3736963.0
1698859800,172.16000366210938,172.7100067138672,171.94000244140625,172.61000061035156,4819939.0
1698863400,172.625,174.1199951171875,172.10000610351562,173.91000366210938,10052004.0
1698867000,173.91000366210938,174.22999572753906,173.61000061035156,173.9199981689453,7382594.0
1698931800,175.52000427246094,177.08999633789062,175.4600067138672,176.8699951171875,12660603.0
1698935400,176.8800048828125,177.66000366210938,176.6199951171875,176.7740020751953,9566990.0
1698939000,176.77000427246094,177.10000610351562,176.41000366210938,176.97999572753906,6002941.0
1698942600,176.97999572753906,177.31500244140625,176.77999877929688,177.08799743652344,5823586.0
1698946200,177.0800018310547,177.61000061035156,177.0800018310547,177.30999755859375,5561287.0
1698949800,177.30209350585938,177.72000122070312,177.19000244140625,177.22999572753906,7714957.0
1698953400,177.23500061035156,177.77999877929688,177.1699981689453,177.77999877929688,9466400.0
1699018200,174.24000549316406,176.39999389648438,173.35000610351562,174.7100067138672,28550758.0
1699021800,174.6999969482422,175.94000244140625,174.66000366210938,174.8000030517578,9711814.0
1699025400,174.8000030517578,176.49000549316406,174.60000610351562,176.33999633789062,7570993.0
1699029000,176.35000610351562,176.4499969482422,175.7100067138672,175.7678985595703,5533801.0
1699032600,175.76170349121094,175.88999938964844,175.07000732421875,175.78990173339844,6023082.0
1699036200,175.77999877929688,176.46749877929688,175.67999267578125,176.04010009765625,6461456.0
1699039800,176.0399932861328,176.82000732421875,175.9499969482422,176.6300048828125,7080006.0
1699281000,176.3800048828125,178.86000061035156,176.2100067138672,178.25999450683594,19458592.0
1699284600,178.25999450683594,179.42999267578125,178.2100067138672,179.08999633789062,8179075.0
1699288200,179.08999633789062,179.38999938964844,178.7100067138672,178.889892578125,5026147.0
1699291800,178.88499450683594,179.05999755859375,178.00999450683594,178.3300018310547,4910582.0
1699295400,178.3249969482422,178.76499938964844,178.02000427246094,178.75990295410156,4555749.0
1699299000,178.75,179.32000732421875,178.67999267578125,179.10000610351562,5086313.0
1699302600,179.11000061035156,179.3300018310547,178.6999969482422,179.2899932861328,6666486.0
1699367400,179.17999267578125,180.82000732421875,179.00999450683594,180.7100067138672,16268674.0
1699371000,180.69500732421875,181.59500122070312,180.52999877929688,181.4550018310547,8190077.0
1699374600,181.4550018310547,181.63999938964844,180.52000427246094,181.1750030517578,7493420.0
1699378200,181.1750030517578,182.16000366210938,180.93499755859375,182.01499938964844,6208182.0
1699381800,182.01849365234375,182.44000244140625,181.92999267578125,182.3408966064453,5219872.0
1699385400,182.35000610351562,182.42999267578125,181.89999389648438,182.19830322265625,5513486.0
1699389000,182.19500732421875,182.33999633789062,181.5500030517578,181.8800048828125,8142789.0
1699453800,182.35000610351562,183.4499969482422,182.17999267578125,182.49850463867188,13792847.0
1699457400,182.49000549316406,182.98500061035156,182.0,182.14999389648438,6325309.0
1699461000,182.14999389648438,182.5,181.58999633789062,181.88999938964844,5030995.0
1699464600,181.89999389648438,182.5800018310547,181.74000549316406,182.50999450683594,4014911.0
1699468200,182.50999450683594,182.88999938964844,182.4600067138672,182.77499389648438,3100003.0
1699471800,182.77999877929688,182.85000610351562,182.3699951171875,182.78500366210938,4758437.0
1699475400,182.7899932861328,183.00999450683594,182.62249755859375,182.88999938964844,5331712.0
1699540200,182.9600067138672,183.5500030517578,182.60000610351562,182.6300048828125,9703743.0
1699543800,182.63499450683594,183.97970581054688,182.47999572753906,183.53500366210938,6858126.0
1699547400,183.5399932861328,184.1199951171875,183.47999572753906,183.57000732421875,5025374.0
1699551000,183.5800018310547,184.01499938964844,182.69000244140625,183.6999969482422,5877391.0
1699554600,183.6999969482422,183.72999572753906,182.33999633789062,182.82000732421875,7012436.0
1699558200,182.82000732421875,182.8300018310547,181.80999755859375,181.86000061035156,5497017.0
1699561800,181.85000610351562,182.47999572753906,181.8300018310547,182.44000244140625,5102309.0
1699626600,183.71099853515625,184.7899932861328,183.52999877929688,183.7799072265625,13042014.0
1699630200,183.77999877929688,184.94000244140625,183.61500549316406,184.75,6727223.0
1699633800,184.75999450683594,185.0,184.42999267578125,184.94000244140625,4269310.0
1699637400,184.94009399414062,185.50999450683594,184.8800048828125,185.40499877929688,6479424.0
1699641000,185.40499877929688,185.97500610351562,185.39999389648438,185.85000610351562,5159113.0
1699644600,185.85000610351562,186.1300048828125,185.55499267578125,186.1199951171875,6857111.0
1699648200,186.11000061035156,186.56500244140625,185.9550018310547,186.33999633789062,9456815.0
1699885800,185.82000732421875,186.02999877929688,184.2100067138672,184.76609802246094,11087334.0
1699889400,184.77000427246094,185.13999938964844,184.38999938964844,184.9600067138672,5748681.0
1699893000,184.9600067138672,185.13499450683594,184.5,184.56500244140625,5079289.0
1699896600,184.57000732421875,184.92990112304688,184.38999938964844,184.55999755859375,2665925.0
1699900200,184.57000732421875,185.00999450683594,184.4600067138672,184.99009704589844,2982413.0
1699903800,184.99000549316406,185.0800018310547,184.7299041748047,184.9499969482422,3878074.0
1699907400,184.9600067138672,185.00999450683594,184.61050415039062,184.77000427246094,4422642.0
1699972200,187.33999633789062,187.52000427246094,186.3000030517578,187.4499969482422,16941276.0
1699975800,187.44000244140625,187.47999572753906,186.67999267578125,186.9259033203125,5319775.0
1699979400,186.9250030517578,187.22000122070312,186.41000366210938,187.05499267578125,4868237.0
1699983000,187.05999755859375,187.5,187.00999450683594,187.4600067138672,3663476.0
1699986600,187.4600067138672,187.49000549316406,186.82000732421875,187.4136962890625,4558716.0
1699990200,187.4149932861328,188.11000061035156,187.4149932861328,187.91200256347656,7317327.0
1699993800,187.9199981689453,188.02999877929688,187.2100067138672,187.44000244140625,6872181.0
1700058600,187.84500122070312,188.6999969482422,187.8000030517578,188.14999389648438,11861855.0
1700062200,188.16000366210938,189.5,188.11000061035156,189.4149932861328,8051018.0
1700065800,189.4149932861328,189.4499053955078,188.52999877929688,189.1199951171875,5324873.0
1700069400,189.1199951171875,189.1699981689453,188.46499633789062,189.03500366210938,4164889.0
1700073000,189.031005859375,189.0800018310547,188.39999389648438,188.77000427246094,4508244.0
1700076600,188.77000427246094,188.77999877929688,187.9550018310547,188.19500732421875,3069538.0
1700080200,188.1999969482422,188.55999755859375,187.77999877929688,188.08999633789062,5901858.0
1700145000,189.92999267578125,190.9600067138672,189.63999938964844,190.0854034423828,18705132.0
1700148600,190.10000610351562,190.2100067138672,188.80999755859375,189.00999450683594,6893426.0
1700152200,189.00999450683594,189.66000366210938,188.72000122070312,189.64500427246094,4821908.0
1700155800,189.63999938964844,189.97999572753906,188.64999389648438,189.3300018310547,3843638.0
1700159400,189.3249969482422,189.57000732421875,188.97999572753906,189.35499572753906,3451913.0
1700163000,189.35000610351562,189.73500061035156,189.22000122070312,189.4250030517578,4436262.0
1700166600,189.4250030517578,189.8699951171875,189.33999633789062,189.76890563964844,5829780.0
1700231400,190.25,190.3800048828125,188.57000732421875,189.5800018310547,14964688.0
1700235000,189.5850067138672,189.75999450683594,188.8699951171875,189.05149841308594,5463980.0
1700238600,189.05999755859375,189.4600067138672,188.82000732421875,188.9676055908203,3598292.0
1700242200,188.96499633789062,189.61000061035156,188.89999389648438,189.48500061035156,3093549.0
1700245800,189.49000549316406,189.89999389648438,189.35000610351562,189.73500061035156,3674072.0
1700249400,189.73500061035156,190.17999267578125,189.5800018310547,189.88800048828125,4775134.0
1700253000,189.88499450683594,189.9600067138672,189.52000427246094,189.7100067138672,5381674.0
1700490600,189.88999938964844,191.66900634765625,189.8800048828125,190.71499633789062,10886688.0
1700494200,190.72000122070312,191.3699951171875,190.52999877929688,191.1649932861328,5212746.0
1700497800,191.1699981689453,191.5500030517578,191.08999633789062,191.22999572753906,3453437.0
1700501400,191.25,191.8000030517578,191.0800018310547,191.625,4827400.0
1700505000,191.6199951171875,191.77000427246094,191.3300018310547,191.5198974609375,3173051.0
1700508600,191.50999450683594,191.90499877929688,191.5,191.875,3980122.0
1700512200,191.875,191.875,191.16000366210938,191.49099731445312,5319166.0
1700577000,191.41000366210938,191.52000427246094,190.27000427246094,190.34750366210938,8992766.0
1700580600,190.35000610351562,190.47000122070312,189.74000549316406,189.94200134277344,5681421.0
1700584200,189.94000244140625,190.32000732421875,189.8300018310547,190.27499389648438,3359800.0
1700587800,190.27699279785156,190.60000610351562,190.0399932861328,190.1199951171875,3112369.0
1700591400,190.1199951171875,190.61500549316406,190.0850067138672,190.3800048828125,2874142.0
1700595000,190.38279724121094,190.7100067138672,190.2899932861328,190.64999389648438,3442863.0
1700598600,190.64500427246094,190.72999572753906,190.2899932861328,190.66000366210938,5535871.0
1700663400,192.36000061035156,192.92999267578125,191.42999267578125,191.93150329589844,11546645.0
1700667000,191.9499969482422,192.3699951171875,191.38999938964844,191.66000366210938,4786188.0
1700670600,191.66000366210938,191.9600067138672,191.47999572753906,191.9149932861328,3340080.0
1700674200,191.9149932861328,192.08999633789062,191.63999938964844,192.0050048828125,3467320.0
1700677800,192.00999450683594,192.03030395507812,191.49000549316406,191.63499450683594,3409564.0
1700681400,191.63999938964844,191.63999938964844,190.8249969482422,191.5124969482422,3992146.0
1700685000,191.52000427246094,191.6999969482422,191.22000122070312,191.3000030517578,3537662.0
1700836200,190.8699951171875,190.89999389648438,189.3000030517578,189.4600067138672,7873135.0
1700839800,189.47000122070312,189.6699981689453,189.25,189.61000061035156,4853829.0
1700843400,189.60000610351562,189.7888946533203,189.35000610351562,189.5399932861328,3827135.0
1701095400,190.25070190429688,190.29989624023438,188.89999389648438,189.05999755859375,8344466.0
1701099000,189.07000732421875,189.5,189.00999450683594,189.4949951171875,3959357.0
1701102600,189.49000549316406,190.50999450683594,189.44000244140625,190.3699951171875,4866435.0
1701106200,190.37899780273438,190.6699981689453,190.25579833984375,190.36500549316406,2958636.0
1701109800,190.36500549316406,190.36500549316406,189.9499969482422,190.07000732421875,2711904.0
1701113400,190.0749969482422,190.0749969482422,189.52000427246094,189.83999633789062,3148374.0
1701117000,189.85000610351562,190.05999755859375,189.60499572753906,189.77000427246094,4637560.0
1701181800,189.77999877929688,190.27000427246094,189.39999389648438,189.97999572753906,7575785.0
1701185400,189.98129272460938,190.61000061035156,189.94000244140625,190.5850067138672,4971867.0
1701189000,190.5800018310547,191.0800018310547,190.49000549316406,190.52000427246094,3957042.0
1701192600,190.51010131835938,190.52000427246094,189.75999450683594,189.9700927734375,3610946.0
1701196200,189.97500610351562,190.1199951171875,189.66000366210938,189.81399536132812,3305993.0
1701199800,189.80999755859375,190.11000061035156,189.5850067138672,189.8300018310547,3364115.0
1701203400,189.82000732421875,190.39999389648438,189.77999877929688,190.38999938964844,4808968.0
1701268200,190.89999389648438,192.08999633789062,190.60000610351562,190.8800048828125,9347732.0
1701271800,190.88999938964844,191.0749969482422,190.0500030517578,190.09739685058594,4753727.0
1701275400,190.10000610351562,190.27499389648438,189.52000427246094,189.89999389648438,4186819.0
1701279000,189.88999938964844,189.92999267578125,189.27999877929688,189.50030517578125,2949200.0
1701282600,189.5050048828125,189.50999450683594,189.17999267578125,189.2635040283203,2911454.0
1701286200,189.26499938964844,189.40499877929688,189.00999450683594,189.01499938964844,3344970.0
1701289800,189.00999450683594,189.44500732421875,188.97000122070312,189.35499572753906,4438836.0
1701354600,189.83999633789062,190.32000732421875,188.66000366210938,188.82589721679688,8749839.0
1701358200,188.8300018310547,188.99000549316406,188.33999633789062,188.47999572753906,4576249.0
1701361800,188.47999572753906,188.61000061035156,188.19000244140625,188.35000610351562,3433969.0
1701365400,188.35000610351562,188.75950622558594,188.27000427246094,188.3300018310547,2774969.0
1701369000,188.3350067138672,188.8300018310547,188.2899932861328,188.7899932861328,2750590.0
1701372600,188.78799438476562,189.2100067138672,188.63999938964844,188.77999877929688,3353372.0
1701376200,188.76499938964844,190.1999969482422,188.75999450683594,189.97999572753906,7329917.0
1701441000,190.3300018310547,190.5,189.22999572753906,190.05999755859375,8588385.0
1701444600,190.05999755859375,190.99000549316406,189.9199981689453,190.83009338378906,5955415.0
1701448200,190.83999633789062,191.4501953125,190.60000610351562,191.44500732421875,5188633.0
1701451800,191.44000244140625,191.55999755859375,191.0399932861328,191.05999755859375,3380700.0
1701455400,191.0500030517578,191.2899932861328,190.82009887695312,191.27870178222656,3259102.0
1701459000,191.27999877929688,191.33999633789062,190.9199981689453,191.1199951171875,3998274.0
1701462600,191.12240600585938,191.3800048828125,190.88160705566406,191.25999450683594,5182498.0
1701700200,189.8249969482422,190.0,188.08999633789062,188.16000366210938,10608539.0
1701703800,188.16000366210938,188.27999877929688,187.4510955810547,187.97000122070312,6707290.0
1701707400,187.9600067138672,188.57000732421875,187.8350067138672,188.45419311523438,3813425.0
1701711000,188.4600067138672,188.80999755859375,188.4199981689453,188.54989624023438,2820690.0
1701714600,188.5449981689453,188.96499633789062,188.49000549316406,188.85000610351562,2892130.0
1701718200,188.83999633789062,189.1300048828125,188.72000122070312,189.05999755859375,3402787.0
1701721800,189.06500244140625,189.66000366210938,188.97999572753906,189.4499969482422,5548831.0
1701786600,190.2100067138672,194.30999755859375,190.17999267578125,193.58999633789062,22073030.0
1701790200,193.5845947265625,194.39999389648438,193.47000122070312,193.55999755859375,8331133.0
1701793800,193.55999755859375,193.8000030517578,192.6199951171875,193.75999450683594,6074350.0
1701797400,193.77000427246094,193.8300018310547,192.9499969482422,193.13999938964844,4164417.0
1701801000,193.14500427246094,193.30999755859375,192.75,192.99000549316406,5223621.0
1701804600,193.0,193.47000122070312,192.77000427246094,193.1916961669922,4787623.0
1701808200,193.19500732421875,193.5399932861328,192.8699951171875,193.5,6418486.0
1701873000,194.4499969482422,194.75999450683594,192.2050018310547,192.4199981689453,11260893.0
1701876600,192.4199981689453,193.33999633789062,192.360107421875,193.09500122070312,4374474.0
1701880200,193.10000610351562,193.1300048828125,192.47000122070312,192.8300018310547,3252326.0
1701883800,192.83999633789062,192.97999572753906,192.3699951171875,192.90589904785156,3389634.0
1701887400,192.91000366210938,193.23500061035156,192.74000549316406,192.77999877929688,2713794.0
1701891000,192.77999877929688,193.0500030517578,192.33999633789062,192.42599487304688,3147189.0
1701894600,192.42999267578125,192.55999755859375,192.11000061035156,192.30999755859375,5184527.0
1701959400,193.6300048828125,194.9199981689453,193.58999633789062,194.72500610351562,11958910.0
1701963000,194.72500610351562,194.97999572753906,194.02000427246094,194.3000030517578,5216520.0
1701966600,194.2899932861328,195.0,194.21499633789062,194.94000244140625,4611066.0
1701970200,194.94000244140625,194.97000122070312,194.31309509277344,194.42999267578125,4481336.0
1701973800,194.42999267578125,194.52999877929688,194.1699981689453,194.47000122070312,3233037.0
1701977400,194.47000122070312,194.47500610351562,194.1199951171875,194.1699981689453,3026122.0
1701981000,194.1699981689453,194.35000610351562,194.00999450683594,194.24000549316406,4479168.0
1702045800,194.1999969482422,195.0,193.6699981689453,194.64990234375,11185810.0
1702049400,194.64999389648438,195.0,194.17999267578125,194.75999450683594,5158425.0
1702053000,194.75999450683594,195.19000244140625,194.27099609375,195.10000610351562,5398492.0
1702056600,195.09930419921875,195.36000061035156,194.9199981689453,195.24000549316406,4520094.0
1702060200,195.24000549316406,195.72000122070312,195.15499877929688,195.71499633789062,3904469.0
1702063800,195.71499633789062,195.97999572753906,195.41000366210938,195.74000549316406,5640599.0
1702067400,195.73500061035156,195.99000549316406,195.6199951171875,195.72000122070312,5190666.0
1702305000,193.218994140625,193.41000366210938,192.02000427246094,192.11000061035156,18453650.0
1702308600,192.1199951171875,192.42999267578125,191.4199981689453,191.80999755859375,9504078.0
1702312200,191.80999755859375,192.38999938964844,191.49000549316406,192.10000610351562,4471150.0
1702315800,192.10989379882812,192.58999633789062,192.05999755859375,192.4550018310547,3798928.0
1702319400,192.47000122070312,192.97000122070312,192.47000122070312,192.7917938232422,3897170.0
1702323000,192.7949981689453,193.125,192.75,192.8699951171875,4731090.0
1702326600,192.8699951171875,193.30999755859375,192.8300018310547,193.17999267578125,5215874.0
1702391400,193.0800018310547,193.38999938964844,191.7209930419922,192.8350067138672,11344243.0
1702395000,192.83999633789062,193.6199951171875,192.7550048828125,193.24000549316406,5934316.0
1702398600,193.25,193.49989318847656,193.07000732421875,193.46580505371094,3481895.0
1702402200,193.47999572753906,193.80999755859375,193.25999450683594,193.66000366210938,4224679.0
1702405800,193.6699981689453,194.3300018310547,193.6300048828125,194.22000122070312,4270270.0
1702409400,194.22000122070312,194.55999755859375,194.14500427246094,194.38499450683594,4304737.0
1702413000,194.3800048828125,194.72000122070312,194.2100067138672,194.6699981689453,5381974.0
1702477800,195.08999633789062,196.6300048828125,194.85000610351562,196.5200958251953,12404139.0
1702481400,196.52499389648438,196.73809814453125,195.64999389648438,195.9600067138672,6786044.0
1702485000,195.96499633789062,196.27999877929688,195.69500732421875,195.77000427246094,4074995.0
1702488600,195.76629638671875,196.6199951171875,195.47999572753906,196.55499267578125,4814751.0
1702492200,196.55499267578125,197.4499969482422,196.42999267578125,197.29750061035156,9131091.0
1702495800,197.2949981689453,198.0,196.57000732421875,196.97500610351562,10813120.0
1702499400,196.97500610351562,197.88999938964844,196.6699981689453,197.8699951171875,8132395.0
1702564200,198.67999267578125,199.6199951171875,198.58999633789062,198.7899932861328,18480165.0
1702567800,198.8000030517578,199.38499450683594,198.14500427246094,198.36000061035156,9432288.0
1702571400,198.35499572753906,198.55999755859375,197.58999633789062,198.39999389648438,5791822.0
1702575000,198.38999938964844,198.55999755859375,196.71499633789062,196.85499572753906,5584658.0
1702578600,196.85000610351562,197.89999389648438,196.16000366210938,197.89500427246094,4865005.0
1702582200,197.89500427246094,198.07989501953125,197.23500061035156,197.91009521484375,5349291.0
1702585800,197.91000366210938,198.16000366210938,197.55999755859375,198.13999938964844,7132229.0
1702650600,197.75,198.39990234375,197.0800018310547,198.02999877929688,27708449.0
1702654200,198.0399932861328,198.15899658203125,197.35000610351562,197.625,6069219.0
1702657800,197.6300048828125,198.02000427246094,197.53500366210938,197.72999572753906,4016473.0
1702661400,197.74000549316406,197.74000549316406,197.10000610351562,197.375,4909415.0
1702665000,197.3800048828125,197.6649932861328,197.02000427246094,197.27000427246094,4612469.0
1702668600,197.2908935546875,198.08999633789062,197.27999877929688,197.99000549316406,3896083.0
1702672200,197.99400329589844,198.1999969482422,197.0,197.1199951171875,9086193.0
1702909800,196.08999633789062,196.6300048828125,194.41000366210938,195.36500549316406,16633548.0
1702913400,195.36000061035156,195.52499389648438,194.6199951171875,194.92999267578125,6011735.0
1702917000,194.92999267578125,195.35000610351562,194.69500732421875,195.25010681152344,4447711.0
1702920600,195.25,196.16329956054688,195.15499877929688,196.14500427246094,3772276.0
1702924200,196.14999389648438,196.47999572753906,195.9949951171875,196.20989990234375,3900936.0
1702927800,196.2100067138672,196.4499969482422,196.10000610351562,196.1999969482422,3915676.0
1702931400,196.2100067138672,196.44000244140625,195.77999877929688,195.8623046875,5129751.0
1702996200,196.16000366210938,196.65499877929688,195.88999938964844,196.5399932861328,9236022.0
1702999800,196.5500030517578,196.9499969482422,196.27749633789062,196.60000610351562,4831194.0
1703003400,196.59500122070312,196.74000549316406,195.97000122070312,196.22999572753906,3463432.0
1703007000,196.22999572753906,196.3300018310547,195.97000122070312,196.2449951171875,2379955.0
1703010600,196.25,196.2899932861328,195.99000549316406,196.07000732421875,2263009.0
1703014200,196.0800018310547,196.47000122070312,195.97999572753906,196.4499969482422,2992125.0
1703017800,196.4499969482422,196.9499969482422,196.3249969482422,196.92999267578125,4003318.0
1703082600,196.92999267578125,197.67999267578125,196.69000244140625,197.38499450683594,9234134.0
1703086200,197.38499450683594,197.59500122070312,197.13999938964844,197.22999572753906,4183100.0
1703089800,197.22999572753906,197.44000244140625,197.00999450683594,197.35830688476562,3204045.0
1703093400,197.35000610351562,197.45260620117188,197.2230987548828,197.39999389648438,2564829.0
1703097000,197.41000366210938,197.57000732421875,197.11500549316406,197.18499755859375,3246347.0
1703100600,197.19000244140625,197.23500061035156,195.16000366210938,195.1999969482422,8708764.0
1703104200,195.2100067138672,195.75,194.83999633789062,194.83999633789062,7046047.0
1703169000,196.10000610351562,197.0800018310547,194.82000732421875,195.12969970703125,9854488.0
1703172600,195.1300048828125,195.1999969482422,194.2899932861328,194.86000061035156,5694052.0
1703176200,194.86000061035156,194.97000122070312,193.91000366210938,194.0399932861328,4574715.0
1703179800,194.0500030517578,194.25999450683594,193.5,194.05999755859375,4316193.0
1703183400,194.07000732421875,194.24000549316406,193.77000427246094,194.0,3625960.0
1703187000,193.9949951171875,194.4199981689453,193.75999450683594,194.4051055908203,4415883.0
1703190600,194.41000366210938,194.97999572753906,194.3321075439453,194.67999267578125,5015136.0
1703255400,195.17999267578125,195.41000366210938,194.4250030517578,194.6649932861328,7689027.0
1703259000,194.6649932861328,194.74119567871094,194.00999450683594,194.1750030517578,4730474.0
1703262600,194.1699981689453,194.35000610351562,193.83999633789062,194.0500030517578,3433322.0
1703266200,194.05999755859375,194.4600067138672,193.9499969482422,194.1300048828125,3020351.0
1703269800,194.125,194.2949981689453,193.0800018310547,193.1195068359375,3592914.0
1703273400,193.11500549316406,193.97999572753906,192.97000122070312,193.97999572753906,4274216.0
1703277000,193.97500610351562,193.99000549316406,193.48500061035156,193.52999877929688,4377805.0
1703601000,193.61000061035156,193.88999938964844,192.88999938964844,193.07000732421875,6773942.0
1703604600,193.0749969482422,193.44000244140625,192.88999938964844,192.96499633789062,3334201.0
1703608200,192.96499633789062,193.3000030517578,192.9600067138672,193.09500122070312,2510474.0
1703611800,193.09500122070312,193.36000061035156,193.02999877929688,193.13999938964844,2356084.0
1703615400,193.14500427246094,193.16000366210938,192.8300018310547,193.0800018310547,2499981.0
1703619000,193.08999633789062,193.4600067138672,192.9600067138672,193.41209411621094,2934413.0
1703622600,193.4199981689453,193.49000549316406,192.9199981689453,193.0399932861328,3715355.0
1703687400,192.49000549316406,192.89720153808594,191.44500732421875,191.6385040283203,8800358.0
1703691000,191.63499450683594,191.77499389648438,191.08999633789062,191.68040466308594,5823979.0
1703694600,191.67999267578125,192.52999877929688,191.5500030517578,192.47999572753906,5827388.0
1703698200,192.47500610351562,193.14999389648438,192.4600067138672,192.9759979248047,5731943.0
1703701800,192.97900390625,193.5,192.77999877929688,193.14999389648438,4552245.0
1703705400,193.1699981689453,193.24000549316406,192.75999450683594,192.92999267578125,3255762.0
1703709000,192.92999267578125,193.22000122070312,192.72999572753906,193.1699981689453,5694099.0
1703773800,194.13999938964844,194.66000366210938,193.72999572753906,194.2490997314453,8051158.0
1703777400,194.25,194.47999572753906,193.88999938964844,194.0500030517578,4231835.0
1703781000,194.05499267578125,194.42999267578125,193.99000549316406,194.16000366210938,2553278.0
1703784600,194.1649932861328,194.19000244140625,193.5800018310547,193.6999969482422,3732168.0
1703788200,193.6999969482422,194.07000732421875,193.6699981689453,194.01499938964844,2478139.0
1703791800,194.01499938964844,194.08999633789062,193.5500030517578,193.6750030517578,3023980.0
1703795400,193.6699981689453,193.8596954345703,193.1699981689453,193.5800018310547,5075432.0
1703860200,193.89999389648438,194.39999389648438,193.22030639648438,193.50999450683594,5115085.0
1703863800,193.50999450683594,193.5500030517578,191.90989685058594,191.9600067138672,4269845.0
1703867400,191.96499633789062,192.47999572753906,191.72500610351562,191.89999389648438,4320986.0
1703871000,191.90499877929688,192.22999572753906,191.77999877929688,191.89999389648438,3916853.0
1703874600,191.90499877929688,192.4499969482422,191.89999389648438,192.1199951171875,2809737.0
1703878200,192.11500549316406,192.72999572753906,192.11000061035156,192.67999267578125,4109754.0
1703881800,192.6750030517578,193.1300048828125,192.02000427246094,192.52000427246094,7753795.0
1704205800,187.80099487304688,188.44000244140625,186.00999450683594,186.1898956298828,21173291.0
1704209400,186.17999267578125,186.90499877929688,185.18429565429688,186.80499267578125,9010595.0
1704213000,186.8000030517578,187.35000610351562,186.57000732421875,186.61500549316406,6143754.0
1704216600,186.61500549316406,187.0399932861328,185.25999450683594,185.2949981689453,5381701.0
1704220200,185.2899932861328,185.5399932861328,184.22999572753906,184.4949951171875,7228643.0
1704223800,184.49000549316406,184.67999267578125,183.88499450683594,184.4199981689453,8238940.0
1704227400,184.4199981689453,185.63999938964844,184.4149932861328,185.52499389648438,9447841.0
1704292200,184.66799926757812,185.8800048828125,183.6300048828125,183.9586944580078,15935130.0
1704295800,183.9550018310547,184.27000427246094,183.4499969482422,184.1999969482422,7040280.0
1704299400,184.19000244140625,184.3800048828125,183.42999267578125,183.92999267578125,5295920.0
1704303000,183.92709350585938,184.5500030517578,183.85169982910156,184.4730987548828,3968490.0
1704306600,184.47500610351562,184.82000732421875,183.80499267578125,184.74000549316406,4500805.0
1704310200,184.74949645996094,184.94000244140625,184.21009826660156,184.38999938964844,4256338.0
1704313800,184.38999938964844,184.52000427246094,183.75,184.25,5053608.0
1704378600,182.14999389648438,183.0872039794922,181.22760009765625,181.67999267578125,16075231.0
1704382200,181.6699981689453,182.35499572753906,180.8800048828125,182.125,10313237.0
1704385800,182.1269989013672,182.44000244140625,181.32000732421875,182.13999938964844,7509793.0
1704389400,182.1300048828125,182.99000549316406,181.9600067138672,182.9149932861328,4961844.0
1704393000,182.91000366210938,183.07000732421875,182.4199981689453,182.5,4172442.0
1704396600,182.5,182.66000366210938,181.87210083007812,181.94009399414062,6011068.0
1704400200,181.94500732421875,182.4149932861328,181.42999267578125,181.9199981689453,7594098.0
1704465000,181.99000549316406,182.75999450683594,181.52000427246094,182.07000732421875,13194900.0
1704468600,182.06629943847656,182.74000549316406,181.96499633789062,182.0876007080078,5524889.0
1704472200,182.0800018310547,182.22500610351562,181.32000732421875,181.36500549316406,4494198.0
1704475800,181.36000061035156,181.86000061035156,181.2100067138672,181.74000549316406,4262774.0
1704479400,181.7449951171875,182.22999572753906,180.4199981689453,181.1199951171875,9901415.0
1704483000,181.11000061035156,181.38999938964844,180.1699981689453,180.27999877929688,7993182.0
1704486600,180.2799072265625,181.25999450683594,180.23809814453125,181.1699981689453,6775472.0
1704724200,182.0850067138672,183.88499450683594,181.5,183.80999755859375,13311025.0
1704727800,183.82000732421875,183.8800048828125,183.2100067138672,183.2449951171875,5198974.0
1704731400,183.2449951171875,184.57000732421875,183.23500061035156,183.99009704589844,5720535.0
1704735000,184.0,184.47000122070312,183.9600067138672,184.11500549316406,4151910.0
1704738600,184.1199951171875,184.875,184.0500030517578,184.83250427246094,3724042.0
1704742200,184.83999633789062,185.4199981689453,184.6999969482422,185.22000122070312,5370765.0
1704745800,185.21499633789062,185.60000610351562,184.91000366210938,185.5500030517578,6759299.0
1704810600,183.9199981689453,184.22999572753906,182.72999572753906,183.52499389648438,10523629.0
1704814200,183.52999877929688,184.25999450683594,183.2100067138672,184.22999572753906,4602813.0
1704817800,184.22999572753906,184.8300018310547,184.14999389648438,184.44000244140625,3908469.0
1704821400,184.44000244140625,184.9199981689453,184.38999938964844,184.39999389648438,2818553.0
1704825000,184.39999389648438,184.72999572753906,184.0399932861328,184.31500244140625,3180445.0
1704828600,184.3101043701172,184.89999389648438,184.30020141601562,184.77000427246094,3646429.0
1704832200,184.77999877929688,185.14999389648438,184.41000366210938,185.11000061035156,6123108.0
1704897000,184.35000610351562,184.9600067138672,183.9199981689453,184.5500030517578,8558186.0
1704900600,184.5449981689453,185.00999450683594,184.22250366210938,184.50999450683594,5574178.0
1704904200,184.51499938964844,184.5500030517578,184.0500030517578,184.27000427246094,3427864.0
1704907800,184.27000427246094,184.5749969482422,184.0800018310547,184.375,3133102.0
1704911400,184.3800048828125,185.67999267578125,184.35499572753906,185.625,3976057.0
1704915000,185.6300048828125,186.39999389648438,185.6199951171875,185.8249969482422,7533201.0
1704918600,185.8300018310547,186.27000427246094,185.27000427246094,186.13999938964844,5937690.0
1704983400,186.5399932861328,187.0500030517578,183.6199951171875,184.3699951171875,13337967.0
1704987000,184.36500549316406,184.8800048828125,183.8350067138672,184.19000244140625,5619114.0
1704990600,184.18499755859375,184.4499969482422,183.8350067138672,184.0500030517578,3849444.0
1704994200,184.0749969482422,184.77720642089844,184.0749969482422,184.65499877929688,4000614.0
1704997800,184.6699981689453,185.5399932861328,184.55999755859375,185.51499938964844,3924789.0
1705001400,185.52000427246094,185.6999969482422,184.7550048828125,185.3699951171875,4502053.0
1705005000,185.3699951171875,185.77000427246094,185.32000732421875,185.5800018310547,5030776.0
1705069800,186.05999755859375,186.74000549316406,185.48500061035156,185.7899932861328,8367726.0
1705073400,185.8000030517578,186.05999755859375,185.19000244140625,185.875,4645419.0
1705077000,185.875,185.9250030517578,185.38999938964844,185.6199951171875,3521446.0
1705080600,185.61500549316406,185.83999633789062,185.42999267578125,185.79379272460938,2308362.0
1705084200,185.8000030517578,186.06689453125,185.60000610351562,185.61000061035156,2732716.0
1705087800,185.60330200195312,185.61000061035156,185.22000122070312,185.51499938964844,3823230.0
1705091400,185.52000427246094,185.97999572753906,185.4658966064453,185.9199981689453,4865441.0
1705415400,182.5,182.85000610351562,180.9340057373047,182.75999450683594,16725135.0
1705419000,182.77000427246094,184.25999450683594,182.52000427246094,183.9499969482422,11408997.0
1705422600,183.9600067138672,184.16000366210938,182.3800048828125,182.4149932861328,5404103.0
1705426200,182.4199981689453,182.92999267578125,182.2100067138672,182.73500061035156,4292807.0
1705429800,182.75,182.9499053955078,182.13999938964844,182.45860290527344,6561011.0
1705433400,182.4550018310547,183.25999450683594,182.27000427246094,183.1699981689453,4502430.0
1705437000,183.17999267578125,183.6300048828125,183.13499450683594,183.61000061035156,4776796.0
1705501800,181.27000427246094,181.83999633789062,180.3000030517578,181.6999969482422,12537805.0
1705505400,181.68499755859375,182.06500244140625,181.3000030517578,181.80499267578125,5778219.0
1705509000,181.80999755859375,182.3300018310547,181.48800659179688,182.1199951171875,4248713.0
1705512600,182.1199951171875,182.53500366210938,181.8300018310547,182.1199951171875,3345645.0
1705516200,182.11500549316406,182.5500030517578,181.3699951171875,182.5355987548828,5569336.0
1705519800,182.5377960205078,182.6800994873047,182.0500946044922,182.20550537109375,4778525.0
1705523400,182.2050018310547,182.92999267578125,182.17999267578125,182.66000366210938,4353739.0
1705588200,186.08999633789062,187.64999389648438,185.8300018310547,187.45010375976562,19756876.0
1705591800,187.4600067138672,188.9600067138672,187.27000427246094,188.77000427246094,11697457.0
1705595400,188.76499938964844,188.77999877929688,187.67999267578125,187.92999267578125,8302899.0
1705599000,187.92999267578125,187.92999267578125,186.75010681152344,186.9250030517578,5973240.0
1705602600,186.92999267578125,188.9499969482422,186.9199981689453,188.92449951171875,6516026.0
1705606200,188.9250030517578,189.13999938964844,188.7050018310547,188.95989990234375,7066159.0
1705609800,188.9600067138672,188.99000549316406,188.50999450683594,188.72999572753906,6982801.0
1705674600,189.3300018310547,189.96499633789062,188.82000732421875,189.94009399414062,16382763.0
1705678200,189.94000244140625,190.16000366210938,189.5800018310547,189.91000366210938,7573154.0
1705681800,189.89999389648438,190.42999267578125,189.33009338378906,190.31500244140625,5987140.0
1705685400,190.32000732421875,190.99000549316406,190.27999877929688,190.93499755859375,7184895.0
1705689000,190.9344940185547,191.9499969482422,190.9250030517578,191.47000122070312,6850175.0
1705692600,191.47999572753906,191.74000549316406,191.1699981689453,191.43499755859375,6438261.0
1705696200,191.43429565429688,191.82000732421875,191.32000732421875,191.5800018310547,5716572.0
1705933800,192.42999267578125,194.9499969482422,192.42999267578125,194.75,14810964.0
1705937400,194.77000427246094,195.3300018310547,193.14999389648438,193.77999877929688,10776514.0
1705941000,193.7899932861328,193.85499572753906,193.02999877929688,193.66749572753906,5000034.0
1705944600,193.66319274902344,194.13999938964844,193.50999450683594,193.75729370117188,5093193.0
1705948200,193.75999450683594,194.5,193.7449951171875,194.3800048828125,4701837.0
1705951800,194.38999938964844,194.57000732421875,193.7050018310547,193.9001007080078,4425371.0
1705955400,193.89999389648438,193.9199981689453,193.4600067138672,193.8699951171875,4882197.0
1706020200,195.02000427246094,195.75,193.82989501953125,194.19500732421875,10604009.0
1706023800,194.1999969482422,194.57000732421875,194.0,194.32000732421875,5112775.0
1706027400,194.32000732421875,194.77999877929688,194.20010375976562,194.6649932861328,3643345.0
1706031000,194.6699981689453,195.24000549316406,194.4949951171875,195.05499267578125,3772811.0
1706034600,195.0500030517578,195.14999389648438,194.57000732421875,194.73399353027344,3816695.0
1706038200,194.64500427246094,195.19000244140625,194.57000732421875,194.8350067138672,4587060.0
1706041800,194.8350067138672,195.25,194.65989685058594,195.16000366210938,5178142.0
1706106600,195.4199981689453,196.3800048828125,194.66000366210938,196.0,11411670.0
1706110200,195.99009704589844,196.33999633789062,195.27000427246094,195.39999389648438,6599536.0
1706113800,195.41000366210938,195.89999389648438,195.34500122070312,195.75,6119557.0
1706117400,195.75270080566406,196.0800018310547,195.21499633789062,195.65499877929688,5360074.0
1706121000,195.66000366210938,195.66009521484375,194.69000244140625,194.80999755859375,4601531.0
1706124600,194.80999755859375,195.21820068359375,194.5500030517578,194.6566925048828,4745911.0
1706128200,194.65989685058594,195.10000610351562,194.33999633789062,194.50999450683594,4950346.0
1706193000,195.30499267578125,195.58999633789062,194.6300048828125,195.35499572753906,9104188.0
1706196600,195.36000061035156,195.8699951171875,195.13999938964844,195.83999633789062,6222253.0
1706200200,195.83999633789062,196.2675018310547,195.52999877929688,195.74000549316406,5865883.0
1706203800,195.75,195.9573974609375,194.10000610351562,194.7100067138672,7792813.0
1706207400,194.7050018310547,194.93499755859375,193.75169372558594,193.91110229492188,5786472.0
1706211000,193.9149932861328,194.1300048828125,193.1125030517578,193.85350036621094,5204479.0
1706214600,193.85499572753906,194.30999755859375,193.75999450683594,194.19000244140625,5031642.0
1706279400,194.27000427246094,194.75999450683594,193.75,194.68499755859375,8196843.0
1706283000,194.69000244140625,194.7449951171875,194.36000061035156,194.38999938964844,3865162.0
1706286600,194.39999389648438,194.47500610351562,193.60000610351562,193.72000122070312,3732100.0
1706290200,193.70010375976562,193.7100067138672,192.27000427246094,192.66000366210938,6154152.0
1706293800,192.66000366210938,192.72999572753906,192.27000427246094,192.47509765625,3375089.0
1706297400,192.47999572753906,192.97500610351562,192.33999633789062,192.4250030517578,3467304.0
1706301000,192.4250030517578,192.58999633789062,191.94000244140625,192.3699951171875,6951830.0
1706538600,192.00999450683594,192.17799377441406,189.5800018310547,190.8699951171875,11790966.0
1706542200,190.8699951171875,191.14999389648438,190.40499877929688,190.69000244140625,4793101.0
1706545800,190.68499755859375,191.13890075683594,190.39999389648438,191.02999877929688,4112191.0
1706549400,191.03500366210938,191.2899932861328,190.77999877929688,191.25,2704473.0
1706553000,191.25999450683594,191.6199951171875,191.2100067138672,191.53500366210938,3065266.0
1706556600,191.5355987548828,192.1999969482422,191.27999877929688,191.93499755859375,5766967.0
1706560200,191.93499755859375,192.10499572753906,191.38999938964844,191.77999877929688,5062975.0
1706625000,190.94000244140625,191.8000030517578,189.4600067138672,189.9499969482422,10879513.0
1706628600,189.92999267578125,190.25,187.86500549316406,188.6531982421875,12493978.0
1706632200,188.65499877929688,188.94000244140625,188.22999572753906,188.41000366210938,4796471.0
1706635800,188.39999389648438,188.57000732421875,187.67999267578125,188.56399536132812,4738358.0
1706639400,188.55999755859375,188.639892578125,187.47000122070312,187.84500122070312,4840030.0
1706643000,187.84500122070312,188.27999877929688,187.77000427246094,188.07000732421875,4500321.0
1706646600,188.06500244140625,188.13999938964844,187.8000030517578,187.97999572753906,5122448.0
1706711400,187.0399932861328,187.09500122070312,184.7899932861328,185.01499938964844,12426052.0
1706715000,185.02000427246094,185.8699951171875,184.89999389648438,185.7198944091797,5060007.0
1706718600,185.72000122070312,186.11000061035156,185.4199981689453,186.08999633789062,3731068.0
1706722200,186.0800018310547,186.44000244140625,185.8332977294922,186.16000366210938,3297036.0
1706725800,186.1699981689453,186.52999877929688,185.25999450683594,185.6699981689453,4331208.0
1706729400,185.6699981689453,186.94000244140625,185.03500366210938,185.52000427246094,6707892.0
1706733000,185.52000427246094,185.5886993408203,184.35000610351562,184.36000061035156,6428646.0
1706797800,184.25,186.17999267578125,183.9600067138672,186.10499572753906,12493823.0
1706801400,186.1199951171875,186.30999755859375,185.2899932861328,185.39500427246094,5815982.0
1706805000,185.38999938964844,186.2949981689453,185.36000061035156,185.88999938964844,4622455.0
1706808600,185.88999938964844,186.44000244140625,185.57000732421875,185.72999572753906,4421852.0
1706812200,185.74000549316406,186.15499877929688,185.25999450683594,185.97500610351562,4416220.0
1706815800,185.9799041748047,186.8000030517578,185.881103515625,186.66000366210938,5947190.0
1706819400,186.64999389648438,186.9499969482422,186.36000061035156,186.88999938964844,6843756.0
1706884200,180.4499969482422,184.1699981689453,180.0500030517578,183.31500244140625,35096943.0
1706887800,183.3300018310547,187.3300018310547,183.16000366210938,187.0,15943080.0
1706891400,187.00999450683594,187.10000610351562,185.8300018310547,187.02090454101562,8987019.0
1706895000,187.02999877929688,187.1199951171875,184.85400390625,186.03500366210938,8500269.0
1706898600,186.0399932861328,186.24000549316406,185.58999633789062,186.0800018310547,5735681.0
1706902200,186.08999633789062,187.07000732421875,186.0800018310547,186.72999572753906,7311261.0
1706905800,186.73500061035156,186.88999938964844,185.8300018310547,185.83999633789062,7701037.0
1707143400,187.125,188.36000061035156,185.83999633789062,186.6999969482422,21074171.0
1707147000,186.6699981689453,187.75999450683594,186.11000061035156,187.25,7579937.0
1707150600,187.25,188.49000549316406,187.2301025390625,188.42999267578125,6730072.0
1707154200,188.42999267578125,189.25,188.4199981689453,188.54010009765625,7252942.0
1707157800,188.54010009765625,189.02000427246094,188.38499450683594,188.46499633789062,4527382.0
1707161400,188.48699951171875,188.83999633789062,188.02999877929688,188.35000610351562,6093208.0
1707165000,188.33999633789062,188.4199981689453,187.63999938964844,187.6699981689453,5767234.0
1707229800,186.86000061035156,188.6300048828125,186.76950073242188,187.92999267578125,11081527.0
1707233400,187.91000366210938,188.86000061035156,187.27000427246094,188.81500244140625,6268747.0
1707237000,188.82000732421875,189.13999938964844,188.41000366210938,188.83999633789062,4757028.0
1707240600,188.83999633789062,189.0,188.42999267578125,188.88999938964844,3663298.0
1707244200,188.89500427246094,188.94000244140625,188.36109924316406,188.44850158691406,2989009.0
1707247800,188.4499969482422,188.6383056640625,188.22999572753906,188.35499572753906,3103015.0
1707251400,188.36000061035156,189.30999755859375,188.1699981689453,189.2899932861328,4836714.0
1707316200,190.63999938964844,191.0500030517578,188.61000061035156,190.37100219726562,13070939.0
1707319800,190.3800048828125,190.39999389648438,188.80599975585938,189.0749969482422,6941625.0
1707323400,189.0749969482422,189.27000427246094,188.80999755859375,188.9949951171875,4142050.0
1707327000,189.0,189.1750030517578,188.64999389648438,189.1199951171875,4225096.0
1707330600,189.1300048828125,189.2949981689453,188.86000061035156,188.97340393066406,3634993.0
1707334200,188.97999572753906,189.41000366210938,188.88999938964844,189.1750030517578,4428203.0
1707337800,189.1750030517578,189.4199981689453,188.93499755859375,189.41000366210938,5356489.0
1707402600,189.38499450683594,189.53500366210938,187.77000427246094,187.79640197753906,9404735.0
1707406200,187.8000030517578,188.22000122070312,187.35000610351562,188.0050048828125,5999088.0
1707409800,187.99070739746094,188.7198944091797,187.93499755859375,188.6999969482422,3704042.0
1707413400,188.70899963378906,188.75,188.0,188.22999572753906,3684608.0
1707417000,188.22999572753906,188.35000610351562,187.99000549316406,188.02000427246094,2950677.0
1707420600,188.01499938964844,188.44500732421875,187.99000549316406,188.33999633789062,3130920.0
1707424200,188.35499572753906,188.4199981689453,188.07000732421875,188.33999633789062,4392367.0
1707489000,188.64999389648438,188.92999267578125,188.0,188.49000549316406,7269191.0
1707492600,188.49000549316406,189.86000061035156,188.39999389648438,189.58580017089844,7262095.0
1707496200,189.58839416503906,189.99000549316406,189.10009765625,189.33999633789062,5933174.0
1707499800,189.3350067138672,189.67999267578125,189.14999389648438,189.4700927734375,3946336.0
1707503400,189.47999572753906,189.52999877929688,188.6999969482422,188.85000610351562,3957939.0
1707507000,188.8406982421875,189.02999877929688,188.56500244140625,188.80999755859375,3908875.0
1707510600,188.80999755859375,188.91000366210938,188.57000732421875,188.82000732421875,4247081.0
1707748200,188.4149932861328,188.6699981689453,187.44000244140625,187.46859741210938,9188512.0
1707751800,187.47000122070312,188.05999755859375,187.38009643554688,187.99000549316406,5040878.0
1707755400,187.99000549316406,188.17999267578125,187.6999969482422,187.86500549316406,3034871.0
1707759000,187.8603057861328,188.3699951171875,187.86019897460938,187.97500610351562,3095209.0
1707762600,187.97500610351562,188.1096954345703,187.41000366210938,187.4499969482422,3735143.0
1707766200,187.44500732421875,187.5,186.7899932861328,187.11000061035156,3698293.0
1707769800,187.10890197753906,187.4499969482422,186.8800048828125,187.17999267578125,4927400.0
1707834600,185.77000427246094,186.2100067138672,184.17999267578125,185.47079467773438,13054284.0
1707838200,185.4799041748047,186.11990356445312,185.36000061035156,185.61000061035156,5752805.0
1707841800,185.59500122070312,185.73939514160156,185.25160217285156,185.47500610351562,3585593.0
1707845400,185.47999572753906,185.77000427246094,185.11000061035156,185.2949981689453,3022354.0
1707849000,185.2899932861328,185.3800048828125,184.19000244140625,184.28500366210938,4531260.0
1707852600,184.27999877929688,184.59500122070312,183.51280212402344,183.7299041748047,5652730.0
1707856200,183.72500610351562,185.1999969482422,183.69000244140625,185.02999877929688,7155981.0
1707921000,185.32000732421875,185.52999877929688,183.4199981689453,183.8000030517578,10773002.0
1707924600,183.80499267578125,183.9600067138672,182.80349731445312,183.49000549316406,7267868.0
1707928200,183.49000549316406,183.60000610351562,182.50999450683594,182.8000030517578,5070640.0
1707931800,182.8000030517578,182.92739868164062,182.44000244140625,182.57000732421875,4266603.0
1707935400,182.5800018310547,183.19000244140625,182.49000549316406,183.14999389648438,4242351.0
1707939000,183.16000366210938,183.55999755859375,182.80999755859375,183.52499389648438,4560865.0
1707942600,183.52999877929688,184.27000427246094,183.42449951171875,184.02000427246094,6170787.0
1708007400,183.5500030517578,184.0894012451172,181.35000610351562,181.8800048828125,15865879.0
1708011000,181.89999389648438,182.1199951171875,181.44000244140625,181.99000549316406,7072846.0
1708014600,182.0,182.24989318847656,181.55999755859375,182.02499389648438,4268275.0
1708018200,182.02999877929688,182.19500732421875,181.6649932861328,182.0500030517578,4337741.0
1708021800,182.0458984375,182.4600067138672,181.86000061035156,181.97889709472656,5128374.0
1708025400,181.97000122070312,182.64999389648438,181.74000549316406,182.38009643554688,5376205.0
1708029000,182.38690185546875,184.49000549316406,182.2100067138672,183.9499969482422,11866107.0
1708093800,183.75,184.85000610351562,181.86000061035156,182.5449981689453,14074668.0
1708097400,182.5500030517578,183.44729614257812,182.4199981689453,183.14999389648438,5935048.0
1708101000,183.15499877929688,183.2899932861328,182.72000122070312,182.94009399414062,3563098.0
1708104600,182.9499969482422,183.00999450683594,182.47999572753906,182.64999389648438,3133873.0
1708108200,182.65699768066406,183.17999267578125,182.48500061035156,183.14300537109375,3501742.0
1708111800,183.1488037109375,183.19749450683594,182.02999877929688,182.25599670410156,4414931.0
1708115400,182.25999450683594,182.30999755859375,181.6649932861328,182.2899932861328,5087964.0
1708439400,182.0,182.42999267578125,180.2449951171875,180.4600067138672,11558221.0
1708443000,180.4600067138672,181.1649932861328,180.0,181.125,6406312.0
1708446600,181.1300048828125,181.3699951171875,180.60000610351562,180.7449951171875,5338226.0
1708450200,180.7449951171875,180.9499969482422,180.44000244140625,180.50999450683594,3708310.0
1708453800,180.5050048828125,180.83999633789062,180.39999389648438,180.69000244140625,3193463.0
1708457400,180.69000244140625,181.4600067138672,180.47000122070312,181.38270568847656,3858975.0
1708461000,181.38999938964844,181.66000366210938,180.86000061035156,181.61000061035156,6301252.0
1708525800,181.60000610351562,182.8887939453125,181.55499267578125,182.55999755859375,9104336.0
1708529400,182.55999755859375,182.64999389648438,182.07000732421875,182.15499877929688,4359759.0
1708533000,182.14999389648438,182.3300018310547,181.36000061035156,181.38999938964844,3729837.0
1708536600,181.38999938964844,181.72500610351562,181.05999755859375,181.4199981689453,3311637.0
1708540200,181.42999267578125,181.52000427246094,180.66000366210938,180.9499969482422,3555971.0
1708543800,180.9499969482422,181.30499267578125,180.76499938964844,181.2050018310547,3885929.0
1708547400,181.2100067138672,182.38999938964844,181.2050018310547,182.3300018310547,4689099.0
1708612200,183.83999633789062,184.0399932861328,182.5240020751953,183.05499267578125,11857133.0
1708615800,183.05999755859375,183.2967987060547,182.4600067138672,183.03500366210938,4961137.0
1708619400,183.0399932861328,183.25999450683594,182.74000549316406,183.05999755859375,3670959.0
1708623000,183.07000732421875,184.11000061035156,183.0,184.0399932861328,4935398.0
1708626600,184.0500030517578,184.9499969482422,183.94000244140625,184.94000244140625,4540628.0
1708630200,184.94000244140625,184.9550018310547,184.38999938964844,184.55999755859375,5171492.0
1708633800,184.56739807128906,184.6199951171875,184.17999267578125,184.3699951171875,7964831.0
1708698600,185.00999450683594,185.0399932861328,183.2949981689453,183.3000030517578,8567439.0
1708702200,183.2949981689453,183.55599975585938,182.63999938964844,183.0590057373047,5717230.0
1708705800,183.05499267578125,183.11500549316406,182.39010620117188,182.55999755859375,4001601.0
1708709400,182.55499267578125,182.9600067138672,182.30999755859375,182.9550018310547,6905673.0
1708713000,182.9550018310547,182.97000122070312,182.4302978515625,182.47000122070312,2955884.0
1708716600,182.47999572753906,182.69500732421875,182.44000244140625,182.5850067138672,4028588.0
1708720200,182.58999633789062,182.82000732421875,182.22999572753906,182.50999450683594,5352894.0
1708957800,182.39999389648438,182.75999450683594,181.14840698242188,181.60220336914062,8939120.0
1708961400,181.61000061035156,181.85000610351562,180.74000549316406,180.94000244140625,5659166.0
1708965000,180.94000244140625,181.25999450683594,180.8350067138672,180.97000122070312,3653300.0
1708968600,180.9730987548828,181.3300018310547,180.64999389648438,180.98500061035156,3721259.0
1708972200,180.99000549316406,181.72999572753906,180.85000610351562,181.71200561523438,3813825.0
1708975800,181.7100067138672,181.77999877929688,181.25999450683594,181.3800048828125,3361670.0
1708979400,181.3800048828125,181.47000122070312,181.0749969482422,181.13999938964844,4001708.0
1709044200,181.25,181.6699981689453,180.3000030517578,181.1699981689453,8245225.0
1709047800,181.16009521484375,181.27000427246094,180.75999450683594,180.86279296875,3681857.0
1709051400,180.86000061035156,181.01010131835938,180.5500030517578,180.69000244140625,2764462.0
1709055000,180.68499755859375,180.7899932861328,180.04010009765625,180.06539916992188,3614103.0
1709058600,180.07000732421875,182.60000610351562,179.55999755859375,182.60000610351562,10154303.0
1709062200,182.597900390625,183.92250061035156,182.17999267578125,182.60499572753906,12441282.0
1709065800,182.60000610351562,182.75,182.27999877929688,182.6300048828125,6563443.0
1709130600,182.50999450683594,183.1199951171875,181.11000061035156,181.16000366210938,11442944.0
1709134200,181.16000366210938,181.76499938964844,180.9600067138672,181.60150146484375,5720266.0
1709137800,181.6199951171875,181.6699981689453,180.60000610351562,180.7010040283203,6240997.0
1709141400,180.70469665527344,180.70469665527344,180.1300048828125,180.60220336914062,5735191.0
1709145000,180.61000061035156,180.92999267578125,180.5301055908203,180.61990356445312,3681788.0
1709148600,180.60499572753906,180.86000061035156,180.35000610351562,180.8350067138672,4490821.0
1709152200,180.8350067138672,181.47000122070312,180.8350067138672,181.4199981689453,5579634.0
1709217000,182.0,182.36000061035156,181.2899932861328,181.6199951171875,12685419.0
1709220600,181.62530517578125,181.7100067138672,180.4199981689453,180.42999267578125,7277897.0
1709224200,180.4250030517578,180.42999267578125,179.52999877929688,179.82000732421875,8149732.0
1709227800,179.82000732421875,180.8000030517578,179.64999389648438,180.3800048828125,7795890.0
1709231400,180.3800048828125,180.49000549316406,179.67999267578125,180.11000061035156,6547702.0
1709235000,180.1199951171875,180.6999969482422,179.86000061035156,180.5850067138672,6246756.0
1709238600,180.5850067138672,181.11000061035156,179.57000732421875,180.77000427246094,13220925.0
1709303400,180.10000610351562,180.43310546875,178.29600524902344,178.30850219726562,11740393.0
1709307000,178.30999755859375,178.47000122070312,177.6699981689453,178.22999572753906,18570130.0
1709310600,178.25,178.25,177.3800048828125,178.0399932861328,8174326.0
1709314200,178.04220581054688,178.8000030517578,177.9499969482422,178.70010375976562,6896281.0
1709317800,178.7050018310547,180.22000122070312,178.55999755859375,180.1999969482422,7669052.0
1709321400,180.1999969482422,180.2050018310547,179.5500030517578,179.67999267578125,6521136.0
1709325000,179.67999267578125,179.8000030517578,179.4149932861328,179.63999938964844,5971790.0
1709562600,175.8000030517578,176.8300018310547,173.92999267578125,174.1699981689453,24053178.0
1709566200,174.19000244140625,175.02000427246094,173.89999389648438,174.81500244140625,0.0
1709569800,174.82000732421875,175.0050048828125,174.00999450683594,174.6269989013672,5211390.0
1709573400,174.6300048828125,174.67999267578125,173.79010009765625,173.90499877929688,4979309.0
1709577000,173.89999389648438,174.5050048828125,173.7949981689453,174.35000610351562,4710827.0
1709580600,174.35629272460938,175.64500427246094,174.35499572753906,175.44000244140625,5373792.0
1709584200,175.44500732421875,175.5,174.9499969482422,175.08999633789062,28556373.0
1709649000,171.0,171.97000122070312,169.89999389648438,169.91000366210938,28565817.0
1709652600,169.9199981689453,170.82000732421875,169.6199951171875,170.61000061035156,11409729.0
1709656200,170.07000732421875,170.89500427246094,169.86000061035156,170.78500366210938,0.0
1709659800,170.78500366210938,170.82870483398438,170.14999389648438,170.47000122070312,4315788.0
1709663400,170.4600067138672,170.4720001220703,169.94000244140625,170.04400634765625,5130323.0
1709667000,170.04989624023438,170.24830627441406,169.7899932861328,169.97999572753906,5324135.0
1709670600,169.99000549316406,170.1999969482422,169.8300018310547,170.1699981689453,32406499.0
1709735400,170.42999267578125,171.07000732421875,168.92999267578125,169.5800018310547,20056778.0
1709739000,169.58999633789062,170.0500030517578,169.27000427246094,169.77999877929688,0.0
1709742600,169.77499389648438,170.3000030517578,169.3350067138672,170.17990112304688,5004145.0
1709746200,170.1750030517578,170.35000610351562,169.91000366210938,169.9915008544922,3526171.0
1709749800,169.9949951171875,170.0449981689453,168.67999267578125,169.10000610351562,4963027.0
1709753400,169.11000061035156,169.24000549316406,168.6999969482422,169.0,4147280.0
1709757000,169.00999450683594,169.39500427246094,168.8699951171875,169.1199951171875,21763131.0
1709821800,169.14999389648438,169.77999877929688,168.49000549316406,168.97000122070312,15511305.0
1709825400,168.97999572753906,169.52999877929688,168.61000061035156,169.27999877929688,8462490.0
1709829000,169.2899932861328,169.60000610351562,168.9199981689453,169.16000366210938,6669342.0
1709832600,169.1699981689453,169.64999389648438,168.99000549316406,169.625,5894598.0
1709836200,169.6300048828125,170.72999572753906,169.5500030517578,170.10000610351562,9957544.0
1709839800,170.08999633789062,170.44000244140625,169.60049438476562,169.610107421875,6424710.0
1709843400,169.61500549316406,169.66000366210938,168.89999389648438,168.97999572753906,7405147.0
1709908200,169.0,171.8489990234375,168.94000244140625,171.77999877929688,16160343.0
1709911800,171.77999877929688,172.0500030517578,171.02000427246094,171.6199951171875,9142498.0
1709915400,171.6199951171875,172.77000427246094,170.92999267578125,172.71499633789062,10400918.0
1709919000,172.72000122070312,172.7899932861328,171.7100067138672,172.22999572753906,6861688.0
1709922600,172.23500061035156,173.5,172.08999633789062,173.47000122070312,7762851.0
1709926200,173.47000122070312,173.6999969482422,171.34500122070312,171.39999389648438,8844545.0
1709929800,171.41000366210938,171.73280334472656,170.72000122070312,170.74000549316406,8836925.0
1710163800,173.25,174.25,172.8300018310547,173.35000610351562,17506196.0
1710167400,173.34890747070312,173.63999938964844,172.2899932861328,172.673095703125,7509998.0
1710171000,172.67799377441406,173.32960510253906,172.5399932861328,172.82000732421875,5417242.0
1710174600,172.8249969482422,172.97999572753906,172.0500030517578,172.38999938964844,3959687.0
1710178200,172.38499450683594,173.4199981689453,172.22000122070312,172.625,5585359.0
1710181800,172.6300048828125,172.94000244140625,172.43499755859375,172.6999969482422,4048971.0
1710185400,172.7100067138672,173.0699005126953,172.4499969482422,172.7899932861328,5939837.0
1710250200,173.14999389648438,173.47000122070312,171.00999450683594,172.63499450683594,13927121.0
1710253800,172.63999938964844,172.91000366210938,172.32009887695312,172.67990112304688,6625420.0
1710257400,172.6750030517578,173.10000610351562,172.21499633789062,172.52000427246094,5867479.0
1710261000,172.52999877929688,173.25999450683594,171.94000244140625,173.0399932861328,6672048.0
1710264600,173.0449981689453,173.83999633789062,173.00999450683594,173.79989624023438,5308038.0
1710268200,173.7949981689453,174.00999450683594,173.35000610351562,173.84500122070312,5389586.0
1710271800,173.85499572753906,174.02999877929688,173.14999389648438,173.22000122070312,6368886.0
1710336600,172.77000427246094,173.18499755859375,170.75999450683594,170.98500061035156,11960722.0
1710340200,170.98500061035156,171.35000610351562,170.86500549316406,170.9949951171875,6130049.0
1710343800,171.0,171.17999267578125,170.8527069091797,171.05999755859375,4316300.0
1710347400,171.07000732421875,171.4600067138672,170.94000244140625,171.43499755859375,5621506.0
1710351000,171.42999267578125,171.75999450683594,171.16000366210938,171.5800018310547,3845695.0
1710354600,171.5800018310547,171.8000030517578,171.02999877929688,171.27999877929688,4228485.0
1710358200,171.27999877929688,171.7050018310547,171.0399932861328,171.1699981689453,5993931.0
1710423000,172.32000732421875,173.8249969482422,172.0500030517578,173.6649932861328,14937836.0
1710426600,173.6699981689453,174.30780029296875,173.3000030517578,173.33999633789062,8727021.0
1710430200,173.34500122070312,173.49000549316406,172.39999389648438,172.6699981689453,6752491.0
1710433800,172.67999267578125,173.36920166015625,172.24000549316406,172.96299743652344,9628933.0
1710437400,172.96890258789062,174.0,172.89999389648438,173.8249969482422,7128040.0
1710441000,173.8300018310547,173.83999633789062,172.22000122070312,172.66000366210938,6609776.0
1710444600,172.66000366210938,173.28250122070312,172.5032958984375,173.0800018310547,7750362.0
1710509400,171.0,172.47000122070312,170.56399536132812,170.610107421875,21995996.0
1710513000,170.61810302734375,171.1699981689453,170.2899932861328,170.9550018310547,5599492.0
1710516600,170.9550018310547,171.47999572753906,170.73199462890625,171.31500244140625,3771263.0
1710520200,171.31500244140625,171.51499938964844,170.60000610351562,170.69500732421875,3721006.0
1710523800,170.6999969482422,171.25,170.52499389648438,171.21499633789062,3679425.0
1710527400,171.21499633789062,171.99000549316406,171.08990478515625,171.86500549316406,4328832.0
1710531000,171.8560028076172,172.60000610351562,171.47799682617188,172.57000732421875,6260589.0
1710768600,175.60000610351562,177.5800018310547,174.89059448242188,177.35000610351562,22893626.0
1710772200,177.3699951171875,177.7100067138672,176.55999755859375,176.82000732421875,8667055.0
1710775800,176.82000732421875,176.90499877929688,175.1999969482422,175.25830078125,7068789.0
1710779400,175.2550048828125,175.6199951171875,174.75,175.39500427246094,5477904.0
1710783000,175.39999389648438,175.5399932861328,174.99000549316406,175.5301055908203,4053801.0
1710786600,175.53599548339844,175.5399932861328,174.82000732421875,175.06500244140625,5777258.0
1710790200,175.07000732421875,175.1750030517578,173.52000427246094,173.6999969482422,7286587.0
1710855000,174.08999633789062,175.0399932861328,173.02999877929688,174.7050018310547,11721089.0
1710858600,174.6999969482422,175.3699951171875,174.55999755859375,174.83999633789062,6172012.0
1710862200,174.83999633789062,175.41000366210938,174.83999633789062,175.30999755859375,4206842.0
1710865800,175.31500244140625,175.85000610351562,175.17129516601562,175.64500427246094,4140302.0
1710869400,175.64999389648438,176.43499755859375,175.63999938964844,176.4250030517578,5001221.0
1710873000,176.4217071533203,176.60499572753906,176.0,176.3300018310547,5274655.0
1710876600,176.3350067138672,176.5399932861328,175.7899932861328,176.0800018310547,6908180.0
1710941400,175.72999572753906,176.1699981689453,175.08999633789062,176.16050720214844,8587629.0
1710945000,176.1649932861328,176.3800048828125,175.72000122070312,176.05990600585938,4488283.0
1710948600,176.05929565429688,176.50999450683594,175.94500732421875,176.38009643554688,3092842.0
1710952200,176.3800048828125,176.77499389648438,176.30999755859375,176.3249969482422,3578644.0
1710955800,176.30999755859375,177.38999938964844,176.27999877929688,177.00750732421875,6092320.0
1710959400,177.00999450683594,178.42999267578125,176.72000122070312,178.21499633789062,9778064.0
1710963000,178.2100067138672,178.6699981689453,177.94500732421875,178.66000366210938,7696922.0
1711027800,177.0,177.49000549316406,175.00999450683594,175.0218048095703,15825386.0
1711031400,175.02999877929688,175.05999755859375,171.8300018310547,172.82130432128906,27939112.0
1711035000,172.82000732421875,173.23500061035156,171.86000061035156,172.56500244140625,13930077.0
1711038600,172.57000732421875,172.60000610351562,171.9499969482422,172.10830688476562,7139429.0
1711042200,172.10009765625,172.1300048828125,170.91000366210938,171.0749969482422,10317094.0
1711045800,171.0800018310547,171.3300018310547,170.85000610351562,171.25,9119635.0
1711049400,171.24000549316406,171.57000732421875,170.83999633789062,171.39999389648438,9723209.0
1711114200,171.86000061035156,172.32000732421875,170.05999755859375,171.78570556640625,22009712.0
1711117800,171.7949981689453,172.55999755859375,171.58999633789062,172.25999450683594,9035728.0
1711121400,172.27000427246094,172.88999938964844,172.07000732421875,172.36500549316406,5763015.0
1711125000,172.3699951171875,172.94000244140625,172.08999633789062,172.61399841308594,5023927.0
1711128600,172.6199951171875,172.67999267578125,172.36000061035156,172.625,4107617.0
1711132200,172.62759399414062,172.99000549316406,172.6199951171875,172.9868927001953,5786041.0
1711135800,172.98159790039062,173.0500030517578,172.24000549316406,172.25,7983892.0
1711373400,170.52999877929688,170.69000244140625,169.4499969482422,170.0399932861328,13738571.0
1711377000,170.0399932861328,170.72999572753906,169.97000122070312,170.1199951171875,6645377.0
1711380600,170.1199951171875,170.82000732421875,170.09500122070312,170.73789978027344,4597520.0
1711384200,170.73500061035156,171.47000122070312,170.64500427246094,171.36500549316406,4742467.0
1711387800,171.36000061035156,171.6096954345703,171.15499877929688,171.3300018310547,3830333.0
1711391400,171.3249969482422,171.6300048828125,171.23500061035156,171.55799865722656,3617953.0
1711395000,171.55999755859375,171.94000244140625,170.7899932861328,170.86000061035156,6913173.0
1711459800,170.0,171.068603515625,169.64999389648438,170.72000122070312,12465952.0
1711463400,170.72000122070312,170.88999938964844,170.36000061035156,170.6510009765625,5336353.0
1711467000,170.65499877929688,171.25,170.4949951171875,171.2346954345703,5311150.0
1711470600,171.23109436035156,171.4199981689453,170.6750030517578,170.82000732421875,4667926.0
1711474200,170.82400512695312,170.88999938964844,170.16000366210938,170.52000427246094,4370611.0
1711477800,170.5124969482422,170.68499755859375,170.3300018310547,170.5399932861328,4054402.0
1711481400,170.5399932861328,170.5500030517578,169.60000610351562,169.81500244140625,9108998.0
1711546200,170.4199981689453,173.11000061035156,170.11000061035156,172.0449981689453,16062624.0
1711549800,172.0399932861328,172.75999450683594,171.94009399414062,172.4550018310547,5913439.0
1711553400,172.4600067138672,172.6999969482422,171.86000061035156,172.0467987060547,4655107.0
1711557000,172.0500030517578,172.38999938964844,172.0,172.25999450683594,3604513.0
1711560600,172.27000427246094,172.82000732421875,172.13999938964844,172.75,3957014.0
1711564200,172.7550048828125,173.10000610351562,172.42630004882812,172.99000549316406,5418271.0
1711567800,173.0,173.60000610351562,172.8800048828125,173.41000366210938,8611965.0
1711632600,171.6999969482422,171.93499755859375,170.72000122070312,171.19500732421875,14682071.0
1711636200,171.1999969482422,171.2100067138672,170.50999450683594,170.8350067138672,7903177.0
1711639800,170.83999633789062,171.1999969482422,170.72999572753906,171.16920471191406,5070981.0
1711643400,171.1699981689453,171.3699951171875,170.9499969482422,170.96499633789062,4292029.0
1711647000,170.9600067138672,171.810302734375,170.88999938964844,171.7801055908203,4247361.0
1711650600,171.7899932861328,172.22999572753906,171.61000061035156,172.139892578125,4699109.0
1711654200,172.13999938964844,172.22999572753906,171.25999450683594,171.52000427246094,6848121.0
1711978200,171.1875,171.22000122070312,169.8350067138672,170.08990478515625,12016910.0
1711981800,170.08900451660156,170.16000366210938,169.47999572753906,169.84500122070312,5566284.0
1711985400,169.83999633789062,170.0800018310547,169.5850067138672,169.89500427246094,4325649.0
1711989000,169.89500427246094,170.02000427246094,169.75999450683594,169.9156951904297,2857559.0
1711992600,169.9199981689453,170.08999633789062,169.8800048828125,169.9949951171875,2605346.0
1711996200,169.99000549316406,170.24000549316406,169.85000610351562,169.93499755859375,3725960.0
1711999800,169.93499755859375,170.13999938964844,169.8699951171875,170.00999450683594,5786677.0
1712064600,169.05999755859375,169.33999633789062,168.23019409179688,169.0399932861328,11163207.0
1712068200,169.03500366210938,169.19500732421875,168.52999877929688,168.8321990966797,4826587.0
1712071800,168.8350067138672,169.1479949951172,168.3699951171875,168.6649932861328,4166243.0
1712075400,168.67999267578125,169.08999633789062,168.63999938964844,168.9949951171875,3340894.0
1712079000,169.0,169.10499572753906,168.86000061035156,168.9199981689453,3451310.0
1712082600,168.9199981689453,169.07000732421875,168.72999572753906,168.97500610351562,3699021.0
1712086200,168.99000549316406,169.2200927734375,168.77000427246094,168.94000244140625,6380958.0
1712151000,168.75,170.0800018310547,168.58999633789062,170.0366973876953,8758184.0
1712154600,170.02499389648438,170.67999267578125,169.97999572753906,170.52000427246094,6176025.0
1712158200,170.52000427246094,170.6750030517578,170.1999969482422,170.32000732421875,3684320.0
1712161800,170.30999755859375,170.44000244140625,169.75,170.2050018310547,3812096.0
1712165400,170.2100067138672,170.38999938964844,170.12010192871094,170.19700622558594,3156608.0
1712169000,170.1999969482422,170.60000610351562,169.27999877929688,169.52499389648438,6323307.0
1712172600,169.52999877929688,170.14999389648438,169.3800048828125,169.66000366210938,6602092.0
1712237400,170.2899932861328,171.19000244140625,170.0399932861328,171.00999450683594,9047827.0
1712241000,171.01499938964844,171.27999877929688,170.7100067138672,171.27000427246094,4545243.0
1712244600,171.27999877929688,171.9199981689453,171.27499389648438,171.72030639648438,4325890.0
1712248200,171.72999572753906,171.86990356445312,171.3350067138672,171.5399932861328,3395662.0
1712251800,171.5467987060547,171.61000061035156,169.6999969482422,169.75,6544667.0
1712255400,169.74000549316406,170.10000610351562,169.02000427246094,169.04100036621094,8346418.0
1712259000,169.0399932861328,169.74000549316406,168.8300018310547,168.88999938964844,8099922.0
1712323800,169.5,169.91000366210938,168.9499969482422,169.22000122070312,9721473.0
1712327400,169.22999572753906,169.82000732421875,169.08999633789062,169.46499633789062,4890929.0
1712331000,169.46499633789062,170.3800048828125,169.38900756835938,170.1699981689453,4669016.0
1712334600,170.1699981689453,170.375,169.77999877929688,170.07400512695312,3488779.0
1712338200,170.08999633789062,170.1699981689453,169.35000610351562,169.50030517578125,3347777.0
1712341800,169.50999450683594,169.9199981689453,169.36000061035156,169.88999938964844,4067851.0
1712345400,169.88999938964844,169.97999572753906,169.5,169.57000732421875,4423994.0
1712583000,169.05999755859375,169.19000244140625,168.24000549316406,168.82000732421875,8279940.0
1712586600,168.8249969482422,169.1300048828125,168.64999389648438,168.81500244140625,4718366.0
1712590200,168.81500244140625,168.81500244140625,168.26499938964844,168.4123992919922,4134102.0
1712593800,168.4149932861328,168.8350067138672,168.40499877929688,168.64500427246094,2982857.0
1712597400,168.64500427246094,168.89999389648438,168.47000122070312,168.79010009765625,2336490.0
1712601000,168.7949981689453,168.79989624023438,168.5449981689453,168.78500366210938,2798561.0
1712604600,168.78500366210938,168.9600067138672,168.3249969482422,168.4600067138672,4991117.0
1712669400,168.69200134277344,170.0749969482422,168.5,169.47000122070312,9892473.0
1712673000,169.47500610351562,169.49000549316406,168.47999572753906,168.69500732421875,5975622.0
1712676600,168.6999969482422,169.16000366210938,168.69000244140625,169.07000732421875,3680884.0
1712680200,169.07000732421875,169.55999755859375,168.89999389648438,169.25999450683594,3462971.0
1712683800,169.27000427246094,169.5,168.5,168.5850067138672,4167688.0
1712687400,168.5800018310547,169.25999450683594,168.35000610351562,169.25250244140625,4206061.0
1712691000,169.25999450683594,169.72999572753906,168.94000244140625,169.69000244140625,5472554.0
1712755800,168.83999633789062,169.08999633789062,167.11000061035156,168.02999877929688,14120359.0
1712759400,168.04400634765625,168.6999969482422,167.61000061035156,167.9149932861328,5526659.0
1712763000,167.94000244140625,168.11000061035156,167.5399932861328,168.01499938964844,4681455.0
1712766600,168.03700256347656,168.60000610351562,167.67999267578125,168.13499450683594,4311563.0
1712770200,168.12100219726562,168.5800018310547,167.6300048828125,167.75999450683594,4513653.0
1712773800,167.76499938964844,169.6699981689453,167.69000244140625,168.25999450683594,4221664.0
1712777400,168.25999450683594,168.68499755859375,167.6999969482422,167.75,5084905.0
1712842200,168.25,169.1699981689453,168.16009521484375,168.72000122070312,9488061.0
1712845800,168.72999572753906,169.4199981689453,168.57000732421875,169.0,7020839.0
1712849400,169.0010986328125,170.2899932861328,169.0,169.91000366210938,5616006.0
1712853000,169.9199981689453,172.19000244140625,169.83999633789062,172.10499572753906,9777671.0
1712856600,172.11000061035156,174.47999572753906,171.96009826660156,174.17999267578125,15507718.0
1712860200,174.17999267578125,174.86000061035156,173.5500030517578,174.73989868164062,15407602.0
1712863800,174.74000549316406,175.4600067138672,174.6199951171875,175.0399932861328,15008834.0
1712928600,174.28500366210938,178.36000061035156,174.2100067138672,176.75,35055623.0
1712932200,176.74249267578125,176.80999755859375,175.32000732421875,176.25430297851562,12592011.0
1712935800,176.25999450683594,176.99000549316406,175.56500244140625,175.58999633789062,8240618.0
1712939400,175.59500122070312,175.66000366210938,174.8000030517578,175.35000610351562,8466020.0
1712943000,175.33999633789062,176.0,175.23500061035156,175.97000122070312,6848567.0
1712946600,175.97000122070312,176.25999450683594,175.6300048828125,176.0175018310547,8125126.0
1712950200,176.01499938964844,176.74000549316406,175.9550018310547,176.56500244140625,10614487.0
1713187800,175.3800048828125,175.9799041748047,173.85000610351562,174.8800048828125,16099072.0
1713191400,174.8800048828125,176.6300048828125,174.55999755859375,175.41000366210938,9497153.0
1713195000,175.39999389648438,176.14999389648438,174.9600067138672,175.10000610351562,5334563.0
1713198600,175.09500122070312,175.57000732421875,174.51010131835938,174.52000427246094,6093345.0
1713202200,174.50999450683594,174.61000061035156,172.5,173.1300048828125,9423818.0
1713205800,173.1199951171875,173.75999450683594,172.8000030517578,172.92999267578125,6849808.0
1713209400,172.92999267578125,173.61000061035156,172.66000366210938,172.68499755859375,6819556.0
1713274200,171.7100067138672,173.7550048828125,171.1820068359375,171.22000122070312,14947039.0
1713277800,171.1999969482422,171.4499969482422,169.02000427246094,169.44500732421875,13407042.0
1713281400,169.4499969482422,169.85000610351562,168.27000427246094,169.4149932861328,11289116.0
1713285000,169.41000366210938,169.72999572753906,168.92999267578125,169.38999938964844,5079739.0
1713288600,169.39999389648438,170.39999389648438,168.39999389648438,168.9250030517578,8396515.0
1713292200,168.9250030517578,170.0800018310547,168.8800048828125,169.9949951171875,5187348.0
1713295800,169.99000549316406,170.01499938964844,169.27999877929688,169.33790588378906,5938491.0
1713360600,169.5800018310547,170.63999938964844,169.3101043701172,170.4550018310547,10358959.0
1713364200,170.4499969482422,170.47500610351562,169.2100067138672,169.2100067138672,7818704.0
1713367800,169.22000122070312,169.36000061035156,168.60000610351562,168.6999969482422,5853359.0
1713371400,168.6999969482422,168.97000122070312,168.07000732421875,168.82000732421875,4690283.0
1713375000,168.8300018310547,169.0,168.50999450683594,168.61000061035156,4907946.0
1713378600,168.6199951171875,169.17999267578125,168.02000427246094,168.08999633789062,4554925.0
1713382200,168.08999633789062,168.5449981689453,168.0,168.0,5025607.0
1713447000,168.0,168.63999938964844,167.3300018310547,168.03990173339844,9532841.0
1713450600,168.0399932861328,168.27999877929688,167.86000061035156,167.99000549316406,4639772.0
1713454200,168.0,168.01499938964844,167.39999389648438,167.56500244140625,3556423.0
1713457800,167.56500244140625,167.6999969482422,166.6300048828125,166.9799041748047,5691557.0
1713461400,166.99000549316406,167.11000061035156,166.5500030517578,166.85989379882812,4043124.0
1713465000,166.8800048828125,167.25,166.63999938964844,167.10000610351562,3707430.0
1713468600,167.10000610351562,167.37429809570312,166.77499389648438,167.0399932861328,4286307.0
1713533400,166.1199951171875,166.39999389648438,164.82000732421875,165.27000427246094,16054092.0
1713537000,165.25999450683594,165.66000366210938,164.875,164.98500061035156,6502988.0
1713540600,164.97999572753906,165.16000366210938,164.0800018310547,164.36239624023438,6573825.0
1713544200,164.3699951171875,165.3000030517578,164.17999267578125,164.9199981689453,6201635.0
1713547800,164.89999389648438,165.6699981689453,164.89999389648438,165.0399932861328,5158159.0
1713551400,165.02000427246094,165.24000549316406,164.52000427246094,165.1649932861328,6320854.0
1713555000,165.16000366210938,165.1999969482422,164.7949981689453,164.92999267578125,7970297.0
1713792600,165.75,166.22999572753906,165.22999572753906,165.3699951171875,9753629.0
1713796200,165.3699951171875,165.5399932861328,164.77000427246094,165.39500427246094,4939703.0
1713799800,165.39999389648438,165.8699951171875,165.3748016357422,165.6199951171875,4178724.0
1713803400,165.61419677734375,166.28500366210938,165.43499755859375,166.27499389648438,3510757.0
1713807000,166.27000427246094,167.25999450683594,166.27000427246094,166.85499572753906,5021219.0
1713810600,166.86000061035156,167.0500030517578,166.2550048828125,166.66000366210938,6192002.0
1713814200,166.66000366210938,166.73989868164062,165.63999938964844,165.83999633789062,5290621.0
1713879000,165.25999450683594,166.7100067138672,164.92999267578125,165.82000732421875,10992740.0
1713882600,165.82000732421875,166.97999572753906,165.82000732421875,166.625,6119113.0
1713886200,166.6199951171875,166.6999969482422,166.05740356445312,166.27000427246094,3828132.0
1713889800,166.27000427246094,166.63999938964844,166.1717071533203,166.39199829101562,4067219.0
1713893400,166.39999389648438,166.86000061035156,166.3249969482422,166.83999633789062,2849527.0
1713897000,166.83999633789062,166.86990356445312,166.5,166.85000610351562,3658150.0
1713900600,166.83999633789062,167.0500030517578,166.7550048828125,166.91000366210938,5719471.0
1713965400,166.39999389648438,168.3000030517578,166.2100067138672,167.9949951171875,9855592.0
1713969000,167.9949951171875,168.27999877929688,167.52000427246094,167.9199981689453,5213388.0
1713972600,167.9250030517578,169.27499389648438,167.91000366210938,168.72500610351562,6588577.0
1713976200,168.72500610351562,168.85000610351562,168.11000061035156,168.46170043945312,3760303.0
1713979800,168.47000122070312,169.2899932861328,168.4600067138672,168.75,3891894.0
1713983400,168.75,169.08990478515625,168.27999877929688,169.05499267578125,3796420.0
1713987000,169.05409240722656,169.3000030517578,168.6699981689453,168.9499969482422,5580723.0
1714051800,169.60000610351562,170.61000061035156,168.47000122070312,168.91749572753906,13123892.0
1714055400,168.89999389648438,169.08560180664062,168.4499969482422,168.5677947998047,4953755.0
1714059000,168.56500244140625,169.1999969482422,168.15109252929688,169.19000244140625,4246795.0
1714062600,169.18760681152344,169.53829956054688,168.9199981689453,169.05999755859375,3597812.0
1714066200,169.05499267578125,169.74989318847656,168.86000061035156,169.1300048828125,4047077.0
1714069800,169.11000061035156,170.03500366210938,168.96009826660156,169.93499755859375,5505667.0
1714073400,169.92999267578125,170.00999450683594,169.41000366210938,169.89999389648438,6221758.0
1714138200,169.8699951171875,171.05999755859375,169.5399932861328,170.66000366210938,9247096.0
1714141800,170.66000366210938,171.33999633789062,170.41000366210938,170.69000244140625,5410597.0
1714145400,170.68499755859375,170.9199981689453,170.2100067138672,170.2449951171875,3910867.0
1714149000,170.25,170.25999450683594,169.76010131835938,169.875,4152260.0
1714152600,169.8800048828125,169.88999938964844,169.3699951171875,169.6999969482422,4417993.0
1714156200,169.6999969482422,170.11000061035156,169.52000427246094,169.99000549316406,4106101.0
1714159800,169.97999572753906,170.08999633789062,169.19000244140625,169.2899932861328,6146863.0
1714397400,173.38999938964844,176.02999877929688,173.1300048828125,174.75999450683594,22509930.0
1714401000,174.75,175.1300048828125,173.97999572753906,174.50999450683594,7830323.0
1714404600,174.5198974609375,174.82000732421875,174.00999450683594,174.3249969482422,5706873.0
1714408200,174.32769775390625,174.8887939453125,174.22000122070312,174.8699951171875,4546336.0
1714411800,174.8699951171875,175.10499572753906,174.08999633789062,174.2657928466797,4501161.0
1714415400,174.26010131835938,174.66000366210938,173.35150146484375,173.8249969482422,5832343.0
1714419000,173.8249969482422,173.97889709472656,173.1199951171875,173.49000549316406,5978948.0
1714483800,173.20199584960938,174.99000549316406,172.64999389648438,174.42999267578125,9649989.0
1714487400,174.4250030517578,174.94500732421875,173.72459411621094,173.86500549316406,6074161.0
1714491000,173.86990356445312,174.1999053955078,173.60499572753906,173.8365936279297,3446845.0
1714494600,173.83999633789062,173.92999267578125,173.22000122070312,173.27529907226562,4148810.0
1714498200,173.30499267578125,173.87989807128906,173.10000610351562,173.17999267578125,3964263.0
1714501800,173.1999969482422,173.34500122070312,172.55999755859375,172.72999572753906,4786101.0
1714505400,172.74000549316406,172.94000244140625,170.02000427246094,170.08999633789062,11784580.0
1714570200,170.0,171.07000732421875,169.11000061035156,170.81500244140625,8294097.0
1714573800,170.78500366210938,171.36000061035156,170.64500427246094,171.1699981689453,4272367.0
1714577400,171.1699981689453,171.72000122070312,171.10000610351562,171.38999938964844,4126555.0
1714581000,171.3800048828125,171.4499969482422,170.7550048828125,171.1199951171875,2863605.0
1714584600,171.125,171.50999450683594,170.61000061035156,171.42300415039062,4066520.0
1714588200,171.4199981689453,172.69000244140625,170.89500427246094,172.3699951171875,8561606.0
1714591800,172.38499450683594,172.38499450683594,169.25,169.2899932861328,9451344.0
1714656600,172.4199981689453,172.66000366210938,170.88999938964844,171.58999633789062,16705177.0
1714660200,171.5941925048828,172.0800018310547,171.4199981689453,171.60000610351562,6210532.0
1714663800,171.59719848632812,172.5050048828125,171.46249389648438,172.3498992919922,6639465.0
1714667400,172.34500122070312,172.77999877929688,171.94000244140625,172.6988983154297,5497209.0
1714671000,172.6999969482422,172.94000244140625,172.41000366210938,172.89999389648438,6288261.0
1714674600,172.89999389648438,173.22000122070312,172.5500030517578,173.14999389648438,8749459.0
1714678200,173.14500427246094,173.4149932861328,172.5399932861328,173.08999633789062,9688076.0
1714743000,186.6699981689453,187.0,182.66000366210938,184.17999267578125,55819788.0
1714746600,184.19900512695312,184.99000549316406,183.5399932861328,184.64999389648438,17983283.0
1714750200,184.66000366210938,184.94000244140625,184.1300048828125,184.36000061035156,10376113.0
1714753800,184.35989379882812,185.4949951171875,184.3000030517578,185.360107421875,12652093.0
1714757400,185.36000061035156,185.86000061035156,184.80999755859375,185.75,12223485.0
1714761000,185.7550048828125,185.99000549316406,184.25999450683594,184.9949951171875,16502580.0
1714764600,185.0,185.00999450683594,183.0500030517578,183.38999938964844,14886978.0
1715002200,182.35400390625,184.1699981689453,181.6300048828125,182.6199951171875,21498066.0
1715005800,182.88999938964844,183.3800048828125,181.72999572753906,181.99710083007812,8234392.0
1715009400,182.0050048828125,182.39999389648438,181.5,181.60000610351562,7543780.0
1715013000,181.60000610351562,181.82989501953125,180.58120727539062,180.58999633789062,7567313.0
1715016600,180.58999633789062,181.33999633789062,180.4199981689453,180.80499267578125,7890598.0
1715020200,180.80999755859375,181.6199951171875,180.6999969482422,181.48060607910156,6903326.0
1715023800,181.49000549316406,182.02000427246094,181.24000549316406,181.6999969482422,8524836.0
1715088600,183.4499969482422,184.89999389648438,182.7100067138672,182.83990478515625,23887519.0
1715092200,182.8249969482422,183.11000061035156,182.16000366210938,182.17999267578125,10527042.0
1715095800,182.16000366210938,182.356201171875,181.41000366210938,181.52000427246094,7432182.0
1715099400,181.52000427246094,182.72000122070312,181.32000732421875,182.55999755859375,6083145.0
1715103000,182.55999755859375,182.9199981689453,182.08999633789062,182.37600708007812,5530053.0
1715106600,182.3699951171875,182.77999877929688,182.1699981689453,182.63499450683594,4785926.0
1715110200,182.6300048828125,182.67999267578125,182.22000122070312,182.3699951171875,5031993.0
1715175000,182.7100067138672,182.9600067138672,181.4600067138672,181.91000366210938,10261929.0
1715178600,181.88999938964844,182.3800048828125,181.7550048828125,182.28500366210938,4657669.0
1715182200,182.28500366210938,182.61000061035156,181.8509979248047,182.33999633789062,4579068.0
1715185800,182.33999633789062,182.49000549316406,182.02999877929688,182.3000030517578,3047249.0
1715189400,182.30499267578125,182.72000122070312,182.2949981689453,182.68499755859375,3954343.0
1715193000,182.69000244140625,182.99000549316406,182.61000061035156,182.89010620117188,4937356.0
1715196600,182.89500427246094,183.0500030517578,182.68499755859375,182.74000549316406,5220918.0
1715261400,182.55999755859375,183.82989501953125,182.1199951171875,183.4199981689453,9634755.0
1715265000,183.4250030517578,183.86000061035156,183.11000061035156,183.63999938964844,5753829.0
1715268600,183.64999389648438,183.83999633789062,183.43499755859375,183.60499572753906,4233577.0
1715272200,183.60499572753906,184.5,183.53990173339844,184.3800048828125,6031102.0
1715275800,184.38999938964844,184.64999389648438,184.05999755859375,184.25,4829910.0
1715279400,184.24000549316406,184.61500549316406,184.22000122070312,184.31500244140625,4012982.0
1715283000,184.30999755859375,184.64999389648438,184.3000030517578,184.64999389648438,5820164.0
1715347800,184.9199981689453,185.08999633789062,183.14999389648438,183.2050018310547,12508339.0
1715351400,183.2100067138672,183.3997039794922,182.25999450683594,182.69000244140625,7423228.0
1715355000,182.6999969482422,182.73500061035156,182.2449951171875,182.48880004882812,3801053.0
1715358600,182.48500061035156,182.58999633789062,182.2100067138672,182.39500427246094,2997546.0
1715362200,182.38999938964844,182.85000610351562,182.1300048828125,182.74000549316406,4477086.0
1715365800,182.72999572753906,182.9600067138672,182.57000732421875,182.94000244140625,4005294.0
1715369400,182.94000244140625,183.1999969482422,182.7899932861328,183.0,5183512.0
1715607000,185.43499755859375,185.86500549316406,184.6199951171875,185.68899536132812,13788872.0
1715610600,185.68499755859375,186.42999267578125,185.6300048828125,185.9199981689453,9423195.0
1715614200,185.9149932861328,186.5,185.77999877929688,186.2899932861328,7602808.0
1715617800,186.2899932861328,186.92999267578125,186.25,186.65859985351562,8098301.0
1715621400,186.66000366210938,186.9499969482422,186.3699951171875,186.6501007080078,5453676.0
1715625000,186.65989685058594,187.10000610351562,186.55999755859375,186.98989868164062,6516486.0
1715628600,186.98500061035156,187.02999877929688,186.07000732421875,186.28500366210938,9250536.0
1715693400,187.64999389648438,188.3000030517578,186.5500030517578,187.00999450683594,14754549.0
1715697000,187.00999450683594,187.1999969482422,186.2899932861328,186.97999572753906,4957021.0
1715700600,186.98500061035156,187.0,186.52000427246094,186.8000030517578,3617615.0
1715704200,186.8000030517578,186.9499969482422,186.4510040283203,186.52999877929688,3012019.0
1715707800,186.53500366210938,187.3699951171875,186.48500061035156,187.32940673828125,5421425.0
1715711400,187.3249969482422,187.80999755859375,187.1999969482422,187.7449951171875,4923069.0
1715715000,187.75,187.91000366210938,187.16000366210938,187.38999938964844,5635981.0
1715779800,187.97999572753906,189.72999572753906,187.3800048828125,189.57899475097656,15211599.0
1715783400,189.5800018310547,190.07000732421875,189.52000427246094,189.9199981689453,10479415.0
1715787000,189.9250030517578,190.2100067138672,189.5399932861328,190.15499877929688,5434851.0
1715790600,190.15499877929688,190.64999389648438,190.13999938964844,190.3699951171875,6113081.0
1715794200,190.3800048828125,190.5500030517578,189.8603057861328,189.92999267578125,5363162.0
1715797800,189.9250030517578,190.25999450683594,189.82000732421875,189.875,6702029.0
1715801400,189.8800048828125,190.1199951171875,189.5,189.74000549316406,8181060.0
1715866200,190.51600646972656,191.09500122070312,189.97500610351562,190.5802001953125,13478830.0
1715869800,190.5850067138672,190.75,189.72500610351562,189.9698944091797,6494017.0
1715873400,189.96499633789062,190.3800048828125,189.76499938964844,190.32110595703125,5165187.0
1715877000,190.32949829101562,190.48809814453125,189.97000122070312,190.00999450683594,3483587.0
1715880600,190.00050354003906,190.25999450683594,189.75999450683594,189.92739868164062,3578815.0
1715884200,189.9199981689453,190.10000610351562,189.83999633789062,189.88499450683594,3752308.0
1715887800,189.88999938964844,190.22000122070312,189.66009521484375,189.89999389648438,6377484.0
1715952600,189.3800048828125,190.80999755859375,189.22000122070312,190.1501007080078,10313420.0
1715956200,190.16000366210938,190.3000030517578,189.65199279785156,189.69700622558594,3636563.0
1715959800,189.69000244140625,189.9600067138672,189.42010498046875,189.7899932861328,3477507.0
1715963400,189.7949981689453,189.99000549316406,189.5811004638672,189.68499755859375,2227185.0
1715967000,189.69000244140625,189.875,189.3800048828125,189.67999267578125,3173599.0
1715970600,189.6649932861328,190.1300048828125,189.6199951171875,190.10830688476562,3544941.0
1715974200,190.10499572753906,190.14999389648438,189.75039672851562,189.92999267578125,5767398.0
1716211800,189.35000610351562,191.77000427246094,189.00999450683594,191.60499572753906,11170451.0
1716215400,191.60000610351562,191.91990661621094,191.1699981689453,191.17999267578125,6619615.0
1716219000,191.1750030517578,191.50999450683594,191.02000427246094,191.1649932861328,3353981.0
1716222600,191.16000366210938,191.80499267578125,191.16000366210938,191.46499633789062,3398871.0
1716226200,191.46400451660156,191.6199951171875,191.16009521484375,191.41000366210938,2512725.0
1716229800,191.41000366210938,191.5,191.0800018310547,191.31399536132812,3014420.0
1716233400,191.30999755859375,191.34800720214844,190.80999755859375,191.0800018310547,4813353.0
1716298200,191.08999633789062,192.58999633789062,190.92010498046875,192.2100067138672,9575653.0
1716301800,192.22999572753906,192.64990234375,191.86000061035156,192.28269958496094,5835087.0
1716305400,192.2899932861328,192.42300415039062,191.8300018310547,192.17909240722656,3296315.0
1716309000,192.1750030517578,192.38499450683594,191.77999877929688,192.36000061035156,3030314.0
1716312600,192.3699951171875,192.5399932861328,192.2949981689453,192.51499938964844,3614416.0
1716316200,192.51499938964844,192.67999267578125,192.39999389648438,192.52999877929688,3655229.0
1716319800,192.52999877929688,192.72999572753906,192.27999877929688,192.36000061035156,5302236.0
1716384600,192.25,192.82310485839844,191.97999572753906,192.71499633789062,6192624.0
1716388200,192.71499633789062,192.75999450683594,192.0330047607422,192.13999938964844,3840572.0
1716391800,192.13999938964844,192.1999969482422,191.52499389648438,191.6199951171875,3221517.0
1716395400,191.61500549316406,191.72999572753906,191.0800018310547,191.3699951171875,2593453.0
1716399000,191.36000061035156,191.42999267578125,190.27000427246094,190.60000610351562,3969834.0
1716402600,190.59500122070312,190.94000244140625,190.52000427246094,190.9398956298828,2705299.0
1716406200,190.9300994873047,191.30499267578125,190.3800048828125,190.97999572753906,4670368.0
1716471000,191.0,191.0,188.5050048828125,189.0500030517578,10163386.0
1716474600,189.05999755859375,189.69000244140625,188.67999267578125,189.4499969482422,6137975.0
1716478200,189.4550018310547,189.7100067138672,189.07000732421875,189.52499389648438,3243022.0
1716481800,189.52499389648438,189.59950256347656,188.42999267578125,188.64010620117188,3640141.0
1716485400,188.64999389648438,188.68499755859375,187.30999755859375,187.7050018310547,5194146.0
1716489000,187.6999969482422,187.8000030517578,187.16000366210938,187.6199951171875,4566990.0
1716492600,187.6199951171875,187.82000732421875,186.625,186.91000366210938,5803901.0
1716557400,188.82000732421875,189.52000427246094,188.0404052734375,189.52000427246094,9165795.0
1716561000,189.51499938964844,190.2899932861328,189.25999450683594,190.1199951171875,4878308.0
1716564600,190.11000061035156,190.5800018310547,189.72999572753906,190.37989807128906,3569741.0
1716568200,190.3800048828125,190.55999755859375,190.22999572753906,190.4149932861328,2486685.0
1716571800,190.4199981689453,190.46499633789062,190.05499267578125,190.14999389648438,3081217.0
1716575400,190.14999389648438,190.38999938964844,189.93499755859375,190.08999633789062,2750429.0
1716579000,190.0850067138672,190.24000549316406,189.82000732421875,190.0,3538245.0
1716903000,191.53199768066406,192.99000549316406,190.33999633789062,191.63999938964844,15396828.0
1716906600,191.6300048828125,191.77000427246094,191.13009643554688,191.6199951171875,5008372.0
1716910200,191.61000061035156,191.9499969482422,191.05999755859375,191.2550048828125,4381780.0
1716913800,191.2501983642578,191.45899963378906,190.86000061035156,190.875,3205058.0
1716917400,190.875,190.9600067138672,189.64999389648438,189.72979736328125,4766217.0
1716921000,189.72500610351562,189.8699951171875,189.10000610351562,189.53280639648438,5144489.0
1716924600,189.53799438476562,190.10000610351562,189.3300018310547,190.10000610351562,4991097.0
1716989400,189.50999450683594,192.2469940185547,189.50999450683594,191.85000610351562,12968690.0
1716993000,191.84890747070312,192.24000549316406,191.125,191.48370361328125,6819860.0
1716996600,191.48500061035156,191.77999877929688,191.0800018310547,191.75999450683594,4646271.0
1717000200,191.7624969482422,192.02999877929688,191.5030059814453,191.7949981689453,3262501.0
1717003800,191.7899932861328,191.97000122070312,191.30999755859375,191.5601043701172,4166095.0
1717007400,191.55999755859375,191.6300048828125,190.72000122070312,191.13999938964844,4716309.0
1717011000,191.13999938964844,191.2100067138672,189.95989990234375,190.3699951171875,6936004.0
1717075800,190.78500366210938,192.10000610351562,190.6300048828125,191.44500732421875,11192477.0
1717079400,191.4499969482422,191.82400512695312,191.0,191.69500732421875,5533218.0
1717083000,191.6699981689453,191.75,191.10000610351562,191.25999450683594,2975839.0
1717086600,191.25999450683594,192.13999938964844,191.2050018310547,192.07870483398438,3757523.0
1717090200,192.0800018310547,192.17999267578125,191.36000061035156,191.53500366210938,3362017.0
1717093800,191.5366973876953,191.8000030517578,191.41000366210938,191.56500244140625,4143522.0
1717097400,191.5800018310547,191.83999633789062,190.85000610351562,191.2899932861328,6616325.0
1717162200,191.44000244140625,192.57000732421875,191.27000427246094,191.69000244140625,10359581.0
1717165800,191.69000244140625,191.97000122070312,190.10000610351562,190.41000366210938,6925875.0
1717169400,190.38999938964844,190.7073974609375,189.91000366210938,190.19720458984375,4332092.0
1717173000,190.1999969482422,190.58999633789062,189.91000366210938,190.57000732421875,3119084.0
1717176600,190.57000732421875,190.82000732421875,190.3800048828125,190.55499267578125,2877661.0
1717180200,190.5500030517578,191.26980590820312,190.3300018310547,191.02999877929688,6023627.0
1717183800,191.02000427246094,192.49000549316406,190.89999389648438,192.47000122070312,9872872.0
1717421400,192.97999572753906,194.99000549316406,192.52999877929688,194.8350067138672,14806084.0
1717425000,194.8300018310547,194.9199981689453,193.5800018310547,194.1300048828125,6469352.0
1717428600,194.1199951171875,194.38999938964844,193.24000549316406,193.28939819335938,4781872.0
1717432200,193.27999877929688,193.82640075683594,192.83999633789062,193.7899932861328,4233538.0
1717435800,193.75999450683594,194.05499267578125,193.08999633789062,193.10000610351562,3561086.0
1717439400,193.10000610351562,193.52000427246094,192.91009521484375,193.35400390625,3785048.0
1717443000,193.36000061035156,194.11000061035156,193.27999877929688,194.08999633789062,5118764.0
1717507800,194.72000122070312,195.0,193.03419494628906,194.02999877929688,10693104.0
1717511400,194.02499389648438,194.39999389648438,193.66000366210938,194.0500030517578,5032304.0
1717515000,194.05499267578125,194.49000549316406,193.71499633789062,194.47000122070312,3593838.0
1717518600,194.47000122070312,194.82000732421875,194.33999633789062,194.80499267578125,3308960.0
1717522200,194.80999755859375,195.32000732421875,194.41000366210938,195.23500061035156,5053574.0
1717525800,195.22999572753906,195.32000732421875,193.92999267578125,194.5072021484375,5071285.0
1717529400,194.5050048828125,194.8699951171875,194.17999267578125,194.36500549316406,4327507.0
1717594200,195.4199981689453,196.4199981689453,194.8800048828125,195.375,11655383.0
1717597800,195.3800048828125,196.1699981689453,195.19500732421875,196.13999938964844,6044987.0
1717601400,196.13999938964844,196.89999389648438,195.82000732421875,195.9250030517578,6551624.0
1717605000,195.9199981689453,196.25999450683594,195.60009765625,195.88519287109375,4380580.0
1717608600,195.8800048828125,196.6999969482422,195.8800048828125,196.2050018310547,5004091.0
1717612200,196.1999969482422,196.44000244140625,195.72000122070312,196.139892578125,4731794.0
1717615800,196.1300048828125,196.4499969482422,195.6199951171875,195.89999389648438,6222302.0
1717680600,195.68499755859375,196.5,195.2100067138672,195.9199981689453,9631306.0
1717684200,195.91000366210938,196.0,195.44000244140625,195.8350067138672,4451666.0
1717687800,195.8350067138672,195.83999633789062,195.41000366210938,195.6699981689453,3210636.0
1717691400,195.6768035888672,196.07000732421875,195.46499633789062,195.6479949951172,3210252.0
1717695000,195.64500427246094,195.73500061035156,194.9499969482422,195.54449462890625,3816320.0
1717698600,195.5399932861328,195.54080200195312,195.02000427246094,195.39300537109375,3431671.0
1717702200,195.39500427246094,195.5,194.1699981689453,194.47999572753906,5961018.0
1717767000,194.66000366210938,195.75,194.13999938964844,194.80999755859375,10154074.0
1717770600,194.80499267578125,195.97000122070312,194.74009704589844,195.6199951171875,6480520.0
1717774200,195.625,196.18499755859375,195.60000610351562,195.9550018310547,7373793.0
1717777800,195.9600067138672,196.49000549316406,195.7100067138672,196.36000061035156,4552773.0
1717781400,196.36000061035156,196.5800018310547,195.72000122070312,195.8699951171875,5669748.0
1717785000,195.86000061035156,196.44000244140625,195.5800018310547,196.4394989013672,4413006.0
1717788600,196.43499755859375,196.94000244140625,196.24000549316406,196.89999389648438,7738011.0
1718026200,197.1999969482422,197.2816925048828,194.8300018310547,195.6199951171875,15640700.0
1718029800,195.6217041015625,195.74000549316406,195.25,195.55419921875,5515526.0
1718033400,195.55999755859375,196.2100067138672,195.07000732421875,195.88839721679688,6844150.0
1718037000,195.88999938964844,196.3800048828125,195.11000061035156,195.4250030517578,7537803.0
1718040600,195.44000244140625,196.4499969482422,192.14999389648438,193.16000366210938,23696662.0
1718044200,193.14999389648438,194.3000030517578,192.3300018310547,192.96499633789062,17145821.0
1718047800,192.9600067138672,193.19000244140625,192.2899932861328,193.1300048828125,9924521.0
1718112600,193.66000366210938,201.0449981689453,193.63999938964844,200.89999389648438,41754118.0
1718116200,200.8925018310547,204.50999450683594,200.8800048828125,204.40989685058594,33923446.0
1718119800,204.39500427246094,205.4499969482422,203.4499969482422,204.22500610351562,23287350.0
1718123400,204.2476043701172,206.02999877929688,203.8000030517578,205.0399932861328,15916325.0
1718127000,205.02999877929688,205.41000366210938,204.44000244140625,205.0800018310547,11453848.0
1718130600,205.08999633789062,205.92999267578125,204.6999969482422,205.72999572753906,12935816.0
1718134200,205.72999572753906,207.16000366210938,205.49000549316406,207.13999938964844,16510894.0
1718199000,207.36000061035156,215.99000549316406,206.91000366210938,215.23500061035156,56496065.0
1718202600,215.22000122070312,218.1199951171875,214.67999267578125,217.58009338378906,28525914.0
1718206200,217.5800018310547,217.60000610351562,215.27000427246094,215.35000610351562,17483667.0
1718209800,215.33059692382812,217.36000061035156,214.86099243164062,216.92999267578125,12561436.0
1718213400,216.92750549316406,219.3249969482422,216.4600067138672,218.960205078125,17876803.0
1718217000,218.95010375976562,220.1999969482422,217.3699951171875,217.72999572753906,23575609.0
1718220600,217.74000549316406,217.75999450683594,212.83999633789062,213.1116943359375,27633505.0
1718285400,214.77999877929688,216.75,213.13999938964844,213.85020446777344,30111186.0
1718289000,213.8643035888672,214.5590057373047,212.17010498046875,213.44500732421875,11890302.0
1718292600,213.43589782714844,214.06179809570312,211.60000610351562,212.10000610351562,8952250.0
1718296200,212.11000061035156,213.74000549316406,212.02999877929688,213.60000610351562,6757287.0
1718299800,213.60499572753906,213.7899932861328,212.4001007080078,213.19000244140625,6146495.0
1718303400,213.1999969482422,214.39999389648438,213.0399932861328,214.33999633789062,12111802.0
1718307000,214.3300018310547,214.8800048828125,213.83200073242188,214.1300048828125,9252524.0
1718371800,213.80999755859375,215.1699981689453,212.6199951171875,213.38999938964844,16970905.0
1718375400,213.38999938964844,213.91990661621094,212.66000366210938,213.59500122070312,9007098.0
1718379000,213.59500122070312,213.82000732421875,211.6699981689453,211.75,9057332.0
1718382600,211.75,212.2790069580078,211.3000030517578,211.77999877929688,6971182.0
1718386200,211.77999877929688,212.4499969482422,211.69000244140625,212.22500610351562,5419804.0
1718389800,212.22950744628906,212.38999938964844,211.67999267578125,212.3800048828125,5080813.0
1718393400,212.375,212.58790588378906,211.4199981689453,212.52000427246094,7731194.0
1718631000,213.3000030517578,216.49000549316406,212.72000122070312,216.09140014648438,23579228.0
1718634600,216.08999633789062,217.3300018310547,215.3300018310547,216.3314971923828,11752782.0
1718638200,216.3300018310547,217.07000732421875,215.82000732421875,216.5399932861328,7605894.0
1718641800,216.5399932861328,218.10000610351562,216.1300048828125,217.82000732421875,7465754.0
1718645400,217.8300018310547,218.75,217.75,218.35000610351562,8525981.0
1718649000,218.34519958496094,218.94500732421875,217.9600067138672,218.15499877929688,9383966.0
1718652600,218.16000366210938,218.33999633789062,215.47999572753906,216.7100067138672,11852085.0
1718717400,217.61000061035156,218.6300048828125,214.44000244140625,215.30999755859375,21562377.0
1718721000,215.30999755859375,215.8000030517578,213.44000244140625,214.36000061035156,11158176.0
1718724600,214.35499572753906,214.44000244140625,213.0,213.22000122070312,7665650.0
1718728200,213.22000122070312,214.22999572753906,213.2165069580078,213.66000366210938,7074821.0
1718731800,213.66000366210938,214.05569458007812,213.07000732421875,213.72300720214844,5483651.0
1718735400,213.72500610351562,214.91000366210938,213.4001007080078,214.64999389648438,7084903.0
1718739000,214.64500427246094,215.10000610351562,213.91000366210938,214.3800048828125,7980426.0
1718890200,213.92999267578125,214.24000549316406,211.47999572753906,211.6385955810547,18864147.0
1718893800,211.6300048828125,211.97000122070312,209.52999877929688,209.53500366210938,12783233.0
1718897400,209.5399932861328,211.1699981689453,209.4199981689453,209.52499389648438,9155236.0
1718901000,209.52999877929688,210.28990173339844,209.1300048828125,209.3800048828125,6958427.0
1718904600,209.3699951171875,210.60000610351562,209.2100067138672,210.0399932861328,6536332.0
1718908200,210.0399932861328,210.1699981689453,209.16000366210938,209.67320251464844,8591610.0
1718911800,209.6750030517578,209.75,208.85000610351562,209.55999755859375,9279123.0
1718976600,210.38999938964844,211.88999938964844,209.58999633789062,210.82009887695312,29890095.0
1718980200,210.8300018310547,211.43479919433594,210.4199981689453,210.82000732421875,9274770.0
1718983800,210.82000732421875,211.6300048828125,210.72000122070312,211.10000610351562,4060107.0
1718987400,211.08999633789062,211.10989379882812,209.85000610351562,210.05999755859375,8297469.0
1718991000,210.05999755859375,210.97999572753906,209.9499969482422,210.84500122070312,5231252.0
1718994600,210.83999633789062,210.97000122070312,209.97000122070312,210.4199981689453,9306373.0
1718998200,210.4149932861328,210.85000610351562,207.11000061035156,207.11000061035156,19612185.0
1719235800,207.72000122070312,209.55999755859375,206.58999633789062,209.0050048828125,15818722.0
1719239400,209.0,212.6999969482422,208.9199981689453,212.36549377441406,13997902.0
1719243000,212.3800048828125,212.61000061035156,210.6300048828125,210.91000366210938,8594567.0
1719246600,210.91000366210938,211.0,209.39199829101562,210.0050048828125,6365972.0
1719250200,210.0,210.08999633789062,208.8800048828125,209.3699951171875,5647376.0
1719253800,209.3800048828125,209.50999450683594,208.52000427246094,208.85899353027344,5602001.0
1719257400,208.85000610351562,208.91000366210938,207.8446044921875,208.14999389648438,8540682.0
1719322200,209.0800018310547,211.3800048828125,208.61000061035156,209.79989624023438,14332677.0
1719325800,209.8000030517578,210.25999450683594,209.20010375976562,209.7100067138672,6546201.0
1719329400,209.72000122070312,210.48500061035156,209.7100067138672,210.03140258789062,3540240.0
1719333000,210.02999877929688,210.19000244140625,209.3800048828125,210.11500549316406,3379196.0
1719336600,210.11500549316406,210.67010498046875,209.94000244140625,210.66000366210938,3356142.0
1719340200,210.65890502929688,210.66900634765625,209.88999938964844,210.14010620117188,3656016.0
1719343800,210.13999938964844,210.13999938964844,208.82000732421875,209.0760040283203,5902321.0
1719408600,211.44000244140625,213.0,210.63999938964844,212.36000061035156,15333791.0
1719412200,212.3699951171875,213.74000549316406,212.343994140625,213.2100067138672,8758442.0
1719415800,213.2100067138672,214.77999877929688,213.02999877929688,214.34500122070312,6975792.0
1719419400,214.34500122070312,214.3699951171875,213.22999572753906,213.55999755859375,4272468.0
1719423000,213.55169677734375,214.86000061035156,213.49000549316406,214.35000610351562,5926758.0
1719426600,214.34500122070312,214.57000732421875,212.8300018310547,213.26199340820312,5748909.0
1719430200,213.28990173339844,213.5,212.72000122070312,213.1199951171875,5827438.0
1719495000,214.6300048828125,215.739501953125,213.38999938964844,213.80999755859375,14261692.0
1719498600,213.80999755859375,213.9600067138672,212.35000610351562,212.9705047607422,6786057.0
1719502200,212.97000122070312,213.86000061035156,212.57000732421875,213.85499572753906,4414449.0
1719505800,213.8513946533203,214.19000244140625,213.55999755859375,214.0,3649798.0
1719509400,213.99400329589844,214.07000732421875,213.0500030517578,213.4199981689453,3166588.0
1719513000,213.4199981689453,214.02000427246094,213.27000427246094,213.8289031982422,3516414.0
1719516600,213.8300018310547,214.1199951171875,213.14500427246094,214.11000061035156,5152491.0
1719581400,215.80499267578125,216.07000732421875,213.57029724121094,214.63999938964844,13755548.0
1719585000,214.63499450683594,215.3000030517578,213.77000427246094,214.33999633789062,6226559.0
1719588600,214.3300018310547,214.7100067138672,213.52000427246094,213.83999633789062,5602697.0
1719592200,213.8350067138672,214.52999877929688,213.27000427246094,213.83009338378906,4952402.0
1719595800,213.85000610351562,214.0800018310547,213.1300048828125,213.2100067138672,3774396.0
1719599400,213.2100067138672,213.48500061035156,212.6999969482422,213.05499267578125,4936041.0
1719603000,213.0500030517578,213.60989379882812,210.3000030517578,210.61000061035156,13592315.0
1719840600,212.1300048828125,215.58999633789062,211.9199981689453,215.22999572753906,14827486.0
1719844200,215.22000122070312,215.55999755859375,214.08999633789062,215.0133056640625,7684917.0
1719847800,215.00999450683594,216.5800018310547,214.6999969482422,216.5050048828125,6860373.0
1719851400,216.50999450683594,217.50999450683594,216.47000122070312,217.25430297851562,8436608.0
1719855000,217.25,217.25,215.9199981689453,215.93499755859375,4141471.0
1719858600,215.9199981689453,216.24000549316406,215.13999938964844,215.53500366210938,5270483.0
1719862200,215.53500366210938,217.0,215.4600067138672,216.72999572753906,5500033.0
1719927000,216.14999389648438,218.89999389648438,215.10000610351562,218.70989990234375,14475116.0
1719930600,218.7100067138672,220.3300018310547,218.5637969970703,219.51019287109375,11555006.0
1719934200,219.52999877929688,220.11000061035156,218.75999450683594,219.1649932861328,5151809.0
1719937800,219.14999389648438,219.5,218.83079528808594,219.39999389648438,3236672.0
1719941400,219.4001007080078,220.07000732421875,219.27000427246094,220.02999877929688,3762941.0
1719945000,220.02999877929688,220.3300018310547,219.50999450683594,219.6199951171875,4789218.0
1719948600,219.61000061035156,220.3800048828125,219.5,220.3699951171875,5279602.0
1720013400,220.42999267578125,221.39999389648438,219.02999877929688,219.3800048828125,14372255.0
1720017000,219.37989807128906,220.72999572753906,219.10009765625,220.11500549316406,6600486.0
1720020600,220.11500549316406,221.3000030517578,219.77000427246094,221.3000030517578,5274586.0
1720186200,221.64999389648438,225.44000244140625,221.64999389648438,225.17080688476562,17905237.0
1720189800,225.1699981689453,225.19000244140625,223.8300018310547,224.72000122070312,6883671.0
1720193400,224.72000122070312,225.41909790039062,224.67999267578125,225.22000122070312,5004157.0
1720197000,225.22999572753906,225.3699951171875,224.72999572753906,225.35000610351562,3808323.0
1720200600,225.35499572753906,225.63999938964844,224.97999572753906,225.25,4601702.0
1720204200,225.25999450683594,225.52499389648438,225.00999450683594,225.4199981689453,4332445.0
1720207800,225.41990661621094,226.4499969482422,225.36000061035156,226.30999755859375,7165954.0
1720445400,227.08999633789062,227.35000610351562,223.25,225.1999969482422,16387202.0
1720449000,225.19979858398438,226.80999755859375,224.783203125,226.50999450683594,8150247.0
1720452600,226.52999877929688,227.0,225.7899932861328,226.52000427246094,5305936.0
1720456200,226.50999450683594,226.89999389648438,226.0500030517578,226.5998992919922,4946609.0
1720459800,226.5800018310547,227.44000244140625,226.38999938964844,227.3300018310547,4890440.0
1720463400,227.3300018310547,227.36000061035156,226.4600067138672,226.8249969482422,4484923.0
1720467000,226.80999755859375,227.83999633789062,226.76010131835938,227.8000030517578,6040675.0
1720531800,228.18499755859375,229.39500427246094,226.37210083007812,228.52999877929688,13450286.0
1720535400,228.5229034423828,228.65499877929688,227.3000030517578,227.9149932861328,8133838.0
1720539000,227.91009521484375,228.2480010986328,227.60000610351562,228.17999267578125,4278456.0
1720542600,228.1699981689453,228.72540283203125,228.00999450683594,228.00999450683594,4244252.0
1720546200,228.0,228.53500366210938,227.85000610351562,228.44000244140625,3230951.0
1720549800,228.4499969482422,228.5198974609375,228.16000366210938,228.36000061035156,3274100.0
1720553400,228.35000610351562,228.77999877929688,228.1842041015625,228.6999969482422,4806474.0
1720618200,229.44000244140625,231.7220001220703,229.25,231.10000610351562,14711583.0
1720621800,231.11000061035156,231.15499877929688,230.10499572753906,230.9949951171875,6360484.0
1720625400,231.0,232.74000549316406,230.9550018310547,232.19500732421875,9467527.0
1720629000,232.1999969482422,232.4199981689453,230.7100067138672,231.55999755859375,7182941.0
1720632600,231.57000732421875,232.14999389648438,231.52000427246094,232.10000610351562,4334817.0
1720636200,232.10000610351562,232.19000244140625,231.6300048828125,231.75999450683594,4261881.0
1720639800,231.75999450683594,233.0800018310547,231.7050018310547,232.91000366210938,7115598.0
1720704600,231.31170654296875,232.38999938964844,228.52999877929688,228.89999389648438,16644797.0
1720708200,228.8699951171875,229.63999938964844,226.27000427246094,226.6199951171875,10923612.0
1720711800,226.6199951171875,227.83999633789062,225.77000427246094,227.7657928466797,7102718.0
1720715400,227.75999450683594,228.72000122070312,227.27000427246094,227.97999572753906,5833847.0
1720719000,227.97000122070312,227.97500610351562,226.58999633789062,227.26499938964844,3327985.0
1720722600,227.25999450683594,228.5500030517578,227.2100067138672,227.7100067138672,4129270.0
1720726200,227.72000122070312,228.6999969482422,227.5500030517578,227.5500030517578,6050973.0
1720791000,229.0,231.5,228.67999267578125,230.8800048828125,14080146.0
1720794600,230.8800048828125,232.3979949951172,230.6199951171875,231.89990234375,7527748.0
1720798200,231.89999389648438,231.99000549316406,230.50999450683594,230.7100067138672,5014273.0
1720801800,230.7100067138672,231.91000366210938,230.57000732421875,231.90249633789062,4220317.0
1720805400,231.89999389648438,232.63999938964844,231.83999633789062,232.27000427246094,4525973.0
1720809000,232.26499938964844,232.36000061035156,231.55999755859375,231.85989379882812,3484723.0
1720812600,231.86000061035156,231.8699951171875,229.91000366210938,230.57000732421875,5822133.0
1721050200,236.53199768066406,237.22999572753906,233.33999633789062,234.79010009765625,20535733.0
1721053800,234.82000732421875,236.3101043701172,234.47999572753906,235.60000610351562,6820287.0
1721057400,235.5800018310547,235.94979858398438,234.5,235.30799865722656,6582105.0
1721061000,235.32000732421875,235.8800048828125,234.6199951171875,234.69000244140625,3851727.0
1721064600,234.6595001220703,234.8000030517578,233.9040069580078,234.2050018310547,3774759.0
1721068200,234.2100067138672,235.07000732421875,233.97000122070312,234.5800018310547,4097236.0
1721071800,234.5800018310547,234.7899932861328,233.08999633789062,234.4199981689453,5847732.0
1721136600,235.2050018310547,236.27000427246094,233.00999450683594,233.8300018310547,11433979.0
1721140200,233.8300018310547,234.91000366210938,233.6750030517578,234.16000366210938,5219269.0
1721143800,234.16000366210938,234.35000610351562,232.6199951171875,232.94790649414062,5683620.0
1721147400,232.9250030517578,233.7971954345703,232.3300018310547,233.5449981689453,4383942.0
1721151000,233.5399932861328,234.5500030517578,233.4149932861328,234.38999938964844,3187466.0
1721154600,234.39950561523438,234.86500549316406,234.3000030517578,234.55990600585938,3209757.0
1721158200,234.5500030517578,234.97999572753906,234.28500366210938,234.80999755859375,2857260.0
1721223000,229.47999572753906,231.45989990234375,226.63999938964844,227.82000732421875,17630432.0
1721226600,227.8000030517578,228.8300018310547,227.4499969482422,228.6199951171875,5951133.0
1721230200,228.6300048828125,229.00999450683594,228.09500122070312,228.4949951171875,4229799.0
1721233800,228.48500061035156,229.00999450683594,228.14999389648438,228.6999969482422,3870619.0
1721237400,228.67999267578125,229.77999877929688,228.25999450683594,229.51910400390625,4477036.0
1721241000,229.51800537109375,229.8000030517578,228.9600067138672,229.13999938964844,4776274.0
1721244600,229.13999938964844,229.82000732421875,228.57000732421875,228.88499450683594,6250577.0
1721309400,230.34500122070312,230.44000244140625,226.58999633789062,227.88999938964844,12105218.0
1721313000,227.8699951171875,228.00999450683594,222.7899932861328,222.99000549316406,12436258.0
1721316600,222.97999572753906,224.02999877929688,222.4499969482422,223.35000610351562,7965624.0
1721320200,223.35000610351562,225.06500244140625,222.47000122070312,224.55999755859375,6798222.0
1721323800,224.5500030517578,225.1999969482422,224.4149932861328,224.60009765625,5011871.0
1721327400,224.5800018310547,225.07000732421875,223.45089721679688,224.1300048828125,4639961.0
1721331000,224.1199951171875,225.14999389648438,223.8249969482422,224.19000244140625,5051993.0
1721395800,224.8520050048828,226.8000030517578,224.4199981689453,225.0142059326172,14532936.0
1721399400,225.05999755859375,225.86000061035156,223.8708038330078,223.9600067138672,5048006.0
1721403000,223.9600067138672,225.0500030517578,223.55999755859375,223.94500732421875,5582598.0
1721406600,223.94000244140625,224.57989501953125,223.27499389648438,224.4600067138672,3519449.0
1721410200,224.42999267578125,224.94500732421875,223.86000061035156,224.44000244140625,3290229.0
1721413800,224.4600067138672,225.1199951171875,223.88999938964844,225.00999450683594,3663851.0
1721417400,225.0,225.0699005126953,224.00999450683594,224.3800048828125,5391560.0
1721655000,227.27000427246094,227.77999877929688,225.5800018310547,226.8000030517578,10034749.0
1721658600,226.80499267578125,227.12510681152344,223.72000122070312,223.82989501953125,6311242.0
1721662200,223.77999877929688,224.13999938964844,223.08999633789062,223.8350067138672,5069673.0
1721665800,223.8300018310547,224.58999633789062,223.6999969482422,224.38999938964844,3586983.0
1721669400,224.3699951171875,225.42010498046875,224.3300018310547,225.0500030517578,3036671.0
1721673000,225.05999755859375,225.6300048828125,224.6300048828125,224.67999267578125,4186965.0
1721676600,224.67999267578125,225.0399932861328,223.77999877929688,223.92999267578125,4547672.0
1721741400,224.39999389648438,225.13999938964844,222.67999267578125,224.625,7388967.0
1721745000,224.63999938964844,226.72999572753906,224.10060119628906,226.60890197753906,6042663.0
1721748600,226.61500549316406,226.92999267578125,225.1999969482422,225.639892578125,4384033.0
1721752200,225.6300048828125,225.6999053955078,224.61500549316406,224.72000122070312,3440068.0
1721755800,224.7100067138672,225.0399932861328,224.3800048828125,224.5399932861328,2742571.0
1721759400,224.57240295410156,225.10000610351562,224.3280029296875,225.07470703125,2717902.0
1721763000,225.05999755859375,225.27999877929688,224.32000732421875,225.00999450683594,3762733.0
1721827800,224.0,224.8000030517578,220.3000030517578,220.88999938964844,11171284.0
1721831400,220.89999389648438,221.02999877929688,218.2899932861328,218.6750030517578,9222223.0
1721835000,218.6699981689453,218.83999633789062,217.1300048828125,217.90499877929688,6271860.0
1721838600,217.90989685058594,218.5500030517578,217.72000122070312,218.0258026123047,4492564.0
1721842200,218.02000427246094,218.86000061035156,217.83999633789062,218.16000366210938,3875716.0
1721845800,218.16000366210938,218.42999267578125,217.7563018798828,217.88999938964844,4462246.0
1721849400,217.8800048828125,218.77999877929688,217.6999969482422,218.57000732421875,7678488.0
1721914200,218.8699951171875,219.84500122070312,214.6199951171875,215.80999755859375,14511135.0
1721917800,215.82000732421875,219.39999389648438,215.44009399414062,218.67999267578125,7290939.0
1721921400,218.6840057373047,220.52000427246094,218.11000061035156,220.19200134277344,5424720.0
1721925000,220.1999969482422,220.85000610351562,219.27000427246094,219.4199981689453,4035246.0
1721928600,219.42999267578125,220.47999572753906,219.3572998046875,219.8800048828125,3151089.0
1721932200,219.86000061035156,220.4199981689453,218.61700439453125,220.125,3922802.0
1721935800,220.10000610351562,220.27000427246094,217.3300018310547,217.49000549316406,5667186.0
1722000600,218.85000610351562,219.14990234375,216.00999450683594,217.39999389648438,10822541.0
1722004200,217.39500427246094,218.1540069580078,216.45590209960938,217.9553985595703,4349192.0
1722007800,217.9550018310547,219.02000427246094,217.50999450683594,218.69119262695312,4508080.0
1722011400,218.7100067138672,219.49000549316406,218.7100067138672,219.30450439453125,3011413.0
1722015000,219.30499267578125,219.326904296875,217.67999267578125,218.14999389648438,3519375.0
1722018600,218.16000366210938,218.75,217.56100463867188,218.60499572753906,3261740.0
1722022200,218.6199951171875,218.6199951171875,217.1300048828125,218.1199951171875,4479378.0
1722259800,216.67999267578125,219.3000030517578,215.92999267578125,217.72999572753906,9684510.0
1722263400,217.75,218.69000244140625,216.50999450683594,217.13999938964844,5007715.0
1722267000,217.11000061035156,218.9600067138672,216.60049438476562,218.5449981689453,3349338.0
1722270600,218.5500030517578,219.27999877929688,218.375,218.6999969482422,2769535.0
1722274200,218.6999969482422,219.08689880371094,218.0500030517578,218.35000610351562,2855524.0
1722277800,218.33999633789062,218.75,217.97000122070312,218.58999633789062,3092834.0
1722281400,218.58999633789062,219.1199951171875,218.0,218.2100067138672,3984140.0
1722346200,219.0399932861328,220.3249969482422,218.55999755859375,219.07000732421875,8172417.0
1722349800,219.07000732421875,219.33580017089844,217.1699981689453,217.2899932861328,5639492.0
1722353400,217.27999877929688,217.5399932861328,216.3300018310547,216.97999572753906,3537121.0
1722357000,216.9600067138672,217.35000610351562,216.1199951171875,217.25,3365740.0
1722360600,217.24000549316406,218.74000549316406,216.9600067138672,218.28500366210938,3146102.0
1722364200,218.27999877929688,218.7100067138672,217.97000122070312,218.6300048828125,3328246.0
1722367800,218.63999938964844,219.9199981689453,218.4499969482422,218.7899932861328,5666938.0
1722432600,221.52999877929688,223.44000244140625,220.63999938964844,222.8300018310547,10706115.0
1722436200,222.83999633789062,223.82000732421875,222.3000030517578,223.15499877929688,5147851.0
1722439800,223.15499877929688,223.3699951171875,222.1699981689453,222.3699951171875,3107571.0
1722443400,222.38360595703125,223.00999450683594,222.08009338378906,222.60000610351562,3484238.0
1722447000,222.59500122070312,223.00999450683594,221.30999755859375,222.92999267578125,3509520.0
1722450600,222.94000244140625,223.3699951171875,221.28500366210938,221.610107421875,4951278.0
1722454200,221.63999938964844,223.00929260253906,221.3699951171875,221.99000549316406,5618520.0
1722519000,224.3699951171875,224.45050048828125,221.25999450683594,221.27999877929688,10512069.0
1722522600,221.27969360351562,221.72999572753906,220.1199951171875,220.5399932861328,6309661.0
1722526200,220.55999755859375,220.85000610351562,219.02000427246094,219.32000732421875,4477931.0
1722529800,219.33999633789062,219.5,217.6300048828125,218.14999389648438,4455108.0
1722533400,218.16000366210938,218.8000030517578,217.1907958984375,217.7899932861328,6390068.0
1722537000,217.7949981689453,218.15989685058594,217.02000427246094,218.05499267578125,6030523.0
1722540600,218.0500030517578,219.13999938964844,217.13499450683594,218.27999877929688,7438049.0
1722605400,219.14999389648438,224.4149932861328,217.7100067138672,222.65499877929688,29536982.0
1722609000,222.6300048828125,224.37989807128906,221.75999450683594,222.8300018310547,14319380.0
1722612600,222.86000061035156,224.72000122070312,221.4199981689453,224.6199951171875,9098444.0
1722616200,224.61500549316406,225.60000610351562,223.4499969482422,224.63999938964844,7487153.0
1722619800,224.6300048828125,225.0050048828125,221.91000366210938,223.43499755859375,7549443.0
1722623400,223.4199981689453,224.10000610351562,222.11000061035156,222.6199951171875,6527167.0
1722627000,222.6300048828125,222.98829650878906,219.05999755859375,219.8000030517578,11042774.0
1722864600,199.13999938964844,211.11000061035156,196.2100067138672,207.97869873046875,43357359.0
1722868200,207.94070434570312,213.47000122070312,207.82000732421875,211.1699981689453,13404154.0
1722871800,211.1999969482422,213.0,209.5050048828125,212.61500549316406,8715135.0
1722875400,212.6199951171875,212.64999389648438,209.72000122070312,210.80999755859375,6246693.0
1722879000,210.7899932861328,211.88999938964844,209.3699951171875,210.61000061035156,5113963.0
1722882600,210.56300354003906,210.9499969482422,203.9199981689453,206.42999267578125,16677734.0
1722886200,206.42999267578125,209.35000610351562,206.01170349121094,209.19000244140625,11251750.0
1722951000,205.38999938964844,206.25,201.07000732421875,204.89010620117188,23694537.0
1722954600,204.97999572753906,207.739501953125,204.3699951171875,206.11000061035156,7809373.0
1722958200,206.1204071044922,208.99000549316406,206.05999755859375,208.63099670410156,5843682.0
1722961800,208.6699981689453,209.97999572753906,208.36000061035156,208.99000549316406,4607591.0
1722965400,209.00999450683594,209.4799041748047,207.7050018310547,209.44639587402344,4690988.0
1722969000,209.4499969482422,209.9499969482422,207.39999389648438,208.5050048828125,5270629.0
1722972600,208.5050048828125,208.58999633789062,206.39999389648438,207.125,6519030.0
1723037400,206.88999938964844,212.89999389648438,206.41000366210938,211.6999969482422,15714668.0
1723041000,211.69000244140625,213.58999633789062,211.47000122070312,213.16000366210938,6367518.0
1723044600,213.12399291992188,213.63999938964844,211.17999267578125,212.5850067138672,5060827.0
1723048200,212.59970092773438,212.97000122070312,210.35000610351562,211.0399932861328,5212227.0
1723051800,211.0399932861328,211.49000549316406,210.02000427246094,211.05999755859375,5095212.0
1723055400,211.02000427246094,211.02000427246094,208.47999572753906,210.5200958251953,6015049.0
1723059000,210.5500030517578,210.99000549316406,209.41000366210938,209.86000061035156,5358011.0
1723123800,213.09500122070312,213.2100067138672,208.8300018310547,212.55999755859375,10203691.0
1723127400,212.5800018310547,212.99000549316406,211.0800018310547,212.2100067138672,4980328.0
1723131000,212.2100067138672,213.4600067138672,211.7100067138672,213.25,4471605.0
1723134600,213.26499938964844,213.99000549316406,212.5,213.89759826660156,3897513.0
1723138200,213.89999389648438,214.1999969482422,212.70750427246094,212.97999572753906,3971724.0
1723141800,212.9958953857422,213.42999267578125,212.1199951171875,212.13009643554688,3833831.0
1723145400,212.13999938964844,213.52000427246094,211.8800048828125,213.33999633789062,4665159.0
1723210200,212.0800018310547,214.7895050048828,211.97999572753906,214.6999969482422,7767530.0
1723213800,214.7100067138672,215.73500061035156,213.6699981689453,215.13499450683594,4852988.0
1723217400,215.1199951171875,215.7100067138672,214.41000366210938,214.5301055908203,3993538.0
1723221000,214.52999877929688,216.5399932861328,214.51010131835938,216.53500366210938,3806159.0
1723224600,216.5399932861328,216.77999877929688,214.9199981689453,215.27999877929688,3531367.0
1723228200,215.27499389648438,216.3800048828125,214.89999389648438,216.28500366210938,4226291.0
1723231800,216.25999450683594,216.61500549316406,215.33999633789062,216.3000030517578,5238718.0
1723469400,216.0,218.71499633789062,215.60000610351562,218.4499969482422,8545889.0
1723473000,218.44000244140625,219.50990295410156,217.14999389648438,217.80999755859375,5732544.0
1723476600,217.7947998046875,218.7574005126953,217.35000610351562,217.97999572753906,4072901.0
1723480200,217.97000122070312,218.33999633789062,217.02999877929688,217.24769592285156,3376508.0
1723483800,217.25,217.4550018310547,216.47999572753906,216.7449951171875,2928826.0
1723487400,216.6999969482422,217.42999267578125,216.59500122070312,217.02999877929688,2657864.0
1723491000,217.0399932861328,217.6300048828125,216.58999633789062,217.5500030517578,3179687.0
1723555800,219.10499572753906,221.7100067138672,219.00999450683594,221.0,11857628.0
1723559400,220.9949951171875,221.5,220.26060485839844,221.05499267578125,4325256.0
1723563000,221.0500030517578,221.59869384765625,220.88999938964844,221.11050415039062,3691243.0
1723566600,221.08999633789062,221.8000030517578,220.9600067138672,221.69000244140625,2825480.0
1723570200,221.69000244140625,221.88999938964844,220.56500244140625,221.21800231933594,3040248.0
1723573800,221.24609375,221.48489379882812,220.5399932861328,220.66000366210938,2559260.0
1723577400,220.6699981689453,221.27999877929688,220.4199981689453,221.27000427246094,3842702.0
1723642200,220.56500244140625,222.02000427246094,219.6999969482422,221.1103973388672,10322006.0
1723645800,221.11000061035156,222.55999755859375,220.4550018310547,222.55870056152344,4517827.0
1723649400,222.5500030517578,223.02999877929688,221.01499938964844,221.30499267578125,4029799.0
1723653000,221.32000732421875,221.4600067138672,220.3800048828125,221.1750030517578,3645945.0
1723656600,221.16000366210938,221.7689971923828,220.91000366210938,221.5399932861328,3099853.0
1723660200,221.52999877929688,221.61000061035156,220.80999755859375,221.16000366210938,2990194.0
1723663800,221.16000366210938,222.35000610351562,221.15310668945312,221.6199951171875,4112373.0
1723728600,224.5500030517578,224.99000549316406,222.75999450683594,224.7899932861328,9897134.0
1723732200,224.77999877929688,225.33999633789062,223.89999389648438,224.0050048828125,5316678.0
1723735800,224.00999450683594,225.01499938964844,223.85000610351562,224.9949951171875,3233561.0
1723739400,225.0,225.02000427246094,224.2449951171875,224.5449981689453,3507566.0
1723743000,224.55999755859375,225.14999389648438,224.50999450683594,225.07000732421875,2520626.0
1723746600,225.05999755859375,225.3300018310547,224.91380310058594,225.05999755859375,3818557.0
1723750200,225.05499267578125,225.08999633789062,223.84500122070312,224.7100067138672,5065291.0
1723815000,223.9199981689453,225.02000427246094,223.6501007080078,224.38999938964844,11905855.0
1723818600,224.3800048828125,225.02000427246094,223.96609497070312,224.91000366210938,4388806.0
1723822200,224.91000366210938,226.4456024169922,224.91000366210938,226.33999633789062,5068731.0
1723825800,226.35000610351562,226.8271026611328,226.30999755859375,226.5500030517578,4500362.0
1723829400,226.5500030517578,226.6699981689453,225.6300048828125,225.99000549316406,3023962.0
1723833000,225.98500061035156,226.2100067138672,225.7635955810547,225.9600067138672,2364036.0
1723836600,225.9604949951172,226.13999938964844,225.5399932861328,226.10000610351562,3252354.0
1724074200,225.69500732421875,225.69500732421875,223.0399932861328,224.16000366210938,9670189.0
1724077800,224.16000366210938,224.72999572753906,223.49000549316406,224.43020629882812,4193053.0
1724081400,224.42759704589844,224.64999389648438,223.75,224.4250030517578,3379602.0
1724085000,224.41000366210938,224.46499633789062,223.75,224.02499389648438,2649753.0
1724088600,224.02999877929688,224.66000366210938,223.8000030517578,224.63999938964844,3556772.0
1724092200,224.64500427246094,224.9499969482422,224.5800018310547,224.92999267578125,2814556.0
1724095800,224.9250030517578,225.97000122070312,224.88999938964844,225.89999389648438,4867293.0
1724160600,225.77000427246094,227.1699981689453,225.4499969482422,226.66000366210938,7693400.0
1724164200,226.67999267578125,226.69000244140625,225.7100067138672,226.2100067138672,3611714.0
1724167800,226.2050018310547,227.09500122070312,226.08999633789062,226.89999389648438,2572227.0
1724171400,226.89500427246094,227.08999633789062,226.11000061035156,226.7100067138672,2086631.0
1724175000,226.6999969482422,227.11000061035156,226.35000610351562,227.01499938964844,1991274.0
1724178600,227.02999877929688,227.05999755859375,226.19000244140625,226.48500061035156,2299219.0
1724182200,226.47999572753906,226.92999267578125,226.38999938964844,226.49000549316406,2581538.0
1724247000,226.49000549316406,227.6699981689453,225.91000366210938,227.22500610351562,8159799.0
1724250600,227.22999572753906,227.97999572753906,225.8800048828125,226.49000549316406,4755603.0
1724254200,226.49989318847656,226.58999633789062,225.63499450683594,226.24000549316406,2772090.0
1724257800,226.25,226.50399780273438,225.92010498046875,226.00010681152344,2061134.0
1724261400,226.00999450683594,226.4499969482422,225.8300018310547,226.4499969482422,2566714.0
1724265000,226.4499969482422,226.5800018310547,225.3302001953125,225.77000427246094,2984227.0
1724268600,225.77999877929688,226.55999755859375,225.1909942626953,226.39999389648438,3834165.0
1724333400,227.60000610351562,228.33999633789062,226.5500030517578,226.77000427246094,8837839.0
1724337000,226.75999450683594,227.2100067138672,226.13999938964844,226.17999267578125,3513476.0
1724340600,226.13999938964844,226.44000244140625,224.92010498046875,226.42999267578125,3401206.0
1724344200,226.43499755859375,226.61000061035156,225.0847930908203,225.64500427246094,2873698.0
1724347800,225.6300048828125,225.82000732421875,223.89999389648438,224.85989379882812,3951613.0
1724351400,224.86000061035156,224.94000244140625,224.14999389648438,224.32000732421875,2652812.0
1724355000,224.33999633789062,224.9199981689453,224.02999877929688,224.52999877929688,4874043.0
1724419800,225.65890502929688,228.22000122070312,225.52000427246094,227.97500610351562,8606738.0
1724423400,227.99000549316406,228.10000610351562,225.19009399414062,225.9499969482422,5457419.0
1724427000,225.968505859375,226.7100067138672,224.8800048828125,225.11500549316406,3192087.0
1724430600,225.11000061035156,225.99000549316406,224.33999633789062,225.96499633789062,2664126.0
1724434200,225.97000122070312,226.5500030517578,225.9499969482422,226.45269775390625,2323736.0
1724437800,226.4550018310547,227.10000610351562,226.22000122070312,227.05999755859375,2752049.0
1724441400,227.06500244140625,227.16690063476562,226.22999572753906,226.7736053466797,3536618.0
1724679000,227.2100067138672,227.2100067138672,224.47720336914062,224.9499969482422,6251104.0
1724682600,224.9199981689453,225.19000244140625,223.8905029296875,225.07000732421875,3930509.0
1724686200,225.05999755859375,225.82000732421875,224.63999938964844,225.8105010986328,3335827.0
1724689800,225.81100463867188,226.39999389648438,225.75,226.1199951171875,2092165.0
1724693400,226.1300048828125,226.4250030517578,225.4429931640625,225.8699951171875,2251610.0
1724697000,225.86000061035156,226.6699981689453,225.76010131835938,226.4300994873047,2444527.0
1724700600,226.42999267578125,227.27999877929688,226.2899932861328,227.25999450683594,3543413.0
1724765400,226.21009826660156,228.22000122070312,224.88999938964844,227.97000122070312,8575296.0
1724769000,227.9600067138672,228.80999755859375,227.6501007080078,228.6300048828125,4591987.0
1724772600,228.57000732421875,228.66000366210938,227.8699951171875,227.94000244140625,2877065.0
1724776200,227.92999267578125,228.52999877929688,227.5500030517578,228.49000549316406,2150303.0
1724779800,228.5,228.66400146484375,228.07000732421875,228.4832000732422,1944293.0
1724783400,228.47999572753906,228.5489959716797,228.08999633789062,228.14999389648438,1885195.0
1724787000,228.14999389648438,228.27000427246094,227.75,228.13999938964844,3396614.0
1724851800,228.0500030517578,229.66000366210938,227.87100219726562,229.63999938964844,8121114.0
1724855400,229.6300048828125,229.85000610351562,226.3300018310547,226.80999755859375,5991731.0
1724859000,226.8000030517578,227.27000427246094,226.25999450683594,227.02999877929688,5540740.0
1724862600,227.02000427246094,227.75999450683594,227.00999450683594,227.47000122070312,2481723.0
1724866200,227.47000122070312,227.60000610351562,225.6800994873047,226.0800018310547,2007338.0
1724869800,226.0800018310547,227.63999938964844,225.9600067138672,227.4600067138672,3017614.0
1724873400,227.4499969482422,227.5399932861328,226.33999633789062,226.49000549316406,3607065.0
1724938200,230.27999877929688,231.94000244140625,228.8800048828125,231.4199981689453,15038494.0
1724941800,231.42999267578125,232.88999938964844,231.3800048828125,232.4499969482422,7514577.0
1724945400,232.44760131835938,232.7091064453125,231.49000549316406,232.4499969482422,5159347.0
1724949000,232.4499969482422,232.7100067138672,231.8699951171875,232.1300048828125,3294078.0
1724952600,232.13999938964844,232.5,230.5500030517578,230.83599853515625,4397159.0
1724956200,230.8300018310547,230.97000122070312,229.62010192871094,230.13999938964844,5247050.0
1724959800,230.1699981689453,230.77000427246094,229.3300018310547,229.80999755859375,4555191.0
1725024600,230.0,230.39999389648438,228.54010009765625,229.19500732421875,8962269.0
1725028200,229.1999969482422,230.00999450683594,227.72999572753906,228.2449951171875,4933862.0
1725031800,228.22000122070312,228.875,227.5500030517578,228.02999877929688,3257176.0
1725035400,228.02020263671875,228.6999969482422,227.47999572753906,228.14999389648438,2683350.0
1725039000,228.13499450683594,228.31500244140625,227.66000366210938,227.99000549316406,2414533.0
1725042600,228.0,229.0500030517578,227.9499969482422,229.0399932861328,3332557.0
1725046200,229.0399932861328,229.85000610351562,228.3800048828125,228.86000061035156,6922500.0
1725370200,228.61000061035156,229.0,224.72999572753906,225.30999755859375,10969784.0
1725373800,225.30499267578125,225.30499267578125,223.50999450683594,223.85499572753906,5984800.0
1725377400,223.86000061035156,224.42999267578125,223.27000427246094,223.88999938964844,3719653.0
1725381000,223.8800048828125,224.14999389648438,223.4499969482422,223.8314971923828,2520844.0
1725384600,223.8251953125,223.9199981689453,221.83999633789062,222.1300048828125,4242288.0
1725388200,222.1199951171875,222.72999572753906,221.77000427246094,222.4499969482422,4336460.0
1725391800,222.44000244140625,222.77999877929688,221.1699981689453,222.75,6650499.0
1725456600,221.66000366210938,221.7550048828125,217.47999572753906,218.63499450683594,13419708.0
1725460200,218.6300048828125,220.25,218.5399932861328,218.6800994873047,6164983.0
1725463800,218.69500732421875,219.96499633789062,218.02000427246094,219.92999267578125,3511080.0
1725467400,220.11000061035156,220.7843017578125,219.5399932861328,220.1199951171875,3078968.0
1725471000,220.10459899902344,221.11000061035156,220.07000732421875,220.91000366210938,3084195.0
1725474600,220.89999389648438,221.13999938964844,220.1699981689453,220.5500030517578,3235652.0
1725478200,220.5500030517578,221.4300994873047,220.4199981689453,220.7899932861328,4798702.0
1725543000,222.5,225.47999572753906,222.36000061035156,225.05999755859375,10704308.0
1725546600,225.0800018310547,225.38999938964844,222.3800048828125,222.47999572753906,4610729.0
1725550200,222.4600067138672,222.81959533691406,221.88999938964844,222.79519653320312,3171908.0
1725553800,222.7899932861328,223.14999389648438,222.33999633789062,222.38999938964844,2425313.0
1725557400,222.397705078125,223.75,222.37420654296875,223.33059692382812,2790012.0
1725561000,223.33999633789062,223.89999389648438,222.11000061035156,222.8300018310547,2545064.0
1725564600,222.82000732421875,223.3699951171875,221.8101043701172,222.39999389648438,3426613.0
1725629400,224.0,225.24000549316406,222.3800048828125,222.69000244140625,10837039.0
1725633000,222.6699981689453,223.02000427246094,220.8300018310547,221.25,6152793.0
1725636600,221.25,222.0677947998047,220.66200256347656,220.68569946289062,3892594.0
1725640200,220.6999969482422,221.63999938964844,220.4600067138672,220.97999572753906,3419148.0
1725643800,220.9499969482422,221.08999633789062,219.77000427246094,220.18780517578125,3000383.0
1725647400,220.19000244140625,221.47000122070312,219.82000732421875,221.05999755859375,3924346.0
1725651000,221.0625,221.5500030517578,220.13999938964844,220.91000366210938,4598421.0
1725888600,220.89999389648438,221.0,217.82000732421875,218.875,13584735.0
1725892200,218.8800048828125,219.00999450683594,217.0500030517578,218.9600067138672,6687156.0
1725895800,218.97999572753906,220.5,218.92999267578125,220.2039031982422,4368450.0
1725899400,220.2126007080078,220.92999267578125,219.80999755859375,220.83999633789062,4747989.0
1725903000,220.83799743652344,220.85000610351562,217.0800018310547,217.1699981689453,11488645.0
1725906600,217.13999938964844,219.2725067138672,216.72000122070312,219.25999450683594,9269515.0
1725910200,219.27000427246094,221.0364990234375,219.27000427246094,220.99000549316406,8206929.0
1725975000,219.58999633789062,219.97500610351562,216.72999572753906,219.77999877929688,14107205.0
1725978600,219.76499938964844,220.22000122070312,218.22000122070312,219.9499969482422,6070511.0
1725982200,219.9499969482422,220.41000366210938,218.0404052734375,218.5399932861328,4556201.0
1725985800,218.5301055908203,220.64999389648438,218.49000549316406,220.27000427246094,3685902.0
1725989400,220.27000427246094,221.47999572753906,220.19590759277344,220.80999755859375,3978034.0
1725993000,220.8300018310547,221.0449981689453,220.2100067138672,220.75,5332395.0
1725996600,220.7449951171875,221.11000061035156,219.67999267578125,220.1699981689453,4674197.0
1726061400,221.0,222.75,219.14999389648438,219.25,9711642.0
1726065000,219.24000549316406,219.33999633789062,217.968994140625,218.89999389648438,4829294.0
1726068600,218.89999389648438,220.9499969482422,218.6699981689453,220.835205078125,3877451.0
1726072200,220.86000061035156,221.85000610351562,220.50999450683594,221.20970153808594,2846309.0
1726075800,221.22000122070312,221.6999969482422,220.83999633789062,221.6199951171875,3495565.0
1726079400,221.64999389648438,221.97000122070312,221.11000061035156,221.97000122070312,4285668.0
1726083000,221.9550018310547,223.0,221.67999267578125,222.86000061035156,5531388.0
1726147800,222.0,222.37939453125,219.82000732421875,222.07000732421875,8196037.0
1726151400,222.07119750976562,223.0675048828125,221.08999633789062,221.89999389648438,4368515.0
1726155000,221.89999389648438,222.5399932861328,221.6199951171875,221.92999267578125,2289208.0
1726158600,221.9499969482422,223.0500030517578,221.7100067138672,222.6199951171875,2450018.0
1726162200,222.60000610351562,223.22999572753906,222.5800018310547,223.14010620117188,2928926.0
1726165800,223.13999938964844,223.5399932861328,222.16000366210938,222.94000244140625,3839512.0
1726169400,222.92999267578125,223.3489990234375,222.44000244140625,222.8699951171875,5236457.0
1726234200,223.0,223.38999938964844,222.19000244140625,222.3699951171875,9588879.0
1726237800,222.35000610351562,223.75,221.91000366210938,223.5449981689453,4492924.0
1726241400,223.5449981689453,223.99000549316406,223.05499267578125,223.3101043701172,2825345.0
1726245000,223.32000732421875,224.02999877929688,223.22000122070312,223.58380126953125,2326834.0
1726248600,223.5800018310547,224.02000427246094,222.85000610351562,223.0,2945593.0
1726252200,222.9949951171875,223.0500030517578,222.33120727539062,222.53399658203125,3150741.0
1726255800,222.5399932861328,222.84300231933594,222.30999755859375,222.4600067138672,4426267.0
1726493400,216.47000122070312,217.1999969482422,213.9199981689453,216.66000366210938,21390264.0
1726497000,216.64010620117188,216.9149932861328,214.83999633789062,216.55650329589844,8162076.0
1726500600,216.5500030517578,216.5800018310547,214.91000366210938,215.39999389648438,4852521.0
1726504200,215.38999938964844,215.97999572753906,214.92010498046875,215.96499633789062,3748142.0
1726507800,215.9600067138672,216.52000427246094,215.75,216.42999267578125,3606890.0
1726511400,216.4250030517578,216.466796875,215.9199981689453,216.22500610351562,4144167.0
1726515000,216.22500610351562,216.6999969482422,216.17999267578125,216.3000030517578,5232224.0
1726579800,215.5,216.55999755859375,214.5,216.4199981689453,11537502.0
1726583400,216.39999389648438,216.89999389648438,215.88999938964844,216.2050018310547,5086619.0
1726587000,216.2100067138672,216.83999633789062,215.50999450683594,215.75999450683594,4563369.0
1726590600,215.77000427246094,216.22999572753906,215.22999572753906,216.1699981689453,4929353.0
1726594200,216.16000366210938,216.38999938964844,215.05999755859375,216.14999389648438,3204596.0
1726597800,216.13999938964844,216.6199951171875,215.3000030517578,216.61000061035156,3928149.0
1726601400,216.60000610351562,216.85000610351562,216.1699981689453,216.85000610351562,4733527.0
1726666200,218.25,220.73500061035156,218.1721954345703,220.73500061035156,11719770.0
1726669800,220.7301025390625,221.61000061035156,220.25100708007812,220.6300048828125,8156545.0
1726673400,220.63999938964844,220.86990356445312,219.52000427246094,220.80999755859375,4730443.0
1726677000,220.8000030517578,221.35000610351562,220.25999450683594,221.21009826660156,4663209.0
1726680600,221.22000122070312,222.6999969482422,219.92999267578125,221.4073028564453,7417109.0
1726684200,221.4958953857422,221.85000610351562,218.92999267578125,221.5,7309128.0
1726687800,221.5399932861328,221.80999755859375,219.8800048828125,220.69000244140625,6247706.0
1726752600,225.0,229.60000610351562,224.63999938964844,229.4949951171875,18240508.0
1726756200,229.58999633789062,229.74000549316406,227.66000366210938,228.49000549316406,8846328.0
1726759800,228.48460388183594,229.17999267578125,228.0,228.9949951171875,5729594.0
1726763400,228.99000549316406,229.3300018310547,228.72079467773438,229.17010498046875,4098355.0
1726767000,229.17689514160156,229.45570373535156,228.39999389648438,228.8699951171875,4410441.0
1726770600,228.8699951171875,229.49000549316406,228.76010131835938,229.46719360351562,4815301.0
1726774200,229.4600067138672,229.58999633789062,228.2899932861328,228.82000732421875,7376731.0
1726839000,230.1300048828125,231.16000366210938,229.3011016845703,230.0345001220703,28984531.0
1726842600,230.02999877929688,230.5800018310547,229.1999969482422,229.77000427246094,12497143.0
1726846200,229.75999450683594,231.74000549316406,229.74000549316406,231.72999572753906,7914719.0
1726849800,231.72000122070312,231.9199981689453,230.61000061035156,230.75,6485883.0
1726853400,230.74000549316406,231.25999450683594,229.60000610351562,229.77720642089844,7870480.0
1726857000,229.77000427246094,232.0,229.5,231.97500610351562,10546962.0
1726860600,231.97500610351562,233.08999633789062,227.6199951171875,228.52999877929688,25542112.0
1727098200,227.33999633789062,228.07000732421875,225.86000061035156,228.00999450683594,13371841.0
1727101800,228.00999450683594,229.4499969482422,227.6300048828125,228.6533966064453,6527900.0
1727105400,228.66000366210938,228.89999389648438,226.92999267578125,226.94000244140625,3575768.0
1727109000,226.94000244140625,227.41000366210938,226.62010192871094,226.74000549316406,3228628.0
1727112600,226.74899291992188,227.17999267578125,226.50999450683594,226.67999267578125,2921492.0
1727116200,226.69000244140625,226.75999450683594,225.89999389648438,226.2899932861328,3625613.0
1727119800,226.27999877929688,226.6999969482422,225.80999755859375,226.4499969482422,4397453.0
1727184600,228.64500427246094,229.35000610351562,226.0500030517578,226.07000732421875,7586055.0
1727188200,226.07000732421875,227.47999572753906,225.74000549316406,227.01210021972656,4155816.0
1727191800,227.02000427246094,227.73939514160156,226.6999969482422,227.5500030517578,2884573.0
1727195400,227.5399932861328,227.75999450683594,226.80999755859375,227.24000549316406,2149179.0
1727199000,227.24220275878906,227.47999572753906,226.80999755859375,226.8791046142578,1936488.0
1727202600,226.8699951171875,227.08999633789062,226.5399932861328,227.0260009765625,1999556.0
1727206200,227.0399932861328,227.5,226.3699951171875,227.36000061035156,4656959.0
1727271000,225.25,227.2899932861328,224.61000061035156,226.38499450683594,8474136.0
1727274600,226.27000427246094,226.79989624023438,225.3800048828125,225.4499969482422,4105730.0
1727278200,225.39999389648438,225.98989868164062,225.32000732421875,225.87010192871094,2773314.0
1727281800,225.86000061035156,226.02000427246094,225.27000427246094,225.36000061035156,2776012.0
1727285400,225.35000610351562,225.4499969482422,224.02999877929688,224.89999389648438,4550963.0
1727289000,224.88999938964844,225.32000732421875,224.76499938964844,225.25990295410156,2750104.0
1727292600,225.25,226.44000244140625,225.19000244140625,226.30999755859375,4052788.0
1727357400,227.0,227.09970092773438,225.88999938964844,226.89999389648438,8068048.0
1727361000,226.91000366210938,228.5,226.52999877929688,227.3896942138672,5650385.0
1727364600,227.38650512695312,227.82000732421875,226.67999267578125,227.30999755859375,2992378.0
1727368200,227.31500244140625,227.39999389648438,226.6699981689453,227.15499877929688,1819367.0
1727371800,227.15499877929688,227.7100067138672,226.9709930419922,227.7050018310547,2270366.0
1727375400,227.7100067138672,227.86500549316406,227.46200561523438,227.5749969482422,2387943.0
1727379000,227.5800018310547,227.7899932861328,226.99000549316406,227.6199951171875,3934449.0
1727443800,229.0,229.52000427246094,227.99000549316406,228.96499633789062,7075016.0
1727447400,228.96499633789062,229.07000732421875,227.83999633789062,228.1300048828125,4071369.0
1727451000,228.1199951171875,228.25,227.3000030517578,228.14999389648438,3339358.0
1727454600,228.13999938964844,228.6199951171875,227.9199981689453,227.9949951171875,1914209.0
1727458200,227.99000549316406,228.52000427246094,227.80999755859375,227.89500427246094,2008696.0
1727461800,227.89999389648438,228.19000244140625,227.52999877929688,227.80999755859375,2165156.0
1727465400,227.82000732421875,228.0,227.5500030517578,227.82000732421875,3703154.0
1727703000,231.0,232.34120178222656,230.30999755859375,230.97999572753906,11787517.0
1727706600,230.97000122070312,232.04989624023438,230.75,231.89999389648438,4589294.0
1727710200,232.02000427246094,232.53829956054688,231.8300018310547,232.1199951171875,3947937.0
1727713800,232.1199951171875,232.1999969482422,231.30999755859375,231.64500427246094,2500766.0
1727717400,231.64999389648438,232.0,230.5500030517578,231.00999450683594,3105354.0
1727721000,231.0,231.91000366210938,230.77639770507812,231.22000122070312,3385830.0
1727724600,231.2050018310547,233.0,231.11000061035156,233.0,9077998.0
1727789400,228.5,228.77000427246094,224.66000366210938,224.9600067138672,18785859.0
1727793000,224.6999969482422,225.5,224.52000427246094,225.47500610351562,7238550.0
1727796600,225.47000122070312,225.94000244140625,225.0500030517578,225.31300354003906,5236262.0
1727800200,225.3000030517578,225.39500427246094,223.74000549316406,223.92999267578125,4629057.0
1727803800,223.92999267578125,225.63999938964844,223.83999633789062,225.4600067138672,4115947.0
1727807400,225.44000244140625,226.1884002685547,225.24600219726562,226.1501007080078,4202375.0
1727811000,226.14999389648438,226.33999633789062,225.87570190429688,226.25999450683594,5044106.0
1727875800,225.88999938964844,226.11000061035156,223.02999877929688,225.4199981689453,9385176.0
1727879400,225.39999389648438,226.60000610351562,225.27000427246094,226.2050018310547,4586645.0
1727883000,226.22000122070312,227.0500030517578,226.1649932861328,226.95199584960938,3954712.0
1727886600,226.9499969482422,227.03939819335938,226.58999633789062,226.95989990234375,2173028.0
1727890200,226.94000244140625,227.17999267578125,226.35000610351562,226.82000732421875,2418335.0
1727893800,226.8000030517578,227.3300018310547,226.64999389648438,227.24000549316406,2105356.0
1727897400,227.22500610351562,227.3699951171875,226.69009399414062,226.80999755859375,2793983.0
1727962200,225.24000549316406,226.8000030517578,224.72000122070312,224.8350067138672,6220681.0
1727965800,224.80999755859375,225.52999877929688,224.26499938964844,224.87420654296875,4150076.0
1727969400,224.88839721679688,225.3699951171875,224.8300018310547,225.07119750976562,3280055.0
1727973000,225.08999633789062,225.09629821777344,223.3238983154297,223.8350067138672,3492200.0
1727976600,223.83999633789062,224.40989685058594,223.70010375976562,223.84010314941406,1911305.0
1727980200,223.8350067138672,224.0399932861328,223.50010681152344,223.6999969482422,2380663.0
1727983800,223.7100067138672,225.83999633789062,223.66000366210938,225.6699981689453,5709739.0
1728048600,227.88999938964844,228.0,224.3800048828125,224.510498046875,8338473.0
1728052200,224.49000549316406,225.5399932861328,224.13999938964844,224.55999755859375,4171900.0
1728055800,224.52999877929688,225.57000732421875,224.3249969482422,224.9499969482422,3129678.0
1728059400,224.9571075439453,225.47999572753906,224.8675994873047,225.10009765625,1978865.0
1728063000,225.1199951171875,225.35000610351562,224.5500030517578,225.08999633789062,2430951.0
1728066600,225.08999633789062,226.19000244140625,225.0399932861328,226.09010314941406,3128943.0
1728070200,226.09500122070312,226.97999572753906,225.92999267578125,226.77999877929688,4791908.0
1728307800,224.4600067138672,225.5399932861328,224.05499267578125,225.32000732421875,7846943.0
1728311400,225.31500244140625,225.69000244140625,224.47999572753906,225.0601043701172,3155397.0
1728315000,225.0800018310547,225.27999877929688,224.07000732421875,224.25999450683594,2733871.0
1728318600,224.25,224.57000732421875,223.80999755859375,223.80999755859375,2471325.0
1728322200,223.82000732421875,224.05999755859375,223.39999389648438,223.74989318847656,2377594.0
1728325800,223.72999572753906,223.72999572753906,222.22999572753906,222.56500244140625,4495723.0
1728329400,222.56399536132812,222.6300048828125,221.3350067138672,221.72000122070312,4695507.0
1728394200,224.30999755859375,225.8800048828125,223.25,224.89999389648438,8969276.0
1728397800,224.89759826660156,225.9600067138672,224.66000366210938,225.3300018310547,3802538.0
1728401400,225.33929443359375,225.60000610351562,224.74000549316406,224.82000732421875,2178501.0
1728405000,224.8300018310547,225.0,224.22239685058594,224.74000549316406,1971901.0
1728408600,224.74000549316406,225.11500549316406,224.66000366210938,224.92970275878906,1560837.0
1728412200,224.9199981689453,225.58999633789062,224.77999877929688,225.27000427246094,2592549.0
1728415800,225.27000427246094,225.97500610351562,225.23500061035156,225.77999877929688,3794652.0
1728480600,225.1699981689453,227.1699981689453,224.8300018310547,227.10000610351562,6790643.0
1728484200,227.10000610351562,228.2899932861328,226.97000122070312,228.19000244140625,4601032.0
1728487800,228.2100067138672,228.7100067138672,228.08200073242188,228.7100067138672,3064533.0
1728491400,228.72000122070312,229.03990173339844,228.52000427246094,228.86000061035156,2317434.0
1728495000,228.83999633789062,229.6699981689453,228.02999877929688,229.6300048828125,2705052.0
1728498600,229.6199951171875,229.62989807128906,228.8000030517578,229.07420349121094,3361168.0
1728502200,229.07000732421875,229.75,229.05999755859375,229.50999450683594,3238655.0
1728567000,227.77999877929688,228.82980346679688,227.1699981689453,228.2554931640625,6391325.0
1728570600,228.2364044189453,228.39599609375,227.6300048828125,228.2899932861328,3150593.0
1728574200,228.2899932861328,229.22999572753906,228.13999938964844,228.7100067138672,2234297.0
1728577800,228.72500610351562,228.73910522460938,228.12030029296875,228.5,1857916.0
1728581400,228.49000549316406,228.8000030517578,228.0399932861328,228.32000732421875,1786905.0
1728585000,228.32000732421875,228.94500732421875,228.07000732421875,228.85499572753906,1924289.0
1728588600,228.85499572753906,229.5,228.80499267578125,229.02999877929688,3089900.0
1728653400,229.32000732421875,229.41000366210938,227.33999633789062,228.75999450683594,6270537.0
1728657000,228.74000549316406,229.19000244140625,227.7899932861328,227.97500610351562,3392321.0
1728660600,227.9700927734375,228.11000061035156,227.66000366210938,227.83009338378906,3047535.0
1728664200,227.8300018310547,227.98500061035156,227.41000366210938,227.83999633789062,2091191.0
1728667800,227.8249969482422,228.4499969482422,227.5800018310547,228.19500732421875,2354655.0
1728671400,228.19500732421875,228.97000122070312,228.05999755859375,228.69000244140625,2828890.0
1728675000,228.68870544433594,228.75999450683594,227.5,227.52000427246094,3955806.0
1728912600,228.6999969482422,231.30999755859375,228.60000610351562,230.68499755859375,8542412.0
1728916200,230.68499755859375,230.8800048828125,229.14999389648438,229.69000244140625,3661063.0
1728919800,229.67999267578125,230.52920532226562,229.42999267578125,230.24949645996094,2488171.0
1728923400,230.25999450683594,230.6063995361328,230.1999969482422,230.42999267578125,1601087.0
1728927000,230.41000366210938,230.55029296875,230.05999755859375,230.4600067138672,2240039.0
1728930600,230.48350524902344,231.44679260253906,230.4499969482422,231.22259521484375,3574497.0
1728934200,231.22000122070312,231.72779846191406,231.0399932861328,231.3000030517578,4541236.0
1728999000,233.58999633789062,237.49000549316406,232.3699951171875,235.82000732421875,21113589.0
1729002600,235.82000732421875,236.1300048828125,234.67010498046875,235.431396484375,8085291.0
1729006200,235.42999267578125,236.2899932861328,234.5500030517578,234.75999450683594,5436418.0
1729009800,234.75,235.1999969482422,233.85000610351562,234.02000427246094,3242105.0
1729013400,233.96400451660156,234.47000122070312,233.5,233.94000244140625,3554666.0
1729017000,233.94000244140625,234.0800018310547,233.0449981689453,233.24000549316406,3377696.0
1729020600,233.25,234.0699005126953,232.80999755859375,233.8000030517578,5720018.0
1729085400,231.6199951171875,232.1199951171875,229.85000610351562,230.72970581054688,10626875.0
1729089000,230.7100067138672,231.13999938964844,230.0500030517578,230.5850067138672,3846997.0
1729092600,230.5800018310547,230.95989990234375,230.06100463867188,230.33999633789062,3420832.0
1729096200,230.34500122070312,231.2899932861328,230.32000732421875,230.90989685058594,2259958.0
1729099800,230.90989685058594,231.36000061035156,230.5800018310547,231.11000061035156,2251178.0
1729103400,231.10000610351562,231.6199951171875,230.97999572753906,231.61500549316406,2354257.0
1729107000,231.6199951171875,231.92999267578125,231.22000122070312,231.75,3021398.0
1729171800,233.44000244140625,233.85000610351562,230.52999877929688,232.4138946533203,7775579.0
1729175400,232.41000366210938,232.48989868164062,231.1999969482422,232.25999450683594,2860182.0
1729179000,232.25999450683594,232.8040008544922,232.0500030517578,232.25,2263962.0
1729182600,232.24000549316406,232.52999877929688,232.02999877929688,232.3874053955078,2159812.0
1729186200,232.39999389648438,232.5800018310547,231.27499389648438,231.5865020751953,2722249.0
1729189800,231.5800018310547,232.11000061035156,231.3699951171875,231.7550048828125,2566480.0
1729193400,231.7550048828125,232.3300018310547,231.63999938964844,232.25999450683594,3485679.0
1729258200,235.8800048828125,236.0500030517578,234.02000427246094,234.77000427246094,17238560.0
1729261800,234.75999450683594,235.14999389648438,234.27499389648438,235.0399932861328,4579796.0
1729265400,235.0399932861328,235.33999633789062,234.75,234.99000549316406,4353306.0
1729269000,234.99000549316406,235.85000610351562,234.94000244140625,235.24000549316406,2973498.0
1729272600,235.24000549316406,235.75,235.04159545898438,235.52999877929688,2317890.0
1729276200,235.52499389648438,235.63999938964844,235.02999877929688,235.3000030517578,2651508.0
1729279800,235.2899932861328,235.3000030517578,234.8000030517578,234.97999572753906,3233611.0
1729517400,234.4499969482422,235.99000549316406,234.4499969482422,235.6699981689453,7360513.0
1729521000,235.6699981689453,236.10000610351562,235.1199951171875,235.4199981689453,5509527.0
1729524600,235.39999389648438,236.60499572753906,235.28500366210938,236.27999877929688,3915718.0
1729528200,236.3000030517578,236.61500549316406,236.11399841308594,236.37010192871094,2531558.0
1729531800,236.3800048828125,236.85000610351562,236.1999969482422,236.22500610351562,2198486.0
1729535400,236.22999572753906,236.27000427246094,235.88999938964844,236.13499450683594,2196498.0
1729539000,236.13499450683594,236.5800018310547,235.82749938964844,236.5800018310547,3275560.0
1729603800,233.8300018310547,234.1999969482422,232.61000061035156,233.91000366210938,10307807.0
1729607400,233.90499877929688,234.4499969482422,233.47000122070312,234.39950561523438,3560805.0
1729611000,234.40069580078125,234.90989685058594,234.1300048828125,234.1699981689453,2234313.0
1729614600,234.19000244140625,235.0800018310547,234.14999389648438,234.85000610351562,3239691.0
1729618200,234.85000610351562,236.0050048828125,234.84500122070312,235.31320190429688,3270200.0
1729621800,235.3300018310547,235.74000549316406,235.17999267578125,235.6999969482422,1919543.0
1729625400,235.6999969482422,236.19000244140625,235.6999969482422,235.86000061035156,3335830.0
1729690200,234.32000732421875,235.1439971923828,233.80999755859375,234.72000122070312,6240289.0
1729693800,234.72000122070312,235.11990356445312,233.3249969482422,233.5,3486087.0
1729697400,233.49000549316406,233.7362060546875,229.63999938964844,229.69000244140625,12888223.0
1729701000,229.6699981689453,230.25,228.92999267578125,230.05499267578125,6554954.0
1729704600,230.02000427246094,230.07000732421875,227.75999450683594,228.6199951171875,4848232.0
1729708200,228.60000610351562,229.80990600585938,228.50999450683594,229.6750030517578,3897807.0
1729711800,229.6999969482422,230.86000061035156,229.61000061035156,230.75,4272929.0
1729776600,229.91700744628906,230.39999389648438,228.41000366210938,229.80999755859375,7720502.0
1729780200,229.85000610351562,230.3800048828125,229.22999572753906,229.82000732421875,3120118.0
1729783800,229.82000732421875,230.0399932861328,228.6699981689453,229.51939392089844,3095463.0
1729787400,229.52000427246094,230.82000732421875,229.52000427246094,230.27000427246094,2497557.0
1729791000,230.27999877929688,230.5399932861328,230.0399932861328,230.4600067138672,1809617.0
1729794600,230.42999267578125,230.80999755859375,230.1199951171875,230.52999877929688,1900378.0
1729798200,230.5399932861328,230.8000030517578,230.22000122070312,230.57000732421875,2953907.0
1729863000,229.74000549316406,232.42990112304688,229.57000732421875,232.1300048828125,8235944.0
1729866600,232.1199951171875,233.1999969482422,232.1199951171875,232.22999572753906,4138746.0
1729870200,232.22999572753906,232.73199462890625,231.75999450683594,232.7100067138672,3211126.0
1729873800,232.73500061035156,232.94000244140625,231.52999877929688,231.8574981689453,2367087.0
1729877400,231.8300018310547,231.97149658203125,231.07000732421875,231.83999633789062,2818009.0
1729881000,231.84689331054688,232.1999969482422,231.3699951171875,231.6199951171875,2642893.0
1729884600,231.64999389648438,231.8000030517578,231.11000061035156,231.39999389648438,3572932.0
1730122200,233.31500244140625,234.5500030517578,232.5500030517578,233.6345977783203,7460256.0
1730125800,233.6199951171875,234.3300018310547,233.22000122070312,233.5500030517578,3740019.0
1730129400,233.5500030517578,234.31500244140625,233.14999389648438,234.3101043701172,2911796.0
1730133000,234.30999755859375,234.72999572753906,233.93260192871094,234.42999267578125,2874054.0
1730136600,234.4250030517578,234.64500427246094,233.91000366210938,233.9149932861328,1760124.0
1730140200,233.91000366210938,234.11000061035156,233.57000732421875,233.97000122070312,2014045.0
1730143800,233.9600067138672,233.98129272460938,233.11000061035156,233.49000549316406,4008212.0
1730208600,233.19500732421875,234.05499267578125,232.32000732421875,233.05999755859375,6668061.0
1730212200,233.0500030517578,233.69000244140625,233.0399932861328,233.27000427246094,3007074.0
1730215800,233.25999450683594,233.58999633789062,233.0200958251953,233.10000610351562,2252024.0
1730219400,233.10499572753906,234.2100067138672,233.02000427246094,233.88999938964844,2623926.0
1730223000,233.9199981689453,234.13999938964844,233.75999450683594,233.97000122070312,1696611.0
1730226600,233.98500061035156,234.2198944091797,233.8800048828125,234.1999969482422,3638890.0
1730230200,234.2050018310547,234.32000732421875,233.5399932861328,233.75,3460514.0
1730295000,232.6199951171875,233.2299041748047,231.69000244140625,231.86000061035156,8472341.0
1730298600,231.8668975830078,231.9499969482422,230.5050048828125,231.55499267578125,5454960.0
1730302200,231.55999755859375,231.6649932861328,231.05999755859375,231.1999053955078,3239280.0
1730305800,231.1999969482422,231.38999938964844,230.22999572753906,230.24110412597656,2657234.0
1730309400,230.2449951171875,231.0,229.8704071044922,230.64999389648438,3567357.0
1730313000,230.62010192871094,230.94000244140625,230.1699981689453,230.72999572753906,2963500.0
1730316600,230.72999572753906,230.83999633789062,229.55999755859375,230.13999938964844,6851304.0
1730381400,229.22999572753906,229.8300018310547,227.80999755859375,228.44500732421875,9145169.0
1730385000,228.4499969482422,228.72999572753906,226.8800048828125,227.31500244140625,5587159.0
1730388600,227.30999755859375,227.48500061035156,226.41000366210938,227.25,3752999.0
1730392200,227.27999877929688,228.1768035888672,227.2001953125,227.860107421875,3450859.0
1730395800,227.86000061035156,227.96629333496094,226.8249969482422,227.08999633789062,3797245.0
1730399400,227.09500122070312,227.77999877929688,226.69500732421875,227.3300018310547,5061193.0
1730403000,227.3300018310547,227.77999877929688,225.38999938964844,225.38999938964844,7068003.0
1730467800,220.97000122070312,225.33999633789062,220.27999877929688,224.07000732421875,20933780.0
1730471400,224.08999633789062,224.21400451660156,221.60000610351562,223.2104949951172,10239831.0
1730475000,223.22000122070312,223.25,221.77000427246094,222.16000366210938,6402020.0
1730478600,222.13999938964844,223.39990234375,222.0500030517578,223.33999633789062,3824883.0
1730482200,223.34019470214844,223.36000061035156,222.07000732421875,222.2449951171875,3414057.0
1730485800,222.24000549316406,223.0998992919922,222.13999938964844,222.3300018310547,4035303.0
1730489400,222.33999633789062,223.25,222.27000427246094,222.85000610351562,5287827.0
1730730600,221.01199340820312,222.5399932861328,219.7100067138672,221.73150634765625,9635855.0
1730734200,221.75,222.26499938964844,221.13009643554688,221.4801025390625,4458145.0
1730737800,221.48080444335938,221.57000732421875,220.41000366210938,221.11509704589844,4999217.0
1730741400,221.11500549316406,222.6199951171875,221.0200958251953,222.02049255371094,2890130.0
1730745000,222.02000427246094,222.6190948486328,221.96009826660156,222.25999450683594,2412789.0
1730748600,222.25,222.7899932861328,222.1999969482422,222.47999572753906,2504276.0
1730752200,222.5,222.55999755859375,221.52000427246094,222.1199951171875,4039677.0
1730817000,221.7949981689453,223.94500732421875,221.7949981689453,223.31910705566406,6371475.0
1730820600,223.32000732421875,223.47999572753906,221.93499755859375,222.6699981689453,4046507.0
1730824200,222.67999267578125,223.75,222.67999267578125,223.3800048828125,2163887.0
1730827800,223.39999389648438,223.77999877929688,222.6199951171875,222.6199951171875,2147843.0
1730831400,222.6300048828125,223.4499969482422,222.40020751953125,223.33009338378906,2141597.0
1730835000,223.33999633789062,223.4470977783203,222.80999755859375,223.25,1939508.0
1730838600,223.25,223.52999877929688,222.7100067138672,223.4499969482422,3341639.0
1730903400,221.21499633789062,225.88999938964844,221.19000244140625,225.65130615234375,15626726.0
1730907000,225.66000366210938,226.06500244140625,223.69500732421875,224.8000030517578,5934080.0
1730910600,224.80239868164062,225.17999267578125,223.96499633789062,224.25999450683594,4364147.0
1730914200,224.27000427246094,224.60000610351562,223.99000549316406,224.1876983642578,3127772.0
1730917800,224.18499755859375,224.3300018310547,223.7449951171875,223.85000610351562,3301101.0
1730921400,223.86000061035156,224.22500610351562,223.25999450683594,223.62550354003906,4460263.0
1730925000,223.66000366210938,223.8800048828125,222.5,222.6999969482422,5070195.0
1730989800,224.625,226.5500030517578,224.57000732421875,225.7335968017578,10347470.0
1730993400,225.75,226.4199981689453,225.35000610351562,226.30499267578125,3199921.0
1730997000,226.3000030517578,227.4199981689453,226.1699981689453,227.21499633789062,3447650.0
1731000600,227.2100067138672,227.49000549316406,226.77000427246094,227.10330200195312,2598523.0
1731004200,227.10000610351562,227.3800048828125,226.7449951171875,227.10000610351562,2170877.0
1731007800,227.11000061035156,227.75999450683594,226.85499572753906,227.52999877929688,3884098.0
1731011400,227.53500366210938,227.8699951171875,226.75,227.69000244140625,5268867.0
1731076200,227.13999938964844,228.66000366210938,227.13999938964844,227.4947052001953,7142789.0
1731079800,227.47999572753906,227.55999755859375,226.4084014892578,226.68809509277344,3790404.0
1731083400,226.68499755859375,227.5800018310547,226.68499755859375,226.8800048828125,2696407.0
1731087000,226.8699951171875,227.4564971923828,226.7899932861328,226.9949951171875,2566711.0
1731090600,227.0,227.61000061035156,226.97000122070312,227.53990173339844,4000748.0
1731094200,227.52999877929688,227.72000122070312,227.25999450683594,227.47999572753906,2313467.0
1731097800,227.4499969482422,227.48500061035156,226.72000122070312,227.16000366210938,6567817.0
1731335400,225.05499267578125,225.6999969482422,222.77000427246094,222.80499267578125,11229917.0
1731339000,222.80999755859375,223.72000122070312,222.7200927734375,222.78500366210938,5006514.0
1731342600,222.72999572753906,223.1387939453125,222.00999450683594,222.19500732421875,4559831.0
1731346200,222.19000244140625,222.4600067138672,221.5,222.4600067138672,3705260.0
1731349800,222.4499053955078,223.10000610351562,222.36000061035156,223.05999755859375,2795549.0
1731353400,223.05999755859375,223.74000549316406,222.97000122070312,223.63499450683594,2570966.0
1731357000,223.63999938964844,224.35000610351562,223.4600067138672,224.25,3924037.0
1731421800,224.6300048828125,225.0399932861328,223.5749969482422,224.1699981689453,6615053.0
1731425400,224.2050018310547,225.5500030517578,224.17999267578125,225.1300048828125,4556722.0
1731429000,225.02000427246094,225.47000122070312,223.88499450683594,223.9199981689453,4198273.0
1731432600,223.9199981689453,224.47000122070312,223.35499572753906,224.47000122070312,2814384.0
1731436200,224.4499969482422,224.75990295410156,224.13999938964844,224.61990356445312,2559013.0
1731439800,224.6300048828125,224.82000732421875,224.44039916992188,224.60000610351562,2217197.0
1731443400,224.58999633789062,224.8000030517578,223.94039916992188,224.24000549316406,5475872.0
1731508200,223.9499969482422,225.20989990234375,222.75999450683594,223.2100067138672,10063606.0
1731511800,223.24000549316406,224.47000122070312,223.22500610351562,224.39500427246094,3879118.0
1731515400,224.46490478515625,225.5500030517578,223.77499389648438,225.02000427246094,3325662.0
1731519000,225.02499389648438,226.64999389648438,224.94000244140625,226.36380004882812,3682752.0
1731522600,226.36000061035156,226.42999267578125,225.75289916992188,225.91990661621094,3034597.0
1731526200,225.91000366210938,225.99130249023438,225.1186065673828,225.3701934814453,2989568.0
1731529800,225.3800048828125,225.9199981689453,224.47000122070312,225.07000732421875,5085654.0
1731594600,225.07000732421875,226.60000610351562,225.0500030517578,226.57000732421875,8366080.0
1731598200,226.56500244140625,227.05999755859375,226.33999633789062,226.4199981689453,4306234.0
1731601800,226.5800018310547,227.0800018310547,226.50999450683594,227.0,2369653.0
1731605400,227.00999450683594,228.63999938964844,226.77000427246094,228.47279357910156,4327298.0
1731609000,228.4700927734375,228.8699951171875,227.8300018310547,228.52749633789062,3310597.0
1731612600,228.50999450683594,228.7100067138672,226.99000549316406,227.03500366210938,5226141.0
1731616200,227.03500366210938,228.3800048828125,227.03500366210938,228.19000244140625,4276782.0
1731681000,225.9199981689453,226.9199981689453,224.44000244140625,224.6300048828125,12149935.0
1731684600,224.6300048828125,225.24000549316406,224.4600067138672,225.23500061035156,3739705.0
1731688200,225.2310028076172,225.47999572753906,224.6699981689453,224.87240600585938,3065408.0
1731691800,224.8699951171875,224.9499969482422,224.27000427246094,224.73500061035156,4906231.0
1731695400,224.6999969482422,224.9600067138672,224.3300018310547,224.39990234375,2438130.0
1731699000,224.39999389648438,225.30999755859375,224.3000030517578,224.80999755859375,3159811.0
1731702600,224.80999755859375,225.24000549316406,224.5699005126953,224.9199981689453,4237936.0
1731940200,225.1999969482422,228.22000122070312,225.17999267578125,228.10000610351562,8356829.0
1731943800,228.10000610351562,229.2100067138672,228.10000610351562,229.05999755859375,4333949.0
1731947400,229.06509399414062,229.16000366210938,228.36000061035156,228.75,2932115.0
1731951000,228.7449951171875,229.74000549316406,228.63499450683594,228.96719360351562,3233690.0
1731954600,228.9600067138672,229.4980010986328,228.67999267578125,228.81500244140625,2504537.0
1731958200,228.82000732421875,229.08030700683594,228.03370666503906,228.05999755859375,3403227.0
1731961800,228.0500030517578,228.24000549316406,227.32000732421875,227.99000549316406,3614507.0
1732026600,226.7949981689453,228.86500549316406,226.66000366210938,228.85000610351562,6182588.0
1732030200,228.83999633789062,229.61000061035156,228.67999267578125,229.30999755859375,2959806.0
1732033800,229.3350067138672,229.86000061035156,229.19000244140625,229.85499572753906,3852606.0
1732037400,229.85499572753906,230.16000366210938,229.25,229.5800018310547,3426819.0
1732041000,229.5345001220703,229.99000549316406,229.35499572753906,229.38999938964844,2240828.0
1732044600,229.38999938964844,229.49000549316406,228.35000610351562,228.44000244140625,2882576.0
1732048200,228.42999267578125,228.72000122070312,227.72000122070312,228.33999633789062,3951414.0
1732113000,229.42999267578125,229.92999267578125,226.4199981689453,226.51499938964844,7607256.0
1732116600,226.52499389648438,227.1999969482422,226.10000610351562,226.17999267578125,3003827.0
1732120200,226.19000244140625,227.6999969482422,225.88999938964844,226.85009765625,2793314.0
1732123800,226.85000610351562,227.3699951171875,226.3800048828125,226.81329345703125,2118040.0
1732127400,226.7899932861328,227.00999450683594,226.39500427246094,226.80999755859375,1602064.0
1732131000,226.80999755859375,228.0,226.6999969482422,227.9748992919922,2315522.0
1732134600,227.97000122070312,229.0,227.97000122070312,229.0,4127268.0
1732199400,228.7899932861328,229.9199981689453,225.71029663085938,225.9499969482422,9619943.0
1732203000,225.94000244140625,228.9199981689453,225.8300018310547,228.77000427246094,4765620.0
1732206600,228.75,229.4698944091797,228.49000549316406,229.2899932861328,3469645.0
1732210200,229.30999755859375,230.14999389648438,229.27000427246094,229.83999633789062,3200750.0
1732213800,229.85000610351562,229.93370056152344,229.22000122070312,229.36000061035156,2913322.0
1732217400,229.3800048828125,229.5800018310547,228.99000549316406,229.27000427246094,2610348.0
1732221000,229.27000427246094,229.2899932861328,228.27000427246094,228.50999450683594,4482648.0
1732285800,228.05999755859375,230.1300048828125,228.05999755859375,229.27999877929688,6571537.0
1732289400,229.27999877929688,229.92999267578125,228.8300018310547,229.47999572753906,4454609.0
1732293000,229.48989868164062,230.1199951171875,228.97000122070312,229.98500061035156,3272578.0
1732296600,229.98500061035156,230.7198944091797,229.6750030517578,230.17999267578125,3201749.0
1732300200,230.1649932861328,230.38999938964844,229.3300018310547,229.44000244140625,2939345.0
1732303800,229.44500732421875,229.63999938964844,228.92999267578125,229.375,2765287.0
1732307400,229.3699951171875,230.14999389648438,229.30999755859375,229.75999450683594,4345539.0
1732545000,231.4600067138672,233.2449951171875,231.4199981689453,232.0,9845726.0
1732548600,231.97999572753906,232.80099487304688,231.70030212402344,231.7100067138672,3799907.0
1732552200,231.7050018310547,231.85000610351562,229.9600067138672,230.20680236816406,3682262.0
1732555800,230.1999969482422,230.5800018310547,229.74000549316406,230.4149932861328,2947971.0
1732559400,230.4250030517578,230.74000549316406,230.1999969482422,230.68499755859375,2057791.0
1732563000,230.6649932861328,230.85000610351562,230.09500122070312,230.52000427246094,2752031.0
1732566600,230.5012969970703,233.1699981689453,229.84500122070312,232.8800048828125,11344808.0
1732631400,233.47500610351562,235.43499755859375,233.47500610351562,234.36000061035156,12979632.0
1732635000,234.36000061035156,235.57000732421875,234.2100067138672,235.0399932861328,4972245.0
1732638600,235.0399932861328,235.10470581054688,234.27000427246094,234.47999572753906,2980746.0
1732642200,234.47999572753906,235.17999267578125,234.35000610351562,234.50999450683594,3515885.0
1732645800,234.50999450683594,235.10000610351562,234.44500732421875,234.92999267578125,2752588.0
1732649400,234.9250030517578,235.25,234.72999572753906,234.80999755859375,3000602.0
1732653000,234.80999755859375,235.27999877929688,234.5800018310547,235.0800018310547,5458831.0
1732717800,234.46499633789062,235.67999267578125,233.8101043701172,235.16000366210938,7058124.0
1732721400,235.16000366210938,235.69000244140625,234.15460205078125,234.6699981689453,3805611.0
1732725000,234.62010192871094,234.88999938964844,233.97999572753906,234.57000732421875,2845831.0
1732728600,234.55999755859375,235.0,234.40939331054688,234.7801055908203,2325512.0
1732732200,234.77999877929688,235.13710021972656,234.7100067138672,234.97999572753906,1683157.0
1732735800,234.97999572753906,235.25,234.73500061035156,234.84500122070312,2045715.0
1732739400,234.83999633789062,235.08999633789062,234.5850067138672,234.99000549316406,2919382.0
1732890600,234.83999633789062,235.88999938964844,233.97000122070312,235.34500122070312,5532507.0
1732894200,235.35000610351562,236.5998992919922,235.33999633789062,236.39999389648438,3997632.0
1732897800,236.3800048828125,237.14999389648438,236.2899932861328,236.3699951171875,3843062.0
1733149800,237.27000427246094,240.27999877929688,237.16000366210938,240.27000427246094,11143242.0
1733153400,240.27000427246094,240.7899932861328,239.44000244140625,239.8300018310547,5965321.0
1733157000,239.8271942138672,240.1999969482422,239.36000061035156,239.8300018310547,2850375.0
1733160600,239.83999633789062,240.0,239.24000549316406,239.44000244140625,3599025.0
1733164200,239.4199981689453,239.50999450683594,239.02999877929688,239.3300018310547,2372094.0
1733167800,239.3300018310547,239.83999633789062,239.25010681152344,239.7899932861328,2497573.0
1733171400,239.7899932861328,239.94000244140625,239.0500030517578,239.60000610351562,3858894.0
1733236200,239.9199981689453,241.36990356445312,238.90029907226562,240.47000122070312,8548308.0
1733239800,240.47500610351562,241.33999633789062,240.4499969482422,241.3300018310547,3962336.0
1733243400,241.3300018310547,241.63499450683594,240.98199462890625,241.26499938964844,3152692.0
1733247000,241.26499938964844,241.6999053955078,241.14500427246094,241.4199981689453,2157544.0
1733250600,241.4199981689453,242.1699981689453,241.34500122070312,242.14999389648438,3311661.0
1733254200,242.15499877929688,242.4600067138672,241.85000610351562,242.05320739746094,3274479.0
1733257800,242.05999755859375,242.7550048828125,242.05999755859375,242.6300048828125,3704333.0
1733322600,242.8800048828125,244.10499572753906,242.50999450683594,243.4499969482422,8409865.0
1733326200,243.44000244140625,243.82000732421875,242.85000610351562,242.90499877929688,3476264.0
1733329800,242.90499877929688,242.90989685058594,241.25,242.03990173339844,7183414.0
1733333400,242.0399932861328,242.50999450683594,241.63999938964844,242.25869750976562,2189900.0
1733337000,242.24000549316406,243.17640686035156,241.92999267578125,243.07000732421875,3055452.0
1733340600,243.05999755859375,243.125,242.77999877929688,242.98500061035156,2751650.0
1733344200,242.98500061035156,243.5399932861328,242.8260955810547,243.02000427246094,3738537.0
1733409000,244.0500030517578,244.5399932861328,242.71279907226562,242.92999267578125,8289397.0
1733412600,242.92999267578125,243.0800018310547,242.22999572753906,242.5500030517578,3597584.0
1733416200,242.5449981689453,243.40989685058594,242.30999755859375,243.36000061035156,4262442.0
1733419800,243.35830688476562,243.3699951171875,242.61000061035156,242.88499450683594,2973235.0
1733423400,242.88999938964844,243.69000244140625,242.83999633789062,243.27999877929688,2513592.0
1733427000,243.28500366210938,243.36000061035156,242.7449951171875,242.9058074951172,3069471.0
1733430600,242.90499877929688,243.0800018310547,242.1300048828125,243.0800018310547,4497338.0
1733495400,242.8699951171875,244.6300048828125,242.0800018310547,243.44000244140625,7897447.0
1733499000,243.4499969482422,244.10000610351562,243.27499389648438,243.58200073242188,3073497.0
1733502600,243.5800018310547,243.83999633789062,243.2100067138672,243.60000610351562,2643208.0
1733506200,243.58999633789062,243.61500549316406,242.94000244140625,243.26409912109375,2315920.0
1733509800,243.25999450683594,243.63999938964844,243.0399932861328,243.16270446777344,2434412.0
1733513400,243.16000366210938,243.39999389648438,242.87010192871094,243.0500030517578,3531491.0
1733517000,243.0500030517578,243.14999389648438,242.1999969482422,242.86000061035156,4585536.0
1733754600,241.8300018310547,244.72000122070312,241.75999450683594,244.50999450683594,6763286.0
1733758200,244.47999572753906,247.23880004882812,244.4199981689453,246.47000122070312,7885176.0
1733761800,246.48500061035156,247.24000549316406,246.30999755859375,246.79029846191406,3738978.0
1733765400,246.8249969482422,247.01510620117188,245.7100067138672,246.9053955078125,3215218.0
1733769000,246.88999938964844,246.88999938964844,246.05999755859375,246.09500122070312,2110393.0
1733772600,246.09500122070312,246.77999877929688,245.89999389648438,246.75999450683594,2636199.0
1733776200,246.77999877929688,247.08999633789062,246.11000061035156,246.80999755859375,5245539.0
1733841000,246.9499969482422,247.78709411621094,245.80999755859375,246.72999572753906,7969297.0
1733844600,246.73500061035156,246.9199981689453,245.3419952392578,245.6699981689453,3845062.0
1733848200,245.6699981689453,247.17999267578125,245.61000061035156,247.07000732421875,2669027.0
1733851800,247.05999755859375,247.4783935546875,246.72000122070312,247.40660095214844,2160359.0
1733855400,247.40499877929688,247.8000030517578,247.35000610351562,247.42999267578125,2326302.0
1733859000,247.42999267578125,248.2100067138672,247.41000366210938,247.72000122070312,4138454.0
1733862600,247.72500610351562,248.07000732421875,247.3699951171875,247.8000030517578,3607802.0
1733927400,247.94500732421875,249.99000549316406,247.64999389648438,249.42999267578125,8367368.0
1733931000,249.42999267578125,250.8000030517578,249.39500427246094,250.44000244140625,6584107.0
1733934600,250.4199981689453,250.4199981689453,249.33999633789062,249.681396484375,2792683.0
1733938200,249.67999267578125,249.77999877929688,248.97000122070312,249.10000610351562,2034409.0
1733941800,249.08999633789062,249.1649932861328,248.0863037109375,248.27999877929688,2859618.0
1733945400,248.2801055908203,248.44000244140625,247.0500030517578,247.14999389648438,3703277.0
1733949000,247.13999938964844,247.16000366210938,246.26010131835938,246.42999267578125,5247010.0
1734013800,246.94500732421875,248.1199951171875,245.67999267578125,247.99000549316406,7733107.0
1734017400,247.99000549316406,248.59959411621094,247.66000366210938,248.4709930419922,4798038.0
1734021000,248.47999572753906,248.54989624023438,247.99000549316406,248.09280395507812,2067122.0
1734024600,248.08999633789062,248.74000549316406,247.63999938964844,248.52999877929688,2027236.0
1734028200,248.52000427246094,248.74000549316406,248.0,248.02000427246094,1974147.0
1734031800,248.01499938964844,248.2100067138672,247.4499969482422,247.75,1927714.0
1734035400,247.75999450683594,248.1999969482422,247.74000549316406,247.9499969482422,2674221.0
1734100200,247.8800048828125,249.2902069091797,247.35000610351562,247.5500030517578,6597729.0
1734103800,247.5800018310547,247.9499969482422,246.5,246.625,3698292.0
1734107400,246.6199951171875,247.02999877929688,246.24000549316406,246.4600067138672,2717185.0
1734111000,246.47000122070312,247.25999450683594,246.33999633789062,247.19000244140625,2429085.0
1734114600,247.1750030517578,248.01499938964844,247.16009521484375,247.91000366210938,2136050.0
1734118200,247.90499877929688,248.10000610351562,247.63999938964844,248.02000427246094,2472418.0
1734121800,248.02000427246094,248.2987060546875,247.88999938964844,248.1300048828125,2520361.0
1734359400,248.0,250.0,247.64999389648438,249.05999755859375,7886880.0
1734363000,249.02999877929688,249.9600067138672,248.82000732421875,249.6699981689453,3291322.0
1734366600,249.7100067138672,250.3000030517578,249.53500366210938,250.05999755859375,3966563.0
1734370200,250.05999755859375,251.37890625,250.05259704589844,251.11000061035156,3741887.0
1734373800,251.08999633789062,251.2471923828125,250.5800018310547,250.8000946044922,2929661.0
1734377400,250.80999755859375,251.0001983642578,250.2100067138672,250.69500732421875,3296914.0
1734381000,250.6999969482422,251.10000610351562,249.9499969482422,251.0399932861328,3755928.0
1734445800,250.13499450683594,252.97999572753906,249.7899932861328,252.27000427246094,8272806.0
1734449400,252.2550048828125,253.35000610351562,251.77000427246094,252.5500030517578,4415074.0
1734453000,252.52999877929688,253.3000030517578,252.47999572753906,253.22500610351562,3694338.0
1734456600,253.25,253.2899932861328,252.69009399414062,253.1300048828125,2789948.0
1734460200,253.13999938964844,253.63499450683594,252.92999267578125,253.1999969482422,3028678.0
1734463800,253.1999969482422,253.38999938964844,252.75,252.8800048828125,3197831.0
1734467400,252.8800048828125,253.80999755859375,252.64999389648438,253.47999572753906,6517824.0
1734532200,252.22000122070312,253.39999389648438,251.3300018310547,253.07000732421875,7178746.0
1734535800,253.07000732421875,253.79989624023438,252.85000610351562,253.32000732421875,4534838.0
1734539400,253.32359313964844,254.0399932861328,253.1750030517578,253.63499450683594,3385526.0
1734543000,253.6300048828125,254.00999450683594,253.47000122070312,253.71009826660156,2498618.0
1734546600,253.6999969482422,254.27999877929688,251.5399932861328,252.4499969482422,4517172.0
1734550200,252.44900512695312,252.97999572753906,249.5,249.89999389648438,8004435.0
1734553800,249.9199981689453,250.39920043945312,247.75,247.86000061035156,8666490.0
1734618600,247.4600067138672,251.02000427246094,247.09500122070312,249.88999938964844,13163580.0
1734622200,249.88999938964844,251.38760375976562,249.3699951171875,251.0399932861328,6029993.0
1734625800,251.0399932861328,251.85000610351562,250.53500366210938,250.5800018310547,4327867.0
1734629400,250.58999633789062,250.94000244140625,249.72000122070312,250.8300018310547,3212228.0
1734633000,250.81500244140625,251.4499969482422,250.2902069091797,250.52000427246094,2255973.0
1734636600,250.50999450683594,250.52000427246094,249.52999877929688,250.3249969482422,2871418.0
1734640200,250.3300018310547,250.5500030517578,249.4093017578125,249.85000610351562,4256393.0
1734705000,248.1199951171875,249.6240997314453,246.3000030517578,249.59500122070312,21606592.0
1734708600,249.58999633789062,252.0,249.39999389648438,251.99000549316406,5534153.0
1734712200,251.97999572753906,253.92999267578125,251.88999938964844,253.73500061035156,6609817.0
1734715800,253.73500061035156,253.77000427246094,252.77200317382812,252.8699951171875,3597562.0
1734719400,252.91000366210938,253.64999389648438,252.67999267578125,253.62030029296875,3481696.0
1734723000,253.6300048828125,254.19000244140625,253.3000030517578,253.49000549316406,5096339.0
1734726600,253.5,255.0,252.7899932861328,254.58999633789062,8461430.0
1734964200,254.77000427246094,255.64500427246094,253.4499969482422,254.07000732421875,8639208.0
1734967800,254.0500030517578,255.07000732421875,253.4600067138672,254.8300018310547,3133440.0
1734971400,254.83909606933594,255.22999572753906,254.3699951171875,254.42999267578125,2397338.0
1734975000,254.42999267578125,254.7550048828125,253.72000122070312,253.9199981689453,3619882.0
1734978600,253.9199981689453,254.4600067138672,253.8699951171875,254.2949981689453,2441370.0
1734982200,254.3000030517578,254.39999389648438,253.67999267578125,254.33999633789062,2612184.0
1734985800,254.33999633789062,255.64999389648438,254.33999633789062,255.30999755859375,4322344.0
1735050600,255.3699951171875,257.45001220703125,255.30999755859375,257.1050109863281,6593845.0
1735054200,257.114990234375,258.0,257.1000061035156,257.2929992675781,3930054.0
1735057800,257.2699890136719,257.5400085449219,256.8700866699219,257.3599853515625,2866762.0
1735223400,258.3550109863281,260.0899963378906,257.6300048828125,258.3612060546875,8036580.0
1735227000,258.364990234375,259.19000244140625,258.1300048828125,258.8800048828125,2886529.0
1735230600,258.8900146484375,259.3399963378906,258.82000732421875,258.9849853515625,1989211.0
1735234200,258.9880065917969,259.32501220703125,258.57000732421875,258.81890869140625,1857025.0
1735237800,258.80999755859375,258.94891357421875,258.4100036621094,258.6000061035156,1532082.0
1735241400,258.6099853515625,259.4700012207031,258.5899963378906,259.1099853515625,2293812.0
1735245000,259.1199951171875,259.510009765625,259.010009765625,259.1000061035156,2691314.0
1735309800,257.8999938964844,258.70001220703125,254.91000366210938,254.99000549316406,7279122.0
1735313400,254.9600067138672,255.39999389648438,254.0399932861328,254.72999572753906,5252455.0
1735317000,254.74000549316406,254.8000030517578,253.05999755859375,253.67999267578125,4795494.0
1735320600,253.6699981689453,254.9799041748047,253.64779663085938,254.9499969482422,3338291.0
1735324200,254.94000244140625,255.50999450683594,254.86000061035156,255.01499938964844,2423344.0
1735327800,255.02999877929688,255.55990600585938,254.9600067138672,255.1699981689453,2513045.0
1735331400,255.1699981689453,255.82000732421875,254.97000122070312,255.72000122070312,5269742.0
1735569000,252.22999572753906,253.0,250.75,250.9199981689453,7918270.0
1735572600,250.91600036621094,252.28500366210938,250.91600036621094,251.89999389648438,3565575.0
1735576200,251.88999938964844,253.10000610351562,251.80999755859375,253.0500030517578,2716217.0
1735579800,253.05999755859375,253.47000122070312,252.5,252.82000732421875,2154164.0
1735583400,252.80499267578125,253.2899932861328,252.58999633789062,252.9364013671875,2351450.0
1735587000,252.92999267578125,253.49989318847656,252.69000244140625,252.72000122070312,2668679.0
1735590600,252.72999572753906,253.0399932861328,252.0399932861328,252.1199951171875,3863755.0
1735655400,252.66000366210938,253.27999877929688,251.32000732421875,251.6876983642578,5118031.0
1735659000,251.69000244140625,252.139892578125,251.02499389648438,251.17999267578125,2379768.0
1735662600,251.17999267578125,251.5500030517578,250.64999389648438,250.71629333496094,1975317.0
1735666200,250.6999969482422,250.75999450683594,249.44000244140625,249.69000244140625,3894785.0
1735669800,249.69000244140625,250.26800537109375,249.52999877929688,249.77000427246094,2272071.0
1735673400,249.76499938964844,250.8800048828125,249.69000244140625,250.7700958251953,3376639.0
1735677000,250.77000427246094,251.0800018310547,249.5,250.3800048828125,7162976.0
1735828200,248.92999267578125,249.10000610351562,244.8000030517578,245.73989868164062,13501229.0
1735831800,245.6300048828125,245.8800048828125,244.16009521484375,244.89500427246094,6830782.0
1735835400,244.90989685058594,245.25,243.32000732421875,243.42860412597656,4384552.0
1735839000,243.41000366210938,243.41000366210938,242.30999755859375,242.6862030029297,6464462.0
1735842600,242.6699981689453,242.83999633789062,241.82009887695312,242.4884033203125,5547977.0
1735846200,242.47999572753906,243.44000244140625,241.87130737304688,243.23109436035156,5106418.0
1735849800,243.25,243.9499969482422,243.01019287109375,243.82000732421875,6167957.0
1735914600,243.3699951171875,244.17999267578125,241.88999938964844,242.4597930908203,9135529.0
1735918200,242.4499969482422,243.67559814453125,242.13999938964844,243.49000549316406,4968036.0
1735921800,243.47999572753906,244.04859924316406,242.6699981689453,242.7707061767578,3673389.0
1735925400,242.77999877929688,243.16000366210938,242.27999877929688,243.00999450683594,3313371.0
1735929000,243.0,243.05999755859375,242.57000732421875,242.6699981689453,3130427.0
1735932600,242.66000366210938,243.44239807128906,242.63999938964844,242.85000610351562,3007142.0
1735936200,242.83999633789062,243.60000610351562,242.61000061035156,243.3000030517578,4394832.0
1736173800,244.3300018310547,246.1826934814453,243.83999633789062,245.5500030517578,10577599.0
1736177400,245.5399932861328,247.3300018310547,245.3300018310547,246.74000549316406,5006800.0
1736181000,246.7550048828125,246.76100158691406,245.7012939453125,245.77000427246094,3354093.0
1736184600,245.75999450683594,245.8699951171875,244.47999572753906,245.02999877929688,3070077.0
1736188200,245.02999877929688,245.17999267578125,244.60000610351562,244.97999572753906,2065770.0
1736191800,244.97999572753906,245.1300048828125,244.4250030517578,244.89500427246094,2306175.0
1736195400,244.91000366210938,245.33999633789062,244.4199981689453,245.0,3773029.0
1736260200,242.97999572753906,245.5500030517578,242.8300018310547,245.1649932861328,8221180.0
1736263800,245.16000366210938,245.3800048828125,243.7100067138672,243.77000427246094,4107265.0
1736267400,243.74000549316406,245.0,242.13819885253906,242.38999938964844,4446679.0
1736271000,242.39999389648438,243.4084014892578,241.36000061035156,243.15550231933594,3448950.0
1736274600,243.14999389648438,243.17999267578125,242.07009887695312,242.45799255371094,2577768.0
1736278200,242.4499969482422,242.49000549316406,241.75,242.00999450683594,2681979.0
1736281800,242.02000427246094,242.40499877929688,241.53900146484375,242.19000244140625,4772501.0
1736346600,241.97000122070312,242.86549377441406,240.0500030517578,242.40989685058594,7170550.0
1736350200,242.38999938964844,243.71229553222656,242.0850067138672,242.7100067138672,4154228.0
1736353800,242.72610473632812,243.5800018310547,241.24000549316406,241.3699951171875,3009958.0
1736357400,241.36000061035156,242.50869750976562,241.1999969482422,242.35000610351562,2612848.0
1736361000,242.35000610351562,242.97999572753906,241.04400634765625,242.7949981689453,2761227.0
1736364600,242.6999969482422,242.72000122070312,241.6999969482422,242.38400268554688,2452219.0
1736368200,242.3800048828125,242.98699951171875,241.8000030517578,242.72000122070312,3573432.0
1736519400,240.02499389648438,240.14999389648438,235.8000030517578,237.4250030517578,13137403.0
1736523000,237.4241943359375,237.44830322265625,233.5,233.77000427246094,8427975.0
1736526600,233.77000427246094,235.89999389648438,233.0,235.57000732421875,7179671.0
1736530200,235.5399932861328,237.33970642089844,235.06500244140625,237.11500549316406,3958571.0
1736533800,237.1199951171875,237.5850067138672,236.41000366210938,236.8300018310547,3175363.0
1736537400,236.83999633789062,236.8800048828125,235.75,235.9949951171875,3580665.0
1736541000,235.9949951171875,237.2899932861328,235.77000427246094,236.92999267578125,5097656.0
1736778600,233.5,233.58999633789062,229.72000122070312,230.3800048828125,13314474.0
1736782200,230.3800048828125,231.8000030517578,230.22000122070312,230.72500610351562,5357189.0
1736785800,230.7324981689453,232.52999877929688,230.39999389648438,232.32000732421875,4160495.0
1736789400,232.2899932861328,233.43499755859375,231.97999572753906,233.3800048828125,2920622.0
1736793000,233.3800048828125,233.97000122070312,233.25999450683594,233.55999755859375,2678525.0
1736796600,233.5500030517578,234.1999969482422,233.3699951171875,233.6844024658203,3290938.0
1736800200,233.69000244140625,234.6699981689453,233.65499877929688,234.39999389648438,4579852.0
1736865000,234.75,236.1199951171875,234.25999450683594,235.61000061035156,6863540.0
1736868600,235.60000610351562,235.97000122070312,234.1300048828125,234.2100067138672,3836690.0
1736872200,234.19000244140625,234.47630310058594,232.84500122070312,233.3249969482422,3080840.0
1736875800,233.30999755859375,234.1199951171875,232.64999389648438,234.02020263671875,2179055.0
1736879400,234.0399932861328,234.9199981689453,233.72000122070312,234.25869750976562,2448410.0
1736883000,234.25,234.64999389648438,232.4720001220703,233.2949981689453,3619972.0
1736886600,233.27999877929688,233.44000244140625,232.5399932861328,233.27999877929688,4851942.0
1736951400,234.63999938964844,238.38999938964844,234.42999267578125,237.92010498046875,8599650.0
1736955000,237.9600067138672,238.5399932861328,237.30999755859375,237.40069580078125,3705014.0
1736958600,237.39999389648438,237.5800018310547,236.5023956298828,237.11990356445312,2959584.0
1736962200,237.11500549316406,237.74000549316406,236.97000122070312,237.52999877929688,2206504.0
1736965800,237.52000427246094,237.75999450683594,237.25999450683594,237.5601043701172,1908254.0
1736969400,237.5800018310547,238.03419494628906,237.52000427246094,237.62120056152344,2782086.0
1736973000,237.6199951171875,238.47000122070312,237.38999938964844,237.85000610351562,4684385.0
1737037800,237.49000549316406,238.00999450683594,232.71060180664062,232.8179931640625,10445774.0
1737041400,232.802001953125,233.02000427246094,230.16000366210938,230.5850067138672,11066513.0
1737045000,230.59950256347656,231.10000610351562,229.75,230.9199981689453,8412063.0
1737048600,230.9199981689453,231.1999969482422,229.07000732421875,229.19000244140625,6223224.0
1737052200,229.18499755859375,229.39999389648438,228.55999755859375,229.1750030517578,5844721.0
1737055800,229.1750030517578,230.068603515625,228.89999389648438,229.02499389648438,6469586.0
1737059400,229.00999450683594,229.2917938232422,228.02999877929688,228.24000549316406,9428533.0
1737124200,232.11500549316406,232.2899932861328,229.72000122070312,230.38499450683594,25704386.0
1737127800,230.39999389648438,231.64999389648438,230.35000610351562,231.2812957763672,6641037.0
1737131400,231.2899932861328,231.32000732421875,229.49000549316406,230.25909423828125,5636022.0
1737135000,230.26499938964844,230.44000244140625,229.88999938964844,229.91000366210938,3639355.0
1737138600,229.9102020263672,229.9499969482422,228.47999572753906,229.17999267578125,4996598.0
1737142200,229.17999267578125,229.77000427246094,229.0800018310547,229.44009399414062,4408697.0
1737145800,229.44000244140625,230.02000427246094,229.22999572753906,229.99000549316406,5430152.0
1737469800,224.0,224.4199981689453,220.8000030517578,221.77029418945312,25254424.0
1737473400,221.77499389648438,222.08999633789062,219.6999969482422,220.10780334472656,13429826.0
1737477000,220.08999633789062,220.77000427246094,219.3800048828125,220.36000061035156,9451785.0
1737480600,220.36000061035156,221.07000732421875,220.00999450683594,220.40499877929688,6315018.0
1737484200,220.40469360351562,221.69000244140625,220.3699951171875,221.60989379882812,6914968.0
1737487800,221.60499572753906,221.6699981689453,220.30999755859375,221.64990234375,7105466.0
1737491400,221.63999938964844,222.77999877929688,221.33999633789062,222.66000366210938,7242328.0
1737556200,219.94000244140625,223.35279846191406,219.8000030517578,221.63099670410156,16298662.0
1737559800,221.63499450683594,223.0800018310547,221.5500030517578,222.85980224609375,6740287.0
1737563400,222.85789489746094,222.92799377441406,221.6999969482422,222.56500244140625,5094747.0
1737567000,222.56500244140625,222.85000610351562,222.01499938964844,222.11570739746094,3954228.0
1737570600,222.1300048828125,222.86500549316406,221.91000366210938,222.74600219726562,3384532.0
1737574200,222.75,223.60000610351562,222.4199981689453,223.35000610351562,5606510.0
1737577800,223.36500549316406,223.97999572753906,223.05999755859375,223.77000427246094,5027611.0
1737642600,224.72999572753906,227.02999877929688,224.25999450683594,225.97000122070312,14316012.0
1737646200,225.96499633789062,226.3699951171875,224.3800048828125,225.1750030517578,6661602.0
1737649800,225.16000366210938,225.19500732421875,223.3856964111328,223.57000732421875,5267365.0
1737653400,223.56500244140625,223.77999877929688,223.19000244140625,223.5500030517578,5083443.0
1737657000,223.55999755859375,223.63499450683594,222.42999267578125,222.8000030517578,4117821.0
1737660600,222.80999755859375,223.1699981689453,222.5749969482422,222.8800048828125,4096781.0
1737664200,222.86500549316406,223.64999389648438,222.3000030517578,223.64999389648438,6903829.0
1737729000,224.97500610351562,225.6300048828125,222.5301055908203,222.72999572753906,15246196.0
1737732600,222.73500061035156,223.3699951171875,222.35009765625,222.75999450683594,6090500.0
1737736200,222.77000427246094,223.49000549316406,222.13999938964844,222.27999877929688,5067407.0
1737739800,222.27999877929688,222.72450256347656,221.9499969482422,222.16000366210938,3586687.0
1737743400,222.13999938964844,222.5500030517578,221.9199981689453,222.3699951171875,2912495.0
1737747000,222.35000610351562,222.92999267578125,221.41000366210938,222.32000732421875,4686564.0
1737750600,222.31500244140625,223.0449981689453,222.1999969482422,222.7899932861328,5237044.0
1737988200,224.02999877929688,227.6999969482422,224.0,227.29229736328125,22895716.0
1737991800,227.3000030517578,228.8300018310547,227.08999633789062,228.49380493164062,9565070.0
1737995400,228.47000122070312,230.13999938964844,228.17999267578125,230.08999633789062,8523755.0
1737999000,230.08999633789062,231.3800048828125,229.8105010986328,231.32000732421875,6766052.0
1738002600,231.3000030517578,232.14999389648438,230.99000549316406,232.02999877929688,7080439.0
1738006200,232.02999877929688,232.02999877929688,230.13999938964844,230.67999267578125,9415488.0
1738009800,230.6999969482422,231.3800048828125,228.47999572753906,229.94000244140625,10815158.0
1738074600,230.8800048828125,237.7899932861328,230.8800048828125,237.63999938964844,21113721.0
1738078200,237.64999389648438,239.4499969482422,237.6300048828125,239.0800018310547,12275716.0
1738081800,239.05999755859375,240.19000244140625,238.20010375976562,238.5500030517578,8384418.0
1738085400,238.5500030517578,239.24989318847656,238.23500061035156,238.74420166015625,3770424.0
1738089000,238.76800537109375,239.10000610351562,238.58999633789062,238.82000732421875,3369693.0
1738092600,238.82220458984375,239.47999572753906,238.30999755859375,238.83999633789062,4877201.0
1738096200,238.8800048828125,238.97999572753906,237.75999450683594,238.24000549316406,5143611.0
1738161000,234.14999389648438,237.1300048828125,234.00999450683594,236.8300018310547,11611110.0
1738164600,236.80999755859375,238.0,236.42999267578125,236.5157012939453,4857419.0
1738168200,236.52999877929688,237.22000122070312,236.1300048828125,236.86900329589844,4055486.0
1738171800,236.8699951171875,237.43499755859375,235.4600067138672,237.42999267578125,3400271.0
1738175400,237.4499969482422,237.66000366210938,236.30999755859375,236.44500732421875,2765958.0
1738179000,236.44000244140625,239.24000549316406,236.34500122070312,239.0500030517578,4886187.0
1738182600,239.05999755859375,239.85499572753906,238.72000122070312,239.35000610351562,5064524.0
1738247400,238.6649932861328,240.7899932861328,238.08999633789062,238.4600067138672,8800925.0
1738251000,238.4600067138672,239.02999877929688,237.2100067138672,238.16000366210938,6211686.0
1738254600,238.1844024658203,238.8800048828125,237.80999755859375,238.02999877929688,3222220.0
1738258200,238.02999877929688,238.7686004638672,237.90499877929688,238.4499969482422,2683972.0
1738261800,238.44000244140625,239.6699981689453,238.44000244140625,239.25,3360211.0
1738265400,239.25,240.0500030517578,239.2100067138672,239.5800018310547,4799123.0
1738269000,239.5800018310547,239.85499572753906,237.24000549316406,237.55999755859375,6836079.0
1738333800,247.0399932861328,247.19000244140625,240.5500030517578,240.943603515625,27334395.0
1738337400,240.90499877929688,241.42930603027344,238.58999633789062,238.94900512695312,10162823.0
1738341000,238.97000122070312,240.0500030517578,238.74000549316406,239.74000549316406,6222938.0
1738344600,239.75,239.80099487304688,236.22000122070312,236.4250030517578,7822078.0
1738348200,236.42999267578125,236.86000061035156,234.47000122070312,235.13499450683594,7380314.0
1738351800,235.15499877929688,235.2799072265625,233.44000244140625,234.2899932861328,7945570.0
1738355400,234.30999755859375,236.5,233.74000549316406,235.86000061035156,8379858.0
1738593000,229.44000244140625,231.8300018310547,226.63499450683594,229.25999450683594,21198249.0
1738596600,229.25999450683594,229.8199005126953,226.0800018310547,226.4199981689453,10347971.0
1738600200,226.41000366210938,227.1300048828125,225.7100067138672,226.36990356445312,7067637.0
1738603800,226.36000061035156,227.07000732421875,225.9499969482422,226.89999389648438,4952072.0
1738607400,226.91000366210938,228.8477020263672,226.88999938964844,228.47000122070312,5283668.0
1738611000,228.47999572753906,229.2100067138672,228.32000732421875,228.5500946044922,4499030.0
1738614600,228.57000732421875,228.9698944091797,227.6300048828125,227.97999572753906,5648751.0
1738679400,227.1999969482422,230.41180419921875,226.64999389648438,230.3699951171875,11635605.0
1738683000,230.3800048828125,231.54879760742188,230.13499450683594,231.0500030517578,5363016.0
1738686600,231.05999755859375,232.7899932861328,231.0500030517578,231.77999877929688,5207796.0
1738690200,231.7899932861328,232.3800048828125,231.38999938964844,232.22000122070312,3095970.0
1738693800,232.22569274902344,232.36000061035156,231.3800048828125,232.13999938964844,2286596.0
1738697400,232.13999938964844,232.9499969482422,232.13499450683594,232.3090057373047,3344618.0
1738701000,232.2899932861328,233.1300048828125,232.02999877929688,232.7899932861328,3490884.0
1738765800,228.49000549316406,230.6197052001953,228.3000030517578,229.5,9950114.0
1738769400,229.50999450683594,230.19749450683594,228.8513946533203,230.08999633789062,3447904.0
1738773000,230.08999633789062,231.27999877929688,229.99000549316406,230.69000244140625,2916112.0
1738776600,230.67999267578125,230.75,229.6300048828125,229.91000366210938,2376195.0
1738780200,229.89999389648438,231.52999877929688,229.7100067138672,230.64869689941406,3043271.0
1738783800,230.63999938964844,231.8699951171875,230.5,231.7949981689453,2871834.0
1738787400,231.77999877929688,232.6699981689453,231.110107421875,232.4600067138672,3443025.0
1738852200,231.33999633789062,233.8000030517578,230.779296875,231.5399932861328,6919081.0
1738855800,231.5850067138672,232.3256072998047,230.4250030517578,231.51499938964844,3599406.0
1738859400,231.50999450683594,231.63499450683594,230.89999389648438,231.3300018310547,2213517.0
1738863000,231.34500122070312,232.33999633789062,231.02999877929688,232.19000244140625,2393555.0
1738866600,232.19000244140625,233.11000061035156,232.0800018310547,232.8699951171875,1818718.0
1738870200,232.88999938964844,232.88999938964844,231.89500427246094,232.27999877929688,2205672.0
1738873800,232.2899932861328,233.27999877929688,231.92999267578125,233.22000122070312,3111368.0
1738938600,232.51499938964844,234.0,229.8800048828125,230.38999938964844,7814805.0
1738942200,230.33999633789062,231.26800537109375,228.89999389648438,229.05499267578125,5664232.0
1738945800,229.0850067138672,229.4199981689453,228.19500732421875,228.40060424804688,3763438.0
1738949400,228.38999938964844,229.44000244140625,228.36329650878906,229.2989044189453,3721234.0
1738953000,229.2899932861328,229.5,227.8300018310547,227.8800048828125,2602577.0
1738956600,227.88999938964844,228.5800018310547,227.7899932861328,228.0,2965606.0
1738960200,227.99000549316406,228.14999389648438,227.25999450683594,227.7100067138672,5030649.0
1739197800,229.57000732421875,230.5850067138672,228.8000030517578,229.86619567871094,6362641.0
1739201400,229.88999938964844,229.91160583496094,228.75999450683594,229.36000061035156,3755966.0
1739205000,229.3708038330078,229.38499450683594,228.23919677734375,228.470703125,2474012.0
1739208600,228.47000122070312,228.8800048828125,228.3699951171875,228.47000122070312,2457578.0
1739212200,228.48500061035156,229.03500366210938,228.40499877929688,228.6999053955078,1724663.0
1739215800,228.6999969482422,228.83999633789062,227.60000610351562,227.69000244140625,2971076.0
1739219400,227.69500732421875,227.8800048828125,227.1999969482422,227.63999938964844,3507517.0
1739284200,228.1999969482422,233.49000549316406,228.1300048828125,233.33999633789062,16450165.0
1739287800,233.32000732421875,234.7178955078125,232.82009887695312,234.64999389648438,7044159.0
1739291400,234.66000366210938,235.22999572753906,233.72169494628906,234.57229614257812,5739199.0
1739295000,234.58999633789062,234.625,233.25,233.5449981689453,3044227.0
1739298600,233.59609985351562,234.1898956298828,233.1300048828125,233.3699951171875,2813907.0
1739302200,233.3621063232422,233.9250030517578,232.89999389648438,233.1107940673828,3713179.0
1739305800,233.11000061035156,233.3000030517578,232.1699981689453,232.77000427246094,4614482.0
1739370600,231.27499389648438,234.0500030517578,230.67999267578125,233.60499572753906,11363398.0
1739374200,233.58120727539062,235.13999938964844,233.5800018310547,235.07000732421875,5460408.0
1739377800,235.07000732421875,235.66000366210938,234.72999572753906,235.2899932861328,3522413.0
1739381400,235.27330017089844,235.88999938964844,234.86000061035156,235.47999572753906,2818998.0
1739385000,235.47320556640625,236.4199981689453,235.32000732421875,236.2100067138672,3035921.0
1739388600,236.2100067138672,236.66000366210938,236.07000732421875,236.46499633789062,3343068.0
1739392200,236.4600067138672,236.9600067138672,235.91000366210938,236.88999938964844,4493778.0
1739457000,236.97500610351562,239.0,235.57000732421875,237.8800048828125,9839880.0
1739460600,237.89599609375,241.42999267578125,237.72999572753906,240.47999572753906,8943032.0
1739464200,240.49029541015625,240.83999633789062,239.82000732421875,240.34500122070312,3794251.0
1739467800,240.3498992919922,241.35000610351562,240.19000244140625,241.02999877929688,3188980.0
1739471400,241.0399932861328,242.07000732421875,240.52999877929688,241.7698974609375,3761997.0
1739475000,241.75010681152344,242.33990478515625,241.25999450683594,241.5449981689453,3704786.0
1739478600,241.5449981689453,241.7689971923828,241.00999450683594,241.52000427246094,4257382.0
1739543400,241.07000732421875,245.0500030517578,241.0,244.3800048828125,11286651.0
1739547000,244.3800048828125,244.3800048828125,243.16000366210938,243.94500732421875,4923421.0
1739550600,243.94000244140625,244.52999877929688,243.69000244140625,243.81520080566406,4178251.0
1739554200,243.8249969482422,244.30999755859375,243.33999633789062,243.99989318847656,2425988.0
1739557800,243.97999572753906,244.5399932861328,243.94000244140625,244.14999389648438,1978801.0
1739561400,244.139892578125,244.3699951171875,243.91009521484375,244.10000610351562,2427820.0
1739565000,244.0800018310547,245.41000366210938,243.91000366210938,244.57000732421875,4882408.0
1739889000,243.91000366210938,245.17999267578125,242.860107421875,244.0904998779297,10825110.0
1739892600,244.0800018310547,244.9698944091797,243.94000244140625,244.72999572753906,3159856.0
1739896200,244.72000122070312,245.0500030517578,244.17999267578125,244.42999267578125,3072601.0
1739899800,244.4499969482422,244.5,243.25,243.43499755859375,2653024.0
1739903400,243.42999267578125,243.48330688476562,241.83999633789062,243.05499267578125,3303217.0
1739907000,243.05499267578125,243.8350067138672,242.97999572753906,243.52000427246094,2923310.0
1739910600,243.52999877929688,244.60000610351562,243.14999389648438,244.47000122070312,4972578.0
1739975400,244.61000061035156,246.00999450683594,243.7899932861328,243.9398956298828,7953912.0
1739979000,243.92999267578125,244.49000549316406,243.160400390625,244.3957061767578,3875842.0
1739982600,244.38999938964844,245.65139770507812,244.02999877929688,245.14999389648438,3328518.0
1739986200,245.13999938964844,245.27999877929688,244.22999572753906,244.7100067138672,1965036.0
1739989800,244.71499633789062,245.1898956298828,244.22000122070312,244.9001007080078,2025071.0
1739993400,244.89999389648438,245.1699981689453,244.45010375976562,244.8800048828125,2676277.0
1739997000,244.8800048828125,245.089599609375,244.53500366210938,244.8800048828125,2963614.0
1740061800,244.97000122070312,246.77999877929688,244.2899932861328,244.7449951171875,7059474.0
1740065400,244.74000549316406,246.6999969482422,244.58999633789062,246.13059997558594,4286584.0
1740069000,246.125,246.4600067138672,245.02999877929688,246.3800048828125,4072175.0
1740072600,246.3699951171875,246.41000366210938,245.16000366210938,245.44500732421875,2248069.0
1740076200,245.44000244140625,245.5800018310547,245.02000427246094,245.2550048828125,1791583.0
1740079800,245.25,245.75,244.85000610351562,245.6199951171875,2339026.0
1740083400,245.61000061035156,246.0,245.36000061035156,245.86000061035156,3152476.0
1740148200,245.96499633789062,246.94000244140625,245.22000122070312,245.7899932861328,8207297.0
1740151800,245.77499389648438,247.4499969482422,245.22000122070312,247.1300048828125,5440754.0
1740155400,247.14500427246094,247.64999389648438,246.64999389648438,247.3699951171875,4700950.0
1740159000,247.3800048828125,248.69000244140625,247.10000610351562,247.44119262695312,6864397.0
1740162600,247.44509887695312,248.0767059326172,246.42999267578125,246.49000549316406,4986285.0
1740166200,246.5050048828125,246.82000732421875,245.39010620117188,245.8000030517578,7827784.0
1740169800,245.81500244140625,246.08999633789062,245.3300018310547,245.58999633789062,5597978.0
1740407400,244.80799865722656,248.86000061035156,244.58999633789062,247.85000610351562,13193734.0
1740411000,247.85000610351562,247.9541015625,246.00999450683594,247.11019897460938,6815696.0
1740414600,247.1199951171875,248.32000732421875,247.1199951171875,247.7949981689453,3637316.0
1740418200,247.82000732421875,248.13999938964844,247.22000122070312,248.0500030517578,2550281.0
1740421800,248.0500030517578,248.8000030517578,247.6699981689453,248.66000366210938,4364229.0
1740425400,248.66000366210938,248.75,247.42999267578125,247.61000061035156,3655325.0
1740429000,247.59500122070312,247.7899932861328,246.82000732421875,247.22999572753906,4975763.0
1740493800,248.0,249.52000427246094,244.91000366210938,245.11000061035156,12543414.0
1740497400,245.1300048828125,246.8699951171875,244.91000366210938,246.52499389648438,4912736.0
1740501000,246.53500366210938,249.97999572753906,246.4300994873047,249.5800018310547,6711698.0
1740504600,249.5800018310547,249.6199951171875,247.72999572753906,247.97999572753906,3191684.0
1740508200,247.97000122070312,248.6199951171875,247.16000366210938,247.66810607910156,3236285.0
1740511800,247.63999938964844,248.58999633789062,247.5500030517578,247.72000122070312,3408426.0
1740515400,247.72500610351562,247.77000427246094,246.0449981689453,247.0500030517578,4291190.0
1740580200,244.3300018310547,244.97999572753906,241.4199981689453,243.47999572753906,11922325.0
1740583800,243.4949951171875,243.72000122070312,241.5800018310547,241.80999755859375,4844532.0
1740587400,241.8000030517578,243.88999938964844,241.75,243.1300048828125,3260739.0
1740591000,243.13999938964844,243.2899932861328,240.24000549316406,240.34030151367188,4011307.0
1740594600,240.33999633789062,240.38999938964844,239.1300048828125,239.82000732421875,4096351.0
1740598200,239.80999755859375,240.4499969482422,239.52999877929688,239.9499969482422,3160834.0
1740601800,239.9600067138672,240.7100067138672,239.68499755859375,240.30999755859375,4066395.0
1740666600,239.41000366210938,242.27999877929688,238.47000122070312,241.375,11860928.0
1740670200,241.36000061035156,242.4600067138672,240.63999938964844,241.52000427246094,3314596.0
1740673800,241.52000427246094,241.78480529785156,239.5850067138672,241.05799865722656,2483584.0
1740677400,241.12969970703125,242.17999267578125,240.36000061035156,241.89999389648438,2123940.0
1740681000,241.92999267578125,242.0500030517578,240.52000427246094,240.6300048828125,2376630.0
1740684600,240.64500427246094,240.66000366210938,238.77029418945312,238.9199981689453,4411625.0
1740688200,238.9550018310547,239.3695068359375,237.10000610351562,237.3800048828125,5981830.0
1740753000,236.9499969482422,237.7816925048828,234.50999450683594,237.59500122070312,9707088.0
1740756600,237.5800018310547,237.8300018310547,236.49000549316406,236.9199981689453,3856963.0
1740760200,236.8699951171875,237.75,236.5500030517578,237.60499572753906,2652791.0
1740763800,237.69000244140625,237.89999389648438,236.22999572753906,237.41000366210938,3253563.0
1740767400,237.40499877929688,238.3083038330078,237.00999450683594,237.9199981689453,3040911.0
1740771000,237.8800048828125,239.77999877929688,237.7003936767578,239.7100067138672,4607390.0
1740774600,239.69000244140625,242.08999633789062,238.80999755859375,241.83999633789062,7654890.0
1741012200,241.7220001220703,244.02720642089844,239.8249969482422,241.48500061035156,10137001.0
1741015800,241.5,242.6300048828125,241.12669372558594,241.19000244140625,3962348.0
1741019400,241.22999572753906,242.5500030517578,240.6649932861328,242.5399932861328,2726862.0
1741023000,242.5399932861328,242.98680114746094,240.74000549316406,240.96499633789062,2892774.0
1741026600,241.02000427246094,241.8699951171875,240.44000244140625,241.15179443359375,3716220.0
1741030200,241.16000366210938,242.0,236.64999389648438,236.8892059326172,5255129.0
1741033800,236.8800048828125,238.55999755859375,236.11199951171875,238.13999938964844,6362960.0
1741098600,237.7050018310547,239.38999938964844,236.35000610351562,238.39999389648438,12574876.0
1741102200,238.39999389648438,239.80999755859375,237.64999389648438,238.6300048828125,6419558.0
1741105800,238.58999633789062,240.07000732421875,238.12890625,238.1649932861328,4617834.0
1741109400,238.11000061035156,238.17990112304688,236.16000366210938,236.75,4297681.0
1741113000,236.75,238.55999755859375,236.42999267578125,238.2888946533203,3524557.0
1741116600,238.2899932861328,239.24989318847656,237.9822998046875,238.69000244140625,4105168.0
1741120200,238.67999267578125,238.75,234.6999969482422,236.07000732421875,6470426.0
1741185000,235.4949951171875,235.9499969482422,230.5500030517578,230.9199981689453,11396281.0
1741188600,230.94000244140625,233.1999969482422,230.13999938964844,230.6490020751953,4757085.0
1741192200,230.6199951171875,234.64999389648438,229.22999572753906,234.53990173339844,5831367.0
1741195800,234.5399932861328,235.5399932861328,234.0,234.67999267578125,3887648.0
1741199400,234.66529846191406,236.5500030517578,234.10000610351562,235.74749755859375,2837195.0
1741203000,235.8000030517578,236.47999572753906,235.14999389648438,236.0399932861328,3103634.0
1741206600,236.00999450683594,236.35000610351562,235.05999755859375,235.77000427246094,3864004.0
1741271400,234.43499755859375,237.16000366210938,233.5399932861328,236.47000122070312,8965074.0
1741275000,236.47000122070312,237.86000061035156,236.2449951171875,236.77999877929688,4326344.0
1741278600,236.74000549316406,237.33999633789062,234.0404052734375,234.4149932861328,4246957.0
1741282200,234.39999389648438,235.42999267578125,234.05999755859375,234.2949981689453,3660287.0
1741285800,234.30499267578125,235.1699981689453,233.39999389648438,233.69000244140625,4333970.0
1741289400,233.65499877929688,236.00999450683594,233.3300018310547,235.17999267578125,4926584.0
1741293000,235.1699981689453,235.75999450683594,234.4499969482422,235.32000732421875,4800803.0
1741357800,235.10499572753906,239.42999267578125,235.05999755859375,238.30999755859375,8540305.0
1741361400,238.31500244140625,240.16000366210938,237.0301055908203,239.02000427246094,6445384.0
1741365000,239.0399932861328,239.69749450683594,237.86000061035156,239.2899932861328,6229746.0
1741368600,239.25999450683594,241.3699951171875,238.8000030517578,240.41439819335938,6264766.0
1741372200,240.4250030517578,240.91000366210938,238.57000732421875,239.64999389648438,4109056.0
1741375800,239.6649932861328,239.86000061035156,238.0800018310547,238.8114013671875,3265326.0
1741379400,238.8000030517578,239.77000427246094,237.94000244140625,239.07000732421875,4811911.0
1741613400,235.47999572753906,236.16000366210938,228.52000427246094,228.5500030517578,15210592.0
1741617000,228.55499267578125,229.5,225.2899932861328,226.50869750976562,11879291.0
1741620600,226.52999877929688,227.2899932861328,224.22000122070312,225.47999572753906,6728298.0
1741624200,225.5399932861328,226.69000244140625,224.3249969482422,225.2100067138672,5441202.0
1741627800,225.24000549316406,226.97999572753906,224.8699951171875,226.5800018310547,5343177.0
1741631400,226.58999633789062,227.51499938964844,224.4208984375,226.9761962890625,7127512.0
1741635000,226.99000549316406,228.64999389648438,226.5,227.54100036621094,8057482.0
1741699800,223.8000030517578,225.83990478515625,220.00999450683594,222.52000427246094,17705238.0
1741703400,222.49000549316406,222.9499969482422,220.58999633789062,221.00320434570312,7838273.0
1741707000,220.97999572753906,221.74000549316406,218.5,218.5500030517578,8314282.0
1741710600,218.5399932861328,219.8800048828125,217.4499969482422,217.7550048828125,7268661.0
1741714200,217.72999572753906,220.97999572753906,217.67999267578125,220.5449981689453,6404020.0
1741717800,220.5500030517578,223.27999877929688,220.09019470214844,221.82020568847656,7110964.0
1741721400,221.82000732421875,222.0500030517578,220.5800018310547,220.72999572753906,6574063.0
1741786200,220.17999267578125,221.75,218.8300018310547,218.9499969482422,13585830.0
1741789800,218.9499969482422,219.39999389648438,214.91000366210938,216.44500732421875,10732384.0
1741793400,216.47000122070312,218.61000061035156,216.3300018310547,218.3603973388672,5950460.0
1741797000,218.44500732421875,218.60000610351562,216.8800048828125,218.18980407714844,4501805.0
1741800600,218.1300048828125,218.22000122070312,215.92999267578125,216.11000061035156,5341362.0
1741804200,216.1199951171875,217.08990478515625,215.0500030517578,215.639892578125,6048770.0
1741807800,215.64999389648438,217.27000427246094,215.27999877929688,216.94000244140625,7314758.0
1741872600,215.94000244140625,216.8394012451172,214.22000122070312,214.27999877929688,11543428.0
1741876200,214.3000030517578,214.82000732421875,213.6300048828125,214.0402069091797,6000675.0
1741879800,214.0449981689453,214.35000610351562,211.63999938964844,211.94000244140625,8062598.0
1741883400,211.93380737304688,212.92999267578125,210.69000244140625,211.15499877929688,5949778.0
1741887000,211.13999938964844,212.47000122070312,210.50010681152344,212.2899932861328,5034049.0
1741890600,212.28599548339844,212.4698944091797,210.36000061035156,210.6300048828125,5897570.0
1741894200,210.6699981689453,210.7100067138672,208.4199981689453,209.7100067138672,9508816.0
1741959000,211.25,213.42999267578125,209.5800018310547,210.3780975341797,14448242.0
1741962600,210.3800048828125,212.3800048828125,209.97999572753906,211.92999267578125,7229106.0
1741966200,211.92999267578125,213.94000244140625,211.91000366210938,212.23069763183594,5804814.0
1741969800,212.23500061035156,213.5,212.07229614257812,212.31500244140625,3579047.0
1741973400,212.30259704589844,212.6898956298828,210.75999450683594,211.2449951171875,6007354.0
1741977000,211.25,213.41099548339844,211.25,212.90530395507812,4621820.0
1741980600,212.8946075439453,213.89999389648438,212.7100067138672,213.3800048828125,6350358.0
1742218200,213.36000061035156,214.97000122070312,212.1699981689453,213.22470092773438,9570854.0
1742221800,213.22500610351562,213.25999450683594,210.46969604492188,210.75469970703125,5939423.0
1742225400,210.7550048828125,211.8000030517578,209.97999572753906,211.1999969482422,4387530.0
1742229000,211.2100067138672,212.3699951171875,211.08999633789062,212.33030700683594,3083388.0
1742232600,212.35499572753906,214.73019409179688,212.27999877929688,214.4550018310547,4126373.0
1742236200,214.4499969482422,214.7967987060547,214.07000732421875,214.68499755859375,3623892.0
1742239800,214.67999267578125,215.22000122070312,213.6699981689453,214.19000244140625,6930829.0
1742304600,214.13999938964844,215.14999389648438,212.9499969482422,214.55140686035156,10203982.0
1742308200,214.5500030517578,214.88999938964844,212.64999389648438,213.3300018310547,4477342.0
1742311800,213.25,213.77499389648438,212.7899932861328,213.72000122070312,3176514.0
1742315400,213.6999969482422,213.7736053466797,211.49000549316406,212.2834014892578,4535545.0
1742319000,212.3000030517578,212.32000732421875,211.55979919433594,211.9949951171875,3006313.0
1742322600,212.0,212.65499877929688,211.810302734375,212.34500122070312,3435188.0
1742326200,212.34500122070312,213.25999450683594,212.30999755859375,212.7899932861328,4396249.0
1742391000,214.22000122070312,218.75999450683594,213.91009521484375,217.14500427246094,11385869.0
1742394600,217.2100067138672,217.2198028564453,214.9600067138672,215.66900634765625,5115267.0
1742398200,215.69000244140625,216.75,215.17999267578125,215.3000030517578,3249560.0
1742401800,215.2899932861328,215.3300018310547,214.2899932861328,214.3800048828125,2801294.0
1742405400,214.39199829101562,215.04969787597656,213.75,214.27000427246094,4823378.0
1742409000,214.27000427246094,217.0590057373047,214.25,215.50990295410156,6058928.0
1742412600,215.5,215.67999267578125,214.47999572753906,215.3000030517578,5255712.0
1742477400,213.99000549316406,217.48989868164062,212.89999389648438,216.9904022216797,7527757.0
1742481000,216.97999572753906,217.2949981689453,215.78759765625,216.0500030517578,4562273.0
1742484600,215.94000244140625,216.4600067138672,214.02000427246094,214.13999938964844,4420021.0
1742488200,214.13999938964844,214.50999450683594,213.0,213.22999572753906,5149763.0
1742491800,213.25999450683594,213.88999938964844,212.72999572753906,212.75999450683594,3180049.0
1742495400,212.77000427246094,213.39999389648438,212.22000122070312,212.68350219726562,4531064.0
1742499000,212.69000244140625,214.75999450683594,212.69000244140625,214.14999389648438,5352998.0
1742563800,211.51499938964844,214.41000366210938,211.47000122070312,213.74000549316406,21249328.0
1742567400,213.7100067138672,214.83999633789062,213.2606964111328,213.44349670410156,7372592.0
1742571000,213.44000244140625,215.39999389648438,212.63999938964844,214.65499877929688,3813985.0
1742574600,214.6699981689453,215.47999572753906,214.48480224609375,214.6199951171875,3366634.0
1742578200,214.61000061035156,215.03900146484375,214.26010131835938,214.6699981689453,3091390.0
1742581800,214.6699981689453,215.3699951171875,214.63999938964844,215.30999755859375,4189003.0
1742585400,215.30999755859375,218.83999633789062,215.00999450683594,218.36000061035156,10148885.0
1742823000,221.0,221.02099609375,218.5800018310547,219.77000427246094,9344812.0
1742826600,219.80999755859375,220.69000244140625,219.02920532226562,219.15750122070312,4668518.0
1742830200,219.15499877929688,220.0500030517578,218.9600067138672,219.0,3264720.0
1742833800,219.01499938964844,219.5,218.82000732421875,219.2899932861328,3057015.0
1742837400,219.32000732421875,219.85000610351562,219.08999633789062,219.75999450683594,2530901.0
1742841000,219.77499389648438,220.47000122070312,219.46580505371094,219.77000427246094,4139018.0
1742844600,219.7899932861328,221.00999450683594,219.66000366210938,220.42999267578125,6001386.0
1742909400,220.80999755859375,223.38999938964844,220.0800018310547,223.3699951171875,8242408.0
1742913000,223.3800048828125,223.89999389648438,222.3000030517578,223.52999877929688,4010970.0
1742916600,223.5399932861328,223.6999969482422,223.00999450683594,223.11000061035156,2236176.0
1742920200,223.10000610351562,223.6300048828125,220.72999572753906,222.80999755859375,2317900.0
1742923800,222.82699584960938,223.94900512695312,222.60000610351562,223.49000549316406,2529710.0
1742927400,223.5,223.7100067138672,222.78500366210938,223.4199981689453,3423322.0
1742931000,223.41000366210938,224.10000610351562,223.2899932861328,223.72999572753906,4310099.0
1742995800,223.50999450683594,225.02000427246094,222.83999633789062,224.07449340820312,8205828.0
1742999400,224.0850067138672,224.3155975341797,223.11000061035156,223.72000122070312,3253126.0
1743003000,223.7200927734375,223.89999389648438,222.1199951171875,223.6750030517578,3220107.0
1743006600,223.6750030517578,223.7899932861328,221.6300048828125,222.0800018310547,2855124.0
1743010200,222.0800018310547,222.22000122070312,221.4001007080078,221.8350067138672,2219567.0
1743013800,221.81500244140625,221.88499450683594,220.60000610351562,220.60000610351562,3054676.0
1743017400,220.61500549316406,221.8800048828125,220.47000122070312,221.39999389648438,4140037.0
1743082200,221.3300018310547,222.10000610351562,220.5601043701172,221.64999389648438,5508724.0
1743085800,221.64999389648438,223.24000549316406,221.39999389648438,222.8000946044922,3784484.0
1743089400,222.8000030517578,223.75999450683594,222.56500244140625,223.19500732421875,2866958.0
1743093000,223.17999267578125,223.97999572753906,222.72000122070312,223.10499572753906,3509193.0
1743096600,223.0800018310547,224.55999755859375,223.0500030517578,224.3699951171875,3521517.0
1743100200,224.35000610351562,224.99000549316406,223.94500732421875,224.7899932861328,3376619.0
1743103800,224.8000030517578,224.99000549316406,223.6999969482422,223.92999267578125,5491814.0
1743168600,221.6490020751953,223.8000030517578,219.69500732421875,219.91000366210938,8900229.0
1743172200,219.88999938964844,220.64999389648438,219.1699981689453,219.97999572753906,4819013.0
1743175800,219.89109802246094,220.22000122070312,218.35000610351562,218.69000244140625,3075097.0
1743179400,218.6699981689453,219.1199951171875,218.2100067138672,218.49000549316406,3059478.0
1743183000,218.5,219.16650390625,218.17999267578125,219.0500030517578,2307054.0
1743186600,219.0399932861328,219.14999389648438,218.1103973388672,218.50999450683594,3188030.0
1743190200,218.5,218.75,217.67999267578125,217.8800048828125,5319689.0
1743427800,217.22000122070312,219.30999755859375,216.24000549316406,218.57000732421875,13611371.0
1743431400,218.61000061035156,220.0800018310547,218.39999389648438,219.1300048828125,5127759.0
1743435000,219.10000610351562,220.92999267578125,218.88519287109375,220.9199981689453,3710448.0
1743438600,220.89999389648438,221.02000427246094,219.38999938964844,219.8699951171875,2845575.0
1743442200,219.85000610351562,220.8800048828125,219.24169921875,220.7949981689453,2764885.0
1743445800,220.8000030517578,221.73500061035156,220.38999938964844,221.22500610351562,4172283.0
1743449400,221.2100067138672,224.97000122070312,220.99009704589844,221.9949951171875,11487559.0
1743514200,219.80499267578125,223.38999938964844,218.89999389648438,221.5198974609375,9630525.0
1743517800,221.49000549316406,223.42999267578125,221.36000061035156,222.87989807128906,4197037.0
1743521400,222.86500549316406,223.13999938964844,222.14999389648438,222.52999877929688,2944555.0
1743525000,222.55499267578125,223.0800018310547,222.19000244140625,222.3385009765625,2079835.0
1743528600,222.3000030517578,222.77499389648438,221.4499969482422,221.5,2283252.0
1743532200,221.49000549316406,222.1199951171875,221.14999389648438,221.72999572753906,2520811.0
1743535800,221.7100067138672,223.49000549316406,221.57000732421875,223.13999938964844,4133846.0
1743600600,221.19000244140625,224.10850524902344,221.0500030517578,224.0399932861328,5984058.0
1743604200,224.02000427246094,224.71539306640625,223.4499969482422,224.47999572753906,3704510.0
1743607800,224.4499969482422,224.60000610351562,223.11000061035156,224.1300048828125,2694881.0
1743611400,224.1300048828125,225.19000244140625,223.19000244140625,224.72000122070312,3616264.0
1743615000,224.72000122070312,224.80999755859375,222.9199981689453,222.92999267578125,2445540.0
1743618600,222.9199981689453,223.9409942626953,222.8614044189453,223.66009521484375,2653899.0
1743622200,223.6699981689453,224.4600067138672,223.5,223.7899932861328,4054405.0
1743687000,205.52000427246094,207.48989868164062,202.52000427246094,205.63499450683594,32868028.0
1743690600,205.63499450683594,206.36000061035156,203.3699951171875,204.0500030517578,11492280.0
1743694200,204.0500030517578,207.0399932861328,203.7042999267578,206.05999755859375,8453124.0
1743697800,206.10000610351562,206.3000030517578,203.84010314941406,204.0050048828125,5727160.0
1743701400,203.99000549316406,204.6051025390625,202.6999969482422,203.0,6326946.0
1743705000,202.98280334472656,203.52000427246094,202.13999938964844,202.1999969482422,9806166.0
1743708600,202.1999969482422,203.86000061035156,201.25,203.47000122070312,11108905.0
1743773400,193.9250030517578,199.8800048828125,192.8000030517578,195.27999877929688,32115307.0
1743777000,195.2949981689453,197.0399932861328,191.05999755859375,194.49000549316406,19673653.0
1743780600,194.46499633789062,196.0,192.25999450683594,192.80999755859375,9394432.0
1743784200,192.77999877929688,193.9761962890625,190.89999389648438,190.99000549316406,8256831.0
1743787800,190.97999572753906,192.57000732421875,188.83099365234375,188.8800048828125,12240537.0
1743791400,188.89999389648438,190.86880493164062,187.34500122070312,190.22999572753906,13768216.0
1743795000,190.2100067138672,191.72999572753906,188.05999755859375,188.3800048828125,14314697.0
1744032600,177.24000549316406,194.13999938964844,174.6199951171875,182.39999389648438,60052232.0
1744036200,182.3800048828125,185.93980407714844,175.6999969482422,176.36000061035156,22301982.0
1744039800,176.41000366210938,180.16000366210938,175.75,178.13999938964844,12923106.0
1744043400,178.10000610351562,181.72000122070312,177.10000610351562,181.5399932861328,10820708.0
1744047000,181.55499267578125,183.88999938964844,179.5,180.3350067138672,12360402.0
1744050600,180.33999633789062,182.3000030517578,178.2801055908203,178.42129516601562,12053848.0
1744054200,178.44000244140625,182.0,178.43499755859375,181.58999633789062,11790019.0
1744119000,186.72999572753906,190.3350067138672,185.10000610351562,189.3300018310547,25336677.0
1744122600,189.32000732421875,189.92999267578125,184.05999755859375,184.08999633789062,11822751.0
1744126200,184.07000732421875,185.5399932861328,182.2899932861328,183.3300018310547,7825256.0
1744129800,183.32000732421875,183.51499938964844,175.0,175.02999877929688,15712598.0
1744133400,175.02000427246094,178.60989379882812,174.85000610351562,175.3300018310547,11562913.0
1744137000,175.31219482421875,177.22999572753906,171.6300048828125,172.88999938964844,15040705.0
1744140600,172.8699951171875,173.44000244140625,169.21009826660156,172.77000427246094,16156814.0
1744205400,172.1790008544922,179.4199981689453,171.88999938964844,178.41180419921875,32288949.0
1744209000,178.50999450683594,180.19000244140625,176.8300018310547,179.7550048828125,15996521.0
1744212600,179.75,181.07000732421875,177.75,179.58999633789062,11721052.0
1744216200,179.57989501953125,194.49000549316406,179.24000549316406,188.52499389648438,19036631.0
1744219800,188.50999450683594,194.86990356445312,188.1300048828125,190.8000030517578,27276269.0
1744223400,190.7899932861328,198.97999572753906,183.8699951171875,196.05999755859375,30349699.0
1744227000,196.0,200.61000061035156,195.91000366210938,198.85000610351562,20947383.0
1744291800,189.1649932861328,194.7799072265625,189.0,192.14500427246094,25783702.0
1744295400,192.22000122070312,193.57000732421875,188.69000244140625,188.8592071533203,10331960.0
1744299000,188.85499572753906,189.22999572753906,183.0,184.27000427246094,16399003.0
1744302600,184.26499938964844,189.89999389648438,184.1750030517578,188.00999450683594,13927222.0
1744306200,187.97000122070312,192.0,186.0,191.75999450683594,14336457.0
1744309800,191.75,192.8000030517578,189.02000427246094,189.98500061035156,10246898.0
1744313400,190.0,192.43499755859375,187.8300018310547,190.44000244140625,10417028.0
1744378200,186.17999267578125,193.25,186.05999755859375,189.92999267578125,17210427.0
1744381800,189.94000244140625,194.1999969482422,189.63999938964844,193.32000732421875,9778670.0
1744385400,193.2899932861328,197.6699981689453,192.87860107421875,195.80099487304688,11426289.0
1744389000,195.82000732421875,199.35000610351562,195.80999755859375,196.83070373535156,10272519.0
1744392600,196.8524932861328,199.5399932861328,196.03790283203125,197.5800018310547,8204023.0
1744396200,197.60000610351562,198.9438934326172,197.40179443359375,198.3419952392578,6229743.0
1744399800,198.35000610351562,199.0,197.54139709472656,198.02000427246094,9619486.0
1744637400,211.44000244140625,212.94000244140625,204.61000061035156,204.75,38852582.0
1744641000,204.8000030517578,206.1999053955078,203.41000366210938,203.60000610351562,11826668.0
1744644600,203.64999389648438,204.3800048828125,201.16209411621094,201.75,11801459.0
1744648200,201.72999572753906,204.97850036621094,201.5850067138672,203.86399841308594,8024983.0
1744651800,203.88499450683594,205.80999755859375,203.42999267578125,205.7899932861328,6209694.0
1744655400,205.7899932861328,206.66000366210938,205.38999938964844,205.7100067138672,6862210.0
1744659000,205.72000122070312,205.89999389648438,202.32000732421875,202.58999633789062,8409251.0
1744723800,201.85499572753906,203.5050048828125,199.82000732421875,200.8000030517578,13453371.0
1744727400,200.7899932861328,203.08999633789062,200.68600463867188,202.11500549316406,6103100.0
1744731000,202.13999938964844,203.35000610351562,201.9600067138672,203.0399932861328,3730153.0
1744734600,203.0500030517578,203.28399658203125,201.11500549316406,201.60440063476562,3893654.0
1744738200,201.5850067138672,202.7769012451172,201.30499267578125,201.76499938964844,4045655.0
1744741800,201.71499633789062,203.2899932861328,201.63999938964844,202.8000030517578,4048783.0
1744745400,202.8300018310547,202.95899963378906,201.9199981689453,202.1300048828125,4398627.0
1744810200,198.36000061035156,200.6999969482422,196.02000427246094,197.07000732421875,13937138.0
1744813800,197.05999755859375,198.98849487304688,196.80999755859375,198.35009765625,6372057.0
1744817400,198.375,198.39999389648438,196.3905029296875,196.91000366210938,4368116.0
1744821000,196.91000366210938,197.9199981689453,196.64999389648438,197.75999450683594,3351617.0
1744824600,197.75999450683594,197.80999755859375,193.9199981689453,194.55499267578125,7922500.0
1744828200,194.5399932861328,194.64370727539062,192.3699951171875,192.57000732421875,5831097.0
1744831800,192.5800018310547,194.86349487304688,192.57000732421875,194.3000030517578,7049437.0
1744896600,197.14999389648438,197.1999969482422,194.63999938964844,195.63999938964844,11995068.0
1744900200,195.69000244140625,197.09500122070312,194.4199981689453,196.0399932861328,6835084.0
1744903800,196.02999877929688,198.0500030517578,195.9886932373047,197.80499267578125,4703332.0
1744907400,197.8260040283203,198.57000732421875,196.67999267578125,196.6999969482422,4953563.0
1744911000,196.7100067138672,198.83349609375,196.6699981689453,198.27999877929688,3858649.0
1744914600,198.2899932861328,198.66000366210938,196.8699951171875,197.24220275878906,4857368.0
1744918200,197.25,197.6999969482422,195.82000732421875,196.8699951171875,4510991.0
1745242200,193.26499938964844,193.8000030517578,191.36000061035156,192.1199951171875,8862849.0
1745245800,192.11000061035156,192.49000549316406,190.60499572753906,190.73500061035156,4480370.0
1745249400,190.72000122070312,191.32000732421875,189.8112030029297,191.1300048828125,4469110.0
1745253000,191.1199951171875,191.75,190.13999938964844,190.61399841308594,3331629.0
1745256600,190.58999633789062,191.0,190.24000549316406,190.82000732421875,2848270.0
1745260200,190.81500244140625,191.3800048828125,190.1999969482422,191.10499572753906,3470291.0
1745263800,191.08999633789062,193.4199981689453,191.0500030517578,193.08999633789062,5337999.0
1745328600,196.07000732421875,198.94000244140625,196.0,198.01499938964844,8295438.0
1745332200,197.9499969482422,199.5500030517578,197.8699951171875,198.8300018310547,5248723.0
1745335800,198.8300018310547,201.5500030517578,197.86000061035156,201.3800048828125,6986542.0
1745339400,201.4001007080078,201.52999877929688,198.32029724121094,198.5399932861328,6210265.0
1745343000,198.51620483398438,200.00999450683594,198.10240173339844,199.8917999267578,3865378.0
1745346600,199.8800048828125,200.5,198.55999755859375,198.6201934814453,6982874.0
1745350200,198.625,199.88999938964844,198.0,199.66000366210938,5543168.0
1745415000,206.0,208.0,204.63009643554688,206.80499267578125,15154970.0
1745418600,206.80999755859375,207.9499969482422,204.05999755859375,204.6300048828125,7451699.0
1745422200,204.625,205.41000366210938,202.7989959716797,204.11000061035156,5789475.0
1745425800,204.13999938964844,205.44000244140625,203.51840209960938,204.9499969482422,3150358.0
1745429400,205.0,205.64999389648438,204.22000122070312,204.48240661621094,3056243.0
1745433000,204.47000122070312,205.1699981689453,203.6566925048828,204.00999450683594,3587154.0
1745436600,204.03089904785156,205.75,203.61000061035156,204.36000061035156,5424069.0
1745501400,204.88499450683594,206.35000610351562,202.94000244140625,206.32000732421875,8437662.0
1745505000,206.2899932861328,206.66000366210938,205.2200927734375,205.9250030517578,4262818.0
1745508600,205.88499450683594,206.75,205.58009338378906,206.2899932861328,4462199.0
1745512200,206.2899932861328,207.02999877929688,205.82000732421875,206.90499877929688,2541750.0
1745515800,206.9199981689453,207.7899932861328,206.5500030517578,207.28900146484375,2687289.0
1745519400,207.3000030517578,208.10000610351562,207.02999877929688,207.09010314941406,3837311.0
1745523000,207.11000061035156,208.82989501953125,207.08999633789062,208.1999969482422,5785557.0
1745587800,206.42999267578125,209.24989318847656,206.1999969482422,206.63479614257812,8557840.0
1745591400,206.63999938964844,207.7628936767578,206.51499938964844,207.10000610351562,3766130.0
1745595000,207.11000061035156,208.89999389648438,206.66000366210938,208.63560485839844,3769247.0
1745598600,208.52000427246094,209.41000366210938,208.2899932861328,209.3701934814453,3744945.0
1745602200,209.38999938964844,209.4149932861328,207.3699951171875,208.50450134277344,3053055.0
1745605800,208.50999450683594,208.8699951171875,208.13999938964844,208.22000122070312,2357459.0
1745609400,208.2100067138672,209.42999267578125,207.8699951171875,209.22999572753906,4418187.0
1745847000,210.05999755859375,211.5,208.74000549316406,208.92999267578125,9371395.0
1745850600,208.875,209.82000732421875,207.83999633789062,207.9499969482422,4027500.0
1745854200,207.98590087890625,208.39999389648438,207.4600067138672,207.86000061035156,2434302.0
1745857800,207.85000610351562,208.72999572753906,207.85000610351562,208.13999938964844,2227932.0
1745861400,208.13499450683594,210.0500030517578,208.0800018310547,209.8699951171875,3099461.0
1745865000,209.8699951171875,210.94000244140625,209.7613983154297,210.5399932861328,2610842.0
1745868600,210.52999877929688,211.4998016357422,210.0399932861328,210.08999633789062,3584738.0
1745933400,208.6929931640625,212.24000549316406,208.3699951171875,210.9499969482422,9190515.0
1745937000,210.9600067138672,212.07000732421875,210.6699981689453,211.0399932861328,3218454.0
1745940600,211.0399932861328,211.32530212402344,210.39999389648438,210.48800659179688,2669695.0
1745944200,210.49000549316406,210.69000244140625,209.35000610351562,210.36000061035156,2562388.0
1745947800,210.3699951171875,211.85000610351562,210.22000122070312,211.7227020263672,2467158.0
1745951400,211.72000122070312,211.96060180664062,211.10009765625,211.3000030517578,2519310.0
1745955000,211.30999755859375,211.77000427246094,210.9499969482422,211.24000549316406,3222132.0
1746019800,209.3000030517578,209.72000122070312,206.67050170898438,209.32119750976562,7770541.0
1746023400,209.34950256347656,210.86000061035156,208.71009826660156,210.5449981689453,3782710.0
1746027000,210.55999755859375,211.27999877929688,209.9499969482422,210.58999633789062,2740535.0
1746030600,210.58999633789062,211.36000061035156,209.8000030517578,211.0800018310547,2462208.0
1746034200,211.07000732421875,212.97000122070312,210.31500244140625,210.71499633789062,3447792.0
1746037800,210.6999969482422,211.30999755859375,210.27999877929688,210.3446044921875,2871370.0
1746041400,210.375,213.5399932861328,210.0500030517578,212.49000549316406,7076663.0
1746106200,209.00999450683594,212.5,208.89999389648438,211.74000549316406,11460361.0
1746109800,211.75,214.22000122070312,211.31500244140625,212.8966064453125,5794472.0
1746113400,212.89500427246094,213.1199951171875,211.4149932861328,212.77999877929688,4005190.0
1746117000,212.77999877929688,212.87759399414062,211.85000610351562,212.50999450683594,4133080.0
1746120600,212.50999450683594,213.0,212.06500244140625,212.77999877929688,2827555.0
1746124200,212.7899932861328,213.1999969482422,212.3000030517578,212.94000244140625,3941988.0
1746127800,212.94000244140625,214.5500030517578,212.47000122070312,212.8300018310547,7135104.0
1746192600,206.08999633789062,206.8199005126953,202.2100067138672,206.72000122070312,30704404.0
1746196200,206.72000122070312,206.99000549316406,204.60000610351562,204.9008026123047,9323215.0
1746199800,204.9199981689453,206.5800018310547,204.860595703125,205.0,8718007.0
1746203400,205.0,205.88999938964844,204.14999389648438,204.69900512695312,7635353.0
1746207000,204.6999969482422,205.8300018310547,204.6999969482422,204.8800048828125,7087245.0
1746210600,204.8699951171875,205.42999267578125,203.66000366210938,204.75999450683594,8882491.0
1746214200,204.75999450683594,205.5,203.88999938964844,205.3000030517578,9990065.0
1746451800,203.125,203.94000244140625,198.6199951171875,198.77999877929688,17363317.0
1746455400,198.78700256347656,199.64999389648438,198.2100067138672,199.19960021972656,8474385.0
1746459000,199.19000244140625,200.0399932861328,198.66000366210938,199.9739990234375,5978364.0
1746462600,199.9600067138672,200.63999938964844,199.67010498046875,200.41000366210938,4884446.0
1746466200,200.41000366210938,201.08999633789062,200.16000366210938,200.9600067138672,3841975.0
1746469800,200.9499969482422,201.16000366210938,199.39999389648438,199.39999389648438,5400812.0
1746473400,199.39999389648438,199.5998992919922,198.5196990966797,198.77000427246094,6786984.0
1746538200,198.125,199.8800048828125,197.02000427246094,198.91000366210938,16561562.0
1746541800,198.89999389648438,199.1300048828125,197.85000610351562,199.03500366210938,5182787.0
1746545400,199.03500366210938,200.6490020751953,198.66000366210938,198.97999572753906,4709429.0
1746549000,198.97500610351562,200.02000427246094,198.9600067138672,199.4250030517578,3055441.0
1746552600,199.4499969482422,199.82000732421875,198.69000244140625,199.30499267578125,2836848.0
1746556200,199.2949981689453,199.85000610351562,199.02000427246094,199.70840454101562,3342061.0
1746559800,199.72999572753906,200.1699981689453,198.3800048828125,198.41000366210938,4603113.0
1746624600,199.19500732421875,199.44000244140625,197.35000610351562,199.22000122070312,9871911.0
1746628200,199.2270050048828,199.39999389648438,193.80999755859375,194.35069274902344,11182870.0
1746631800,194.36000061035156,195.3699951171875,193.25,194.8699951171875,7971845.0
1746635400,194.85000610351562,195.77999877929688,194.5749969482422,195.3000030517578,4049885.0
1746639000,195.32000732421875,195.36000061035156,193.3000030517578,194.00999450683594,5113387.0
1746642600,193.9969940185547,195.7100067138672,193.83140563964844,194.32000732421875,4886414.0
1746646200,194.33999633789062,197.4698944091797,194.2899932861328,196.25,6299703.0
1746711000,197.74000549316406,198.1300048828125,194.67959594726562,195.82000732421875,10449699.0
1746714600,195.8300018310547,197.8300018310547,195.51499938964844,197.5399932861328,5629546.0
1746718200,197.52999877929688,200.0498046875,197.30999755859375,199.24000549316406,6698875.0
1746721800,199.23570251464844,199.99000549316406,199.01010131835938,199.13999938964844,3093141.0
1746725400,199.13999938964844,199.21200561523438,198.08999633789062,198.63999938964844,3307947.0
1746729000,198.63999938964844,199.68800354003906,198.4499969482422,199.55999755859375,3714346.0
1746732600,199.57000732421875,199.6199951171875,197.16400146484375,197.39999389648438,5279543.0
1746797400,199.0050048828125,200.53990173339844,198.1199951171875,198.360107421875,9737491.0
1746801000,198.38499450683594,199.17999267578125,197.53500366210938,198.42999267578125,4551929.0
1746804600,198.4199981689453,199.00999450683594,197.92999267578125,198.13499450683594,2891812.0
1746808200,198.1300048828125,198.4499969482422,197.60000610351562,198.13999938964844,3054224.0
1746811800,198.14500427246094,199.0998992919922,197.91000366210938,198.91000366210938,2470206.0
1746815400,198.94000244140625,199.42999267578125,198.7100067138672,198.77999877929688,2945367.0
1746819000,198.8000030517578,198.92990112304688,198.34010314941406,198.5399932861328,3474290.0
1747056600,210.97000122070312,211.26649475097656,206.75,209.16000366210938,23789646.0
1747060200,209.1699981689453,210.22999572753906,208.1199951171875,208.75999450683594,6318334.0
1747063800,208.77999877929688,208.9864959716797,208.25,208.72999572753906,3944326.0
1747067400,208.72999572753906,209.99000549316406,208.70919799804688,209.93499755859375,4323467.0
1747071000,209.94000244140625,210.9600067138672,209.93499755859375,210.77000427246094,4651025.0
1747074600,210.77999877929688,211.14999389648438,209.9199981689453,210.0500030517578,4909377.0
1747078200,210.05999755859375,210.85000610351562,209.9600067138672,210.8300018310547,5815190.0
1747143000,210.42999267578125,211.6656951904297,209.0800018310547,211.4499969482422,15261368.0
1747146600,211.44500732421875,211.8800048828125,211.0800018310547,211.38499450683594,4791824.0
1747150200,211.3975067138672,211.61000061035156,210.47999572753906,211.27999877929688,4186585.0
1747153800,211.27999877929688,211.94000244140625,210.90980529785156,211.7100067138672,3331068.0
1747157400,211.7100067138672,212.97000122070312,211.70989990234375,212.4600067138672,4232828.0
1747161000,212.47520446777344,213.39999389648438,212.0399932861328,213.22999572753906,4652431.0
1747164600,213.19000244140625,213.36000061035156,212.60499572753906,212.83999633789062,4596157.0
1747229400,212.4250030517578,213.94000244140625,211.8699951171875,213.2899932861328,12096435.0
1747233000,213.30499267578125,213.71640014648438,211.88980102539062,212.6199951171875,4921349.0
1747236600,212.6179962158203,212.8800048828125,211.99000549316406,212.2899932861328,3092741.0
1747240200,212.2949981689453,212.60000610351562,210.58009338378906,210.9600067138672,4235129.0
1747243800,210.97000122070312,211.94520568847656,210.9600067138672,211.3699951171875,3051755.0
1747247400,211.3800048828125,212.0500030517578,210.99000549316406,211.3594970703125,3801274.0
1747251000,211.33999633789062,212.60000610351562,211.24000549316406,212.41000366210938,6352084.0
1747315800,210.9949951171875,212.52999877929688,209.5399932861328,210.27499389648438,9925447.0
1747319400,210.32000732421875,212.8000030517578,210.19000244140625,212.49639892578125,5111525.0
1747323000,212.5,212.9600067138672,211.41009521484375,211.64169311523438,4296380.0
1747326600,211.6300048828125,212.27999877929688,211.2100067138672,212.12010192871094,2927204.0
1747330200,212.1300048828125,212.1300048828125,210.25999450683594,210.6300048828125,3649292.0
1747333800,210.6300048828125,211.2100067138672,210.3249969482422,210.36000061035156,3629914.0
1747337400,210.35000610351562,211.4600067138672,210.14999389648438,211.45799255371094,5877104.0
1747402200,212.32000732421875,212.57000732421875,210.55999755859375,210.60000610351562,15838181.0
1747405800,210.58999633789062,210.66000366210938,209.77000427246094,210.0800018310547,6777501.0
1747409400,210.08999633789062,211.14990234375,210.08999633789062,210.9550018310547,3654109.0
1747413000,210.9600067138672,211.4199981689453,210.6999969482422,211.11000061035156,3241029.0
1747416600,211.11000061035156,211.74000549316406,210.72999572753906,211.6199951171875,3898429.0
1747420200,211.6300048828125,211.92999267578125,211.42999267578125,211.72500610351562,3274956.0
1747423800,211.7100067138672,211.72999572753906,211.11000061035156,211.19000244140625,3920156.0
1747661400,207.13999938964844,207.47999572753906,204.25999450683594,206.61990356445312,15175611.0
1747665000,206.61000061035156,208.0399932861328,206.24000549316406,207.3300018310547,5318353.0
1747668600,207.32000732421875,208.5800018310547,207.27999877929688,208.48260498046875,3033717.0
1747672200,208.49000549316406,209.47999572753906,208.07000732421875,208.92999267578125,3363890.0
1747675800,208.92999267578125,209.1999969482422,207.77999877929688,208.02999877929688,3106651.0
1747679400,208.0500030517578,208.8000030517578,207.9600067138672,208.1273956298828,2702881.0
1747683000,208.1199951171875,208.92999267578125,208.10000610351562,208.75999450683594,4045825.0
1747747800,207.6699981689453,208.3000030517578,206.47000122070312,207.84500122070312,9911111.0
1747751400,207.8300018310547,208.47000122070312,207.22000122070312,207.63429260253906,3762244.0
1747755000,207.64999389648438,208.42999267578125,207.0500030517578,207.80999755859375,4102805.0
1747758600,207.80999755859375,208.01539611816406,207.11000061035156,207.3800048828125,2803301.0
1747762200,207.3699951171875,207.40499877929688,205.47000122070312,205.58999633789062,4199913.0
1747765800,205.5800018310547,206.41000366210938,205.02999877929688,206.27000427246094,4844502.0
1747769400,206.27000427246094,206.94000244140625,205.92999267578125,206.8699951171875,3731510.0
1747834200,205.1199951171875,206.61000061035156,204.05999755859375,205.80999755859375,8941675.0
1747837800,205.85000610351562,207.0399932861328,205.4761962890625,206.5800018310547,4273571.0
1747841400,206.57000732421875,206.8699951171875,205.5200958251953,205.63999938964844,3570453.0
1747845000,205.64999389648438,206.08999633789062,202.02000427246094,202.10000610351562,12405386.0
1747848600,202.08999633789062,203.34500122070312,201.75999450683594,202.3415069580078,7684596.0
1747852200,202.32000732421875,202.61000061035156,200.72000122070312,201.0301055908203,7028968.0
1747855800,201.05999755859375,202.49000549316406,201.0500030517578,202.05999755859375,6085411.0
1747920600,200.71499633789062,201.63999938964844,199.6999969482422,200.36000061035156,13339867.0
1747924200,200.3699951171875,201.36000061035156,200.35360717773438,200.9499969482422,5239551.0
1747927800,200.9499969482422,202.40989685058594,200.86000061035156,201.9499969482422,4473843.0
1747931400,201.94500732421875,202.0699005126953,201.16000366210938,201.88999938964844,3223269.0
1747935000,201.8800048828125,202.22000122070312,201.6699981689453,201.97000122070312,3552562.0
1747938600,201.9600067138672,202.72000122070312,201.64999389648438,202.61000061035156,5071372.0
1747942200,202.6199951171875,202.64999389648438,201.0,201.3699951171875,5705738.0
1748007000,193.6649932861328,197.6999969482422,193.4600067138672,197.1699981689453,27970489.0
1748010600,197.14999389648438,197.3699951171875,195.69000244140625,196.5850067138672,7789566.0
1748014200,196.58999633789062,197.1199951171875,195.71499633789062,196.05020141601562,6693085.0
1748017800,196.05079650878906,196.67239379882812,195.63499450683594,196.6199951171875,6093930.0
1748021400,196.60000610351562,196.60000610351562,195.08999633789062,195.75,7300789.0
1748025000,195.72000122070312,195.89999389648438,195.02999877929688,195.46240234375,6291505.0
1748028600,195.4600067138672,195.97000122070312,195.02999877929688,195.33999633789062,8128777.0
1748352600,198.3000030517578,199.1699981689453,197.42999267578125,198.35000610351562,13343197.0
1748356200,198.36000061035156,199.3699951171875,198.00999450683594,199.36500549316406,6877187.0
1748359800,199.36000061035156,200.5800018310547,199.0,199.9949951171875,6493372.0
1748363400,199.99000549316406,200.64999389648438,199.6699981689453,199.95989990234375,4788957.0
1748367000,199.9550018310547,200.74000549316406,199.80999755859375,200.3699951171875,4199118.0
1748370600,200.3800048828125,200.5500030517578,200.19000244140625,200.29440307617188,4344607.0
1748374200,200.3000030517578,200.47000122070312,199.92999267578125,200.1999969482422,6028688.0
1748439000,200.67999267578125,202.72999572753906,199.89999389648438,200.75,11384135.0
1748442600,200.74000549316406,201.30999755859375,200.2100067138672,201.0449981689453,4989502.0
1748446200,201.0500030517578,201.2899932861328,200.86199951171875,201.10000610351562,2681810.0
1748449800,201.08999633789062,201.52000427246094,200.8249969482422,201.11000061035156,2692955.0
1748453400,201.1199951171875,201.25,200.72999572753906,200.85000610351562,2564636.0
1748457000,200.83999633789062,201.52110290527344,200.32000732421875,201.12860107421875,3702217.0
1748460600,201.08999633789062,201.39500427246094,200.19500732421875,200.4199981689453,4638874.0
1748525400,203.5749969482422,203.77999877929688,200.75999450683594,201.13999938964844,13269413.0
1748529000,201.11000061035156,201.64999389648438,200.5500030517578,200.74000549316406,4965675.0
1748532600,200.74000549316406,200.8000030517578,198.50999450683594,199.4199981689453,6137020.0
1748536200,199.39999389648438,200.44960021972656,199.39999389648438,199.97500610351562,3935142.0
1748539800,199.9600067138672,200.1699981689453,199.0399932861328,199.0399932861328,3863280.0
1748543400,199.0399932861328,199.57000732421875,198.57000732421875,199.13929748535156,4850814.0
1748547000,199.125,200.2480010986328,199.0800018310547,199.9499969482422,5888522.0
1748611800,199.40499877929688,199.57000732421875,197.97000122070312,199.24000549316406,8945068.0
1748615400,199.22999572753906,199.48500061035156,198.80999755859375,199.30999755859375,3302545.0
1748619000,199.3000030517578,199.3699951171875,197.55039978027344,197.71499633789062,3638495.0
1748622600,197.72000122070312,198.1699981689453,196.77999877929688,198.0850067138672,5105841.0
1748626200,198.0800018310547,199.17999267578125,197.9499969482422,199.1199951171875,3188808.0
1748629800,199.1199951171875,200.22999572753906,198.9199981689453,200.05059814453125,4653738.0
1748633400,200.07000732421875,201.9499969482422,199.74009704589844,200.66000366210938,12325548.0
1748871000,200.14999389648438,202.1300048828125,200.1199951171875,200.52999877929688,8866907.0
1748874600,200.52000427246094,201.99000549316406,200.35000610351562,200.7100067138672,4886322.0
1748878200,200.72000122070312,201.1186981201172,200.3000030517578,201.02999877929688,3147865.0
1748881800,201.02999877929688,201.16799926757812,200.57000732421875,200.860107421875,2227466.0
1748885400,200.86000061035156,201.52999877929688,200.58009338378906,201.45399475097656,2804759.0
1748889000,201.4499969482422,201.7799072265625,201.13999938964844,201.66000366210938,2805599.0
1748892600,201.64999389648438,201.80990600585938,201.3000030517578,201.8000030517578,3972829.0
1748957400,201.35000610351562,203.24000549316406,200.9550018310547,201.74000549316406,10305758.0
1748961000,201.74000549316406,202.69000244140625,201.52020263671875,202.5,4748287.0
1748964600,202.52000427246094,203.33999633789062,202.05999755859375,203.05499267578125,4217975.0
1748968200,203.05999755859375,203.74000549316406,202.72000122070312,203.31460571289062,3820571.0
1748971800,203.3350067138672,203.77000427246094,202.5,203.09170532226562,3339508.0
1748975400,203.0800018310547,203.4398956298828,202.99000549316406,203.17999267578125,2991230.0
1748979000,203.17999267578125,203.4698944091797,202.97999572753906,203.33999633789062,4035108.0
1749043800,202.91000366210938,206.24000549316406,202.6508026123047,205.13999938964844,12614073.0
1749047400,205.1199951171875,205.17999267578125,203.99009704589844,204.08999633789062,4439145.0
1749051000,204.08999633789062,204.60000610351562,202.14999389648438,202.8300018310547,7130175.0
1749054600,202.82000732421875,203.58999633789062,202.61500549316406,203.4149932861328,2639222.0
1749058200,203.41200256347656,203.47000122070312,202.85000610351562,203.1199951171875,2609590.0
1749061800,203.11000061035156,203.25,202.75999450683594,203.19000244140625,3114173.0
1749065400,203.19000244140625,203.44769287109375,202.75999450683594,202.88699340820312,3543324.0
1749130200,203.59500122070312,203.83999633789062,201.27000427246094,202.4499969482422,9756368.0
1749133800,202.4499969482422,204.58999633789062,201.6772003173828,204.54379272460938,6631520.0
1749137400,204.53500366210938,204.75,202.47999572753906,203.13999938964844,4785035.0
1749141000,203.13999938964844,203.25,201.5500030517578,202.60009765625,3948935.0
1749144600,202.60000610351562,202.89999389648438,201.14999389648438,202.2104034423828,3145886.0
1749148200,202.2100067138672,202.72000122070312,200.1999969482422,200.72999572753906,4825395.0
1749151800,200.74000549316406,201.77000427246094,200.15960693359375,200.5500030517578,6191418.0
1749216600,202.9949951171875,205.6999969482422,202.98309326171875,203.66000366210938,11106322.0
1749220200,203.64999389648438,204.05999755859375,202.97999572753906,203.17990112304688,4956876.0
1749223800,203.0800018310547,203.60000610351562,202.61000061035156,202.625,3261392.0
1749227400,202.6199951171875,203.77999877929688,202.0500030517578,203.58999633789062,4406812.0
1749231000,203.60000610351562,205.2100067138672,203.58999633789062,204.98500061035156,4157003.0
1749234600,204.99000549316406,205.47000122070312,204.68499755859375,204.6999969482422,4253859.0
1749238200,204.69000244140625,205.22000122070312,203.89500427246094,203.92999267578125,5842274.0
1749475800,204.38999938964844,206.0,203.97999572753906,205.32000732421875,10204602.0
1749479400,205.3000030517578,205.74000549316406,204.50999450683594,204.52999877929688,4646532.0
1749483000,204.5301055908203,204.91000366210938,203.72999572753906,203.92880249023438,4660532.0
1749486600,203.92999267578125,205.29989624023438,200.02000427246094,200.72000122070312,14949524.0
1749490200,200.7100067138672,202.66769409179688,200.02999877929688,201.4600067138672,13053525.0
1749493800,201.42999267578125,201.6999969482422,200.6300048828125,201.25,8620350.0
1749497400,201.2100067138672,202.35499572753906,200.88999938964844,201.44000244140625,7398849.0
1749562200,200.60000610351562,203.35690307617188,200.57000732421875,202.8699951171875,13200692.0
1749565800,202.86000061035156,204.35000610351562,202.72999572753906,203.31500244140625,6624997.0
1749569400,203.32000732421875,203.32000732421875,202.3000946044922,202.53880310058594,4294134.0
1749573000,202.52999877929688,202.76300048828125,201.75,201.75999450683594,4163222.0
1749576600,201.77499389648438,202.10000610351562,201.30999755859375,201.6999969482422,5126577.0
1749580200,201.69000244140625,203.22500610351562,201.60000610351562,202.82000732421875,4955808.0
1749583800,202.82110595703125,202.97500610351562,202.3300018310547,202.75,4081286.0
1749648600,203.47000122070312,204.5,202.3300018310547,202.76010131835938,10386969.0
1749652200,202.75999450683594,202.77000427246094,200.91000366210938,200.94000244140625,7233304.0
1749655800,200.89500427246094,201.1699981689453,199.65960693359375,200.2071075439453,10232286.0
1749659400,200.19070434570312,201.2364959716797,200.18499755859375,200.91000366210938,5829259.0
1749663000,200.90499877929688,200.98500061035156,198.7100067138672,199.23919677734375,6328313.0
1749666600,199.22000122070312,199.60000610351562,198.6199951171875,198.97999572753906,6509313.0
1749670200,198.9499969482422,199.125,198.41000366210938,198.85000610351562,6085149.0
1749735000,199.0800018310547,199.38999938964844,197.360107421875,198.0666961669922,10588317.0
1749738600,198.0800018310547,198.9250030517578,197.86270141601562,198.14999389648438,5324558.0
1749742200,198.13369750976562,198.63999938964844,197.7550048828125,198.58999633789062,3767271.0
1749745800,198.5800018310547,199.44000244140625,198.2100067138672,199.25999450683594,4180542.0
1749749400,199.25999450683594,199.67990112304688,198.6696014404297,198.75,3327745.0
1749753000,198.75999450683594,199.06039428710938,198.5449981689453,198.88499450683594,3064478.0
1749756600,198.8800048828125,199.1999969482422,198.39999389648438,199.1999969482422,3810648.0
1749821400,199.72999572753906,200.3699951171875,195.91000366210938,196.15499877929688,14838318.0
1749825000,196.16000366210938,197.63999938964844,195.97999572753906,197.50999450683594,5870070.0
1749828600,197.52000427246094,198.04750061035156,197.2100067138672,197.27000427246094,4078021.0
1749832200,197.2899932861328,197.57000732421875,196.9199981689453,197.27000427246094,3611125.0
1749835800,197.25,197.7100067138672,196.22000122070312,196.2779998779297,4012087.0
1749839400,196.25999450683594,196.63999938964844,195.80999755859375,196.22000122070312,5166232.0
1749843000,196.24000549316406,196.69000244140625,195.77000427246094,196.4499969482422,5657582.0
1750080600,197.2899932861328,198.68499755859375,196.5635986328125,198.42999267578125,10592906.0
1750084200,198.43499755859375,198.66000366210938,197.1649932861328,197.31500244140625,5091014.0
1750087800,197.30999755859375,197.6300048828125,196.875,197.0800018310547,4269679.0
1750091400,197.0800018310547,197.9550018310547,197.02000427246094,197.875,2678380.0
1750095000,197.88499450683594,198.19000244140625,197.77000427246094,197.9886932373047,3200825.0
1750098600,197.99000549316406,198.39999389648438,197.66000366210938,198.2449951171875,3569146.0
1750102200,198.2449951171875,198.49000549316406,197.92999267578125,198.3699951171875,4718967.0
1750167000,197.1999969482422,197.92999267578125,196.2550048828125,197.5800018310547,7902396.0
1750170600,197.58299255371094,197.7899932861328,197.3249969482422,197.5800018310547,3367583.0
1750174200,197.58999633789062,198.38890075683594,197.4600067138672,197.61500549316406,3514424.0
1750177800,197.61000061035156,197.845703125,196.46499633789062,196.52000427246094,4473741.0
1750181400,196.50999450683594,196.82000732421875,195.2100067138672,195.4600067138672,4011630.0
1750185000,195.47999572753906,195.94000244140625,195.42030334472656,195.83999633789062,3616427.0
1750188600,195.85000610351562,195.88499450683594,195.4409942626953,195.63999938964844,4321581.0
1750253400,195.94500732421875,197.50999450683594,195.07000732421875,197.06019592285156,8663131.0
1750257000,197.11000061035156,197.57000732421875,196.63499450683594,196.94000244140625,3977500.0
1750260600,196.85000610351562,197.22999572753906,196.50030517578125,196.9508056640625,2676891.0
1750264200,196.94000244140625,197.02000427246094,196.0500030517578,196.05999755859375,2527979.0
1750267800,196.07000732421875,196.97999572753906,195.6300048828125,195.91000366210938,3683814.0
1750271400,195.91000366210938,196.4499969482422,195.11000061035156,195.63999938964844,5009904.0
1750275000,195.6300048828125,197.11000061035156,195.46600341796875,196.25,7662210.0
1750426200,198.23500061035156,200.94000244140625,197.52999877929688,198.67999267578125,26036367.0
1750429800,198.69000244140625,198.69000244140625,196.85960388183594,197.6699981689453,6560590.0
1750433400,197.7100067138672,198.86000061035156,197.6999969482422,198.49000549316406,4287672.0
1750437000,198.49000549316406,199.3699951171875,198.27000427246094,198.32000732421875,4286863.0
1750440600,198.32000732421875,200.19000244140625,198.07000732421875,199.80999755859375,5317209.0
1750444200,199.82000732421875,200.33670043945312,199.60009765625,199.92999267578125,7927637.0
1750447800,199.9199981689453,201.6999969482422,199.77000427246094,200.94000244140625,10755124.0
1750685400,201.53199768066406,202.3000030517578,199.94000244140625,201.37179565429688,12829209.0
1750689000,201.3800048828125,201.58999633789062,200.1999969482422,200.52999877929688,5321162.0
1750692600,200.3300018310547,200.52000427246094,199.50999450683594,200.1396026611328,4993482.0
1750696200,200.13999938964844,201.52000427246094,198.9600067138672,201.43899536132812,4894801.0
1750699800,201.4600067138672,202.24000549316406,201.0800018310547,201.69000244140625,6635454.0
1750703400,201.6699981689453,201.8968048095703,201.0507049560547,201.36019897460938,4184558.0
1750707000,201.35000610351562,201.83999633789062,201.13499450683594,201.5500030517578,3965279.0
1750771800,202.58999633789062,202.77999877929688,200.1999969482422,200.9822998046875,12508328.0
1750775400,200.99000549316406,201.5800018310547,200.7404022216797,201.3800048828125,4685578.0
1750779000,201.4600067138672,202.56500244140625,201.24000549316406,202.4499969482422,4724128.0
1750782600,202.45150756835938,203.44000244140625,201.94000244140625,201.9600067138672,6930517.0
1750786200,201.9600067138672,202.3300018310547,201.30999755859375,201.57000732421875,4599071.0
1750789800,201.5800018310547,202.01499938964844,201.30499267578125,201.52999877929688,5015277.0
1750793400,201.53500366210938,201.5998992919922,200.27000427246094,200.2899932861328,7488205.0
1750858200,201.4199981689453,203.66000366210938,201.1999969482422,202.44000244140625,10894360.0
1750861800,202.44000244140625,203.1750030517578,201.99000549316406,202.10000610351562,5914874.0
1750865400,202.10499572753906,202.1699981689453,201.39999389648438,201.8699951171875,3571019.0
1750869000,201.8800048828125,202.1999053955078,201.08999633789062,201.13999938964844,2830902.0
1750872600,201.13999938964844,201.27999877929688,200.62010192871094,201.01539611816406,3158873.0
1750876200,201.02000427246094,201.5,200.9499969482422,201.15980529785156,3073812.0
1750879800,201.13999938964844,201.6199951171875,200.88499450683594,201.60000610351562,4058748.0
1750944600,201.42999267578125,202.61500549316406,199.64999389648438,199.75,11861101.0
1750948200,199.74000549316406,200.50999450683594,199.6199951171875,199.69000244140625,6026822.0
1750951800,199.7100067138672,200.7899932861328,199.4600067138672,200.122802734375,4778323.0
1750955400,200.13780212402344,200.27000427246094,199.63499450683594,200.24000549316406,4568502.0
1750959000,200.25,201.36000061035156,199.97500610351562,200.97999572753906,5027751.0
1750962600,200.99000549316406,201.17869567871094,200.75,201.1750030517578,3971689.0
1750966200,201.17520141601562,201.55999755859375,200.7899932861328,200.94000244140625,5945620.0
1751031000,201.89500427246094,203.22000122070312,201.25999450683594,201.58009338378906,11392916.0
1751034600,201.58999633789062,201.9501953125,200.85499572753906,201.38180541992188,6069609.0
1751038200,201.39999389648438,202.0500030517578,201.38999938964844,201.99000549316406,4142671.0
1751041800,201.99000549316406,202.6999969482422,201.72999572753906,202.0800018310547,4499910.0
1751045400,202.10000610351562,202.1199951171875,200.92999267578125,201.44000244140625,5147746.0
1751049000,201.4499969482422,201.52000427246094,200.7899932861328,201.125,5338193.0
1751052600,201.1300048828125,201.27000427246094,200.22000122070312,201.10000610351562,6326536.0
1751290200,202.00999450683594,202.19000244140625,200.35240173339844,201.00990295410156,9942898.0
1751293800,201.0050048828125,201.32000732421875,199.59010314941406,199.97000122070312,7348749.0
1751297400,199.98919677734375,200.4199981689453,199.8000030517578,200.3249969482422,4709275.0
1751301000,200.30999755859375,200.47999572753906,199.84500122070312,200.15499877929688,4227066.0
1751304600,200.15499877929688,200.8300018310547,199.89999389648438,200.69500732421875,3674697.0
1751308200,200.69509887695312,207.08999633789062,199.2606964111328,206.58560180664062,26910135.0
1751311800,206.5500030517578,207.38999938964844,205.0500030517578,205.1199951171875,13956446.0
1751376600,206.6649932861328,209.8300018310547,206.14010620117188,209.54010009765625,26727051.0
1751380200,209.5500946044922,210.18649291992188,207.47000122070312,207.9499969482422,15475523.0
1751383800,207.9600067138672,208.18499755859375,206.7899932861328,207.875,7412772.0
1751387400,207.8699951171875,208.52999877929688,207.10000610351562,208.08999633789062,6089153.0
1751391000,208.08889770507812,208.4199981689453,207.61000061035156,208.2100067138672,4666140.0
1751394600,208.2100067138672,208.42990112304688,207.375,208.19000244140625,5033918.0
1751398200,208.18499755859375,208.22999572753906,207.51499938964844,207.86000061035156,5286012.0
1751463000,209.0800018310547,213.33999633789062,208.13999938964844,212.3000030517578,24809075.0
1751466600,212.27999877929688,212.85000610351562,211.4199981689453,211.47500610351562,8338925.0
1751470200,211.49000549316406,212.02000427246094,210.86000061035156,210.92030334472656,6059046.0
1751473800,210.9199981689453,211.35000610351562,210.22000122070312,210.81809997558594,5032781.0
1751477400,210.80999755859375,211.77000427246094,210.74000549316406,211.58999633789062,3704293.0
1751481000,211.5749969482422,212.9600067138672,211.3699951171875,211.94500732421875,6995805.0
1751484600,211.94000244140625,212.75,211.92999267578125,212.41000366210938,6287690.0
1751549400,212.14500427246094,213.85989379882812,211.8101043701172,213.73500061035156,11914855.0
1751553000,213.74000549316406,214.4600067138672,213.0399932861328,213.8800048828125,8989319.0
1751556600,213.889892578125,214.64999389648438,213.6699981689453,214.10000610351562,5268462.0
1751895000,212.67999267578125,215.8300018310547,211.80999755859375,212.36000061035156,13506133.0
1751898600,212.3699951171875,212.60000610351562,211.60000610351562,212.0399932861328,4497654.0
1751902200,212.03500366210938,212.22000122070312,210.3800048828125,210.8365020751953,4843940.0
1751905800,210.83900451660156,211.16990661621094,209.52000427246094,209.67039489746094,5039814.0
1751909400,209.6699981689453,210.5,208.91000366210938,208.94039916992188,4210639.0
1751913000,208.94000244140625,210.07000732421875,208.8000030517578,209.4499969482422,4388321.0
1751916600,209.4600067138672,210.25,209.19000244140625,209.94000244140625,4768433.0
1751981400,210.1300048828125,210.4600067138672,208.4499969482422,209.27999877929688,9381795.0
1751985000,209.28500366210938,211.42999267578125,209.25999450683594,209.87069702148438,5854284.0
1751988600,209.8800048828125,211.18499755859375,209.77999877929688,210.8300018310547,3759768.0
1751992200,210.83999633789062,210.88999938964844,209.5,209.8350067138672,3725509.0
1751995800,209.83999633789062,210.25999450683594,209.32000732421875,209.94500732421875,2881574.0
1751999400,209.9499969482422,210.0449981689453,209.40499877929688,209.60499572753906,2636682.0
1752003000,209.58999633789062,210.33999633789062,209.3000030517578,210.03500366210938,5121140.0
1752067800,209.52999877929688,210.89999389648438,209.35000610351562,209.91000366210938,8992949.0
1752071400,209.88999938964844,209.89999389648438,207.22000122070312,207.80499267578125,8309318.0
1752075000,207.80999755859375,208.22000122070312,207.26589965820312,207.8000030517578,4676493.0
1752078600,207.81039428710938,209.0449981689453,207.57139587402344,208.9156036376953,3964765.0
1752082200,208.9149932861328,209.97999572753906,208.72000122070312,209.7324981689453,4016622.0
1752085800,209.7449951171875,210.19000244140625,209.6199951171875,209.88999938964844,3710492.0
1752089400,209.8800048828125,211.3300018310547,209.72999572753906,211.11000061035156,6191235.0
1752154200,210.5050048828125,212.29989624023438,210.1199951171875,212.00999450683594,9591288.0
1752157800,212.02999877929688,213.47999572753906,211.89999389648438,212.97999572753906,8759012.0
1752161400,212.99000549316406,213.17999267578125,211.8300018310547,212.0800018310547,4598153.0
1752165000,212.07000732421875,212.77999877929688,211.85000610351562,212.6199951171875,3384939.0
1752168600,212.61000061035156,213.16000366210938,212.30999755859375,212.60000610351562,3025386.0
1752172200,212.5948944091797,213.4499969482422,212.57000732421875,212.5749969482422,3341074.0
1752175800,212.5800018310547,213.02000427246094,212.08999633789062,212.4199981689453,4470431.0
1752240600,210.56500244140625,212.1300048828125,209.86000061035156,211.7899932861328,8592173.0
1752244200,211.7899932861328,211.7899932861328,210.47999572753906,210.8249969482422,4031708.0
1752247800,210.8300018310547,211.2100067138672,210.4282989501953,210.63499450683594,3418923.0
1752251400,210.6199951171875,211.2899932861328,210.4499969482422,211.1649932861328,2805663.0
1752255000,211.15499877929688,211.65980529785156,210.95199584960938,211.40499877929688,2380669.0
1752258600,211.41000366210938,211.51699829101562,210.6199951171875,211.16000366210938,2371782.0
1752262200,211.1300048828125,211.39999389648438,211.029296875,211.0749969482422,4157903.0
1752499800,209.90899658203125,210.91000366210938,207.5399932861328,208.02999877929688,11410322.0
1752503400,208.02999877929688,208.89169311523438,207.8249969482422,208.76499938964844,4099030.0
1752507000,208.77000427246094,209.17999267578125,208.55999755859375,208.8406982421875,3442253.0
1752510600,208.85000610351562,209.3300018310547,208.76019287109375,209.0,2496708.0
1752514200,209.0133056640625,209.4499969482422,208.96080017089844,209.0,2387557.0
1752517800,209.0,209.4073028564453,208.87010192871094,209.1999053955078,3211653.0
1752521400,209.1699981689453,209.19000244140625,208.52000427246094,208.5399932861328,4180894.0
1752586200,209.14999389648438,211.1300048828125,208.9199981689453,210.1699981689453,9804649.0
1752589800,210.13999938964844,211.42999267578125,209.19769287109375,211.42999267578125,5300718.0
1752593400,211.42999267578125,211.88999938964844,210.36000061035156,210.67999267578125,4617922.0
1752597000,210.69500732421875,211.07000732421875,210.3800048828125,210.67269897460938,2111068.0
1752600600,210.68499755859375,211.6699981689453,210.66000366210938,211.375,2756121.0
1752604200,211.38890075683594,211.47999572753906,209.9600067138672,210.17999267578125,3943223.0
1752607800,210.2030029296875,210.2899932861328,208.99000549316406,209.00999450683594,3872873.0
1752672600,210.2899932861328,212.39999389648438,209.91050720214844,212.0850067138672,11863740.0
1752676200,212.11000061035156,212.1844940185547,209.2899932861328,210.1199951171875,6716190.0
1752679800,210.1488037109375,210.5,208.63999938964844,209.58999633789062,5283557.0
1752683400,209.60000610351562,210.947998046875,209.3699951171875,210.35000610351562,2958239.0
1752687000,210.33999633789062,210.63189697265625,209.87100219726562,210.0384979248047,2325549.0
1752690600,210.0399932861328,210.58509826660156,210.0399932861328,210.3249969482422,2064165.0
1752694200,210.32000732421875,210.6365966796875,209.97000122070312,210.22000122070312,4310071.0
1752759000,210.625,211.00999450683594,209.58999633789062,209.9499969482422,9963627.0
1752762600,209.94000244140625,210.8300018310547,209.77000427246094,210.44000244140625,4483480.0
1752766200,210.4499969482422,211.4499969482422,210.10499572753906,211.38999938964844,5714933.0
1752769800,211.38890075683594,211.50999450683594,210.7899932861328,210.9550018310547,3852173.0
1752773400,210.9499969482422,211.8000030517578,210.9001007080078,211.27999877929688,5287499.0
1752777000,211.27999877929688,211.27999877929688,210.77999877929688,210.9949951171875,4445454.0
1752780600,210.99989318847656,211.0500030517578,209.74000549316406,210.06100463867188,7016080.0
1752845400,210.7550048828125,211.00999450683594,209.70449829101562,209.9542999267578,15729684.0
1752849000,209.9600067138672,211.00999450683594,209.77000427246094,210.85000610351562,4957360.0
1752852600,210.85499572753906,211.1300048828125,210.67999267578125,211.00999450683594,3993353.0
1752856200,211.02000427246094,211.7899932861328,210.8800048828125,211.19000244140625,3840387.0
1752859800,211.17999267578125,211.5399932861328,210.75999450683594,210.93499755859375,3054294.0
1752863400,210.92999267578125,211.19500732421875,210.7899932861328,210.9499969482422,2639727.0
1752867000,210.94000244140625,211.34500122070312,210.8300018310547,211.22000122070312,4433304.0
1753104600,212.0500030517578,215.77999877929688,211.64089965820312,214.64500427246094,19931497.0
1753108200,214.63999938964844,214.7100067138672,212.8699951171875,213.47000122070312,7487806.0
1753111800,213.4600067138672,213.7100067138672,213.16000366210938,213.31959533691406,3139375.0
1753115400,213.31500244140625,213.86000061035156,213.13999938964844,213.67999267578125,2907043.0
1753119000,213.66000366210938,213.7100067138672,212.50999450683594,213.25999450683594,4055325.0
1753122600,213.268798828125,213.42999267578125,212.50999450683594,212.5800018310547,2890224.0
1753126200,212.5800018310547,212.71859741210938,212.07000732421875,212.5399932861328,3808451.0
1753191000,213.23500061035156,214.02999877929688,212.2301025390625,213.2655029296875,12377510.0
1753194600,213.25999450683594,213.69000244140625,212.72000122070312,213.477294921875,4721399.0
1753198200,213.47000122070312,213.82000732421875,212.75999450683594,213.27999877929688,5611485.0
1753201800,213.24000549316406,214.47999572753906,212.83999633789062,214.41119384765625,4068346.0
1753205400,214.39999389648438,214.42340087890625,213.44000244140625,213.7100067138672,3620984.0
1753209000,213.7100067138672,214.41990661621094,213.7100067138672,214.18499755859375,3749973.0
1753212600,214.17999267578125,214.64500427246094,213.92999267578125,214.38999938964844,4788294.0
1753277400,215.0449981689453,215.10000610351562,212.41000366210938,212.9351043701172,13479209.0
1753281000,212.9499053955078,213.1699981689453,212.5,213.14999389648438,4588657.0
1753284600,213.14999389648438,213.80999755859375,212.64999389648438,213.5,4465099.0
1753288200,213.5,214.22850036621094,213.36000061035156,214.125,2552446.0
1753291800,214.1199951171875,214.63499450683594,214.07000732421875,214.40499877929688,4350901.0
1753295400,214.40499877929688,214.69500732421875,213.94000244140625,214.13999938964844,3541364.0
1753299000,214.14500427246094,214.30999755859375,213.61000061035156,214.30999755859375,4190088.0
1753363800,214.05999755859375,215.69000244140625,213.52999877929688,214.4600067138672,11740713.0
1753367400,214.4499969482422,215.35000610351562,214.08999633789062,215.25999450683594,6108820.0
1753371000,215.2615966796875,215.49000549316406,214.1999969482422,214.33999633789062,4945138.0
1753374600,214.33999633789062,215.1999969482422,214.27999877929688,214.7899932861328,2987772.0
1753378200,214.7899932861328,215.1999969482422,214.55999755859375,214.73500061035156,2538966.0
1753381800,214.73890686035156,215.02000427246094,214.3300018310547,214.80999755859375,3138944.0
1753385400,214.81100463867188,214.94000244140625,213.72000122070312,213.75999450683594,5843431.0
1753450200,214.6999969482422,214.86000061035156,213.74000549316406,214.58529663085938,10049767.0
1753453800,214.58999633789062,215.24000549316406,214.2100067138672,214.50999450683594,5133351.0
1753457400,214.5,214.63999938964844,214.0500030517578,214.3896026611328,5205668.0
1753461000,214.38999938964844,214.58999633789062,214.0399932861328,214.1699981689453,2636543.0
1753464600,214.17039489746094,214.50999450683594,213.82000732421875,213.88999938964844,3060915.0
1753468200,213.91000366210938,214.00999450683594,213.39999389648438,213.5,2957957.0
1753471800,213.5050048828125,214.0,213.49000549316406,213.9600067138672,4400863.0
1753709400,214.02999877929688,214.74000549316406,213.5800018310547,214.52000427246094,7838862.0
1753713000,214.53500366210938,214.84500122070312,214.12229919433594,214.43499755859375,3872401.0
1753716600,214.44000244140625,214.75,214.2899932861328,214.5399932861328,2571343.0
1753720200,214.53500366210938,214.5749969482422,213.4149932861328,213.64500427246094,3975039.0
1753723800,213.63499450683594,214.02000427246094,213.6199951171875,213.8000030517578,2392173.0
1753727400,213.82000732421875,213.8300018310547,213.05999755859375,213.42999267578125,4397176.0
1753731000,213.4199981689453,214.0500030517578,213.32000732421875,214.0399932861328,3976187.0
1753795800,214.16000366210938,214.80999755859375,211.50999450683594,213.0500030517578,11789728.0
1753799400,213.0399932861328,213.24830627441406,211.88999938964844,211.89999389648438,5404192.0
1753803000,211.88099670410156,212.92999267578125,211.6999969482422,212.0,4842502.0
1753806600,211.99000549316406,212.38999938964844,210.8249969482422,212.1999969482422,4558639.0
1753810200,212.2100067138672,212.38999938964844,211.81500244140625,211.9600067138672,3024877.0
1753813800,211.96499633789062,212.44000244140625,211.60000610351562,211.88999938964844,3376083.0
1753817400,211.88999938964844,211.91000366210938,211.05450439453125,211.35000610351562,4836491.0
1753882200,211.89500427246094,212.38999938964844,210.02000427246094,210.61000061035156,7424119.0
1753885800,210.6199951171875,210.72000122070312,209.6199951171875,209.71499633789062,3733727.0
1753889400,209.72000122070312,210.4199981689453,209.57000732421875,210.1199951171875,2767617.0
1753893000,210.11000061035156,210.1699981689453,209.32000732421875,209.75650024414062,2841873.0
1753896600,209.75,210.14990234375,209.47999572753906,209.85499572753906,3212089.0
1753900200,209.85499572753906,210.13999938964844,207.72000122070312,208.52000427246094,5902392.0
1753903800,208.50999450683594,209.10989379882812,208.1300048828125,209.02000427246094,4190797.0
1753968600,208.3800048828125,209.68150329589844,207.8249969482422,208.8424072265625,11337524.0
1753972200,208.86000061035156,209.5500030517578,208.07000732421875,208.28280639648438,6709067.0
1753975800,208.27000427246094,209.0,208.1699981689453,208.95449829101562,4492059.0
1753979400,208.9499969482422,209.83999633789062,208.5,208.6649932861328,5149802.0
1753983000,208.6649932861328,208.9199981689453,207.58999633789062,208.61000061035156,5001721.0
1753986600,208.61000061035156,209.38429260253906,208.49000549316406,208.5699005126953,6029902.0
1753990200,208.57000732421875,208.85000610351562,207.16000366210938,207.61000061035156,8246453.0
1754055000,210.88999938964844,213.5800018310547,204.3699951171875,205.36000061035156,29330279.0
1754058600,205.3300018310547,205.72999572753906,203.07000732421875,203.44000244140625,11748154.0
1754062200,203.4199981689453,204.58999633789062,202.64999389648438,202.75,9260890.0
1754065800,202.75999450683594,203.2895050048828,201.5,201.9824981689453,8501358.0
1754069400,201.9801025390625,203.72999572753906,201.63009643554688,203.5500030517578,8026633.0
1754073000,203.5500030517578,204.32119750976562,202.89999389648438,203.19000244140625,7684390.0
1754076600,203.17999267578125,203.24000549316406,202.1699981689453,202.27000427246094,8416967.0
1754314200,204.5050048828125,206.83999633789062,204.19500732421875,206.75999450683594,13367550.0
1754317800,206.75999450683594,207.8800048828125,205.74000549316406,205.77000427246094,8818623.0
1754321400,205.75999450683594,205.8800048828125,203.92999267578125,203.93499755859375,5759426.0
1754325000,203.94000244140625,204.47999572753906,203.86500549316406,204.14999389648438,5046794.0
1754328600,204.13999938964844,204.22000122070312,203.41000366210938,203.42999267578125,4659225.0
1754332200,203.44000244140625,203.52999877929688,202.07000732421875,202.3249969482422,10594574.0
1754335800,202.3300018310547,203.4499969482422,201.6750030517578,203.33999633789062,8673869.0
1754400600,203.43499755859375,204.55499267578125,202.16000366210938,204.52999877929688,9812948.0
1754404200,204.53500366210938,205.33999633789062,203.90499877929688,204.6300048828125,6466189.0
1754407800,204.6199951171875,204.69000244140625,203.44000244140625,203.7100067138672,3782674.0
1754411400,203.7100067138672,204.1699981689453,203.08999633789062,204.03500366210938,3720976.0
1754415000,204.0500030517578,204.3000030517578,203.75999450683594,203.8699951171875,2677706.0
1754418600,203.86000061035156,203.97000122070312,203.19009399414062,203.3350067138672,3354757.0
1754422200,203.33999633789062,203.41000366210938,202.6699981689453,202.92999267578125,3784751.0
1754487000,205.60000610351562,211.14999389648438,205.58999633789062,210.75999450683594,23760541.0
1754490600,210.75999450683594,214.33999633789062,210.6300048828125,214.22500610351562,15618173.0
1754494200,214.22500610351562,214.99000549316406,213.6699981689453,214.49989318847656,15397308.0
1754497800,214.5196990966797,214.889892578125,213.86900329589844,214.5399932861328,7331995.0
1754501400,214.51499938964844,215.3800048828125,214.08999633789062,214.6024932861328,8218314.0
1754505000,214.61000061035156,214.7949981689453,213.75,213.875,7181809.0
1754508600,213.88499450683594,214.4199981689453,212.80999755859375,213.25,9553119.0
1754573400,218.875,220.3300018310547,216.5800018310547,218.27000427246094,30765656.0
1754577000,218.2863006591797,220.1300048828125,217.64999389648438,219.62899780273438,11957311.0
1754580600,219.6199951171875,220.33999633789062,219.4199981689453,219.9149932861328,9896825.0
1754584200,219.9199981689453,220.2100067138672,213.25,218.7100067138672,7182645.0
1754587800,218.72000122070312,219.72999572753906,218.71009826660156,219.5,4729353.0
1754591400,219.49000549316406,220.85000610351562,219.24349975585938,219.3000946044922,9312135.0
1754595000,219.30450439453125,220.1999969482422,219.25,220.1300048828125,6898669.0
1754659800,220.82000732421875,223.10000610351562,219.25,222.7816925048828,15552244.0
1754663400,222.77999877929688,224.6300048828125,222.6300048828125,224.36000061035156,10674558.0
1754667000,224.35499572753906,228.22500610351562,224.30999755859375,228.1999969482422,16989559.0
1754670600,228.2097930908203,230.91000366210938,227.943603515625,228.6750030517578,25554276.0
1754674200,228.6699981689453,230.99000549316406,228.5500030517578,229.2899932861328,12552865.0
1754677800,229.29159545898438,229.87989807128906,228.50999450683594,228.8300018310547,11212305.0
1754681400,228.82000732421875,229.69000244140625,228.4600067138672,229.3699951171875,11188500.0
1754919000,227.9199981689453,228.72999572753906,224.7624053955078,226.77499389648438,16158774.0
1754922600,226.7899932861328,227.88999938964844,226.10000610351562,227.47000122070312,7977854.0
1754926200,227.47000122070312,229.55999755859375,227.47000122070312,228.72999572753906,7420183.0
1754929800,228.73500061035156,229.0998992919922,228.0,228.10000610351562,4120877.0
1754933400,228.08999633789062,228.19500732421875,227.00999450683594,227.73500061035156,5313497.0
1754937000,227.75999450683594,227.9600067138672,227.10000610351562,227.64999389648438,7584927.0
1754940600,227.65919494628906,227.69500732421875,226.63999938964844,227.2050018310547,5849057.0
1755005400,228.0050048828125,229.9398956298828,227.10000610351562,228.57000732421875,12571415.0
1755009000,228.58999633789062,230.5865020751953,228.25999450683594,229.72999572753906,10092499.0
1755012600,229.7299041748047,230.11000061035156,228.32000732421875,229.77999877929688,4868374.0
1755016200,229.77999877929688,230.77999877929688,229.66000366210938,229.77499389648438,5072601.0
1755019800,229.7700958251953,230.5500030517578,229.4499969482422,229.57000732421875,3593400.0
1755023400,229.5800018310547,229.61000061035156,228.9199981689453,229.18299865722656,3327871.0
1755027000,229.1699981689453,230.10000610351562,229.05999755859375,229.64999389648438,4734707.0
1755091800,231.07000732421875,232.72000122070312,230.42999267578125,231.80999755859375,14738656.0
1755095400,231.80999755859375,234.5500030517578,231.67999267578125,232.2899932861328,11605576.0
1755099000,232.27999877929688,233.3972930908203,232.0301971435547,233.09500122070312,5966244.0
1755102600,233.07000732421875,233.36000061035156,231.5601043701172,232.4550018310547,5417224.0
1755106200,232.4499969482422,234.99000549316406,232.02000427246094,232.9250030517578,8137347.0
1755109800,232.94000244140625,233.91000366210938,230.8000030517578,233.5850067138672,9192848.0
1755113400,233.5850067138672,234.3300018310547,233.11000061035156,233.3300018310547,5738352.0
1755178200,234.05499267578125,235.11000061035156,231.67019653320312,232.2100067138672,16052941.0
1755181800,232.2050018310547,232.4600067138672,230.85000610351562,231.74020385742188,6624676.0
1755185400,231.75,232.2949981689453,230.91000366210938,232.00999450683594,4323697.0
1755189000,232.02000427246094,233.13999938964844,231.9687957763672,232.92730712890625,3209373.0
1755192600,232.92999267578125,233.1300048828125,232.32000732421875,232.72999572753906,3634219.0
1755196200,232.7100067138672,233.49000549316406,232.44000244140625,232.94500732421875,4523178.0
1755199800,232.92999267578125,233.50999450683594,232.69000244140625,232.8300018310547,4542543.0
1755264600,233.72999572753906,234.22140502929688,231.5500946044922,232.1699981689453,11603282.0
1755268200,232.16140747070312,232.2899932861328,230.47000122070312,231.07000732421875,5319424.0
1755271800,231.07000732421875,231.4550018310547,230.6197052001953,230.74000549316406,3957281.0
1755275400,230.74420166015625,231.22500610351562,230.22999572753906,230.57000732421875,6137966.0
1755279000,230.55999755859375,231.28990173339844,229.36000061035156,230.85000610351562,4535672.0
1755282600,230.86000061035156,231.5,230.47999572753906,231.36000061035156,6170754.0
1755286200,231.3699951171875,231.77000427246094,231.02000427246094,231.64999389648438,4696096.0
1755523800,231.77999877929688,233.1199951171875,230.61000061035156,230.66000366210938,9348530.0
1755527400,230.6199951171875,231.22000122070312,230.3699951171875,230.86000061035156,4699541.0
1755531000,230.86500549316406,231.10000610351562,230.5,230.67999267578125,2959031.0
1755534600,230.67999267578125,231.14999389648438,230.11000061035156,231.07000732421875,2944837.0
1755538200,231.0800018310547,231.6699981689453,230.89999389648438,231.14500427246094,3270491.0
1755541800,231.14999389648438,231.6750030517578,231.10000610351562,231.22500610351562,2886450.0
1755545400,231.22000122070312,231.5500030517578,230.8800048828125,230.8800048828125,2842575.0
1755610200,231.27499389648438,232.86500549316406,230.58999633789062,231.8300018310547,7589938.0
1755613800,231.82000732421875,232.27000427246094,230.47000122070312,231.32260131835938,5331365.0
1755617400,231.32000732421875,231.66000366210938,231.05499267578125,231.30990600585938,3317736.0
1755621000,231.27999877929688,231.3300018310547,230.05999755859375,230.625,3326154.0
1755624600,230.6199951171875,230.89999389648438,229.8699951171875,230.0500030517578,3163874.0
1755628200,230.02499389648438,230.19000244140625,229.35000610351562,230.18499755859375,3535859.0
1755631800,230.18499755859375,230.69000244140625,229.99000549316406,230.5399932861328,3980557.0
1755696600,229.97000122070312,230.4698944091797,226.5,226.7200927734375,10654146.0
1755700200,226.74000549316406,227.5500030517578,226.11000061035156,227.3350067138672,4855593.0
1755703800,227.3300018310547,227.3699951171875,226.41000366210938,227.1345977783203,3599979.0
1755707400,227.1300048828125,227.16000366210938,225.88999938964844,226.2949981689453,3171568.0
1755711000,226.3000030517578,226.8300018310547,225.77000427246094,225.99009704589844,2697011.0
1755714600,225.99000549316406,226.72999572753906,225.8699951171875,226.44500732421875,3388687.0
1755718200,226.44000244140625,227.0,225.92999267578125,225.9600067138672,4504957.0
1755783000,226.27999877929688,226.52000427246094,224.67999267578125,225.57989501953125,6246020.0
1755786600,225.5272979736328,225.5850067138672,224.51010131835938,225.1300048828125,3627965.0
1755790200,225.13499450683594,225.83999633789062,224.8000030517578,224.8300018310547,2756586.0
1755793800,224.8300018310547,225.00999450683594,223.7803955078125,224.1750030517578,3327885.0
1755797400,224.17080688476562,224.77850341796875,224.16000366210938,224.22999572753906,2428717.0
1755801000,224.22349548339844,225.05499267578125,224.0941925048828,224.8800048828125,2704582.0
1755804600,224.89999389648438,225.25,224.38839721679688,224.91000366210938,3977376.0
1755869400,226.1699981689453,228.19000244140625,225.41000366210938,227.9499969482422,8240998.0
1755873000,227.97000122070312,228.72000122070312,227.8000030517578,228.05999755859375,5233127.0
1755876600,228.0399932861328,228.43499755859375,226.9250030517578,227.16929626464844,3176741.0
1755880200,227.1699981689453,229.08999633789062,227.07000732421875,228.61000061035156,4947377.0
1755883800,228.6273956298828,228.6273956298828,227.77999877929688,227.8699951171875,4653621.0
1755887400,227.8800048828125,228.51980590820312,227.78500366210938,227.85000610351562,4051520.0
1755891000,227.83999633789062,228.30999755859375,227.44000244140625,227.75,4139072.0
1756128600,226.40499877929688,229.1199951171875,226.24000549316406,228.80999755859375,8000835.0
1756132200,228.77000427246094,229.24000549316406,228.2899932861328,228.56500244140625,4318256.0
1756135800,228.57000732421875,229.3000030517578,228.50010681152344,228.5399932861328,2427231.0
1756139400,228.5399932861328,228.75999450683594,228.32000732421875,228.43499755859375,2355527.0
1756143000,228.43499755859375,228.65499877929688,227.74000549316406,227.88499450683594,2684903.0
1756146600,227.875,227.90499877929688,227.44500732421875,227.59840393066406,2661985.0
1756150200,227.60000610351562,227.72000122070312,227.1199951171875,227.14999389648438,3262464.0
1756215000,226.8699951171875,227.0500030517578,224.69000244140625,226.5,7799571.0
1756218600,226.50999450683594,227.29989624023438,226.2899932861328,226.9615936279297,3785331.0
1756222200,226.96499633789062,227.6999969482422,226.5500030517578,227.57049560546875,4519154.0
1756225800,227.55999755859375,228.1699981689453,227.4199981689453,228.11160278320312,2684567.0
1756229400,228.11000061035156,228.50999450683594,227.73500061035156,228.3592071533203,2399616.0
1756233000,228.36000061035156,228.6199951171875,227.77000427246094,228.56820678710938,2604761.0
1756236600,228.57000732421875,229.49000549316406,227.72500610351562,229.3000030517578,5151468.0
1756301400,228.5800018310547,230.25,228.2949981689453,230.01499938964844,7840101.0
1756305000,230.02999877929688,230.6999969482422,229.47999572753906,229.5740966796875,4445165.0
1756308600,229.57000732421875,230.08799743652344,229.30999755859375,229.8699951171875,2490171.0
1756312200,229.88999938964844,230.08999633789062,229.60000610351562,229.83999633789062,1919036.0
1756315800,229.83999633789062,230.67999267578125,229.8000030517578,230.625,2268584.0
1756319400,230.6199951171875,230.63499450683594,229.72000122070312,230.13250732421875,2256272.0
1756323000,230.125,230.89999389648438,230.1199951171875,230.44000244140625,3801508.0
1756387800,230.80999755859375,230.89999389648438,229.3350067138672,230.41580200195312,7213423.0
1756391400,230.4300994873047,231.89999389648438,230.35000610351562,230.9499969482422,3919070.0
1756395000,230.9600067138672,232.35499572753906,230.9481964111328,232.2899932861328,3117170.0
1756398600,232.27999877929688,233.1199951171875,232.0800018310547,233.0,3773992.0
1756402200,233.00999450683594,233.41000366210938,232.83009338378906,232.91920471191406,3045856.0
1756405800,232.9199981689453,233.1699981689453,232.69000244140625,232.97500610351562,2740378.0
1756409400,232.97500610351562,233.3300018310547,232.47999572753906,232.49000549316406,4904323.0
1756474200,232.55999755859375,233.36129760742188,231.3699951171875,232.80960083007812,8795007.0
1756477800,232.80499267578125,233.16000366210938,232.5,232.9600067138672,3599986.0
1756481400,232.98500061035156,233.02999877929688,231.39999389648438,232.5,4414822.0
1756485000,232.50999450683594,232.9600067138672,231.97999572753906,232.02999877929688,2677553.0
1756488600,232.03250122070312,232.5749969482422,231.97000122070312,232.17999267578125,3415896.0
1756492200,232.19000244140625,232.75,232.0,232.3542938232422,2433703.0
1756495800,232.35000610351562,232.83770751953125,231.47999572753906,232.27000427246094,4673659.0
1756819800,229.6999969482422,230.77999877929688,227.69000244140625,230.60000610351562,9687341.0
1756823400,230.60000610351562,230.75,227.5283966064453,227.82899475097656,5124954.0
1756827000,227.82000732421875,228.1468963623047,227.1699981689453,227.85000610351562,3136378.0
1756830600,227.8437042236328,228.54539489746094,227.64999389648438,228.41000366210938,2530443.0
1756834200,228.4199981689453,229.33999633789062,228.3300018310547,228.39999389648438,2346892.0
1756837800,228.39999389648438,229.0800018310547,226.97000122070312,228.94000244140625,3504389.0
1756841400,228.92469787597656,230.0,228.89500427246094,229.7100067138672,4687318.0
1756906200,237.1999969482422,237.97000122070312,234.3699951171875,236.8300018310547,21171526.0
1756909800,236.81390380859375,237.60000610351562,235.99000549316406,236.01100158691406,8284903.0
1756913400,236.02000427246094,236.82000732421875,235.49000549316406,236.49000549316406,4830748.0
1756917000,236.4998016357422,237.89999389648438,236.44000244140625,237.4272003173828,4651843.0
1756920600,237.4250030517578,237.44000244140625,236.6300048828125,236.91000366210938,4344650.0
1756924200,236.89999389648438,237.4499969482422,236.77000427246094,237.15499877929688,4834362.0
1756927800,237.1558074951172,238.7100067138672,237.15040588378906,238.49000549316406,8891635.0
1756992600,238.4499969482422,239.89320373535156,237.0399932861328,237.69000244140625,12016131.0
1756996200,237.67999267578125,238.10000610351562,237.0749969482422,237.39999389648438,5223309.0
1756999800,237.38999938964844,237.6746063232422,236.74000549316406,237.16000366210938,3678939.0
1757003400,237.14999389648438,238.08999633789062,236.97000122070312,238.0399932861328,3071522.0
1757007000,238.04010009765625,238.38999938964844,237.50999450683594,238.05999755859375,5093419.0
1757010600,238.07000732421875,238.97999572753906,237.8800048828125,238.70449829101562,3814924.0
1757014200,238.6999969482422,239.89990234375,238.49000549316406,239.7100067138672,5942248.0
1757079000,239.99000549316406,241.32000732421875,239.1199951171875,239.28500366210938,17499270.0
1757082600,239.25,240.1699981689453,238.63999938964844,239.80499267578125,6538203.0
1757086200,239.82000732421875,240.31500244140625,238.52000427246094,238.77000427246094,4219870.0
1757089800,238.77999877929688,239.72500610351562,238.49009704589844,239.625,3993359.0
1757093400,239.64849853515625,239.64999389648438,238.72999572753906,239.1199951171875,2784543.0
1757097000,239.1199951171875,240.1300048828125,239.10000610351562,239.9250030517578,5197093.0
1757100600,239.92999267578125,240.01499938964844,239.05999755859375,239.6699981689453,4868520.0
1757338200,239.3000030517578,240.14999389648438,238.74000549316406,239.22999572753906,11286441.0
1757341800,239.22000122070312,239.57000732421875,238.61500549316406,238.6999969482422,5248756.0
1757345400,238.69500732421875,238.78829956054688,237.60000610351562,237.72999572753906,4448853.0
1757349000,237.72000122070312,237.87989807128906,236.33999633789062,237.80580139160156,4717107.0
1757352600,237.80990600585938,237.9550018310547,237.10499572753906,237.1649932861328,4114279.0
1757356200,237.15499877929688,237.24989318847656,236.61000061035156,237.11000061035156,3761415.0
1757359800,237.11500549316406,238.00999450683594,236.90420532226562,237.9199981689453,5177199.0
1757424600,237.0,238.0,236.0749969482422,236.3101043701172,7890752.0
1757428200,236.30999755859375,236.67999267578125,235.77999877929688,236.22500610351562,4277475.0
1757431800,236.22999572753906,236.25999450683594,235.5500030517578,236.0,4300130.0
1757435400,236.0,238.78050231933594,235.8249969482422,237.75,9674704.0
1757439000,237.75999450683594,238.10000610351562,233.6699981689453,234.52859497070312,16074676.0
1757442600,234.5500030517578,234.69000244140625,233.3699951171875,234.30999755859375,9544618.0
1757446200,234.30999755859375,234.63499450683594,233.51499938964844,234.35000610351562,6317179.0
1757511000,232.02499389648438,232.33999633789062,227.5500030517578,228.10800170898438,22167235.0
1757514600,228.11000061035156,228.34640502929688,227.02000427246094,227.0399932861328,11560546.0
1757518200,227.0399932861328,228.05499267578125,226.24009704589844,227.7386016845703,10156861.0
1757521800,227.7449951171875,227.78990173339844,226.6199951171875,226.80499267578125,6579251.0
1757525400,226.8000030517578,227.0850067138672,226.35000610351562,227.05999755859375,6214643.0
1757529000,227.05499267578125,227.35000610351562,226.17999267578125,226.18499755859375,6166050.0
1757532600,226.18499755859375,227.10000610351562,225.9521942138672,226.77999877929688,7727491.0
1757597400,226.875,229.18499755859375,226.64999389648438,228.94000244140625,13821091.0
1757601000,228.94000244140625,229.32000732421875,228.32020568847656,228.74000549316406,6721728.0
1757604600,228.75,228.77999877929688,228.02999877929688,228.61000061035156,3513968.0
1757608200,228.60000610351562,229.5399932861328,228.30999755859375,229.47250366210938,3516399.0
1757611800,229.47000122070312,230.16000366210938,229.17999267578125,229.4600067138672,4663505.0
1757615400,229.46499633789062,230.1508026123047,229.41000366210938,229.85000610351562,3884806.0
1757619000,229.83999633789062,230.4499969482422,229.8350067138672,230.02000427246094,5627999.0
1757683800,230.0,234.0780029296875,229.02000427246094,234.07000732421875,14988292.0
1757687400,234.0800018310547,234.50999450683594,233.36000061035156,234.09500122070312,8044876.0
1757691000,234.08999633789062,234.49000549316406,233.62100219726562,233.9694061279297,4710781.0
1757694600,233.9636993408203,233.96499633789062,233.0,233.23500061035156,4969404.0
1757698200,233.22000122070312,233.8699951171875,233.218505859375,233.5399932861328,3203879.0
1757701800,233.5399932861328,234.4499969482422,233.02999877929688,233.77549743652344,6970851.0
1757705400,233.77999877929688,234.2899932861328,233.50999450683594,234.05999755859375,5874733.0
1757943000,237.0,238.19000244140625,235.02999877929688,236.21499633789062,14134217.0
1757946600,236.2100067138672,237.02000427246094,235.66000366210938,236.82000732421875,4993166.0
1757950200,236.81500244140625,237.3000030517578,236.47000122070312,236.57000732421875,3686503.0
1757953800,236.5648956298828,236.5904998779297,235.6999969482422,235.75999450683594,2964448.0
1757957400,235.75,236.13999938964844,235.5800018310547,235.63999938964844,2953754.0
1757961000,235.63499450683594,236.33999633789062,235.27000427246094,235.97000122070312,3570486.0
1757964600,235.97000122070312,236.7899932861328,235.67999267578125,236.75999450683594,4732529.0
1758029400,237.0,241.22000122070312,236.32350158691406,239.52999877929688,14419277.0
1758033000,239.52999877929688,239.85000610351562,238.2449951171875,239.5928955078125,5338278.0
1758036600,239.58009338378906,239.58009338378906,238.46499633789062,239.19500732421875,3100557.0
1758040200,239.1999969482422,239.39999389648438,238.89999389648438,239.08560180664062,2224680.0
1758043800,239.10000610351562,239.11000061035156,238.1300048828125,238.92999267578125,2717104.0
1758047400,238.94000244140625,239.60000610351562,238.80999755859375,238.93829345703125,3145293.0
1758051000,238.94000244140625,239.4199981689453,238.08009338378906,238.13999938964844,20444664.0
1758115800,238.97000122070312,240.10000610351562,238.7899932861328,239.6300048828125,9926684.0
1758119400,239.63999938964844,240.00999450683594,239.1999969482422,239.47999572753906,4002310.0
1758123000,239.48500061035156,239.77999877929688,239.27999877929688,239.67430114746094,3170671.0
1758126600,239.67999267578125,239.77000427246094,239.35000610351562,239.52000427246094,2892623.0
1758130200,239.52000427246094,239.82000732421875,238.4499969482422,239.55999755859375,4570049.0
1758133800,239.5500030517578,239.6300048828125,237.7301025390625,239.2628936767578,5910219.0
1758137400,239.27000427246094,239.27999877929688,238.47999572753906,238.97000122070312,4226195.0
1758202200,239.9499969482422,241.1999969482422,236.64999389648438,237.55999755859375,11453464.0
1758205800,237.56500244140625,238.7949981689453,237.31500244140625,238.19000244140625,4587899.0
1758209400,238.2100067138672,238.5399932861328,237.35000610351562,237.94000244140625,3609143.0
1758213000,237.9499969482422,238.1999969482422,237.63999938964844,237.8800048828125,3556108.0
1758216600,237.8699951171875,238.10000610351562,237.210205078125,237.8018035888672,3010288.0
1758220200,237.80999755859375,237.94639587402344,237.25010681152344,237.4499969482422,3540701.0
1758223800,237.4550018310547,238.11000061035156,237.43499755859375,237.85000610351562,4049383.0
1758288600,241.1750030517578,242.6999969482422,240.21060180664062,241.14999389648438,26772067.0
1758292200,241.14999389648438,243.16000366210938,241.05999755859375,242.27999877929688,10143358.0
1758295800,242.27369689941406,244.56910705566406,242.0491943359375,244.52000427246094,9031105.0
1758299400,244.5124969482422,245.9199981689453,244.26870727539062,245.24380493164062,12269832.0
1758303000,245.24000549316406,246.2698974609375,244.89999389648438,245.48849487304688,9746967.0
1758306600,245.48500061035156,246.10000610351562,245.1909942626953,245.61000061035156,7490411.0
1758310200,245.60000610351562,246.3000030517578,244.74000549316406,245.2899932861328,12986528.0
1758547800,248.33999633789062,252.73500061035156,248.1699981689453,252.67160034179688,27825122.0
1758551400,252.66000366210938,256.0799865722656,252.0800018310547,255.789794921875,16983776.0
1758555000,255.77000427246094,256.6300048828125,253.5800018310547,253.72000122070312,16047694.0
1758558600,253.72999572753906,254.72999572753906,253.16000366210938,254.5928955078125,8453992.0
1758562200,254.5800018310547,255.25999450683594,253.89999389648438,255.24000549316406,5242129.0
1758565800,255.2449951171875,256.05999755859375,254.7346954345703,255.7899932861328,8214973.0
1758569400,255.80499267578125,256.260009765625,255.61500549316406,256.0899963378906,9091926.0
1758634200,256.5,257.3399963378906,255.27999877929688,256.6173095703125,11263642.0
1758637800,256.6099853515625,256.70001220703125,255.00999450683594,256.1000061035156,5490061.0
1758641400,256.1300048828125,256.2099914550781,255.35000610351562,255.72689819335938,3232527.0
1758645000,255.7200927734375,255.85000610351562,254.39999389648438,254.6699981689453,2847437.0
1758648600,254.66000366210938,254.96099853515625,253.92999267578125,254.63999938964844,16280935.0
1758652200,254.63999938964844,254.83999633789062,253.58999633789062,254.16990661621094,4692554.0
1758655800,254.16000366210938,254.52999877929688,253.6699981689453,254.52999877929688,5076635.0
1758720600,255.0,255.3699951171875,252.0800018310547,252.6219940185547,6502958.0
1758724200,252.625,252.99000549316406,251.5399932861328,252.1199951171875,3291728.0
1758727800,252.1199951171875,252.25999450683594,251.0399932861328,252.1649932861328,3045221.0
1758731400,252.17140197753906,252.25999450683594,251.33999633789062,251.49000549316406,1637321.0
1758735000,251.51499938964844,252.11000061035156,251.27999877929688,251.76499938964844,1622724.0
1758738600,251.75,251.7899932861328,251.24000549316406,251.38999938964844,1680916.0
1758742200,251.38999938964844,252.49000549316406,251.2899932861328,252.24000549316406,2697400.0
1758807000,253.0,254.1199951171875,251.71200561523438,254.0,8503081.0
1758810600,254.00010681152344,254.1387939453125,253.02999877929688,253.50010681152344,3154957.0
1758814200,253.50010681152344,253.91000366210938,252.3000030517578,252.53030395507812,2473004.0
1758817800,252.5399932861328,253.8800048828125,252.5,253.5,2502302.0
1758821400,253.49000549316406,254.58999633789062,252.85000610351562,254.55999755859375,2634795.0
1758825000,254.5500030517578,257.1700134277344,254.22999572753906,256.9599914550781,7107739.0
1758828600,256.95001220703125,257.1099853515625,255.4199981689453,256.94000244140625,4610669.0
1758893400,254.0,256.6000061035156,253.77999877929688,255.02000427246094,8034498.0
1758897000,255.02000427246094,255.99000549316406,254.57119750976562,255.9700927734375,3714841.0
1758900600,255.97000122070312,256.0400085449219,254.86000061035156,255.6649932861328,2276774.0
1758904200,255.66000366210938,256.9750061035156,255.47999572753906,256.5199890136719,2086042.0
1758907800,256.5199890136719,257.3599853515625,255.86000061035156,256.55499267578125,2653513.0
1758911400,256.56500244140625,256.7298889160156,255.49000549316406,255.64500427246094,2089315.0
1758915000,255.63999938964844,255.64979553222656,254.89999389648438,255.4600067138672,3021515.0
1759152600,254.0,254.5,253.00999450683594,254.2198944091797,6306062.0
1759156200,254.2050018310547,254.24000549316406,253.30999755859375,253.47000122070312,2834864.0
1759159800,253.4665069580078,254.07000732421875,253.1199951171875,253.66000366210938,2275242.0
1759163400,253.6699981689453,253.7799072265625,253.2100067138672,253.39999389648438,1744854.0
1759167000,253.38999938964844,254.61500549316406,253.1300048828125,254.57000732421875,2297052.0
1759170600,254.57000732421875,254.60000610351562,253.61000061035156,253.99000549316406,2057798.0
1759174200,253.99000549316406,254.8300018310547,253.94000244140625,254.35000610351562,2513071.0
1759239000,255.0,255.91900634765625,253.9600067138672,254.88619995117188,5093340.0
1759242600,254.91000366210938,255.6750030517578,253.82009887695312,254.22000122070312,2465164.0
1759246200,254.2100067138672,254.97000122070312,254.16009521484375,254.53509521484375,1531480.0
1759249800,254.55059814453125,254.6699981689453,253.31170654296875,253.73500061035156,1623333.0
1759253400,253.75999450683594,253.99000549316406,253.11000061035156,253.33999633789062,1664288.0
1759257000,253.33999633789062,254.24000549316406,253.27099609375,253.9499969482422,2061307.0
1759260600,253.9600067138672,255.17999267578125,253.80999755859375,254.55999755859375,3030681.0
1759325400,255.25,258.7900085449219,255.0500030517578,256.1614074707031,9677443.0
1759329000,256.17999267578125,256.2590026855469,255.10000610351562,255.52450561523438,2972074.0
1759332600,255.5301055908203,256.9200134277344,255.50999450683594,256.1600036621094,2338742.0
1759336200,256.1636047363281,256.8298034667969,255.85499572753906,256.1404113769531,1826687.0
1759339800,256.1650085449219,256.6859130859375,256.05999755859375,256.4849853515625,10115926.0
1759343400,256.4800109863281,256.94000244140625,255.8699951171875,255.94000244140625,2751615.0
1759347000,255.94000244140625,256.1400146484375,255.27999877929688,255.41000366210938,4879162.0
1759411800,256.5899963378906,257.29998779296875,254.14999389648438,256.2200927734375,11570169.0
1759415400,256.2300109863281,257.6400146484375,255.97000122070312,257.1650085449219,4800305.0
1759419000,257.1499938964844,258.17999267578125,256.72100830078125,257.3450012207031,4388406.0
1759422600,257.3450012207031,257.8226013183594,257.1138916015625,257.4100036621094,2290319.0
1759426200,257.3900146484375,257.9100036621094,257.0299987792969,257.8800048828125,2476632.0
1759429800,257.8699951171875,258.1600036621094,257.375,257.510009765625,4612702.0
1759433400,257.510009765625,257.875,256.8800048828125,257.1400146484375,5100991.0
1759498200,254.6649932861328,259.0400085449219,253.9600067138672,257.8500061035156,16311886.0
1759501800,257.8599853515625,258.739990234375,257.5199890136719,258.510009765625,4452948.0
1759505400,258.4930114746094,259.239990234375,258.2571105957031,258.5487060546875,4828730.0
1759509000,258.5400085449219,258.92999267578125,258.1199951171875,258.30999755859375,3408741.0
1759512600,258.29998779296875,258.5899963378906,256.9599914550781,258.3699951171875,5459239.0
1759516200,258.3699951171875,258.5849914550781,257.8500061035156,257.9200134277344,3050327.0
1759519800,257.9200134277344,258.260009765625,257.40350341796875,258.0150146484375,4468054.0
1759757400,257.94500732421875,259.07000732421875,255.0500030517578,257.7799987792969,11669158.0
1759761000,257.79998779296875,257.9800109863281,257.2799987792969,257.5513000488281,3447400.0
1759764600,257.56500244140625,257.6700134277344,256.7699890136719,257.1300048828125,3501833.0
1759768200,257.1300048828125,257.4800109863281,256.1304931640625,256.55999755859375,2877222.0
1759771800,256.54998779296875,256.68121337890625,255.5,256.18499755859375,5922536.0
1759775400,256.1802062988281,256.6600036621094,256.06500244140625,256.510009765625,2693724.0
1759779000,256.510009765625,257.25,256.4599914550781,256.6499938964844,3577742.0
1759843800,256.82000732421875,257.3999938964844,256.2799987792969,256.67999267578125,6425357.0
1759847400,256.6700134277344,257.10791015625,255.60000610351562,256.3789978027344,4531854.0
1759851000,256.3900146484375,256.84979248046875,255.88999938964844,256.3384094238281,3693772.0
1759854600,256.3299865722656,256.6600036621094,255.75430297851562,255.88999938964844,2335693.0
1759858200,255.86000061035156,256.1499938964844,255.42999267578125,256.06988525390625,2294433.0
1759861800,256.07000732421875,256.301513671875,255.91009521484375,256.0199890136719,2361474.0
1759865400,256.0199890136719,256.6199951171875,255.9199981689453,256.489990234375,3978516.0
1759930200,256.5299987792969,258.19000244140625,256.1099853515625,257.8399963378906,8459277.0
1759933800,257.8599853515625,258.4549865722656,257.20001220703125,258.0400085449219,4427277.0
1759937400,258.05499267578125,258.5199890136719,257.55999755859375,258.20001220703125,2832234.0
1759941000,258.19000244140625,258.32501220703125,257.625,257.92498779296875,2099955.0
1759944600,257.92498779296875,258.20001220703125,257.6499938964844,257.9150085449219,2280625.0
1759948200,257.8999938964844,258.42999267578125,257.739990234375,258.25,2564469.0
1759951800,258.239990234375,258.489990234375,257.8800048828125,258.0299987792969,4214118.0
1760016600,257.3299865722656,257.3599853515625,254.8090057373047,254.97999572753906,8612385.0
1760020200,254.5800018310547,255.1199951171875,254.57009887695312,254.89500427246094,4441161.0
1760023800,254.47000122070312,254.61000061035156,253.8260955810547,253.84500122070312,4409804.0
1760027400,253.8800048828125,254.00999450683594,253.2030029296875,253.4575958251953,2710789.0
1760031000,253.72999572753906,253.72999572753906,253.41009521484375,253.55999755859375,2363786.0
1760034600,253.44000244140625,254.08999633789062,253.41000366210938,253.89999389648438,3949781.0
1760038200,253.69000244140625,254.27000427246094,253.63999938964844,253.97999572753906,3200147.0
1760103000,255.32000732421875,256.29290771484375,254.8800048828125,255.17999267578125,7963458.0
1760106600,255.1999969482422,255.3000030517578,248.9499969482422,249.41000366210938,9992812.0
1760110200,249.0399932861328,249.6649932861328,247.75999450683594,248.61000061035156,6989327.0
1760113800,248.58999633789062,249.05999755859375,247.05999755859375,247.80999755859375,4394995.0
1760117400,247.77000427246094,248.57000732421875,247.0800018310547,247.16000366210938,4882982.0
1760121000,247.13710021972656,247.30999755859375,245.81500244140625,246.1649932861328,5426839.0
1760124600,246.1699981689453,246.99000549316406,244.57000732421875,245.27999877929688,8519891.0
1760362200,249.3800048828125,249.49000549316406,245.55999755859375,246.37600708007812,9359382.0
1760365800,246.3699951171875,248.65989685058594,246.22999572753906,248.59030151367188,5816790.0
1760369400,248.6199951171875,249.6199951171875,248.36000061035156,249.17999267578125,3115587.0
1760373000,249.1699981689453,249.68930053710938,248.5500030517578,249.1042022705078,2298264.0
1760376600,249.08999633789062,249.32000732421875,248.68800354003906,249.1461944580078,2175748.0
1760380200,249.13999938964844,249.24000549316406,248.1300048828125,248.32000732421875,2310709.0
1760383800,248.32000732421875,248.58999633789062,247.3300018310547,247.58999633789062,3786722.0
1760448600,246.61500549316406,247.22999572753906,244.6999969482422,247.02000427246094,6901149.0
1760452200,247.0,247.74989318847656,246.1199951171875,246.21400451660156,3292430.0
1760455800,246.22999572753906,247.75,246.1699981689453,247.38999938964844,2724013.0
1760459400,247.38999938964844,248.035400390625,247.38499450683594,247.79800415039062,2048766.0
1760463000,247.80999755859375,247.82000732421875,247.17999267578125,247.48500061035156,2132596.0
1760466600,247.49000549316406,248.75,247.14439392089844,248.4199981689453,3822730.0
1760470200,248.42999267578125,248.84500122070312,246.72999572753906,247.85000610351562,4482259.0
1760535000,249.3800048828125,251.82000732421875,248.63999938964844,250.85000610351562,8163531.0
1760538600,250.8699951171875,251.4691925048828,249.8000030517578,249.85989379882812,3430819.0
1760542200,249.82000732421875,250.04969787597656,248.72000122070312,249.77499389648438,2879510.0
1760545800,249.77999877929688,249.9499053955078,247.47999572753906,248.0904998779297,2290291.0
1760549400,248.10499572753906,249.8000030517578,248.0500030517578,249.64700317382812,1934212.0
1760553000,249.64999389648438,250.10000610351562,249.47999572753906,249.9199981689453,2139459.0
1760556600,249.92999267578125,250.07000732421875,248.1699981689453,249.42999267578125,4229173.0
1760621400,248.27000427246094,248.3800048828125,246.17999267578125,247.50999450683594,9564057.0
1760625000,247.49000549316406,249.0399932861328,247.48170471191406,248.23500061035156,4826932.0
1760628600,248.1699981689453,248.66310119628906,247.03500366210938,247.72000122070312,3305994.0
1760632200,247.70010375976562,247.7720947265625,246.0399932861328,247.22000122070312,4045208.0
1760635800,247.22000122070312,247.4199981689453,245.25999450683594,245.66000366210938,3995746.0
1760639400,245.63999938964844,247.02000427246094,245.1300048828125,246.5500030517578,3603265.0
1760643000,246.55999755859375,247.91000366210938,246.35000610351562,247.42999267578125,3734949.0
1760707800,248.02000427246094,250.32000732421875,247.27000427246094,249.5601043701172,11142993.0
1760711400,249.6439971923828,249.86000061035156,248.22999572753906,248.47999572753906,3459331.0
1760715000,248.47999572753906,250.35000610351562,248.09719848632812,250.29649353027344,4277714.0
1760718600,250.29330444335938,251.36000061035156,250.27520751953125,250.81500244140625,6063960.0
1760722200,250.8000030517578,252.53500366210938,250.2449951171875,252.3000030517578,3952984.0
1760725800,252.2823944091797,252.82000732421875,251.6999969482422,252.75999450683594,3982655.0
1760729400,252.75,253.3800048828125,252.1199951171875,252.3000030517578,7247788.0
1760967000,255.88499450683594,259.8699951171875,255.6300048828125,259.5050048828125,19526731.0
1760970600,259.489990234375,263.54998779296875,259.07000732421875,262.57000732421875,20690049.0
1760974200,262.54998779296875,264.375,262.4175109863281,263.489990234375,13764809.0
1760977800,263.4800109863281,264.2099914550781,262.6499938964844,263.1650085449219,8089517.0
1760981400,263.17999267578125,263.8299865722656,262.7900085449219,263.7300109863281,4756799.0
1760985000,263.739990234375,263.80999755859375,263.0400085449219,263.4200134277344,5423277.0
1760988600,263.44000244140625,263.8500061035156,261.92999267578125,262.2300109863281,8021467.0
1761053400,261.8800048828125,265.2900085449219,261.8800048828125,263.4999084472656,17003580.0
1761057000,263.4599914550781,263.8299865722656,262.510009765625,263.6619873046875,4721265.0
1761060600,263.6700134277344,264.5350036621094,263.0801086425781,263.1700134277344,5514253.0
1761064200,263.1600036621094,263.6799011230469,262.8475036621094,263.3265075683594,2671606.0
1761067800,263.3258056640625,264.04998779296875,262.1499938964844,263.44989013671875,3718095.0
1761071400,263.4495849609375,263.7381896972656,262.95001220703125,263.0849914550781,3430980.0
1761075000,263.0950012207031,263.2099914550781,262.4700012207031,262.8399963378906,3493018.0
1761139800,262.7900085449219,262.8500061035156,259.7200012207031,260.0498962402344,9155667.0
1761143400,260.0,261.1300048828125,257.6401062011719,258.4299011230469,5930214.0
1761147000,258.45001220703125,259.489990234375,258.04998779296875,258.54998779296875,3763921.0
1761150600,258.54998779296875,258.7699890136719,256.29998779296875,256.69140625,4679141.0
1761154200,256.6700134277344,257.0798034667969,255.42999267578125,256.5509948730469,4221043.0
1761157800,256.54998779296875,257.67999267578125,256.1400146484375,257.510009765625,3195141.0
1761161400,257.5199890136719,258.80999755859375,257.42999267578125,258.42999267578125,4263522.0
1761226200,259.8900146484375,260.1799011230469,258.0101013183594,259.4798889160156,6251007.0
1761229800,259.4200134277344,259.67999267578125,258.7300109863281,259.3999938964844,2852790.0
1761233400,259.3999938964844,260.6199035644531,259.0834045410156,260.0400085449219,3168121.0
1761237000,260.04998779296875,260.54998779296875,259.5199890136719,259.8599853515625,2574209.0
1761240600,259.8800048828125,260.42498779296875,259.8299865722656,259.9700012207031,3320192.0
1761244200,259.9700012207031,260.0199890136719,259.6199951171875,259.8999938964844,2237171.0
1761247800,259.9100036621094,260.04998779296875,259.0799865722656,259.5799865722656,3143856.0
1761312600,261.19000244140625,261.6199951171875,259.17999267578125,260.94140625,7287527.0
1761316200,260.94000244140625,263.3599853515625,260.7900085449219,263.2799987792969,5490920.0
1761319800,263.2900085449219,264.0299987792969,262.95001220703125,263.5799865722656,4458666.0
1761323400,263.5899963378906,263.7099914550781,262.8500061035156,263.6099853515625,2930456.0
1761327000,263.6099853515625,264.1300048828125,263.4100036621094,264.0199890136719,2843868.0
1761330600,264.0249938964844,264.1000061035156,263.1499938964844,263.5,3187549.0
1761334200,263.510009765625,263.6600036621094,262.1300048828125,262.739990234375,4742484.0
1761571800,264.8800048828125,267.04998779296875,264.65008544921875,265.7300109863281,9319511.0
1761575400,265.739990234375,266.4200134277344,265.19500732421875,265.7099914550781,4050852.0
1761579000,265.7099914550781,266.0899963378906,265.04998779296875,265.92999267578125,3517895.0
1761582600,265.94000244140625,266.125,265.510009765625,265.6199951171875,3331147.0
1761586200,265.6300048828125,266.0150146484375,265.510009765625,265.5950012207031,2171755.0
1761589800,265.5899963378906,267.3999938964844,265.4700012207031,267.2749938964844,4259189.0
1761593400,267.2699890136719,269.0799865722656,267.2099914550781,268.739990234375,6996092.0
1761658200,269.135009765625,269.8699951171875,268.25,268.6499938964844,11832766.0
1761661800,268.6423034667969,269.1400146484375,268.1499938964844,268.69720458984375,3550384.0
1761665400,268.69500732421875,269.0758056640625,268.3500061035156,268.9949951171875,2758052.0
1761669000,268.9800109863281,269.8699951171875,268.82000732421875,269.4949951171875,3503864.0
1761672600,269.4949951171875,269.4949951171875,268.79998779296875,269.0902099609375,3181670.0
1761676200,269.1050109863281,269.44000244140625,268.7799987792969,269.20001220703125,4120349.0
1761679800,269.20001220703125,269.3550109863281,268.6000061035156,269.0299987792969,5339653.0
1761744600,269.2749938964844,271.4100036621094,268.70001220703125,270.4200134277344,10209230.0
1761748200,270.4100036621094,270.44500732421875,267.51220703125,267.6300048828125,6247839.0
1761751800,267.6099853515625,268.8599853515625,267.1099853515625,268.6199951171875,4595121.0
1761755400,268.6029968261719,269.93011474609375,268.4700927734375,269.93011474609375,3066081.0
1761759000,269.8900146484375,270.8500061035156,269.7900085449219,270.80999755859375,4963178.0
1761762600,270.7850036621094,270.92999267578125,268.260009765625,268.30999755859375,5156103.0
1761766200,268.32000732421875,270.3800048828125,267.79998779296875,269.7300109863281,4325904.0
1761831000,271.989990234375,274.1400146484375,268.989990234375,269.0899963378906,8387840.0
1761834600,269.0899963378906,271.1700134277344,268.4800109863281,270.7900085449219,3886744.0
1761838200,270.7799987792969,272.3900146484375,270.2630920410156,272.010009765625,3869786.0
1761841800,272.0,272.06781005859375,271.0400085449219,271.95001220703125,2409548.0
1761845400,271.95001220703125,272.29998779296875,271.2799987792969,271.75,3435055.0
1761849000,271.760009765625,272.00799560546875,270.9949951171875,271.3399963378906,3831349.0
1761852600,271.3399963378906,271.6700134277344,271.04998779296875,271.2900085449219,5177440.0
1761917400,276.989990234375,277.32000732421875,269.1600036621094,270.3800048828125,17228178.0
1761921000,270.42999267578125,271.5599060058594,270.10009765625,271.29998779296875,4595066.0
1761924600,271.2998962402344,272.8584899902344,270.2200012207031,272.43499755859375,4301242.0
1761928200,272.42999267578125,273.1700134277344,270.1499938964844,270.3487854003906,4005527.0
1761931800,270.3299865722656,272.0599060058594,270.1099853515625,271.80999755859375,2396660.0
1761935400,271.7900085449219,272.17498779296875,271.2699890136719,272.1050109863281,2901733.0
1761939000,272.1300048828125,272.6499938964844,269.9599914550781,270.25,6601078.0
1762180200,270.4200134277344,270.7799987792969,266.25,267.6300048828125,10223517.0
1762183800,267.6400146484375,268.2799987792969,266.5,266.6400146484375,3102546.0
1762187400,266.659912109375,268.1499938964844,266.5223083496094,267.5350036621094,2821699.0
1762191000,267.5199890136719,268.0,267.25,267.6780090332031,2034109.0
1762194600,267.70989990234375,268.6199951171875,267.30999755859375,267.30999755859375,2075268.0
1762198200,267.32000732421875,267.7900085449219,266.9100036621094,267.6199951171875,2243434.0
1762201800,267.6300048828125,269.1099853515625,267.4599914550781,269.05999755859375,3383138.0
1762266600,268.24249267578125,269.5899963378906,267.614990234375,268.42999267578125,9645778.0
1762270200,268.42999267578125,271.0,267.7099914550781,270.6099853515625,3278354.0
1762273800,270.6400146484375,271.4859924316406,268.9800109863281,270.010009765625,3846826.0
1762277400,270.0050048828125,270.92999267578125,269.8900146484375,270.6383972167969,2072453.0
1762281000,270.6099853515625,270.82000732421875,269.8699951171875,270.5104064941406,2562532.0
1762284600,270.5299987792969,270.6099853515625,269.28271484375,270.09051513671875,2594188.0
1762288200,270.1000061035156,270.4049987792969,269.5,270.2099914550781,3522361.0
1762353000,268.5899963378906,269.58990478515625,266.92999267578125,269.0101013183594,7995553.0
1762356600,268.989990234375,270.3800048828125,268.760009765625,270.2900085449219,2169435.0
1762360200,270.2799987792969,270.4700012207031,269.5,269.9700012207031,1631841.0
1762363800,269.9700012207031,270.7900085449219,269.92999267578125,270.1199951171875,1426592.0
1762367400,270.1099853515625,271.70001220703125,269.7699890136719,270.42999267578125,2651761.0
1762371000,270.4100036621094,271.5,269.5299987792969,269.6000061035156,2282746.0
1762374600,269.6099853515625,270.3999938964844,268.9949951171875,270.1099853515625,3567904.0
1762439400,267.8900146484375,272.82000732421875,267.8900146484375,272.82000732421875,6762187.0
1762443000,272.8280029296875,273.3999938964844,271.55010986328125,272.1814880371094,5580072.0
1762446600,272.17999267578125,272.2200012207031,270.3900146484375,271.42498779296875,3198033.0
1762450200,271.4200134277344,272.56500244140625,270.9200134277344,271.3500061035156,2621839.0
1762453800,271.3699951171875,272.1600036621094,271.0203857421875,271.9901123046875,1783486.0
1762457400,272.0050048828125,272.20001220703125,270.7349853515625,271.2099914550781,2198935.0
1762461000,271.20001220703125,271.52020263671875,269.5950012207031,269.6600036621094,14262779.0
1762525800,269.7950134277344,272.2900085449219,267.2699890136719,271.5799865722656,7855390.0
1762529400,271.55999755859375,271.9700012207031,269.4800109863281,269.5299987792969,3991205.0
1762533000,269.5199890136719,269.8900146484375,268.32000732421875,269.1099853515625,3276263.0
1762536600,269.114990234375,269.1400146484375,268.0588073730469,268.45001220703125,2041690.0
1762540200,268.45001220703125,268.6600036621094,267.0950012207031,267.25,2217548.0
1762543800,267.260009765625,268.5,266.7799987792969,267.7598876953125,3921327.0
1762547400,267.760009765625,268.5799865722656,267.69000244140625,268.4200134277344,3276821.0
1762785000,268.95001220703125,273.7300109863281,268.95001220703125,271.85699462890625,7030981.0
1762788600,271.8299865722656,271.989990234375,269.04998779296875,269.06640625,3083676.0
1762792200,269.0400085449219,269.7587890625,268.489990234375,269.0799865722656,2346213.0
1762795800,269.07000732421875,270.2300109863281,269.010009765625,269.7300109863281,1807442.0
1762799400,269.7099914550781,270.3077087402344,267.4549865722656,269.6600036621094,3188667.0
1762803000,269.6300048828125,269.80999755859375,269.04998779296875,269.11859130859375,2248210.0
1762806600,269.1000061035156,269.6000061035156,268.760009765625,269.3599853515625,2892894.0
1762871400,269.80999755859375,274.739990234375,269.79998779296875,274.1000061035156,9244708.0
1762875000,274.1000061035156,274.3460998535156,272.42999267578125,272.5,3452496.0
1762878600,272.510009765625,273.614990234375,271.7799987792969,273.31500244140625,2525614.0
1762882200,273.3299865722656,274.70001220703125,273.0299987792969,274.4800109863281,2634766.0
1762885800,274.489990234375,275.6600036621094,274.1600036621094,275.32000732421875,3455305.0
1762889400,275.3299865722656,275.760009765625,275.04998779296875,275.25,2653431.0
1762893000,275.239990234375,275.8450012207031,274.79998779296875,275.29998779296875,4039713.0
1762957800,275.07501220703125,275.239990234375,271.8699951171875,272.94000244140625,10718425.0
1762961400,272.9100036621094,274.6099853515625,272.54998779296875,274.6000061035156,3328165.0
1762965000,274.5899963378906,274.8500061035156,273.7250061035156,274.3900146484375,2104341.0
1762968600,274.3800048828125,275.1400146484375,274.1199951171875,274.9800109863281,1642127.0
1762972200,274.989990234375,275.7300109863281,274.42999267578125,274.45001220703125,2013567.0
1762975800,274.45001220703125,274.69000244140625,273.5,274.04998779296875,2059500.0
1762979400,274.04998779296875,274.3999938964844,272.9700012207031,273.4700012207031,3569857.0
1763044200,274.2699890136719,276.6990051269531,273.2900085449219,273.7099914550781,10014720.0
1763047800,273.7001037597656,274.19000244140625,272.17999267578125,274.037109375,3931506.0
1763051400,274.0299987792969,274.4898986816406,272.4599914550781,272.8599853515625,2339844.0
1763055000,272.8399963378906,273.32000732421875,272.5,272.5700988769531,1922883.0
1763058600,272.55999755859375,273.8500061035156,272.1000061035156,273.5299987792969,3060900.0
1763062200,273.5350036621094,273.69000244140625,272.5450134277344,273.03961181640625,2603044.0
1763065800,273.0299987792969,273.6000061035156,272.5,273.0400085449219,3833536.0
1763130600,271.04998779296875,273.8900146484375,269.6000061035156,273.7591857910156,10617822.0
1763134200,273.7699890136719,274.6499938964844,273.20001220703125,274.6499938964844,3569903.0
1763137800,274.6449890136719,275.9200134277344,273.54998779296875,275.7049865722656,4251993.0
1763141400,275.7099914550781,275.95831298828125,274.2300109863281,274.5849914550781,1963757.0
1763145000,274.57000732421875,274.760009765625,273.8399963378906,273.9599914550781,1593851.0
1763148600,273.9700012207031,274.25,272.8900146484375,272.989990234375,2106336.0
1763152200,272.9700012207031,273.260009765625,272.1700134277344,272.4100036621094,3221940.0
1763389800,268.7200012207031,270.489990234375,267.0,269.2799987792969,8509806.0
1763393400,269.2300109863281,269.3900146484375,266.6499938964844,267.8799133300781,3379761.0
1763397000,267.8500061035156,269.54998779296875,267.82000732421875,268.9200134277344,2089997.0
1763400600,268.94000244140625,269.3500061035156,267.44000244140625,267.7799987792969,1923442.0
1763404200,267.7699890136719,268.3399963378906,266.8599853515625,267.2900085449219,2030991.0
1763407800,267.2950134277344,267.3800048828125,265.7300109863281,266.44000244140625,2737988.0
1763411400,266.44000244140625,267.5799865722656,266.19000244140625,267.4599914550781,3487816.0
1763476200,269.9150085449219,270.7049865722656,265.32000732421875,267.6499938964844,8219985.0
1763479800,267.6650085449219,268.1199951171875,266.02801513671875,267.8399963378906,3521812.0
1763483400,267.8399963378906,268.3380126953125,267.1400146484375,267.1650085449219,2742457.0
1763487000,267.1600036621094,268.92999267578125,266.42999267578125,268.45001220703125,2282519.0
1763490600,268.45001220703125,269.2200012207031,267.9599914550781,268.03448486328125,2176560.0
1763494200,268.04998779296875,268.92498779296875,267.67999267578125,268.28021240234375,2115137.0
1763497800,268.29998779296875,268.42999267578125,267.3299865722656,267.510009765625,3127789.0
1763562600,265.5249938964844,272.2099914550781,265.5,271.8500061035156,6778562.0
1763566200,271.85009765625,272.010009765625,269.3200988769531,269.7300109863281,2792346.0
1763569800,269.75,270.6549987792969,269.5299987792969,270.3999938964844,2001030.0
1763573400,270.4599914550781,271.30999755859375,269.6199951171875,270.0299987792969,2049762.0
1763577000,270.010009765625,271.010009765625,269.6300048828125,269.6700134277344,1644126.0
1763580600,269.6700134277344,270.7349853515625,269.1700134277344,270.0350036621094,2137859.0
1763584200,270.0,270.3299865722656,268.1400146484375,268.57000732421875,3516625.0
1763649000,270.80999755859375,275.42999267578125,270.80999755859375,273.9049987792969,7869887.0
1763652600,273.9100036621094,274.7300109863281,271.6199951171875,271.7799987792969,2856925.0
1763656200,271.7799987792969,271.7799987792969,268.04998779296875,268.94000244140625,4056106.0
1763659800,268.8699951171875,269.25,267.0201110839844,268.80999755859375,2981937.0
1763663400,268.7900085449219,268.92999267578125,266.3599853515625,267.7950134277344,2392389.0
1763667000,267.7799987792969,267.9100036621094,267.0,267.32000732421875,2094448.0
1763670600,267.32000732421875,267.5799865722656,265.9200134277344,266.3800048828125,3489586.0
1763735400,265.8800048828125,270.45001220703125,265.82000732421875,269.8500061035156,10658658.0
1763739000,269.7900085449219,271.4700012207031,269.2200012207031,270.8999938964844,4761138.0
1763742600,270.8900146484375,271.1199951171875,269.80999755859375,270.54998779296875,2949033.0
1763746200,270.6300048828125,271.6000061035156,270.20001220703125,270.9800109863281,2023820.0
1763749800,270.9800109863281,273.31500244140625,270.864990234375,272.6099853515625,3562846.0
1763753400,272.57501220703125,273.2799987792969,271.3500061035156,271.3699951171875,3135966.0
1763757000,271.3500061035156,272.1300048828125,270.5899963378906,271.489990234375,18794685.0
1763994600,270.8999938964844,275.9200134277344,270.8999938964844,273.0950012207031,7995693.0
1763998200,273.0799865722656,275.38958740234375,272.6499938964844,275.0,3612728.0
1764001800,274.9700012207031,275.2699890136719,274.44000244140625,274.8500061035156,2583089.0
1764005400,274.8500061035156,276.510009765625,274.75,276.1199951171875,3404232.0
1764009000,276.1199951171875,276.45001220703125,275.8500061035156,276.2195129394531,2440121.0
1764012600,276.2300109863281,276.6549987792969,275.3550109863281,276.4750061035156,2989562.0
1764016200,276.4700012207031,276.9800109863281,275.1099853515625,275.9800109863281,4904039.0
1764081000,275.29998779296875,280.3800048828125,275.2699890136719,278.9049987792969,9723608.0
1764084600,278.8900146484375,279.6300048828125,277.7799987792969,277.8299865722656,2840433.0
1764088200,277.82000732421875,279.30999755859375,277.5,279.0700988769531,2504679.0
1764091800,279.0899963378906,279.3699951171875,278.2300109863281,278.760009765625,1925113.0
1764095400,278.7650146484375,278.7799987792969,277.7900085449219,278.0350036621094,1727727.0
1764099000,278.0400085449219,278.1449890136719,277.49749755859375,277.56500244140625,1909795.0
1764102600,277.55999755859375,278.0,276.8599853515625,276.95001220703125,2448205.0
1764167400,276.9599914550781,279.0474853515625,276.6300048828125,277.80999755859375,5086107.0
1764171000,277.7900085449219,279.1400146484375,276.80999755859375,279.0101013183594,2510611.0
1764174600,279.0299987792969,279.5299987792969,278.8699951171875,279.0790100097656,2586354.0
1764178200,279.07000732421875,279.2900085449219,278.0950012207031,278.54998779296875,1871279.0
1764181800,278.55999755859375,278.581787109375,277.92498779296875,278.260009765625,1426945.0
1764185400,278.2601013183594,278.94000244140625,278.010009765625,278.0799865722656,1953254.0
1764189000,278.07000732421875,278.29998779296875,277.1499938964844,277.4700012207031,9116002.0
1764340200,277.260009765625,278.23919677734375,276.0199890136719,276.260009765625,4040463.0
1764343800,276.2900085449219,276.9198913574219,275.989990234375,276.25,1743837.0
1764347400,276.2449951171875,277.16009521484375,275.98651123046875,277.04998779296875,1791406.0
1764599400,278.1499938964844,278.7699890136719,276.1400146484375,278.14208984375,5114373.0
1764603000,278.1000061035156,278.4801025390625,277.30499267578125,277.9200134277344,1731132.0
1764606600,277.8999938964844,279.8900146484375,277.8900146484375,279.7705078125,2091919.0
1764610200,279.7749938964844,280.6400146484375,279.4599914550781,280.58819580078125,2222347.0
1764613800,280.590087890625,281.2200012207031,280.45001220703125,280.8900146484375,2919865.0
1764617400,280.8800048828125,281.94000244140625,280.7099914550781,281.9100036621094,2916696.0
1764621000,281.9200134277344,283.4100036621094,281.7300109863281,283.32000732421875,5357873.0
1764685800,283.0,285.3089904785156,282.7300109863281,284.57000732421875,7878173.0
1764689400,284.5400085449219,287.3999938964844,284.1499938964844,285.5400085449219,6214915.0
1764693000,285.5400085449219,285.9999084472656,284.8299865722656,285.8699951171875,2847056.0
1764696600,285.8800048828125,286.3399963378906,284.94000244140625,285.2149963378906,2725658.0
1764700200,285.20001220703125,286.1300048828125,285.0150146484375,285.625,2146948.0
1764703800,285.6000061035156,286.82000732421875,285.5801086425781,286.239990234375,2898388.0
1764707400,286.239990234375,286.6099853515625,285.7099914550781,286.2300109863281,3132652.0
1764772200,286.20001220703125,288.6099853515625,285.8999938964844,287.34051513671875,6627228.0
1764775800,287.32000732421875,287.5899963378906,285.75,286.4100036621094,3581593.0
1764779400,286.4200134277344,286.82000732421875,285.5,286.385009765625,2126959.0
1764783000,286.3500061035156,286.44000244140625,285.3399963378906,285.6792907714844,2127386.0
1764786600,285.67999267578125,285.94000244140625,284.8843078613281,285.2099914550781,1618603.0
1764790200,285.2300109863281,285.2499084472656,284.2749938964844,284.55499267578125,11158331.0
1764793800,284.54998779296875,284.70001220703125,283.5400085449219,284.1499938964844,0.0
1764858600,284.1099853515625,284.7300109863281,280.2699890136719,281.2250061035156,6410843.0
1764862200,281.2099914550781,281.6000061035156,279.80999755859375,280.2799987792969,2986361.0
1764865800,280.2850036621094,280.9335021972656,279.93780517578125,280.114990234375,2285394.0
1764869400,280.1300048828125,280.4866943359375,279.6400146484375,280.0050048828125,1806229.0
1764873000,279.989990234375,280.1000061035156,278.5899963378906,278.8599853515625,2574486.0
1764876600,278.8599853515625,280.7300109863281,278.82000732421875,280.125,2807996.0
1764880200,280.1199951171875,280.69000244140625,279.5799865722656,280.6499938964844,3165508.0
1764945000,280.5400085449219,281.1400146484375,279.2699890136719,280.4551086425781,4393145.0
1764948600,280.4599914550781,280.9800109863281,279.2900085449219,279.2950134277344,3579247.0
1764952200,279.29998779296875,279.3299865722656,278.114990234375,278.31500244140625,2319755.0
1764955800,278.31500244140625,279.4801025390625,278.04998779296875,279.44000244140625,1693305.0
1764959400,279.4800109863281,279.57000732421875,278.5849914550781,279.2337951660156,1553832.0
1764963000,279.2300109863281,279.29998779296875,278.5400085449219,278.8013916015625,1937238.0
1764966600,278.79998779296875,279.0249938964844,278.19000244140625,278.7900085449219,2719470.0
1765204200,278.1684875488281,279.6693115234375,277.45001220703125,277.55999755859375,6285926.0
1765207800,277.54998779296875,277.8800048828125,276.7049865722656,277.4599914550781,3326326.0
1765211400,277.4700012207031,277.8190002441406,277.0000915527344,277.2300109863281,1896481.0
1765215000,277.2099914550781,277.84991455078125,276.8699951171875,276.9700012207031,1999024.0
1765218600,276.9494934082031,276.9494934082031,276.20001220703125,276.3599853515625,1825108.0
1765222200,276.3699951171875,276.9700012207031,276.1499938964844,276.92498779296875,2861661.0
1765225800,276.92999267578125,277.9849853515625,276.6600036621094,277.9599914550781,2613900.0
1765290600,277.8900146484375,280.0299987792969,277.3500061035156,277.70001220703125,5341504.0
1765294200,277.70001220703125,278.0,277.0299987792969,277.4100036621094,2290151.0
1765297800,277.4100036621094,278.1199951171875,277.20001220703125,277.875,1696929.0
1765301400,277.875,278.739990234375,277.79998779296875,278.385009765625,1988455.0
1765305000,278.385009765625,278.8900146484375,278.1199951171875,278.69000244140625,1262893.0
1765308600,278.69000244140625,278.75,277.6499938964844,277.864990234375,1906538.0
1765312200,277.864990234375,278.25,276.9200134277344,277.2300109863281,2737573.0
1765377000,277.8699951171875,278.7929992675781,276.5849914550781,277.45001220703125,3868165.0
1765380600,277.4549865722656,278.2799987792969,276.44000244140625,278.2576904296875,1880040.0
1765384200,278.2300109863281,278.8900146484375,277.9750061035156,278.5264892578125,1611918.0
1765387800,278.5199890136719,279.2799987792969,278.0849914550781,278.1199951171875,1374275.0
1765391400,278.1199951171875,279.2200012207031,277.9100036621094,278.2200012207031,1631790.0
1765395000,278.2200012207031,279.75,277.70001220703125,278.9800109863281,2578278.0
1765398600,278.989990234375,279.3699951171875,278.5899963378906,278.7200012207031,2242651.0
1765463400,279.0950012207031,279.5799865722656,273.80999755859375,276.1199951171875,6887208.0
1765467000,276.114990234375,276.5899963378906,275.20001220703125,275.82501220703125,2343607.0
1765470600,275.82000732421875,278.17999267578125,275.80999755859375,277.9049987792969,2412367.0
1765474200,277.9200134277344,278.3500061035156,277.3800048828125,277.5226135253906,1473658.0
1765477800,277.5249938964844,278.2099914550781,277.510009765625,277.760009765625,1432317.0
1765481400,277.760009765625,278.2149963378906,277.59130859375,278.0950012207031,1817634.0
1765485000,278.0899963378906,278.2099914550781,277.4700012207031,278.05999755859375,1985352.0
1765549800,277.7950134277344,279.2200012207031,276.82000732421875,277.8699951171875,3907328.0
1765553400,277.8800048828125,278.8599853515625,277.44000244140625,277.739990234375,3485545.0
1765557000,277.7699890136719,278.44000244140625,277.2807922363281,277.8550109863281,2096132.0
1765560600,277.8349914550781,279.19000244140625,277.8349914550781,279.04998779296875,2564725.0
1765564200,279.0400085449219,279.04998779296875,277.7300109863281,277.95001220703125,2354465.0
1765567800,277.95001220703125,278.70001220703125,277.80999755859375,278.05499267578125,2391168.0
1765571400,278.04998779296875,278.5,276.94500732421875,278.3699951171875,2787871.0
1765809000,280.0,280.04998779296875,273.6199951171875,274.1449890136719,8113962.0
1765812600,274.1700134277344,275.6404113769531,273.7200012207031,275.510009765625,3495538.0
1765816200,275.5400085449219,275.69500732421875,274.1499938964844,274.9200134277344,2136284.0
1765819800,274.92498779296875,275.1000061035156,273.7300109863281,274.0400085449219,1992688.0
1765823400,274.0199890136719,274.25,273.0799865722656,273.3699951171875,2430153.0
1765827000,273.3800048828125,273.8424987792969,272.8399963378906,273.80499267578125,2804616.0
1765830600,273.80999755859375,274.7200012207031,273.5199890136719,274.114990234375,4104430.0
1765895400,272.82000732421875,274.0299987792969,271.7900085449219,273.1700134277344,4976091.0
1765899000,273.1700134277344,273.82000732421875,272.5,272.80999755859375,2282059.0
1765902600,272.79998779296875,274.2799987792969,272.69000244140625,273.20001220703125,1929804.0
1765906200,273.19989013671875,273.489990234375,271.79998779296875,272.1300048828125,2118531.0
1765909800,272.135009765625,273.9100036621094,272.135009765625,273.56500244140625,2008038.0
1765913400,273.56500244140625,274.79998779296875,273.5400085449219,274.55999755859375,1912589.0
1765917000,274.54998779296875,275.5,274.45001220703125,274.4700012207031,2361847.0
1765981800,275.010009765625,276.1600036621094,274.8299865722656,275.4949951171875,4574850.0
1765985400,275.4700012207031,275.7300109863281,273.0450134277344,273.489990234375,3354929.0
1765989000,273.489990234375,273.489990234375,272.2799987792969,272.8699951171875,2372809.0
1765992600,272.8800048828125,273.69000244140625,272.6499938964844,273.0199890136719,1699122.0
1765996200,272.9901123046875,273.9700012207031,272.44000244140625,273.7850036621094,2046363.0
1765999800,273.7699890136719,274.1099853515625,273.57000732421875,273.65008544921875,2167480.0
1766003400,273.6700134277344,273.8699951171875,271.69000244140625,271.8599853515625,5130736.0
1766068200,273.6050109863281,273.6199951171875,266.9599914550781,270.8999938964844,10127086.0
1766071800,270.86199951171875,272.7200012207031,270.80999755859375,272.29998779296875,3659235.0
1766075400,272.2900085449219,273.16400146484375,269.94000244140625,270.25,3692916.0
1766079000,270.20001220703125,272.75,270.1199951171875,272.6499938964844,1920512.0
1766082600,272.6700134277344,272.9599914550781,271.0899963378906,271.3699951171875,2108845.0
1766086200,271.3699951171875,271.96990966796875,270.5,271.8399963378906,2747038.0
1766089800,271.8500061035156,273.20001220703125,271.7850036621094,272.1600036621094,2956766.0
1766154600,272.1449890136719,272.9200134277344,270.95001220703125,271.7349853515625,18574766.0
1766158200,271.7200927734375,272.82000732421875,270.9949951171875,271.26080322265625,2919546.0
1766161800,271.2622985839844,271.4599914550781,270.2699890136719,270.6549987792969,2629565.0
1766165400,270.6600036621094,271.80950927734375,270.3399963378906,270.75,3085614.0
1766169000,270.760009765625,271.5098876953125,270.3999938964844,271.3699951171875,2544938.0
1766172600,271.3800048828125,271.739990234375,270.17498779296875,270.79998779296875,3108119.0
1766176200,270.80999755859375,274.5762939453125,269.8999938964844,273.6700134277344,8193309.0
1766413800,272.8599853515625,273.8800048828125,271.57000732421875,272.0150146484375,6084655.0
1766417400,272.0299987792969,272.79998779296875,271.510009765625,272.44000244140625,2467910.0
1766421000,272.4200134277344,272.510009765625,271.5199890136719,271.94000244140625,2114933.0
1766424600,271.9200134277344,272.1400146484375,270.739990234375,270.9399108886719,2226647.0
1766428200,270.93499755859375,271.1400146484375,270.510009765625,270.864990234375,1960079.0
1766431800,270.8699951171875,271.1099853515625,270.7149963378906,270.7200012207031,1999793.0
1766435400,270.7149963378906,271.19989013671875,270.5050048828125,270.82000732421875,2599971.0
1766500200,270.3599853515625,271.92999267578125,269.55999755859375,270.8399963378906,5104762.0
1766503800,270.8399963378906,271.95001220703125,270.70001220703125,271.7814025878906,2241209.0
1766507400,271.81500244140625,272.3111877441406,271.4729919433594,271.5299987792969,2086319.0
1766511000,271.5400085449219,271.80999755859375,271.1099853515625,271.70001220703125,1310733.0
1766514600,271.70001220703125,272.1199951171875,271.5,271.80999755859375,1442128.0
1766518200,271.80999755859375,272.44000244140625,271.760009765625,272.10699462890625,1857021.0
1766521800,272.1000061035156,272.45001220703125,271.8399963378906,272.239990234375,2287709.0
1766586600,273.25,274.739990234375,273.0899963378906,274.03509521484375,4589623.0
1766590200,274.0400085449219,275.04998779296875,273.9100036621094,274.85101318359375,2096233.0
1766593800,274.8599853515625,275.42999267578125,274.8299865722656,275.3599853515625,2055154.0
1766759400,274.25,275.3699951171875,274.05999755859375,274.8247985839844,2899986.0
1766763000,274.81500244140625,274.9800109863281,274.3699951171875,274.8800048828125,1434883.0
1766766600,274.8800048828125,274.93499755859375,274.4100036621094,274.6400146484375,1079100.0
1766770200,274.6300048828125,274.6499938964844,274.2250061035156,274.5199890136719,903247.0
1766773800,274.5249938964844,274.9849853515625,274.3800048828125,274.7601013183594,1447341.0
1766777400,274.7650146484375,274.8299865722656,273.8700866699219,273.9800109863281,1463547.0
1766781000,273.9800109863281,273.989990234375,272.8699951171875,273.25,2563251.0
1767018600,272.5,274.3599853515625,272.4049987792969,273.9543151855469,3705071.0
1767022200,273.95001220703125,274.0299987792969,272.989990234375,273.2200012207031,1533379.0
1767025800,273.21881103515625,273.2900085449219,272.8299865722656,273.0400085449219,1203367.0
1767029400,273.0400085449219,273.6700134277344,272.9502868652344,273.6400146484375,3234552.0
1767033000,273.6300048828125,274.0,273.44000244140625,273.67999267578125,0.0
1767036600,273.67999267578125,274.0,273.6700134277344,273.9028015136719,1410063.0
1767040200,273.9100036621094,273.94000244140625,273.4599914550781,273.79901123046875,1452813.0
1767105000,274.0,274.07000732421875,272.3948059082031,272.5899963378906,3335833.0
1767108600,272.5799865722656,273.32000732421875,272.4200134277344,272.85980224609375,1711221.0
1767112200,272.8299865722656,272.9200134277344,272.2799987792969,272.5899963378906,1582688.0
1767115800,272.5899963378906,273.19000244140625,272.55999755859375,273.1000061035156,1137372.0
1767119400,273.1000061035156,273.52178955078125,273.0101013183594,273.3900146484375,1396303.0
1767123000,273.3800048828125,273.4744873046875,273.0899963378906,273.1650085449219,1396305.0
1767126600,273.1600036621094,273.2550048828125,272.739990234375,272.989990234375,2121973.0
1767191400,273.3599853515625,273.67999267578125,272.2318115234375,272.489990234375,2706559.0
1767195000,272.4949951171875,272.5849914550781,271.760009765625,272.489990234375,1886713.0
1767198600,272.489990234375,272.79998779296875,272.2699890136719,272.6700134277344,1322310.0
1767202200,272.6600036621094,273.1000061035156,272.54998779296875,272.625,1445671.0
1767205800,272.625,273.42999267578125,272.5799865722656,272.9609069824219,1456290.0
1767209400,272.97021484375,273.0068054199219,271.9599914550781,272.0799865722656,1417798.0
1767213000,272.0899963378906,272.75,271.75,271.8399963378906,2509865.0
1767364200,272.0,277.8247985839844,272.0,273.3900146484375,7596139.0
1767367800,273.3699951171875,273.3900146484375,269.8299865722656,270.3245849609375,4078484.0
1767371400,270.29998779296875,270.9599914550781,269.1099853515625,270.1499938964844,2431873.0
1767375000,270.17999267578125,270.4800109863281,269.7300109863281,270.0799865722656,1780091.0
1767378600,270.0899963378906,270.2499084472656,269.0199890136719,270.1300048828125,2020830.0
1767382200,270.1400146484375,270.8399963378906,270.0899963378906,270.510009765625,2106622.0
1767385800,270.5299987792969,271.04998779296875,270.3500061035156,270.9800109863281,2650904.0
1767623400,270.7149963378906,271.3599853515625,267.8599853515625,269.80999755859375,7189336.0
1767627000,269.79998779296875,270.2200012207031,268.70001220703125,268.7900085449219,3119976.0
1767630600,268.7799987792969,268.8500061035156,266.9200134277344,266.9700012207031,3085098.0
1767634200,266.989990234375,267.8900146484375,266.7701110839844,267.4200134277344,2496455.0
1767637800,267.4100036621094,267.6650085449219,266.1400146484375,266.2698974609375,2514491.0
1767641400,266.2699890136719,267.0400085449219,266.20001220703125,267.0190124511719,2686552.0
1767645000,267.0299987792969,267.739990234375,266.45001220703125,267.260009765625,2894622.0
1767709800,267.00799560546875,267.00799560546875,263.0299987792969,264.0299987792969,8140729.0
1767713400,264.0299987792969,265.1000061035156,262.29998779296875,262.4198913574219,4820286.0
1767717000,262.4200134277344,263.0,262.2099914550781,262.8846130371094,3187699.0
1767720600,262.8900146484375,263.79998779296875,262.4901123046875,262.5400085449219,2583269.0
1767724200,262.92999267578125,263.07000732421875,262.5400085449219,262.87701416015625,2024107.0
1767727800,262.7799987792969,263.0150146484375,262.260009765625,262.82000732421875,3190757.0
1767731400,262.8299865722656,262.9601135253906,262.3999938964844,262.42498779296875,2355864.0
1767796200,263.2699890136719,263.67999267578125,261.2099914550781,262.0299987792969,7368698.0
1767799800,262.0199890136719,262.2900085449219,260.9100036621094,261.0837097167969,3565599.0
1767803400,261.0849914550781,262.57000732421875,261.07000732421875,262.3599853515625,3336015.0
1767807000,262.3699951171875,262.70001220703125,261.0799865722656,261.2200012207031,2890664.0
1767810600,261.2449951171875,262.20001220703125,261.1300048828125,261.5899963378906,2574362.0
1767814200,261.5899963378906,262.5199890136719,261.260009765625,261.3299865722656,2727906.0
1767817800,261.3299865722656,261.3299865722656,259.82000732421875,260.3599853515625,4547776.0
1767882600,256.375,257.7699890136719,255.6999969482422,256.7449951171875,10183679.0
1767886200,256.7200927734375,257.19000244140625,255.9499969482422,256.1099853515625,4167093.0
1767889800,256.1099853515625,258.6000061035156,255.97000122070312,256.7090148925781,3892484.0
1767893400,256.6900939941406,257.6300048828125,256.5979919433594,257.4800109863281,2448318.0
1767897000,257.510009765625,257.5199890136719,256.29998779296875,256.6000061035156,2399355.0
1767900600,256.6050109863281,258.3299865722656,256.3800048828125,258.2799987792969,3537960.0
1767904200,258.2799987792969,259.2799987792969,257.9601135253906,259.05999755859375,3213685.0
1767969000,259.07501220703125,260.0,256.2200927734375,258.4599914550781,7220053.0
1767972600,258.4599914550781,258.75,256.8800048828125,256.9599914550781,3212319.0
1767976200,256.9512939453125,259.05499267578125,256.7663879394531,258.92999267578125,3345096.0
1767979800,258.9100036621094,259.1600036621094,258.2401123046875,259.1199951171875,2173770.0
1767983400,259.1300048828125,259.95001220703125,259.010009765625,259.7300109863281,1971968.0
1767987000,259.7300109863281,260.2099914550781,259.67999267578125,259.9649963378906,2732054.0
1767990600,259.95001220703125,260.05499267578125,258.95001220703125,259.3500061035156,2303687.0
1768228200,259.4100036621094,261.29998779296875,256.79998779296875,260.3500061035156,8505619.0
1768231800,260.364990234375,260.45001220703125,259.04998779296875,260.2300109863281,3280015.0
1768235400,260.2300109863281,261.1099853515625,259.7099914550781,260.60931396484375,2709473.0
1768239000,260.6000061035156,261.29998779296875,260.3500061035156,260.8900146484375,2160352.0
1768242600,260.8909912109375,260.94000244140625,260.19000244140625,260.6400146484375,1974059.0
1768246200,260.6499938964844,261.19000244140625,260.48529052734375,260.9700012207031,2654547.0
1768249800,260.9599914550781,261.1300048828125,260.010009765625,260.2099914550781,2380012.0
1768314600,258.8999938964844,261.80999755859375,258.8999938964844,260.090087890625,8478567.0
1768318200,260.1400146484375,260.2799072265625,259.489990234375,259.9100036621094,2608808.0
1768321800,259.8999938964844,261.1600036621094,259.8500061035156,260.8399963378906,2483937.0
1768325400,260.8500061035156,261.44000244140625,259.989990234375,259.989990234375,2059870.0
1768329000,259.9800109863281,260.6736145019531,259.1499938964844,259.739990234375,2357708.0
1768332600,259.7398986816406,259.79998779296875,258.7601013183594,259.0199890136719,1960648.0
1768336200,259.010009765625,261.20001220703125,258.8399963378906,261.04998779296875,12843144.0
1768401000,259.489990234375,261.80999755859375,258.82000732421875,259.75,5147768.0
1768404600,259.7550048828125,260.0,257.8599853515625,258.739990234375,2978461.0
1768408200,258.739990234375,258.80999755859375,256.7099914550781,257.3800048828125,2333928.0
1768411800,257.3900146484375,257.7149963378906,256.9100036621094,257.5299987792969,1604961.0
1768415400,257.5299987792969,258.1000061035156,257.05499267578125,257.79998779296875,1777225.0
1768419000,257.79998779296875,259.9800109863281,257.7900085449219,259.9700012207031,2443932.0
1768422600,259.9800109863281,260.6000061035156,258.6841125488281,259.95001220703125,14485668.0
1768487400,260.6499938964844,261.0299987792969,259.6199951171875,260.10009765625,5046140.0
1768491000,260.1400146484375,260.78509521484375,259.19000244140625,260.4949951171875,2795244.0
1768494600,260.5,260.6300048828125,259.29998779296875,259.3299865722656,2122658.0
1768498200,259.3399963378906,259.56500244140625,258.0,259.5299987792969,2472715.0
1768501800,259.54998779296875,259.75,258.260009765625,258.32000732421875,2003848.0
1768505400,258.3434143066406,258.45001220703125,257.04998779296875,257.6700134277344,3158266.0
1768509000,257.6575012207031,258.3800048828125,257.1099853515625,258.3299865722656,2733911.0
1768573800,257.8800048828125,258.8999938964844,256.4601135253906,256.80999755859375,11278805.0
1768577400,256.80999755859375,256.9200134277344,256.05999755859375,256.4399108886719,2790833.0
1768581000,256.426513671875,256.6300048828125,255.82000732421875,255.8300018310547,2796717.0
1768584600,255.8300018310547,256.08990478515625,254.92999267578125,256.0299987792969,3606144.0
1768588200,256.0299987792969,257.1499938964844,255.9149932861328,256.0,2811980.0
1768591800,256.0,256.9700012207031,255.94000244140625,256.17999267578125,2648818.0
1768595400,256.1700134277344,256.4725036621094,255.1300048828125,255.47999572753906,3511559.0
1768919400,252.50999450683594,254.7899932861328,250.85000610351562,251.61570739746094,9087553.0
1768923000,251.63999938964844,252.1300048828125,250.69000244140625,251.30499267578125,3367134.0
1768926600,251.3000030517578,251.58999633789062,250.35000610351562,250.55999755859375,2677257.0
1768930200,250.52000427246094,250.6999969482422,249.0800018310547,249.19500732421875,2979236.0
1768933800,249.17999267578125,249.22999572753906,247.4199981689453,247.45249938964844,3351984.0
1768937400,247.4499969482422,248.17999267578125,245.0800018310547,245.4600067138672,5956327.0
1768941000,245.4600067138672,246.92999267578125,243.4199981689453,246.69000244140625,10059596.0
1769005800,248.7100067138672,248.75,246.0800018310547,247.57000732421875,7234453.0
1769009400,247.57000732421875,248.72000122070312,246.8300018310547,247.3000030517578,3802636.0
1769013000,247.30999755859375,247.36000061035156,245.19000244140625,245.8300018310547,3522106.0
1769016600,245.82009887695312,246.47000122070312,245.5800018310547,245.8800048828125,2014674.0
1769020200,245.8800048828125,247.33999633789062,245.5,247.1103057861328,2357430.0
1769023800,247.1300048828125,251.55999755859375,247.10000610351562,248.38279724121094,7875948.0
1769027400,248.38999938964844,248.5800018310547,246.83999633789062,247.6300048828125,4345116.0
1769092200,249.1999969482422,250.7799072265625,248.38499450683594,250.1300048828125,7300630.0
1769095800,250.14999389648438,250.16000366210938,249.0,249.6999053955078,3165743.0
1769099400,249.69500732421875,249.89999389648438,249.25999450683594,249.74000549316406,1884417.0
1769103000,249.75,250.82000732421875,249.72999572753906,250.67999267578125,1833609.0
1769106600,250.6699981689453,251.0,249.75010681152344,250.52000427246094,2047891.0
1769110200,250.50999450683594,250.625,248.26510620117188,248.3699951171875,3355208.0
1769113800,248.33999633789062,248.9199981689453,248.17999267578125,248.36000061035156,2791482.0
1769178600,245.75,247.24000549316406,244.67999267578125,247.01010131835938,7601136.0
1769182200,247.02000427246094,249.41000366210938,246.97000122070312,248.35000610351562,3278816.0
1769185800,248.3699951171875,248.8000030517578,247.8800048828125,248.73989868164062,2265060.0
1769189400,248.72000122070312,248.80990600585938,247.61000061035156,247.92999267578125,1917316.0
1769193000,247.9600067138672,248.0299072265625,246.97000122070312,247.47500610351562,2288867.0
1769196600,247.47000122070312,248.47000122070312,247.40499877929688,248.19000244140625,1941323.0
1769200200,248.19000244140625,248.85000610351562,247.7449951171875,247.97000122070312,2635794.0
1769437800,251.47999572753906,254.88999938964844,249.8000030517578,254.0399932861328,9810606.0
1769441400,254.0399932861328,255.5,253.9199981689453,255.0998992919922,4941159.0
1769445000,255.0850067138672,255.4199981689453,254.25999450683594,254.5,3015226.0
1769448600,254.47000122070312,254.75,254.0800018310547,254.64999389648438,1861533.0
1769452200,254.63999938964844,255.97000122070312,254.32000732421875,255.94000244140625,3013817.0
1769455800,255.92999267578125,256.55999755859375,255.47000122070312,255.72500610351562,3495145.0
1769459400,255.72999572753906,255.99000549316406,254.89999389648438,255.4199981689453,14219113.0
1769524200,259.1400146484375,261.95001220703125,258.6600036621094,259.8450012207031,10912773.0
1769527800,259.8599853515625,261.3900146484375,259.760009765625,260.7200012207031,3262895.0
1769531400,260.7200012207031,261.3599853515625,260.4700012207031,261.30999755859375,2175987.0
1769535000,261.30010986328125,261.3500061035156,260.2301025390625,260.2550048828125,1989091.0
1769538600,260.2699890136719,260.3599853515625,259.5199890136719,259.875,2504629.0
1769542200,259.875,260.0400085449219,259.1499938964844,259.3800048828125,2602286.0
1769545800,259.385009765625,259.67498779296875,258.2099914550781,258.2699890136719,2715605.0
1769610600,257.55999755859375,258.8550109863281,255.21499633789062,256.0899963378906,6604210.0
1769614200,256.05999755859375,256.7099914550781,255.25999450683594,255.49000549316406,2745774.0
1769617800,255.47000122070312,255.47999572753906,254.66000366210938,254.82000732421875,2230506.0
1769621400,254.8000030517578,255.38999938964844,254.50999450683594,255.2550048828125,1683148.0
1769625000,255.25999450683594,255.8800048828125,254.77999877929688,255.11000061035156,1899457.0
1769628600,255.0800018310547,256.6400146484375,255.0500030517578,256.4750061035156,3391568.0
1769632200,256.4599914550781,256.8999938964844,255.92999267578125,256.44000244140625,3092338.0
1769697000,258.07000732421875,259.6499938964844,255.49000549316406,256.8999938964844,7282171.0
1769700600,256.8900146484375,257.0400085449219,254.41000366210938,256.1700134277344,4801889.0
1769704200,256.1300048828125,257.4100036621094,255.1199951171875,257.2200012207031,3524580.0
1769707800,257.20001220703125,257.6700134277344,256.54998779296875,257.3800048828125,3232719.0
1769711400,257.364990234375,258.1816101074219,257.1600036621094,258.1449890136719,3079026.0
1769715000,258.1449890136719,258.5683898925781,257.7401123046875,258.2950134277344,4240841.0
1769718600,258.30999755859375,259.3500061035156,257.75,258.17498779296875,5837763.0
1769783400,255.1649932861328,258.70001220703125,252.17999267578125,254.0,18411294.0
1769787000,254.0800018310547,256.9049987792969,253.69500732421875,256.6875,5356000.0
1769790600,256.69000244140625,257.1400146484375,254.2834930419922,255.2100067138672,4040411.0
1769794200,255.16000366210938,256.07000732421875,254.5399932861328,256.05499267578125,3264119.0
1769797800,256.05499267578125,258.0799865722656,255.75,257.5849914550781,3652617.0
1769801400,257.6000061035156,259.9100036621094,257.4100036621094,259.9100036621094,4945206.0
1769805000,259.9200134277344,261.89990234375,258.0,259.4800109863281,9402318.0
1770042600,260.0199890136719,265.25,259.2049865722656,265.0400085449219,12724698.0
1770046200,265.0350036621094,265.3699951171875,262.30999755859375,264.29180908203125,4300486.0
1770049800,264.2950134277344,264.8500061035156,263.80999755859375,264.17999267578125,2688303.0
1770053400,264.19000244140625,265.30999755859375,263.7799987792969,265.1300048828125,2603466.0
1770057000,265.1449890136719,267.3500061035156,265.010009765625,267.17999267578125,4680086.0
1770060600,267.125,269.56988525390625,266.82000732421875,268.9800109863281,6110168.0
1770064200,268.9750061035156,270.489990234375,268.8399963378906,269.9599914550781,6031354.0
1770129000,269.1300048828125,271.5799865722656,267.69000244140625,269.885009765625,9032813.0
1770132600,269.8500061035156,271.2850036621094,267.6099853515625,268.8949890136719,5335029.0
1770136200,268.8999938964844,270.5,268.2900085449219,268.8999938964844,3977028.0
1770139800,268.8900146484375,270.3699951171875,268.7550048828125,269.3399963378906,3592052.0
1770143400,269.3349914550781,271.875,268.8500061035156,271.4800109863281,4426151.0
1770147000,271.4700012207031,271.70001220703125,268.6700134277344,269.2099914550781,3448770.0
1770150600,269.2149963378906,270.04998779296875,268.8399963378906,269.4599914550781,3048085.0
1770215400,272.30999755859375,278.80999755859375,272.2850036621094,276.1000061035156,14363169.0
1770219000,276.125,277.3900146484375,275.29998779296875,277.21380615234375,5901048.0
1770222600,277.1935119628906,277.260009765625,273.8999938964844,275.25,5657904.0
1770226200,275.2699890136719,276.114990234375,273.1400146484375,275.6000061035156,5072262.0
1770229800,275.6199951171875,275.760009765625,274.3500061035156,274.9100036621094,3128540.0
1770233400,274.90020751953125,278.0799865722656,274.8299865722656,277.6099853515625,5267006.0
1770237000,277.6099853515625,278.95001220703125,276.3599853515625,276.4599914550781,7312922.0
1770301800,278.0199890136719,279.44000244140625,273.2300109863281,276.7850036621094,9310150.0
1770305400,276.7900085449219,277.3999938964844,273.2900085449219,275.2200012207031,4526349.0
1770309000,275.2900085449219,275.5,273.5249938964844,274.739990234375,2531820.0
1770312600,274.7200012207031,274.9800109863281,273.9100036621094,274.32000732421875,1764770.0
1770316200,274.260009765625,277.57000732421875,274.114990234375,277.0450134277344,2995492.0
1770319800,277.06500244140625,277.7200012207031,276.085693359375,276.6300048828125,3087121.0
1770323400,276.6300048828125,276.9100036621094,275.3500061035156,275.9200134277344,3990713.0
1770388200,277.1600036621094,280.9049987792969,277.0,279.2900085449219,10301776.0
1770391800,279.29998779296875,279.95001220703125,278.3500061035156,279.114990234375,3913103.0
1770395400,279.1000061035156,279.7749938964844,278.239990234375,278.67999267578125,3039580.0
1770399000,278.7099914550781,278.79998779296875,277.4901123046875,277.7749938964844,2618460.0
1770402600,277.79998779296875,277.9599914550781,276.92498779296875,277.1300048828125,2548586.0
1770406200,277.1300048828125,278.75,276.9949951171875,277.6600036621094,3186499.0
1770409800,277.6549987792969,279.010009765625,277.57000732421875,278.0799865722656,3255323.0
1770647400,277.9049987792969,278.0400085449219,273.04998779296875,273.08270263671875,6334544.0
1770651000,273.0899963378906,273.75,272.7699890136719,273.398193359375,2792572.0
1770654600,273.3699951171875,273.79998779296875,271.70001220703125,272.0115051269531,3245579.0
1770658200,272.0400085449219,272.3399963378906,271.7699890136719,271.9800109863281,1937150.0
1770661800,271.9800109863281,273.7099914550781,271.8399963378906,273.6199951171875,2566471.0
1770665400,273.6300048828125,274.25,272.9150085449219,274.0400085449219,2368415.0
1770669000,274.0299987792969,275.1199951171875,273.510009765625,274.5400085449219,3837569.0
1770733800,274.885009765625,275.3599853515625,273.2099914550781,274.4200134277344,4751268.0
1770737400,274.3900146484375,274.9100036621094,273.989990234375,274.05999755859375,1866180.0
1770741000,274.0199890136719,274.0498962402344,272.94000244140625,273.3500061035156,2051404.0
1770744600,273.3500061035156,274.19000244140625,273.1499938964844,274.05499267578125,1646593.0
1770748200,274.05499267578125,274.2699890136719,273.6600036621094,273.9649963378906,1371940.0
1770751800,273.9700012207031,274.29998779296875,273.5199890136719,274.07000732421875,1515644.0
1770755400,274.0799865722656,274.489990234375,273.30999755859375,273.7900085449219,9399403.0
1770820200,274.69500732421875,277.44000244140625,274.45001220703125,277.05010986328125,9496956.0
1770823800,277.1000061035156,279.9800109863281,277.0400085449219,278.19000244140625,4696556.0
1770827400,278.19000244140625,280.17999267578125,278.1600036621094,279.94500732421875,2685096.0
1770831000,279.910400390625,280.1499938964844,278.5,278.9599914550781,1893097.0
1770834600,278.93499755859375,279.6700134277344,278.5,279.5799865722656,1790251.0
1770838200,279.5799865722656,279.5899963378906,274.81060791015625,276.04998779296875,6599667.0
1770841800,276.010009765625,276.54998779296875,275.4599914550781,275.5400085449219,2931248.0
1770906600,275.6000061035156,275.7200012207031,270.05999755859375,271.25,7475539.0
1770910200,271.260009765625,271.75,266.1499938964844,266.1700134277344,5405536.0
1770913800,266.19000244140625,267.0400085449219,264.4200134277344,264.6000061035156,4717401.0
1770917400,264.57000732421875,264.6499938964844,260.17999267578125,262.3299865722656,7147306.0
1770921000,262.30999755859375,262.6700134277344,261.2300109863281,261.7799987792969,4007694.0
1770924600,261.7699890136719,262.489990234375,261.1000061035156,261.489990234375,3918342.0
1770928200,261.4800109863281,262.510009765625,260.2799987792969,261.5899963378906,5638818.0
1770993000,262.010009765625,262.2300109863281,258.79998779296875,260.5950012207031,9803254.0
1770996600,260.5799865722656,261.489990234375,258.3699951171875,259.2875061035156,3397399.0
1771000200,259.2984924316406,260.2099914550781,258.6000061035156,259.5899963378906,2315506.0
1771003800,259.5899963378906,260.2699890136719,258.7699890136719,258.9100036621094,2742312.0
1771007400,258.94000244140625,259.30999755859375,258.2799987792969,258.4599914550781,2401615.0
1771011000,258.4800109863281,258.7300109863281,255.8173065185547,255.91000366210938,3979292.0
1771014600,255.91000366210938,256.6600036621094,255.4499969482422,255.82000732421875,6720926.0
1771338600,258.04998779296875,261.3900146484375,255.55299377441406,259.6400146484375,8096132.0
1771342200,259.6300048828125,260.9800109863281,258.739990234375,260.2650146484375,3490944.0
1771345800,260.2550048828125,262.2300109863281,259.92999267578125,261.84991455078125,3136235.0
1771349400,261.8500061035156,263.67999267578125,260.9100036621094,263.3999938964844,3395782.0
1771353000,263.4599914550781,266.2900085449219,263.32000732421875,265.2850036621094,4164675.0
1771356600,265.260009765625,266.14990234375,264.0201110839844,264.2900085449219,2825612.0
1771360200,264.2950134277344,264.5299987792969,262.5,263.75,4178204.0
1771425000,263.5,265.6499938964844,262.45001220703125,265.398193359375,7797779.0
1771428600,265.3900146484375,266.0899963378906,265.0400085449219,266.0400085449219,2372744.0
1771432200,266.0249938964844,266.82000732421875,265.1700134277344,265.4200134277344,1840765.0
1771435800,265.4100036621094,265.9599914550781,265.0,265.39990234375,1335418.0
1771439400,265.3800048828125,265.5790100097656,264.52301025390625,264.57000732421875,1312561.0
1771443000,264.5950012207031,264.6299133300781,263.2099914550781,263.739990234375,1727473.0
1771446600,263.739990234375,265.5299987792969,263.739990234375,264.32000732421875,3105119.0
1771511400,262.6000061035156,264.3500061035156,262.2900085449219,262.8699951171875,4372727.0
1771515000,262.8800048828125,264.4800109863281,262.7601013183594,263.6199951171875,1726762.0
1771518600,263.6700134277344,264.1400146484375,262.6900939941406,262.94000244140625,1785992.0
1771522200,262.8999938964844,263.05999755859375,261.4200134277344,261.7699890136719,1237800.0
1771525800,261.739990234375,262.368896484375,261.5,261.5400085449219,1203819.0
1771529400,261.510009765625,261.6700134277344,260.2699890136719,260.760009765625,1954329.0
1771533000,260.760009765625,261.29998779296875,260.04998779296875,260.510009765625,2956715.0
1771597800,258.9549865722656,262.3500061035156,258.1600036621094,260.57049560546875,6967496.0
1771601400,260.54998779296875,263.260009765625,260.2773132324219,261.42999267578125,2960036.0
1771605000,261.4200134277344,264.75,261.2300109863281,262.29998779296875,3078479.0
1771608600,262.2695007324219,263.92999267578125,261.6099853515625,263.6099853515625,2014188.0
1771612200,263.57501220703125,264.7300109863281,263.1600036621094,264.42999267578125,1630010.0
1771615800,264.44000244140625,264.7099914550781,263.2850036621094,263.3301086425781,1887447.0
1771619400,263.3450012207031,264.7449951171875,263.0899963378906,264.5899963378906,13540364.0
1771857000,263.489990234375,267.739990234375,263.3810119628906,267.04998779296875,7631864.0
1771860600,267.0899963378906,267.5299072265625,264.75,266.5899963378906,1006448.0
1771864200,266.57000732421875,267.34588623046875,265.8399963378906,267.1297912597656,2169664.0
1771867800,267.10699462890625,269.3699951171875,266.8612060546875,269.3349914550781,2699181.0
1771871400,269.3399963378906,269.42999267578125,267.25,267.29998779296875,2303781.0
1771875000,267.2701110839844,267.3299865722656,266.2799987792969,266.7799987792969,2444216.0
1771878600,266.80999755859375,267.20001220703125,265.989990234375,266.3900146484375,2450818.0
1771943400,268.0,274.8900146484375,267.739990234375,273.6700134277344,8122809.0
1771947000,273.67999267578125,274.82000732421875,272.3599853515625,273.2200012207031,10039980.0
1771950600,273.2250061035156,273.239990234375,271.989990234375,272.510009765625,0.0
1771954200,272.489990234375,272.7900085449219,271.5950012207031,271.5950012207031,1641925.0
1771957800,271.6000061035156,272.54998779296875,271.3699951171875,272.2900085449219,1871775.0
1771961400,272.2799987792969,272.7200012207031,271.3800048828125,271.909912109375,2122079.0
1771965000,271.9100036621094,272.4299011230469,271.4800109863281,272.1700134277344,13328406.0
1772029800,271.67999267578125,274.0799865722656,271.04998779296875,273.6300048828125,5230897.0
1772033400,273.6300048828125,274.58990478515625,272.9200134277344,273.9649963378906,2463949.0
1772037000,273.9150085449219,274.06988525390625,272.9599914550781,273.6099853515625,1694059.0
1772040600,273.6099853515625,274.6300048828125,273.4200134277344,274.3500061035156,1522519.0
1772044200,274.3299865722656,274.94000244140625,274.17999267578125,274.4100036621094,1635951.0
1772047800,274.4100036621094,274.5400085449219,273.2099914550781,273.75,1879899.0
1772051400,273.7200012207031,274.7200012207031,273.625,274.17999267578125,2422723.0
1772116200,274.9549865722656,276.1099853515625,270.8399963378906,272.0,5054219.0
1772119800,271.9200134277344,272.78509521484375,270.7950134277344,272.5400085449219,2579542.0
1772123400,272.5299987792969,272.7300109863281,271.5126953125,271.760009765625,1300410.0
1772127000,271.7550048828125,272.0249938964844,270.9100036621094,271.3900146484375,1189482.0
1772130600,271.4100036621094,272.94000244140625,270.8529968261719,272.79998779296875,1838921.0
1772134200,272.80499267578125,273.5,272.5799865722656,272.6300048828125,1756013.0
1772137800,272.6449890136719,273.07000732421875,272.20001220703125,272.989990234375,1906660.0
1772202600,272.80999755859375,272.80999755859375,268.29998779296875,268.5050048828125,8446879.0
1772206200,268.4700927734375,269.6400146484375,268.1919860839844,269.05499267578125,0.0
1772209800,269.07000732421875,269.5199890136719,267.2699890136719,267.8841857910156,1958841.0
1772213400,267.8699951171875,268.260009765625,265.8800048828125,265.9508056640625,8433506.0
1772217000,265.95001220703125,266.4800109863281,265.4801025390625,265.7300109863281,0.0
1772220600,265.7300109863281,266.8999938964844,265.260009765625,266.6400146484375,2562786.0
1772224200,266.6300048828125,266.6300048828125,262.8900146484375,264.1700134277344,9125681.0
1772461800,262.44000244140625,264.3399963378906,260.20001220703125,263.80999755859375,9648357.0
1772465400,263.82000732421875,265.0299987792969,262.0,264.3599853515625,439306.0
1772469000,264.3599853515625,266.20001220703125,264.0,266.0,2203439.0
1772472600,265.9949951171875,266.2900085449219,265.25,265.5,1644931.0
1772476200,265.52801513671875,266.1499938964844,264.3599853515625,266.05999755859375,6993135.0
1772479800,266.0450134277344,266.5299987792969,264.1400146484375,264.30999755859375,0.0
1772483400,264.31500244140625,265.54998779296875,263.6099853515625,264.6000061035156,3945882.0
1772548200,263.4800109863281,265.55999755859375,261.2200012207031,262.260009765625,8047558.0
1772551800,262.2799987792969,263.94000244140625,261.9100036621094,262.57000732421875,4016845.0
1772555400,262.4800109863281,263.7799987792969,261.5799865722656,261.80999755859375,2940122.0
1772559000,261.79998779296875,261.8699951171875,260.1300048828125,261.4800109863281,2901307.0
1772562600,261.44000244140625,263.9100036621094,261.3699951171875,263.6549987792969,2917518.0
1772566200,263.6700134277344,264.614990234375,262.510009765625,263.2799987792969,2571377.0
1772569800,263.239990234375,263.9599914550781,262.3399963378906,263.7099914550781,4136373.0
1772634600,264.6499938964844,266.1499938964844,261.4200134277344,264.1300048828125,7214854.0
1772638200,264.125,264.7200012207031,262.81500244140625,264.5299987792969,3576211.0
1772641800,264.5199890136719,265.510009765625,264.29998779296875,264.8999938964844,3050842.0
1772645400,264.9100036621094,265.3599853515625,263.3399963378906,263.7799987792969,2827303.0
1772649000,263.79998779296875,264.19500732421875,263.05999755859375,263.3500061035156,2889009.0
1772652600,263.3399963378906,263.67999267578125,262.0599060058594,262.7300109863281,3383632.0
1772656200,262.7099914550781,263.1600036621094,262.16461181640625,262.45001220703125,4837553.0
1772721000,260.7449951171875,261.45001220703125,258.5400085449219,258.8699951171875,10468747.0
1772724600,258.9100036621094,261.2250061035156,258.07501220703125,260.7550048828125,4851072.0
1772728200,260.760009765625,261.55499267578125,258.9700012207031,259.0199890136719,3933354.0
1772731800,259.0400085449219,259.489990234375,258.4949951171875,258.9090881347656,3426289.0
1772735400,258.9200134277344,259.17999267578125,257.760009765625,257.8599853515625,3356489.0
1772739000,257.8450012207031,259.489990234375,257.25,258.69000244140625,4038383.0
1772742600,258.67999267578125,260.55999755859375,258.4100036621094,260.30999755859375,7024068.0
1772807400,258.739990234375,258.760009765625,254.3699951171875,256.70001220703125,8565069.0
1772811000,256.69500732421875,257.95001220703125,256.0799865722656,257.25,3270567.0
1772814600,257.29998779296875,257.489990234375,256.3900146484375,256.7699890136719,3297640.0
1772818200,256.7699890136719,257.5899963378906,256.05999755859375,256.4750061035156,2387760.0
1772821800,256.4750061035156,257.2300109863281,255.91000366210938,257.17999267578125,2090262.0
1772825400,257.1700134277344,257.96990966796875,256.8005065917969,256.9100036621094,2795477.0
1772829000,256.9200134277344,258.010009765625,256.44000244140625,257.5350036621094,5125522.0
1773063000,255.69000244140625,257.0198974609375,253.6804962158203,255.7100067138672,7181497.0
1773066600,255.66000366210938,257.8800048828125,255.6300048828125,257.7300109863281,3727402.0
1773070200,257.7200012207031,258.2699890136719,257.1499938964844,257.57000732421875,3050497.0
1773073800,257.5799865722656,258.0899963378906,256.5400085449219,256.6300048828125,2401092.0
1773077400,256.6499938964844,257.364990234375,255.9499969482422,257.1499938964844,2688859.0
1773081000,257.1317138671875,259.57000732421875,256.5199890136719,259.4800109863281,4105990.0
1773084600,259.4599914550781,261.1499938964844,259.010009765625,259.8900146484375,4821540.0
1773149400,257.69500732421875,260.25,256.95001220703125,259.9700012207031,5290551.0
1773153000,259.9400939941406,261.7799987792969,259.9150085449219,261.30999755859375,3031430.0
1773156600,261.29998779296875,261.9800109863281,261.0,261.8699951171875,2380233.0
1773160200,261.8900146484375,262.4800109863281,260.82000732421875,262.20001220703125,2603212.0
1773163800,262.19000244140625,262.4800109863281,260.4700012207031,261.6700134277344,3001027.0
1773167400,261.70001220703125,261.9700012207031,260.42999267578125,260.5050048828125,2377024.0
1773171000,260.4700012207031,261.20001220703125,260.35009765625,260.7200012207031,3231160.0
1773235800,261.2099914550781,262.1300048828125,259.54998779296875,259.9949951171875,4281023.0
1773239400,260.0,260.9599914550781,259.8599853515625,260.1000061035156,2604285.0
1773243000,260.1199951171875,260.8680114746094,259.8500061035156,260.6449890136719,1954747.0
1773246600,260.6199951171875,261.20001220703125,260.5,261.02508544921875,1517902.0
1773250200,261.0400085449219,261.1300048828125,259.6300048828125,260.1099853515625,1845686.0
1773253800,260.1000061035156,260.3999938964844,259.80999755859375,260.1317138671875,1606862.0
1773257400,260.1400146484375,261.1000061035156,260.0400085449219,260.80999755859375,3235002.0
1773322200,258.6400146484375,258.95001220703125,254.6699981689453,254.6699981689453,7250332.0
1773325800,254.66000366210938,255.7899932861328,254.35000610351562,255.35499572753906,3974410.0
1773329400,255.3300018310547,256.25,254.17999267578125,255.65780639648438,3679550.0
1773333000,255.6300048828125,255.9499969482422,254.77000427246094,255.0500030517578,3104437.0
1773336600,255.04010009765625,255.67999267578125,254.80999755859375,255.39500427246094,2746542.0
1773340200,255.3699951171875,256.25,254.88999938964844,256.0899963378906,3162742.0
1773343800,256.09991455078125,256.2051086425781,254.97000122070312,255.75,4532523.0
1773408600,255.39999389648438,256.3299865722656,254.6407012939453,255.4250030517578,5452768.0
1773412200,255.42999267578125,255.80999755859375,253.27000427246094,253.3007049560547,3280492.0
1773415800,253.3300018310547,253.50999450683594,251.85000610351562,252.65499877929688,3395163.0
1773419400,252.63999938964844,252.97000122070312,250.9600067138672,251.17999267578125,4343212.0
1773423000,251.18499755859375,251.65750122070312,250.779296875,251.26400756835938,2493737.0
1773426600,251.25999450683594,251.84500122070312,250.2100067138672,250.2949981689453,3296194.0
1773430200,250.27999877929688,250.6199951171875,249.52000427246094,250.11500549316406,6367474.0
1773667800,252.10499572753906,253.58999633789062,249.91000366210938,253.2357940673828,4604631.0
1773671400,253.22000122070312,253.88499450683594,252.9199981689453,253.01499938964844,2784630.0
1773675000,253.00999450683594,253.5399932861328,252.20010375976562,252.36500549316406,1738509.0
1773678600,252.35000610351562,253.3300018310547,252.1999969482422,252.92999267578125,1437485.0
1773682200,252.94000244140625,253.05999755859375,252.1300048828125,252.9199981689453,1544256.0
1773685800,252.9219970703125,253.44000244140625,252.27000427246094,252.86199951171875,1954982.0
1773689400,252.83999633789062,253.05999755859375,252.11000061035156,252.77999877929688,2287594.0
1773754200,253.07850646972656,255.0749969482422,252.17999267578125,254.44000244140625,3494086.0
1773757800,254.47999572753906,254.9499969482422,253.80079650878906,254.1699981689453,1412006.0
1773761400,254.14999389648438,255.12989807128906,253.66000366210938,254.86000061035156,1738870.0
1773765000,254.8699951171875,255.02999877929688,253.55999755859375,253.9199981689453,6074290.0
1773768600,253.91000366210938,254.6300048828125,253.88499450683594,254.10000610351562,0.0
1773772200,254.09500122070312,254.3300018310547,253.13009643554688,253.77000427246094,1332707.0
1773775800,253.77999877929688,254.5800018310547,253.67999267578125,254.22999572753906,1930468.0
1773840600,252.625,254.94000244140625,251.3800048828125,252.35499572753906,3152133.0
1773844200,252.33999633789062,253.05999755859375,252.0800018310547,252.3199005126953,2064997.0
1773847800,252.30999755859375,252.3300018310547,251.4600067138672,251.57009887695312,1753188.0
1773851400,251.5749969482422,251.58999633789062,250.38999938964844,250.80499267578125,1604382.0
1773855000,250.7899932861328,251.64759826660156,250.5399932861328,250.9600067138672,1514045.0
1773858600,250.94000244140625,250.94500732421875,249.61000061035156,249.67999267578125,1957409.0
1773862200,249.69400024414062,250.35000610351562,249.0,249.91000366210938,2998677.0
1773927000,249.39999389648438,251.8300018310547,247.3000030517578,249.8000030517578,5282204.0
1773930600,249.80099487304688,250.7100067138672,249.14010620117188,249.41000366210938,1824930.0
1773934200,249.41000366210938,249.95260620117188,248.8800048828125,249.25999450683594,1704879.0
1773937800,249.27499389648438,249.4199981689453,247.7100067138672,248.2801055908203,7064876.0
1773941400,248.2949981689453,248.5299072265625,247.6699981689453,248.02200317382812,0.0
1773945000,248.00999450683594,249.58999633789062,247.6699981689453,248.47000122070312,2599457.0
1773948600,248.44000244140625,249.3300018310547,248.2899932861328,248.90699768066406,2408615.0
1774013400,248.11000061035156,248.75999450683594,246.61000061035156,247.75999450683594,16388329.0
1774017000,247.80999755859375,248.85000610351562,247.16009521484375,247.98500061035156,6539448.0
1774020600,247.9499969482422,249.05999755859375,247.86000061035156,248.6199951171875,2911321.0
1774024200,248.6300048828125,248.7899932861328,248.0800018310547,248.27000427246094,2570162.0
1774027800,248.2899932861328,248.75990295410156,247.5301055908203,248.0399932861328,2895312.0
1774031400,248.08999633789062,249.1999053955078,247.58999633789062,248.08999633789062,3994932.0
1774035000,248.08999633789062,248.1999969482422,246.0,248.19000244140625,6366085.0
1774272600,253.99000549316406,254.55999755859375,251.02000427246094,252.4398956298828,9464664.0
1774276200,252.4199981689453,252.9199981689453,251.52999877929688,252.57989501953125,3394637.0
1774279800,252.58999633789062,252.90499877929688,250.6750030517578,250.80499267578125,4431092.0
1774283400,250.80999755859375,251.75,250.27999877929688,250.9199981689453,2569031.0
1774287000,250.9550018310547,251.98500061035156,250.89999389648438,251.3300018310547,2523158.0
1774290600,251.3699951171875,252.4149932861328,251.3699951171875,251.76499938964844,2979367.0
1774294200,251.76499938964844,252.52499389648438,250.97000122070312,251.44000244140625,4373303.0
1774359000,250.49000549316406,253.1199951171875,249.5500030517578,252.47000122070312,5324672.0
1774362600,252.44000244140625,254.1699981689453,251.74000549316406,253.98500061035156,4425199.0
1774366200,253.97999572753906,254.8249969482422,253.38490295410156,254.58999633789062,2900185.0
1774369800,254.59689331054688,254.7100067138672,252.76499938964844,253.05999755859375,2254333.0
1774373400,253.0500030517578,253.5399932861328,252.2949981689453,252.57000732421875,2463029.0
1774377000,252.58999633789062,253.1501007080078,252.0800018310547,252.089599609375,2249663.0
1774380600,252.08990478515625,252.1300048828125,251.22000122070312,251.75,3583757.0
1774445400,254.02000427246094,254.97999572753906,251.60000610351562,252.86000061035156,5252200.0
1774449000,252.8699951171875,254.2899932861328,252.60000610351562,254.2449951171875,3411621.0
1774452600,254.24000549316406,254.4600067138672,253.08999633789062,253.9250030517578,2284849.0
1774456200,254.0,254.64999389648438,253.74000549316406,254.14500427246094,2123725.0
1774459800,254.1199951171875,254.50999450683594,253.73500061035156,253.9600067138672,1763468.0
1774463400,253.9499969482422,254.05499267578125,252.25999450683594,252.625,2548509.0
1774467000,252.63499450683594,252.71499633789062,252.00999450683594,252.57000732421875,3058584.0
1774531800,251.9949951171875,256.239990234375,250.77499389648438,255.91000366210938,7345489.0
1774535400,255.89999389648438,257.0,255.50999450683594,255.67999267578125,5446373.0
1774539000,255.69000244140625,256.7699890136719,255.57000732421875,256.1000061035156,3382555.0
1774542600,256.1000061035156,256.4599914550781,254.59010314941406,254.99000549316406,3520903.0
1774546200,254.97999572753906,255.11500549316406,253.38999938964844,253.8249969482422,4260523.0
1774549800,253.85000610351562,254.51499938964844,253.13999938964844,253.6699981689453,3242928.0
1774553400,253.67999267578125,253.72500610351562,252.02000427246094,252.8800048828125,4420545.0
1774618200,253.91000366210938,255.4929962158203,252.7801055908203,254.47999572753906,9684416.0
1774621800,254.4600067138672,254.69000244140625,251.8000030517578,252.6199951171875,5252638.0
1774625400,252.6199951171875,253.24000549316406,251.69000244140625,251.77999877929688,3302520.0
1774629000,251.77499389648438,252.75999450683594,250.3699951171875,250.41000366210938,3282303.0
1774632600,250.41000366210938,250.5800018310547,248.63499450683594,249.38499450683594,4579763.0
1774636200,249.4199981689453,249.52000427246094,248.25,248.40989685058594,4113587.0
1774639800,248.41000366210938,249.3699951171875,248.07000732421875,248.6199951171875,5252096.0
1774877400,249.9949951171875,250.83999633789062,246.97000122070312,247.8300018310547,6260227.0
1774881000,247.82000732421875,248.0,246.0399932861328,246.52999877929688,4008529.0
1774884600,246.52999877929688,247.2100067138672,245.9600067138672,246.02000427246094,2817533.0
1774888200,246.00999450683594,247.44000244140625,245.9600067138672,246.25,2713501.0
1774891800,246.2550048828125,247.32000732421875,245.9949951171875,246.48019409179688,2877202.0
1774895400,246.50999450683594,246.8300018310547,245.8300018310547,245.88999938964844,2969148.0
1774899000,245.88999938964844,247.0399932861328,245.50999450683594,246.5399932861328,4551161.0
1774963800,247.88999938964844,249.27000427246094,247.63999938964844,248.94009399414062,5972142.0
1774967400,248.94009399414062,249.00999450683594,247.1009979248047,248.42999267578125,3461229.0
1774971000,248.4499969482422,250.69000244140625,247.66000366210938,250.33999633789062,3436143.0
1774974600,250.3498992919922,253.92990112304688,250.17999267578125,253.22500610351562,5752049.0
1774978200,253.17999267578125,253.9600067138672,252.39999389648438,253.1300048828125,3142090.0
1774981800,253.1199951171875,254.125,253.02000427246094,253.6699981689453,3514497.0
1774985400,253.6699981689453,255.47999572753906,253.27999877929688,253.7899932861328,7002121.0
1775050200,254.3000030517578,256.17999267578125,253.82000732421875,254.12010192871094,7295932.0
1775053800,254.19000244140625,254.7449951171875,253.3300018310547,254.14999389648438,3965408.0
1775057400,254.14999389648438,254.82000732421875,253.75999450683594,254.4300994873047,2571729.0
1775061000,254.44000244140625,255.39999389648438,254.22000122070312,255.14219665527344,4352734.0
1775064600,255.125,255.27999877929688,254.10000610351562,254.30999755859375,2614499.0
1775068200,254.32000732421875,255.66000366210938,253.97000122070312,255.65499877929688,3235556.0
1775071800,255.63999938964844,256.1300048828125,255.1501007080078,255.69000244140625,4782139.0
1775136600,254.13999938964844,254.75999450683594,250.64999389648438,252.125,6325362.0
1775140200,252.11000061035156,255.72000122070312,251.99000549316406,255.1199951171875,3633781.0
1775143800,255.1649932861328,255.18499755859375,254.0,254.11000061035156,1582954.0
1775147400,254.1300048828125,255.4853057861328,254.07000732421875,255.3350067138672,1421651.0
1775151000,255.3350067138672,255.38999938964844,254.30999755859375,255.14500427246094,1758702.0
1775154600,255.16000366210938,255.6999969482422,254.8000946044922,255.1199951171875,3309762.0
1775158200,255.10000610351562,256.1300048828125,254.8000030517578,255.88999938964844,3297591.0
1775482200,256.9624938964844,262.0199890136719,256.4800109863281,261.760009765625,6693044.0
1775485800,261.760009765625,262.1600036621094,258.9700012207031,259.25,3953211.0
1775489400,259.2301025390625,259.6300048828125,258.7099914550781,259.0400085449219,2022687.0
1775493000,259.0299987792969,259.55999755859375,257.9100036621094,258.7799987792969,2006161.0
1775496600,258.7900085449219,259.3900146484375,257.8500061035156,259.2799987792969,2071173.0
1775500200,259.28009033203125,259.3699035644531,258.0199890136719,258.2499084472656,2221241.0
1775503800,258.2300109863281,259.07501220703125,258.1300048828125,258.8869934082031,2757592.0
1775568600,254.25,254.79989624023438,247.57000732421875,247.6699981689453,13859963.0
1775572200,247.6649932861328,248.19000244140625,245.6999969482422,247.82000732421875,8526234.0
1775575800,247.82000732421875,250.28990173339844,247.39999389648438,250.1699981689453,6863002.0
1775579400,250.1699981689453,253.38999938964844,249.66009521484375,251.5850067138672,8239350.0
1775583000,251.61500549316406,252.7899932861328,251.2899932861328,251.32000732421875,3425924.0
1775586600,251.3300018310547,252.5,250.1199951171875,251.9550018310547,4257297.0
1775590200,251.92100524902344,253.60989379882812,251.44000244140625,253.49000549316406,5898745.0
1775655000,258.510009765625,259.7499084472656,256.5299987792969,258.1300048828125,10222566.0
1775658600,258.1400146484375,259.510009765625,257.510009765625,257.510009765625,4460093.0
1775662200,257.5199890136719,258.3999938964844,257.1099853515625,257.4280090332031,3452386.0
1775665800,257.42498779296875,258.69000244140625,257.42498779296875,257.510009765625,2664363.0
1775669400,257.5,258.1499938964844,256.9100036621094,257.239990234375,2940397.0
1775673000,257.2300109863281,257.8399963378906,257.0899963378906,257.20001220703125,3088380.0
1775676600,257.17999267578125,258.989990234375,257.17999267578125,258.92999267578125,3893271.0
1775741400,259.3699951171875,260.0299987792969,256.07000732421875,257.8399963378906,5914405.0
1775745000,257.80999755859375,258.260009765625,257.35009765625,257.54998779296875,2479856.0
1775748600,257.5150146484375,259.4700012207031,257.47601318359375,259.1199951171875,2615049.0
1775752200,259.1199951171875,260.5299987792969,258.80499267578125,260.05499267578125,2292578.0
1775755800,260.04998779296875,260.45001220703125,259.29998779296875,259.625,1852839.0
1775759400,259.6099853515625,260.3399963378906,259.45001220703125,260.05999755859375,2088354.0
1775763000,260.04998779296875,261.1199951171875,260.0249938964844,260.3900146484375,2894901.0
1775827800,259.95001220703125,261.8500061035156,259.07000732421875,261.56500244140625,5479310.0
1775831400,261.56500244140625,262.19000244140625,261.13970947265625,261.2900085449219,3021703.0
1775835000,261.31988525390625,261.75,260.42999267578125,260.53509521484375,2476645.0
1775838600,260.5450134277344,260.55999755859375,259.20001220703125,259.239990234375,2249096.0
1775842200,259.239990234375,260.1449890136719,259.0231018066406,260.1199951171875,1925290.0
1775845800,260.1099853515625,260.20001220703125,259.3500061035156,259.7200012207031,2386313.0
1775849400,259.7200012207031,260.5350036621094,259.2900085449219,260.3800048828125,3655071.0
1776087000,259.8599853515625,260.17999267578125,256.6600036621094,257.32000732421875,6263854.0
1776090600,257.30999755859375,257.8800048828125,257.1000061035156,257.7099914550781,3495796.0
1776094200,257.7300109863281,257.875,256.7900085449219,257.7799987792969,3136398.0
1776097800,257.79010009765625,258.3399963378906,257.5151062011719,257.864990234375,2360343.0
1776101400,257.8599853515625,258.20001220703125,257.5199890136719,257.8800048828125,2113453.0
1776105000,257.864990234375,258.4800109863281,257.79998779296875,257.8500061035156,2513031.0
1776108600,257.8450012207031,259.5799865722656,257.5899963378906,259.2099914550781,5022608.0
1776173400,259.1000061035156,261.92999267578125,259.0299987792969,259.3399963378906,8135429.0
1776177000,259.3299865722656,259.42999267578125,257.6099853515625,258.0553894042969,4964907.0
1776180600,258.04998779296875,258.3900146484375,257.1900939941406,257.70001220703125,4016733.0
1776184200,257.69000244140625,259.7651062011719,257.6199951171875,258.6600036621094,4098111.0
1776187800,258.6600036621094,258.9700012207031,257.75,258.7799987792969,2712760.0
1776191400,258.7799987792969,258.80999755859375,257.75,258.32501220703125,3074143.0
1776195000,258.32501220703125,258.8599853515625,258.1499938964844,258.8550109863281,5322365.0
1776259800,258.0950012207031,261.0400085449219,257.82000732421875,260.67999267578125,8314756.0
1776263400,260.70001220703125,264.1099853515625,260.4200134277344,263.17999267578125,7448665.0
1776267000,263.18499755859375,265.5,262.9849853515625,264.5790100097656,5556537.0
1776270600,264.57000732421875,265.7900085449219,264.239990234375,264.94500732421875,4374751.0
1776274200,264.9100036621094,265.29998779296875,264.29998779296875,265.17999267578125,2750108.0
1776277800,265.19000244140625,265.864990234375,265.19000244140625,265.3399963378906,2971178.0
1776281400,265.30999755859375,266.55999755859375,265.25,266.3699951171875,6497059.0
1776346200,266.79998779296875,267.1600036621094,261.30999755859375,262.05999755859375,11554343.0
1776349800,262.0899963378906,262.7300109863281,261.2699890136719,262.25,4797954.0
1776353400,262.25,264.3898010253906,262.19000244140625,264.0801086425781,4125437.0
1776357000,264.0899963378906,264.1686096191406,263.0899963378906,263.5199890136719,2692302.0
1776360600,263.5299987792969,264.1700134277344,263.2900085449219,263.5799865722656,2435729.0
1776364200,263.5899963378906,264.54998779296875,263.4800109863281,263.63409423828125,3260194.0
1776367800,263.6300048828125,264.25,263.260009765625,263.3599853515625,3667931.0
1776432600,267.0979919433594,269.7900085449219,266.7200012207031,268.5849914550781,16349267.0
1776436200,268.635009765625,272.1000061035156,268.44000244140625,271.94000244140625,7480237.0
1776439800,271.95001220703125,272.29998779296875,270.7699890136719,271.54998779296875,4036285.0
1776443400,271.55999755859375,271.7398986816406,270.17999267578125,270.5799865722656,6141486.0
1776447000,270.5799865722656,270.7300109863281,269.9200134277344,270.19000244140625,2909144.0
1776450600,270.19000244140625,270.79998779296875,269.5299987792969,269.69500732421875,4089699.0
1776454200,269.7099914550781,270.5299987792969,269.66009521484375,270.18499755859375,4777998.0
1776691800,270.3299865722656,274.2749938964844,270.3299865722656,273.3800048828125,9800654.0
1776695400,273.389892578125,273.8500061035156,271.7200012207031,272.8800048828125,4154551.0
1776699000,272.8299865722656,272.9100036621094,272.0799865722656,272.57000732421875,2499488.0
1776702600,272.5899963378906,273.135009765625,271.8399963378906,272.19000244140625,2403500.0
1776706200,272.1700134277344,273.6400146484375,271.9800109863281,273.45001220703125,2711593.0
1776709800,273.4599914550781,273.4599914550781,272.6700134277344,272.69000244140625,2176297.0
1776713400,272.6499938964844,273.1600036621094,272.2699890136719,272.92999267578125,3689439.0
1776778200,271.44500732421875,272.79998779296875,269.3699951171875,269.5801086425781,8494357.0
1776781800,269.56500244140625,269.8500061035156,267.75,267.92999267578125,5401167.0
1776785400,267.9200134277344,268.0199890136719,265.80999755859375,265.8599853515625,5635814.0
1776789000,265.8599853515625,266.8800048828125,265.3999938964844,266.1600036621094,6382916.0
1776792600,266.17999267578125,267.0,266.05999755859375,266.375,3327326.0
1776796200,266.3800048828125,268.19000244140625,266.3800048828125,267.9599914550781,5107191.0
1776799800,267.9649963378906,267.9700012207031,265.8699951171875,266.2200012207031,6237992.0
1776864600,267.82000732421875,271.94000244140625,266.8699951171875,271.94000244140625,11027751.0
1776868200,271.94000244140625,272.7650146484375,270.9800109863281,272.40008544921875,5075100.0
1776871800,272.3900146484375,273.5050048828125,272.260009765625,272.69000244140625,4099370.0
1776875400,272.7049865722656,273.4200134277344,272.3599853515625,273.2099914550781,2955513.0
1776879000,273.218994140625,273.739990234375,272.6300048828125,272.68499755859375,3034300.0
1776882600,272.7099914550781,272.82000732421875,272.1004943847656,272.7099914550781,2582682.0
1776886200,272.7149963378906,273.260009765625,272.54998779296875,273.19000244140625,4278621.0
1776951000,275.0450134277344,275.7699890136719,273.135498046875,273.9049987792969,6409699.0
1776954600,273.9700012207031,274.3099060058594,273.2699890136719,273.67999267578125,2403732.0
1776958200,273.6300048828125,274.4100036621094,273.0304870605469,273.6000061035156,2252095.0
1776961800,273.614990234375,273.9927062988281,272.090087890625,272.239990234375,4159022.0
1776965400,272.25,273.79998779296875,271.6499938964844,273.6600036621094,3978695.0
1776969000,273.6600036621094,274.5450134277344,273.5299987792969,274.1700134277344,2790476.0
1776972600,274.1499938964844,274.2598876953125,273.05999755859375,273.44000244140625,2753801.0
1777037400,272.760009765625,273.05999755859375,270.1000061035156,272.07000732421875,6679041.0
1777041000,272.1000061035156,272.5899963378906,270.5700988769531,270.67999267578125,2757059.0
1777044600,270.69000244140625,271.67999267578125,269.79998779296875,270.989990234375,3542918.0
1777048200,271.0,271.1520080566406,269.6499938964844,270.06500244140625,3376037.0
1777051800,270.04998779296875,270.29998779296875,269.7200012207031,269.9599914550781,3006016.0
1777055400,269.9700012207031,270.3800048828125,269.8599853515625,270.0899963378906,3623118.0
1777059000,270.0899963378906,271.4800109863281,270.0,271.05999755859375,4744314.0
1777296600,266.0899963378906,268.3599853515625,265.07000732421875,267.3599853515625,10219067.0
1777300200,267.3900146484375,267.79998779296875,266.6199951171875,267.1099853515625,3251687.0
1777303800,267.1400146484375,267.6400146484375,266.260009765625,266.2950134277344,2679704.0
1777307400,266.2900085449219,267.0299987792969,266.2900085449219,266.8399963378906,2950643.0
1777311000,266.8299865722656,267.04998779296875,266.0899963378906,266.34991455078125,2558668.0
1777314600,266.3500061035156,267.2149963378906,266.1300048828125,267.1499938964844,2713356.0
1777318200,267.1600036621094,267.9599914550781,267.04998779296875,267.67999267578125,4077895.0
1777383000,272.3349914550781,273.2200012207031,268.6600036621094,271.2799072265625,9095136.0
1777386600,271.2799987792969,271.8299865722656,270.2900085449219,270.32501220703125,5340855.0
1777390200,270.32501220703125,270.56500244140625,269.331298828125,269.5159912109375,2719213.0
1777393800,269.4949951171875,270.1300048828125,269.440185546875,269.8699951171875,1855230.0
1777397400,269.8699951171875,270.9150085449219,269.7900085449219,270.5,2765318.0
1777401000,270.5,270.6300048828125,269.8900146484375,270.2250061035156,2300165.0
1777404600,270.2300109863281,270.94500732421875,269.9949951171875,270.760009765625,3115541.0
1777469400,267.54998779296875,270.3117980957031,267.0400085449219,269.3999938964844,5646330.0
1777473000,269.4100036621094,269.92999267578125,268.7300109863281,268.8399963378906,2444917.0
1777476600,268.8244934082031,270.1466064453125,268.20001220703125,269.82501220703125,2865276.0
1777480200,269.8299865722656,271.0400085449219,269.75,270.20001220703125,2163618.0
1777483800,270.2099914550781,270.5899963378906,269.6400146484375,269.739990234375,1643753.0
1777487400,269.7349853515625,270.44500732421875,269.3699951171875,270.2799987792969,1887172.0
1777491000,270.2699890136719,270.3599853515625,269.6099853515625,270.19000244140625,3057478.0
1777555800,270.5,272.20001220703125,268.1400146484375,271.91900634765625,9777419.0
1777559400,271.8800048828125,272.2099914550781,270.7300109863281,271.5199890136719,4122597.0
1777563000,271.5249938964844,273.09991455078125,271.17999267578125,273.05999755859375,4223495.0
1777566600,273.0799865722656,273.760009765625,271.67999267578125,272.7850036621094,4454018.0
1777570200,272.80999755859375,274.20001220703125,272.79998779296875,273.6000061035156,4048045.0
1777573800,273.5799865722656,274.489990234375,272.82000732421875,274.489990234375,4534270.0
1777577400,274.4700012207031,275.94000244140625,270.3399963378906,271.3599853515625,14238265.0
1777642200,278.94000244140625,287.2099914550781,278.3699951171875,285.3399963378906,30058496.0
1777645800,285.340087890625,285.6000061035156,281.4599914550781,283.95001220703125,9289199.0
1777649400,283.9549865722656,285.489990234375,283.20001220703125,283.9549865722656,9693580.0
1777653000,283.9549865722656,284.1099853515625,282.3951110839844,282.80999755859375,5060158.0
1777656600,282.80499267578125,282.82000732421875,280.6401062011719,281.2300109863281,4791832.0
1777660200,281.239990234375,281.239990234375,279.739990234375,280.34991455078125,4824175.0
1777663800,280.3399963378906,280.69000244140625,279.6099853515625,280.1499938964844,5835825.0
1777901400,279.6549987792969,280.6300048828125,274.860107421875,276.25360107421875,11843656.0
1777905000,276.2749938964844,278.0,276.07000732421875,276.8349914550781,5095476.0
1777908600,276.8500061035156,277.3699951171875,275.45001220703125,276.0899963378906,3294311.0
1777912200,276.1000061035156,277.3399963378906,275.9800109863281,277.0400085449219,2386442.0
1777915800,277.05999755859375,277.4200134277344,276.6300048828125,276.7699890136719,2422618.0
1777919400,276.7699890136719,277.6700134277344,276.260009765625,277.0784912109375,3114535.0
1777923000,277.0799865722656,277.32000732421875,276.510009765625,276.8399963378906,4124586.0
1777987800,276.8999938964844,281.3800048828125,276.5010070800781,281.19000244140625,9001566.0
1777991400,281.17999267578125,283.2099914550781,279.7099914550781,280.2200012207031,6121481.0
1777995000,280.2300109863281,281.55999755859375,279.8450012207031,281.3999938964844,3040049.0
1777998600,281.3900146484375,284.57000732421875,281.3299865722656,282.81500244140625,5146396.0
1778002200,282.80999755859375,284.2799987792969,282.3526916503906,284.2500915527344,3957543.0
1778005800,284.2550048828125,284.45001220703125,283.4200134277344,284.2099914550781,3606272.0
1778009400,284.2200012207031,284.3299865722656,283.45001220703125,284.1700134277344,4695212.0
1778074200,281.9150085449219,286.7200012207031,281.07501220703125,286.1099853515625,11276788.0
1778077800,286.1300048828125,286.3399963378906,283.8800048828125,284.739990234375,6691628.0
1778081400,284.739990234375,286.3699951171875,284.6499938964844,286.260009765625,4527443.0
1778085000,286.2550048828125,287.1300048828125,285.7099914550781,286.7349853515625,3689933.0
1778088600,286.7300109863281,287.8500061035156,286.57000732421875,287.17999267578125,3878452.0
1778092200,287.1658935546875,287.8999938964844,286.6650085449219,287.760009765625,4158472.0
1778095800,287.760009765625,288.0299987792969,287.0400085449219,287.5299987792969,5753679.0
1778160600,289.2699890136719,292.1300048828125,288.20001220703125,290.4700012207031,11895992.0
1778164200,290.4700012207031,291.3900146484375,289.9200134277344,290.2001037597656,4189077.0
1778167800,290.20001220703125,290.739990234375,288.7799987792969,289.4100036621094,3696404.0
1778171400,289.42498779296875,289.6549987792969,288.239990234375,288.7650146484375,3128156.0
1778175000,288.7449951171875,289.7699890136719,287.8999938964844,288.2699890136719,3005520.0
1778178600,288.2799987792969,288.3399963378906,285.7799987792969,286.739990234375,4941011.0
1778182200,286.7349853515625,287.55999755859375,286.2799987792969,287.4700012207031,3254466.0
1778247000,290.1099853515625,294.55499267578125,290.0,293.7850036621094,11356891.0
1778250600,293.7699890136719,294.760009765625,292.4200134277344,292.8500061035156,7279310.0
1778254200,292.8500061035156,293.0400085449219,292.18011474609375,292.79998779296875,3193255.0
1778257800,292.79998779296875,292.79998779296875,291.7500915527344,292.1499938964844,4004012.0
1778261400,292.1400146484375,292.8599853515625,292.07000732421875,292.7229919433594,2447225.0
1778265000,292.7651062011719,293.6000061035156,292.3900146484375,293.42999267578125,3970671.0
1778268600,293.45001220703125,294.25,293.1000061035156,293.2799987792969,6088657.0
1778506200,291.97900390625,293.1499938964844,290.2300109863281,292.0450134277344,9227947.0
1778509800,292.0450134277344,293.5899963378906,291.75,293.3699035644531,4290117.0
1778513400,293.3699951171875,293.8800048828125,291.8214111328125,292.4150085449219,3777650.0
1778517000,292.4150085449219,292.7049865722656,290.6300048828125,291.94000244140625,3556324.0
1778520600,291.9399108886719,292.9800109863281,291.7250061035156,291.739990234375,2587000.0
1778524200,291.739990234375,292.20989990234375,290.8599853515625,292.1499938964844,2874040.0
1778527800,292.1459045410156,292.79998779296875,291.80999755859375,292.739990234375,3307424.0
1778592600,292.7550048828125,294.80999755859375,292.614990234375,293.9399108886719,11112742.0
1778596200,293.9100036621094,294.89990234375,293.25,294.3699951171875,4316772.0
1778599800,294.3599853515625,294.7799987792969,293.4599914550781,293.9599914550781,2815308.0
1778603400,293.95001220703125,294.5899963378906,293.3800048828125,293.8999938964844,3097799.0
1778607000,293.8999938964844,294.6600036621094,293.69000244140625,294.6499938964844,3363937.0
1778610600,294.6199951171875,294.9200134277344,294.0,294.8006896972656,3451447.0
1778614200,294.79998779296875,295.2699890136719,294.3599853515625,294.8699951171875,4049102.0
1778679000,293.6300048828125,297.5097961425781,293.55999755859375,295.1499938964844,10759628.0
1778682600,295.1700134277344,297.25,295.1600036621094,296.94000244140625,4349742.0
1778686200,296.93499755859375,298.54998779296875,296.7207946777344,298.40008544921875,4139107.0
1778689800,298.3900146484375,300.3699951171875,298.33099365234375,300.125,6943795.0
1778693400,300.1099853515625,300.9200134277344,299.7099914550781,299.7149963378906,4870507.0
1778697000,299.7099914550781,299.7200012207031,298.614990234375,299.1499938964844,3364858.0
1778700600,299.1499938964844,299.4800109863281,298.8500061035156,298.8800048828125,3870507.0
1778765400,299.82000732421875,300.3500061035156,297.0799865722656,297.93499755859375,7145581.0
1778769000,297.95001220703125,299.4700012207031,297.5799865722656,299.06500244140625,3728318.0
1778772600,299.07000732421875,299.3599853515625,298.2799987792969,298.3099060058594,3199871.0
1778776200,298.30999755859375,298.51251220703125,295.3800048828125,298.3800048828125,4489806.0
1778779800,298.40899658203125,298.6299133300781,297.54998779296875,298.3699951171875,2323271.0
1778783400,298.364990234375,299.20001220703125,298.2229919433594,299.07501220703125,2930714.0
1778787000,299.0799865722656,299.0799865722656,297.8800048828125,298.1650085449219,3098706.0
1778851800,297.7550048828125,299.8500061035156,296.5299987792969,299.2900085449219,10451647.0
1778855400,299.2699890136719,302.7900085449219,299.239990234375,301.9695129394531,8526677.0
1778859000,301.989990234375,302.6000061035156,300.6400146484375,301.80999755859375,4948995.0
1778862600,301.7900085449219,303.20001220703125,301.4849853515625,303.1199951171875,4106965.0
1778866200,303.1000061035156,303.1400146484375,301.1180114746094,301.2650146484375,4178682.0
1778869800,301.2799987792969,301.760009765625,299.8800048828125,300.2633972167969,4233250.0
1778873400,300.2799987792969,300.6600036621094,299.6300048828125,300.2200012207031,4618896.0
1779111000,300.239990234375,300.6300048828125,296.70001220703125,298.1650085449219,7655183.0
1779114600,298.1400146484375,298.5799865722656,295.4800109863281,295.4800109863281,3859797.0
1779118200,295.5199890136719,296.80999755859375,295.0199890136719,295.25,2469524.0
1779121800,295.2699890136719,296.67999267578125,294.9100036621094,296.1702880859375,3252874.0
1779125400,296.18499755859375,296.68499755859375,295.5199890136719,296.0799865722656,3619911.0
1779129000,296.14990234375,297.7300109863281,295.45001220703125,297.0773010253906,3607433.0
1779132600,297.0899963378906,297.9200134277344,296.9049987792969,297.8999938964844,2992205.0
1779197400,296.9700012207031,300.510009765625,296.3500061035156,296.9100036621094,9798484.0
1779201000,296.92999267578125,297.75,296.5199890136719,297.07000732421875,3231900.0
1779204600,297.05999755859375,297.5799865722656,296.364990234375,297.42498779296875,3248136.0
1779208200,297.4100036621094,298.7300109863281,297.3599853515625,298.24951171875,2831155.0
1779211800,298.25,298.4869079589844,297.8399963378906,297.8900146484375,1931011.0
1779215400,297.8699951171875,298.44000244140625,297.489990234375,298.3800048828125,2365400.0
1779219000,298.3900146484375,299.2200012207031,297.8399963378906,298.9800109863281,3821190.0
1779283800,298.17999267578125,302.3699951171875,298.0899963378906,299.5199890136719,7471000.0
1779287400,299.510009765625,300.510009765625,299.07000732421875,299.1600036621094,3782669.0
1779291000,299.1600036621094,300.32000732421875,298.6700134277344,300.0050048828125,2831757.0
1779294600,299.989990234375,301.2699890136719,299.57000732421875,301.04998779296875,2841773.0
1779298200,301.05999755859375,301.7200012207031,300.9100036621094,301.4700012207031,3006343.0
1779301800,301.4700012207031,302.79998779296875,301.4700012207031,302.19000244140625,4224441.0
1779305400,302.20001220703125,302.5199890136719,301.8575134277344,302.2650146484375,3803278.0
1779370200,301.04998779296875,303.07000732421875,300.3999938964844,301.9508972167969,6886720.0
1779373800,301.92999267578125,303.3599853515625,301.5801086425781,303.0249938964844,3181261.0
1779377400,303.0249938964844,304.2442932128906,302.9100036621094,303.6369934082031,3064971.0
1779381000,303.6199951171875,304.67999267578125,303.0498962402344,304.59100341796875,3041858.0
1779384600,304.6099853515625,305.1000061035156,304.3599853515625,304.6199951171875,3185835.0
1779388200,304.6199951171875,305.32501220703125,303.8900146484375,305.226806640625,3338522.0
1779391800,305.2200012207031,305.53900146484375,304.510009765625,305.0899963378906,4457107.0
1779456600,306.05999755859375,309.2699890136719,305.8500061035156,308.6400146484375,9515427.0
1779460200,308.635009765625,311.3999938964844,308.6199951171875,311.0050048828125,7739013.0
1779463800,311.0,311.0400085449219,309.7200012207031,309.9200134277344,4700296.0
1779467400,309.92999267578125,309.989990234375,308.82000732421875,309.860107421875,3550329.0
1779471000,309.8699951171875,310.1549987792969,308.95001220703125,309.30999755859375,2598845.0
1779474600,309.31500244140625,309.5799865722656,308.6400146484375,308.70001220703125,2681340.0
1779478200,308.70001220703125,309.3999938964844,307.9700012207031,308.8800048828125,4183601.0
1779802200,309.3999938964844,311.82000732421875,309.3500061035156,311.7200012207031,9245876.0
1779805800,311.7300109863281,311.80999755859375,310.8599853515625,311.3599853515625,3935923.0
1779809400,311.3800048828125,311.57000732421875,309.7699890136719,310.4704895019531,3714586.0
1779813000,310.4849853515625,310.7699890136719,309.0299987792969,309.18499755859375,5208906.0
1779816600,309.19000244140625,310.20001220703125,309.1099853515625,309.8299865722656,2909764.0
1779820200,309.8399963378906,310.05999755859375,308.0799865722656,308.3799133300781,3079448.0
1779823800,308.360107421875,308.9599914550781,307.6700134277344,308.3800048828125,4315325.0
1779888600,308.44000244140625,312.7699890136719,308.3299865722656,311.260009765625,9481867.0
1779892200,311.260009765625,313.260009765625,311.19000244140625,311.7749938964844,11989445.0
1779895800,311.7900085449219,312.1400146484375,310.7001037597656,311.2349853515625,4954830.0
1779899400,311.2349853515625,311.4849853515625,310.3800048828125,310.4700012207031,3377025.0
1779903000,310.4700012207031,311.0,310.30999755859375,310.8299865722656,2683160.0
1779906600,310.8232116699219,310.8800048828125,309.7699890136719,309.82000732421875,2810007.0
1779910200,309.82000732421875,311.1000061035156,309.5199890136719,310.92999267578125,4216251.0
1779975000,310.67999267578125,312.760009765625,309.6000061035156,311.70001220703125,7569372.0
1779978600,311.70001220703125,311.9700012207031,311.04998779296875,311.82501220703125,3612059.0
1779982200,311.82501220703125,311.94500732421875,310.3074951171875,310.44000244140625,3704416.0
1779985800,310.44500732421875,311.6199951171875,309.57000732421875,310.79998779296875,3879761.0
1779989400,310.81500244140625,311.0199890136719,310.1099853515625,310.8399963378906,3474234.0
1779993000,310.7900085449219,311.3550109863281,310.25,311.31500244140625,4929905.0
1779996600,311.31500244140625,312.55999755859375,310.9700012207031,312.5,4816549.0
1780061400,311.7749938964844,315.0,311.5,313.67498779296875,8454465.0
1780065000,313.6600036621094,314.05999755859375,310.4200134277344,311.79998779296875,5826258.0
1780068600,311.8299865722656,312.0199890136719,310.45001220703125,311.1900939941406,2789979.0
1780072200,311.20001220703125,311.69000244140625,310.20001220703125,310.4200134277344,3360906.0
1780075800,310.4200134277344,310.55999755859375,309.5299987792969,310.260009765625,3479522.0
1780079400,310.260009765625,311.6300048828125,310.2099914550781,311.44500732421875,4045756.0
1780083000,311.45001220703125,313.1099853515625,311.3599853515625,312.07000732421875,5323698.0
1780320600,309.5350036621094,310.92999267578125,307.79998779296875,307.8399963378906,10175199.0
1780324200,307.80999755859375,308.4700012207031,306.29998779296875,306.5751037597656,5691006.0
1780327800,306.55999755859375,307.260009765625,305.489990234375,305.7200012207031,4171810.0
1780331400,305.739990234375,306.5299987792969,305.0299987792969,306.4700012207031,3705835.0
1780335000,306.5199890136719,308.3999938964844,306.30999755859375,307.8699951171875,3768496.0
1780338600,307.864990234375,308.32501220703125,307.3299865722656,307.42999267578125,3948458.0
1780342200,307.43499755859375,308.0400085449219,305.909912109375,306.32000732421875,5261936.0
1780407000,307.4599914550781,310.4700012207031,306.7200012207031,310.3399963378906,7411659.0
1780410600,310.375,312.92999267578125,309.260009765625,312.7099914550781,4895435.0
1780414200,312.70001220703125,313.1499938964844,312.0400085449219,312.489990234375,3617660.0
1780417800,312.4800109863281,315.1000061035156,311.8999938964844,314.67999267578125,5289704.0
1780421400,314.67999267578125,315.45001220703125,313.7550048828125,314.239990234375,3783245.0
1780425000,314.2598876953125,315.2200012207031,314.19000244140625,314.7650146484375,3482397.0
1780428600,314.760009765625,315.44000244140625,314.0299987792969,315.19000244140625,4596467.0
1780493400,314.17498779296875,316.94000244140625,314.0,314.3500061035156,9396189.0
1780497000,314.3699951171875,314.6499938964844,310.30999755859375,311.6600036621094,6549146.0
1780500600,311.6400146484375,312.19000244140625,309.510009765625,309.7601013183594,6552624.0
1780504200,309.760009765625,310.4649963378906,308.8500061035156,309.2099914550781,3649007.0
1780507800,309.19500732421875,309.9800109863281,308.9800109863281,309.8399963378906,2467933.0
1780511400,309.8399963378906,310.5400085449219,309.2699890136719,310.4150085449219,3123761.0
1780515000,310.4150085449219,311.1000061035156,309.20001220703125,310.3800048828125,6562646.0
1780579800,313.30499267578125,313.5400085449219,309.90008544921875,310.25,9640009.0
1780583400,310.260009765625,311.3500061035156,309.79998779296875,310.3999938964844,3601740.0
1780587000,310.4100036621094,311.1099853515625,309.6499938964844,310.6300048828125,3102831.0
1780590600,310.6300048828125,311.7900085449219,310.4800109863281,311.6650085449219,3514607.0
1780594200,311.6700134277344,311.9750061035156,310.989990234375,311.4200134277344,2206917.0
1780597800,311.4100036621094,312.07000732421875,311.35919189453125,311.94000244140625,2612939.0
1780601400,311.94000244140625,311.9599914550781,310.260009765625,311.1600036621094,4150477.0
1780666200,312.989990234375,315.1700134277344,312.3999938964844,313.42498779296875,10660699.0
1780669800,313.4200134277344,314.75,312.239990234375,313.42999267578125,4746478.0
1780673400,313.4200134277344,314.14990234375,311.8500061035156,312.0,4534835.0
1780677000,312.0050048828125,312.1499938964844,309.5799865722656,311.510009765625,7722107.0
1780680600,311.4949951171875,312.79998779296875,311.3800048828125,311.5260009765625,4435527.0
1780684200,311.5400085449219,312.0199890136719,307.1499938964844,308.9100036621094,11256615.0
1780687800,308.8800048828125,308.9800109863281,307.3599853515625,307.3900146484375,7276594.0
1780925400,308.739013671875,315.1700134277344,308.5220031738281,311.9750061035156,10861725.0
1780929000,311.9599914550781,315.3599853515625,311.7799987792969,313.92999267578125,5519448.0
1780932600,313.92999267578125,314.989990234375,313.32000732421875,313.6650085449219,4972235.0
1780936200,313.67999267578125,314.69000244140625,312.2099914550781,314.57000732421875,5529465.0
1780939800,314.56500244140625,317.3999938964844,303.7099914550781,304.8599853515625,19927828.0
1780943400,304.8999938964844,305.5299987792969,302.05010986328125,302.7049865722656,9894127.0
1780947000,302.7099914550781,303.2445068359375,301.1700134277344,301.57000732421875,7298835.0
1781011800,300.2749938964844,300.7200012207031,292.2099914550781,292.5299987792969,15558354.0
1781015400,292.5191955566406,293.8800048828125,291.5,291.5799865722656,9159006.0
1781019000,291.55999755859375,291.9800109863281,289.4800109863281,289.5,8529475.0
1781022600,289.5,291.1300048828125,287.7799987792969,290.4599914550781,8503325.0
1781026200,290.44000244140625,290.95001220703125,289.3399963378906,290.95001220703125,4788451.0
1781029800,290.94000244140625,291.9200134277344,290.2900085449219,291.1300048828125,5060332.0
1781033400,291.1199951171875,291.67999267578125,288.79998779296875,290.3599853515625,7035820.0
1781098200,290.7650146484375,291.19000244140625,287.3800048828125,289.7349853515625,10605790.0
1781101800,289.7099914550781,290.6499938964844,288.44500732421875,289.989990234375,6107494.0
1781105400,289.95001220703125,291.739990234375,289.739990234375,291.7300109863281,4540251.0
1781109000,291.739990234375,293.2294921875,291.35650634765625,293.15008544921875,5485757.0
1781112600,293.1600036621094,294.7449951171875,292.5104064941406,294.30999755859375,6365580.0
1781116200,294.29998779296875,294.29998779296875,291.6199951171875,291.92999267578125,4615300.0
1781119800,291.9200134277344,292.94000244140625,291.3900146484375,291.5,4931671.0
1781184600,293.7200012207031,293.95001220703125,289.75,290.5799865722656,7113950.0
1781188200,290.6099853515625,291.82000732421875,289.6000061035156,291.19000244140625,4285370.0
1781191800,291.17999267578125,293.94439697265625,291.0614929199219,292.9849853515625,3842780.0
1781195400,292.9599914550781,296.0,292.9100036621094,295.9549865722656,3619906.0
1781199000,295.989990234375,297.0,295.1300048828125,295.5400085449219,4161010.0
1781202600,295.54010009765625,296.07000732421875,295.0199890136719,295.3999938964844,3129975.0
1781206200,295.4100036621094,296.17999267578125,294.70001220703125,295.3599853515625,5661836.0
1781271000,296.0799865722656,297.1400146484375,290.6099853515625,291.9949951171875,9097938.0
1781274600,291.9800109863281,292.989990234375,290.010009765625,292.875,4537684.0
1781278200,292.8599853515625,292.8599853515625,290.80999755859375,291.5799865722656,3654099.0
1781281800,291.57000732421875,292.2449951171875,290.75,291.4601135253906,3070602.0
1781285400,291.4800109863281,291.510009765625,289.6199951171875,290.2250061035156,3083422.0
1781289000,290.2200012207031,290.9700012207031,290.2200012207031,290.6400146484375,3042374.0
1781292600,290.6400146484375,291.6400146484375,290.19000244140625,291.0799865722656,4023717.0
1781530200,294.1199951171875,296.32861328125,291.70001220703125,295.67999267578125,9626670.0
1781533800,295.7099914550781,296.8999938964844,295.3999938964844,296.5299987792969,4048336.0
1781537400,296.5400085449219,297.7799987792969,296.2200012207031,297.239990234375,3767794.0
1781541000,297.2300109863281,297.364990234375,296.25,296.6600036621094,2821133.0
1781544600,296.6600036621094,297.0,294.9599914550781,295.07000732421875,3434466.0
1781548200,295.07501220703125,296.6099853515625,295.010009765625,296.5,3208031.0
1781551800,296.4949951171875,296.6700134277344,295.6099853515625,296.4200134277344,18202384.0
1781616600,295.2449951171875,298.0,293.9700012207031,297.5350036621094,6748020.0
1781620200,297.5350036621094,298.45001220703125,296.95001220703125,298.20001220703125,4597668.0
1781623800,298.2200012207031,299.2749938964844,297.5,298.94000244140625,3946079.0
1781627400,298.94000244140625,300.4800109863281,298.8041076660156,300.2749938964844,3798624.0
1781631000,300.260009765625,300.4599914550781,298.5679931640625,298.7250061035156,2578695.0
1781634600,298.7200927734375,299.63031005859375,298.2200012207031,298.3399963378906,3427537.0
1781638200,298.3299865722656,299.489990234375,298.2300109863281,299.25,4462522.0
1781703000,300.8450012207031,302.07000732421875,299.22198486328125,300.45001220703125,6436096.0
1781706600,300.45001220703125,300.53948974609375,297.0899963378906,297.42999267578125,4056794.0
1781710200,297.42999267578125,299.1600036621094,296.6400146484375,298.614990234375,3750244.0
1781713800,298.6297912597656,298.7449951171875,296.57000732421875,296.80999755859375,2613201.0
1781717400,296.79998779296875,297.6000061035156,295.3299865722656,295.8349914550781,3339881.0
1781721000,295.82000732421875,296.4200134277344,294.3800048828125,295.18499755859375,4315796.0
1781724600,295.1600036621094,296.2200012207031,294.5899963378906,295.8800048828125,4437435.0
1781789400,298.44000244140625,300.45989990234375,295.6199951171875,299.6099853515625,26189695.0
1781793000,299.614990234375,300.57000732421875,296.9599914550781,297.1099853515625,8140647.0
1781796600,297.1000061035156,297.7300109863281,295.95001220703125,297.489990234375,4986655.0
1781800200,297.4849853515625,298.3598937988281,296.8399963378906,297.82000732421875,3319629.0
1781803800,297.82501220703125,297.9849853515625,297.010009765625,297.1099853515625,2384713.0
1781807400,297.1400146484375,298.07000732421875,297.04010009765625,297.3800048828125,2773331.0
1781811000,297.3599853515625,299.2394104003906,297.05999755859375,297.8900146484375,5250521.0
1782135000,297.5,302.4200134277344,297.42999267578125,301.20001220703125,8668767.0
1782138600,301.2099914550781,301.2300109863281,299.0350036621094,299.94000244140625,4311646.0
1782142200,299.94000244140625,301.4299011230469,299.75,300.5398864746094,2951222.0
1782145800,300.5199890136719,300.67999267578125,299.45001220703125,299.80999755859375,2690789.0
1782149400,299.81500244140625,299.8599853515625,298.5830078125,298.9200134277344,2455391.0
1782153000,298.9200134277344,299.3399963378906,298.590087890625,299.05999755859375,2926458.0
1782156600,299.05999755859375,299.0899963378906,296.7900085449219,296.7900085449219,6099091.0
1782221400,297.5379943847656,301.6400146484375,295.17999267578125,300.506591796875,9260481.0
1782225000,300.5199890136719,300.8800048828125,298.3999938964844,298.54998779296875,4488606.0
1782228600,298.5450134277344,298.885009765625,297.3500061035156,298.6199035644531,3832130.0
1782232200,298.5849914550781,299.4700012207031,297.8800048828125,299.3949890136719,3364678.0
1782235800,299.3949890136719,300.0849914550781,298.3399963378906,298.5199890136719,3348073.0
1782239400,298.5249938964844,298.86761474609375,295.30999755859375,295.840087890625,5096967.0
1782243000,295.8399963378906,296.5,294.2120056152344,294.2799987792969,7805347.0
1782307800,295.375,296.4599914550781,293.20001220703125,295.4649963378906,6118447.0
1782311400,295.4599914550781,298.8800048828125,295.1099853515625,298.7850036621094,4101414.0
1782315000,298.760009765625,299.70001220703125,297.839599609375,298.07000732421875,3791472.0
1782318600,298.04998779296875,298.04998779296875,295.79998779296875,296.4200134277344,3403888.0
1782322200,296.4100036621094,296.8644104003906,295.3800048828125,296.0,3969113.0
1782325800,296.0,296.17999267578125,294.1600036621094,294.9400939941406,5185415.0
1782329400,294.92999267578125,295.3699951171875,292.94000244140625,293.260009765625,7615869.0
1782394200,287.510009765625,288.79998779296875,277.4599914550781,279.6300048828125,22743842.0
1782397800,279.635009765625,280.0899963378906,276.44000244140625,277.6400146484375,10113501.0
1782401400,277.6600036621094,279.6449890136719,274.4599914550781,274.56500244140625,9158306.0
1782405000,274.56500244140625,278.3900146484375,273.75,278.0400085449219,13584165.0
1782408600,278.04998779296875,280.17999267578125,276.19000244140625,279.3450012207031,8443492.0
1782412200,279.3500061035156,280.2200927734375,276.0400085449219,276.7250061035156,9371195.0
1782415800,276.70001220703125,277.45001220703125,273.8999938964844,275.04998779296875,15625008.0
1782480600,275.0,278.92999267578125,274.2099914550781,278.260009765625,17026804.0
1782484200,278.2799987792969,280.4700012207031,278.0799865722656,279.0299987792969,10384490.0
1782487800,279.0259094238281,279.45001220703125,275.25,275.8999938964844,13230253.0
1782491400,275.8999938964844,279.3699951171875,275.8999938964844,279.19500732421875,7971369.0
1782495000,279.17999267578125,281.29998779296875,278.64080810546875,280.19000244140625,8257248.0
1782498600,280.19500732421875,281.8299865722656,279.4100036621094,280.1499938964844,15570070.0
1782502200,280.1499938964844,285.95001220703125,280.0,281.20001220703125,23523027.0
1782739800,286.8599853515625,288.36968994140625,280.45001220703125,280.8699951171875,10629459.0
1782743400,280.8800048828125,282.8299865722656,280.3299865722656,282.3301086425781,7865974.0
1782747000,282.3424987792969,283.03448486328125,280.2200012207031,280.55999755859375,7404129.0
1782750600,280.55999755859375,281.5400085449219,279.8500061035156,281.4800109863281,5224516.0
1782754200,281.4700012207031,282.29998779296875,280.8599853515625,281.54998779296875,4206523.0
1782757800,281.54998779296875,283.0775146484375,281.4549865722656,282.67999267578125,5654409.0
1782761400,282.7099914550781,282.739990234375,281.4700012207031,281.6300048828125,6544751.0
1782826200,281.1700134277344,286.2898864746094,280.69500732421875,286.0249938964844,9106597.0
1782829800,286.010009765625,288.6600036621094,285.260009765625,288.2699890136719,5769602.0
1782833400,288.2799987792969,289.3800048828125,287.80999755859375,288.1449890136719,4424512.0
1782837000,288.1600036621094,289.6600036621094,288.125,288.42999267578125,3373069.0
1782840600,288.44500732421875,289.19000244140625,287.8550109863281,288.0899963378906,3500049.0
1782844200,288.0849914550781,288.17999267578125,286.67999267578125,287.5299987792969,4344541.0
1782847800,287.5299987792969,289.9100036621094,287.4200134277344,289.0899963378906,8374915.0
1782912600,293.3299865722656,293.4798889160156,289.19500732421875,293.05999755859375,8755422.0
1782916200,293.05999755859375,296.5899963378906,292.7300109863281,295.751708984375,6765940.0
1782919800,295.7799987792969,295.7900085449219,294.6300048828125,294.94500732421875,3404930.0
1782923400,294.94500732421875,295.0599060058594,293.9200134277344,294.0899963378906,3566425.0
1782927000,294.0799865722656,295.1000061035156,292.70001220703125,294.80499267578125,5502330.0
1782930600,294.80999755859375,295.5299987792969,294.0,294.0151062011719,4406744.0
1782934200,294.0,295.54998779296875,293.7500915527344,294.25,6231653.0
1782999000,294.0849914550781,305.32000732421875,293.67999267578125,305.04998779296875,15588276.0
1783002600,305.04400634765625,307.82000732421875,304.8500061035156,305.4150085449219,11321356.0
1783006200,305.4200134277344,308.45001220703125,305.2799987792969,308.0899963378906,7200646.0
1783009800,308.0899963378906,308.5299072265625,306.6700134277344,307.80499267578125,6654699.0
1783013400,307.80499267578125,308.29998779296875,306.8200988769531,307.3299865722656,5550150.0
1783017000,307.3399963378906,308.30999755859375,307.1300048828125,307.42498779296875,5450575.0
1783020600,307.44000244140625,309.4200134277344,307.2099914550781,308.2200012207031,8660612.0
1783344600,307.67999267578125,311.75,307.010009765625,311.7300109863281,10212875.0
1783348200,311.70001220703125,313.6000061035156,311.2101135253906,313.5799865722656,6250328.0
1783351800,313.5849914550781,314.20001220703125,312.2300109863281,312.25,4817415.0
1783355400,312.2449951171875,312.9800109863281,311.8500061035156,312.3800048828125,6272773.0
1783359000,312.3876037597656,313.14990234375,312.1099853515625,313.07000732421875,2501244.0
1783362600,313.0799865722656,313.55999755859375,312.9100036621094,313.3999938964844,3451883.0
1783366200,313.4150085449219,313.739990234375,312.04998779296875,312.80999755859375,4988391.0
1783431000,315.2900085449219,315.4800109863281,310.1499938964844,311.45001220703125,8945230.0
1783434600,311.45001220703125,314.1300048828125,310.989990234375,314.0799865722656,5204771.0
1783438200,314.1025085449219,314.7300109863281,312.67999267578125,313.1700134277344,5936440.0
1783441800,313.1400146484375,314.010009765625,312.2701110839844,312.8399963378906,2794519.0
1783445400,312.82000732421875,313.0,311.8500061035156,312.61920166015625,2641358.0
1783449000,312.6199951171875,313.17999267578125,311.55999755859375,311.8949890136719,4260675.0
1783452600,311.8999938964844,312.32000732421875,310.3299865722656,310.6600036621094,11962573.0
1783517400,311.6600036621094,312.0,307.051513671875,308.8500061035156,7602776.0
1783521000,308.82000732421875,310.8500061035156,308.70001220703125,310.06500244140625,4149375.0
1783524600,310.0799865722656,311.7900085449219,309.31500244140625,311.6000061035156,3488474.0
1783528200,311.6000061035156,314.19000244140625,311.3399963378906,314.1199035644531,4629049.0
1783531800,314.1300048828125,314.80999755859375,311.150390625,314.125,4294797.0
1783535400,314.125,314.3999938964844,313.6499938964844,313.81500244140625,3477947.0
1783539000,313.81500244140625,314.20001220703125,312.75,313.260009765625,4786508.0
1783603800,310.44500732421875,312.29998779296875,308.1600036621094,312.0899963378906,7601316.0
1783607400,312.07000732421875,314.8500061035156,310.7012023925781,314.4599914550781,4078964.0
1783611000,314.46990966796875,315.2200012207031,314.1000061035156,314.8999938964844,8485039.0
1783614600,314.90008544921875,315.5,314.30999755859375,314.7214050292969,4552794.0
1783618200,314.7235107421875,315.31988525390625,314.2349853515625,314.55999755859375,4088119.0
1783621800,314.55999755859375,315.69000244140625,314.25,315.4100036621094,3058281.0
1783625400,315.4200134277344,316.5299987792969,315.3900146484375,316.17999267578125,4155824.0
1783690200,314.7200012207031,316.3900146484375,312.93011474609375,313.1300048828125,6346453.0
1783693800,313.1199951171875,314.1099853515625,312.1700134277344,313.3399963378906,4170673.0
1783697400,313.3500061035156,314.5140075683594,312.32000732421875,314.3550109863281,2588249.0
1783701000,314.3699951171875,314.7799987792969,313.94000244140625,314.4599914550781,1701568.0
1783704600,314.4700012207031,314.8900146484375,313.8902893066406,314.840087890625,1530749.0
1783708200,314.8599853515625,316.4798889160156,314.739990234375,316.1600036621094,3576384.0
1783711800,316.1499938964844,316.9100036621094,314.7799987792969,315.32989501953125,3989622.0
1783949400,317.0150146484375,323.45001220703125,316.45001220703125,320.19000244140625,12156474.0
1783953000,320.2099914550781,320.2950134277344,316.8500061035156,317.2200012207031,3994197.0
1783956600,317.2200012207031,317.8999938964844,316.0899963378906,317.3699951171875,3728751.0
1783960200,317.3399963378906,317.44000244140625,315.7799987792969,316.4700012207031,3615264.0
1783963800,316.489990234375,316.8450012207031,315.8999938964844,316.84051513671875,2357040.0
1783967400,316.8599853515625,317.5199890136719,316.1700134277344,316.3299865722656,4128503.0
1783971000,316.32501220703125,317.739990234375,316.04998779296875,317.4200134277344,4025682.0
1784035800,313.6400146484375,315.68499755859375,311.9100036621094,314.9419860839844,6954014.0
1784039400,314.95001220703125,316.19000244140625,314.0205078125,314.29998779296875,4610996.0
1784043000,314.32000732421875,314.8699951171875,312.8699951171875,313.2699890136719,3168667.0
1784046600,313.260009765625,314.9700012207031,313.1099853515625,314.8699951171875,2646535.0
1784050200,314.8900146484375,315.3900146484375,314.5899963378906,315.2200012207031,1929118.0
1784053800,315.2200012207031,315.8699951171875,314.82000732421875,315.7049865722656,2224839.0
1784057400,315.7049865722656,315.760009765625,314.5899963378906,314.9200134277344,3016895.0
1784122200,317.625,325.67999267578125,317.32000732421875,324.7099914550781,13551334.0
1784125800,324.7099914550781,325.67999267578125,323.5400085449219,325.6199951171875,6278014.0
1784129400,325.6099853515625,328.5299987792969,325.1600036621094,328.1700134277344,7315724.0
1784133000,328.1600036621094,328.5,325.9700012207031,326.989990234375,5967302.0
1784136600,327.0,328.0,326.6499938964844,327.7900085449219,3896347.0
1784140200,327.7799987792969,328.7200012207031,326.8599853515625,327.05999755859375,4546317.0
1784143800,327.0400085449219,328.3500061035156,325.7200012207031,327.57000732421875,8018122.0
1784208600,328.0050048828125,331.4100036621094,326.7900085449219,330.3699951171875,12802968.0
1784212200,330.3399963378906,331.1499938964844,329.3500061035156,330.6300048828125,5287556.0
1784215800,330.65008544921875,332.2799987792969,327.5,331.1400146484375,4606871.0
1784219400,331.1899108886719,332.9700012207031,329.8599853515625,332.8999938964844,5689496.0
1784223000,332.898193359375,333.54998779296875,329.3399963378906,331.260009765625,6798812.0
1784226600,331.239990234375,334.67999267578125,330.9100036621094,332.989990234375,7975310.0
1784230200,333.0,333.70001220703125,330.7699890136719,333.2699890136719,8204005.0
1784295000,331.9800109863281,334.9800109863281,329.0006103515625,331.8399963378906,16544554.0
1784298600,331.8800048828125,334.7666931152344,331.8500061035156,334.6549987792969,6533789.0
1784302200,334.6698913574219,334.8699035644531,330.0,331.7449951171875,6252902.0
1784305800,331.7200012207031,333.5,329.1600036621094,330.5400085449219,6274349.0
1784309400,330.51080322265625,333.2300109863281,330.0799865722656,332.375,4577738.0
1784313000,332.375,334.6700134277344,332.1099853515625,332.8299865722656,5792451.0
1784316600,332.7799987792969,334.3800048828125,332.260009765625,333.739990234375,6369671.0
1784554200,333.0249938964844,333.7099914550781,326.1099853515625,327.0199890136719,11178368.0
1784557800,327.0199890136719,328.0199890136719,324.4200134277344,324.8999938964844,7312927.0
1784561400,324.94000244140625,326.5450134277344,324.8699951171875,325.0,4701093.0
1784565000,325.0199890136719,325.1449890136719,323.70001220703125,324.7200012207031,4126525.0
1784568600,324.7300109863281,326.489990234375,324.20001220703125,325.94000244140625,5044844.0
1784572200,325.9800109863281,329.0799865722656,325.30999755859375,329.0199890136719,5761535.0
1784575800,329.010009765625,329.760009765625,326.32000732421875,326.70001220703125,5528498.0
1784640600,323.3450012207031,327.0299987792969,322.22039794921875,326.739990234375,9697821.0
1784644200,326.7200012207031,328.45001220703125,326.2099914550781,328.385009765625,4005270.0
1784647800,328.3800048828125,329.6000061035156,327.7550048828125,328.6199951171875,3516853.0
1784651400,328.6210021972656,328.8299865722656,327.0,327.07000732421875,3845150.0
1784655000,327.07000732421875,327.8699951171875,326.7200012207031,327.239990234375,3598490.0
1784658600,327.25,328.489990234375,327.17999267578125,327.93499755859375,2991406.0
1784662200,327.92999267578125,328.1000061035156,327.1400146484375,327.5899963378906,3687722.0
1784727000,327.875,328.99951171875,324.3299865722656,324.4750061035156,6559605.0
1784730600,324.4949951171875,325.80999755859375,324.07000732421875,325.79998779296875,3700418.0
1784734200,325.7650146484375,325.8900146484375,324.3699951171875,324.885009765625,4081820.0
1784737800,324.885009765625,324.95001220703125,323.3399963378906,323.6650085449219,2995117.0
1784741400,323.6650085449219,324.0199890136719,323.55499267578125,323.92999267578125,1648241.0
1784745000,323.9299011230469,324.70001220703125,323.8299865722656,324.44000244140625,2532403.0
1784748600,324.44000244140625,326.9100036621094,323.9800109863281,325.8699951171875,5469385.0
1784813400,321.7300109863281,323.29998779296875,319.3500061035156,321.489990234375,7808169.0
1784817000,321.4649963378906,322.9100036621094,320.7149963378906,321.2799987792969,3963966.0
1784820600,321.2900085449219,321.54998779296875,320.07000732421875,320.3598937988281,4791936.0
1784824200,320.30999755859375,321.04998779296875,320.0,320.8699951171875,2240708.0
1784827800,320.8700866699219,321.39898681640625,320.0,320.2699890136719,2551049.0
1784831400,320.2749938964844,321.20001220703125,319.760009765625,320.4198913574219,3757792.0
1784835000,320.3800048828125,321.9800109863281,320.0400085449219,321.6099853515625,4281719.0
1784899800,322.0400085449219,329.4389953613281,321.6199951171875,328.79998779296875,8571059.0
1784903400,328.7950134277344,331.92999267578125,328.7099914550781,331.7650146484375,6271725.0
1784907000,331.7749938964844,334.3699951171875,331.6700134277344,333.7200012207031,6621698.0
1784910600,333.69500732421875,334.2200012207031,332.1505126953125,332.3999938964844,3846747.0
1784914200,332.3949890136719,333.19000244140625,332.1400146484375,332.2650146484375,2780581.0
1784917800,332.2650146484375,333.2300109863281,332.05999755859375,332.489990234375,6248052.0
1784921400,332.4800109863281,333.45001220703125,331.8500061035156,333.07000732421875,4719723.0
1785159000,334.8999938964844,338.1400146484375,334.0199890136719,337.69000244140625,11270804.0
1785162600,337.70001220703125,339.5,336.1199951171875,338.739990234375,7762742.0
1785166200,338.7300109863281,339.57000732421875,336.75,337.4501037597656,6554357.0
1785169800,337.4599914550781,338.1300048828125,335.67999267578125,336.04998779296875,3314628.0
1785173400,336.07000732421875,336.79998779296875,335.04998779296875,335.1499938964844,3140907.0
1785177000,335.1499938964844,336.239990234375,334.70001220703125,335.7200012207031,3486673.0
1785180600,335.7200012207031,337.2200012207031,335.6499938964844,336.9200134277344,3614510.0
1785245400,340.0299987792969,342.8900146484375,335.6000061035156,337.9599914550781,13575047.0
1785249000,337.9800109863281,339.6687927246094,336.6000061035156,339.2699890136719,5797429.0
1785252600,339.2401123046875,340.1400146484375,339.0,339.80999755859375,4043365.0
1785256200,339.8299865722656,340.57989501953125,338.93011474609375,339.0299987792969,3106607.0
1785259800,339.0400085449219,340.159912109375,339.0,339.8399963378906,3223079.0
1785263400,339.8399963378906,339.8900146484375,338.2799987792969,339.20001220703125,3590020.0
1785267000,339.1600036621094,340.5299987792969,339.1000061035156,340.1600036621094,6415578.0
1785331800,339.69000244140625,343.6700134277344,339.55999755859375,341.1600036621094,10935247.0
1785335400,341.1700134277344,341.739990234375,339.5199890136719,339.80999755859375,4890702.0
1785339000,339.8299865722656,341.55999755859375,339.760009765625,341.2699890136719,3546410.0
1785342600,341.25,343.44891357421875,340.04998779296875,342.7200012207031,3813347.0
1785346200,342.69500732421875,344.56988525390625,342.3500061035156,343.58770751953125,5124505.0
1785349800,343.5899963378906,343.94000244140625,341.3299865722656,341.5299987792969,4812676.0
1785353400,341.55999755859375,341.55999755859375,337.35009765625,338.07000732421875,8640481.0
1785418200,333.1300048828125,334.4800109863281,330.3500061035156,331.30999755859375,13578994.0
1785421800,331.29998779296875,333.03228759765625,329.5899963378906,331.2200012207031,6768257.0
1785425400,331.2349853515625,332.6000061035156,330.6300048828125,332.0899963378906,6061981.0
1785429000,332.0899963378906,332.8500061035156,331.4049987792969,332.0899963378906,4068798.0
1785432600,332.0799865722656,333.9800109863281,331.7200927734375,333.1000061035156,3594892.0
1785436200,333.1199951171875,334.0899963378906,332.8999938964844,333.1600036621094,4768291.0
1785439800,333.1600036621094,334.75,332.30999755859375,333.8500061035156,6035501.0
1785504600,304.80999755859375,306.8999938964844,300.3299865722656,302.739990234375,42271625.0
1785508200,302.7550048828125,304.25,301.6400146484375,301.7300109863281,10897816.0
1785511800,301.7300109863281,302.82000732421875,300.3999938964844,300.5400085449219,9857216.0
1785515400,300.55999755859375,301.83428955078125,300.0,301.20001220703125,7813750.0
1785519000,301.20001220703125,302.4200134277344,300.5,301.7300109863281,9575659.0
1785522600,301.760009765625,305.7099914550781,301.7449951171875,305.6549987792969,11851963.0
1785526200,305.6600036621094,310.6600036621094,305.0199890136719,309.0299987792969,20642958.0
1785763800,309.6700134277344,311.79998779296875,304.3399963378906,305.55010986328125,15181869.0
1785767400,305.54998779296875,306.44000244140625,303.8999938964844,304.2149963378906,9512430.0
1785771000,304.2149963378906,306.3599853515625,302.55999755859375,306.3599853515625,8017561.0
1785774600,306.3500061035156,307.5400085449219,305.8999938964844,307.2250061035156,6899047.0
1785778200,307.2250061035156,307.2300109863281,305.5,305.5202941894531,4746952.0
1785781800,305.5299987792969,305.9700012207031,304.79998779296875,305.0450134277344,5628929.0
1785785400,305.0450134277344,305.0799865722656,302.67999267578125,303.2699890136719,10186067.0
1785850200,302.7250061035156,307.1400146484375,301.32000732421875,306.80999755859375,16371244.0
1785853800,306.8599853515625,306.89990234375,305.2250061035156,305.67388916015625,5755639.0
1785857400,305.6700134277344,306.7300109863281,305.489990234375,306.5050048828125,4275297.0
1785861000,306.5050048828125,310.4200134277344,306.3399963378906,308.8999938964844,5070397.0
1785864600,308.8999938964844,310.1300048828125,308.6600036621094,309.32000732421875,5054926.0
1785868200,309.30999755859375,309.79998779296875,308.25,309.5799865722656,4685626.0
1785871800,309.5799865722656,310.4200134277344,308.8800048828125,309.3900146484375,5711308.0
1785936600,309.3599853515625,309.3800048828125,305.6700134277344,306.7275085449219,10544948.0
1785940200,306.70001220703125,311.70819091796875,306.2699890136719,308.5950012207031,7426689.0
1785943800,308.5950012207031,309.44000244140625,307.8299865722656,308.639892578125,3930602.0
1785947400,308.6300048828125,309.9800109863281,308.45001220703125,309.739990234375,2598651.0
1785951000,309.75,310.2200012207031,308.0799865722656,308.1900939941406,2656326.0
1785954600,308.2091979980469,309.8789978027344,308.0849914550781,309.6200866699219,4050737.0
1785958200,309.6099853515625,311.55499267578125,309.3900146484375,310.9200134277344,6126779.0
1786023000,314.3399963378906,316.2893981933594,312.1199951171875,312.8399963378906,10486977.0
1786026600,312.79998779296875,313.6400146484375,309.6600036621094,310.1000061035156,5738168.0
1786030200,310.1050109863281,311.260009765625,309.2300109863281,311.1570129394531,3774543.0
1786033800,311.1600036621094,311.760009765625,310.7099914550781,311.2005920410156,3748424.0
1786037400,311.2099914550781,312.4200134277344,311.18011474609375,312.239990234375,2450423.0
1786041000,312.2477111816406,312.82000732421875,311.8800048828125,312.5799865722656,3027688.0
1786044600,312.5899963378906,312.94000244140625,311.7799987792969,312.45001220703125,3796760.0
1786109400,311.32000732421875,314.135009765625,310.739990234375,314.0799865722656,7215243.0
1786113000,314.0899963378906,314.80999755859375,313.0,313.3599853515625,4161883.0
1786116600,313.3599853515625,313.4200134277344,311.5400085449219,311.69000244140625,3258407.0
1786120200,311.69500732421875,312.9032897949219,311.610107421875,312.739990234375,2173574.0
1786123800,312.739990234375,313.25,311.82000732421875,311.91900634765625,2366404.0
1786127400,311.91009521484375,313.3900146484375,311.67999267578125,313.2774963378906,2613734.0
1786131000,313.2799987792969,314.17999267578125,312.92498779296875,313.29998779296875,4253428.0
1786368600,306.8299865722656,307.4559020996094,304.6300048828125,306.8800048828125,14208722.0
1786372200,306.8970947265625,307.20989990234375,306.2250061035156,306.5585021972656,3672651.0
1786375800,306.5205078125,307.2471923828125,305.04998779296875,305.5299987792969,4150321.0
1786379400,305.54998779296875,306.7900085449219,305.1700134277344,306.4700012207031,2973562.0
1786383000,306.4700012207031,306.989990234375,306.0,306.7149963378906,2554763.0
1786386600,306.71990966796875,307.6698913574219,306.6000061035156,307.2300109863281,3143432.0
1786390200,307.2200012207031,308.2300109863281,306.8699951171875,308.19000244140625,4503724.0
1786455000,307.75,309.9700012207031,305.6700134277344,306.19000244140625,8080038.0
1786458600,306.19000244140625,306.94000244140625,306.04998779296875,306.7049865722656,2532263.0
1786462200,306.70001220703125,307.6099853515625,306.45001220703125,306.55499267578125,2657630.0
1786465800,306.57000732421875,306.5899963378906,305.6986999511719,306.19000244140625,2318016.0
1786469400,306.1650085449219,306.5199890136719,302.7900085449219,303.29998779296875,4171291.0
1786473000,303.27569580078125,305.20001220703125,302.9700012207031,305.1600036621094,3965892.0
1786476600,305.1600036621094,305.29998779296875,303.75,304.8999938964844,4718904.0
1786541400,305.1300048828125,305.6600036621094,302.17999267578125,302.3450012207031,7719258.0
1786545000,302.3599853515625,303.19000244140625,301.0299987792969,301.0799865722656,4848995.0
1786548600,301.08990478515625,301.82000732421875,300.57000732421875,301.510009765625,3572317.0
1786552200,301.5150146484375,302.510009765625,301.4100036621094,302.16009521484375,2585592.0
1786555800,302.1700134277344,302.2976989746094,301.05999755859375,301.125,3113898.0
1786559400,301.1199951171875,302.0398864746094,301.0400085449219,301.67999267578125,4654586.0
1786563000,301.6700134277344,302.25,301.0,302.2250061035156,5484429.0
1786627800,304.25799560546875,305.9599914550781,302.04998779296875,305.6449890136719,11220852.0
1786631400,305.6600036621094,306.0,303.54998779296875,303.7200012207031,4294720.0
1786635000,303.7300109863281,303.9849853515625,302.57000732421875,303.42999267578125,3040931.0
1786638600,303.43499755859375,303.760009765625,302.8500061035156,303.3399963378906,2276605.0
1786642200,303.3301086425781,303.8999938964844,302.92999267578125,303.30999755859375,2056919.0
1786645800,303.30999755859375,304.6099853515625,303.0299987792969,304.3999938964844,3700940.0
1786649400,304.3800048828125,305.32000732421875,303.9700012207031,305.32000732421875,3755421.0
1786714200,306.02801513671875,307.489990234375,304.760009765625,304.989990234375,6735349.0
1786717800,305.0199890136719,305.95989990234375,304.29998779296875,305.53289794921875,2774970.0
1786721400,305.5450134277344,305.91680908203125,304.9700012207031,305.44500732421875,1655298.0
1786725000,305.44500732421875,305.56500244140625,305.0799865722656,305.19439697265625,1717424.0
1786728600,305.19500732421875,306.25,305.0400085449219,305.97900390625,2580373.0
1786732200,305.9800109863281,306.17999267578125,305.2699890136719,305.94500732421875,1983226.0
1786735800,305.92999267578125,306.0400085449219,305.5,305.95001220703125,2812891.0
1786973400,306.2099914550781,307.6600036621094,304.05499267578125,304.4949951171875,7901505.0
1786977000,304.48419189453125,304.9100036621094,303.6499938964844,304.5350036621094,4144849.0
1786980600,304.5400085449219,304.5950927734375,303.04998779296875,303.55499267578125,2930675.0
1786984200,303.55999755859375,304.42498779296875,302.9389953613281,304.4150085449219,2489734.0
1786987800,304.4150085449219,304.94000244140625,303.9599914550781,304.7049865722656,2462965.0
1786991400,304.70001220703125,306.1600036621094,304.69049072265625,306.1449890136719,2925518.0
1786995000,306.1499938964844,306.32000732421875,305.0299987792969,305.69000244140625,3981136.0
1787059800,307.5299987792969,310.2699890136719,305.739990234375,309.659912109375,12040495.0
1787063400,309.6400146484375,311.489990234375,309.6000061035156,310.42999267578125,5798137.0
1787067000,310.42999267578125,310.6400146484375,309.0119934082031,310.614990234375,3765824.0
1787070600,310.6199951171875,310.94000244140625,310.20001220703125,310.3999938964844,3345582.0
1787074200,310.3999938964844,310.64990234375,309.75,310.627685546875,3979233.0
1787077800,310.6099853515625,311.239990234375,309.3699951171875,309.7099914550781,3801923.0
1787081400,309.69500732421875,311.0690002441406,309.6014099121094,310.20001220703125,5897762.0
1787146200,310.1300048828125,317.80999755859375,309.6000061035156,316.010009765625,12465429.0
1787149800,315.9599914550781,319.2799072265625,315.7550048828125,318.17999267578125,5409560.0
1787153400,318.18499755859375,318.2300109863281,315.96600341796875,316.55999755859375,3124257.0
1787157000,316.54998779296875,316.54998779296875,314.489990234375,315.05999755859375,3532239.0
1787160600,315.05999755859375,315.8190002441406,314.7749938964844,314.8399963378906,2825989.0
1787164200,314.8599853515625,316.7300109863281,314.2900085449219,316.67840576171875,5086965.0
1787167800,316.6600036621094,316.8800048828125,315.20001220703125,316.8800048828125,5339532.0
1787232600,317.4549865722656,320.2799987792969,316.2200012207031,316.4700012207031,7715714.0
1787236200,316.42999267578125,317.7799987792969,316.0,317.2200012207031,2996499.0
1787239800,317.2298889160156,317.25,315.9599914550781,316.4649963378906,2014832.0
1787243400,316.4649963378906,317.6300048828125,316.2900085449219,316.6700134277344,2026222.0
1787247000,316.6600036621094,316.8599853515625,314.82000732421875,314.8399963378906,2545448.0
1787250600,314.8100891113281,315.70001220703125,313.29998779296875,313.3699951171875,3156936.0
1787254200,313.3900146484375,313.6499938964844,310.6499938964844,311.3399963378906,5485508.0
1787319000,312.04998779296875,312.3800048828125,307.010009765625,307.7950134277344,13705396.0
1787322600,307.82000732421875,310.6400146484375,307.6000061035156,310.6000061035156,6775783.0
1787326200,310.614990234375,311.92999267578125,310.3999938964844,311.20318603515625,4259150.0
1787329800,311.20001220703125,311.6400146484375,310.2699890136719,311.05999755859375,2476819.0
1787333400,311.0199890136719,311.1600036621094,308.4005126953125,308.4700012207031,3310276.0
1787337000,308.4750061035156,309.8500061035156,308.1600036621094,309.739990234375,3035461.0
1787340600,309.75,310.1789855957031,309.1600036621094,309.4200134277344,3550095.0
