time,open,high,low,close,volume
1696253400,80.91999816894531,81.3499984741211,80.79000091552734,81.0199966430664,1526230.0
1696257000,81.0199966430664,81.41999816894531,80.80999755859375,81.36000061035156,1114077.0
1696260600,81.36499786376953,81.37999725341797,80.87000274658203,81.03060150146484,877101.0
1696264200,81.03500366210938,81.28500366210938,80.88999938964844,81.25499725341797,797817.0
1696267800,81.25499725341797,81.625,81.1500015258789,81.25499725341797,1084549.0
1696271400,81.26000213623047,81.56999969482422,81.25,81.4800033569336,1062257.0
1696275000,81.4749984741211,81.7699966430664,81.42500305175781,81.66999816894531,1473588.0
1696339800,81.25,81.88999938964844,80.5199966430664,80.55989837646484,2815401.0
1696343400,80.54000091552734,80.76499938964844,79.77010345458984,79.9000015258789,1854813.0
1696347000,79.87999725341797,79.94999694824219,79.5199966430664,79.87000274658203,1544012.0
1696350600,79.87999725341797,80.20999908447266,79.80000305175781,80.06999969482422,1006683.0
1696354200,80.05999755859375,80.05999755859375,79.45999908447266,79.5779037475586,1226042.0
1696357800,79.57499694824219,79.79000091552734,79.5199966430664,79.67500305175781,1176588.0
1696361400,79.66999816894531,79.73999786376953,79.48500061035156,79.55000305175781,1487590.0
1696426200,79.61000061035156,79.79399871826172,78.88899993896484,78.93000030517578,2906548.0
1696429800,78.93499755859375,79.25,78.80999755859375,79.16999816894531,1446578.0
1696433400,79.17990112304688,79.49500274658203,79.01499938964844,79.41500091552734,1054027.0
1696437000,79.4198989868164,79.63500213623047,79.18000030517578,79.18499755859375,943995.0
1696440600,79.18000030517578,79.19000244140625,78.73090362548828,78.81999969482422,1541048.0
1696444200,78.83000183105469,79.28800201416016,78.79000091552734,79.21499633789062,1245114.0
1696447800,79.2300033569336,79.44000244140625,79.18000030517578,79.30000305175781,1631821.0
1696512600,79.0999984741211,79.55000305175781,78.87999725341797,79.5,2373310.0
1696516200,79.5,79.66999816894531,79.33000183105469,79.33999633789062,1944727.0
1696519800,79.33000183105469,79.58989715576172,79.05999755859375,79.5895004272461,1026629.0
1696523400,79.58999633789062,79.72000122070312,79.375,79.72000122070312,846482.0
1696527000,79.7249984741211,80.18000030517578,79.58290100097656,80.02999877929688,1398165.0
1696530600,80.0250015258789,80.94000244140625,80.0250015258789,80.85230255126953,3109733.0
1696534200,80.8550033569336,80.91500091552734,80.57499694824219,80.81999969482422,2326977.0
1696599000,81.05000305175781,81.58000183105469,80.48999786376953,81.4800033569336,2637826.0
1696602600,81.48999786376953,81.93000030517578,81.04499816894531,81.80999755859375,2026212.0
1696606200,81.80999755859375,82.62000274658203,81.73999786376953,82.31500244140625,2272675.0
1696609800,82.31999969482422,82.87000274658203,82.1500015258789,82.70999908447266,1602554.0
1696613400,82.72000122070312,83.36000061035156,82.68000030517578,83.35089874267578,1466883.0
1696617000,83.36499786376953,83.52999877929688,83.01499938964844,83.1613998413086,1587696.0
1696620600,83.16500091552734,83.19889831542969,82.87000274658203,82.93000030517578,1919079.0
1696858200,84.30000305175781,84.43000030517578,83.30500030517578,83.58000183105469,3622000.0
1696861800,83.58000183105469,83.81909942626953,83.12999725341797,83.80000305175781,1390724.0
1696865400,83.80500030517578,84.22000122070312,83.63500213623047,84.06999969482422,1296015.0
1696869000,84.06999969482422,84.41999816894531,83.95999908447266,84.37000274658203,1200690.0
1696872600,84.37000274658203,84.77999877929688,84.36000061035156,84.73999786376953,1346910.0
1696876200,84.74490356445312,84.8499984741211,84.54000091552734,84.77999877929688,1354944.0
1696879800,84.7699966430664,84.87999725341797,84.63500213623047,84.69999694824219,1842288.0
1696944600,84.79000091552734,84.9800033569336,83.93000030517578,84.77999877929688,2149972.0
1696948200,84.79000091552734,85.16999816894531,84.62999725341797,84.94999694824219,1322983.0
1696951800,84.94999694824219,85.24520111083984,84.84239959716797,85.1010971069336,982541.0
1696955400,85.1050033569336,85.23989868164062,84.72000122070312,85.11000061035156,890377.0
1696959000,85.11499786376953,85.19000244140625,84.95999908447266,85.04000091552734,720861.0
1696962600,85.05000305175781,85.28500366210938,85.0,85.11499786376953,738163.0
1696966200,85.11000061035156,85.1449966430664,84.95999908447266,84.98999786376953,1135871.0
1697031000,85.37000274658203,85.72000122070312,84.75,84.94999694824219,1958238.0
1697034600,84.95999908447266,85.2969970703125,84.73100280761719,84.86000061035156,881569.0
1697038200,84.8499984741211,84.94000244140625,84.58300018310547,84.68000030517578,822187.0
1697041800,84.68000030517578,84.83999633789062,84.48999786376953,84.52999877929688,716009.0
1697045400,84.5199966430664,84.56999969482422,84.25499725341797,84.44499969482422,895869.0
1697049000,84.44999694824219,84.73500061035156,84.41999816894531,84.66500091552734,720140.0
1697052600,84.65139770507812,84.90899658203125,84.625,84.83999633789062,1130270.0
1697117400,84.83000183105469,85.06500244140625,84.22000122070312,84.37999725341797,1431514.0
1697121000,84.38999938964844,84.61000061035156,84.13500213623047,84.57499694824219,1002875.0
1697124600,84.58499908447266,84.83999633789062,84.36000061035156,84.69999694824219,894715.0
1697128200,84.69999694824219,84.7300033569336,83.76000213623047,83.76000213623047,1030594.0
1697131800,83.76000213623047,83.9490966796875,83.51000213623047,83.875,1105679.0
1697135400,83.875,84.22000122070312,83.841796875,84.0199966430664,1474054.0
1697139000,84.0199966430664,84.48999786376953,84.0199966430664,84.36000061035156,1654936.0
1697203800,83.94000244140625,84.4739990234375,83.83000183105469,84.04000091552734,1583916.0
1697207400,84.02999877929688,84.23999786376953,83.71009826660156,83.83999633789062,923341.0
1697211000,83.83999633789062,84.0199966430664,83.38410186767578,83.96630096435547,984729.0
1697214600,83.96499633789062,84.03500366210938,83.51000213623047,83.62999725341797,936600.0
1697218200,83.62000274658203,84.07859802246094,83.55000305175781,84.02999877929688,1146261.0
1697221800,84.0199966430664,84.58000183105469,83.92500305175781,84.2300033569336,1590067.0
1697225400,84.23500061035156,84.41000366210938,84.20500183105469,84.36000061035156,1673907.0
1697463000,84.30999755859375,84.98999786376953,84.30999755859375,84.94000244140625,1448078.0
1697466600,84.94000244140625,85.2699966430664,84.87000274658203,84.87000274658203,1473690.0
1697470200,84.87999725341797,85.25499725341797,84.83999633789062,85.20999908447266,1076171.0
1697473800,85.20999908447266,85.47000122070312,85.0,85.33999633789062,1086433.0
1697477400,85.3499984741211,85.80999755859375,85.29000091552734,85.51000213623047,1291141.0
1697481000,85.5199966430664,85.88999938964844,85.50499725341797,85.88500213623047,1001536.0
1697484600,85.88999938964844,85.92500305175781,85.58999633789062,85.72000122070312,1543027.0
1697549400,85.34500122070312,86.08000183105469,85.30999755859375,85.62750244140625,1628950.0
1697553000,85.62999725341797,85.87000274658203,85.5199966430664,85.79000091552734,1025923.0
1697556600,85.79000091552734,86.27999877929688,85.7699966430664,86.27999877929688,964188.0
1697560200,86.2750015258789,86.2750015258789,85.87999725341797,86.08499908447266,944645.0
1697563800,86.08000183105469,86.08499908447266,85.61000061035156,85.81199645996094,1004807.0
1697567400,85.80999755859375,85.94499969482422,85.49500274658203,85.79000091552734,1098928.0
1697571000,85.78500366210938,86.28500366210938,85.71499633789062,86.23999786376953,1531887.0
1697635800,85.69000244140625,86.26000213623047,85.41000366210938,85.98999786376953,2333781.0
1697639400,85.97000122070312,86.08000183105469,85.55999755859375,85.72239685058594,893565.0
1697643000,85.72000122070312,85.72000122070312,85.22000122070312,85.33000183105469,981354.0
1697646600,85.31999969482422,85.58300018310547,85.19000244140625,85.4000015258789,952191.0
1697650200,85.4000015258789,85.5199966430664,84.98999786376953,85.23500061035156,781071.0
1697653800,85.22010040283203,85.31999969482422,84.61000061035156,84.75,1247273.0
1697657400,84.74500274658203,84.83999633789062,84.5999984741211,84.66999816894531,1548642.0
1697722200,85.26000213623047,85.26000213623047,83.90499877929688,83.91000366210938,2478780.0
1697725800,83.91000366210938,84.29000091552734,83.66000366210938,84.11000061035156,1472306.0
1697729400,84.11000061035156,84.77999877929688,84.05000305175781,84.48999786376953,1479572.0
1697733000,84.48999786376953,85.12000274658203,84.13999938964844,85.08000183105469,1325132.0
1697736600,85.26000213623047,85.2699966430664,84.2699966430664,84.4000015258789,2298873.0
1697740200,84.37999725341797,84.37999725341797,83.16999816894531,83.26499938964844,1874280.0
1697743800,83.2699966430664,83.64009857177734,83.2300033569336,83.2300033569336,1615603.0
1697808600,82.9000015258789,83.2699966430664,82.75,83.13500213623047,2181884.0
1697812200,83.12999725341797,83.28510284423828,82.73500061035156,82.83380126953125,1047374.0
1697815800,82.83000183105469,83.33999633789062,82.65499877929688,83.12000274658203,953433.0
1697819400,83.12000274658203,83.44000244140625,83.02999877929688,83.31999969482422,777210.0
1697823000,83.33999633789062,83.36000061035156,82.87000274658203,82.93009948730469,945052.0
1697826600,82.93000030517578,83.1449966430664,82.86000061035156,82.94000244140625,1020273.0
1697830200,82.94000244140625,83.06999969482422,82.61000061035156,82.6500015258789,1764778.0
1698067800,81.66999816894531,83.30000305175781,80.91000366210938,83.06999969482422,3213065.0
1698071400,83.06999969482422,83.47000122070312,82.70999908447266,83.36000061035156,1305264.0
1698075000,83.36499786376953,83.5999984741211,83.1449966430664,83.41999816894531,848379.0
1698078600,83.38999938964844,83.76000213623047,83.34500122070312,83.4800033569336,655733.0
1698082200,83.47000122070312,83.8499984741211,83.44499969482422,83.73999786376953,853580.0
1698085800,83.74500274658203,84.0250015258789,83.4000015258789,83.4000015258789,1190736.0
1698089400,83.39129638671875,83.40499877929688,83.05999755859375,83.08999633789062,980443.0
1698154200,83.41000366210938,84.19969940185547,83.22000122070312,83.5,1441320.0
1698157800,83.49500274658203,83.49500274658203,82.91999816894531,82.9749984741211,1088832.0
1698161400,82.9800033569336,82.98999786376953,81.9209976196289,82.00160217285156,1514863.0
1698165000,82.0,82.30999755859375,81.73999786376953,82.22029876708984,1492979.0
1698168600,82.2300033569336,82.37000274658203,82.10160064697266,82.26000213623047,933728.0
1698172200,82.26499938964844,82.5199966430664,82.23999786376953,82.42500305175781,1021004.0
1698175800,82.43000030517578,82.67500305175781,82.41999816894531,82.55000305175781,1432731.0
1698240600,82.12999725341797,82.55000305175781,81.62000274658203,81.70999908447266,1415975.0
1698244200,81.69999694824219,82.05500030517578,81.6500015258789,81.875,1000528.0
1698247800,81.875,81.98500061035156,81.45999908447266,81.67500305175781,825656.0
1698251400,81.67990112304688,81.83999633789062,81.22000122070312,81.2249984741211,797278.0
1698255000,81.22000122070312,81.2249984741211,80.73999786376953,80.77999877929688,1063670.0
1698258600,80.7750015258789,80.83999633789062,80.51499938964844,80.65499877929688,1639350.0
1698262200,80.66000366210938,80.90499877929688,80.54000091552734,80.5999984741211,1565592.0
1698327000,80.08000183105469,80.51000213623047,79.70999908447266,80.41000366210938,2356641.0
1698330600,80.4000015258789,80.61000061035156,80.09500122070312,80.51000213623047,1482450.0
1698334200,80.50499725341797,80.61000061035156,79.58499908447266,79.6500015258789,1452508.0
1698337800,79.63999938964844,79.80999755859375,79.44010162353516,79.52999877929688,1120538.0
1698341400,79.5250015258789,80.02999877929688,79.41999816894531,80.02999877929688,1216703.0
1698345000,80.0250015258789,80.5,79.94999694824219,79.97000122070312,1229748.0
1698348600,79.97000122070312,79.9749984741211,79.6500015258789,79.77999877929688,1595020.0
1698413400,79.75,80.22000122070312,79.48999786376953,79.94000244140625,2219240.0
1698417000,79.91999816894531,81.0250015258789,79.8499984741211,80.86000061035156,1601234.0
1698420600,80.87000274658203,80.87999725341797,80.05889892578125,80.14859771728516,748929.0
1698424200,80.1449966430664,80.27999877929688,79.68000030517578,79.8499984741211,809285.0
1698427800,79.8499984741211,80.02999877929688,79.54499816894531,79.55000305175781,864263.0
1698431400,79.54499816894531,79.80000305175781,79.38999938964844,79.58999633789062,1543867.0
1698435000,79.58380126953125,79.6050033569336,79.2300033569336,79.33499908447266,1370572.0
1698672600,79.72000122070312,80.08000183105469,79.52999877929688,79.65499877929688,1813599.0
1698676200,79.6500015258789,80.0250015258789,79.55750274658203,79.75,948024.0
1698679800,79.75,80.01499938964844,79.67839813232422,79.80000305175781,985824.0
1698683400,79.79900360107422,80.55000305175781,79.76499938964844,80.4800033569336,1227410.0
1698687000,80.49590301513672,80.56999969482422,80.31999969482422,80.4000015258789,885334.0
1698690600,80.38999938964844,80.93000030517578,80.38999938964844,80.75,1103014.0
1698694200,80.76000213623047,80.86000061035156,80.61000061035156,80.66999816894531,1309551.0
1698759000,80.69000244140625,80.87999725341797,80.33000183105469,80.69499969482422,1165781.0
1698762600,80.69999694824219,81.21099853515625,80.56999969482422,81.010498046875,1042496.0
1698766200,81.0199966430664,81.32990264892578,80.94000244140625,81.28350067138672,865607.0
1698769800,81.28500366210938,81.45860290527344,81.0999984741211,81.38749694824219,814858.0
1698773400,81.3949966430664,81.51499938964844,81.1594009399414,81.1594009399414,817997.0
1698777000,81.16000366210938,81.58989715576172,81.13500213623047,81.54499816894531,964042.0
1698780600,81.54499816894531,81.66500091552734,81.51000213623047,81.56999969482422,1328286.0
1698845400,81.52999877929688,81.58000183105469,80.94000244140625,81.2699966430664,1637868.0
1698849000,81.27999877929688,81.45999908447266,80.86000061035156,80.91500091552734,838338.0
1698852600,80.91999816894531,81.0250015258789,80.63500213623047,80.83000183105469,863951.0
1698856200,80.82499694824219,80.87989807128906,80.55999755859375,80.62000274658203,807270.0
1698859800,80.6176986694336,80.91999816894531,80.4552001953125,80.58779907226562,757851.0
1698863400,80.5999984741211,80.93000030517578,80.18000030517578,80.77999877929688,1392131.0
1698867000,80.7750015258789,81.08000183105469,80.69499969482422,81.06999969482422,1424541.0
1698931800,81.8499984741211,83.02999877929688,81.81999969482422,82.93509674072266,3204274.0
1698935400,82.92500305175781,83.19999694824219,82.81999969482422,82.81999969482422,1526140.0
1698939000,82.80999755859375,83.13500213623047,82.7300033569336,83.02989959716797,854091.0
1698942600,83.02999877929688,83.14019775390625,82.9000015258789,82.98500061035156,772926.0
1698946200,82.9800033569336,83.16999816894531,82.8499984741211,82.86000061035156,876466.0
1698949800,82.86000061035156,83.08999633789062,82.69999694824219,82.99500274658203,1172627.0
1698953400,82.98999786376953,83.30000305175781,82.9800033569336,83.30000305175781,1546609.0
1699018200,84.16999816894531,85.16999816894531,84.16000366210938,84.61000061035156,2336498.0
1699021800,84.5999984741211,85.12999725341797,84.44999694824219,85.02999877929688,1131571.0
1699025400,85.05000305175781,85.45999908447266,85.05000305175781,85.41999816894531,994661.0
1699029000,85.43000030517578,85.80500030517578,85.41000366210938,85.7249984741211,949590.0
1699032600,85.72000122070312,85.87000274658203,85.56999969482422,85.80999755859375,877632.0
1699036200,85.80500030517578,85.93000030517578,85.38009643554688,85.38500213623047,1353830.0
1699039800,85.38500213623047,85.4000015258789,84.9800033569336,85.05999755859375,1731947.0
1699281000,85.08000183105469,85.80000305175781,85.02999877929688,85.36499786376953,2464305.0
1699284600,85.37999725341797,85.48999786376953,84.62999725341797,84.74500274658203,1780455.0
1699288200,84.73999786376953,84.86000061035156,84.61000061035156,84.75,1258571.0
1699291800,84.73999786376953,84.79000091552734,84.11119842529297,84.20500183105469,940432.0
1699295400,84.19999694824219,84.19999694824219,83.58999633789062,83.75679779052734,1221544.0
1699299000,83.75499725341797,84.0199966430664,83.74500274658203,83.76499938964844,1181511.0
1699302600,83.76200103759766,84.1449966430664,83.74240112304688,84.04000091552734,1674540.0
1699367400,84.15499877929688,84.43000030517578,83.94999694824219,84.42500305175781,1705451.0
1699371000,84.43000030517578,84.68000030517578,84.2249984741211,84.43000030517578,1069732.0
1699374600,84.44000244140625,84.52999877929688,84.08999633789062,84.20500183105469,807040.0
1699378200,84.20500183105469,84.24800109863281,83.99199676513672,84.17500305175781,969425.0
1699381800,84.17500305175781,84.30999755859375,84.15499877929688,84.2249984741211,829035.0
1699385400,84.2300033569336,84.46499633789062,84.0999984741211,84.44000244140625,1013385.0
1699389000,84.44000244140625,84.62000274658203,84.41999816894531,84.5999984741211,1446453.0
1699453800,84.13999938964844,84.91999816894531,83.94999694824219,84.79100036621094,2643912.0
1699457400,84.79499816894531,84.91000366210938,84.36260223388672,84.45999908447266,1810854.0
1699461000,84.45999908447266,84.59719848632812,84.11499786376953,84.21499633789062,1959442.0
1699464600,84.22000122070312,84.58499908447266,83.98999786376953,84.43000030517578,1937998.0
1699468200,84.44000244140625,84.625,84.0999984741211,84.55000305175781,2139740.0
1699471800,84.56500244140625,84.66000366210938,84.29000091552734,84.45999908447266,2542306.0
1699475400,84.45500183105469,84.84500122070312,84.40499877929688,84.55000305175781,4032601.0
1699540200,87.83999633789062,90.63980102539062,87.5999984741211,90.5875015258789,18521009.0
1699543800,90.58769989013672,91.13500213623047,89.93000030517578,90.29000091552734,7657605.0
1699547400,90.30000305175781,91.20999908447266,90.07009887695312,90.80770111083984,5656834.0
1699551000,90.80999755859375,91.12000274658203,90.0999984741211,90.79000091552734,3375977.0
1699554600,90.77999877929688,90.94000244140625,90.05000305175781,90.2698974609375,3335572.0
1699558200,90.25499725341797,90.48500061035156,89.66999816894531,89.95999908447266,3831151.0
1699561800,89.96869659423828,90.38999938964844,89.7699966430664,90.30999755859375,3813439.0
1699626600,90.12999725341797,90.16000366210938,87.55999755859375,87.97000122070312,7317100.0
1699630200,87.96499633789062,88.06500244140625,86.93499755859375,87.2249984741211,4340119.0
1699633800,87.22000122070312,87.57720184326172,86.94999694824219,87.18000030517578,2253523.0
1699637400,87.19000244140625,87.95999908447266,87.17990112304688,87.83000183105469,2291408.0
1699641000,87.8396987915039,87.9000015258789,87.37000274658203,87.81500244140625,1689248.0
1699644600,87.81220245361328,88.06999969482422,87.66000366210938,88.01000213623047,2194434.0
1699648200,88.01000213623047,88.27999877929688,87.881103515625,88.26000213623047,2747537.0
1699885800,88.41999816894531,88.79000091552734,87.40509796142578,88.66999816894531,3178040.0
1699889400,88.66500091552734,89.05989837646484,88.5199966430664,88.86499786376953,1605949.0
1699893000,88.86000061035156,89.4000015258789,88.80000305175781,89.2750015258789,1276543.0
1699896600,89.2699966430664,89.7300033569336,89.23999786376953,89.58499908447266,1321079.0
1699900200,89.58000183105469,89.9000015258789,89.44000244140625,89.53199768066406,1488743.0
1699903800,89.54000091552734,89.68000030517578,89.30000305175781,89.37000274658203,1307553.0
1699907400,89.37000274658203,89.67500305175781,89.33000183105469,89.44000244140625,1529178.0
1699972200,90.02999877929688,91.43499755859375,89.98999786376953,90.9800033569336,3941684.0
1699975800,90.9800033569336,91.4800033569336,90.73999786376953,91.47100067138672,1482529.0
1699979400,91.4635009765625,91.54170227050781,90.98999786376953,91.0198974609375,1358894.0
1699983000,91.01000213623047,91.30999755859375,90.99500274658203,91.30500030517578,959590.0
1699986600,91.30500030517578,91.41000366210938,90.9198989868164,91.0250015258789,953403.0
1699990200,91.0250015258789,91.43000030517578,90.97229766845703,91.33000183105469,1178853.0
1699993800,91.33599853515625,91.4000015258789,91.0,91.08000183105469,1850754.0
1700058600,92.98999786376953,94.41999816894531,92.73999786376953,93.66999816894531,7694114.0
1700062200,93.677001953125,94.11910247802734,93.44000244140625,93.92500305175781,2009241.0
1700065800,93.93000030517578,94.06999969482422,93.62000274658203,94.04499816894531,1851986.0
1700069400,94.04499816894531,94.38009643554688,94.04000091552734,94.20500183105469,1836119.0
1700073000,94.20500183105469,94.56500244140625,94.13870239257812,94.41999816894531,1338913.0
1700076600,94.42250061035156,94.4749984741211,93.97000122070312,94.2157974243164,1295863.0
1700080200,94.22000122070312,94.38999938964844,93.875,93.95999908447266,2188333.0
1700145000,93.88999938964844,94.54010009765625,93.62999725341797,94.30000305175781,3411631.0
1700148600,94.28949737548828,94.31999969482422,93.68000030517578,93.79499816894531,1344882.0
1700152200,93.79000091552734,94.0999984741211,93.66000366210938,93.98500061035156,1068010.0
1700155800,93.98500061035156,94.22820281982422,93.93499755859375,94.0602035522461,1227897.0
1700159400,94.06999969482422,94.2249984741211,93.76499938964844,93.83000183105469,1179050.0
1700163000,93.82499694824219,94.34709930419922,93.82379913330078,94.24500274658203,1297684.0
1700166600,94.24500274658203,94.61000061035156,94.18000030517578,94.55999755859375,1850961.0
1700231400,94.75,95.37699890136719,94.48999786376953,94.54989624023438,3126576.0
1700235000,94.54000091552734,94.78500366210938,94.3499984741211,94.53009796142578,1237099.0
1700238600,94.53679656982422,94.62000274658203,94.44000244140625,94.44999694824219,866263.0
1700242200,94.44999694824219,94.4800033569336,94.0199966430664,94.04000091552734,1132782.0
1700245800,94.04000091552734,94.26000213623047,93.91999816894531,94.03500366210938,1190008.0
1700249400,94.03289794921875,94.19499969482422,93.9719009399414,94.13999938964844,942959.0
1700253000,94.13999938964844,94.19499969482422,93.92500305175781,94.16999816894531,1674734.0
1700490600,93.9800033569336,94.69000244140625,93.87000274658203,94.57499694824219,2397534.0
1700494200,94.57720184326172,94.77999877929688,94.51499938964844,94.73999786376953,1074566.0
1700497800,94.75,95.4000015258789,94.69000244140625,95.12000274658203,1486866.0
1700501400,95.12000274658203,95.58499908447266,95.03099822998047,95.36499786376953,1251238.0
1700505000,95.37000274658203,95.5199966430664,95.2925033569336,95.31999969482422,929932.0
1700508600,95.31999969482422,95.44000244140625,95.19000244140625,95.375,1178972.0
1700512200,95.37000274658203,95.38999938964844,94.97000122070312,95.0199966430664,1699373.0
1700577000,94.7300033569336,94.88999938964844,93.95999908447266,94.30999755859375,1678242.0
1700580600,94.30999755859375,94.95999908447266,94.30000305175781,94.67500305175781,956049.0
1700584200,94.67150115966797,94.7052001953125,94.36000061035156,94.43000030517578,676685.0
1700587800,94.42500305175781,94.54000091552734,94.37999725341797,94.44000244140625,524145.0
1700591400,94.44000244140625,94.5999984741211,94.38999938964844,94.44000244140625,539605.0
1700595000,94.44000244140625,94.55500030517578,94.23300170898438,94.37000274658203,820610.0
1700598600,94.37000274658203,94.5250015258789,94.33999633789062,94.44999694824219,1088466.0
1700663400,94.91000366210938,95.56500244140625,94.76000213623047,95.56500244140625,1863178.0
1700667000,95.56999969482422,95.70610046386719,95.3499984741211,95.37999725341797,996214.0
1700670600,95.37999725341797,95.55000305175781,95.23999786376953,95.24150085449219,662842.0
1700674200,95.23999786376953,95.25,94.9800033569336,95.12999725341797,730166.0
1700677800,95.13240051269531,95.19999694824219,95.05999755859375,95.12999725341797,562381.0
1700681400,95.13500213623047,95.18000030517578,94.91999816894531,95.18000030517578,683706.0
1700685000,95.16999816894531,95.18000030517578,95.05000305175781,95.08000183105469,934074.0
1700836200,94.9000015258789,96.32499694824219,94.9000015258789,96.19499969482422,1779148.0
1700839800,96.19499969482422,96.51000213623047,96.06999969482422,96.17500305175781,1418776.0
1700843400,96.18000030517578,96.20999908447266,95.83000183105469,96.0,843386.0
1701095400,95.5999984741211,95.68499755859375,94.51499938964844,95.11499786376953,2780667.0
1701099000,95.11499786376953,95.47000122070312,94.94000244140625,95.43499755859375,1000726.0
1701102600,95.43499755859375,95.44599914550781,95.0199966430664,95.14990234375,870492.0
1701106200,95.1500015258789,95.32499694824219,95.01000213623047,95.13500213623047,742807.0
1701109800,95.13150024414062,95.26000213623047,95.08000183105469,95.22000122070312,696720.0
1701113400,95.2249984741211,95.2249984741211,94.96710205078125,95.13500213623047,895560.0
1701117000,95.13999938964844,95.18000030517578,95.06999969482422,95.16000366210938,1331744.0
1701181800,95.0,95.13999938964844,94.010498046875,94.02249908447266,1700382.0
1701185400,94.01010131835938,94.30000305175781,93.91500091552734,94.08000183105469,1586316.0
1701189000,94.08000183105469,94.19999694824219,93.75,93.87000274658203,1199792.0
1701192600,93.875,93.98999786376953,93.63999938964844,93.97000122070312,866889.0
1701196200,93.95999908447266,93.9800033569336,93.08000183105469,93.11499786376953,2004507.0
1701199800,93.11499786376953,93.26499938964844,92.62999725341797,92.66000366210938,3002799.0
1701203400,92.65499877929688,92.72989654541016,92.44499969482422,92.5,3678176.0
1701268200,92.5999984741211,92.68000030517578,91.44000244140625,91.71499633789062,4207581.0
1701271800,91.72000122070312,92.23999786376953,91.46489715576172,92.0999984741211,1445695.0
1701275400,92.0999984741211,92.875,91.95999908447266,92.73999786376953,1414090.0
1701279000,92.73500061035156,92.98999786376953,92.67500305175781,92.9749984741211,949524.0
1701282600,92.9800033569336,93.23999786376953,92.8550033569336,93.05000305175781,1119339.0
1701286200,93.04499816894531,93.04499816894531,92.44000244140625,92.44499969482422,1504789.0
1701289800,92.44499969482422,92.54000091552734,92.37000274658203,92.52999877929688,1630404.0
1701354600,93.55000305175781,93.86000061035156,92.21150207519531,92.29499816894531,2540085.0
1701358200,92.30500030517578,92.73999786376953,92.19999694824219,92.4800033569336,1397939.0
1701361800,92.47000122070312,92.79000091552734,92.33499908447266,92.56999969482422,1194085.0
1701365400,92.56999969482422,92.80999755859375,92.47000122070312,92.50499725341797,757201.0
1701369000,92.51000213623047,92.76000213623047,92.44999694824219,92.67500305175781,914717.0
1701372600,92.68000030517578,92.87999725341797,92.34010314941406,92.43000030517578,1165396.0
1701376200,92.43000030517578,92.7699966430664,92.24500274658203,92.68000030517578,1865605.0
1701441000,92.73999786376953,92.83999633789062,91.91000366210938,92.04499816894531,2502935.0
1701444600,92.05000305175781,92.26010131835938,91.79000091552734,91.87000274658203,1414114.0
1701448200,91.8550033569336,92.63500213623047,91.7699966430664,92.61470031738281,1247147.0
1701451800,92.61000061035156,92.76000213623047,92.40499877929688,92.41999816894531,886134.0
1701455400,92.41999816894531,92.5199966430664,92.30000305175781,92.3949966430664,819738.0
1701459000,92.38999938964844,92.48999786376953,92.25379943847656,92.48999786376953,1414687.0
1701462600,92.48500061035156,92.62000274658203,92.30999755859375,92.55999755859375,1662222.0
1701700200,91.9000015258789,92.41000366210938,91.6500015258789,91.79000091552734,3626013.0
1701703800,91.77999877929688,92.22000122070312,91.61000061035156,92.08999633789062,1528580.0
1701707400,92.08000183105469,92.12159729003906,91.81999969482422,92.06500244140625,731769.0
1701711000,92.05500030517578,92.41000366210938,92.0,92.0,762718.0
1701714600,92.0,92.3499984741211,91.9800033569336,92.0530014038086,843612.0
1701718200,92.05650329589844,92.16000366210938,91.9800033569336,92.12999725341797,1054201.0
1701721800,92.13999938964844,92.2699966430664,92.0,92.01000213623047,1213937.0
1701786600,91.61000061035156,91.77999877929688,91.06999969482422,91.19999694824219,1972775.0
1701790200,91.19999694824219,91.26000213623047,90.66999816894531,90.76000213623047,1931893.0
1701793800,90.76499938964844,90.81849670410156,90.08000183105469,90.29000091552734,1607988.0
1701797400,90.29000091552734,90.35800170898438,89.93099975585938,90.2916030883789,1569917.0
1701801000,90.29499816894531,90.58000183105469,90.25,90.55500030517578,875570.0
1701804600,90.55999755859375,90.80500030517578,90.37999725341797,90.6449966430664,1196949.0
1701808200,90.6449966430664,90.83000183105469,90.58000183105469,90.80500030517578,1433873.0
1701873000,91.11000061035156,91.9749984741211,90.62000274658203,91.88999938964844,2391581.0
1701876600,91.88999938964844,92.54499816894531,91.83999633789062,92.15499877929688,1735245.0
1701880200,92.15499877929688,92.18000030517578,91.93150329589844,92.0,877777.0
1701883800,92.01000213623047,92.06500244140625,91.75,92.0260009765625,698203.0
1701887400,92.0250015258789,92.06500244140625,91.58999633789062,91.625,701347.0
1701891000,91.62139892578125,91.84980010986328,91.45500183105469,91.49810028076172,1559939.0
1701894600,91.49500274658203,91.5199966430664,91.28150177001953,91.5199966430664,1402690.0
1701959400,91.80000305175781,93.20500183105469,91.6500015258789,93.19499969482422,1805606.0
1701963000,93.19499969482422,93.38999938964844,92.84549713134766,92.94999694824219,1601202.0
1701966600,92.95999908447266,93.08999633789062,92.74500274658203,93.06500244140625,1306037.0
1701970200,93.06999969482422,93.11199951171875,92.70999908447266,92.7300033569336,757957.0
1701973800,92.7300033569336,92.7699966430664,92.54000091552734,92.58000183105469,637855.0
1701977400,92.57160186767578,92.58910369873047,92.30000305175781,92.42500305175781,826021.0
1701981000,92.43000030517578,92.46499633789062,92.30000305175781,92.3499984741211,1314062.0
1702045800,92.05500030517578,93.5199966430664,92.05500030517578,93.48500061035156,1792233.0
1702049400,93.48500061035156,93.54000091552734,92.75180053710938,93.23500061035156,906962.0
1702053000,93.23999786376953,93.30000305175781,92.65499877929688,92.7300033569336,701920.0
1702056600,92.73500061035156,92.81999969482422,92.5,92.55500030517578,646205.0
1702060200,92.55999755859375,92.87000274658203,92.45999908447266,92.78500366210938,610996.0
1702063800,92.79000091552734,92.88500213623047,92.61000061035156,92.77999877929688,706851.0
1702067400,92.77999877929688,92.875,92.67500305175781,92.80999755859375,1178531.0
1702305000,93.0,93.08000183105469,92.28019714355469,92.41809844970703,1954592.0
1702308600,92.41999816894531,92.81999969482422,92.41000366210938,92.76000213623047,1010770.0
1702312200,92.7500991821289,92.83000183105469,92.59339904785156,92.82250213623047,690848.0
1702315800,92.82499694824219,92.93000030517578,92.66999816894531,92.70950317382812,606724.0
1702319400,92.71499633789062,92.71980285644531,91.97000122070312,92.02999877929688,1157244.0
1702323000,92.02999877929688,92.33999633789062,92.0199966430664,92.22000122070312,1105600.0
1702326600,92.21499633789062,92.30500030517578,92.11499786376953,92.19999694824219,1177329.0
1702391400,92.12000274658203,92.19999694824219,91.63999938964844,91.82499694824219,2090432.0
1702395000,91.82499694824219,91.93000030517578,91.56500244140625,91.61499786376953,1196616.0
1702398600,91.62000274658203,91.72000122070312,91.52999877929688,91.57499694824219,1035548.0
1702402200,91.58000183105469,91.7249984741211,91.22000122070312,91.23500061035156,953778.0
1702405800,91.23999786376953,91.37999725341797,91.11000061035156,91.13279724121094,833996.0
1702409400,91.13999938964844,91.13999938964844,90.86139678955078,91.081298828125,1403359.0
1702413000,91.08000183105469,91.2699966430664,91.05000305175781,91.08999633789062,1608537.0
1702477800,91.16999816894531,91.5250015258789,90.77999877929688,91.5,1617006.0
1702481400,91.49359893798828,91.75499725341797,91.36499786376953,91.75199890136719,793341.0
1702485000,91.75189971923828,91.7594985961914,91.2699966430664,91.3949966430664,645333.0
1702488600,91.4000015258789,91.48999786376953,91.2249984741211,91.3499984741211,538837.0
1702492200,91.34500122070312,92.22989654541016,91.31999969482422,92.06999969482422,985417.0
1702495800,92.06999969482422,92.87000274658203,92.06999969482422,92.3499984741211,1751692.0
1702499400,92.3499984741211,92.8550033569336,92.33000183105469,92.8499984741211,1435513.0
1702564200,93.20999908447266,94.45999908447266,93.20999908447266,94.08000183105469,2499388.0
1702567800,94.08000183105469,94.31999969482422,93.62000274658203,94.11000061035156,1441457.0
1702571400,94.125,94.83000183105469,94.11499786376953,94.57499694824219,2178087.0
1702575000,94.58000183105469,94.74500274658203,94.02999877929688,94.04000091552734,1119066.0
1702578600,94.04499816894531,94.13999938964844,93.4801025390625,93.5999984741211,896998.0
1702582200,93.5999984741211,94.0,93.52999877929688,93.69499969482422,1085280.0
1702585800,93.69999694824219,93.95999908447266,93.54000091552734,93.94439697265625,1575307.0
1702650600,93.76000213623047,93.9000015258789,92.93000030517578,93.87999725341797,3394402.0
1702654200,93.875,93.947998046875,93.62640380859375,93.80999755859375,833592.0
1702657800,93.8102035522461,93.92630004882812,93.65019989013672,93.77449798583984,793763.0
1702661400,93.7750015258789,93.80000305175781,93.19999694824219,93.2750015258789,2384843.0
1702665000,93.27999877929688,93.31939697265625,93.03990173339844,93.03990173339844,743842.0
1702668600,93.03500366210938,93.2249984741211,92.95010375976562,93.16000366210938,1000472.0
1702672200,93.1697006225586,93.54000091552734,92.95999908447266,93.37999725341797,1585093.0
1702909800,92.69999694824219,93.70999908447266,92.69999694824219,93.27999877929688,1706015.0
1702913400,93.28500366210938,93.38999938964844,93.0,93.2300033569336,797619.0
1702917000,93.22000122070312,93.23999786376953,92.82499694824219,93.20829772949219,855166.0
1702920600,93.20999908447266,93.25,92.96690368652344,93.04499816894531,603353.0
1702924200,93.05000305175781,93.26000213623047,92.80000305175781,92.93499755859375,913205.0
1702927800,92.93499755859375,93.0999984741211,92.77999877929688,93.05020141601562,915219.0
1702931400,93.05500030517578,93.05500030517578,92.86000061035156,92.86000061035156,1035518.0
1702996200,92.63999938964844,93.5,92.61000061035156,93.22000122070312,1551938.0
1702999800,93.22000122070312,93.31500244140625,92.93000030517578,93.27999877929688,1032318.0
1703003400,93.2699966430664,93.44860076904297,93.17500305175781,93.40499877929688,787803.0
1703007000,93.40859985351562,93.5199966430664,93.23999786376953,93.4749984741211,746273.0
1703010600,93.47699737548828,93.75499725341797,93.41999816894531,93.73819732666016,733466.0
1703014200,93.73999786376953,93.91999816894531,93.56999969482422,93.89990234375,1040519.0
1703017800,93.8949966430664,93.98999786376953,93.75,93.94000244140625,1123498.0
1703082600,93.23999786376953,94.2699966430664,93.13999938964844,93.95010375976562,1776426.0
1703086200,93.94999694824219,94.125,93.62000274658203,93.69000244140625,974133.0
1703089800,93.69000244140625,93.80000305175781,93.41300201416016,93.41999816894531,801078.0
1703093400,93.43000030517578,93.49189758300781,93.13500213623047,93.2249984741211,741274.0
1703097000,93.2300033569336,93.2699966430664,92.872802734375,92.9000015258789,1009900.0
1703100600,92.9000015258789,92.91999816894531,91.48999786376953,91.68499755859375,2671070.0
1703104200,91.67500305175781,91.80000305175781,91.25,91.30000305175781,2401898.0
1703169000,91.93000030517578,91.95999908447266,91.1500015258789,91.64559936523438,3275575.0
1703172600,91.6500015258789,91.72000122070312,91.19120025634766,91.43000030517578,1321759.0
1703176200,91.4000015258789,91.5199966430664,91.08499908447266,91.2667007446289,1504427.0
1703179800,91.26000213623047,91.54000091552734,91.05999755859375,91.50499725341797,1174669.0
1703183400,91.52999877929688,91.76000213623047,91.3949966430664,91.5999984741211,1178644.0
1703187000,91.6050033569336,91.91000366210938,91.41999816894531,91.91000366210938,1053496.0
1703190600,91.91000366210938,92.08000183105469,91.77999877929688,92.0199966430664,1411865.0
1703255400,91.62000274658203,92.23999786376953,91.50299835205078,91.88500213623047,1555656.0
1703259000,91.9000015258789,91.98789978027344,91.38999938964844,91.45999908447266,931986.0
1703262600,91.45999908447266,91.54000091552734,91.17500305175781,91.30999755859375,980431.0
1703266200,91.30999755859375,91.33000183105469,91.13999938964844,91.17500305175781,867568.0
1703269800,91.17500305175781,91.33999633789062,90.81999969482422,90.84989929199219,1282449.0
1703273400,90.84500122070312,91.30999755859375,90.75,91.20999908447266,1119337.0
1703277000,91.20999908447266,91.2249984741211,90.97000122070312,91.02999877929688,1339633.0
1703601000,90.83999633789062,91.04000091552734,90.5999984741211,90.87000274658203,1595193.0
1703604600,90.875,90.99500274658203,90.73500061035156,90.84500122070312,786169.0
1703608200,90.84500122070312,90.93000030517578,90.7300033569336,90.9000015258789,850063.0
1703611800,90.90499877929688,91.04000091552734,90.83000183105469,90.95780181884766,747739.0
1703615400,90.95500183105469,91.1500015258789,90.95010375976562,91.13999938964844,678000.0
1703619000,91.1449966430664,91.26809692382812,91.08000183105469,91.20500183105469,764908.0
1703622600,91.20500183105469,91.20500183105469,90.95999908447266,90.9800033569336,1057659.0
1703687400,90.91000366210938,90.93930053710938,90.2699966430664,90.36000061035156,2052042.0
1703691000,90.3499984741211,90.44499969482422,90.11000061035156,90.30000305175781,1198256.0
1703694600,90.30500030517578,90.44999694824219,90.24500274658203,90.36000061035156,846289.0
1703698200,90.3499984741211,90.53500366210938,90.19000244140625,90.4623031616211,959092.0
1703701800,90.46499633789062,90.5,90.11499786376953,90.2699966430664,1097500.0
1703705400,90.26000213623047,90.30999755859375,90.0999984741211,90.1449966430664,1170302.0
1703709000,90.1500015258789,90.41000366210938,90.04000091552734,90.41000366210938,1655875.0
1703773800,90.08999633789062,90.97989654541016,89.97000122070312,90.91000366210938,2032147.0
1703777400,90.91999816894531,90.95500183105469,90.48500061035156,90.54000091552734,881434.0
1703781000,90.55000305175781,90.69999694824219,90.42009735107422,90.43090057373047,872180.0
1703784600,90.43000030517578,90.54000091552734,90.29000091552734,90.3832015991211,703585.0
1703788200,90.37999725341797,90.56999969482422,90.37999725341797,90.50499725341797,718829.0
1703791800,90.50499725341797,90.54499816894531,90.25499725341797,90.3499984741211,914761.0
1703795400,90.3550033569336,90.41999816894531,90.22000122070312,90.41999816894531,1400453.0
1703860200,90.12000274658203,90.5999984741211,90.02999877929688,90.43990325927734,1833332.0
1703863800,90.44000244140625,90.5,89.97000122070312,90.00900268554688,1162732.0
1703867400,90.00499725341797,90.13999938964844,89.86000061035156,89.91480255126953,1109711.0
1703871000,89.91500091552734,90.33999633789062,89.9000015258789,90.19999694824219,823449.0
1703874600,90.20999908447266,90.33979797363281,90.19000244140625,90.20500183105469,579040.0
1703878200,90.20999908447266,90.36499786376953,90.20999908447266,90.33999633789062,784310.0
1703881800,90.34500122070312,90.3499984741211,90.13500213623047,90.29000091552734,1583404.0
1704205800,90.08999633789062,90.45500183105469,89.73040008544922,90.37000274658203,1771372.0
1704209400,90.37000274658203,90.83999633789062,90.22010040283203,90.67500305175781,1119995.0
1704213000,90.67500305175781,91.33999633789062,90.53500366210938,91.2428970336914,1000618.0
1704216600,91.25,91.4749984741211,91.08999633789062,91.08999633789062,834937.0
1704220200,91.07499694824219,91.18000030517578,90.52999877929688,90.61000061035156,846459.0
1704223800,90.60820007324219,90.69499969482422,90.23500061035156,90.2750015258789,936752.0
1704227400,90.29000091552734,90.79000091552734,90.29000091552734,90.73999786376953,1424314.0
1704292200,90.33999633789062,91.01899719238281,90.0,90.70999908447266,2574210.0
1704295800,90.70999908447266,90.88500213623047,90.22000122070312,90.87999725341797,1135743.0
1704299400,90.88849639892578,91.00499725341797,90.6500015258789,90.69000244140625,803698.0
1704303000,90.69000244140625,91.44999694824219,90.69000244140625,91.37000274658203,828233.0
1704306600,91.37000274658203,92.05400085449219,91.23999786376953,92.04830169677734,1284816.0
1704310200,92.08000183105469,92.08000183105469,91.45999908447266,91.48999786376953,1060929.0
1704313800,91.49500274658203,91.7699966430664,91.47000122070312,91.66000366210938,1620720.0
1704378600,91.94000244140625,91.94000244140625,90.12999725341797,90.1449966430664,2091611.0
1704382200,90.13999938964844,90.43000030517578,90.0,90.3499984741211,2207855.0
1704385800,90.3550033569336,90.67559814453125,90.30000305175781,90.46499633789062,1294018.0
1704389400,90.45999908447266,90.47000122070312,90.05000305175781,90.20500183105469,895795.0
1704393000,90.22000122070312,90.61000061035156,90.20999908447266,90.37999725341797,740291.0
1704396600,90.37000274658203,90.88990020751953,90.33999633789062,90.87999725341797,884898.0
1704400200,90.87999725341797,90.9749984741211,90.55000305175781,90.56999969482422,1485350.0
1704465000,90.41000366210938,91.31999969482422,90.36000061035156,90.9800033569336,1588382.0
1704468600,90.98999786376953,91.26699829101562,90.8499984741211,90.87020111083984,852870.0
1704472200,90.88999938964844,90.91000366210938,90.47000122070312,90.52999877929688,726648.0
1704475800,90.51000213623047,90.62999725341797,90.3550033569336,90.62590026855469,738839.0
1704479400,90.63999938964844,91.05860137939453,90.62000274658203,90.91999816894531,639954.0
1704483000,90.91000366210938,90.97000122070312,90.44999694824219,90.6500015258789,876593.0
1704486600,90.6500015258789,90.91000366210938,90.51000213623047,90.88999938964844,1217975.0
1704724200,91.55000305175781,91.94000244140625,91.0,91.08000183105469,2199805.0
1704727800,91.08999633789062,91.5199966430664,91.01000213623047,91.19499969482422,1290793.0
1704731400,91.20500183105469,91.37000274658203,91.11000061035156,91.13500213623047,782150.0
1704735000,91.1322021484375,91.52999877929688,91.0999984741211,91.33999633789062,855603.0
1704738600,91.3499984741211,91.41500091552734,91.18000030517578,91.33999633789062,841242.0
1704742200,91.33999633789062,91.73999786376953,91.33000183105469,91.6249008178711,1038089.0
1704745800,91.62689971923828,91.83000183105469,91.4000015258789,91.51000213623047,1432409.0
1704810600,91.05000305175781,91.0999984741211,90.16000366210938,90.30999755859375,1868788.0
1704814200,90.30999755859375,90.55999755859375,90.29499816894531,90.55500030517578,1043678.0
1704817800,90.55329895019531,90.69999694824219,90.36000061035156,90.41500091552734,884545.0
1704821400,90.41500091552734,90.45999908447266,90.08000183105469,90.16500091552734,1065886.0
1704825000,90.16500091552734,90.29000091552734,90.0,90.02999877929688,1227185.0
1704828600,90.0250015258789,90.05500030517578,89.6500015258789,89.7699966430664,2006781.0
1704832200,89.77220153808594,89.81500244140625,89.60199737548828,89.69000244140625,1588987.0
1704897000,89.81999969482422,89.81999969482422,88.87999725341797,88.96499633789062,2561458.0
1704900600,89.0,89.50499725341797,88.98500061035156,89.40499877929688,1200233.0
1704904200,89.41000366210938,89.4800033569336,89.19999694824219,89.33499908447266,819221.0
1704907800,89.33999633789062,89.4000015258789,89.06999969482422,89.10880279541016,841589.0
1704911400,89.11000061035156,89.57499694824219,89.08999633789062,89.50499725341797,1622321.0
1704915000,89.51000213623047,89.63999938964844,89.34500122070312,89.3949966430664,895222.0
1704918600,89.3949966430664,89.47000122070312,89.04499816894531,89.27999877929688,4669797.0
1704983400,89.38999938964844,89.47000122070312,88.79000091552734,88.99500274658203,1934192.0
1704987000,88.98999786376953,89.25499725341797,88.68499755859375,88.8499984741211,1570015.0
1704990600,88.84500122070312,89.0999984741211,88.73999786376953,88.96690368652344,889754.0
1704994200,88.95500183105469,89.1500015258789,88.94999694824219,89.11949920654297,815629.0
1704997800,89.11499786376953,89.51000213623047,89.05500030517578,89.50990295410156,891139.0
1705001400,89.51000213623047,89.77980041503906,89.44000244140625,89.5,1311760.0
1705005000,89.50569915771484,89.65850067138672,89.4000015258789,89.44999694824219,1072598.0
1705069800,89.6500015258789,90.83000183105469,89.6500015258789,90.37999725341797,2590828.0
1705073400,90.37000274658203,90.61579895019531,90.08000183105469,90.38500213623047,1111454.0
1705077000,90.38500213623047,90.58920288085938,90.22000122070312,90.28500366210938,1219962.0
1705080600,90.28500366210938,90.68000030517578,90.23999786376953,90.58499908447266,775391.0
1705084200,90.58000183105469,90.62999725341797,90.20249938964844,90.20249938964844,685381.0
1705087800,90.19999694824219,90.29000091552734,90.01000213623047,90.24500274658203,1189702.0
1705091400,90.24500274658203,90.45999908447266,90.18099975585938,90.37000274658203,1774710.0
1705415400,90.29000091552734,90.5199966430664,89.45500183105469,90.4749984741211,2823962.0
1705419000,90.48999786376953,91.30999755859375,90.4000015258789,91.05000305175781,1744267.0
1705422600,91.05999755859375,91.25,90.95159912109375,91.17500305175781,1058835.0
1705426200,91.18000030517578,91.81999969482422,91.16999816894531,91.77549743652344,1594214.0
1705429800,91.77999877929688,92.41000366210938,91.55500030517578,92.2300033569336,1940716.0
1705433400,92.22000122070312,92.80000305175781,92.0999984741211,92.6698989868164,1974464.0
1705437000,92.66999816894531,93.08999633789062,92.57009887695312,93.05000305175781,2929199.0
1705501800,92.57499694824219,93.76000213623047,91.3499984741211,91.66549682617188,3653613.0
1705505400,91.66000366210938,91.87000274658203,91.06500244140625,91.63500213623047,1981579.0
1705509000,91.625,91.69999694824219,90.79000091552734,90.99500274658203,1748606.0
1705512600,90.98999786376953,91.04000091552734,90.65070343017578,90.70500183105469,1240916.0
1705516200,90.69999694824219,90.69999694824219,90.11000061035156,90.30999755859375,1595010.0
1705519800,90.31500244140625,90.5199966430664,90.0999984741211,90.13500213623047,1441374.0
1705523400,90.13500213623047,90.44999694824219,90.12000274658203,90.36000061035156,1850679.0
1705588200,90.65499877929688,91.3550033569336,90.40499877929688,91.33999633789062,2110295.0
1705591800,91.33999633789062,91.69969940185547,90.95999908447266,91.63500213623047,1456928.0
1705595400,91.63500213623047,92.51000213623047,91.62000274658203,91.7686996459961,2298168.0
1705599000,91.76930236816406,91.76930236816406,91.31999969482422,91.55999755859375,1053403.0
1705602600,91.54180145263672,92.12999725341797,91.50499725341797,92.09619903564453,760450.0
1705606200,92.0999984741211,92.36000061035156,91.91449737548828,92.25,1189304.0
1705609800,92.25,92.30999755859375,92.0999984741211,92.19999694824219,1439191.0
1705674600,92.31999969482422,93.58000183105469,91.62999725341797,92.20999908447266,6115086.0
1705678200,92.20999908447266,92.37999725341797,92.0199966430664,92.02999877929688,1210582.0
1705681800,92.04000091552734,92.17500305175781,91.73999786376953,92.1449966430664,4389844.0
1705685400,92.14140319824219,92.62999725341797,92.06999969482422,92.58000183105469,778739.0
1705689000,92.58999633789062,93.08920288085938,92.43000030517578,92.94000244140625,1746206.0
1705692600,92.94499969482422,93.12100219726562,92.83000183105469,92.94000244140625,1201423.0
1705696200,92.94499969482422,93.06999969482422,92.76000213623047,93.05999755859375,1672144.0
1705933800,93.41999816894531,94.41999816894531,93.37000274658203,93.4000015258789,3284363.0
1705937400,93.4000015258789,94.19999694824219,93.19000244140625,94.1050033569336,1898749.0
1705941000,94.1050033569336,94.66999816894531,94.00499725341797,94.63500213623047,1572263.0
1705944600,94.63569641113281,94.70999908447266,94.41000366210938,94.52999877929688,1177724.0
1705948200,94.5250015258789,95.18000030517578,94.5,94.94999694824219,1948323.0
1705951800,94.95989990234375,95.22000122070312,94.87000274658203,95.11000061035156,1294014.0
1705955400,95.11000061035156,95.2300033569336,95.03500366210938,95.06999969482422,1888926.0
1706020200,95.43000030517578,95.88999938964844,93.60540008544922,93.93450164794922,3217502.0
1706023800,93.93879699707031,93.9800033569336,93.44499969482422,93.45500183105469,1370815.0
1706027400,93.45999908447266,93.56179809570312,93.17500305175781,93.4749984741211,1214624.0
1706031000,93.4749984741211,93.66829681396484,93.37999725341797,93.5,844908.0
1706034600,93.51000213623047,93.53849792480469,93.19000244140625,93.23999786376953,1117388.0
1706038200,93.19000244140625,93.8550033569336,93.18499755859375,93.80000305175781,1344508.0
1706041800,93.80000305175781,93.86540222167969,93.68000030517578,93.76000213623047,1376115.0
1706106600,94.41999816894531,95.25,93.5999984741211,93.96499633789062,2250568.0
1706110200,93.96499633789062,94.18000030517578,93.3499984741211,93.9800033569336,1584120.0
1706113800,94.0,94.12000274658203,93.55500030517578,93.60099792480469,828087.0
1706117400,93.61000061035156,93.70999908447266,93.36499786376953,93.5999984741211,811039.0
1706121000,93.59989929199219,93.625,93.32499694824219,93.38999938964844,786334.0
1706124600,93.39859771728516,93.63500213623047,93.25499725341797,93.6050033569336,1532512.0
1706128200,93.5999984741211,93.84500122070312,93.4800033569336,93.52999877929688,1304373.0
1706193000,93.91999816894531,94.77999877929688,93.89600372314453,94.5999984741211,1839132.0
1706196600,94.61499786376953,94.72000122070312,93.78009796142578,94.05999755859375,943214.0
1706200200,94.06500244140625,94.19999694824219,93.75,94.01000213623047,769827.0
1706203800,94.00499725341797,94.13999938964844,93.78500366210938,93.94999694824219,679614.0
1706207400,93.94499969482422,94.26000213623047,93.87999725341797,94.25,756728.0
1706211000,94.24500274658203,94.55000305175781,94.19999694824219,94.53500366210938,1092112.0
1706214600,94.53500366210938,94.94000244140625,94.48999786376953,94.88999938964844,1665736.0
1706279400,95.0,95.33000183105469,94.69999694824219,95.23500061035156,1462152.0
1706283000,95.23259735107422,95.50499725341797,95.15499877929688,95.4000015258789,892979.0
1706286600,95.38999938964844,95.48999786376953,95.22000122070312,95.48210144042969,800752.0
1706290200,95.4800033569336,95.50499725341797,95.06999969482422,95.38999938964844,658722.0
1706293800,95.37999725341797,95.52999877929688,95.25499725341797,95.30999755859375,657122.0
1706297400,95.30999755859375,95.5,95.1449966430664,95.30000305175781,800744.0
1706301000,95.30500030517578,95.37000274658203,95.18009948730469,95.36000061035156,1350531.0
1706538600,95.41999816894531,96.23999786376953,95.0,95.67500305175781,2152478.0
1706542200,95.66999816894531,95.95130157470703,95.5199966430664,95.94999694824219,1110636.0
1706545800,95.94999694824219,96.61499786376953,95.84500122070312,96.45590209960938,1574215.0
1706549400,96.45500183105469,96.80999755859375,96.33999633789062,96.51499938964844,1267907.0
1706553000,96.5199966430664,96.69000244140625,96.37000274658203,96.61000061035156,794702.0
1706556600,96.61000061035156,97.31999969482422,96.51170349121094,97.1500015258789,1820872.0
1706560200,97.16000366210938,97.5,97.1500015258789,97.5,2033421.0
1706625000,96.5199966430664,97.46499633789062,96.27999877929688,96.44999694824219,1796659.0
1706628600,96.44999694824219,96.76000213623047,96.01000213623047,96.76000213623047,1193182.0
1706632200,96.75879669189453,97.30000305175781,96.61009979248047,97.1104965209961,1185331.0
1706635800,97.0999984741211,97.44000244140625,96.83999633789062,97.36000061035156,983713.0
1706639400,97.36499786376953,97.4800033569336,97.18499755859375,97.45500183105469,749314.0
1706643000,97.45999908447266,97.54000091552734,97.24500274658203,97.30999755859375,912265.0
1706646600,97.31500244140625,97.33920288085938,96.91500091552734,96.94999694824219,1114928.0
1706711400,96.41999816894531,97.38999938964844,96.33999633789062,97.375,1746482.0
1706715000,97.37200164794922,97.56999969482422,96.5250015258789,96.62999725341797,779299.0
1706718600,96.6500015258789,96.93000030517578,96.54000091552734,96.8499984741211,419487.0
1706722200,96.8499984741211,96.8550033569336,96.56880187988281,96.69000244140625,460867.0
1706725800,96.6978988647461,96.91999816894531,96.58000183105469,96.68000030517578,786702.0
1706729400,96.66999816894531,97.08000183105469,96.11000061035156,96.30000305175781,1887603.0
1706733000,96.30000305175781,96.3550033569336,95.8114013671875,96.05000305175781,1854054.0
1706797800,96.5,97.93000030517578,96.0999984741211,96.63999938964844,2383854.0
1706801400,96.63999938964844,96.75,95.9000015258789,96.01000213623047,826313.0
1706805000,96.01000213623047,96.63999938964844,95.97000122070312,96.375,1015731.0
1706808600,96.375,96.91999816894531,96.36499786376953,96.7699966430664,738687.0
1706812200,96.7699966430664,96.881103515625,96.61000061035156,96.66500091552734,605868.0
1706815800,96.66500091552734,97.0999984741211,96.59500122070312,96.99500274658203,852453.0
1706819400,96.99500274658203,97.0999984741211,96.80000305175781,97.05999755859375,1026356.0
1706884200,96.16999816894531,96.66999816894531,95.81999969482422,96.45870208740234,1682147.0
1706887800,96.45999908447266,96.80000305175781,96.3499984741211,96.75,1156334.0
1706891400,96.76000213623047,96.83000183105469,96.44000244140625,96.56999969482422,812384.0
1706895000,96.56099700927734,96.9000015258789,96.37000274658203,96.61000061035156,986961.0
1706898600,96.61000061035156,97.26000213623047,96.54000091552734,97.0999984741211,821538.0
1706902200,97.11000061035156,97.41000366210938,97.08999633789062,97.37000274658203,1053773.0
1706905800,97.37000274658203,97.38999938964844,97.04000091552734,97.18000030517578,1399739.0
1707143400,96.69999694824219,97.3499984741211,96.48999786376953,97.3499984741211,2482115.0
1707147000,97.3499984741211,97.37000274658203,96.93000030517578,97.01010131835938,1268380.0
1707150600,97.0198974609375,97.05500030517578,96.55500030517578,96.86000061035156,1139864.0
1707154200,96.87000274658203,96.97250366210938,96.65499877929688,96.7300033569336,733839.0
1707157800,96.72000122070312,96.9749984741211,96.66999816894531,96.91500091552734,631218.0
1707161400,96.91999816894531,97.09500122070312,96.72000122070312,96.99500274658203,888595.0
1707165000,97.0,97.03500366210938,96.62000274658203,96.63999938964844,1801819.0
1707229800,96.91999816894531,97.73999786376953,96.79000091552734,96.86000061035156,2787708.0
1707233400,96.86199951171875,97.7300033569336,96.80419921875,97.64309692382812,1023259.0
1707237000,97.65499877929688,97.98999786376953,97.45120239257812,97.96499633789062,3155933.0
1707240600,97.97000122070312,98.45999908447266,97.8499984741211,98.27999877929688,2226300.0
1707244200,98.27999877929688,99.20999908447266,98.2699966430664,99.05899810791016,2111917.0
1707247800,99.05339813232422,99.18499755859375,98.8499984741211,99.01499938964844,1660110.0
1707251400,99.0199966430664,99.31999969482422,98.98500061035156,99.29000091552734,1988154.0
1707316200,97.38999938964844,98.72000122070312,96.63999938964844,98.70010375976562,4259484.0
1707319800,98.70999908447266,99.2699966430664,97.96499633789062,97.98999786376953,2356346.0
1707323400,97.98999786376953,98.44999694824219,97.98999786376953,98.19000244140625,1419245.0
1707327000,98.18000030517578,98.95999908447266,98.16000366210938,98.83999633789062,3285219.0
1707330600,98.83999633789062,99.19499969482422,98.68000030517578,99.00129699707031,2095638.0
1707334200,99.01000213623047,99.0199966430664,98.66200256347656,98.83000183105469,2724585.0
1707337800,98.83000183105469,99.27999877929688,98.7699966430664,99.27999877929688,4023008.0
1707402600,107.08000183105469,109.6500015258789,106.80000305175781,109.04129791259766,22362208.0
1707406200,109.02999877929688,110.91000366210938,108.7300033569336,110.85990142822266,8920095.0
1707409800,110.85749816894531,111.73999786376953,110.66000366210938,111.55999755859375,7740833.0
1707413400,111.56999969482422,112.7699966430664,111.44000244140625,111.75,6070408.0
1707417000,111.7300033569336,112.09989929199219,110.94000244140625,111.125,3962071.0
1707420600,111.12000274658203,111.48500061035156,110.12000274658203,110.20500183105469,4230116.0
1707424200,110.20999908447266,110.5999984741211,109.95999908447266,110.52999877929688,4275442.0
1707489000,109.5999984741211,110.1500015258789,107.73999786376953,108.7499008178711,6761508.0
1707492600,108.73999786376953,109.15499877929688,107.9800033569336,108.00499725341797,2720960.0
1707496200,108.0,108.58999633789062,107.69000244140625,108.31999969482422,2326238.0
1707499800,108.33000183105469,108.50499725341797,107.75,108.29000091552734,1723782.0
1707503400,108.30999755859375,108.79499816894531,108.26000213623047,108.78109741210938,1395168.0
1707507000,108.77999877929688,108.9219970703125,108.22730255126953,108.56500244140625,1899332.0
1707510600,108.55000305175781,108.56500244140625,108.0250015258789,108.36000061035156,2279235.0
1707748200,107.87999725341797,110.635498046875,107.83000183105469,110.41999816894531,4020842.0
1707751800,110.43000030517578,111.05989837646484,110.19999694824219,110.44999694824219,1926497.0
1707755400,110.44000244140625,110.7750015258789,109.9800033569336,110.00019836425781,1181358.0
1707759000,110.01000213623047,110.55999755859375,110.01000213623047,110.45379638671875,891276.0
1707762600,110.43499755859375,110.45999908447266,109.7699966430664,109.93000030517578,867506.0
1707766200,109.93000030517578,110.0260009765625,109.30999755859375,109.38999938964844,1026791.0
1707769800,109.3949966430664,109.40499877929688,108.92500305175781,109.30999755859375,1757908.0
1707834600,108.41999816894531,109.75,108.41000366210938,109.38999938964844,2993501.0
1707838200,109.4000015258789,110.2300033569336,109.29000091552734,109.7219009399414,1892276.0
1707841800,109.72000122070312,110.37999725341797,109.62999725341797,110.26000213623047,1570011.0
1707845400,110.26119995117188,110.6500015258789,109.9800033569336,110.16999816894531,1417780.0
1707849000,110.16999816894531,110.18000030517578,109.47000122070312,109.62999725341797,1016045.0
1707852600,109.62999725341797,109.88999938964844,109.47000122070312,109.88500213623047,1478198.0
1707856200,109.88420104980469,110.55000305175781,109.87999725341797,110.47000122070312,2089461.0
1707921000,110.58000183105469,111.5199966430664,110.45999908447266,110.69000244140625,2538151.0
1707924600,110.68000030517578,110.94999694824219,109.79000091552734,110.2300033569336,1329309.0
1707928200,110.2300033569336,110.55999755859375,109.66999816894531,110.19000244140625,828373.0
1707931800,110.19999694824219,110.65499877929688,110.06800079345703,110.62000274658203,789695.0
1707935400,110.62999725341797,111.00499725341797,110.61000061035156,110.94000244140625,1057493.0
1707939000,110.93499755859375,111.4800033569336,110.93499755859375,111.37000274658203,1347039.0
1707942600,111.37999725341797,111.68000030517578,111.30000305175781,111.52999877929688,1803820.0
1708007400,111.08000183105469,112.91999816894531,111.08000183105469,112.30999755859375,2743237.0
1708011000,112.31999969482422,112.37999725341797,111.91999816894531,112.2699966430664,969644.0
1708014600,112.2699966430664,112.62000274658203,112.11000061035156,112.29000091552734,810178.0
1708018200,112.30000305175781,112.50499725341797,112.19000244140625,112.41210174560547,600364.0
1708021800,112.41999816894531,112.49559783935547,111.80000305175781,111.81999969482422,1218101.0
1708025400,111.81999969482422,112.33499908447266,111.70500183105469,112.18499755859375,955525.0
1708029000,112.18499755859375,112.48999786376953,112.16000366210938,112.44000244140625,1518012.0
1708093800,112.0,112.31999969482422,111.16000366210938,112.31999969482422,1745814.0
1708097400,112.31999969482422,112.55999755859375,111.80999755859375,111.93499755859375,861535.0
1708101000,111.94999694824219,112.29000091552734,111.78500366210938,111.98999786376953,630868.0
1708104600,111.9800033569336,112.37000274658203,111.802001953125,112.30000305175781,544494.0
1708108200,112.30999755859375,112.44999694824219,112.17500305175781,112.2750015258789,663953.0
1708111800,112.2750015258789,112.27999877929688,111.62999725341797,111.80500030517578,1163254.0
1708115400,111.80999755859375,111.81999969482422,111.26499938964844,111.5999984741211,1478537.0
1708439400,110.66999816894531,111.12799835205078,109.54000091552734,109.68000030517578,2052313.0
1708443000,109.69999694824219,110.30999755859375,109.62000274658203,110.30999755859375,823863.0
1708446600,110.31500244140625,110.31999969482422,110.0,110.12000274658203,573748.0
1708450200,110.12999725341797,110.30079650878906,109.91000366210938,109.94010162353516,485227.0
1708453800,109.94499969482422,110.12000274658203,109.7249984741211,109.9749984741211,671961.0
1708457400,109.9800033569336,110.13999938964844,109.8499984741211,110.01000213623047,688128.0
1708461000,110.01439666748047,110.02999877929688,109.3499984741211,109.44499969482422,1473135.0
1708525800,108.4800033569336,109.22000122070312,108.33000183105469,108.41000366210938,1938805.0
1708529400,108.4020004272461,108.44999694824219,107.90499877929688,108.27999877929688,1327264.0
1708533000,108.2699966430664,108.30079650878906,107.69999694824219,107.71040344238281,854401.0
1708536600,107.72000122070312,108.05000305175781,107.45999908447266,107.81999969482422,1024993.0
1708540200,107.82499694824219,107.91999816894531,107.47049713134766,107.59500122070312,744719.0
1708543800,107.58999633789062,107.63999938964844,107.23500061035156,107.4000015258789,1096203.0
1708547400,107.4000015258789,107.80500030517578,107.30500030517578,107.66999816894531,1519171.0
1708612200,108.08999633789062,108.38999938964844,107.79000091552734,108.04000091552734,2190777.0
1708615800,108.05000305175781,108.33999633789062,107.66999816894531,108.19000244140625,900541.0
1708619400,108.19999694824219,108.2300033569336,107.87999725341797,108.02999877929688,674182.0
1708623000,108.04000091552734,108.05999755859375,107.7300033569336,107.93009948730469,631986.0
1708626600,107.94000244140625,108.1500015258789,107.77420043945312,108.08999633789062,740696.0
1708630200,108.0999984741211,108.0999984741211,107.57499694824219,107.80500030517578,969022.0
1708633800,107.80999755859375,107.80999755859375,107.40499877929688,107.63999938964844,1974867.0
1708698600,107.55999755859375,108.0,105.83000183105469,106.0875015258789,3231134.0
1708702200,106.1050033569336,106.63999938964844,105.97000122070312,106.58999633789062,2106401.0
1708705800,106.58000183105469,107.19999694824219,106.47019958496094,107.05999755859375,796228.0
1708709400,107.05999755859375,107.58999633789062,106.84500122070312,107.44000244140625,1351556.0
1708713000,107.44000244140625,107.80999755859375,107.31500244140625,107.58499908447266,825899.0
1708716600,107.5999984741211,107.72000122070312,107.1500015258789,107.625,817358.0
1708720200,107.61000061035156,107.9000015258789,107.54000091552734,107.7699966430664,991830.0
1708957800,107.5199966430664,108.76000213623047,107.37999725341797,108.46499633789062,1550609.0
1708961400,108.45999908447266,108.68499755859375,108.24500274658203,108.55000305175781,846452.0
1708965000,108.53500366210938,108.59500122070312,108.05999755859375,108.08000183105469,1553984.0
1708968600,108.08000183105469,108.16000366210938,107.81999969482422,107.9000015258789,679496.0
1708972200,107.91000366210938,107.94999694824219,107.54000091552734,107.58999633789062,609537.0
1708975800,107.58999633789062,107.91999816894531,107.48999786376953,107.83000183105469,792345.0
1708979400,107.83000183105469,107.87000274658203,107.59500122070312,107.69000244140625,1100326.0
1709044200,107.77999877929688,108.55999755859375,107.77999877929688,108.09010314941406,1491380.0
1709047800,108.06999969482422,108.5,107.98999786376953,108.47000122070312,926324.0
1709051400,108.45999908447266,108.72000122070312,108.19999694824219,108.25499725341797,594071.0
1709055000,108.25,108.69999694824219,108.22000122070312,108.625,641055.0
1709058600,108.62000274658203,109.08499908447266,108.59490203857422,108.74500274658203,958774.0
1709062200,108.7499008178711,109.16500091552734,108.7499008178711,109.11499786376953,626922.0
1709065800,109.11499786376953,109.58000183105469,109.11000061035156,109.43000030517578,1338594.0
1709130600,108.77999877929688,110.5,108.66100311279297,110.34500122070312,1933648.0
1709134200,110.33000183105469,110.70999908447266,110.20999908447266,110.51000213623047,1208397.0
1709137800,110.50740051269531,110.8499984741211,110.37999725341797,110.81500244140625,1149000.0
1709141400,110.81999969482422,110.9800033569336,110.62000274658203,110.7500991821289,1138775.0
1709145000,110.76000213623047,110.80500030517578,110.2699966430664,110.33000183105469,1085102.0
1709148600,110.33499908447266,110.83000183105469,110.16999816894531,110.74500274658203,1095925.0
1709152200,110.74500274658203,111.04000091552734,110.7300033569336,110.80999755859375,1834801.0
1709217000,111.13999938964844,112.75,111.06999969482422,111.73999786376953,1998698.0
1709220600,111.73999786376953,111.80000305175781,111.22000122070312,111.55149841308594,943636.0
1709224200,111.55500030517578,111.55999755859375,111.02999877929688,111.41999816894531,868090.0
1709227800,111.41000366210938,111.62000274658203,110.97000122070312,111.12999725341797,845591.0
1709231400,111.1449966430664,111.35990142822266,111.04499816894531,111.06999969482422,615876.0
1709235000,111.07499694824219,111.58000183105469,111.05999755859375,111.47750091552734,936913.0
1709238600,111.47250366210938,111.88999938964844,111.45500183105469,111.5199966430664,1937581.0
1709303400,111.44000244140625,112.08999633789062,111.27519989013672,111.7699966430664,1374905.0
1709307000,111.77999877929688,111.80000305175781,111.02999877929688,111.44999694824219,866457.0
1709310600,111.44000244140625,111.90989685058594,111.29000091552734,111.8550033569336,646559.0
1709314200,111.8550033569336,112.04000091552734,111.73999786376953,112.04000091552734,679350.0
1709317800,112.04519653320312,112.1449966430664,111.75,111.77410125732422,738071.0
1709321400,111.77999877929688,111.9822998046875,111.74009704589844,111.91000366210938,835638.0
1709325000,111.91000366210938,112.11499786376953,111.86000061035156,111.94000244140625,1126379.0
1709562600,112.66999816894531,113.62989807128906,111.80000305175781,113.41000366210938,3434608.0
1709566200,113.41000366210938,113.62000274658203,112.58999633789062,112.60299682617188,1113722.0
1709569800,112.5999984741211,113.04000091552734,112.55010223388672,112.94000244140625,840696.0
1709573400,112.95500183105469,113.66999816894531,112.8949966430664,113.62909698486328,1131739.0
1709577000,113.625,113.9000015258789,113.47000122070312,113.66000366210938,880655.0
1709580600,113.66000366210938,114.11000061035156,113.5999984741211,114.02999877929688,1248691.0
1709584200,114.02999877929688,114.12999725341797,113.61000061035156,113.69000244140625,1318262.0
1709649000,113.61000061035156,114.41600036621094,113.08000183105469,113.92109680175781,2032504.0
1709652600,113.91999816894531,113.94999694824219,113.51000213623047,113.81999969482422,1080489.0
1709656200,113.80999755859375,113.96499633789062,112.94000244140625,113.08999633789062,1491703.0
1709659800,113.08999633789062,115.19000244140625,112.31320190429688,114.19999694824219,3857572.0
1709663400,114.21499633789062,114.69000244140625,112.88009643554688,113.0,2484578.0
1709667000,113.0,113.24500274658203,112.2699966430664,112.32499694824219,1390861.0
1709670600,112.33000183105469,113.02999877929688,112.31500244140625,112.87000274658203,1199988.0
1709735400,113.08000183105469,113.30000305175781,110.29000091552734,110.41999816894531,3150139.0
1709739000,110.4000015258789,111.0199966430664,110.33999633789062,110.95999908447266,1637583.0
1709742600,110.96499633789062,111.04000091552734,110.4800033569336,110.84500122070312,1372452.0
1709746200,110.8499984741211,110.86000061035156,109.44999694824219,109.57499694824219,1821093.0
1709749800,109.56999969482422,110.20999908447266,109.25,109.96240234375,1419693.0
1709753400,109.95760345458984,109.99500274658203,109.73500061035156,109.91999816894531,1452563.0
1709757000,109.91999816894531,110.33000183105469,109.68000030517578,110.08000183105469,2310360.0
1709821800,110.69999694824219,111.08000183105469,109.7699966430664,109.7699966430664,1617178.0
1709825400,109.7699966430664,110.06999969482422,109.34210205078125,109.44000244140625,1388846.0
1709829000,109.44000244140625,109.58999633789062,109.19999694824219,109.30000305175781,1018600.0
1709832600,109.33000183105469,110.19999694824219,109.33000183105469,110.17500305175781,729964.0
1709836200,110.19000244140625,110.4000015258789,110.125,110.17500305175781,664686.0
1709839800,110.16999816894531,110.2699966430664,110.0,110.08499908447266,836639.0
1709843400,110.08000183105469,110.3499984741211,109.98999786376953,110.12999725341797,1279024.0
1709908200,110.18000030517578,111.30999755859375,109.33999633789062,110.08999633789062,3644712.0
1709911800,110.0999984741211,110.9800033569336,109.8499984741211,110.36000061035156,1853430.0
1709915400,110.36000061035156,110.5199966430664,110.06999969482422,110.16000366210938,647628.0
1709919000,110.16000366210938,110.62000274658203,110.05999755859375,110.51499938964844,604242.0
1709922600,110.51000213623047,110.77999877929688,110.16000366210938,110.75499725341797,538990.0
1709926200,110.74500274658203,110.91999816894531,110.27999877929688,110.31999969482422,736933.0
1709929800,110.33000183105469,110.61000061035156,110.26000213623047,110.33999633789062,1064036.0
1710163800,110.08999633789062,111.44999694824219,110.02999877929688,111.07499694824219,1376215.0
1710167400,111.06999969482422,111.79000091552734,111.04000091552734,111.7300033569336,941268.0
1710171000,111.72000122070312,112.53990173339844,111.66999816894531,112.37999725341797,1126398.0
1710174600,112.37999725341797,112.69999694824219,112.0999984741211,112.66000366210938,1120778.0
1710178200,112.66500091552734,112.91000366210938,112.55999755859375,112.73500061035156,930170.0
1710181800,112.7300033569336,112.76499938964844,112.41999816894531,112.44000244140625,763235.0
1710185400,112.44499969482422,112.68499755859375,112.22000122070312,112.31999969482422,1303896.0
1710250200,112.51499938964844,112.94999694824219,111.63999938964844,112.37000274658203,1490521.0
1710253800,112.36499786376953,112.61000061035156,112.08999633789062,112.11499786376953,706229.0
1710257400,112.11499786376953,112.25499725341797,111.87000274658203,111.97000122070312,594410.0
1710261000,111.94999694824219,112.04000091552734,111.66999816894531,111.95999908447266,527275.0
1710264600,111.94999694824219,112.16000366210938,111.83999633789062,112.1510009765625,431208.0
1710268200,112.1500015258789,112.61000061035156,112.125,112.52999877929688,906991.0
1710271800,112.54499816894531,112.72000122070312,112.38999938964844,112.44999694824219,1103917.0
1710336600,112.73999786376953,114.12999725341797,112.62999725341797,113.80999755859375,1801236.0
1710340200,113.80999755859375,113.88999938964844,113.0447006225586,113.05999755859375,830707.0
1710343800,113.05000305175781,113.19999694824219,112.66000366210938,112.875,732947.0
1710347400,112.875,113.05000305175781,112.68000030517578,112.76300048828125,559584.0
1710351000,112.76000213623047,113.06999969482422,112.62000274658203,113.06999969482422,560551.0
1710354600,113.07499694824219,113.11000061035156,112.43499755859375,112.55999755859375,690859.0
1710358200,112.55999755859375,112.7979965209961,112.45999908447266,112.52999877929688,1063188.0
1710423000,111.73999786376953,112.3499984741211,109.51000213623047,110.29000091552734,2373483.0
1710426600,110.30500030517578,110.51000213623047,109.98999786376953,110.12000274658203,900061.0
1710430200,110.12999725341797,111.13999938964844,110.0302963256836,110.94999694824219,896713.0
1710433800,110.94999694824219,111.2300033569336,110.80000305175781,110.94270324707031,704921.0
1710437400,110.94000244140625,111.5199966430664,110.81999969482422,111.42500305175781,786453.0
1710441000,111.41999816894531,111.69000244140625,111.11000061035156,111.30000305175781,1042948.0
1710444600,111.30000305175781,112.1500015258789,111.16000366210938,112.11000061035156,1519623.0
1710509400,111.5999984741211,112.80000305175781,111.4000015258789,112.12989807128906,2666972.0
1710513000,112.12999725341797,112.95999908447266,112.11000061035156,112.5,1514575.0
1710516600,112.51000213623047,112.83999633789062,112.26000213623047,112.30000305175781,756746.0
1710520200,112.30000305175781,112.47000122070312,111.83000183105469,112.41000366210938,1272836.0
1710523800,112.41000366210938,112.49500274658203,112.11009979248047,112.30999755859375,718291.0
1710527400,112.30999755859375,112.69999694824219,112.0,112.20999908447266,1140630.0
1710531000,112.21499633789062,112.27999877929688,111.80000305175781,111.95999908447266,1671940.0
1710768600,112.29000091552734,113.94000244140625,112.29000091552734,113.25,1964112.0
1710772200,113.26000213623047,113.8772964477539,113.24490356445312,113.83499908447266,1380113.0
1710775800,113.83499908447266,114.43000030517578,113.77999877929688,114.30500030517578,1512344.0
1710779400,114.27999877929688,114.35769653320312,113.7573013305664,113.79000091552734,1009452.0
1710783000,113.80000305175781,114.06999969482422,113.48999786376953,113.98999786376953,1196822.0
1710786600,113.98999786376953,114.08000183105469,113.62999725341797,113.71499633789062,1464155.0
1710790200,113.70999908447266,113.9800033569336,113.5896987915039,113.8499984741211,1810293.0
1710855000,113.41000366210938,114.16999816894531,113.24310302734375,113.81999969482422,1736236.0
1710858600,113.80999755859375,114.37000274658203,113.78500366210938,114.31500244140625,1533936.0
1710862200,114.31500244140625,114.93000030517578,114.30500030517578,114.77999877929688,1127806.0
1710865800,114.7699966430664,115.16999816894531,114.7300033569336,114.98999786376953,1360118.0
1710869400,114.9800033569336,115.14009857177734,114.70999908447266,114.9000015258789,1180455.0
1710873000,114.90499877929688,114.95999908447266,114.73999786376953,114.83499908447266,1073983.0
1710876600,114.83000183105469,114.9000015258789,114.43000030517578,114.52989959716797,1553567.0
1710941400,114.61000061035156,115.75,114.36000061035156,114.80750274658203,2308177.0
1710945000,114.76000213623047,115.68000030517578,114.6500015258789,115.62799835205078,2234373.0
1710948600,115.61000061035156,115.94000244140625,115.5,115.7300033569336,1217455.0
1710952200,115.70999908447266,115.70999908447266,114.97000122070312,115.05999755859375,784518.0
1710955800,115.05000305175781,115.66999816894531,114.75,115.62999725341797,742798.0
1710959400,115.63999938964844,116.33000183105469,115.1500015258789,116.25499725341797,1248687.0
1710963000,116.25,116.51000213623047,116.0199966430664,116.44999694824219,1497078.0
1711027800,116.98999786376953,117.19000244140625,115.86000061035156,116.30000305175781,1786828.0
1711031400,116.31999969482422,116.91000366210938,116.18000030517578,116.66480255126953,1425031.0
1711035000,116.6500015258789,116.77999877929688,116.44999694824219,116.4800033569336,792924.0
1711038600,116.4800033569336,116.6050033569336,116.20089721679688,116.58000183105469,676031.0
1711042200,116.58999633789062,117.13999938964844,116.56999969482422,117.12000274658203,966968.0
1711045800,117.12000274658203,117.36000061035156,116.94000244140625,117.26000213623047,1358727.0
1711049400,117.25499725341797,117.3499984741211,116.68000030517578,116.69000244140625,1256987.0
1711114200,116.91999816894531,117.66000366210938,115.9800033569336,116.1615982055664,1465392.0
1711117800,116.18000030517578,116.44000244140625,115.91000366210938,116.26000213623047,781099.0
1711121400,116.25,116.41999816894531,115.87000274658203,116.08000183105469,699639.0
1711125000,116.05999755859375,116.4000015258789,115.87000274658203,116.30500030517578,461778.0
1711128600,116.30500030517578,116.55999755859375,116.27020263671875,116.54000091552734,480684.0
1711132200,116.55000305175781,116.55500030517578,116.22000122070312,116.26000213623047,602156.0
1711135800,116.26000213623047,116.27999877929688,115.83999633789062,115.83999633789062,844475.0
1711373400,116.97000122070312,119.41000366210938,116.87000274658203,117.91000366210938,3290339.0
1711377000,117.91500091552734,118.75,117.75,118.73999786376953,1156626.0
1711380600,118.7300033569336,118.8499984741211,118.23999786376953,118.47989654541016,964450.0
1711384200,118.47200012207031,118.86000061035156,118.3301010131836,118.3301010131836,1141855.0
1711387800,118.33999633789062,118.69999694824219,118.30000305175781,118.6603012084961,657640.0
1711391400,118.66500091552734,119.16000366210938,118.58000183105469,119.08999633789062,1461328.0
1711395000,119.08000183105469,119.37999725341797,118.9749984741211,119.37000274658203,1650982.0
1711459800,119.62999725341797,119.77999877929688,118.19000244140625,118.4749984741211,1811870.0
1711463400,118.47000122070312,118.9000015258789,118.41000366210938,118.54090118408203,958863.0
1711467000,118.54499816894531,118.75,118.43499755859375,118.58999633789062,542978.0
1711470600,118.5999984741211,119.09500122070312,118.55000305175781,119.06500244140625,601450.0
1711474200,119.05249786376953,119.94999694824219,118.68879699707031,119.77999877929688,1427732.0
1711477800,119.78500366210938,120.4000015258789,119.77999877929688,120.33499908447266,2254965.0
1711481400,120.33000183105469,120.33499908447266,119.68000030517578,119.95999908447266,1891196.0
1711546200,120.95500183105469,122.02619934082031,120.58000183105469,120.62000274658203,2576698.0
1711549800,120.5999984741211,121.25,120.37010192871094,120.5199966430664,1659346.0
1711553400,120.51000213623047,120.69390106201172,120.1500015258789,120.29499816894531,665619.0
1711557000,120.28520202636719,120.54000091552734,120.20500183105469,120.3499984741211,875153.0
1711560600,120.3499984741211,120.44000244140625,120.02010345458984,120.41999816894531,646940.0
1711564200,120.43000030517578,120.62000274658203,120.30000305175781,120.55000305175781,881821.0
1711567800,120.55999755859375,121.16000366210938,120.51499938964844,120.98999786376953,1388740.0
1711632600,121.25,123.73999786376953,121.19999694824219,122.63999938964844,3799798.0
1711636200,122.6449966430664,122.77999877929688,122.0250015258789,122.72000122070312,1777012.0
1711639800,122.7249984741211,123.08000183105469,122.5999984741211,122.5999984741211,1240064.0
1711643400,122.5999984741211,122.76930236816406,122.37000274658203,122.44000244140625,895525.0
1711647000,122.44000244140625,122.87999725341797,122.37999725341797,122.51000213623047,928408.0
1711650600,122.51000213623047,122.55000305175781,122.18000030517578,122.33999633789062,1118971.0
1711654200,122.3499984741211,122.55000305175781,122.29000091552734,122.33999633789062,1843612.0
1711978200,122.05999755859375,122.39990234375,121.06999969482422,121.58999633789062,2059700.0
1711981800,121.57499694824219,121.7699966430664,121.24739837646484,121.65010070800781,916722.0
1711985400,121.6500015258789,121.66000366210938,121.3499984741211,121.56999969482422,738414.0
1711989000,121.57990264892578,121.62000274658203,120.77999877929688,120.9458999633789,1042385.0
1711992600,120.93499755859375,121.43499755859375,120.79000091552734,121.37999725341797,811849.0
1711996200,121.37999725341797,121.55000305175781,121.2300033569336,121.41999816894531,863889.0
1711999800,121.42500305175781,121.56500244140625,121.33999633789062,121.5199966430664,1032388.0
1712064600,120.22000122070312,121.54989624023438,120.16000366210938,120.6050033569336,2805723.0
1712068200,120.6050033569336,121.33000183105469,120.58999633789062,121.30010223388672,1231391.0
1712071800,121.30500030517578,121.47000122070312,121.05500030517578,121.27999877929688,1393361.0
1712075400,121.30000305175781,121.69999694824219,121.29000091552734,121.52989959716797,1366418.0
1712079000,121.5199966430664,122.7300033569336,121.2699966430664,122.43000030517578,2271005.0
1712082600,122.41999816894531,123.16000366210938,122.33000183105469,123.04010009765625,2830018.0
1712086200,123.05999755859375,123.52999877929688,122.66999816894531,122.88999938964844,1959308.0
1712151000,122.2699966430664,123.69020080566406,121.29000091552734,122.27999877929688,2636872.0
1712154600,122.27020263671875,122.56500244140625,122.0250015258789,122.48500061035156,823453.0
1712158200,122.48999786376953,122.55500030517578,121.97000122070312,122.13300323486328,1093117.0
1712161800,122.16000366210938,122.23999786376953,120.69000244140625,121.08000183105469,2453178.0
1712165400,121.08999633789062,121.12000274658203,119.76000213623047,119.83999633789062,4148472.0
1712169000,119.8228988647461,120.43000030517578,118.37999725341797,118.73999786376953,6508923.0
1712172600,118.75,119.29000091552734,118.63999938964844,118.95999908447266,2718619.0
1712237400,119.22000122070312,119.81999969482422,118.33999633789062,119.69000244140625,3143025.0
1712241000,119.69000244140625,120.0,119.35099792480469,119.96009826660156,1719115.0
1712244600,119.97000122070312,120.19000244140625,119.54000091552734,119.9749984741211,1451228.0
1712248200,119.97000122070312,120.12000274658203,119.19999694824219,119.6500015258789,1347914.0
1712251800,119.66000366210938,119.72000122070312,118.22000122070312,118.29000091552734,980141.0
1712255400,118.2699966430664,118.37000274658203,117.19999694824219,117.21199798583984,2045599.0
1712259000,117.20999908447266,117.5199966430664,116.95999908447266,117.13999938964844,1772267.0
1712323800,116.5999984741211,118.16000366210938,116.30000305175781,117.69000244140625,2112212.0
1712327400,117.70500183105469,118.37000274658203,117.61000061035156,118.22000122070312,1142328.0
1712331000,118.1989974975586,118.77999877929688,118.08999633789062,118.62999725341797,1413238.0
1712334600,118.62999725341797,118.86000061035156,118.38999938964844,118.58999633789062,981765.0
1712338200,118.58000183105469,118.6500015258789,118.06999969482422,118.31999969482422,658795.0
1712341800,118.33000183105469,118.62999725341797,118.29000091552734,118.44999694824219,686780.0
1712345400,118.45999908447266,118.70999908447266,118.33000183105469,118.4000015258789,1049642.0
1712583000,118.0199966430664,118.5199966430664,117.12999725341797,117.25,1612429.0
1712586600,117.22010040283203,117.44000244140625,116.81999969482422,117.1500015258789,781808.0
1712590200,117.13999938964844,117.54000091552734,117.06749725341797,117.25,777792.0
1712593800,117.26000213623047,117.71990203857422,117.16000366210938,117.68000030517578,505996.0
1712597400,117.69010162353516,117.95999908447266,117.47000122070312,117.80000305175781,432463.0
1712601000,117.77999877929688,117.79000091552734,117.47000122070312,117.62000274658203,457466.0
1712604600,117.5999984741211,117.72000122070312,117.26000213623047,117.36000061035156,840652.0
1712669400,117.37999725341797,118.01000213623047,116.88999938964844,117.51000213623047,1454669.0
1712673000,117.5,117.94999694824219,117.19999694824219,117.88999938964844,676533.0
1712676600,117.87999725341797,118.51000213623047,117.77999877929688,118.44999694824219,1088849.0
1712680200,118.44860076904297,118.4800033569336,118.0999984741211,118.18000030517578,464021.0
1712683800,118.18499755859375,118.30000305175781,117.95999908447266,118.22000122070312,667752.0
1712687400,118.22000122070312,118.23999786376953,117.77999877929688,118.2300033569336,1012981.0
1712691000,118.23999786376953,118.30999755859375,117.7699966430664,117.98999786376953,1036198.0
1712755800,116.5999984741211,117.4800033569336,116.37000274658203,117.2249984741211,1242927.0
1712759400,117.26000213623047,117.55000305175781,116.87000274658203,117.27999877929688,754783.0
1712763000,117.27999877929688,117.31500244140625,116.75,116.94000244140625,624105.0
1712766600,116.92500305175781,117.55999755859375,116.77999877929688,117.37000274658203,684933.0
1712770200,117.3499984741211,117.37999725341797,116.72000122070312,116.76000213623047,497327.0
1712773800,116.7699966430664,117.48999786376953,116.6050033569336,117.31500244140625,741316.0
1712777400,117.30999755859375,117.44000244140625,117.11000061035156,117.16000366210938,857771.0
1712842200,117.58999633789062,118.02999877929688,116.55000305175781,116.68499755859375,1146502.0
1712845800,116.6792984008789,116.87999725341797,116.37000274658203,116.62000274658203,965230.0
1712849400,116.58999633789062,117.0999984741211,116.44999694824219,116.84750366210938,512504.0
1712853000,116.8499984741211,117.75,116.82620239257812,117.63999938964844,357204.0
1712856600,117.6500015258789,118.25849914550781,117.62999725341797,118.125,697342.0
1712860200,118.125,118.27999877929688,117.88999938964844,117.88999938964844,729273.0
1712863800,117.87999725341797,117.91000366210938,117.0999984741211,117.1500015258789,1172342.0
1712928600,116.38999938964844,116.69999694824219,114.26000213623047,114.58999633789062,2834935.0
1712932200,114.55999755859375,114.97000122070312,113.83999633789062,114.35590362548828,1660428.0
1712935800,114.36000061035156,114.77999877929688,114.2699966430664,114.45999908447266,847057.0
1712939400,114.45999908447266,114.52999877929688,114.0199966430664,114.09619903564453,712998.0
1712943000,114.08070373535156,114.46690368652344,113.95999908447266,114.30000305175781,896761.0
1712946600,114.30999755859375,114.30999755859375,113.88999938964844,113.95999908447266,1148136.0
1712950200,113.95999908447266,114.27999877929688,113.79000091552734,114.05999755859375,1913368.0
1713187800,114.875,115.55000305175781,113.80999755859375,114.37000274658203,1798430.0
1713191400,114.37999725341797,114.69999694824219,113.74500274658203,114.02999877929688,956750.0
1713195000,114.0208969116211,114.58000183105469,113.98999786376953,114.1500015258789,582862.0
1713198600,114.12999725341797,114.12999725341797,113.13520050048828,113.13999938964844,551076.0
1713202200,113.1500015258789,113.4000015258789,112.7699966430664,113.06500244140625,1116137.0
1713205800,113.05000305175781,113.33999633789062,112.87999725341797,112.95999908447266,1419170.0
1713209400,112.95999908447266,113.25,112.88999938964844,112.97000122070312,1090629.0
1713274200,112.81999969482422,113.70800018310547,112.5199966430664,113.33999633789062,1218861.0
1713277800,113.34100341796875,114.29000091552734,113.27999877929688,114.05999755859375,911568.0
1713281400,114.02999877929688,114.37999725341797,113.80000305175781,114.25,1060573.0
1713285000,114.26000213623047,114.30999755859375,113.94000244140625,114.06999969482422,540162.0
1713288600,114.0999984741211,114.5,113.58999633789062,113.7300033569336,657049.0
1713292200,113.75,114.27999877929688,113.75,114.05999755859375,572611.0
1713295800,114.05999755859375,114.26499938964844,113.70999908447266,113.87999725341797,1114202.0
1713360600,114.0,114.20999908447266,113.69999694824219,113.87000274658203,1112502.0
1713364200,113.87999725341797,114.04000091552734,113.60009765625,113.69000244140625,582362.0
1713367800,113.6803970336914,113.97000122070312,113.33999633789062,113.48999786376953,793602.0
1713371400,113.4800033569336,113.54000091552734,113.04000091552734,113.37000274658203,719469.0
1713375000,113.37000274658203,113.55999755859375,113.22000122070312,113.33999633789062,967783.0
1713378600,113.3499984741211,113.7699966430664,112.9749984741211,113.375,853761.0
1713382200,113.37000274658203,113.42500305175781,112.88999938964844,112.94999694824219,996442.0
1713447000,113.18000030517578,113.56999969482422,112.7699966430664,113.36000061035156,901915.0
1713450600,113.36000061035156,114.25,113.36000061035156,113.83499908447266,731949.0
1713454200,113.8499984741211,113.96700286865234,113.38999938964844,113.66000366210938,385680.0
1713457800,113.66000366210938,113.69999694824219,112.88999938964844,113.13500213623047,515063.0
1713461400,113.12000274658203,113.16300201416016,112.66000366210938,112.8499984741211,790767.0
1713465000,112.8499984741211,113.1500015258789,112.62030029296875,112.86000061035156,992630.0
1713468600,112.87000274658203,113.0010986328125,112.19000244140625,112.44000244140625,1712667.0
1713533400,111.72000122070312,112.41999816894531,111.08000183105469,112.0,2149369.0
1713537000,112.00980377197266,112.19999694824219,111.69000244140625,111.7300033569336,950785.0
1713540600,111.72000122070312,111.8499984741211,111.2750015258789,111.5,936465.0
1713544200,111.5,112.22000122070312,111.5,111.98999786376953,1097388.0
1713547800,111.98999786376953,112.58999633789062,111.95999908447266,112.22000122070312,527331.0
1713551400,112.19999694824219,112.34500122070312,112.01000213623047,112.25,738155.0
1713555000,112.23999786376953,112.71499633789062,112.04000091552734,112.61000061035156,1274198.0
1713792600,113.0999984741211,113.44999694824219,111.91999816894531,112.01219940185547,916220.0
1713796200,112.02999877929688,112.18000030517578,111.75,112.15499877929688,596292.0
1713799800,112.1500015258789,112.41000366210938,111.9800033569336,112.26000213623047,502138.0
1713803400,112.2699966430664,112.94000244140625,112.1500015258789,112.94000244140625,712432.0
1713807000,112.94000244140625,113.63999938964844,112.9000015258789,113.25,631749.0
1713810600,113.26000213623047,113.27999877929688,112.37999725341797,112.44000244140625,790493.0
1713814200,112.44000244140625,112.44000244140625,111.8499984741211,111.98999786376953,1103883.0
1713879000,112.83000183105469,113.48999786376953,112.80000305175781,113.04000091552734,1146214.0
1713882600,113.05000305175781,113.33999633789062,112.81670379638672,113.26499938964844,834520.0
1713886200,113.26499938964844,113.6500015258789,113.19000244140625,113.64910125732422,530452.0
1713889800,113.66000366210938,114.16000366210938,113.66000366210938,114.08000183105469,726168.0
1713893400,114.08499908447266,114.23999786376953,113.58000183105469,113.58000183105469,846812.0
1713897000,113.58000183105469,113.8499984741211,113.47000122070312,113.81999969482422,614768.0
1713900600,113.81999969482422,113.91999816894531,113.66999816894531,113.72000122070312,865296.0
1713965400,113.13999938964844,113.9749984741211,113.13999938964844,113.56999969482422,1528671.0
1713969000,113.55000305175781,113.69999694824219,113.33999633789062,113.5199966430664,874114.0
1713972600,113.5199966430664,113.68000030517578,113.41000366210938,113.5999984741211,643059.0
1713976200,113.58000183105469,113.58999633789062,113.33999633789062,113.56999969482422,365047.0
1713979800,113.58000183105469,113.87999725341797,113.44999694824219,113.52999877929688,402505.0
1713983400,113.5199966430664,113.97000122070312,113.43000030517578,113.94000244140625,527374.0
1713987000,113.93499755859375,114.18000030517578,113.87999725341797,113.94000244140625,912023.0
1714051800,111.22000122070312,112.02999877929688,110.38999938964844,111.72000122070312,2161316.0
1714055400,111.72000122070312,111.93000030517578,111.3499984741211,111.83999633789062,929719.0
1714059000,111.83499908447266,112.27999877929688,111.62999725341797,112.11000061035156,643123.0
1714062600,112.12000274658203,112.37999725341797,112.04000091552734,112.37999725341797,644977.0
1714066200,112.36000061035156,112.62740325927734,112.11000061035156,112.16000366210938,647396.0
1714069800,112.16000366210938,112.80500030517578,112.1500015258789,112.7750015258789,625787.0
1714073400,112.7699966430664,112.88999938964844,112.45999908447266,112.76000213623047,1151226.0
1714138200,111.8499984741211,113.02179718017578,111.31999969482422,112.6500015258789,984836.0
1714141800,112.62000274658203,112.79000091552734,112.12000274658203,112.1500015258789,535736.0
1714145400,112.13999938964844,112.62000274658203,111.97000122070312,112.5,434554.0
1714149000,112.5199966430664,112.69000244140625,112.41000366210938,112.41000366210938,321545.0
1714152600,112.41999816894531,112.52999877929688,112.12000274658203,112.19000244140625,558046.0
1714156200,112.18000030517578,112.45999908447266,112.08000183105469,112.44999694824219,645942.0
1714159800,112.44000244140625,112.80999755859375,112.39099884033203,112.72000122070312,888998.0
1714397400,113.51000213623047,113.87999725341797,112.625,112.66000366210938,870570.0
1714401000,112.63999938964844,112.86000061035156,112.45999908447266,112.7699966430664,522521.0
1714404600,112.7699966430664,113.0199966430664,112.59380340576172,112.7301025390625,497325.0
1714408200,112.74009704589844,112.92990112304688,112.5199966430664,112.5999984741211,442789.0
1714411800,112.61499786376953,112.69000244140625,110.33999633789062,112.5199966430664,563248.0
1714415400,112.5199966430664,112.5259017944336,111.875,111.95999908447266,714257.0
1714419000,111.9800033569336,112.0999984741211,111.80999755859375,112.05999755859375,1198010.0
1714483800,112.0,112.04000091552734,111.12000274658203,111.19000244140625,1462444.0
1714487400,111.18000030517578,111.83000183105469,111.08000183105469,111.38999938964844,938178.0
1714491000,111.4000015258789,111.62999725341797,111.30500030517578,111.56999969482422,513352.0
1714494600,111.56999969482422,111.56999969482422,111.12999725341797,111.16999816894531,556855.0
1714498200,111.16000366210938,111.44999694824219,111.1449966430664,111.31999969482422,544005.0
1714501800,111.31999969482422,111.48999786376953,110.80000305175781,110.97000122070312,911427.0
1714505400,110.97000122070312,111.5250015258789,110.91000366210938,111.08000183105469,1067702.0
1714570200,111.29000091552734,111.61000061035156,110.6500015258789,110.69270324707031,751532.0
1714573800,110.69599914550781,110.91000366210938,110.48999786376953,110.83000183105469,571560.0
1714577400,110.83000183105469,111.05000305175781,110.7699966430664,110.93000030517578,423130.0
1714581000,110.94000244140625,110.94999694824219,110.66000366210938,110.74150085449219,354481.0
1714584600,110.75,111.06999969482422,110.69999694824219,111.02999877929688,428210.0
1714588200,111.06999969482422,111.98999786376953,110.5999984741211,111.4000015258789,1130447.0
1714591800,111.4000015258789,111.40010070800781,110.20999908447266,110.44000244140625,1224793.0
1714656600,111.43000030517578,112.12999725341797,110.55999755859375,111.23999786376953,1758245.0
1714660200,111.22000122070312,111.81999969482422,110.83000183105469,111.38999938964844,756705.0
1714663800,111.38999938964844,111.70999908447266,111.16000366210938,111.68000030517578,532910.0
1714667400,111.66999816894531,112.29000091552734,111.45999908447266,112.26000213623047,454857.0
1714671000,112.26000213623047,112.80000305175781,112.13999938964844,112.55500030517578,588729.0
1714674600,112.55000305175781,112.87000274658203,112.5,112.54000091552734,657920.0
1714678200,112.54000091552734,112.63999938964844,112.4000015258789,112.62999725341797,1082070.0
1714743000,113.5,114.11000061035156,112.94249725341797,113.44000244140625,1280329.0
1714746600,113.43000030517578,113.5199966430664,112.79959869384766,113.01000213623047,885012.0
1714750200,113.0199966430664,113.62000274658203,112.98999786376953,113.58000183105469,934450.0
1714753800,113.57330322265625,113.73999786376953,113.4000015258789,113.63999938964844,781903.0
1714757400,113.63999938964844,113.94000244140625,113.5999984741211,113.72000122070312,686810.0
1714761000,113.73999786376953,113.94999694824219,113.58000183105469,113.83180236816406,661396.0
1714764600,113.83000183105469,113.95999908447266,113.66000366210938,113.66000366210938,1153395.0
1715002200,114.80000305175781,115.95999908447266,114.1500015258789,115.70999908447266,3543525.0
1715005800,115.70999908447266,115.9800033569336,115.4800033569336,115.4927978515625,1675950.0
1715009400,115.51000213623047,115.55000305175781,115.30999755859375,115.45999908447266,1314563.0
1715013000,115.44999694824219,116.48999786376953,115.44000244140625,116.33999633789062,1594183.0
1715016600,116.3499984741211,116.76000213623047,116.33000183105469,116.69380187988281,1851358.0
1715020200,116.69000244140625,116.9000015258789,116.27999877929688,116.48500061035156,1870219.0
1715023800,116.4800033569336,116.94000244140625,116.33999633789062,116.44999694824219,2866165.0
1715088600,107.25,107.87999725341797,105.26000213623047,105.94609832763672,20290055.0
1715092200,105.96990203857422,106.05000305175781,104.5999984741211,105.375,9880708.0
1715095800,105.37000274658203,105.48999786376953,104.20999908447266,104.5999984741211,6253009.0
1715099400,104.5999984741211,105.0999984741211,104.30000305175781,104.91500091552734,3848969.0
1715103000,104.91840362548828,105.4000015258789,104.5,105.17500305175781,3797478.0
1715106600,105.18000030517578,106.19000244140625,104.86000061035156,106.0199966430664,3963182.0
1715110200,106.0199966430664,106.02999877929688,105.0,105.37999725341797,4840686.0
1715175000,104.9000015258789,106.4800033569336,104.44000244140625,105.7249984741211,4540240.0
1715178600,105.72000122070312,106.3396987915039,105.54499816894531,105.55000305175781,1986143.0
1715182200,105.54499816894531,105.87999725341797,105.3499984741211,105.37999725341797,1716445.0
1715185800,105.37999725341797,105.58000183105469,105.20500183105469,105.41000366210938,1168086.0
1715189400,105.41000366210938,105.56999969482422,105.25,105.54499816894531,944699.0
1715193000,105.55000305175781,105.56999969482422,105.19000244140625,105.46499633789062,1411675.0
1715196600,105.46089935302734,105.55000305175781,105.3499984741211,105.44000244140625,1985707.0
1715261400,104.62000274658203,106.12999725341797,104.38999938964844,105.69999694824219,3637052.0
1715265000,105.69999694824219,106.08999633789062,105.23999786376953,105.51000213623047,2005793.0
1715268600,105.5,105.62999725341797,105.2699966430664,105.55000305175781,1163358.0
1715272200,105.55989837646484,105.80000305175781,105.37000274658203,105.69000244140625,1251371.0
1715275800,105.69499969482422,105.9800033569336,105.6500015258789,105.66000366210938,2238902.0
1715279400,105.63999938964844,105.87999725341797,105.62999725341797,105.67500305175781,1462439.0
1715283000,105.68000030517578,105.90499877929688,105.62999725341797,105.79000091552734,2255172.0
1715347800,106.91999816894531,107.0199966430664,105.61000061035156,105.88999938964844,4333511.0
1715351400,105.87999725341797,106.05999755859375,105.41999816894531,105.71499633789062,1804251.0
1715355000,105.70999908447266,105.95999908447266,105.56999969482422,105.94999694824219,1284018.0
1715358600,105.94819641113281,106.27999877929688,105.87000274658203,105.88619995117188,2385947.0
1715362200,105.87999725341797,106.04000091552734,105.75,105.75,944350.0
1715365800,105.73999786376953,105.9000015258789,105.70500183105469,105.88500213623047,1662965.0
1715369400,105.88500213623047,105.9800033569336,105.75,105.79000091552734,2288725.0
1715607000,105.58999633789062,106.64080047607422,105.58999633789062,106.19999694824219,2752220.0
1715610600,106.19499969482422,106.37000274658203,106.0,106.0999984741211,1394762.0
1715614200,105.95999908447266,106.30000305175781,105.81999969482422,106.19999694824219,911564.0
1715617800,106.19840240478516,106.19999694824219,105.66999816894531,105.93000030517578,771607.0
1715621400,105.927001953125,105.95999908447266,105.76000213623047,105.93000030517578,666403.0
1715625000,105.91999816894531,105.95999908447266,105.6500015258789,105.69499969482422,981968.0
1715628600,105.69499969482422,105.86000061035156,105.66999816894531,105.83000183105469,1321637.0
1715693400,105.30000305175781,105.98999786376953,105.11000061035156,105.19999694824219,2160285.0
1715697000,105.20500183105469,105.63999938964844,104.94999694824219,105.31999969482422,1280954.0
1715700600,105.32499694824219,105.43499755859375,105.1500015258789,105.33999633789062,860619.0
1715704200,105.33999633789062,105.5199966430664,105.20999908447266,105.36000061035156,813969.0
1715707800,105.3499984741211,105.5,105.30500030517578,105.43499755859375,710780.0
1715711400,105.41999816894531,105.55000305175781,105.30999755859375,105.38999938964844,1194205.0
1715715000,105.38500213623047,105.6500015258789,105.29000091552734,105.3499984741211,2312595.0
1715779800,105.62000274658203,105.87999725341797,102.23999786376953,102.46499633789062,5856999.0
1715783400,102.47000122070312,102.7699966430664,101.38999938964844,102.2844009399414,4923794.0
1715787000,102.28009796142578,102.61000061035156,102.19499969482422,102.45999908447266,1937532.0
1715790600,102.47000122070312,102.9800033569336,102.37999725341797,102.97000122070312,1413875.0
1715794200,102.97930145263672,103.45999908447266,102.80999755859375,103.25,1424916.0
1715797800,103.24500274658203,103.25,102.69229888916016,102.7249984741211,1422947.0
1715801400,102.70500183105469,102.91000366210938,102.66000366210938,102.76000213623047,2017568.0
1715866200,103.04000091552734,104.02999877929688,102.83999633789062,103.56999969482422,2490761.0
1715869800,103.58999633789062,104.0199966430664,103.45999908447266,103.58999633789062,1285318.0
1715873400,103.6050033569336,103.91000366210938,103.49500274658203,103.51499938964844,983212.0
1715877000,103.51499938964844,103.56999969482422,103.1449966430664,103.34500122070312,797279.0
1715880600,103.33999633789062,103.53990173339844,103.26000213623047,103.45999908447266,668299.0
1715884200,103.45999908447266,103.66000366210938,103.44499969482422,103.58999633789062,678188.0
1715887800,103.58000183105469,103.66000366210938,103.28099822998047,103.41000366210938,1272404.0
1715952600,103.62999725341797,103.81999969482422,103.12000274658203,103.76000213623047,1728179.0
1715956200,103.76000213623047,103.78910064697266,103.05999755859375,103.22000122070312,771814.0
1715959800,103.22000122070312,103.37999725341797,103.04000091552734,103.25399780273438,566202.0
1715963400,103.2699966430664,103.43000030517578,103.15499877929688,103.30500030517578,473373.0
1715967000,103.30999755859375,103.41999816894531,103.22000122070312,103.4000015258789,492918.0
1715970600,103.41000366210938,103.56999969482422,103.30000305175781,103.45999908447266,629387.0
1715974200,103.45500183105469,103.46499633789062,103.19000244140625,103.29499816894531,1058772.0
1716211800,103.5999984741211,103.66999816894531,102.83580017089844,102.9884033203125,1774531.0
1716215400,102.9800033569336,103.13999938964844,102.9000015258789,102.9800033569336,733438.0
1716219000,102.9800033569336,103.08999633789062,102.82009887695312,102.87000274658203,1467827.0
1716222600,102.87000274658203,103.06999969482422,102.62999725341797,102.70999908447266,634737.0
1716226200,102.70999908447266,102.7699966430664,102.5199966430664,102.69000244140625,548011.0
1716229800,102.68009948730469,102.82240295410156,102.6500015258789,102.80999755859375,595407.0
1716233400,102.81999969482422,102.97000122070312,102.65499877929688,102.94000244140625,901139.0
1716298200,102.98999786376953,103.69989776611328,102.98999786376953,103.42389678955078,1216163.0
1716301800,103.41999816894531,103.58000183105469,103.2249984741211,103.44999694824219,695635.0
1716305400,103.44000244140625,103.48999786376953,102.95089721679688,103.08999633789062,548608.0
1716309000,103.08999633789062,103.0999984741211,102.72000122070312,102.79000091552734,461059.0
1716312600,102.78450012207031,103.02999877929688,102.75,102.94499969482422,612376.0
1716316200,102.95999908447266,103.05999755859375,102.8499984741211,102.87000274658203,721017.0
1716319800,102.87999725341797,103.04000091552734,102.7750015258789,103.04000091552734,856802.0
1716384600,102.9800033569336,103.83000183105469,102.74500274658203,103.67500305175781,1529302.0
1716388200,103.67949676513672,103.79000091552734,103.41000366210938,103.7300033569336,828805.0
1716391800,103.72850036621094,103.80999755859375,103.33000183105469,103.5999984741211,686040.0
1716395400,103.5999984741211,103.69999694824219,103.48999786376953,103.50299835205078,579487.0
1716399000,103.5,103.5,103.04000091552734,103.04000091552734,609083.0
1716402600,103.02999877929688,103.19999694824219,103.0,103.0999984741211,646970.0
1716406200,103.08999633789062,103.26000213623047,102.86000061035156,103.0199966430664,948760.0
1716471000,102.9800033569336,103.01000213623047,101.0199966430664,101.5199966430664,2372843.0
1716474600,101.53500366210938,101.68000030517578,101.19999694824219,101.2699966430664,1245248.0
1716478200,101.2699966430664,101.61000061035156,101.2300033569336,101.58000183105469,943624.0
1716481800,101.58499908447266,101.63999938964844,100.8499984741211,100.94999694824219,1169781.0
1716485400,100.94499969482422,100.94499969482422,100.2699966430664,100.34500122070312,1287663.0
1716489000,100.33999633789062,100.88990020751953,100.28500366210938,100.80000305175781,1068544.0
1716492600,100.79000091552734,100.91000366210938,100.56500244140625,100.68000030517578,1188359.0
1716557400,100.8499984741211,101.76000213623047,100.69000244140625,101.69100189208984,1315189.0
1716561000,101.69499969482422,101.78500366210938,101.31999969482422,101.72000122070312,702097.0
1716564600,101.72000122070312,102.08999633789062,101.6500015258789,102.05000305175781,748084.0
1716568200,102.04000091552734,102.05000305175781,101.72270202636719,101.87000274658203,554638.0
1716571800,101.8550033569336,101.87000274658203,101.56999969482422,101.56999969482422,584870.0
1716575400,101.57150268554688,101.68000030517578,101.43000030517578,101.43409729003906,618941.0
1716579000,101.43499755859375,101.76000213623047,101.41999816894531,101.73999786376953,722054.0
1716903000,101.36000061035156,102.44999694824219,100.94499969482422,102.3499984741211,1775899.0
1716906600,102.33999633789062,102.62999725341797,102.20999908447266,102.41999816894531,830907.0
1716910200,102.40010070800781,102.7300033569336,102.25,102.66999816894531,797674.0
1716913800,102.66000366210938,102.85990142822266,102.23999786376953,102.26499938964844,697316.0
1716917400,102.2699966430664,102.29000091552734,102.04000091552734,102.11000061035156,613795.0
1716921000,102.11000061035156,102.33999633789062,102.02999877929688,102.33999633789062,737353.0
1716924600,102.33000183105469,102.47000122070312,102.12999725341797,102.44999694824219,1454363.0
1716989400,101.76000213623047,102.08000183105469,101.33000183105469,101.62000274658203,1403439.0
1716993000,101.62000274658203,101.66000366210938,101.18000030517578,101.31999969482422,879304.0
1716996600,101.30570220947266,101.33999633789062,101.05000305175781,101.15989685058594,635070.0
1717000200,101.13999938964844,101.38999938964844,101.11000061035156,101.31999969482422,593345.0
1717003800,101.30500030517578,101.47000122070312,101.20500183105469,101.26000213623047,664682.0
1717007400,101.25499725341797,101.27999877929688,101.06999969482422,101.13999938964844,681704.0
1717011000,101.13999938964844,101.18000030517578,100.7699966430664,100.87999725341797,1209994.0
1717075800,101.13500213623047,102.04460144042969,100.97000122070312,101.80999755859375,1578826.0
1717079400,101.80999755859375,101.80999755859375,101.50499725341797,101.61000061035156,642065.0
1717083000,101.6082992553711,101.95970153808594,101.55999755859375,101.77999877929688,632376.0
1717086600,101.77999877929688,101.88680267333984,101.62000274658203,101.86000061035156,638256.0
1717090200,101.86000061035156,102.06999969482422,101.76000213623047,101.83219909667969,659930.0
1717093800,101.83999633789062,101.88999938964844,101.5999984741211,101.66999816894531,628186.0
1717097400,101.67500305175781,101.7249984741211,101.38500213623047,101.66999816894531,1362419.0
1717162200,101.5199966430664,103.18000030517578,101.41000366210938,102.73999786376953,1919865.0
1717165800,102.7249984741211,103.29000091552734,102.6500015258789,103.20999908447266,1250414.0
1717169400,103.19000244140625,103.20999908447266,102.63999938964844,102.69000244140625,866141.0
1717173000,102.69000244140625,102.7249984741211,101.91000366210938,102.66999816894531,959463.0
1717176600,102.69000244140625,103.05999755859375,102.56999969482422,102.95999908447266,628901.0
1717180200,102.96589660644531,103.25499725341797,102.87999725341797,103.12000274658203,925591.0
1717183800,103.12000274658203,104.08000183105469,103.1050033569336,103.95999908447266,2101095.0
1717421400,104.16999816894531,104.22000122070312,102.55999755859375,102.9822006225586,1502005.0
1717425000,102.95999908447266,103.37999725341797,102.58999633789062,103.37000274658203,823498.0
1717428600,103.37000274658203,103.44000244140625,102.62999725341797,102.63999938964844,636962.0
1717432200,102.63999938964844,102.91999816894531,102.4800033569336,102.81009674072266,577844.0
1717435800,102.80000305175781,103.05560302734375,102.7699966430664,102.88500213623047,485729.0
1717439400,102.9000015258789,103.0636978149414,102.80999755859375,102.83999633789062,571281.0
1717443000,102.84500122070312,102.87999725341797,102.61000061035156,102.80000305175781,976433.0
1717507800,102.1050033569336,102.60489654541016,101.62999725341797,102.55000305175781,1565794.0
1717511400,102.52999877929688,102.87999725341797,102.33000183105469,102.4800033569336,908516.0
1717515000,102.48719787597656,102.8499984741211,102.45999908447266,102.7750015258789,553329.0
1717518600,102.7699966430664,102.9800033569336,102.56500244140625,102.9729995727539,509380.0
1717522200,102.9800033569336,103.37000274658203,102.88999938964844,103.37000274658203,532250.0
1717525800,103.36000061035156,103.4800033569336,102.99500274658203,103.11499786376953,894079.0
1717529400,103.11000061035156,103.36000061035156,103.05999755859375,103.31999969482422,1174814.0
1717594200,103.0,103.08000183105469,101.02989959716797,101.58000183105469,2635731.0
1717597800,101.58499908447266,101.91000366210938,101.29000091552734,101.75,1315610.0
1717601400,101.76000213623047,101.94999694824219,101.45020294189453,101.54000091552734,879575.0
1717605000,101.53500366210938,101.63999938964844,101.2699966430664,101.38990020751953,866385.0
1717608600,101.38500213623047,101.68000030517578,101.31999969482422,101.6449966430664,1061276.0
1717612200,101.64009857177734,101.69000244140625,101.33999633789062,101.36499786376953,1230920.0
1717615800,101.36000061035156,101.51000213623047,101.20999908447266,101.5,1597255.0
1717680600,101.05000305175781,101.93000030517578,100.81009674072266,101.16999816894531,2041224.0
1717684200,101.16999816894531,101.37999725341797,101.00150299072266,101.29000091552734,1331358.0
1717687800,101.28500366210938,101.43000030517578,101.01000213623047,101.0999984741211,1160902.0
1717691400,101.11000061035156,101.61000061035156,101.06999969482422,101.55999755859375,961386.0
1717695000,101.55500030517578,101.79000091552734,101.30999755859375,101.34410095214844,856177.0
1717698600,101.3499984741211,101.4800033569336,101.16000366210938,101.2249984741211,1371326.0
1717702200,101.2300033569336,101.2300033569336,101.00499725341797,101.20999908447266,1604091.0
1717767000,100.86000061035156,102.13999938964844,100.552001953125,102.08000183105469,1392829.0
1717770600,102.05999755859375,102.2699966430664,101.55000305175781,101.66000366210938,695481.0
1717774200,101.66790008544922,101.80000305175781,101.52999877929688,101.7300033569336,503495.0
1717777800,101.73999786376953,101.79000091552734,101.4000015258789,101.46160125732422,538965.0
1717781400,101.45500183105469,101.69999694824219,101.29049682617188,101.45500183105469,458107.0
1717785000,101.44999694824219,101.7750015258789,101.44999694824219,101.59500122070312,633140.0
1717788600,101.58999633789062,101.66999816894531,101.44000244140625,101.54000091552734,838954.0
1718026200,101.25,101.33999633789062,100.63500213623047,101.22000122070312,1466022.0
1718029800,101.20999908447266,101.70500183105469,101.18000030517578,101.69000244140625,610149.0
1718033400,101.69999694824219,101.91000366210938,101.65499877929688,101.83499908447266,565084.0
1718037000,101.83999633789062,102.08499908447266,101.76000213623047,102.05000305175781,519199.0
1718040600,102.05000305175781,102.58999633789062,102.04000091552734,102.41000366210938,723581.0
1718044200,102.41999816894531,102.51000213623047,102.20999908447266,102.37999725341797,760410.0
1718047800,102.37999725341797,102.84500122070312,102.33000183105469,102.75,1403741.0
1718112600,102.55000305175781,102.87999725341797,102.2699966430664,102.30999755859375,1094605.0
1718116200,102.30000305175781,102.62000274658203,102.03500366210938,102.17500305175781,532441.0
1718119800,102.16999816894531,102.37999725341797,102.05000305175781,102.16000366210938,476770.0
1718123400,102.16000366210938,102.16000366210938,101.63999938964844,101.80750274658203,534572.0
1718127000,101.80999755859375,101.83999633789062,101.26499938964844,101.33999633789062,1075708.0
1718130600,101.33499908447266,101.45989990234375,101.05000305175781,101.12999725341797,1292104.0
1718134200,101.12999725341797,101.19000244140625,100.73999786376953,100.87999725341797,2058791.0
1718199000,101.19999694824219,101.69000244140625,100.87999725341797,101.47889709472656,1492083.0
1718202600,101.4749984741211,101.66100311279297,101.12000274658203,101.16999816894531,809694.0
1718206200,101.16999816894531,101.22000122070312,100.81999969482422,101.13500213623047,906206.0
1718209800,101.13999938964844,101.19999694824219,100.8218002319336,100.8499984741211,608123.0
1718213400,100.8499984741211,100.88939666748047,100.25,100.7699966430664,926021.0
1718217000,100.77449798583984,101.12000274658203,100.55999755859375,100.7699966430664,1279549.0
1718220600,100.77999877929688,101.0999984741211,100.68000030517578,100.83999633789062,1277714.0
1718285400,100.61000061035156,101.06999969482422,100.02999877929688,100.4000015258789,1518789.0
1718289000,100.37999725341797,100.38990020751953,100.01000213623047,100.18009948730469,1129859.0
1718292600,100.18800354003906,100.22570037841797,99.7699966430664,99.94000244140625,1183114.0
1718296200,99.94000244140625,100.06999969482422,99.69999694824219,100.01000213623047,851978.0
1718299800,100.01499938964844,100.0250015258789,99.66000366210938,99.81500244140625,966873.0
1718303400,99.80999755859375,99.87999725341797,99.6500015258789,99.71499633789062,1086027.0
1718307000,99.72000122070312,100.1449966430664,99.6050033569336,100.06999969482422,1695834.0
1718371800,99.80999755859375,100.37999725341797,99.6050033569336,99.66000366210938,1386936.0
1718375400,99.66000366210938,99.79000091552734,99.25,99.62999725341797,910571.0
1718379000,99.63999938964844,99.7699966430664,99.2699966430664,99.44999694824219,661819.0
1718382600,99.44999694824219,99.71499633789062,99.36000061035156,99.41000366210938,444672.0
1718386200,99.4186019897461,99.61000061035156,99.29000091552734,99.5,804982.0
1718389800,99.5,99.97000122070312,99.3949966430664,99.87999725341797,841173.0
1718393400,99.88870239257812,99.98999786376953,99.74500274658203,99.98999786376953,851783.0
1718631000,100.9800033569336,101.83740234375,100.62000274658203,101.31999969482422,2857399.0
1718634600,101.30999755859375,101.7699966430664,101.30000305175781,101.45590209960938,1177581.0
1718638200,101.44499969482422,101.44999694824219,100.88999938964844,101.13999938964844,1232936.0
1718641800,101.1500015258789,101.18240356445312,100.81999969482422,100.91999816894531,641809.0
1718645400,100.93000030517578,101.51000213623047,100.80500030517578,101.49009704589844,822137.0
1718649000,101.5,101.58000183105469,101.27999877929688,101.55000305175781,835261.0
1718652600,101.55000305175781,101.66999816894531,101.41500091552734,101.54000091552734,1317886.0
1718717400,101.12000274658203,101.76000213623047,100.94000244140625,101.08000183105469,1157974.0
1718721000,101.08000183105469,101.5999984741211,101.0250015258789,101.55999755859375,808586.0
1718724600,101.55500030517578,101.5999984741211,100.81999969482422,100.81999969482422,683276.0
1718728200,100.80999755859375,100.94499969482422,100.61000061035156,100.77980041503906,718669.0
1718731800,100.76100158691406,101.2249984741211,100.76000213623047,101.0250015258789,630668.0
1718735400,101.02189636230469,101.2750015258789,100.91999816894531,101.1500015258789,632671.0
1718739000,101.1449966430664,101.54000091552734,101.1449966430664,101.52999877929688,934754.0
1718890200,100.56999969482422,101.52999877929688,100.37999725341797,100.95999908447266,1721062.0
1718893800,100.92500305175781,101.13999938964844,100.81500244140625,101.06999969482422,758158.0
1718897400,101.07499694824219,101.3499984741211,101.02999877929688,101.08000183105469,846075.0
1718901000,101.08000183105469,101.62000274658203,101.00499725341797,101.41999816894531,714344.0
1718904600,101.41000366210938,101.93499755859375,101.36499786376953,101.84919738769531,787142.0
1718908200,101.8499984741211,101.87999725341797,101.54499816894531,101.76499938964844,795125.0
1718911800,101.7699966430664,101.88500213623047,101.62100219726562,101.87000274658203,855186.0
1718976600,101.79499816894531,102.54000091552734,101.6500015258789,102.45999908447266,3035143.0
1718980200,102.44999694824219,102.54000091552734,101.66999816894531,101.7300033569336,1678512.0
1718983800,101.70999908447266,102.11000061035156,101.58499908447266,101.94999694824219,450821.0
1718987400,101.95999908447266,102.20999908447266,101.94000244140625,102.0999984741211,970744.0
1718991000,102.08999633789062,102.27999877929688,101.95999908447266,102.23999786376953,418081.0
1718994600,102.2300033569336,102.2300033569336,102.00499725341797,102.11499786376953,511917.0
1718998200,102.11000061035156,102.30000305175781,101.73500061035156,102.22000122070312,1433606.0
1719235800,102.25,103.08000183105469,102.25,102.48999786376953,1540676.0
1719239400,102.48999786376953,102.81999969482422,102.3499984741211,102.5250015258789,753715.0
1719243000,102.5199966430664,102.55999755859375,101.96499633789062,102.11990356445312,695131.0
1719246600,102.09049987792969,102.18000030517578,101.91500091552734,102.0,563261.0
1719250200,102.0,102.0999984741211,101.94499969482422,102.01090240478516,637261.0
1719253800,102.01499938964844,102.0999984741211,101.93000030517578,101.9800033569336,701382.0
1719257400,101.98500061035156,102.08000183105469,101.91000366210938,101.9800033569336,767950.0
1719322200,102.66000366210938,103.44999694824219,101.9800033569336,102.01000213623047,2848210.0
1719325800,102.0,102.1500015258789,101.81999969482422,101.98999786376953,945666.0
1719329400,101.9999008178711,102.14800262451172,101.875,101.94999694824219,689439.0
1719333000,101.95500183105469,102.1791000366211,101.7699966430664,102.06999969482422,780691.0
1719336600,102.08000183105469,102.18000030517578,101.94999694824219,102.0999984741211,821917.0
1719340200,102.09500122070312,102.4000015258789,101.91999816894531,102.26750183105469,1228686.0
1719343800,102.2699966430664,102.37000274658203,102.02999877929688,102.19000244140625,1395029.0
1719408600,101.9000015258789,102.37000274658203,101.43000030517578,101.87979888916016,2053914.0
1719412200,101.875,102.05000305175781,101.6500015258789,101.91999816894531,644316.0
1719415800,101.91000366210938,102.11000061035156,101.83999633789062,102.0199966430664,850907.0
1719419400,102.0199966430664,102.11000061035156,101.94000244140625,102.01000213623047,541674.0
1719423000,102.01000213623047,102.16000366210938,101.9800033569336,102.1449966430664,844081.0
1719426600,102.1500015258789,102.20500183105469,102.06999969482422,102.1449966430664,881157.0
1719430200,102.1449966430664,102.27999877929688,101.9749984741211,102.16999816894531,2094302.0
1719495000,102.04000091552734,102.27999877929688,101.80999755859375,101.98999786376953,1481011.0
1719498600,101.99500274658203,102.05999755859375,101.91000366210938,102.0,778942.0
1719502200,101.98999786376953,102.01219940185547,101.8949966430664,102.0,888752.0
1719505800,101.98999786376953,102.2300033569336,101.96499633789062,102.12999725341797,1290789.0
1719509400,102.13999938964844,102.15499877929688,101.91999816894531,101.95999908447266,519387.0
1719513000,101.95500183105469,102.12999725341797,101.91999816894531,102.03929901123047,758155.0
1719516600,102.04000091552734,102.16999816894531,102.0199966430664,102.16999816894531,1161919.0
1719581400,102.0199966430664,102.58000183105469,101.69999694824219,102.02999877929688,1911319.0
1719585000,102.02999877929688,102.0999984741211,101.19499969482422,101.22000122070312,1243347.0
1719588600,101.22000122070312,101.22000122070312,99.05000305175781,99.58999633789062,4676370.0
1719592200,99.58000183105469,99.70999908447266,98.93000030517578,98.95999908447266,1388359.0
1719595800,98.95999908447266,99.04499816894531,98.37999725341797,98.80000305175781,1987019.0
1719599400,98.79499816894531,99.13999938964844,98.69499969482422,98.92500305175781,1614155.0
1719603000,98.92500305175781,99.19999694824219,98.66999816894531,99.19000244140625,2447978.0
1719840600,99.4000015258789,99.73999786376953,98.11499786376953,98.22000122070312,3028464.0
1719844200,98.19999694824219,98.39990234375,97.87999725341797,98.29000091552734,1831453.0
1719847800,98.30000305175781,98.5,98.13500213623047,98.16999816894531,1028663.0
1719851400,98.16500091552734,98.26499938964844,97.93000030517578,98.06500244140625,1029774.0
1719855000,98.05500030517578,98.06999969482422,97.87999725341797,98.00499725341797,1091683.0
1719858600,98.01000213623047,98.12000274658203,97.91999816894531,98.0801010131836,883934.0
1719862200,98.08999633789062,98.22000122070312,97.91000366210938,98.0199966430664,1587566.0
1719927000,97.93499755859375,97.9800033569336,97.26000213623047,97.27420043945312,2581893.0
1719930600,97.2699966430664,97.4800033569336,96.94999694824219,97.06500244140625,1396080.0
1719934200,97.06999969482422,97.2699966430664,96.96009826660156,97.26000213623047,1251149.0
1719937800,97.26000213623047,97.47000122070312,97.0250015258789,97.06999969482422,776536.0
1719941400,97.07990264892578,97.51529693603516,97.06999969482422,97.38500213623047,912361.0
1719945000,97.37999725341797,97.51000213623047,97.23999786376953,97.50499725341797,998132.0
1719948600,97.48999786376953,97.98999786376953,97.44999694824219,97.9800033569336,1556034.0
1720013400,97.83999633789062,98.7699966430664,97.83000183105469,98.69000244140625,2013616.0
1720017000,98.69000244140625,99.08000183105469,98.43000030517578,98.48999786376953,960905.0
1720020600,98.4749984741211,98.87000274658203,98.43000030517578,98.72940063476562,787855.0
1720186200,98.30500030517578,98.30500030517578,97.5999984741211,97.7499008178711,1487830.0
1720189800,97.7300033569336,98.05999755859375,97.63999938964844,98.0,881222.0
1720193400,98.0,98.02999877929688,97.6449966430664,97.66999816894531,689070.0
1720197000,97.66999816894531,97.83999633789062,97.58399963378906,97.81999969482422,482171.0
1720200600,97.81999969482422,98.02999877929688,97.77999877929688,97.97360229492188,573256.0
1720204200,97.97000122070312,98.07499694824219,97.83999633789062,97.93000030517578,602998.0
1720207800,97.93890380859375,98.05000305175781,97.86499786376953,97.98999786376953,726475.0
1720445400,97.69000244140625,98.29000091552734,97.44000244140625,97.56500244140625,1901220.0
1720449000,97.55500030517578,97.62999725341797,97.11309814453125,97.33999633789062,855531.0
1720452600,97.34629821777344,97.37999725341797,97.0199966430664,97.22000122070312,644453.0
1720456200,97.22000122070312,97.4000015258789,96.88999938964844,97.08869934082031,771476.0
1720459800,97.08499908447266,97.55999755859375,97.07499694824219,97.38500213623047,640535.0
1720463400,97.37999725341797,97.4000015258789,97.18000030517578,97.2300033569336,559198.0
1720467000,97.2300033569336,97.41999816894531,97.20999908447266,97.37999725341797,1097302.0
1720531800,97.47000122070312,97.52999877929688,96.22000122070312,96.2699966430664,2367065.0
1720535400,96.26499938964844,96.80999755859375,96.1500015258789,96.5698013305664,1079264.0
1720539000,96.55000305175781,96.69000244140625,96.4800033569336,96.66000366210938,897919.0
1720542600,96.66000366210938,97.28990173339844,96.58000183105469,97.04000091552734,731943.0
1720546200,97.03500366210938,97.19000244140625,96.87999725341797,97.17500305175781,566367.0
1720549800,97.18000030517578,97.37000274658203,96.97000122070312,97.1500015258789,800745.0
1720553400,97.13999938964844,97.2300033569336,96.94000244140625,97.05999755859375,767734.0
1720618200,96.94999694824219,97.27989959716797,96.54000091552734,96.54000091552734,1535352.0
1720621800,96.54000091552734,96.84500122070312,96.47000122070312,96.8375015258789,759162.0
1720625400,96.83989715576172,96.9000015258789,96.48999786376953,96.63999938964844,776492.0
1720629000,96.64689636230469,96.68000030517578,96.36000061035156,96.44000244140625,791789.0
1720632600,96.44000244140625,96.5199966430664,96.2750015258789,96.29499816894531,792736.0
1720636200,96.29499816894531,96.56999969482422,96.25,96.52999877929688,725349.0
1720639800,96.53500366210938,97.0,96.48999786376953,96.93000030517578,923603.0
1720704600,97.01000213623047,97.58000183105469,96.97000122070312,97.20999908447266,1237064.0
1720708200,97.19999694824219,97.31999969482422,96.95999908447266,97.05000305175781,768039.0
1720711800,97.05999755859375,97.16999816894531,96.51000213623047,96.62000274658203,798113.0
1720715400,96.62000274658203,96.88999938964844,96.3949966430664,96.41500091552734,681250.0
1720719000,96.41999816894531,96.66500091552734,96.30000305175781,96.63500213623047,743490.0
1720722600,96.63500213623047,96.80000305175781,96.51000213623047,96.52999877929688,627745.0
1720726200,96.5199966430664,96.62000274658203,96.37999725341797,96.58999633789062,1140350.0
1720791000,97.09500122070312,97.83000183105469,96.9800033569336,97.5199966430664,1550962.0
1720794600,97.51000213623047,97.7300033569336,97.31999969482422,97.49500274658203,745118.0
1720798200,97.49500274658203,97.54000091552734,97.22000122070312,97.2750015258789,489493.0
1720801800,97.2750015258789,97.5199966430664,97.16999816894531,97.47000122070312,633352.0
1720805400,97.4800033569336,97.58999633789062,97.25650024414062,97.38999938964844,525160.0
1720809000,97.37999725341797,97.5999984741211,97.23999786376953,97.5740966796875,569027.0
1720812600,97.56999969482422,97.56999969482422,97.04000091552734,97.16999816894531,903910.0
1721050200,97.33000183105469,97.48999786376953,96.7699966430664,96.83000183105469,1785158.0
1721053800,96.83090209960938,96.91999816894531,96.5999984741211,96.87000274658203,865886.0
1721057400,96.86000061035156,97.26000213623047,96.80999755859375,97.04000091552734,671977.0
1721061000,97.02999877929688,97.10990142822266,96.91010284423828,96.98999786376953,331784.0
1721064600,96.9800033569336,97.0999984741211,96.69000244140625,97.0999984741211,560638.0
1721068200,97.09980010986328,97.1500015258789,96.91999816894531,96.94000244140625,762465.0
1721071800,96.94000244140625,96.95999908447266,96.61000061035156,96.88999938964844,1008729.0
1721136600,97.0199966430664,98.17990112304688,96.54000091552734,97.94999694824219,3549949.0
1721140200,97.94000244140625,98.5199966430664,97.87000274658203,98.01000213623047,1645568.0
1721143800,98.01499938964844,98.71730041503906,97.81999969482422,98.33000183105469,1225804.0
1721147400,98.3499984741211,98.62999725341797,98.28009796142578,98.40010070800781,543813.0
1721151000,98.41000366210938,98.58000183105469,98.33100128173828,98.40910339355469,623820.0
1721154600,98.4000015258789,98.72000122070312,98.38999938964844,98.53500366210938,939767.0
1721158200,98.54000091552734,98.58000183105469,98.41000366210938,98.4800033569336,999119.0
1721223000,98.30000305175781,98.61000061035156,97.90119934082031,98.19989776611328,1419159.0
1721226600,98.17649841308594,98.3949966430664,97.06999969482422,97.06999969482422,1052974.0
1721230200,97.08000183105469,97.29000091552734,96.68009948730469,96.75,1230136.0
1721233800,96.75,97.0199966430664,96.52999877929688,96.87000274658203,1044991.0
1721237400,96.87999725341797,97.27999877929688,96.83999633789062,97.19999694824219,797377.0
1721241000,97.20999908447266,97.5999984741211,96.79000091552734,97.45999908447266,1274097.0
1721244600,97.44999694824219,97.47000122070312,97.01000213623047,97.30999755859375,1409209.0
1721309400,97.36000061035156,98.05999755859375,97.19999694824219,97.8499984741211,1062883.0
1721313000,97.8499984741211,97.91000366210938,97.6500015258789,97.66000366210938,788845.0
1721316600,97.65499877929688,97.75,97.13929748535156,97.29000091552734,593771.0
1721320200,97.27999877929688,97.5,97.20999908447266,97.25,462816.0
1721323800,97.25,97.2699966430664,96.70999908447266,96.79000091552734,664730.0
1721327400,96.79000091552734,97.01000213623047,96.67500305175781,96.80500030517578,812022.0
1721331000,96.80500030517578,96.95500183105469,96.7249984741211,96.80000305175781,1177716.0
1721395800,96.81999969482422,96.81999969482422,95.87999725341797,95.93000030517578,2746600.0
1721399400,95.94000244140625,96.37000274658203,95.9000015258789,95.95999908447266,706072.0
1721403000,95.9800033569336,96.16999816894531,95.7344970703125,95.98500061035156,771873.0
1721406600,95.98500061035156,96.01000213623047,95.65180206298828,95.83499908447266,827806.0
1721410200,95.83000183105469,96.0199966430664,95.61000061035156,95.66999816894531,662171.0
1721413800,95.66000366210938,95.83000183105469,95.44000244140625,95.70500183105469,728873.0
1721417400,95.70500183105469,95.76000213623047,95.48999786376953,95.75,1157603.0
1721655000,95.11000061035156,95.15499877929688,93.61000061035156,94.31999969482422,3129043.0
1721658600,94.31999969482422,94.55999755859375,94.01000213623047,94.13999938964844,1315844.0
1721662200,94.13999938964844,94.30000305175781,93.94999694824219,93.97000122070312,1038737.0
1721665800,93.97000122070312,94.01499938964844,93.56999969482422,93.62999725341797,1405237.0
1721669400,93.62999725341797,93.7699966430664,93.48999786376953,93.75,1572792.0
1721673000,93.75,93.9000015258789,93.56999969482422,93.72000122070312,1134402.0
1721676600,93.7300033569336,94.2300033569336,93.69999694824219,94.13999938964844,1858678.0
1721741400,90.69999694824219,91.69000244140625,89.83000183105469,91.20999908447266,7358922.0
1721745000,91.20999908447266,91.55000305175781,91.05999755859375,91.0999984741211,2315189.0
1721748600,91.0999984741211,91.4000015258789,90.63009643554688,90.77870178222656,3057308.0
1721752200,90.79000091552734,91.06999969482422,90.53009796142578,91.04000091552734,1971856.0
1721755800,91.03170013427734,91.43499755859375,90.93000030517578,91.25,1549368.0
1721759400,91.25,91.2699966430664,91.01000213623047,91.20999908447266,1559768.0
1721763000,91.20999908447266,91.30000305175781,90.83999633789062,90.95999908447266,2492716.0
1721827800,90.22000122070312,90.75,89.58999633789062,90.0199966430664,3710977.0
1721831400,90.0199966430664,90.5,89.95999908447266,90.30999755859375,1571088.0
1721835000,90.30000305175781,90.45999908447266,89.9800033569336,90.0999984741211,1112393.0
1721838600,90.08999633789062,90.1449966430664,89.80999755859375,90.02100372314453,779935.0
1721842200,90.0199966430664,90.13500213623047,89.57499694824219,89.61499786376953,914804.0
1721845800,89.61499786376953,89.86000061035156,89.61299896240234,89.69499969482422,1159614.0
1721849400,89.69499969482422,89.96499633789062,89.68000030517578,89.83999633789062,1286630.0
1721914200,90.08000183105469,90.5,89.43000030517578,89.8499984741211,2479744.0
1721917800,89.8550033569336,90.18000030517578,89.66000366210938,89.77999877929688,1177469.0
1721921400,89.79000091552734,90.43990325927734,89.79000091552734,90.42500305175781,762506.0
1721925000,90.42500305175781,90.42990112304688,89.99500274658203,90.05999755859375,1061996.0
1721928600,90.06430053710938,90.29000091552734,89.87999725341797,89.91600036621094,704656.0
1721932200,89.9198989868164,89.95500183105469,89.54000091552734,89.87010192871094,916734.0
1721935800,89.87999725341797,89.91000366210938,89.21499633789062,89.23999786376953,1161656.0
1722000600,90.0,90.04000091552734,89.33499908447266,89.77999877929688,1994093.0
1722004200,89.77999877929688,89.83999633789062,89.45999908447266,89.6500015258789,1065877.0
1722007800,89.6500015258789,90.55000305175781,89.6449966430664,90.29000091552734,1489823.0
1722011400,90.29000091552734,90.48999786376953,90.19999694824219,90.4000015258789,1046519.0
1722015000,90.40149688720703,90.41999816894531,89.88999938964844,90.12999725341797,829283.0
1722018600,90.12999725341797,90.14710235595703,89.80000305175781,89.99500274658203,911409.0
1722022200,89.99500274658203,89.99500274658203,89.71499633789062,89.9800033569336,1303573.0
1722259800,90.38999938964844,91.38999938964844,90.19000244140625,91.31999969482422,2909273.0
1722263400,91.30999755859375,91.88999938964844,91.20999908447266,91.58999633789062,1840035.0
1722267000,91.5999984741211,92.30000305175781,91.51499938964844,92.0,1235376.0
1722270600,92.0,92.55000305175781,91.97000122070312,92.4000015258789,1027755.0
1722274200,92.38999938964844,92.43000030517578,91.98999786376953,92.29000091552734,1259138.0
1722277800,92.29499816894531,92.41999816894531,92.19999694824219,92.375,1259134.0
1722281400,92.37999725341797,92.55000305175781,92.06999969482422,92.13999938964844,1877693.0
1722346200,91.66999816894531,93.22000122070312,91.66999816894531,92.94000244140625,2251984.0
1722349800,92.94000244140625,92.97000122070312,92.26000213623047,92.59500122070312,1032970.0
1722353400,92.5999984741211,92.73999786376953,92.36000061035156,92.70999908447266,773685.0
1722357000,92.70999908447266,93.05999755859375,92.4800033569336,92.8949966430664,742756.0
1722360600,92.8949966430664,93.20999908447266,92.87000274658203,93.12999725341797,734378.0
1722364200,93.12999725341797,93.58000183105469,93.05000305175781,93.56009674072266,935611.0
1722367800,93.56500244140625,94.04000091552734,93.47000122070312,93.79010009765625,1772321.0
1722432600,93.78500366210938,94.41999816894531,93.63999938964844,94.30999755859375,1887216.0
1722436200,94.30999755859375,94.625,94.23999786376953,94.58999633789062,910104.0
1722439800,94.59500122070312,94.75,94.37999725341797,94.38089752197266,755459.0
1722443400,94.37999725341797,94.66500091552734,94.2750015258789,94.33000183105469,711179.0
1722447000,94.31999969482422,94.61000061035156,94.05000305175781,94.50499725341797,1703292.0
1722450600,94.5,94.83499908447266,94.12999725341797,94.16999816894531,1089083.0
1722454200,94.18000030517578,94.33000183105469,93.63999938964844,93.69000244140625,1392530.0
1722519000,93.86000061035156,93.94999694824219,93.08999633789062,93.31500244140625,1644573.0
1722522600,93.31999969482422,93.62000274658203,92.91000366210938,93.06500244140625,1016628.0
1722526200,93.05999755859375,93.23500061035156,92.83000183105469,93.18000030517578,912753.0
1722529800,93.17500305175781,93.2249984741211,92.5999984741211,92.83000183105469,1414814.0
1722533400,92.82009887695312,93.16000366210938,92.77999877929688,92.78500366210938,844366.0
1722537000,92.79000091552734,92.91000366210938,92.6449966430664,92.9000015258789,859739.0
1722540600,92.9000015258789,93.08000183105469,92.83000183105469,93.04000091552734,973675.0
1722605400,92.16000366210938,92.19999694824219,90.37000274658203,90.37000274658203,2638584.0
1722609000,90.37000274658203,90.41000366210938,89.62799835205078,89.73999786376953,1875943.0
1722612600,89.75,90.1050033569336,89.66999816894531,89.93000030517578,1685560.0
1722616200,89.91999816894531,90.0199966430664,89.49500274658203,89.58000183105469,993250.0
1722619800,89.56999969482422,89.63999938964844,89.16999816894531,89.55500030517578,1022756.0
1722623400,89.55000305175781,89.58999633789062,89.0,89.22000122070312,1577581.0
1722627000,89.21499633789062,89.69999694824219,89.04000091552734,89.55999755859375,2364786.0
1722864600,86.88999938964844,88.73999786376953,86.41999816894531,88.05000305175781,4453642.0
1722868200,88.08000183105469,89.06999969482422,87.95999908447266,89.01000213623047,2554432.0
1722871800,89.0,89.49099731445312,88.86000061035156,89.45999908447266,1800963.0
1722875400,89.44999694824219,89.55999755859375,89.08999633789062,89.16000366210938,1448582.0
1722879000,89.16000366210938,89.27999877929688,88.62999725341797,89.20500183105469,1383762.0
1722882600,89.19999694824219,89.2249984741211,88.4124984741211,88.5250015258789,1661663.0
1722886200,88.5250015258789,88.58000183105469,87.62000274658203,87.79000091552734,2636038.0
1722951000,88.2300033569336,89.8499984741211,87.95999908447266,89.58999633789062,2552950.0
1722954600,89.59500122070312,89.94999694824219,89.05999755859375,89.08000183105469,1620937.0
1722958200,89.05999755859375,89.45500183105469,89.05000305175781,89.27249908447266,982472.0
1722961800,89.27999877929688,91.91000366210938,89.1449966430664,90.06999969482422,4526862.0
1722965400,90.06999969482422,90.94000244140625,89.91000366210938,90.84010314941406,2558948.0
1722969000,90.84500122070312,91.16000366210938,90.48619842529297,90.94499969482422,2842537.0
1722972600,90.94000244140625,90.9800033569336,89.91500091552734,89.97000122070312,3740741.0
1723037400,88.0,88.61000061035156,86.20999908447266,88.37999725341797,11421147.0
1723041000,88.375,89.24469757080078,88.16999816894531,88.49500274658203,3372279.0
1723044600,88.48999786376953,88.72000122070312,87.61000061035156,87.63999938964844,1928623.0
1723048200,87.63999938964844,87.86000061035156,86.68000030517578,86.95999908447266,2767070.0
1723051800,86.94999694824219,87.37000274658203,86.68009948730469,87.18000030517578,2003750.0
1723055400,87.18499755859375,87.33000183105469,86.05999755859375,86.19999694824219,2590722.0
1723059000,86.19000244140625,86.27999877929688,85.75,85.9800033569336,3443245.0
1723123800,85.1500015258789,85.55000305175781,83.91000366210938,85.4000015258789,7042605.0
1723127400,85.40499877929688,85.63999938964844,85.16999816894531,85.4800033569336,2592441.0
1723131000,85.4800033569336,85.58999633789062,85.0,85.06099700927734,1723761.0
1723134600,85.06009674072266,85.57849884033203,84.83000183105469,85.4749984741211,1787165.0
1723138200,85.4800033569336,86.0199966430664,85.44010162353516,85.81500244140625,1744013.0
1723141800,85.81999969482422,86.33000183105469,85.77999877929688,86.13999938964844,2128797.0
1723145400,86.1500015258789,86.16999816894531,85.71499633789062,85.97000122070312,2398009.0
1723210200,86.12999725341797,86.25,84.70999908447266,85.05999755859375,2590080.0
1723213800,85.06999969482422,85.26000213623047,84.79000091552734,85.0,2017120.0
1723217400,85.01000213623047,85.37999725341797,84.9800033569336,85.19000244140625,1357714.0
1723221000,85.19989776611328,85.47000122070312,85.11000061035156,85.45999908447266,1128133.0
1723224600,85.45999908447266,85.48999786376953,85.0,85.07499694824219,1661432.0
1723228200,85.07099914550781,85.83999633789062,85.05999755859375,85.72000122070312,1419987.0
1723231800,85.72000122070312,86.25,85.63999938964844,86.20999908447266,1994085.0
1723469400,85.86000061035156,86.37999725341797,82.0,86.0199966430664,2559792.0
1723473000,86.0250015258789,86.31999969482422,85.86000061035156,86.19000244140625,1359700.0
1723476600,86.19499969482422,86.33999633789062,85.99320220947266,86.12750244140625,1012393.0
1723480200,86.12000274658203,86.24859619140625,85.94499969482422,86.07009887695312,1044163.0
1723483800,86.08000183105469,86.13999938964844,85.52999877929688,85.69999694824219,1057743.0
1723487400,85.69100189208984,85.84500122070312,85.6449966430664,85.68499755859375,1116369.0
1723491000,85.69000244140625,85.97000122070312,85.54000091552734,85.95999908447266,1574793.0
1723555800,86.45999908447266,86.45999908447266,85.4000015258789,85.61859893798828,2444023.0
1723559400,85.61499786376953,85.8499984741211,85.49500274658203,85.61000061035156,2576010.0
1723563000,85.61499786376953,85.74500274658203,85.4800033569336,85.56999969482422,1440755.0
1723566600,85.56500244140625,85.6500015258789,85.44000244140625,85.5199966430664,1269748.0
1723570200,85.5199966430664,85.62999725341797,85.41230010986328,85.6050033569336,1358942.0
1723573800,85.6050033569336,85.66999816894531,85.5,85.54499816894531,1498509.0
1723577400,85.54000091552734,85.62000274658203,85.30999755859375,85.61000061035156,2020321.0
1723642200,86.01000213623047,86.54000091552734,85.62999725341797,85.8051986694336,2415526.0
1723645800,85.80999755859375,85.9800033569336,85.55999755859375,85.97000122070312,754651.0
1723649400,85.95999908447266,86.1500015258789,85.79000091552734,85.87000274658203,1156764.0
1723653000,85.86499786376953,86.30999755859375,85.83999633789062,86.30500030517578,836234.0
1723656600,86.30500030517578,86.41000366210938,86.05000305175781,86.12999725341797,787489.0
1723660200,86.125,86.2300033569336,86.01000213623047,86.05999755859375,881051.0
1723663800,86.05000305175781,86.36499786376953,86.02999877929688,86.23999786376953,1182800.0
1723728600,87.25,87.88999938964844,87.20999908447266,87.7300033569336,2586332.0
1723732200,87.73500061035156,88.52999877929688,87.68499755859375,88.33999633789062,1904372.0
1723735800,88.31999969482422,88.43000030517578,88.16999816894531,88.4000015258789,1041434.0
1723739400,88.41500091552734,88.5,88.1500015258789,88.44999694824219,897941.0
1723743000,88.44539642333984,88.66000366210938,88.37000274658203,88.62000274658203,1097081.0
1723746600,88.625,88.88999938964844,88.45999908447266,88.7300033569336,1485487.0
1723750200,88.73169708251953,88.92500305175781,88.66999816894531,88.83000183105469,1532407.0
1723815000,88.95999908447266,89.08999633789062,88.33999633789062,88.7300033569336,2240984.0
1723818600,88.72000122070312,89.5199966430664,88.70999908447266,89.23999786376953,1630322.0
1723822200,89.25,89.5896987915039,89.08999633789062,89.43000030517578,916521.0
1723825800,89.4301986694336,89.66999816894531,89.41999816894531,89.52890014648438,721027.0
1723829400,89.5250015258789,89.59500122070312,89.25,89.32499694824219,744623.0
1723833000,89.31999969482422,89.4800033569336,89.2300033569336,89.28500366210938,687744.0
1723836600,89.27999877929688,89.3550033569336,89.12039947509766,89.29000091552734,1351378.0
1724074200,89.41000366210938,90.68000030517578,89.41000366210938,90.61000061035156,2124588.0
1724077800,90.61000061035156,90.7699966430664,90.38999938964844,90.48999786376953,1156608.0
1724081400,90.48999786376953,90.65499877929688,90.33999633789062,90.37000274658203,1046973.0
1724085000,90.36000061035156,90.7699966430664,90.28500366210938,90.66999816894531,809574.0
1724088600,90.66999816894531,90.78500366210938,90.5199966430664,90.69120025634766,846091.0
1724092200,90.69830322265625,90.94999694824219,90.66000366210938,90.91999816894531,1275589.0
1724095800,90.91000366210938,90.94000244140625,90.66000366210938,90.80000305175781,1324783.0
1724160600,90.38999938964844,90.66999816894531,89.30999755859375,89.5199966430664,2139391.0
1724164200,89.5199966430664,89.94499969482422,89.32689666748047,89.62999725341797,1801378.0
1724167800,89.62999725341797,89.83999633789062,89.52999877929688,89.80999755859375,574649.0
1724171400,89.80000305175781,89.91999816894531,89.66999816894531,89.8499984741211,472132.0
1724175000,89.84500122070312,90.19000244140625,89.66000366210938,90.11430358886719,610069.0
1724178600,90.11499786376953,90.1500015258789,89.84500122070312,90.05000305175781,638386.0
1724182200,90.05000305175781,90.12000274658203,89.69999694824219,89.73100280761719,1013600.0
1724247000,90.22000122070312,90.5199966430664,89.44969940185547,89.7699966430664,1507335.0
1724250600,89.76000213623047,90.02999877929688,89.52860260009766,89.7300033569336,962716.0
1724254200,89.7249984741211,89.80999755859375,89.57009887695312,89.75,544468.0
1724257800,89.75,89.91000366210938,89.67500305175781,89.88999938964844,682694.0
1724261400,89.88999938964844,90.2750015258789,89.87000274658203,90.16999816894531,656481.0
1724265000,90.17500305175781,90.38999938964844,90.11000061035156,90.3550033569336,673083.0
1724268600,90.3499984741211,90.77999877929688,90.33100128173828,90.68000030517578,1173682.0
1724333400,90.98999786376953,91.37570190429688,90.23500061035156,90.62000274658203,1753186.0
1724337000,90.62999725341797,90.7499008178711,90.26000213623047,90.36499786376953,826605.0
1724340600,90.36000061035156,90.46939849853516,90.13300323486328,90.41500091552734,957865.0
1724344200,90.41999816894531,90.5,90.11129760742188,90.16000366210938,537547.0
1724347800,90.16000366210938,90.26000213623047,89.92009735107422,90.08499908447266,660739.0
1724351400,90.08499908447266,90.13999938964844,89.94000244140625,89.95999908447266,636035.0
1724355000,89.96499633789062,90.05000305175781,89.69499969482422,89.94000244140625,1174167.0
1724419800,90.1500015258789,90.5199966430664,89.77999877929688,90.29000091552734,1428262.0
1724423400,90.2699966430664,90.4800033569336,89.76000213623047,90.37999725341797,980003.0
1724427000,90.38919830322266,90.41999816894531,89.68000030517578,89.7300033569336,1124115.0
1724430600,89.7300033569336,90.30000305175781,89.69499969482422,90.27050018310547,571142.0
1724434200,90.2699966430664,90.38999938964844,90.22000122070312,90.34010314941406,458274.0
1724437800,90.34500122070312,90.70999908447266,90.25,90.70500183105469,673609.0
1724441400,90.70500183105469,90.75,90.54000091552734,90.55999755859375,951746.0
1724679000,90.91999816894531,91.47000122070312,90.91999816894531,91.42070007324219,1215793.0
1724682600,91.42500305175781,91.48999786376953,91.12999725341797,91.2699966430664,857946.0
1724686200,91.2750015258789,91.74500274658203,91.19010162353516,91.66999816894531,769076.0
1724689800,91.66999816894531,91.69999694824219,91.40010070800781,91.4800033569336,647322.0
1724693400,91.47000122070312,91.69000244140625,91.30500030517578,91.625,1523999.0
1724697000,91.62999725341797,91.7699966430664,91.40380096435547,91.45500183105469,1057578.0
1724700600,91.44000244140625,91.80000305175781,91.40499877929688,91.77999877929688,1188832.0
1724765400,91.43000030517578,91.72000122070312,90.9800033569336,91.26609802246094,1695093.0
1724769000,91.26000213623047,91.38999938964844,90.94999694824219,91.0,769746.0
1724772600,90.9800033569336,91.04000091552734,90.77999877929688,90.90119934082031,867587.0
1724776200,90.90699768066406,90.91000366210938,90.75,90.83740234375,601247.0
1724779800,90.8499984741211,91.22000122070312,90.83000183105469,91.08499908447266,675965.0
1724783400,91.08999633789062,91.0999984741211,90.875,91.02999877929688,563696.0
1724787000,91.0199966430664,91.05999755859375,90.7750015258789,90.91000366210938,1123751.0
1724851800,90.33000183105469,90.62470245361328,89.4000015258789,89.41000366210938,1479664.0
1724855400,89.41999816894531,89.45500183105469,88.97000122070312,89.12899780273438,1229556.0
1724859000,89.125,89.26000213623047,88.88999938964844,89.0199966430664,956207.0
1724862600,89.01000213623047,89.29000091552734,88.99500274658203,89.125,476131.0
1724866200,89.125,89.22000122070312,88.76000213623047,88.94499969482422,960959.0
1724869800,88.94499969482422,89.3290023803711,88.88500213623047,89.3290023803711,776059.0
1724873400,89.31999969482422,89.54000091552734,89.2300033569336,89.5,1084295.0
1724938200,90.44999694824219,90.68000030517578,89.8499984741211,90.55999755859375,1336622.0
1724941800,90.55999755859375,90.69999694824219,90.1050033569336,90.22000122070312,692459.0
1724945400,90.23999786376953,90.63500213623047,90.16999816894531,90.58999633789062,487344.0
1724949000,90.58499908447266,90.625,90.1449966430664,90.19499969482422,402183.0
1724952600,90.19499969482422,90.47000122070312,90.19000244140625,90.20999908447266,451874.0
1724956200,90.19000244140625,90.19999694824219,89.72989654541016,89.92500305175781,852595.0
1724959800,89.93000030517578,90.12979888916016,89.62999725341797,89.80999755859375,842623.0
1725024600,89.9800033569336,90.15499877929688,89.45999908447266,89.5999984741211,1148605.0
1725028200,89.59500122070312,89.76000213623047,89.44499969482422,89.68000030517578,716996.0
1725031800,89.67500305175781,89.98999786376953,89.57379913330078,89.69999694824219,566375.0
1725035400,89.69999694824219,89.7300033569336,89.40010070800781,89.5,578932.0
1725039000,89.5,89.86009979248047,89.48999786376953,89.75,446353.0
1725042600,89.75,89.95999908447266,89.7249984741211,89.9000015258789,612982.0
1725046200,89.9000015258789,90.44999694824219,89.87999725341797,90.33000183105469,1367432.0
1725370200,89.6050033569336,90.37000274658203,89.44999694824219,90.19999694824219,1502640.0
1725373800,90.19499969482422,90.4800033569336,89.98709869384766,90.07009887695312,900678.0
1725377400,90.06999969482422,90.11000061035156,89.43000030517578,90.01480102539062,967808.0
1725381000,90.01000213623047,90.23999786376953,89.8499984741211,89.93000030517578,649810.0
1725384600,89.93499755859375,89.94000244140625,89.30000305175781,89.34010314941406,696310.0
1725388200,89.34200286865234,89.37000274658203,88.87000274658203,88.97000122070312,1085261.0
1725391800,88.9749984741211,89.12999725341797,88.53500366210938,89.12999725341797,1241012.0
1725456600,88.94999694824219,89.9000015258789,88.9000015258789,89.58000183105469,1031990.0
1725460200,89.58000183105469,90.02010345458984,89.55999755859375,89.87999725341797,750423.0
1725463800,89.87999725341797,90.0199966430664,89.63999938964844,89.80120086669922,580004.0
1725467400,89.80000305175781,89.87999725341797,89.12999725341797,89.12999725341797,506456.0
1725471000,89.12000274658203,89.16790008544922,88.81999969482422,89.0,592699.0
1725474600,88.98999786376953,89.16500091552734,88.87000274658203,89.12999725341797,577129.0
1725478200,89.12000274658203,89.2699966430664,88.98999786376953,89.20999908447266,858348.0
1725543000,89.66500091552734,89.66500091552734,89.01000213623047,89.05999755859375,1226325.0
1725546600,89.05500030517578,89.19000244140625,88.62999725341797,88.6500015258789,749148.0
1725550200,88.6500015258789,88.80970001220703,88.44000244140625,88.62999725341797,725806.0
1725553800,88.62999725341797,88.83000183105469,88.55999755859375,88.61000061035156,460793.0
1725557400,88.62000274658203,89.0,88.61000061035156,88.80500030517578,497761.0
1725561000,88.80000305175781,88.8499984741211,88.33999633789062,88.38999938964844,743809.0
1725564600,88.4000015258789,88.6500015258789,88.36000061035156,88.6500015258789,814590.0
1725629400,88.44999694824219,89.08999633789062,88.44999694824219,88.70500183105469,1453492.0
1725633000,88.70999908447266,88.81999969482422,87.95999908447266,88.01470184326172,906480.0
1725636600,88.0199966430664,88.12999725341797,87.72000122070312,87.7300033569336,508210.0
1725640200,87.73999786376953,88.1500015258789,87.7300033569336,87.98500061035156,405715.0
1725643800,87.97000122070312,88.08999633789062,87.9000015258789,87.99739837646484,555930.0
1725647400,88.00499725341797,88.24500274658203,87.95500183105469,88.1050033569336,569562.0
1725651000,88.11000061035156,88.12000274658203,87.82499694824219,87.9800033569336,919284.0
1725888600,88.29000091552734,88.83000183105469,88.04000091552734,88.21810150146484,1538779.0
1725892200,88.19999694824219,88.25,87.80999755859375,88.10169982910156,763648.0
1725895800,88.1050033569336,88.41999816894531,88.05999755859375,88.41999816894531,683627.0
1725899400,88.43000030517578,88.45999908447266,88.26000213623047,88.40380096435547,584431.0
1725903000,88.4000015258789,88.5999984741211,88.22160339355469,88.2750015258789,599969.0
1725906600,88.2699966430664,88.38999938964844,88.0999984741211,88.36499786376953,744989.0
1725910200,88.36150360107422,88.4800033569336,88.23500061035156,88.3499984741211,978576.0
1725975000,88.33000183105469,88.88999938964844,87.9800033569336,88.05999755859375,1144774.0
1725978600,88.05999755859375,88.87000274658203,87.99500274658203,88.7300033569336,766591.0
1725982200,88.72000122070312,88.80999755859375,87.98999786376953,88.0199966430664,630467.0
1725985800,88.01499938964844,88.17749786376953,87.98999786376953,88.08000183105469,461760.0
1725989400,88.06999969482422,88.41999816894531,88.05999755859375,88.28500366210938,536567.0
1725993000,88.27999877929688,88.48999786376953,88.2699966430664,88.47000122070312,538054.0
1725996600,88.47000122070312,88.5,88.34500122070312,88.4000015258789,725618.0
1726061400,88.05000305175781,88.16000366210938,86.95999908447266,86.98500061035156,1635392.0
1726065000,86.9800033569336,87.05999755859375,86.58999633789062,86.88999938964844,1095638.0
1726068600,86.88999938964844,87.4000015258789,86.88500213623047,87.3740005493164,714319.0
1726072200,87.37999725341797,87.69499969482422,87.28500366210938,87.66000366210938,845502.0
1726075800,87.66999816894531,88.16999816894531,87.66100311279297,88.12999725341797,650403.0
1726079400,88.12999725341797,88.43000030517578,88.04000091552734,88.11000061035156,717808.0
1726083000,88.12000274658203,88.38999938964844,87.94499969482422,88.2300033569336,1240245.0
1726147800,88.22000122070312,89.32890319824219,88.18000030517578,88.87999725341797,1369726.0
1726151400,88.88999938964844,89.12000274658203,88.69999694824219,88.8499984741211,600122.0
1726155000,88.86000061035156,89.04000091552734,88.79000091552734,88.81500244140625,549144.0
1726158600,88.81999969482422,89.00499725341797,88.6500015258789,88.93499755859375,483475.0
1726162200,88.91999816894531,89.25,88.86270141601562,89.2300033569336,514810.0
1726165800,89.22000122070312,89.27999877929688,88.93000030517578,89.18499755859375,503632.0
1726169400,89.18000030517578,89.31999969482422,89.1050033569336,89.31999969482422,870278.0
1726234200,89.44999694824219,90.43000030517578,89.38999938964844,90.3499984741211,1091844.0
1726237800,90.36000061035156,90.70999908447266,90.16000366210938,90.4800033569336,1120901.0
1726241400,90.4749984741211,90.64990234375,90.21499633789062,90.27999877929688,651194.0
1726245000,90.29000091552734,90.56999969482422,90.23999786376953,90.55999755859375,559885.0
1726248600,90.55000305175781,90.72000122070312,90.41500091552734,90.4656982421875,474664.0
1726252200,90.44999694824219,90.61000061035156,90.38999938964844,90.5199966430664,794623.0
1726255800,90.5199966430664,90.62999725341797,90.36000061035156,90.55000305175781,1434036.0
1726493400,91.25,92.12000274658203,91.25,91.97000122070312,2569493.0
1726497000,91.97000122070312,92.37000274658203,91.65149688720703,91.7750015258789,1124282.0
1726500600,91.7699966430664,91.88999938964844,91.48999786376953,91.61499786376953,782130.0
1726504200,91.61499786376953,91.7300033569336,91.37999725341797,91.45500183105469,777341.0
1726507800,91.44999694824219,91.83000183105469,91.41999816894531,91.78880310058594,705082.0
1726511400,91.79000091552734,91.87999725341797,91.50499725341797,91.52999877929688,720615.0
1726515000,91.5250015258789,91.93000030517578,91.5199966430664,91.86000061035156,885344.0
1726579800,92.37000274658203,93.24079895019531,92.25,93.2300033569336,1507958.0
1726583400,93.2334976196289,93.25,92.41000366210938,92.41000366210938,873437.0
1726587000,92.43000030517578,92.61599731445312,92.16999816894531,92.29000091552734,565713.0
1726590600,92.2699966430664,92.625,92.19999694824219,92.56999969482422,804870.0
1726594200,92.56999969482422,92.91999816894531,92.54000091552734,92.75,764149.0
1726597800,92.75,92.92659759521484,92.56999969482422,92.9220962524414,831839.0
1726601400,92.91999816894531,92.93499755859375,92.76000213623047,92.88999938964844,1423728.0
1726666200,93.5199966430664,94.06999969482422,92.9800033569336,93.24500274658203,2019289.0
1726669800,93.25,93.5199966430664,93.16000366210938,93.26000213623047,872144.0
1726673400,93.26000213623047,93.2699966430664,92.69000244140625,92.81999969482422,1007930.0
1726677000,92.80999755859375,93.37999725341797,92.80000305175781,93.32499694824219,1164103.0
1726680600,93.33000183105469,93.93000030517578,93.0,93.69669342041016,1334455.0
1726684200,93.70999908447266,93.9800033569336,93.11000061035156,93.62999725341797,1155390.0
1726687800,93.63999938964844,93.7300033569336,93.23999786376953,93.61000061035156,1255662.0
1726752600,94.81999969482422,95.29000091552734,94.26010131835938,94.88500213623047,3070139.0
1726756200,94.87999725341797,95.0199966430664,94.27999877929688,94.42890167236328,938633.0
1726759800,94.43000030517578,94.66000366210938,94.36000061035156,94.56500244140625,726033.0
1726763400,94.56999969482422,94.62999725341797,94.19000244140625,94.31999969482422,851028.0
1726767000,94.33000183105469,94.3550033569336,93.66000366210938,93.79000091552734,1017837.0
1726770600,93.77999877929688,93.84880065917969,93.47000122070312,93.52010345458984,1004780.0
1726774200,93.52989959716797,93.6050033569336,93.31999969482422,93.48999786376953,1371967.0
1726839000,93.33999633789062,93.94000244140625,92.84500122070312,93.0,2576719.0
1726842600,93.08499908447266,93.30999755859375,92.81999969482422,92.91500091552734,816503.0
1726846200,92.91000366210938,93.29000091552734,92.91000366210938,93.22000122070312,855221.0
1726849800,93.2300033569336,93.68000030517578,93.22019958496094,93.37999725341797,698773.0
1726853400,93.37999725341797,93.54000091552734,93.04499816894531,93.05000305175781,765105.0
1726857000,93.04000091552734,93.37000274658203,92.95999908447266,93.33499908447266,745471.0
1726860600,93.33999633789062,94.01000213623047,93.30500030517578,93.69000244140625,1701487.0
1727098200,93.69499969482422,93.69999694824219,92.16000366210938,92.87000274658203,1684581.0
1727101800,92.87999725341797,93.19999694824219,92.76000213623047,92.8114013671875,1397657.0
1727105400,92.81999969482422,92.99909973144531,92.56009674072266,92.69499969482422,546499.0
1727109000,92.69999694824219,92.98999786376953,92.63500213623047,92.98500061035156,520477.0
1727112600,92.98999786376953,93.2300033569336,92.97000122070312,93.08999633789062,413675.0
1727116200,93.08999633789062,93.1500015258789,92.83999633789062,93.00499725341797,567566.0
1727119800,93.0,93.11000061035156,92.9000015258789,92.94999694824219,763513.0
1727184600,93.33999633789062,93.6500015258789,92.45999908447266,92.63500213623047,2072681.0
1727188200,92.63999938964844,93.46700286865234,92.52999877929688,93.2699966430664,755603.0
1727191800,93.2699966430664,93.30999755859375,93.08000183105469,93.11499786376953,538388.0
1727195400,93.11499786376953,93.4800033569336,93.08999633789062,93.44499969482422,428139.0
1727199000,93.44499969482422,93.51000213623047,93.3499984741211,93.39990234375,428543.0
1727202600,93.38500213623047,93.49849700927734,93.2300033569336,93.38999938964844,578056.0
1727206200,93.38500213623047,93.79000091552734,93.2699966430664,93.7300033569336,913299.0
1727271000,93.63999938964844,94.30999755859375,93.44000244140625,93.5999984741211,1387208.0
1727274600,93.5999984741211,93.7699966430664,93.35199737548828,93.5,771026.0
1727278200,93.51000213623047,93.95999908447266,93.41999816894531,93.94000244140625,715431.0
1727281800,93.93399810791016,94.44000244140625,93.83000183105469,93.9800033569336,1732315.0
1727285400,93.97000122070312,94.06999969482422,93.70999908447266,93.93000030517578,591668.0
1727289000,93.93000030517578,94.06999969482422,93.83999633789062,93.94249725341797,659199.0
1727292600,93.94000244140625,94.04000091552734,93.875,93.94999694824219,740345.0
1727357400,94.44000244140625,95.22000122070312,94.17500305175781,94.84439849853516,1737942.0
1727361000,94.83260345458984,94.94999694824219,94.54000091552734,94.70999908447266,964289.0
1727364600,94.69499969482422,95.18499755859375,94.56999969482422,95.12999725341797,918126.0
1727368200,95.13999938964844,95.55799865722656,95.04010009765625,95.302001953125,1031645.0
1727371800,95.30999755859375,95.78500366210938,95.2300033569336,95.4800033569336,1040443.0
1727375400,95.4800033569336,95.5999984741211,95.36009979248047,95.38500213623047,751969.0
1727379000,95.38500213623047,95.44499969482422,95.13500213623047,95.20999908447266,1349739.0
1727443800,95.48500061035156,96.12000274658203,95.27999877929688,96.06999969482422,1557956.0
1727447400,96.06999969482422,96.69999694824219,95.95999908447266,96.69999694824219,1736688.0
1727451000,96.69000244140625,96.9000015258789,96.55000305175781,96.55000305175781,1374132.0
1727454600,96.53500366210938,96.70999908447266,96.22000122070312,96.31500244140625,825864.0
1727458200,96.30999755859375,96.54499816894531,96.0999984741211,96.12999725341797,697055.0
1727461800,96.12999725341797,96.20999908447266,95.94999694824219,96.12000274658203,843076.0
1727465400,96.125,96.33000183105469,96.0,96.0199966430664,1263780.0
1727703000,96.8499984741211,97.56999969482422,95.83000183105469,95.87000274658203,1639476.0
1727706600,95.87000274658203,95.99500274658203,95.63009643554688,95.66000366210938,549155.0
1727710200,95.63500213623047,96.05999755859375,95.48500061035156,95.98149871826172,723361.0
1727713800,95.9800033569336,96.27999877929688,95.95999908447266,96.16500091552734,535229.0
1727717400,96.16000366210938,96.26000213623047,95.44000244140625,95.66000366210938,636463.0
1727721000,95.63999938964844,96.0199966430664,95.5250015258789,96.01499938964844,649675.0
1727724600,96.01499938964844,96.29000091552734,95.89320373535156,96.18000030517578,1115547.0
1727789400,95.19000244140625,95.8499984741211,94.4800033569336,94.63999938964844,2175854.0
1727793000,94.54000091552734,94.83499908447266,93.80000305175781,93.90499877929688,1089799.0
1727796600,93.9000015258789,94.2699966430664,93.32009887695312,93.99500274658203,1192840.0
1727800200,93.98999786376953,93.99430084228516,93.37010192871094,93.42500305175781,1014474.0
1727803800,93.42500305175781,94.50499725341797,93.37000274658203,94.49120330810547,769832.0
1727807400,94.49500274658203,94.58999633789062,94.30000305175781,94.36299896240234,681639.0
1727811000,94.36499786376953,94.36499786376953,94.0199966430664,94.04000091552734,871014.0
1727875800,93.58999633789062,94.5,93.58999633789062,94.2699966430664,1178063.0
1727879400,94.2699966430664,94.58000183105469,94.1500015258789,94.3499984741211,668676.0
1727883000,94.36000061035156,94.43990325927734,94.04000091552734,94.16000366210938,413576.0
1727886600,94.16000366210938,94.16000366210938,93.69999694824219,93.7750015258789,453695.0
1727890200,93.7750015258789,94.1500015258789,93.69499969482422,94.05999755859375,524986.0
1727893800,94.05000305175781,94.30000305175781,94.0199966430664,94.19499969482422,517377.0
1727897400,94.19499969482422,94.29000091552734,94.06999969482422,94.13999938964844,956498.0
1727962200,93.61000061035156,93.91999816894531,93.13059997558594,93.5250015258789,1954746.0
1727965800,93.51000213623047,93.93000030517578,93.39009857177734,93.88999938964844,453565.0
1727969400,93.86000061035156,94.08999633789062,93.86000061035156,94.04000091552734,356993.0
1727973000,94.02999877929688,94.03500366210938,93.42040252685547,93.45010375976562,378394.0
1727976600,93.44000244140625,93.57759857177734,93.33000183105469,93.41000366210938,435776.0
1727980200,93.41000366210938,93.59500122070312,93.37999725341797,93.50199890136719,384627.0
1727983800,93.50499725341797,93.71499633789062,93.4000015258789,93.62000274658203,658678.0
1728048600,94.30000305175781,94.87999725341797,94.06500244140625,94.19120025634766,1012737.0
1728052200,94.16500091552734,94.5199966430664,93.88999938964844,94.1500015258789,619241.0
1728055800,94.12999725341797,94.52999877929688,94.06999969482422,94.42500305175781,406832.0
1728059400,94.42500305175781,94.58000183105469,94.38999938964844,94.4000015258789,340034.0
1728063000,94.3949966430664,94.58499908447266,94.29000091552734,94.48500061035156,363554.0
1728066600,94.4800033569336,94.95999908447266,94.41999816894531,94.92500305175781,619559.0
1728070200,94.91999816894531,95.33999633789062,94.91000366210938,95.1500015258789,1227472.0
1728307800,95.08999633789062,95.13999938964844,93.70999908447266,93.73999786376953,1379574.0
1728311400,93.73500061035156,93.7699966430664,93.27999877929688,93.4000015258789,972266.0
1728315000,93.40010070800781,93.40010070800781,92.43000030517578,92.5,1403304.0
1728318600,92.5,92.73500061035156,92.11499786376953,92.5999984741211,1398170.0
1728322200,92.58000183105469,92.68000030517578,92.3499984741211,92.41999816894531,741309.0
1728325800,92.41999816894531,92.42500305175781,91.76000213623047,92.27999877929688,1781650.0
1728329400,92.27999877929688,92.45999908447266,92.02999877929688,92.38999938964844,1604763.0
1728394200,92.51499938964844,92.83999633789062,91.69000244140625,92.83000183105469,1584410.0
1728397800,92.83000183105469,93.73999786376953,92.83000183105469,93.22000122070312,1941103.0
1728401400,93.21640014648438,93.54000091552734,93.18000030517578,93.34500122070312,738705.0
1728405000,93.34500122070312,93.38500213623047,92.75,92.83999633789062,978090.0
1728408600,92.83000183105469,92.94000244140625,92.62000274658203,92.65019989013672,1330284.0
1728412200,92.65499877929688,92.7750015258789,92.52999877929688,92.6500015258789,839546.0
1728415800,92.6449966430664,92.77999877929688,92.48999786376953,92.51000213623047,1426576.0
1728480600,91.86000061035156,92.40499877929688,91.45999908447266,92.05999755859375,1332002.0
1728484200,92.0615005493164,92.7699966430664,92.0250015258789,92.75,1458547.0
1728487800,92.73999786376953,93.19999694824219,92.7042007446289,93.14800262451172,732900.0
1728491400,93.13999938964844,93.5199966430664,92.93499755859375,93.5,688848.0
1728495000,93.4800033569336,93.68000030517578,93.41000366210938,93.67500305175781,741130.0
1728498600,93.68000030517578,94.01000213623047,93.63999938964844,93.92500305175781,1010771.0
1728502200,93.92559814453125,93.9800033569336,93.56999969482422,93.5999984741211,1246993.0
1728567000,93.72000122070312,93.87999725341797,92.77999877929688,93.43499755859375,1383121.0
1728570600,93.43000030517578,93.5999984741211,93.08000183105469,93.1050033569336,774954.0
1728574200,93.1050033569336,93.44499969482422,92.96499633789062,93.29000091552734,541849.0
1728577800,93.28600311279297,93.29000091552734,92.91500091552734,93.07499694824219,463153.0
1728581400,93.08000183105469,93.20999908447266,92.88999938964844,93.0199966430664,432611.0
1728585000,93.0199966430664,93.0875015258789,92.7300033569336,92.79000091552734,589624.0
1728588600,92.77999877929688,93.0199966430664,92.69000244140625,93.00499725341797,938051.0
1728653400,92.8499984741211,94.48500061035156,92.80000305175781,94.44000244140625,1315569.0
1728657000,94.41999816894531,94.61000061035156,94.11000061035156,94.4176025390625,901718.0
1728660600,94.41999816894531,94.43499755859375,93.83499908447266,93.91680145263672,419915.0
1728664200,93.91600036621094,94.19499969482422,93.81999969482422,94.16000366210938,414601.0
1728667800,94.16000366210938,94.16000366210938,94.01000213623047,94.05999755859375,442615.0
1728671400,94.06999969482422,94.42539978027344,93.91000366210938,94.41000366210938,571415.0
1728675000,94.41000366210938,94.55000305175781,94.12999725341797,94.12999725341797,1390652.0
1728912600,94.18000030517578,94.96499633789062,93.80000305175781,94.73999786376953,985908.0
1728916200,94.74500274658203,94.88999938964844,94.58999633789062,94.73999786376953,505564.0
1728919800,94.70500183105469,94.8363037109375,94.62000274658203,94.76000213623047,447452.0
1728923400,94.76000213623047,94.94999694824219,94.71499633789062,94.91000366210938,463290.0
1728927000,94.9114990234375,95.1449966430664,94.77999877929688,95.01599884033203,644619.0
1728930600,95.01000213623047,95.125,94.91000366210938,95.0250015258789,682245.0
1728934200,95.0250015258789,95.19000244140625,94.97000122070312,94.98999786376953,987276.0
1728999000,95.25,95.6500015258789,94.45999908447266,94.63999938964844,1323072.0
1729002600,94.63999938964844,94.90499877929688,94.45999908447266,94.48999786376953,705210.0
1729006200,94.5,94.52999877929688,94.19999694824219,94.49500274658203,566989.0
1729009800,94.5,94.55999755859375,94.01499938964844,94.04499816894531,678340.0
1729013400,94.04000091552734,94.23999786376953,93.88999938964844,93.91000366210938,499634.0
1729017000,93.91000366210938,93.9800033569336,93.68000030517578,93.79429626464844,618950.0
1729020600,93.80000305175781,94.29000091552734,93.70500183105469,94.2699966430664,984977.0
1729085400,93.7300033569336,95.43000030517578,93.62999725341797,95.38999938964844,1289366.0
1729089000,95.38999938964844,95.91500091552734,95.0999984741211,95.80000305175781,1161655.0
1729092600,95.80950164794922,95.83999633789062,95.29000091552734,95.33999633789062,733650.0
1729096200,95.3499984741211,95.78500366210938,95.3499984741211,95.62300109863281,762157.0
1729099800,95.62000274658203,95.94000244140625,95.57599639892578,95.91999816894531,816296.0
1729103400,95.91999816894531,96.1500015258789,95.79000091552734,96.08000183105469,861773.0
1729107000,96.08000183105469,96.79000091552734,96.04000091552734,96.75,2109324.0
1729171800,96.93000030517578,97.33000183105469,95.61000061035156,96.25630187988281,2243183.0
1729175400,96.25,97.04000091552734,96.11000061035156,96.62999725341797,1665653.0
1729179000,96.63999938964844,96.7300033569336,95.94499969482422,96.25499725341797,605732.0
1729182600,96.25499725341797,96.58999633789062,96.18000030517578,96.5,595858.0
1729186200,96.502197265625,96.62999725341797,96.23999786376953,96.28260040283203,681649.0
1729189800,96.28500366210938,96.3949966430664,96.12999725341797,96.25,1003895.0
1729193400,96.25,96.59500122070312,96.16999816894531,96.53900146484375,1355067.0
1729258200,97.01000213623047,97.08999633789062,96.05000305175781,96.33999633789062,1395441.0
1729261800,96.3550033569336,96.75,96.34010314941406,96.70999908447266,735771.0
1729265400,96.69999694824219,97.04000091552734,96.66010284423828,96.94999694824219,526626.0
1729269000,96.94999694824219,97.4000015258789,96.91999816894531,97.37640380859375,899682.0
1729272600,97.375,97.54000091552734,97.2300033569336,97.37000274658203,778282.0
1729276200,97.37999725341797,97.4000015258789,96.94000244140625,97.10399627685547,791450.0
1729279800,97.0999984741211,97.37000274658203,97.04000091552734,97.2699966430664,1360539.0
1729517400,97.19999694824219,97.44999694824219,96.75,97.12999725341797,1193101.0
1729521000,97.125,97.125,96.38999938964844,96.43000030517578,814217.0
1729524600,96.43000030517578,96.48989868164062,96.0,96.03500366210938,772496.0
1729528200,96.03500366210938,96.38999938964844,95.94999694824219,96.16000366210938,747346.0
1729531800,96.16000366210938,96.36000061035156,96.13999938964844,96.24500274658203,649951.0
1729535400,96.24500274658203,96.3550033569336,96.12000274658203,96.28500366210938,789422.0
1729539000,96.27999877929688,96.66999816894531,96.16500091552734,96.6500015258789,1172658.0
1729603800,96.19999694824219,97.25499725341797,96.19999694824219,96.80000305175781,1036822.0
1729607400,96.79090118408203,97.23999786376953,96.79090118408203,96.91000366210938,523310.0
1729611000,96.91999816894531,96.93499755859375,96.62000274658203,96.77999877929688,364064.0
1729614600,96.79000091552734,97.05500030517578,96.76000213623047,96.83999633789062,510866.0
1729618200,96.83999633789062,96.9800033569336,96.78179931640625,96.8239974975586,351948.0
1729621800,96.82499694824219,96.82990264892578,96.63099670410156,96.68499755859375,445745.0
1729625400,96.69000244140625,96.93000030517578,96.66999816894531,96.77999877929688,888873.0
1729690200,96.93000030517578,97.13780212402344,96.44999694824219,96.86000061035156,832308.0
1729693800,96.86499786376953,97.11000061035156,96.54000091552734,96.66000366210938,658866.0
1729697400,96.66999816894531,96.98999786376953,96.66999816894531,96.8125,374835.0
1729701000,96.80999755859375,96.93499755859375,96.59500122070312,96.79989624023438,466361.0
1729704600,96.79199981689453,96.83999633789062,95.98999786376953,96.00499725341797,592031.0
1729708200,96.01000213623047,96.2699966430664,95.98500061035156,96.23500061035156,551951.0
1729711800,96.23999786376953,96.31999969482422,96.01000213623047,96.23999786376953,752676.0
1729776600,96.5999984741211,96.80000305175781,95.70999908447266,96.08200073242188,807533.0
1729780200,96.08000183105469,96.19000244140625,95.67939758300781,95.72000122070312,539315.0
1729783800,95.72119903564453,95.7300033569336,95.25150299072266,95.40670013427734,615135.0
1729787400,95.40499877929688,95.62879943847656,95.37000274658203,95.61499786376953,403663.0
1729791000,95.61000061035156,95.73999786376953,95.43000030517578,95.71499633789062,319022.0
1729794600,95.69999694824219,95.7699966430664,95.54000091552734,95.55500030517578,544243.0
1729798200,95.55500030517578,95.58999633789062,95.33999633789062,95.41999816894531,707934.0
1729863000,95.80999755859375,96.77999877929688,95.80999755859375,96.66999816894531,1134307.0
1729866600,96.67500305175781,96.85363006591797,95.9800033569336,96.0,632776.0
1729870200,95.99500274658203,96.06500244140625,95.80500030517578,95.85600280761719,504408.0
1729873800,95.86000061035156,95.87999725341797,95.3499984741211,95.53500366210938,517844.0
1729877400,95.52999877929688,95.52999877929688,95.05000305175781,95.38999938964844,1650796.0
1729881000,95.37999725341797,95.44000244140625,95.13999938964844,95.19499969482422,676802.0
1729884600,95.19969940185547,95.23500061035156,95.01000213623047,95.02999877929688,957011.0
1730122200,95.22000122070312,96.06999969482422,95.20999908447266,95.97000122070312,1033560.0
1730125800,95.9800033569336,96.04409790039062,95.80999755859375,95.9000015258789,455026.0
1730129400,95.908203125,95.94000244140625,95.51000213623047,95.83999633789062,482546.0
1730133000,95.83999633789062,95.9198989868164,95.69999694824219,95.91000366210938,432551.0
1730136600,95.91999816894531,96.2300033569336,95.8499984741211,96.22000122070312,485577.0
1730140200,96.22000122070312,96.68499755859375,96.19499969482422,96.33999633789062,2754567.0
1730143800,96.33499908447266,96.51000213623047,96.18000030517578,96.25,1095753.0
1730208600,96.26000213623047,96.5999984741211,95.67500305175781,96.5114974975586,1305546.0
1730212200,96.5199966430664,96.62000274658203,96.29000091552734,96.33999633789062,1027274.0
1730215800,96.3499984741211,96.48999786376953,96.19000244140625,96.3499984741211,509592.0
1730219400,96.3499984741211,96.62000274658203,96.23999786376953,96.50499725341797,534930.0
1730223000,96.50499725341797,96.55000305175781,96.3499984741211,96.52999877929688,491253.0
1730226600,96.54000091552734,96.59989929199219,96.0999984741211,96.18000030517578,879403.0
1730230200,96.16999816894531,96.33000183105469,96.02999877929688,96.18000030517578,933674.0
1730295000,95.69999694824219,96.70999908447266,95.52999877929688,96.37999725341797,1452044.0
1730298600,96.375,96.3949966430664,95.84010314941406,96.33000183105469,651224.0
1730302200,96.33000183105469,96.58499908447266,96.2699966430664,96.48999786376953,797711.0
1730305800,96.48999786376953,96.52999877929688,96.0199966430664,96.0199966430664,385639.0
1730309400,96.01000213623047,96.0199966430664,95.43000030517578,95.45999908447266,624144.0
1730313000,95.44999694824219,95.71009826660156,95.3550033569336,95.55999755859375,658426.0
1730316600,95.56999969482422,95.58000183105469,94.94000244140625,95.08999633789062,1471161.0
1730381400,95.2699966430664,96.56999969482422,95.0,96.2300033569336,1521365.0
1730385000,96.2300033569336,96.47000122070312,95.62999725341797,96.05500030517578,855545.0
1730388600,96.05000305175781,96.25,95.93000030517578,96.0999984741211,685363.0
1730392200,96.08999633789062,96.4000015258789,96.08000183105469,96.33499908447266,496694.0
1730395800,96.33000183105469,96.33000183105469,95.79499816894531,96.26010131835938,601628.0
1730399400,96.26499938964844,96.47000122070312,96.0999984741211,96.38500213623047,846248.0
1730403000,96.38999938964844,96.62999725341797,96.19000244140625,96.20999908447266,1139953.0
1730467800,95.69999694824219,96.16999816894531,94.83000183105469,96.12000274658203,1270311.0
1730471400,96.12999725341797,96.18000030517578,95.63999938964844,96.08499908447266,1270458.0
1730475000,96.08999633789062,96.22000122070312,95.88999938964844,96.11499786376953,850016.0
1730478600,96.11499786376953,96.38999938964844,95.69999694824219,95.94999694824219,672031.0
1730482200,95.94000244140625,95.94499969482422,95.5999984741211,95.73500061035156,525733.0
1730485800,95.7300033569336,95.89900207519531,95.66999816894531,95.75,511027.0
1730489400,95.73500061035156,95.94499969482422,95.69999694824219,95.7699966430664,808042.0
1730730600,95.82499694824219,96.018798828125,95.2300033569336,95.54750061035156,881301.0
1730734200,95.55680084228516,95.5999984741211,95.23999786376953,95.36000061035156,565662.0
1730737800,95.3499984741211,95.62999725341797,95.02999877929688,95.5886001586914,897071.0
1730741400,95.58999633789062,95.81999969482422,95.47000122070312,95.69999694824219,589401.0
1730745000,95.70500183105469,95.81500244140625,95.48999786376953,95.48999786376953,483365.0
1730748600,95.48999786376953,95.68000030517578,95.44000244140625,95.55999755859375,532102.0
1730752200,95.55500030517578,95.80999755859375,95.44499969482422,95.79000091552734,935323.0
1730817000,95.5999984741211,96.42980194091797,95.25,96.19999694824219,960915.0
1730820600,96.19999694824219,96.53990173339844,96.16999816894531,96.52999877929688,498009.0
1730824200,96.5250015258789,96.66000366210938,96.3949966430664,96.47879791259766,491685.0
1730827800,96.4800033569336,96.5999984741211,96.44499969482422,96.52999877929688,381638.0
1730831400,96.54830169677734,96.62000274658203,96.41500091552734,96.43009948730469,462781.0
1730835000,96.44000244140625,96.5199966430664,96.19000244140625,96.2699966430664,627996.0
1730838600,96.2699966430664,96.66999816894531,96.2699966430664,96.66999816894531,864753.0
1730903400,98.20999908447266,99.55000305175781,98.20999908447266,98.75,3822973.0
1730907000,98.73999786376953,98.73999786376953,98.25,98.61000061035156,1011217.0
1730910600,98.62000274658203,98.6500015258789,98.37999725341797,98.38500213623047,645758.0
1730914200,98.37999725341797,98.91500091552734,98.33000183105469,98.8905029296875,653168.0
1730917800,98.9000015258789,98.97000122070312,98.69000244140625,98.69999694824219,545694.0
1730921400,98.69999694824219,98.8499984741211,98.4000015258789,98.7300033569336,843912.0
1730925000,98.73999786376953,98.9800033569336,98.63999938964844,98.83999633789062,1355830.0
1730989800,98.77999877929688,99.41000366210938,98.12999725341797,99.4094009399414,1526947.0
1730993400,99.4000015258789,99.5199966430664,99.04000091552734,99.1449966430664,818647.0
1730997000,99.14330291748047,99.30000305175781,99.0199966430664,99.26000213623047,608027.0
1731000600,99.25,99.29000091552734,98.88999938964844,99.13500213623047,608285.0
1731004200,99.12999725341797,99.1500015258789,98.87000274658203,98.94039916992188,465299.0
1731007800,98.93000030517578,99.11000061035156,98.73999786376953,99.08000183105469,681102.0
1731011400,99.08999633789062,99.18000030517578,98.79499816894531,98.93000030517578,799688.0
1731076200,98.7300033569336,98.7300033569336,97.61000061035156,98.6500015258789,1546434.0
1731079800,98.65499877929688,99.01000213623047,98.63999938964844,98.80999755859375,826134.0
1731083400,98.80000305175781,99.1780014038086,98.61000061035156,98.62000274658203,862440.0
1731087000,98.62999725341797,98.79000091552734,98.58000183105469,98.61499786376953,385513.0
1731090600,98.61000061035156,99.07499694824219,98.58999633789062,98.99009704589844,772016.0
1731094200,98.99500274658203,99.26000213623047,98.91000366210938,99.0,1225103.0
1731097800,99.0,99.05000305175781,98.8550033569336,99.05000305175781,864707.0
1731335400,99.0,100.5999984741211,99.0,100.2750015258789,2482298.0
1731339000,100.2750015258789,100.31999969482422,99.94000244140625,100.12999725341797,716173.0
1731342600,100.23500061035156,100.48500061035156,100.08499908447266,100.47869873046875,765269.0
1731346200,100.4749984741211,100.57720184326172,100.04000091552734,100.08000183105469,686056.0
1731349800,100.08000183105469,100.44000244140625,100.06999969482422,100.43000030517578,611454.0
1731353400,100.43000030517578,100.56999969482422,100.30000305175781,100.4000015258789,769901.0
1731357000,100.3949966430664,100.9000015258789,100.29499816894531,100.87999725341797,1190721.0
1731421800,100.55000305175781,101.29000091552734,100.12999725341797,100.1449966430664,2021762.0
1731425400,100.1500015258789,100.25,99.87000274658203,99.88500213623047,878080.0
1731429000,99.77020263671875,99.95999908447266,99.5999984741211,99.93000030517578,781554.0
1731432600,99.93000030517578,100.05000305175781,99.5,99.87000274658203,877778.0
1731436200,99.87000274658203,100.55000305175781,99.8550033569336,100.54000091552734,784820.0
1731439800,100.52999877929688,100.68000030517578,100.44999694824219,100.62000274658203,821720.0
1731443400,100.62000274658203,101.05000305175781,100.5,101.02999877929688,1381640.0
1731508200,100.78500366210938,101.18000030517578,100.3499984741211,101.12999725341797,1829761.0
1731511800,101.13999938964844,101.62000274658203,101.0199966430664,101.56999969482422,1331432.0
1731515400,101.58000183105469,102.22000122070312,101.51000213623047,102.11000061035156,1914602.0
1731519000,102.10040283203125,102.47000122070312,102.0,102.36000061035156,1932007.0
1731522600,102.3499984741211,103.19999694824219,102.18000030517578,102.66999816894531,2235931.0
1731526200,102.66999816894531,102.93499755859375,101.9000015258789,102.23999786376953,2445619.0
1731529800,102.2300033569336,103.08000183105469,102.06999969482422,102.72000122070312,3159089.0
1731594600,110.33000183105469,114.80999755859375,110.25,110.6500015258789,22733431.0
1731598200,110.65019989013672,112.08999633789062,109.8499984741211,109.9269027709961,6426491.0
1731601800,109.91999816894531,110.37999725341797,109.4000015258789,109.91999816894531,4613197.0
1731605400,109.91999816894531,110.31999969482422,109.27999877929688,109.29000091552734,2639733.0
1731609000,109.29000091552734,109.51000213623047,108.4000015258789,109.05500030517578,3676087.0
1731612600,109.05999755859375,109.88999938964844,109.0,109.25969696044922,2132137.0
1731616200,109.2699966430664,109.83999633789062,108.81999969482422,109.11000061035156,2835580.0
1731681000,110.25,113.58999633789062,110.25,113.44999694824219,8666967.0
1731684600,113.44999694824219,113.58999633789062,112.30999755859375,113.41999816894531,3528670.0
1731688200,113.41000366210938,113.55000305175781,112.64679718017578,113.01000213623047,2516571.0
1731691800,113.0,113.94000244140625,112.93000030517578,113.83499908447266,2157332.0
1731695400,113.82990264892578,115.1500015258789,113.25,114.66000366210938,4579758.0
1731699000,114.66670989990234,115.19000244140625,114.45999908447266,114.95500183105469,3908714.0
1731702600,114.95500183105469,115.13999938964844,114.73999786376953,115.06999969482422,3474425.0
1731940200,113.33000183105469,114.81600189208984,112.88999938964844,114.40499877929688,3555256.0
1731943800,114.4000015258789,115.43499755859375,113.3781967163086,113.44499969482422,2548271.0
1731947400,113.44000244140625,114.5,113.44000244140625,114.02999877929688,1406140.0
1731951000,114.0199966430664,114.19999694824219,113.43000030517578,113.66999816894531,909363.0
1731954600,113.67500305175781,114.23999786376953,113.32009887695312,114.01000213623047,1175212.0
1731958200,114.0199966430664,114.11620330810547,113.68000030517578,113.8499984741211,1148604.0
1731961800,113.83999633789062,113.87000274658203,113.26000213623047,113.55000305175781,1450086.0
1732026600,112.05000305175781,112.5,110.81999969482422,111.82029724121094,3601984.0
1732030200,111.83499908447266,112.04000091552734,111.3499984741211,111.91500091552734,1457677.0
1732033800,111.91500091552734,111.95500183105469,111.61009979248047,111.93769836425781,805311.0
1732037400,111.94000244140625,112.04000091552734,111.5999984741211,111.77999877929688,830953.0
1732041000,111.76000213623047,112.12989807128906,111.55999755859375,111.9000015258789,672453.0
1732044600,111.9000015258789,111.9800033569336,111.64230346679688,111.94999694824219,662670.0
1732048200,111.94999694824219,112.5,111.93499755859375,112.41000366210938,1362427.0
1732113000,112.26000213623047,112.83989715576172,111.47000122070312,111.75,2253324.0
1732116600,111.7300033569336,113.08699798583984,111.6500015258789,112.77999877929688,1004331.0
1732120200,112.7699966430664,113.58999633789062,112.5999984741211,113.375,1098475.0
1732123800,113.37000274658203,113.49530029296875,112.94999694824219,113.11019897460938,605716.0
1732127400,113.11000061035156,113.26000213623047,112.91000366210938,113.20999908447266,475357.0
1732131000,113.20999908447266,113.81990051269531,113.16999816894531,113.75499725341797,836592.0
1732134600,113.76000213623047,114.37000274658203,113.76000213623047,114.26000213623047,1532628.0
1732199400,114.1500015258789,114.88999938964844,113.83429718017578,113.87000274658203,1684603.0
1732203000,113.8499984741211,115.5999984741211,113.8499984741211,115.26570129394531,1680245.0
1732206600,115.26000213623047,115.91000366210938,115.23999786376953,115.83999633789062,1151475.0
1732210200,115.83999633789062,116.25,115.5,115.62999725341797,892408.0
1732213800,115.63500213623047,115.70999908447266,115.22010040283203,115.47000122070312,890799.0
1732217400,115.4800033569336,115.62999725341797,115.26000213623047,115.26499938964844,903999.0
1732221000,115.27999877929688,115.36000061035156,114.68499755859375,114.7300033569336,1291589.0
1732285800,113.8499984741211,115.23999786376953,113.5999984741211,114.8550033569336,1844245.0
1732289400,114.86000061035156,115.52999877929688,114.81999969482422,115.48500061035156,829865.0
1732293000,115.48500061035156,116.33999633789062,115.42500305175781,115.71688079833984,1683848.0
1732296600,115.70999908447266,115.83000183105469,115.38999938964844,115.76000213623047,699938.0
1732300200,115.77999877929688,116.12000274658203,115.75,115.87999725341797,645295.0
1732303800,115.87000274658203,116.0,115.45010375976562,115.68000030517578,822786.0
1732307400,115.68000030517578,115.91999816894531,115.5999984741211,115.66500091552734,1191935.0
1732545000,115.68000030517578,116.57980346679688,115.68000030517578,116.41400146484375,1662966.0
1732548600,116.41000366210938,116.44999694824219,115.55000305175781,115.6500015258789,975758.0
1732552200,115.6500015258789,115.73999786376953,115.08999633789062,115.1050033569336,802043.0
1732555800,115.0999984741211,115.54000091552734,114.93199920654297,115.46499633789062,715736.0
1732559400,115.46499633789062,115.81999969482422,115.41000366210938,115.59500122070312,667500.0
1732563000,115.59500122070312,115.69000244140625,115.38999938964844,115.59500122070312,595309.0
1732566600,115.58999633789062,116.05000305175781,115.54000091552734,115.95999908447266,1240336.0
1732631400,116.0,116.41999816894531,115.56320190429688,116.08000183105469,1422660.0
1732635000,116.06999969482422,116.12000274658203,115.80000305175781,116.09500122070312,569829.0
1732638600,116.0999984741211,116.24539947509766,116.0,116.1449966430664,821843.0
1732642200,116.1500015258789,116.30999755859375,116.125,116.23500061035156,475533.0
1732645800,116.23500061035156,116.2699966430664,115.55000305175781,115.63500213623047,534152.0
1732649400,115.62999725341797,115.86000061035156,115.58000183105469,115.7300033569336,499461.0
1732653000,115.72000122070312,115.79000091552734,115.44000244140625,115.44000244140625,735482.0
1732717800,115.62999725341797,116.75,115.48999786376953,116.55829620361328,1184620.0
1732721400,116.56999969482422,116.94999694824219,116.44000244140625,116.7750015258789,794479.0
1732725000,116.7699966430664,117.16500091552734,116.7699966430664,116.87000274658203,806608.0
1732728600,116.87999725341797,117.94000244140625,116.77999877929688,117.81500244140625,995222.0
1732732200,117.80999755859375,118.19979858398438,117.36499786376953,117.5199966430664,1014450.0
1732735800,117.5562973022461,117.67500305175781,117.2699966430664,117.33920288085938,885217.0
1732739400,117.33999633789062,117.61000061035156,117.25,117.61000061035156,1046902.0
1732890600,117.25499725341797,117.5999984741211,116.83000183105469,116.94999694824219,1314963.0
1732894200,116.94999694824219,117.4000015258789,116.7300033569336,117.32499694824219,882012.0
1732897800,117.30500030517578,117.44999694824219,116.97000122070312,117.41999816894531,744405.0
1733149800,117.77999877929688,118.62999725341797,117.2699966430664,117.68170166015625,1879444.0
1733153400,117.66999816894531,117.77999877929688,117.02999877929688,117.25499725341797,862365.0
1733157000,117.25,117.38999938964844,116.83999633789062,116.87999725341797,583971.0
1733160600,116.875,117.06999969482422,116.55000305175781,116.75499725341797,574171.0
1733164200,116.75499725341797,116.83999633789062,116.56520080566406,116.80000305175781,680383.0
1733167800,116.80000305175781,117.06500244140625,116.75,116.87000274658203,898277.0
1733171400,116.86000061035156,117.2300033569336,116.83000183105469,117.16000366210938,976937.0
1733236200,117.0,117.2300033569336,115.44999694824219,115.7300033569336,2537026.0
1733239800,115.75,116.177001953125,115.625,116.10089874267578,689707.0
1733243400,116.08999633789062,116.4000015258789,116.0,116.37000274658203,586211.0
1733247000,116.37000274658203,116.74500274658203,116.33999633789062,116.625,434200.0
1733250600,116.61499786376953,116.68000030517578,116.2249984741211,116.56009674072266,575174.0
1733254200,116.56999969482422,116.78500366210938,116.30999755859375,116.62999725341797,850133.0
1733257800,116.62999725341797,116.80000305175781,116.44999694824219,116.45999908447266,870971.0
1733322600,115.97000122070312,116.69999694824219,115.94999694824219,116.19000244140625,1146763.0
1733326200,116.19000244140625,116.49500274658203,116.12000274658203,116.24019622802734,653027.0
1733329800,116.24500274658203,116.30000305175781,115.8499984741211,115.91500091552734,644606.0
1733333400,115.91500091552734,116.2699966430664,115.83999633789062,116.18000030517578,572684.0
1733337000,116.16000366210938,116.79000091552734,115.94999694824219,116.79000091552734,651313.0
1733340600,116.7699966430664,117.12999725341797,116.72000122070312,117.04499816894531,600545.0
1733344200,117.04000091552734,117.29000091552734,116.94999694824219,117.0250015258789,744317.0
1733409000,116.55000305175781,117.2699966430664,116.22000122070312,116.30000305175781,1572301.0
1733412600,116.32499694824219,116.7699966430664,116.05999755859375,116.38800048828125,1009434.0
1733416200,116.38999938964844,116.62999725341797,116.11000061035156,116.59190368652344,755196.0
1733419800,116.58999633789062,116.76499938964844,116.29000091552734,116.41999816894531,833221.0
1733423400,116.41999816894531,116.86990356445312,116.41000366210938,116.59290313720703,425722.0
1733427000,116.5999984741211,116.9000015258789,116.59159851074219,116.8499984741211,717731.0
1733430600,116.86000061035156,117.02999877929688,116.4000015258789,116.48999786376953,1186494.0
1733495400,116.55000305175781,116.77999877929688,116.22000122070312,116.66000366210938,960342.0
1733499000,116.66275787353516,117.26000213623047,116.4000015258789,117.19000244140625,647768.0
1733502600,117.19000244140625,117.19000244140625,116.79000091552734,116.88999938964844,436242.0
1733506200,116.88999938964844,117.0199966430664,116.69999694824219,116.83000183105469,998563.0
1733509800,116.83000183105469,116.98999786376953,116.70999908447266,116.7301025390625,234846.0
1733513400,116.7300033569336,116.93000030517578,116.66999816894531,116.91999816894531,1022937.0
1733517000,116.91999816894531,117.0199966430664,116.69000244140625,116.7300033569336,1040812.0
1733754600,116.38500213623047,117.18000030517578,115.16000366210938,115.26000213623047,1365196.0
1733758200,115.29000091552734,115.5,114.62999725341797,114.83499908447266,936941.0
1733761800,114.81999969482422,115.08000183105469,114.56999969482422,114.66500091552734,703676.0
1733765400,114.67120361328125,114.69000244140625,113.91000366210938,114.08000183105469,711674.0
1733769000,114.06999969482422,115.27999877929688,114.06079864501953,115.16999816894531,1358073.0
1733772600,115.1500015258789,115.3499984741211,114.41000366210938,114.58999633789062,1111579.0
1733776200,114.58000183105469,114.69999694824219,114.45999908447266,114.63999938964844,1003481.0
1733841000,114.6500015258789,114.94999694824219,113.7699966430664,114.30999755859375,1322023.0
1733844600,114.30325317382812,114.5999984741211,114.09500122070312,114.4000015258789,728276.0
1733848200,114.40499877929688,114.5199966430664,114.0250015258789,114.26000213623047,669494.0
1733851800,114.2699966430664,114.41999816894531,113.72000122070312,114.0199966430664,620313.0
1733855400,114.01000213623047,114.05000305175781,113.8644027709961,113.97000122070312,522935.0
1733859000,113.95999908447266,114.31999969482422,113.87560272216797,114.25,668476.0
1733862600,114.24500274658203,114.76000213623047,114.12989807128906,114.75,1307205.0
1733927400,114.63500213623047,115.05000305175781,114.02999877929688,114.125,1179643.0
1733931000,114.125,114.48999786376953,113.9800033569336,114.16999816894531,711281.0
1733934600,114.16999816894531,114.58999633789062,114.16000366210938,114.29499816894531,536891.0
1733938200,114.29000091552734,114.75499725341797,114.20999908447266,114.56999969482422,502344.0
1733941800,114.58000183105469,114.76000213623047,114.45999908447266,114.68000030517578,502538.0
1733945400,114.68499755859375,115.04000091552734,114.56999969482422,114.70999908447266,596909.0
1733949000,114.70999908447266,114.80000305175781,114.54100036621094,114.62000274658203,733048.0
1734013800,114.69999694824219,115.0,114.16000366210938,114.7750015258789,969823.0
1734017400,114.76000213623047,114.91999816894531,114.61009979248047,114.84500122070312,534501.0
1734021000,114.84140014648438,114.91999816894531,114.70249938964844,114.79000091552734,460725.0
1734024600,114.7750015258789,114.84500122070312,114.62000274658203,114.66000366210938,347848.0
1734028200,114.66230010986328,114.82740020751953,114.5199966430664,114.7249984741211,484554.0
1734031800,114.7249984741211,114.81999969482422,114.5199966430664,114.77279663085938,633542.0
1734035400,114.77999877929688,115.01000213623047,114.73999786376953,114.93000030517578,703267.0
1734100200,114.3219985961914,114.95999908447266,114.0199966430664,114.22000122070312,972435.0
1734103800,114.1500015258789,114.33000183105469,113.6500015258789,113.73989868164062,765015.0
1734107400,113.7300033569336,113.94000244140625,113.41190338134766,113.58000183105469,637934.0
1734111000,113.55000305175781,113.7699966430664,113.41999816894531,113.74169921875,480510.0
1734114600,113.75,113.9000015258789,113.63999938964844,113.65840148925781,577969.0
1734118200,113.6500015258789,113.75499725341797,113.4000015258789,113.42278289794922,596974.0
1734121800,113.43000030517578,113.68000030517578,113.30000305175781,113.33000183105469,870120.0
1734359400,113.0,113.06700134277344,112.36000061035156,112.8499984741211,1423525.0
1734363000,112.839599609375,112.88999938964844,112.2645034790039,112.62146759033203,664151.0
1734366600,112.62999725341797,112.91000366210938,112.33000183105469,112.37999725341797,515615.0
1734370200,112.37000274658203,112.61000061035156,112.26000213623047,112.45999908447266,663717.0
1734373800,112.44999694824219,112.45999908447266,111.80010223388672,111.81500244140625,828335.0
1734377400,111.80999755859375,112.41000366210938,111.7300033569336,112.33000183105469,794251.0
1734381000,112.31999969482422,112.47000122070312,112.05000305175781,112.13999938964844,1145722.0
1734445800,111.0250015258789,112.6500015258789,110.80000305175781,112.6500015258789,1647450.0
1734449400,112.62000274658203,113.61000061035156,112.58999633789062,113.49500274658203,1349869.0
1734453000,113.49500274658203,114.04000091552734,113.36000061035156,113.83799743652344,1311282.0
1734456600,113.83000183105469,113.98999786376953,113.23999786376953,113.31999969482422,1493763.0
1734460200,113.34500122070312,113.4000015258789,113.16000366210938,113.27999877929688,570061.0
1734463800,113.27999877929688,113.37999725341797,112.86849975585938,112.91999816894531,824047.0
1734467400,112.91999816894531,113.44000244140625,112.7699966430664,113.0199966430664,1252815.0
1734532200,113.33999633789062,116.11840057373047,113.33999633789062,115.65299987792969,3353597.0
1734535800,115.66799926757812,115.87000274658203,115.13999938964844,115.38999938964844,1000103.0
1734539400,115.38500213623047,115.54499816894531,114.66000366210938,114.7750015258789,889283.0
1734543000,114.77999877929688,114.91999816894531,114.45069885253906,114.83000183105469,668134.0
1734546600,114.83000183105469,114.95999908447266,113.66000366210938,113.68000030517578,818922.0
1734550200,113.69999694824219,113.9000015258789,112.55999755859375,112.625,1061681.0
1734553800,112.625,112.76000213623047,111.23999786376953,111.33999633789062,1660480.0
1734618600,111.66000366210938,112.91000366210938,111.66000366210938,112.28500366210938,1776829.0
1734622200,112.29000091552734,112.5999984741211,111.7300033569336,112.43000030517578,891213.0
1734625800,112.43000030517578,112.77999877929688,111.94999694824219,112.0199966430664,680873.0
1734629400,112.04000091552734,112.33000183105469,111.87999725341797,112.30000305175781,565703.0
1734633000,112.30500030517578,112.48259735107422,112.01239776611328,112.12000274658203,563117.0
1734636600,112.13999938964844,112.1449966430664,111.67669677734375,111.98999786376953,787087.0
1734640200,111.9800033569336,112.1500015258789,111.25,111.36000061035156,1010931.0
1734705000,110.61000061035156,111.71990203857422,110.43000030517578,111.61699676513672,3192939.0
1734708600,111.66000366210938,112.2699966430664,111.5,112.22000122070312,707088.0
1734712200,112.23500061035156,112.97000122070312,112.19329833984375,112.91999816894531,639202.0
1734715800,112.91000366210938,112.94999694824219,112.30999755859375,112.37000274658203,564369.0
1734719400,112.37000274658203,112.5250015258789,112.0,112.33000183105469,618096.0
1734723000,112.30000305175781,112.37999725341797,111.6707992553711,111.95999908447266,697334.0
1734726600,111.94999694824219,112.06999969482422,111.58999633789062,111.94000244140625,1422100.0
1734964200,111.61000061035156,111.8499984741211,110.30999755859375,110.94529724121094,1548445.0
1734967800,110.91999816894531,111.0199966430664,110.44999694824219,110.97000122070312,520219.0
1734971400,110.94999694824219,111.16500091552734,110.69000244140625,110.94499969482422,441248.0
1734975000,110.94840240478516,111.3499984741211,110.9000015258789,111.3499984741211,412512.0
1734978600,111.33999633789062,111.41999816894531,111.01000213623047,111.2750015258789,437266.0
1734982200,111.27999877929688,111.41000366210938,111.11000061035156,111.29499816894531,445749.0
1734985800,111.29000091552734,111.6500015258789,111.26000213623047,111.41000366210938,643298.0
1735050600,111.25,112.25,111.25,111.93000030517578,689729.0
1735054200,111.93000030517578,112.37999725341797,111.87999725341797,112.3499984741211,508217.0
1735057800,112.3499984741211,112.73999786376953,112.30000305175781,112.69000244140625,442262.0
1735223400,112.12000274658203,113.31999969482422,111.86000061035156,112.9000015258789,873002.0
1735227000,112.91000366210938,113.16000366210938,112.70079803466797,112.91000366210938,423810.0
1735230600,112.88999938964844,113.13999938964844,112.87000274658203,112.91999816894531,370746.0
1735234200,112.91000366210938,113.0,112.7699966430664,112.7957992553711,267625.0
1735237800,112.80000305175781,112.86000061035156,112.5199966430664,112.5999984741211,282309.0
1735241400,112.56999969482422,112.77999877929688,112.52999877929688,112.72000122070312,330023.0
1735245000,112.70999908447266,112.7300033569336,112.48999786376953,112.54000091552734,531532.0
1735309800,111.81999969482422,112.12000274658203,111.16000366210938,111.19499969482422,792381.0
1735313400,111.16999816894531,111.52999877929688,111.0199966430664,111.31500244140625,380338.0
1735317000,111.31500244140625,111.37000274658203,110.87999725341797,111.05000305175781,315033.0
1735320600,111.05000305175781,111.51000213623047,110.86000061035156,111.40769958496094,493475.0
1735324200,111.41000366210938,111.7249984741211,111.37999725341797,111.55999755859375,277956.0
1735327800,111.57499694824219,111.79000091552734,111.31999969482422,111.46530151367188,369025.0
1735331400,111.45999908447266,111.76000213623047,111.25,111.58000183105469,673264.0
1735569000,110.42500305175781,110.7300033569336,109.83000183105469,110.11289978027344,989816.0
1735572600,110.0885009765625,110.6500015258789,110.08000183105469,110.51799774169922,459059.0
1735576200,110.54989624023438,111.1500015258789,110.51000213623047,111.04499816894531,433664.0
1735579800,111.04499816894531,111.2979965209961,110.95999908447266,111.11000061035156,448778.0
1735583400,111.125,111.4260025024414,111.01000213623047,111.2699966430664,374596.0
1735587000,111.26000213623047,111.54000091552734,111.19999694824219,111.30999755859375,491580.0
1735590600,111.33000183105469,111.37999725341797,110.69999694824219,110.80999755859375,927864.0
1735655400,110.77999877929688,111.48999786376953,110.69000244140625,111.22000122070312,555588.0
1735659000,111.18000030517578,111.33999633789062,110.88760375976562,110.94000244140625,363963.0
1735662600,110.91999816894531,111.0999984741211,110.76000213623047,110.7699966430664,427310.0
1735666200,110.76000213623047,111.08999633789062,110.66999816894531,110.7699966430664,345789.0
1735669800,110.75,111.11000061035156,110.7491455078125,110.94999694824219,326190.0
1735673400,110.94999694824219,111.33499908447266,110.8499984741211,111.31999969482422,465859.0
1735677000,111.31999969482422,111.58999633789062,111.20099639892578,111.38999938964844,968405.0
1735828200,111.69999694824219,112.19999694824219,111.04000091552734,111.26000213623047,1129222.0
1735831800,111.25,111.41999816894531,110.66000366210938,110.9800033569336,663073.0
1735835400,110.97000122070312,111.41000366210938,110.72000122070312,110.76000213623047,494990.0
1735839000,110.72000122070312,110.7300033569336,110.16999816894531,110.43479919433594,484120.0
1735842600,110.41999816894531,110.73999786376953,110.16999816894531,110.72599792480469,440190.0
1735846200,110.69000244140625,111.05999755859375,110.52999877929688,110.9749984741211,557416.0
1735849800,110.98999786376953,111.08999633789062,110.69999694824219,110.83000183105469,813178.0
1735914600,111.37000274658203,111.53500366210938,110.18000030517578,110.93000030517578,826988.0
1735918200,110.91999816894531,111.20500183105469,110.79000091552734,111.19999694824219,531916.0
1735921800,111.19999694824219,111.36000061035156,111.06999969482422,111.12000274658203,400737.0
1735925400,111.12999725341797,111.26000213623047,110.89250183105469,111.12999725341797,383252.0
1735929000,111.13249969482422,111.2300033569336,110.97000122070312,111.19000244140625,393431.0
1735932600,111.19000244140625,111.2699966430664,111.05000305175781,111.26000213623047,347216.0
1735936200,111.23999786376953,111.25,110.9800033569336,111.1500015258789,638906.0
1736173800,111.47000122070312,112.62000274658203,111.44499969482422,112.30999755859375,1389541.0
1736177400,112.31999969482422,112.85369873046875,112.11000061035156,112.37000274658203,616886.0
1736181000,112.37000274658203,112.81500244140625,112.08000183105469,112.58999633789062,528878.0
1736184600,112.58000183105469,112.61000061035156,112.02999877929688,112.19999694824219,438709.0
1736188200,112.19999694824219,112.19999694824219,111.42500305175781,111.50759887695312,489044.0
1736191800,111.5,111.58999633789062,111.10099792480469,111.26000213623047,558695.0
1736195400,111.25,111.41500091552734,110.87000274658203,111.05999755859375,840077.0
1736260200,112.1500015258789,113.73999786376953,111.83000183105469,112.30999755859375,2024104.0
1736263800,112.32499694824219,112.44999694824219,111.68000030517578,112.25,694513.0
1736267400,112.2300033569336,112.4375991821289,111.7300033569336,111.85549926757812,731281.0
1736271000,111.83000183105469,111.9800033569336,111.52999877929688,111.81999969482422,701713.0
1736274600,111.81999969482422,112.32640075683594,111.62999725341797,112.0199966430664,566152.0
1736278200,112.01000213623047,112.01000213623047,111.51000213623047,111.54499816894531,651277.0
1736281800,111.55000305175781,111.5999984741211,111.29000091552734,111.41000366210938,772699.0
1736346600,111.0,111.11000061035156,109.62000274658203,109.66999816894531,1241814.0
1736350200,109.68000030517578,109.94999694824219,109.08999633789062,109.23999786376953,964728.0
1736353800,109.25499725341797,109.43000030517578,108.66999816894531,108.68000030517578,778154.0
1736357400,108.69999694824219,109.9000015258789,108.63999938964844,109.73500061035156,729602.0
1736361000,109.72000122070312,110.18000030517578,109.30000305175781,110.11000061035156,494660.0
1736364600,110.0999984741211,110.0999984741211,109.62999725341797,109.77339935302734,496565.0
1736368200,109.77999877929688,109.83000183105469,109.59500122070312,109.75,894547.0
1736519400,110.0,110.54000091552734,107.62000274658203,108.26000213623047,2127644.0
1736523000,108.2699966430664,108.37000274658203,107.80999755859375,108.31999969482422,808601.0
1736526600,108.31999969482422,108.75,108.19000244140625,108.69999694824219,618689.0
1736530200,108.69999694824219,109.38999938964844,108.66999816894531,109.28900146484375,705473.0
1736533800,109.30999755859375,109.5,108.95999908447266,109.17359924316406,632526.0
1736537400,109.18499755859375,109.2699966430664,108.55000305175781,108.69999694824219,674643.0
1736541000,108.69000244140625,108.76000213623047,108.2300033569336,108.63999938964844,992863.0
1736778600,107.93000030517578,108.52999877929688,107.75,107.98139953613281,951006.0
1736782200,107.98999786376953,108.38999938964844,107.27999877929688,107.36000061035156,722979.0
1736785800,107.36000061035156,107.41000366210938,106.72000122070312,107.28199768066406,640980.0
1736789400,107.2699966430664,107.48999786376953,107.18000030517578,107.37000274658203,391368.0
1736793000,107.37000274658203,107.92489624023438,107.37000274658203,107.90440368652344,481480.0
1736796600,107.88999938964844,107.95999908447266,107.69000244140625,107.81999969482422,540701.0
1736800200,107.80000305175781,108.13999938964844,107.77999877929688,108.05999755859375,797017.0
1736865000,108.68000030517578,108.95999908447266,108.0999984741211,108.1500015258789,814178.0
1736868600,108.16000366210938,108.38999938964844,107.91999816894531,108.2699966430664,815244.0
1736872200,108.29000091552734,108.53800201416016,108.1500015258789,108.28759765625,626017.0
1736875800,108.27999877929688,108.4800033569336,107.97010040283203,108.20999908447266,392124.0
1736879400,108.19000244140625,108.45999908447266,108.16999816894531,108.19999694824219,339963.0
1736883000,108.19000244140625,108.27999877929688,107.61000061035156,108.05999755859375,573417.0
1736886600,108.06500244140625,108.12999725341797,107.87039947509766,108.12999725341797,728924.0
1736951400,109.16999816894531,109.5999984741211,108.80500030517578,108.8949966430664,902443.0
1736955000,108.9000015258789,109.02989959716797,108.5,108.66010284423828,606764.0
1736958600,108.63999938964844,108.75,108.4000015258789,108.67340087890625,487128.0
1736962200,108.69000244140625,108.87000274658203,108.47000122070312,108.62999725341797,360946.0
1736965800,108.63999938964844,108.66999816894531,108.38999938964844,108.55500030517578,478901.0
1736969400,108.56199645996094,108.66000366210938,108.13999938964844,108.25,569000.0
1736973000,108.25,108.38999938964844,107.98999786376953,108.16000366210938,930473.0
1737037800,108.29000091552734,108.5999984741211,106.91999816894531,107.29499816894531,1435895.0
1737041400,107.29779815673828,107.44000244140625,106.8499984741211,107.28500366210938,740969.0
1737045000,107.28500366210938,107.58999633789062,107.16000366210938,107.41999816894531,606812.0
1737048600,107.41999816894531,107.54000091552734,107.19000244140625,107.19999694824219,481185.0
1737052200,107.16999816894531,107.2300033569336,106.54000091552734,106.58499908447266,967659.0
1737055800,106.58999633789062,106.5999984741211,106.16000366210938,106.19999694824219,922830.0
1737059400,106.19000244140625,106.5999984741211,106.16999816894531,106.47000122070312,999829.0
1737124200,106.83000183105469,107.73999786376953,106.54000091552734,107.66000366210938,2303749.0
1737127800,107.66000366210938,107.66999816894531,107.2699966430664,107.48999786376953,611008.0
1737131400,107.48999786376953,107.62999725341797,107.31999969482422,107.38999938964844,573880.0
1737135000,107.4000015258789,107.47000122070312,107.2699966430664,107.27020263671875,481969.0
1737138600,107.26000213623047,107.47000122070312,107.16999816894531,107.33999633789062,518456.0
1737142200,107.33000183105469,107.41000366210938,107.20999908447266,107.2699966430664,570281.0
1737145800,107.2699966430664,107.33999633789062,107.0,107.03500366210938,881081.0
1737469800,107.0999984741211,108.08000183105469,106.80000305175781,108.05500030517578,1402667.0
1737473400,108.05500030517578,108.74500274658203,107.91999816894531,108.71499633789062,778014.0
1737477000,108.70999908447266,109.18479919433594,108.41999816894531,109.14600372314453,986681.0
1737480600,109.13999938964844,109.44999694824219,109.0,109.08999633789062,807396.0
1737484200,109.09500122070312,109.22000122070312,108.80999755859375,108.86499786376953,583422.0
1737487800,108.86000061035156,108.9000015258789,108.66000366210938,108.88999938964844,592349.0
1737491400,108.88999938964844,108.98999786376953,108.6500015258789,108.70999908447266,917313.0
1737556200,109.55000305175781,109.55000305175781,108.2300033569336,108.93000030517578,1534417.0
1737559800,108.90499877929688,109.27999877929688,108.7228012084961,109.00440216064453,1035628.0
1737563400,109.0,109.27999877929688,108.51000213623047,108.62000274658203,732248.0
1737567000,108.62419891357422,109.16000366210938,108.5999984741211,108.98999786376953,972467.0
1737570600,108.98500061035156,109.13500213623047,108.9000015258789,108.95999908447266,908791.0
1737574200,108.94999694824219,109.08000183105469,108.79000091552734,108.9800033569336,961932.0
1737577800,108.97000122070312,109.07990264892578,108.61000061035156,108.77999877929688,1143828.0
1737642600,108.5,109.52999877929688,108.48999786376953,109.27999877929688,1287119.0
1737646200,109.27749633789062,110.16000366210938,109.27749633789062,109.9000015258789,993709.0
1737649800,109.91999816894531,110.25,109.91000366210938,110.05999755859375,729440.0
1737653400,110.05999755859375,110.59559631347656,109.94999694824219,110.58000183105469,607919.0
1737657000,110.58000183105469,110.79000091552734,110.41000366210938,110.48999786376953,683963.0
1737660600,110.50499725341797,110.8499984741211,110.4801025390625,110.7750015258789,791822.0
1737664200,110.77999877929688,111.06999969482422,110.5999984741211,111.02999877929688,1085527.0
1737729000,111.15499877929688,112.32499694824219,110.62999725341797,112.03900146484375,1535218.0
1737732600,112.01750183105469,113.12999725341797,111.9800033569336,113.06320190429688,1269672.0
1737736200,113.06999969482422,113.38999938964844,112.81999969482422,113.19499969482422,1230311.0
1737739800,113.19499969482422,113.2041015625,112.98999786376953,113.052001953125,749012.0
1737743400,113.05999755859375,113.12989807128906,112.1500015258789,112.21099853515625,795404.0
1737747000,112.2249984741211,112.44940185546875,112.0199966430664,112.0999984741211,652717.0
1737750600,112.11000061035156,112.31999969482422,112.05000305175781,112.16000366210938,872004.0
1737988200,111.68000030517578,113.41000366210938,111.45999908447266,113.30000305175781,1897607.0
1737991800,113.2699966430664,113.52999877929688,113.05999755859375,113.1449966430664,947387.0
1737995400,113.1449966430664,113.57990264892578,113.03710174560547,113.16100311279297,890297.0
1737999000,113.17900085449219,113.36000061035156,112.8499984741211,113.29930114746094,858610.0
1738002600,113.29499816894531,114.08000183105469,113.0199966430664,113.98500061035156,883709.0
1738006200,113.9800033569336,114.01000213623047,113.45999908447266,113.58999633789062,883557.0
1738009800,113.5999984741211,113.69000244140625,112.88999938964844,113.31999969482422,1454521.0
1738074600,112.84500122070312,112.93990325927734,111.5999984741211,111.80000305175781,1327692.0
1738078200,111.77999877929688,112.16999816894531,111.55999755859375,112.0,1218112.0
1738081800,112.0,112.55999755859375,111.75,112.40989685058594,479474.0
1738085400,112.38999938964844,112.95999908447266,112.36000061035156,112.86000061035156,498138.0
1738089000,112.8499984741211,112.94000244140625,112.20999908447266,112.47000122070312,552901.0
1738092600,112.47000122070312,112.65550231933594,112.33000183105469,112.36000061035156,596662.0
1738096200,112.3499984741211,112.44999694824219,112.08999633789062,112.12000274658203,758524.0
1738161000,113.49500274658203,113.9800033569336,112.85590362548828,113.4395980834961,1181758.0
1738164600,113.44000244140625,114.05999755859375,113.32499694824219,114.01000213623047,860848.0
1738168200,114.01000213623047,114.3843994140625,113.810302734375,114.22000122070312,612214.0
1738171800,114.2249984741211,114.27999877929688,113.5602035522461,113.66000366210938,538091.0
1738175400,113.66000366210938,113.7750015258789,113.13999938964844,113.13999938964844,494467.0
1738179000,113.12000274658203,113.62999725341797,113.06999969482422,113.38500213623047,522546.0
1738182600,113.37999725341797,113.41000366210938,112.76000213623047,113.18000030517578,848995.0
1738247400,114.08499908447266,115.18000030517578,113.80000305175781,114.05079650878906,1392662.0
1738251000,114.06999969482422,114.25,113.83999633789062,114.05999755859375,562353.0
1738254600,114.08000183105469,114.22000122070312,113.82710266113281,113.86499786376953,511812.0
1738258200,113.86000061035156,114.16999816894531,113.69999694824219,114.13999938964844,362793.0
1738261800,114.1449966430664,114.61000061035156,114.05999755859375,114.11000061035156,614067.0
1738265400,114.0999984741211,114.31999969482422,114.0,114.08999633789062,521585.0
1738269000,114.06999969482422,114.17500305175781,113.12000274658203,113.44000244140625,1018458.0
1738333800,113.30000305175781,114.01000213623047,113.02999877929688,113.2300033569336,956482.0
1738337400,113.22000122070312,113.56999969482422,112.9000015258789,113.44999694824219,735553.0
1738341000,113.44999694824219,113.71499633789062,113.19000244140625,113.59819793701172,1020191.0
1738344600,113.5999984741211,113.73999786376953,113.05999755859375,113.08000183105469,412394.0
1738348200,113.05500030517578,113.2249984741211,112.76000213623047,113.18499755859375,509483.0
1738351800,113.18000030517578,113.33999633789062,112.88500213623047,113.06999969482422,782837.0
1738355400,113.08000183105469,113.27999877929688,112.95500183105469,113.04000091552734,841748.0
1738593000,111.3499984741211,112.55000305175781,110.86000061035156,112.49500274658203,2007656.0
1738596600,112.5,113.30000305175781,112.47000122070312,113.19999694824219,1036850.0
1738600200,113.22000122070312,113.72000122070312,113.0999984741211,113.52999877929688,779496.0
1738603800,113.50499725341797,113.66940307617188,113.12000274658203,113.36000061035156,595840.0
1738607400,113.36499786376953,113.72000122070312,113.19000244140625,113.59010314941406,586583.0
1738611000,113.5999984741211,114.04000091552734,113.56999969482422,113.95500183105469,983804.0
1738614600,113.95999908447266,114.5999984741211,113.81999969482422,114.04000091552734,1309524.0
1738679400,113.80000305175781,114.65499877929688,112.80000305175781,113.80000305175781,2628220.0
1738683000,113.80000305175781,113.81999969482422,112.91809844970703,113.2300033569336,1374980.0
1738686600,113.2300033569336,113.41000366210938,112.68000030517578,112.69000244140625,1296830.0
1738690200,112.70999908447266,113.01000213623047,112.51000213623047,112.91000366210938,887978.0
1738693800,112.91000366210938,113.52999877929688,112.87000274658203,113.41999816894531,1013097.0
1738697400,113.41000366210938,113.5199966430664,113.04000091552734,113.08999633789062,1632813.0
1738701000,113.09500122070312,113.41000366210938,112.6500015258789,113.27999877929688,2278943.0
1738765800,115.69999694824219,118.58999633789062,111.47000122070312,112.3499984741211,8591621.0
1738769400,112.30000305175781,112.3136978149414,110.76000213623047,112.2300033569336,2620455.0
1738773000,112.20999908447266,112.52989959716797,111.3468017578125,111.42070007324219,1355440.0
1738776600,111.38999938964844,111.8499984741211,110.86000061035156,111.05000305175781,1163849.0
1738780200,111.05000305175781,112.26000213623047,110.94999694824219,111.63919830322266,1552750.0
1738783800,111.64140319824219,111.7699966430664,110.8499984741211,110.875,2390090.0
1738787400,110.875,111.22000122070312,110.2300033569336,110.56999969482422,2667560.0
1738852200,111.87999725341797,112.68000030517578,109.19999694824219,109.5250015258789,2874115.0
1738855800,109.51499938964844,110.54000091552734,109.1500015258789,110.44999694824219,1517972.0
1738859400,110.44000244140625,111.33999633789062,110.22000122070312,111.16999816894531,1136701.0
1738863000,111.15760040283203,111.38999938964844,110.75,110.77999877929688,783168.0
1738866600,110.77960205078125,111.62999725341797,110.7300033569336,111.44000244140625,880179.0
1738870200,111.43000030517578,112.02999877929688,111.16999816894531,111.83000183105469,1253302.0
1738873800,111.81500244140625,112.28500366210938,111.69000244140625,112.11000061035156,1900761.0
1738938600,111.61000061035156,112.55000305175781,111.4000015258789,111.7750015258789,1457202.0
1738942200,111.73999786376953,112.08000183105469,111.16500091552734,111.16999816894531,922517.0
1738945800,111.16999816894531,111.38999938964844,110.9800033569336,111.16000366210938,754074.0
1738949400,111.15499877929688,111.62000274658203,110.98999786376953,111.41999816894531,580081.0
1738953000,111.37999725341797,111.47000122070312,110.81009674072266,110.91500091552734,567780.0
1738956600,110.91500091552734,111.2499008178711,110.87999725341797,111.00499725341797,900423.0
1738960200,111.01000213623047,111.12000274658203,110.83000183105469,110.87999725341797,961275.0
1739197800,111.13999938964844,111.37999725341797,109.3499984741211,109.56420135498047,1497837.0
1739201400,109.55999755859375,109.70999908447266,109.19999694824219,109.25,879937.0
1739205000,109.25,109.2699966430664,108.69000244140625,108.76000213623047,965514.0
1739208600,108.76499938964844,109.23999786376953,108.7300033569336,109.08499908447266,656564.0
1739212200,109.08999633789062,109.69000244140625,109.01000213623047,109.51219940185547,734261.0
1739215800,109.5199966430664,109.72000122070312,109.17040252685547,109.19999694824219,718613.0
1739219400,109.18000030517578,109.3499984741211,108.93000030517578,109.26000213623047,1146398.0
1739284200,108.37999725341797,108.63999938964844,107.69000244140625,108.08999633789062,1514575.0
1739287800,108.05999755859375,108.44999694824219,107.9800033569336,108.19200134277344,780636.0
1739291400,108.19999694824219,108.66500091552734,107.81999969482422,108.47000122070312,1258090.0
1739295000,108.47000122070312,108.77989959716797,108.37000274658203,108.61000061035156,653029.0
1739298600,108.62000274658203,108.94999694824219,108.5999984741211,108.75,580114.0
1739302200,108.76000213623047,109.02999877929688,108.75,108.80349731445312,718327.0
1739305800,108.80999755859375,109.05000305175781,108.72000122070312,109.0250015258789,991031.0
1739370600,108.25,108.80000305175781,107.75,108.2300033569336,1395547.0
1739374200,108.22000122070312,108.91000366210938,108.0999984741211,108.5999984741211,643452.0
1739377800,108.5999984741211,109.08999633789062,108.33999633789062,109.08999633789062,522282.0
1739381400,109.06999969482422,109.5250015258789,108.9800033569336,109.19599914550781,642990.0
1739385000,109.20999908447266,109.33999633789062,109.14029693603516,109.26499938964844,454451.0
1739388600,109.27999877929688,109.47000122070312,109.19999694824219,109.21499633789062,648383.0
1739392200,109.2300033569336,109.36000061035156,108.95099639892578,109.22000122070312,726875.0
1739457000,108.91999816894531,109.23999786376953,108.55999755859375,109.06500244140625,1004621.0
1739460600,109.04000091552734,109.7300033569336,108.95999908447266,109.5,838784.0
1739464200,109.51000213623047,109.70999908447266,109.30999755859375,109.69499969482422,616387.0
1739467800,109.68080139160156,109.69000244140625,109.010498046875,109.26000213623047,410492.0
1739471400,109.26000213623047,109.56999969482422,109.06999969482422,109.51000213623047,562520.0
1739475000,109.51000213623047,109.76000213623047,109.42009735107422,109.52999877929688,789838.0
1739478600,109.52999877929688,109.66000366210938,109.3499984741211,109.55999755859375,967364.0
1739543400,109.86000061035156,110.38999938964844,109.59010314941406,109.73999786376953,1084851.0
1739547000,109.75,110.33000183105469,109.72000122070312,110.30999755859375,706890.0
1739550600,110.29499816894531,110.5,110.18000030517578,110.3499984741211,438251.0
1739554200,110.3499984741211,110.48500061035156,110.02999877929688,110.12000274658203,460002.0
1739557800,110.0999984741211,110.4800033569336,110.08999633789062,110.33999633789062,501482.0
1739561400,110.33999633789062,110.51000213623047,110.18000030517578,110.19999694824219,472025.0
1739565000,110.19000244140625,110.4000015258789,110.05999755859375,110.37000274658203,724714.0
1739889000,109.7750015258789,109.7750015258789,108.70999908447266,109.56999969482422,1580247.0
1739892600,109.58999633789062,109.83000183105469,109.51000213623047,109.5999984741211,795339.0
1739896200,109.58000183105469,109.91999816894531,109.38999938964844,109.44999694824219,828247.0
1739899800,109.44000244140625,109.46939849853516,109.02999877929688,109.12999725341797,577952.0
1739903400,109.12000274658203,109.23999786376953,108.80000305175781,108.94000244140625,623289.0
1739907000,108.94000244140625,109.33999633789062,108.9302978515625,109.26000213623047,620682.0
1739910600,109.25,109.6050033569336,109.23999786376953,109.55000305175781,1191775.0
1739975400,109.13999938964844,111.38999938964844,109.13999938964844,111.33699798583984,1486250.0
1739979000,111.31999969482422,111.76000213623047,110.75,111.63500213623047,1183474.0
1739982600,111.63500213623047,111.70999908447266,111.06999969482422,111.1500015258789,748808.0
1739986200,111.12999725341797,111.3499984741211,111.0,111.15049743652344,602184.0
1739989800,111.1500015258789,111.47000122070312,111.0199966430664,111.3499984741211,602641.0
1739993400,111.37000274658203,111.61540222167969,111.26000213623047,111.27020263671875,712637.0
1739997000,111.29000091552734,111.5,111.04000091552734,111.33000183105469,981352.0
1740061800,111.23999786376953,111.5199966430664,110.17009735107422,110.5199966430664,1220752.0
1740065400,110.52999877929688,110.69000244140625,109.6500015258789,109.87999725341797,742409.0
1740069000,109.86000061035156,110.01000213623047,109.41999816894531,110.0,535014.0
1740072600,110.0199966430664,110.04389953613281,109.375,109.5,496603.0
1740076200,109.5072021484375,110.33999633789062,109.49009704589844,110.27999877929688,450764.0
1740079800,110.2699966430664,110.66999816894531,110.2699966430664,110.51499938964844,507898.0
1740083400,110.51000213623047,110.66000366210938,110.41999816894531,110.55999755859375,685963.0
1740148200,111.0,111.76000213623047,110.65869903564453,111.28500366210938,1282541.0
1740151800,111.2699966430664,111.4552993774414,111.05999755859375,111.16999816894531,782941.0
1740155400,111.16000366210938,111.20670318603516,110.54000091552734,110.56999969482422,516128.0
1740159000,110.55999755859375,110.55999755859375,108.91000366210938,109.05000305175781,1274783.0
1740162600,109.05000305175781,109.63999938964844,108.18000030517578,108.2300033569336,998480.0
1740166200,108.22000122070312,108.48999786376953,107.91999816894531,108.41000366210938,960429.0
1740169800,108.41000366210938,108.88999938964844,108.38999938964844,108.66999816894531,1178778.0
1740407400,108.83999633789062,110.25,108.6500015258789,109.2699966430664,1448921.0
1740411000,109.30000305175781,109.97000122070312,108.83999633789062,109.75499725341797,775083.0
1740414600,109.75,110.37999725341797,109.70999908447266,110.30000305175781,595252.0
1740418200,110.31999969482422,111.46499633789062,110.17829895019531,111.33999633789062,795958.0
1740421800,111.3550033569336,111.55500030517578,110.94000244140625,111.11250305175781,591780.0
1740425400,111.11000061035156,111.31500244140625,110.9000015258789,111.26000213623047,532987.0
1740429000,111.27999877929688,111.54000091552734,111.0999984741211,111.22000122070312,996743.0
1740493800,111.43000030517578,111.9000015258789,109.63999938964844,109.73999786376953,1455464.0
1740497400,109.7699966430664,110.25,109.31999969482422,109.41500091552734,1101566.0
1740501000,109.41000366210938,110.06999969482422,109.06999969482422,110.04000091552734,782594.0
1740504600,110.04000091552734,110.66999816894531,109.98999786376953,110.01000213623047,562631.0
1740508200,110.0,110.51000213623047,110.0,110.16500091552734,520779.0
1740511800,110.16500091552734,111.0,110.1500015258789,110.88999938964844,592365.0
1740515400,110.88359832763672,110.9000015258789,110.41000366210938,110.56500244140625,931628.0
1740580200,110.05500030517578,112.73999786376953,110.05500030517578,112.5250015258789,1481631.0
1740583800,112.52999877929688,112.9000015258789,112.3499984741211,112.69000244140625,848639.0
1740587400,112.69999694824219,113.25,112.51000213623047,113.03260040283203,1036087.0
1740591000,113.05000305175781,113.08000183105469,111.83000183105469,111.87000274658203,996484.0
1740594600,111.875,112.1843032836914,111.75,111.91000366210938,729168.0
1740598200,111.91500091552734,112.29000091552734,111.79000091552734,111.80999755859375,803259.0
1740601800,111.79100036621094,112.06999969482422,111.69000244140625,111.87000274658203,913633.0
1740666600,112.31999969482422,112.5999984741211,111.0999984741211,112.33000183105469,979956.0
1740670200,112.30500030517578,113.08999633789062,112.16000366210938,112.81990051269531,811628.0
1740673800,112.7699966430664,112.91000366210938,112.19000244140625,112.61000061035156,839581.0
1740677400,112.62000274658203,113.05999755859375,112.37999725341797,113.02999877929688,736499.0
1740681000,113.04000091552734,113.12000274658203,112.30500030517578,112.44000244140625,816659.0
1740684600,112.43280029296875,112.45999908447266,111.5199966430664,111.54000091552734,1075608.0
1740688200,111.54000091552734,111.70320129394531,111.1500015258789,111.31500244140625,1031601.0
1740753000,111.45999908447266,113.4000015258789,111.0,113.04000091552734,1621803.0
1740756600,113.04000091552734,113.44000244140625,112.69999694824219,112.93499755859375,840133.0
1740760200,112.91999816894531,113.68000030517578,112.77999877929688,112.91500091552734,726348.0
1740763800,112.91999816894531,113.01000213623047,112.08999633789062,112.44000244140625,650091.0
1740767400,112.4000015258789,112.97635650634766,112.33999633789062,112.97635650634766,869339.0
1740771000,112.97000122070312,113.2699966430664,112.86000061035156,113.25499725341797,977585.0
1740774600,113.25,113.98999786376953,113.12999725341797,113.79000091552734,1947974.0
1741012200,114.06999969482422,115.55000305175781,114.05999755859375,115.24500274658203,1620964.0
1741015800,115.24500274658203,115.33000183105469,114.12000274658203,114.18000030517578,943276.0
1741019400,114.19000244140625,114.7300033569336,113.87999725341797,114.56999969482422,628322.0
1741023000,114.56999969482422,114.58000183105469,113.55000305175781,113.63999938964844,643806.0
1741026600,113.59200286865234,114.01000213623047,113.33999633789062,113.44000244140625,669636.0
1741030200,113.44000244140625,113.75,112.11000061035156,112.11000061035156,825467.0
1741033800,112.11499786376953,112.80999755859375,112.0,112.79000091552734,1062438.0
1741098600,111.69999694824219,112.25,109.30000305175781,109.53389739990234,2709118.0
1741102200,109.52999877929688,109.9800033569336,108.75,108.80999755859375,1459324.0
1741105800,108.82499694824219,109.45999908447266,108.58000183105469,109.41000366210938,1372191.0
1741109400,109.4000015258789,109.4000015258789,108.2699966430664,108.72000122070312,1357425.0
1741113000,108.70999908447266,109.54000091552734,108.4000015258789,109.26000213623047,1275927.0
1741116600,109.2699966430664,110.08999633789062,109.05000305175781,109.83999633789062,1130422.0
1741120200,109.81999969482422,109.83999633789062,108.56999969482422,109.0,1473614.0
1741185000,109.33999633789062,110.93830108642578,108.87999725341797,109.11000061035156,1759309.0
1741188600,109.06999969482422,109.34500122070312,108.38999938964844,108.51499938964844,821767.0
1741192200,108.51499938964844,109.12000274658203,108.22000122070312,109.08000183105469,943892.0
1741195800,109.08999633789062,109.43000030517578,108.76000213623047,108.95999908447266,714964.0
1741199400,108.94999694824219,109.63999938964844,108.64910125732422,109.13999938964844,826771.0
1741203000,109.16999816894531,109.6500015258789,109.16000366210938,109.36000061035156,1027157.0
1741206600,109.3499984741211,109.37000274658203,108.69999694824219,109.28500366210938,1266471.0
1741271400,108.37999725341797,108.55000305175781,107.06999969482422,108.38999938964844,1478759.0
1741275000,108.4000015258789,108.80999755859375,108.26499938964844,108.5199966430664,597325.0
1741278600,108.55999755859375,108.83000183105469,106.56999969482422,106.76000213623047,1076307.0
1741282200,106.80000305175781,106.94000244140625,105.80000305175781,105.88999938964844,1185213.0
1741285800,105.88500213623047,106.3499984741211,105.61000061035156,105.76000213623047,1280362.0
1741289400,105.73999786376953,106.13999938964844,105.20999908447266,105.33999633789062,1663646.0
1741293000,105.33499908447266,105.9000015258789,105.12000274658203,105.43000030517578,1735318.0
1741357800,105.0,105.7699966430664,104.0999984741211,104.33999633789062,2071875.0
1741361400,104.30999755859375,104.87999725341797,103.77999877929688,103.9000015258789,1734158.0
1741365000,103.93000030517578,104.06999969482422,103.30999755859375,103.91500091552734,1521037.0
1741368600,103.9000015258789,105.19999694824219,103.83999633789062,105.01499938964844,1179127.0
1741372200,105.0199966430664,105.7699966430664,104.81999969482422,105.55331420898438,1252043.0
1741375800,105.55999755859375,105.69000244140625,105.11499786376953,105.2699966430664,1228070.0
1741379400,105.26000213623047,105.66999816894531,104.62000274658203,105.48999786376953,1421776.0
1741613400,104.43000030517578,104.80000305175781,102.86000061035156,103.24700164794922,1946748.0
1741617000,103.2699966430664,103.52999877929688,103.04000091552734,103.26000213623047,989165.0
1741620600,103.25,103.55999755859375,102.55000305175781,102.66999816894531,1067250.0
1741624200,102.70999908447266,102.87999725341797,102.44999694824219,102.49479675292969,862957.0
1741627800,102.4979019165039,103.0,102.11039733886719,102.87000274658203,1141694.0
1741631400,102.87999725341797,103.70999908447266,102.62999725341797,103.41000366210938,1312194.0
1741635000,103.42500305175781,103.72000122070312,102.94000244140625,103.0999984741211,1517947.0
1741699800,99.79000091552734,101.04000091552734,98.36000061035156,98.6500015258789,4522537.0
1741703400,98.62999725341797,98.97000122070312,97.66999816894531,98.30000305175781,2966462.0
1741707000,98.30000305175781,99.03379821777344,98.08999633789062,98.44999694824219,1351844.0
1741710600,98.4800033569336,98.63999938964844,97.68000030517578,97.7300033569336,1371027.0
1741714200,97.7249984741211,98.44999694824219,97.44999694824219,98.2699966430664,1283150.0
1741717800,98.2614974975586,99.30000305175781,98.16000366210938,98.62999725341797,1419835.0
1741721400,98.62999725341797,98.81999969482422,97.81999969482422,97.94999694824219,1929195.0
1741786200,98.68000030517578,99.48999786376953,96.86000061035156,97.58000183105469,2551200.0
1741789800,97.56999969482422,97.61000061035156,96.37999725341797,96.92500305175781,1895948.0
1741793400,96.93000030517578,97.98999786376953,96.91999816894531,97.83000183105469,1172194.0
1741797000,97.81999969482422,98.29000091552734,97.58000183105469,98.19999694824219,886542.0
1741800600,98.19000244140625,98.66000366210938,98.08999633789062,98.63999938964844,984058.0
1741804200,98.6500015258789,99.19000244140625,98.55999755859375,98.8479995727539,1162023.0
1741807800,98.83999633789062,99.01000213623047,98.62300109863281,98.7300033569336,1495162.0
1741872600,97.7699966430664,98.6500015258789,97.58000183105469,97.9749984741211,1744689.0
1741876200,97.9749984741211,98.11000061035156,97.08999633789062,97.12000274658203,973908.0
1741879800,97.12989807128906,97.22000122070312,96.04000091552734,96.04000091552734,1575913.0
1741883400,96.04000091552734,96.80999755859375,95.92500305175781,96.7249984741211,1352890.0
1741887000,96.70999908447266,97.2249984741211,96.55000305175781,97.12000274658203,1188559.0
1741890600,97.11499786376953,97.37000274658203,96.9800033569336,97.18000030517578,1351598.0
1741894200,97.19999694824219,97.2300033569336,96.68000030517578,96.88999938964844,1532184.0
1741959000,97.44000244140625,98.44999694824219,97.41500091552734,97.90499877929688,2427111.0
1741962600,97.87999725341797,98.7300033569336,97.44999694824219,98.4906005859375,1464421.0
1741966200,98.50499725341797,98.88999938964844,98.36499786376953,98.51000213623047,1166902.0
1741969800,98.51000213623047,99.09850311279297,98.51000213623047,98.62999725341797,733728.0
1741973400,98.65959930419922,98.77749633789062,98.33000183105469,98.62000274658203,711895.0
1741977000,98.63999938964844,98.98999786376953,98.57340240478516,98.58999633789062,679310.0
1741980600,98.5999984741211,98.88999938964844,98.3550033569336,98.62000274658203,1237085.0
1742218200,98.73999786376953,100.12000274658203,98.66000366210938,99.2699966430664,1620630.0
1742221800,99.2699966430664,99.58000183105469,99.11000061035156,99.25,1074899.0
1742225400,99.25,99.55999755859375,98.98999786376953,99.33159637451172,713654.0
1742229000,99.33000183105469,99.64649963378906,99.23999786376953,99.62999725341797,488838.0
1742232600,99.62680053710938,100.06999969482422,99.5999984741211,99.91000366210938,640064.0
1742236200,99.9000015258789,100.02999877929688,99.66000366210938,99.74500274658203,729683.0
1742239800,99.7300033569336,99.76000213623047,99.31999969482422,99.37000274658203,1059725.0
1742304600,99.2699966430664,99.50499725341797,98.4823989868164,98.9000015258789,1348739.0
1742308200,98.9000015258789,99.02999877929688,98.4749984741211,98.77999877929688,828534.0
1742311800,98.7699966430664,98.97000122070312,98.58000183105469,98.97000122070312,629746.0
1742315400,98.94999694824219,98.95999908447266,98.4800033569336,98.73500061035156,456468.0
1742319000,98.72000122070312,99.08999633789062,98.69000244140625,98.91000366210938,511111.0
1742322600,98.91999816894531,99.7249984741211,98.91999816894531,99.41000366210938,1048701.0
1742326200,99.43000030517578,99.51000213623047,99.19999694824219,99.37000274658203,902430.0
1742391000,99.65499877929688,100.69999694824219,99.47000122070312,100.5199966430664,847664.0
1742394600,100.51000213623047,100.69000244140625,100.3499984741211,100.55000305175781,552267.0
1742398200,100.54499816894531,100.95500183105469,100.24019622802734,100.3042984008789,491657.0
1742401800,100.30999755859375,100.32499694824219,100.06999969482422,100.19000244140625,532563.0
1742405400,100.19999694824219,100.47000122070312,99.98999786376953,100.11000061035156,661930.0
1742409000,100.13999938964844,100.95999908447266,100.09529876708984,100.42314910888672,1228050.0
1742412600,100.41500091552734,100.69999694824219,100.19999694824219,100.30999755859375,897698.0
1742477400,99.56999969482422,100.05000305175781,98.94499969482422,99.89029693603516,1188544.0
1742481000,99.90730285644531,100.02999877929688,99.54000091552734,99.55500030517578,812643.0
1742484600,99.55000305175781,99.86000061035156,99.33999633789062,99.38999938964844,700074.0
1742488200,99.41000366210938,99.46499633789062,98.83999633789062,98.88999938964844,565721.0
1742491800,98.89800262451172,99.30999755859375,98.8301010131836,98.83499908447266,551145.0
1742495400,98.83499908447266,99.00499725341797,98.63999938964844,98.70999908447266,824434.0
1742499000,98.72000122070312,99.22000122070312,98.7134017944336,98.8499984741211,1148670.0
1742563800,98.37999725341797,98.66999816894531,97.75,98.63500213623047,3171269.0
1742567400,98.63739776611328,99.30000305175781,98.61000061035156,98.80999755859375,1011611.0
1742571000,98.77999877929688,99.48999786376953,98.6449966430664,99.44999694824219,925796.0
1742574600,99.43000030517578,99.75,99.13999938964844,99.43000030517578,899734.0
1742578200,99.42500305175781,99.88999938964844,99.30000305175781,99.5,774439.0
1742581800,99.5,99.77999877929688,99.37999725341797,99.5199966430664,911460.0
1742585400,99.5199966430664,99.58999633789062,99.20999908447266,99.47000122070312,1368915.0
1742823000,100.22000122070312,100.44000244140625,98.86499786376953,99.15499877929688,1896817.0
1742826600,99.16999816894531,99.38999938964844,98.86000061035156,99.37999725341797,1161007.0
1742830200,99.37999725341797,99.84040069580078,99.25,99.69000244140625,852827.0
1742833800,99.66999816894531,99.79000091552734,99.51000213623047,99.62000274658203,679148.0
1742837400,99.62000274658203,99.87000274658203,99.5199966430664,99.58999633789062,602760.0
1742841000,99.58619689941406,100.18000030517578,99.48999786376953,100.02999877929688,726623.0
1742844600,100.02999877929688,100.29000091552734,100.01000213623047,100.16000366210938,793848.0
1742909400,100.6500015258789,101.22000122070312,100.40499877929688,101.12000274658203,1242741.0
1742913000,101.12000274658203,101.55500030517578,100.98999786376953,101.47000122070312,682475.0
1742916600,101.4800033569336,101.48999786376953,100.91000366210938,100.92500305175781,529868.0
1742920200,100.91000366210938,101.27999877929688,100.88999938964844,101.2699966430664,441699.0
1742923800,101.28500366210938,101.5199966430664,101.0199966430664,101.02999877929688,517590.0
1742927400,101.02999877929688,101.37000274658203,100.98999786376953,101.33000183105469,616120.0
1742931000,101.36000061035156,101.76000213623047,101.29000091552734,101.58999633789062,724794.0
1742995800,101.69999694824219,102.2699966430664,101.16000366210938,101.33999633789062,894184.0
1742999400,101.34200286865234,101.5,100.79000091552734,100.83499908447266,505742.0
1743003000,100.83999633789062,100.95999908447266,100.62000274658203,100.80999755859375,625974.0
1743006600,100.80999755859375,100.8550033569336,100.36499786376953,100.44999694824219,609404.0
1743010200,100.44000244140625,101.01000213623047,100.26000213623047,100.9000015258789,653340.0
1743013800,100.8949966430664,100.9397964477539,100.41999816894531,100.55000305175781,554535.0
1743017400,100.55999755859375,100.86000061035156,100.54000091552734,100.76000213623047,980389.0
1743082200,100.70999908447266,100.72000122070312,99.58000183105469,100.6500015258789,1292222.0
1743085800,100.66000366210938,101.02999877929688,100.37999725341797,100.37999725341797,907457.0
1743089400,100.37999725341797,100.58499908447266,100.29000091552734,100.33999633789062,421179.0
1743093000,100.33999633789062,100.52999877929688,100.05000305175781,100.3949966430664,538816.0
1743096600,100.39320373535156,100.8499984741211,100.38999938964844,100.72000122070312,476761.0
1743100200,100.70999908447266,100.93000030517578,100.54000091552734,100.83000183105469,500072.0
1743103800,100.81999969482422,100.83000183105469,100.30999755859375,100.44000244140625,810326.0
1743168600,100.05000305175781,100.38999938964844,98.66000366210938,98.66999816894531,1207052.0
1743172200,98.69000244140625,98.83000183105469,98.27999877929688,98.43499755859375,921503.0
1743175800,98.43000030517578,98.69000244140625,97.87000274658203,98.03500366210938,789805.0
1743179400,98.02999877929688,98.26000213623047,97.88999938964844,97.9800033569336,942165.0
1743183000,97.9800033569336,98.48999786376953,97.9800033569336,98.22000122070312,615473.0
1743186600,98.20999908447266,98.22000122070312,97.83999633789062,98.06999969482422,646603.0
1743190200,98.08000183105469,98.08999633789062,97.73999786376953,98.05999755859375,1219111.0
1743427800,96.83000183105469,97.0,95.69999694824219,96.54499816894531,2304998.0
1743431400,96.55999755859375,97.30999755859375,96.5,97.23999786376953,997362.0
1743435000,97.2300033569336,97.96499633789062,97.19000244140625,97.96499633789062,601993.0
1743438600,97.97000122070312,98.19499969482422,97.79000091552734,98.0,585362.0
1743442200,98.0199966430664,98.51000213623047,97.80999755859375,98.19499969482422,611313.0
1743445800,98.19999694824219,98.75,98.18000030517578,98.44499969482422,635301.0
1743449400,98.43000030517578,98.8499984741211,98.4000015258789,98.69000244140625,1310205.0
1743514200,98.31999969482422,98.58999633789062,96.9749984741211,97.04000091552734,1807124.0
1743517800,97.0199966430664,98.11150360107422,96.9800033569336,97.79000091552734,925451.0
1743521400,97.79000091552734,98.25499725341797,97.69999694824219,97.75,832707.0
1743525000,97.73999786376953,97.81999969482422,97.30000305175781,97.33999633789062,738244.0
1743528600,97.33999633789062,97.61990356445312,96.8499984741211,96.87999725341797,978985.0
1743532200,96.87000274658203,97.47000122070312,96.83999633789062,97.33000183105469,960304.0
1743535800,97.31500244140625,97.69999694824219,97.30500030517578,97.68000030517578,1067136.0
1743600600,96.61499786376953,97.9800033569336,96.44999694824219,97.875,1178766.0
1743604200,97.86000061035156,97.98999786376953,97.33499908447266,97.70999908447266,698832.0
1743607800,97.69000244140625,98.08999633789062,97.62000274658203,98.05999755859375,868082.0
1743611400,98.06999969482422,98.30799865722656,97.69380187988281,98.16999816894531,787853.0
1743615000,98.16000366210938,98.16000366210938,97.45999908447266,97.45999908447266,661631.0
1743618600,97.44999694824219,97.75,97.29000091552734,97.61000061035156,876145.0
1743622200,97.5999984741211,98.0199966430664,97.55000305175781,97.83999633789062,1251166.0
1743687000,94.51000213623047,94.77999877929688,91.63999938964844,92.22000122070312,4004914.0
1743690600,92.2300033569336,92.41999816894531,90.91000366210938,91.34500122070312,2478239.0
1743694200,91.3499984741211,92.08000183105469,91.11000061035156,92.00499725341797,1462419.0
1743697800,92.04000091552734,92.08000183105469,90.75,90.79000091552734,1104042.0
1743701400,90.7699966430664,90.96499633789062,90.06999969482422,90.19000244140625,1388454.0
1743705000,90.19000244140625,90.7699966430664,88.86000061035156,89.13999938964844,2786313.0
1743708600,89.16500091552734,89.48999786376953,88.6050033569336,88.80999755859375,3457843.0
1743773400,86.0,87.54000091552734,85.04000091552734,85.05999755859375,4556068.0
1743777000,85.04000091552734,86.33000183105469,84.23999786376953,85.12999725341797,2979355.0
1743780600,85.12999725341797,85.48999786376953,84.5199966430664,84.58999633789062,2544460.0
1743784200,84.58899688720703,84.88990020751953,83.79000091552734,84.05999755859375,2568730.0
1743787800,84.04000091552734,85.4000015258789,83.75,83.92500305175781,2106072.0
1743791400,83.92500305175781,84.19000244140625,83.08000183105469,84.01499938964844,2984972.0
1743795000,84.0,84.70999908447266,83.4000015258789,83.51000213623047,2371124.0
1744032600,80.98999786376953,86.62999725341797,80.0999984741211,82.87000274658203,6354788.0
1744036200,82.9000015258789,84.88999938964844,81.94999694824219,82.31999969482422,2509381.0
1744039800,82.38500213623047,83.87000274658203,81.94000244140625,82.7699966430664,1645405.0
1744043400,82.73999786376953,83.62999725341797,81.97000122070312,83.56999969482422,1591429.0
1744047000,83.57499694824219,84.1500015258789,82.88999938964844,82.9800033569336,1630800.0
1744050600,82.9800033569336,83.51000213623047,82.51000213623047,82.58000183105469,1806948.0
1744054200,82.55999755859375,83.58000183105469,82.55010223388672,83.29000091552734,1903122.0
1744119000,85.94999694824219,86.94999694824219,85.93000030517578,86.54000091552734,3487539.0
1744122600,86.48600006103516,86.66000366210938,84.38500213623047,84.45999908447266,1935266.0
1744126200,84.45999908447266,85.41999816894531,84.08499908447266,84.34500122070312,1039669.0
1744129800,84.30999755859375,84.55999755859375,83.0999984741211,83.12000274658203,1297096.0
1744133400,83.1769027709961,84.19999694824219,82.61000061035156,82.63999938964844,1129428.0
1744137000,82.63999938964844,83.5999984741211,81.33000183105469,82.08000183105469,1929083.0
1744140600,82.08000183105469,82.08000183105469,80.8499984741211,81.75,1924697.0
1744205400,81.29000091552734,82.7925033569336,81.19000244140625,82.37999725341797,2785525.0
1744209000,82.38500213623047,82.6500015258789,81.30999755859375,82.16000366210938,2224517.0
1744212600,82.16000366210938,82.63999938964844,81.6500015258789,82.18000030517578,1178885.0
1744216200,82.21499633789062,87.5,81.95999908447266,86.5,3217076.0
1744219800,86.5,91.2699966430664,86.29000091552734,90.73500061035156,5314669.0
1744223400,90.71499633789062,91.9800033569336,88.83999633789062,90.98999786376953,3596732.0
1744227000,90.98999786376953,92.25,90.38500213623047,91.41000366210938,4030316.0
1744291800,88.91999816894531,89.01000213623047,85.80000305175781,85.94000244140625,3303198.0
1744295400,85.95999908447266,86.70999908447266,85.55999755859375,85.61000061035156,1822297.0
1744299000,85.61000061035156,85.7300033569336,83.06999969482422,83.44499969482422,1668455.0
1744302600,83.44499969482422,85.69000244140625,83.43000030517578,84.83999633789062,1901868.0
1744306200,84.83000183105469,86.05000305175781,84.63999938964844,85.90499877929688,1912881.0
1744309800,85.94999694824219,86.12999725341797,84.76010131835938,84.77999877929688,1519723.0
1744313400,84.77999877929688,85.3499984741211,84.11000061035156,85.19499969482422,2286916.0
1744378200,85.11000061035156,85.66590118408203,83.54000091552734,83.5999984741211,1614358.0
1744381800,83.61000061035156,84.5,83.3499984741211,83.58999633789062,1803252.0
1744385400,83.55999755859375,84.08000183105469,83.3499984741211,83.80999755859375,1007865.0
1744389000,83.80999755859375,84.85009765625,83.80999755859375,84.19000244140625,883568.0
1744392600,84.19000244140625,85.44000244140625,83.97689819335938,84.80999755859375,918738.0
1744396200,84.80999755859375,85.38999938964844,84.56999969482422,85.18099975585938,921097.0
1744399800,85.13999938964844,85.18000030517578,84.80000305175781,84.86000061035156,1410696.0
1744637400,85.83000183105469,86.44999694824219,85.27999877929688,85.9800033569336,1926971.0
1744641000,85.99500274658203,86.30999755859375,85.11000061035156,85.15499877929688,1428962.0
1744644600,85.13999938964844,85.2300033569336,84.02999877929688,84.27729797363281,1311343.0
1744648200,84.29499816894531,85.0282974243164,84.20999908447266,84.54000091552734,912704.0
1744651800,84.5199966430664,85.16000366210938,84.4000015258789,85.10040283203125,869253.0
1744655400,85.11689758300781,85.2300033569336,84.80999755859375,85.06500244140625,1267396.0
1744659000,85.04000091552734,85.13999938964844,84.55000305175781,84.69999694824219,1598939.0
1744723800,84.75,85.7249984741211,84.58000183105469,85.2699966430664,1229928.0
1744727400,85.27999877929688,85.77999877929688,85.0999984741211,85.54000091552734,1029125.0
1744731000,85.54640197753906,85.9800033569336,85.5199966430664,85.77999877929688,696492.0
1744734600,85.79000091552734,85.8499984741211,85.30149841308594,85.41000366210938,708599.0
1744738200,85.40499877929688,85.77999877929688,85.12999725341797,85.23500061035156,825642.0
1744741800,85.23500061035156,85.4800033569336,84.95999908447266,85.43000030517578,898659.0
1744745400,85.25,85.30580139160156,84.91000366210938,84.9800033569336,1141834.0
1744810200,84.27999877929688,84.80000305175781,83.01499938964844,83.41999816894531,1699144.0
1744813800,83.44000244140625,84.02999877929688,83.22000122070312,83.86160278320312,1301535.0
1744817400,83.87000274658203,83.88999938964844,82.95010375976562,83.19499969482422,1202823.0
1744821000,83.16000366210938,83.37999725341797,83.01000213623047,83.22000122070312,704215.0
1744824600,83.20999908447266,83.20999908447266,82.16999816894531,82.78119659423828,1306173.0
1744828200,82.76499938964844,82.7699966430664,82.0072021484375,82.08000183105469,1057201.0
1744831800,82.08999633789062,82.9000015258789,82.08999633789062,82.7699966430664,1573907.0
1744896600,83.37000274658203,84.54000091552734,83.36000061035156,84.12999725341797,2410313.0
1744900200,84.0999984741211,84.94000244140625,83.73999786376953,84.70999908447266,1620197.0
1744903800,84.70999908447266,85.52999877929688,84.55000305175781,85.34750366210938,2154511.0
1744907400,85.30999755859375,85.5250015258789,84.95040130615234,84.99500274658203,1282115.0
1744911000,84.99500274658203,85.77999877929688,84.9800033569336,85.5199966430664,1930759.0
1744914600,85.5199966430664,85.6500015258789,84.7699966430664,84.92500305175781,1324518.0
1744918200,84.92500305175781,85.22000122070312,84.66000366210938,84.77999877929688,1854302.0
1745242200,84.91000366210938,85.2300033569336,83.0,83.08499908447266,1867043.0
1745245800,83.0792007446289,83.75499725341797,83.04000091552734,83.56500244140625,1588018.0
1745249400,83.55999755859375,83.625,82.9800033569336,83.5199966430664,1173196.0
1745253000,83.5250015258789,84.08000183105469,83.3499984741211,83.55000305175781,1237911.0
1745256600,83.55000305175781,83.79280090332031,83.44000244140625,83.7300033569336,1237223.0
1745260200,83.72000122070312,83.87000274658203,83.4800033569336,83.80999755859375,1400042.0
1745263800,83.81999969482422,84.06999969482422,83.71589660644531,83.96499633789062,1990932.0
1745328600,85.01000213623047,85.63999938964844,84.5999984741211,85.45999908447266,1348239.0
1745332200,85.45999908447266,86.0999984741211,85.31999969482422,85.75,932008.0
1745335800,85.74500274658203,86.55999755859375,85.5999984741211,86.46499633789062,994459.0
1745339400,86.47000122070312,86.4800033569336,85.37000274658203,85.43000030517578,1114355.0
1745343000,85.44999694824219,86.01499938964844,85.3407974243164,85.91000366210938,744904.0
1745346600,85.9000015258789,86.0999984741211,85.51000213623047,85.55500030517578,956025.0
1745350200,85.55899810791016,86.22000122070312,85.5199966430664,86.08000183105469,1377274.0
1745415000,89.0250015258789,89.87000274658203,88.39199829101562,89.2249984741211,2926653.0
1745418600,89.20999908447266,89.56999969482422,88.16999816894531,88.3499984741211,2650282.0
1745422200,88.3499984741211,88.5199966430664,87.25,87.62000274658203,1074167.0
1745425800,87.6500015258789,88.05000305175781,87.54000091552734,87.87000274658203,705508.0
1745429400,87.87000274658203,87.95999908447266,87.47000122070312,87.5199966430664,733587.0
1745433000,87.51000213623047,87.66999816894531,87.02999877929688,87.12000274658203,837134.0
1745436600,87.1500015258789,87.51000213623047,87.09100341796875,87.27999877929688,1412265.0
1745501400,87.44999694824219,89.66999816894531,86.7699966430664,89.54000091552734,2031984.0
1745505000,89.54000091552734,90.1500015258789,89.48500061035156,89.66000366210938,1471262.0
1745508600,89.68000030517578,89.8499984741211,89.30000305175781,89.7509994506836,878792.0
1745512200,89.7699966430664,90.23999786376953,89.58999633789062,89.72899627685547,846462.0
1745515800,89.72100067138672,89.91000366210938,89.56999969482422,89.66500091552734,732069.0
1745519400,89.6675033569336,90.01439666748047,89.4800033569336,89.5250015258789,748593.0
1745523000,89.54000091552734,90.1500015258789,89.5199966430664,90.0,1484541.0
1745587800,90.06999969482422,90.23999786376953,89.20169830322266,89.25060272216797,1323702.0
1745591400,89.30000305175781,89.8499984741211,89.06999969482422,89.70999908447266,611094.0
1745595000,89.70999908447266,89.80999755859375,89.52999877929688,89.56999969482422,1134256.0
1745598600,89.572998046875,90.22000122070312,89.54000091552734,90.18499755859375,732048.0
1745602200,90.19969940185547,90.33999633789062,89.4000015258789,89.81500244140625,685581.0
1745605800,89.80000305175781,90.0,89.70999908447266,89.79000091552734,681557.0
1745609400,89.77999877929688,90.33000183105469,89.69499969482422,90.26000213623047,995059.0
1745847000,90.44999694824219,91.36499786376953,90.25489807128906,91.0,1088973.0
1745850600,91.0,91.05999755859375,90.0999984741211,90.16999816894531,816183.0
1745854200,90.1500015258789,90.36000061035156,89.91000366210938,89.95700073242188,684447.0
1745857800,89.95500183105469,90.25,89.66000366210938,89.66000366210938,773450.0
1745861400,89.66000366210938,90.07499694824219,89.63999938964844,90.02999877929688,780082.0
1745865000,90.05500030517578,90.06999969482422,89.73999786376953,89.94000244140625,1388092.0
1745868600,89.93000030517578,90.30000305175781,89.83999633789062,90.16000366210938,1142105.0
1745933400,89.83000183105469,90.875,89.76000213623047,90.2750015258789,1100951.0
1745937000,90.26499938964844,91.0999984741211,90.2249984741211,90.94999694824219,655266.0
1745940600,90.9800033569336,91.26519775390625,90.73999786376953,91.16500091552734,583956.0
1745944200,91.1500015258789,91.25,90.62000274658203,91.01000213623047,515305.0
1745947800,91.0,91.65499877929688,91.0,91.5,624676.0
1745951400,91.50080108642578,91.5999984741211,91.3499984741211,91.42500305175781,571304.0
1745955000,91.43000030517578,91.55000305175781,91.12999725341797,91.15499877929688,1092381.0
1746019800,89.88999938964844,90.63999938964844,88.55999755859375,89.58999633789062,1839067.0
1746023400,89.55999755859375,89.94999694824219,89.46499633789062,89.87000274658203,653733.0
1746027000,89.8761978149414,90.22000122070312,89.69000244140625,89.77999877929688,459603.0
1746030600,89.76000213623047,90.02999877929688,89.58000183105469,89.82499694824219,486963.0
1746034200,89.82499694824219,90.48999786376953,89.7699966430664,90.17500305175781,611567.0
1746037800,90.19999694824219,90.27999877929688,89.83999633789062,90.01000213623047,565393.0
1746041400,90.0,91.19000244140625,89.93000030517578,90.91000366210938,1103307.0
1746106200,91.26499938964844,91.41999816894531,90.5999984741211,91.36499786376953,1107376.0
1746109800,91.3738021850586,91.61000061035156,91.05999755859375,91.30419158935547,751025.0
1746113400,91.33000183105469,91.45999908447266,90.37169647216797,90.55999755859375,564278.0
1746117000,90.58000183105469,90.86000061035156,90.36000061035156,90.73500061035156,507758.0
1746120600,90.7300033569336,90.8499984741211,90.55000305175781,90.83499908447266,509834.0
1746124200,90.83499908447266,91.0,90.80000305175781,90.98500061035156,585998.0
1746127800,90.9800033569336,91.1500015258789,90.70999908447266,90.79000091552734,1365769.0
1746192600,91.83999633789062,93.11000061035156,91.83999633789062,92.51000213623047,1562455.0
1746196200,92.54000091552734,92.83999633789062,92.2300033569336,92.29000091552734,994536.0
1746199800,92.29000091552734,92.98999786376953,92.26000213623047,92.83350372314453,784188.0
1746203400,92.83499908447266,93.18499755859375,92.62000274658203,92.73500061035156,663258.0
1746207000,92.73500061035156,93.02999877929688,92.62000274658203,92.98999786376953,572402.0
1746210600,92.98999786376953,93.16000366210938,92.62000274658203,92.80999755859375,677236.0
1746214200,92.80999755859375,92.87999725341797,92.45999908447266,92.4800033569336,1028963.0
1746451800,89.69999694824219,92.54000091552734,89.61000061035156,92.125,2742709.0
1746455400,92.13999938964844,92.48999786376953,92.05999755859375,92.45500183105469,1126887.0
1746459000,92.4800033569336,92.86000061035156,92.28610229492188,92.63500213623047,919181.0
1746462600,92.63500213623047,92.88829803466797,92.52999877929688,92.7249984741211,699083.0
1746466200,92.7249984741211,93.06999969482422,92.7249984741211,92.9800033569336,872356.0
1746469800,92.9800033569336,93.07499694824219,92.60099792480469,92.69000244140625,1010986.0
1746473400,92.68499755859375,92.70999908447266,92.08000183105469,92.13999938964844,1450103.0
1746538200,91.19999694824219,92.6698989868164,91.0,92.44999694824219,2028438.0
1746541800,92.44999694824219,92.66999816894531,92.25499725341797,92.38500213623047,1174312.0
1746545400,92.38200378417969,92.73999786376953,92.16000366210938,92.31500244140625,938839.0
1746549000,92.31500244140625,92.62000274658203,91.83499908447266,91.86119842529297,1070260.0
1746552600,91.87999725341797,92.0199966430664,91.55000305175781,91.95500183105469,1208733.0
1746556200,91.94000244140625,92.19000244140625,91.92009735107422,92.12999725341797,1084891.0
1746559800,92.12999725341797,92.43000030517578,92.0199966430664,92.16000366210938,2244076.0
1746624600,102.41999816894531,103.30989837646484,100.14109802246094,101.58999633789062,16154779.0
1746628200,101.58000183105469,102.19999694824219,101.19999694824219,101.41000366210938,3523231.0
1746631800,101.41000366210938,102.1500015258789,101.38999938964844,101.84500122070312,2822766.0
1746635400,101.84500122070312,102.9000015258789,101.80000305175781,102.11000061035156,2387110.0
1746639000,102.11499786376953,102.33000183105469,101.01000213623047,101.41500091552734,2875427.0
1746642600,101.41500091552734,102.25,101.06999969482422,101.62999725341797,2664026.0
1746646200,101.63999938964844,102.56999969482422,101.4800033569336,102.02999877929688,3414564.0
1746711000,103.97000122070312,105.80000305175781,103.8550033569336,105.48999786376953,4978345.0
1746714600,105.5,105.54000091552734,104.12999725341797,105.08000183105469,2372772.0
1746718200,105.12999725341797,106.05999755859375,104.83999633789062,105.95500183105469,1905208.0
1746721800,105.95500183105469,106.08000183105469,105.41999816894531,105.88999938964844,1348190.0
1746725400,105.88500213623047,106.19000244140625,105.38999938964844,105.55500030517578,1628289.0
1746729000,105.56999969482422,106.04900360107422,105.55999755859375,105.97000122070312,1565512.0
1746732600,105.97000122070312,106.14990234375,105.11000061035156,105.19000244140625,2993757.0
1746797400,105.25499725341797,106.19000244140625,105.05999755859375,105.88500213623047,1975536.0
1746801000,105.88500213623047,106.0199966430664,104.94000244140625,105.36499786376953,1499965.0
1746804600,105.36499786376953,105.47000122070312,104.97010040283203,105.08999633789062,939906.0
1746808200,105.11000061035156,105.55999755859375,104.76000213623047,105.40499877929688,1102832.0
1746811800,105.40499877929688,105.93000030517578,105.30999755859375,105.44999694824219,778156.0
1746815400,105.44000244140625,106.04000091552734,105.38999938964844,105.80000305175781,880521.0
1746819000,105.79000091552734,106.08999633789062,105.69000244140625,105.9000015258789,1326390.0
1747056600,109.87000274658203,110.4000015258789,108.92030334472656,109.0999984741211,3391749.0
1747060200,109.09439849853516,110.33999633789062,108.66000366210938,110.16999816894531,2978907.0
1747063800,110.16999816894531,110.6449966430664,110.13999938964844,110.39689636230469,2044398.0
1747067400,110.4000015258789,110.93499755859375,110.36000061035156,110.41639709472656,1937211.0
1747071000,110.43000030517578,110.7300033569336,110.37999725341797,110.54000091552734,1470027.0
1747074600,110.55000305175781,110.6500015258789,110.16000366210938,110.43499755859375,1915590.0
1747078200,110.43499755859375,110.58999633789062,110.19999694824219,110.51499938964844,2643085.0
1747143000,110.24500274658203,112.19999694824219,110.1500015258789,111.80999755859375,3261996.0
1747146600,111.80000305175781,111.9800033569336,110.66999816894531,111.30000305175781,2083642.0
1747150200,111.29000091552734,111.36000061035156,110.56700134277344,110.7249984741211,1203661.0
1747153800,110.7249984741211,111.27999877929688,110.63999938964844,111.11499786376953,1239648.0
1747157400,111.11499786376953,111.27999877929688,110.75,111.0250015258789,1140979.0
1747161000,111.0250015258789,111.37999725341797,110.83000183105469,111.2699966430664,1068639.0
1747164600,111.26499938964844,111.5999984741211,111.22000122070312,111.37000274658203,2062544.0
1747229400,111.37999725341797,111.63500213623047,110.83000183105469,110.96499633789062,2046379.0
1747233000,110.97000122070312,112.43000030517578,110.87999725341797,112.08999633789062,1831131.0
1747236600,112.06999969482422,112.25,111.56999969482422,111.7249984741211,1206727.0
1747240200,111.7300033569336,112.0,111.38999938964844,111.52999877929688,800965.0
1747243800,111.52999877929688,111.68000030517578,111.38999938964844,111.51499938964844,798029.0
1747247400,111.52999877929688,112.91000366210938,111.44999694824219,112.44999694824219,3338720.0
1747251000,112.41999816894531,113.41000366210938,112.06999969482422,112.94000244140625,3027048.0
1747315800,112.2300033569336,112.8499984741211,111.8499984741211,111.87999725341797,1453317.0
1747319400,111.88999938964844,112.05999755859375,111.62999725341797,111.8550033569336,904446.0
1747323000,111.8550033569336,111.98999786376953,111.58450317382812,111.83999633789062,672845.0
1747326600,111.83999633789062,112.13999938964844,111.73999786376953,112.01000213623047,704069.0
1747330200,112.01000213623047,112.01000213623047,111.58000183105469,111.6500015258789,676444.0
1747333800,111.63999938964844,111.9749984741211,111.5999984741211,111.88999938964844,1070326.0
1747337400,111.88999938964844,112.5,111.88999938964844,112.2300033569336,1514810.0
1747402200,111.91500091552734,112.33000183105469,111.41999816894531,112.24500274658203,1696484.0
1747405800,112.23999786376953,112.87999725341797,112.11000061035156,112.80000305175781,1168589.0
1747409400,112.79499816894531,112.95999908447266,112.0,112.83000183105469,643721.0
1747413000,112.83999633789062,113.08999633789062,112.79000091552734,113.02999877929688,611808.0
1747416600,113.04000091552734,113.29000091552734,112.97000122070312,113.1760025024414,734048.0
1747420200,113.16000366210938,113.31999969482422,112.95999908447266,113.0999984741211,931036.0
1747423800,113.09750366210938,113.44000244140625,113.0199966430664,113.41999816894531,1411444.0
1747661400,112.12000274658203,112.95099639892578,111.9000015258789,112.68499755859375,1194993.0
1747665000,112.66999816894531,112.8949966430664,112.48210144042969,112.55000305175781,778771.0
1747668600,112.54000091552734,112.66999816894531,112.20999908447266,112.48999786376953,767688.0
1747672200,112.4800033569336,112.7699966430664,112.37000274658203,112.7249984741211,726190.0
1747675800,112.71240234375,112.98999786376953,112.61000061035156,112.75499725341797,649129.0
1747679400,112.7699966430664,112.84500122070312,112.3499984741211,112.38999938964844,643131.0
1747683000,112.37999725341797,112.72000122070312,112.37999725341797,112.6500015258789,1028970.0
1747747800,112.44000244140625,113.18000030517578,112.3499984741211,113.04000091552734,930984.0
1747751400,113.05999755859375,113.4000015258789,112.94999694824219,113.05000305175781,716887.0
1747755000,113.08000183105469,113.0999984741211,112.72000122070312,112.84500122070312,559107.0
1747758600,112.84500122070312,112.89099884033203,112.51000213623047,112.5999984741211,488992.0
1747762200,112.62000274658203,112.62000274658203,111.86000061035156,111.94000244140625,860487.0
1747765800,111.93000030517578,112.23999786376953,111.80999755859375,112.18000030517578,893943.0
1747769400,112.18000030517578,112.4000015258789,112.12000274658203,112.33000183105469,844407.0
1747834200,111.69200134277344,112.08000183105469,111.3499984741211,111.49500274658203,970822.0
1747837800,111.48999786376953,112.44000244140625,111.3499984741211,112.3333969116211,738847.0
1747841400,112.30999755859375,112.48500061035156,111.91000366210938,111.96499633789062,615706.0
1747845000,111.97000122070312,112.11000061035156,110.91999816894531,110.96700286865234,611218.0
1747848600,110.94000244140625,111.4469985961914,110.72000122070312,110.83999633789062,670510.0
1747852200,110.80000305175781,110.9124984741211,110.12999725341797,110.24359893798828,884194.0
1747855800,110.2300033569336,110.69989776611328,110.20999908447266,110.41000366210938,1452942.0
1747920600,109.9749984741211,111.19999694824219,109.9749984741211,110.68000030517578,1301194.0
1747924200,110.70999908447266,111.0999984741211,110.36990356445312,110.83999633789062,712796.0
1747927800,110.82499694824219,111.34500122070312,110.80000305175781,111.06379699707031,486069.0
1747931400,111.06500244140625,111.44000244140625,110.97000122070312,111.44000244140625,567823.0
1747935000,111.43000030517578,111.73999786376953,111.28500366210938,111.58000183105469,622990.0
1747938600,111.57460021972656,111.79650115966797,111.48999786376953,111.66999816894531,656200.0
1747942200,111.66999816894531,111.68499755859375,111.0,111.11000061035156,851955.0
1748007000,109.5999984741211,109.91500091552734,108.77999877929688,109.75,1978039.0
1748010600,109.75,110.13999938964844,109.43499755859375,109.66999816894531,704976.0
1748014200,109.66000366210938,110.05000305175781,109.61000061035156,110.0,564291.0
1748017800,109.98999786376953,110.27999877929688,109.92500305175781,110.20500183105469,509504.0
1748021400,110.19000244140625,110.26000213623047,109.94999694824219,110.16000366210938,726555.0
1748025000,110.16100311279297,110.34500122070312,109.75,109.83999633789062,780345.0
1748028600,109.83000183105469,110.05999755859375,109.4800033569336,109.71499633789062,1103588.0
1748352600,111.0250015258789,111.83000183105469,110.1500015258789,111.71499633789062,2114458.0
1748356200,111.71499633789062,112.33000183105469,111.58000183105469,112.12999725341797,879258.0
1748359800,112.125,112.61000061035156,112.04499816894531,112.55999755859375,805536.0
1748363400,112.55999755859375,112.88999938964844,112.4800033569336,112.52999877929688,701721.0
1748367000,112.52999877929688,112.87999725341797,112.43009948730469,112.58000183105469,681721.0
1748370600,112.58999633789062,112.63500213623047,112.23999786376953,112.25,666926.0
1748374200,112.23999786376953,112.41999816894531,112.12999725341797,112.37000274658203,1103997.0
1748439000,112.19999694824219,112.47000122070312,111.62000274658203,111.70570373535156,1299734.0
1748442600,111.68000030517578,111.83999633789062,111.41999816894531,111.43000030517578,566281.0
1748446200,111.41999816894531,111.7300033569336,111.30999755859375,111.66000366210938,480004.0
1748449800,111.66500091552734,111.84500122070312,111.48999786376953,111.58000183105469,405934.0
1748453400,111.58999633789062,111.5999984741211,111.37339782714844,111.53500366210938,495212.0
1748457000,111.54000091552734,111.73999786376953,111.16999816894531,111.69000244140625,637880.0
1748460600,111.68000030517578,111.76000213623047,111.43000030517578,111.55000305175781,883840.0
1748525400,112.01000213623047,112.25,111.45999908447266,111.86000061035156,947563.0
1748529000,111.8499984741211,111.9000015258789,111.36000061035156,111.62999725341797,527384.0
1748532600,111.62999725341797,111.66000366210938,110.5199966430664,111.08499908447266,528271.0
1748536200,111.0999984741211,111.47000122070312,111.0,111.44999694824219,678491.0
1748539800,111.43000030517578,111.62000274658203,111.27999877929688,111.44000244140625,635629.0
1748543400,111.43000030517578,111.91999816894531,111.43000030517578,111.80999755859375,980215.0
1748547000,111.81999969482422,112.26000213623047,111.8010025024414,112.0199966430664,1784584.0
1748611800,112.00499725341797,113.0199966430664,111.37010192871094,112.59500122070312,1280255.0
1748615400,112.58999633789062,112.77999877929688,112.37000274658203,112.6050033569336,760719.0
1748619000,112.58999633789062,112.75,112.26000213623047,112.29000091552734,591678.0
1748622600,112.30000305175781,112.75,112.0999984741211,112.69999694824219,843302.0
1748626200,112.70999908447266,112.81999969482422,112.41000366210938,112.63500213623047,620676.0
1748629800,112.63500213623047,113.16999816894531,112.5009994506836,113.13999938964844,870755.0
1748633400,113.1449966430664,113.3499984741211,112.98500061035156,113.0199966430664,1964177.0
1748871000,112.68000030517578,113.5999984741211,112.37999725341797,112.79000091552734,1391271.0
1748874600,112.76499938964844,112.83999633789062,112.25,112.62000274658203,641421.0
1748878200,112.62999725341797,112.90499877929688,112.2699966430664,112.37000274658203,473215.0
1748881800,112.37999725341797,112.66000366210938,112.3499984741211,112.55999755859375,1021988.0
1748885400,112.55500030517578,112.72000122070312,112.25,112.6449966430664,683435.0
1748889000,112.6500015258789,112.95999908447266,112.6500015258789,112.95999908447266,634387.0
1748892600,112.95500183105469,112.9800033569336,112.7300033569336,112.97000122070312,1079003.0
1748957400,112.7249984741211,114.35990142822266,112.5199966430664,114.33499908447266,1619921.0
1748961000,114.33000183105469,114.41999816894531,114.04000091552734,114.33999633789062,878524.0
1748964600,114.33000183105469,114.69000244140625,114.16500091552734,114.63999938964844,854206.0
1748968200,114.63999938964844,114.68070220947266,113.87000274658203,113.97000122070312,1038092.0
1748971800,113.98999786376953,114.02999877929688,113.55500030517578,113.83000183105469,914484.0
1748975400,113.8499984741211,113.91999816894531,113.58000183105469,113.6500015258789,603931.0
1748979000,113.63500213623047,113.74500274658203,113.37000274658203,113.61000061035156,996768.0
1749043800,113.8550033569336,113.9800033569336,112.97640228271484,113.52999877929688,818379.0
1749047400,113.51000213623047,114.03980255126953,113.45999908447266,113.83499908447266,699010.0
1749051000,113.81999969482422,113.83999633789062,113.45999908447266,113.62999725341797,331660.0
1749054600,113.62020111083984,113.94999694824219,113.58000183105469,113.83999633789062,544465.0
1749058200,113.84500122070312,114.05000305175781,113.56999969482422,113.5999984741211,1038542.0
1749061800,113.61000061035156,113.81999969482422,113.55000305175781,113.76000213623047,514748.0
1749065400,113.76000213623047,113.7750015258789,113.47000122070312,113.51000213623047,699363.0
1749130200,113.7300033569336,113.94499969482422,113.31999969482422,113.84500122070312,872537.0
1749133800,113.84500122070312,114.33999633789062,113.5999984741211,113.94999694824219,1866156.0
1749137400,113.94999694824219,113.96499633789062,113.61000061035156,113.78500366210938,552964.0
1749141000,113.78500366210938,113.79000091552734,113.02999877929688,113.76000213623047,684966.0
1749144600,113.80000305175781,113.83999633789062,112.72000122070312,113.01000213623047,1132478.0
1749148200,113.01000213623047,113.19999694824219,111.84349822998047,112.28500366210938,1294681.0
1749151800,112.30000305175781,112.81999969482422,112.30000305175781,112.51499938964844,1139869.0
1749216600,113.36000061035156,114.16999816894531,113.20999908447266,113.79540252685547,1258399.0
1749220200,113.7750015258789,114.04000091552734,113.41000366210938,113.66000366210938,619446.0
1749223800,113.69400024414062,113.97000122070312,113.625,113.87999725341797,412191.0
1749227400,113.87999725341797,113.95999908447266,113.56819915771484,113.83499908447266,344232.0
1749231000,113.84989929199219,114.0,113.7261962890625,113.83190155029297,647486.0
1749234600,113.83999633789062,114.0,113.69000244140625,113.9000015258789,610896.0
1749238200,113.88999938964844,114.15499877929688,113.87000274658203,113.88999938964844,923639.0
1749475800,113.9800033569336,115.0,113.9800033569336,114.49819946289062,1086504.0
1749479400,114.48999786376953,114.65799713134766,114.30999755859375,114.37999725341797,658066.0
1749483000,114.38999938964844,114.76000213623047,114.33000183105469,114.70999908447266,597206.0
1749486600,114.72000122070312,114.87059783935547,114.63999938964844,114.84410095214844,555685.0
1749490200,114.84300231933594,115.23500061035156,114.81999969482422,115.20999908447266,1194473.0
1749493800,115.21499633789062,115.67980194091797,115.19999694824219,115.48999786376953,963961.0
1749497400,115.48999786376953,116.11000061035156,115.47000122070312,115.68000030517578,1580414.0
1749562200,115.5250015258789,117.19999694824219,115.5250015258789,116.9000015258789,2306128.0
1749565800,116.92970275878906,117.9000015258789,116.73999786376953,117.84980010986328,2029442.0
1749569400,117.8499984741211,120.2699966430664,117.70999908447266,119.94599914550781,4686906.0
1749573000,119.94000244140625,120.5,118.6500015258789,118.94499969482422,2765630.0
1749576600,118.94499969482422,118.94999694824219,118.05000305175781,118.4800033569336,1772940.0
1749580200,118.47000122070312,118.91999816894531,118.19000244140625,118.3550033569336,1653020.0
1749583800,118.36000061035156,118.83000183105469,118.19190216064453,118.72000122070312,1775677.0
1749648600,118.37999725341797,119.33000183105469,117.6500015258789,118.87999725341797,2022413.0
1749652200,118.88999938964844,119.30999755859375,118.69000244140625,119.12999725341797,1149658.0
1749655800,119.125,119.36000061035156,118.8949966430664,119.30500030517578,928266.0
1749659400,119.30919647216797,119.54499816894531,119.01499938964844,119.51000213623047,777496.0
1749663000,119.51000213623047,119.51000213623047,118.7699966430664,119.03369903564453,1490602.0
1749666600,119.01000213623047,119.44000244140625,118.91999816894531,119.30999755859375,1039993.0
1749670200,119.30999755859375,119.54000091552734,119.05999755859375,119.51000213623047,1280942.0
1749735000,118.87000274658203,119.38999938964844,118.69999694824219,119.06999969482422,1302295.0
1749738600,119.06999969482422,119.20999908447266,118.44000244140625,118.57499694824219,1013568.0
1749742200,118.55999755859375,118.61000061035156,118.20010375976562,118.33000183105469,632661.0
1749745800,118.33000183105469,118.38999938964844,117.66000366210938,117.98999786376953,713572.0
1749749400,117.98999786376953,118.23999786376953,117.90499877929688,118.06999969482422,586739.0
1749753000,118.06999969482422,118.41999816894531,118.0250015258789,118.36000061035156,656663.0
1749756600,118.36499786376953,118.62000274658203,118.27999877929688,118.61000061035156,1355333.0
1749821400,117.30500030517578,118.06999969482422,117.30000305175781,117.5,1671026.0
1749825000,117.48999786376953,118.08999633789062,117.41999816894531,118.08999633789062,869277.0
1749828600,118.08999633789062,118.20999908447266,117.93000030517578,118.05000305175781,557232.0
1749832200,118.05000305175781,118.31999969482422,117.98500061035156,117.98999786376953,693727.0
1749835800,117.98500061035156,118.11000061035156,117.72000122070312,117.79000091552734,614675.0
1749839400,117.77999877929688,117.9800033569336,117.5,117.7699966430664,1491012.0
1749843000,117.7699966430664,118.04530334472656,117.625,117.94000244140625,1366081.0
1750080600,118.0199966430664,120.1500015258789,117.87000274658203,119.96499633789062,2022094.0
1750084200,119.9800033569336,120.34159851074219,119.61000061035156,119.6500015258789,1403850.0
1750087800,119.63999938964844,119.79000091552734,119.22000122070312,119.38899993896484,813918.0
1750091400,119.38999938964844,119.38999938964844,119.0199966430664,119.23500061035156,584768.0
1750095000,119.23500061035156,119.43000030517578,118.95999908447266,119.08000183105469,845014.0
1750098600,119.08499908447266,119.5,119.05999755859375,119.16999816894531,1009554.0
1750102200,119.18000030517578,119.55999755859375,119.1500015258789,119.48999786376953,1405128.0
1750167000,118.98999786376953,119.33000183105469,117.95999908447266,118.61000061035156,3079907.0
1750170600,118.6050033569336,118.69999694824219,118.18000030517578,118.62999725341797,905294.0
1750174200,118.62999725341797,118.99500274658203,118.41000366210938,118.86219787597656,690007.0
1750177800,118.86000061035156,118.93000030517578,118.13999938964844,118.16000366210938,439074.0
1750181400,118.12000274658203,118.30999755859375,117.6500015258789,117.67500305175781,625875.0
1750185000,117.68000030517578,118.0,117.6449966430664,117.95999908447266,778696.0
1750188600,117.95999908447266,118.25,117.93000030517578,118.12000274658203,1032875.0
1750253400,117.87999725341797,118.4800033569336,117.61000061035156,118.41000366210938,1049624.0
1750257000,118.41000366210938,118.75,117.01000213623047,117.23500061035156,1153069.0
1750260600,117.23999786376953,117.88500213623047,117.12000274658203,117.87000274658203,671943.0
1750264200,117.86000061035156,118.02999877929688,117.63999938964844,117.63999938964844,444423.0
1750267800,117.6312026977539,118.16500091552734,117.55999755859375,117.95030212402344,552998.0
1750271400,117.96499633789062,118.25,117.5999984741211,117.70500183105469,771886.0
1750275000,117.69000244140625,118.04000091552734,117.63500213623047,117.83000183105469,1063689.0
1750426200,118.25,119.05000305175781,117.9000015258789,118.05000305175781,2611670.0
1750429800,118.04000091552734,118.1050033569336,117.6500015258789,117.93000030517578,674316.0
1750433400,117.97000122070312,118.16999816894531,117.62999725341797,117.70999908447266,625313.0
1750437000,117.70999908447266,117.9000015258789,117.18000030517578,117.20999908447266,699997.0
1750440600,117.19000244140625,117.33000183105469,116.9000015258789,117.08999633789062,821684.0
1750444200,117.0999984741211,117.48999786376953,117.08000183105469,117.45899963378906,888045.0
1750447800,117.45500183105469,117.75,117.30500030517578,117.62999725341797,1710785.0
1750685400,116.66000366210938,117.19000244140625,115.0199966430664,117.11000061035156,1490830.0
1750689000,117.12000274658203,117.31999969482422,116.51000213623047,116.51000213623047,857474.0
1750692600,116.45999908447266,116.62989807128906,116.0999984741211,116.11000061035156,797178.0
1750696200,116.0999984741211,117.51499938964844,115.70999908447266,117.45500183105469,941655.0
1750699800,117.45999908447266,117.8499984741211,117.45999908447266,117.7249984741211,588599.0
1750703400,117.7300033569336,117.98999786376953,117.63999938964844,117.76000213623047,673189.0
1750707000,117.76000213623047,117.93000030517578,117.64099884033203,117.76000213623047,1213663.0
1750771800,117.75,118.75,117.75,118.52999877929688,1222279.0
1750775400,118.52999877929688,118.94000244140625,118.47000122070312,118.91999816894531,598799.0
1750779000,118.93000030517578,119.01000213623047,118.66999816894531,118.82099914550781,909232.0
1750782600,118.82499694824219,119.08000183105469,118.66999816894531,118.71499633789062,1251573.0
1750786200,118.71499633789062,118.8499984741211,118.61000061035156,118.7750015258789,492802.0
1750789800,118.7750015258789,118.87000274658203,118.66000366210938,118.77999877929688,628242.0
1750793400,118.7699966430664,118.9000015258789,118.66999816894531,118.67500305175781,925749.0
1750858200,118.7699966430664,119.30999755859375,118.68000030517578,119.06999969482422,1391373.0
1750861800,119.07499694824219,119.16500091552734,118.68000030517578,118.91000366210938,661059.0
1750865400,118.93000030517578,119.41999816894531,118.88300323486328,119.30999755859375,518257.0
1750869000,119.31990051269531,119.72000122070312,119.2699966430664,119.6050033569336,551884.0
1750872600,119.5999984741211,119.61000061035156,119.20999908447266,119.33000183105469,448713.0
1750876200,119.32499694824219,119.45999908447266,119.1500015258789,119.41000366210938,647769.0
1750879800,119.41000366210938,119.58999633789062,119.29000091552734,119.51000213623047,924588.0
1750944600,119.9800033569336,120.91680145263672,119.68000030517578,119.76000213623047,1933279.0
1750948200,119.7699966430664,120.4800033569336,119.75499725341797,120.4000015258789,1219650.0
1750951800,120.4000015258789,120.92990112304688,120.3499984741211,120.75499725341797,794014.0
1750955400,120.76000213623047,120.91999816894531,120.56999969482422,120.88999938964844,716435.0
1750959000,120.88999938964844,121.26000213623047,120.86000061035156,121.1500015258789,1168032.0
1750962600,121.1500015258789,121.44499969482422,121.0999984741211,121.41999816894531,767632.0
1750966200,121.43499755859375,121.66999816894531,121.2699966430664,121.51000213623047,1627118.0
1751031000,121.8499984741211,122.41999816894531,121.4843978881836,122.24500274658203,2430571.0
1751034600,122.24500274658203,122.94000244140625,122.18000030517578,122.61000061035156,1147918.0
1751038200,122.61000061035156,122.83999633789062,122.41999816894531,122.55500030517578,609030.0
1751041800,122.54000091552734,122.66999816894531,122.33000183105469,122.35079956054688,698952.0
1751045400,122.36000061035156,122.48500061035156,122.05000305175781,122.08999633789062,793940.0
1751049000,122.0801010131836,122.16999816894531,121.72010040283203,122.0250015258789,908731.0
1751052600,122.0250015258789,122.46499633789062,121.9749984741211,122.32499694824219,1825991.0
1751290200,124.30999755859375,124.69000244140625,123.42169952392578,123.8499984741211,2015354.0
1751293800,123.85559844970703,123.86499786376953,123.18000030517578,123.52999877929688,847244.0
1751297400,123.52999877929688,123.70999908447266,123.19999694824219,123.22000122070312,626102.0
1751301000,123.20999908447266,123.98999786376953,123.19000244140625,123.80999755859375,1220360.0
1751304600,123.80999755859375,123.81999969482422,123.33999633789062,123.65499877929688,786142.0
1751308200,123.65499877929688,123.91999816894531,123.4000015258789,123.82499694824219,1276492.0
1751311800,123.81999969482422,124.20999908447266,123.7699966430664,123.94999694824219,1911348.0
1751376600,123.5,123.75499725341797,122.99749755859375,123.18000030517578,1617396.0
1751380200,123.20500183105469,123.41000366210938,122.51000213623047,123.13999938964844,1310639.0
1751383800,123.13999938964844,123.1500015258789,122.44999694824219,122.80000305175781,867785.0
1751387400,122.79000091552734,123.44999694824219,122.6500015258789,123.41999816894531,1067671.0
1751391000,123.43000030517578,123.6449966430664,123.23999786376953,123.33499908447266,949530.0
1751394600,123.33000183105469,123.48999786376953,122.94010162353516,123.43000030517578,984843.0
1751398200,123.42009735107422,123.63999938964844,123.30000305175781,123.46499633789062,1480734.0
1751463000,123.31500244140625,123.69999694824219,122.58000183105469,122.9800033569336,1409141.0
1751466600,123.0,123.19000244140625,122.66500091552734,122.73999786376953,731998.0
1751470200,122.73500061035156,122.98999786376953,122.63500213623047,122.80999755859375,621425.0
1751473800,122.80000305175781,123.0199966430664,122.62000274658203,122.6449966430664,445792.0
1751477400,122.63500213623047,122.9000015258789,122.52999877929688,122.875,556820.0
1751481000,122.875,123.0999984741211,122.80000305175781,122.83999633789062,678240.0
1751484600,122.83499908447266,123.08000183105469,122.81999969482422,123.01000213623047,1127821.0
1751549400,123.06500244140625,123.83000183105469,122.98999786376953,123.47000122070312,1065243.0
1751553000,123.5,123.58999633789062,123.2699966430664,123.4697036743164,555614.0
1751556600,123.45999908447266,124.1500015258789,123.44000244140625,123.76000213623047,815228.0
1751895000,123.20999908447266,124.61000061035156,123.0999984741211,123.8550033569336,1341495.0
1751898600,123.8499984741211,123.9800033569336,123.29000091552734,123.37000274658203,748911.0
1751902200,123.375,123.50499725341797,122.86000061035156,123.0999984741211,573050.0
1751905800,123.0999984741211,123.2249984741211,122.9000015258789,123.05999755859375,427016.0
1751909400,123.06999969482422,123.31999969482422,122.58609771728516,122.59439849853516,595395.0
1751913000,122.59500122070312,123.0,122.57879638671875,122.87999725341797,736014.0
1751916600,122.88500213623047,123.25,122.8550033569336,123.19000244140625,1201556.0
1751981400,123.21499633789062,123.71099853515625,122.27999877929688,122.30000305175781,959844.0
1751985000,122.30000305175781,122.54000091552734,121.97000122070312,122.30000305175781,871410.0
1751988600,122.30999755859375,122.69000244140625,122.18000030517578,122.66000366210938,427512.0
1751992200,122.66999816894531,122.70999908447266,121.8499984741211,122.1500015258789,592255.0
1751995800,122.16000366210938,122.30999755859375,121.94999694824219,122.04090118408203,568587.0
1751999400,122.05000305175781,122.16999816894531,121.96019744873047,122.1449966430664,532314.0
1752003000,122.12999725341797,122.17500305175781,121.81999969482422,121.8499984741211,1070942.0
1752067800,121.83499908447266,122.3499984741211,121.52999877929688,121.56680297851562,1395714.0
1752071400,121.55999755859375,121.55999755859375,120.97000122070312,121.1500015258789,725821.0
1752075000,121.16000366210938,121.27999877929688,120.98999786376953,121.125,604352.0
1752078600,121.11499786376953,121.11499786376953,120.73999786376953,120.80999755859375,491717.0
1752082200,120.81999969482422,121.13500213623047,120.67359924316406,120.80000305175781,537543.0
1752085800,120.80999755859375,120.97000122070312,120.61000061035156,120.93000030517578,722803.0
1752089400,120.91999816894531,120.97000122070312,120.61000061035156,120.62000274658203,1055074.0
1752154200,120.62000274658203,121.94999694824219,120.62000274658203,121.29000091552734,1323375.0
1752157800,121.29000091552734,121.77999877929688,121.20500183105469,121.50499725341797,723356.0
1752161400,121.5,121.6449966430664,121.23500061035156,121.37999725341797,551150.0
1752165000,121.37000274658203,121.48999786376953,121.03500366210938,121.41999816894531,625123.0
1752168600,121.41000366210938,121.46499633789062,121.20999908447266,121.33999633789062,450275.0
1752172200,121.33999633789062,121.37000274658203,121.01499938964844,121.08999633789062,579183.0
1752175800,121.08999633789062,121.55999755859375,121.08999633789062,121.51499938964844,1128674.0
1752240600,120.63999938964844,121.22650146484375,119.76000213623047,120.61000061035156,1116438.0
1752244200,120.61000061035156,120.73999786376953,119.97000122070312,120.03500366210938,584166.0
1752247800,120.04000091552734,120.16999816894531,119.8499984741211,120.0199966430664,599314.0
1752251400,120.0199966430664,120.31999969482422,119.87000274658203,120.26000213623047,334807.0
1752255000,120.25659942626953,120.56990051269531,120.13999938964844,120.3499984741211,659292.0
1752258600,120.33999633789062,120.44000244140625,120.06999969482422,120.2249984741211,603375.0
1752262200,120.22000122070312,120.32499694824219,119.7300033569336,119.8499984741211,906920.0
1752499800,119.7750015258789,120.4800033569336,119.60179901123047,119.79000091552734,857626.0
1752503400,119.77999877929688,120.08999633789062,119.68000030517578,120.06999969482422,575756.0
1752507000,120.08000183105469,120.3499984741211,120.04000091552734,120.30999755859375,607651.0
1752510600,120.30500030517578,120.37999725341797,120.0999984741211,120.36000061035156,452159.0
1752514200,120.37000274658203,120.5,120.2300033569336,120.4000015258789,561781.0
1752517800,120.41500091552734,120.48500061035156,120.14009857177734,120.18000030517578,415241.0
1752521400,120.18000030517578,120.20999908447266,119.88999938964844,119.98999786376953,681220.0
1752586200,120.2300033569336,120.2300033569336,119.0,119.30999755859375,1815711.0
1752589800,119.29000091552734,119.31999969482422,118.91999816894531,119.01000213623047,829153.0
1752593400,119.0010986328125,119.5199966430664,118.9000015258789,119.375,832192.0
1752597000,119.36000061035156,119.54299926757812,118.99500274658203,119.08499908447266,578337.0
1752600600,119.0999984741211,119.54000091552734,119.068603515625,119.3499984741211,576487.0
1752604200,119.36000061035156,119.58499908447266,119.25,119.33999633789062,800857.0
1752607800,119.33999633789062,119.38999938964844,118.87999725341797,118.93499755859375,1171505.0
1752672600,119.36000061035156,120.56999969482422,119.23999786376953,120.2699966430664,1317775.0
1752676200,120.2699966430664,120.4000015258789,119.23999786376953,119.61000061035156,1227904.0
1752679800,119.58000183105469,119.69000244140625,118.875,119.30999755859375,749412.0
1752683400,119.31999969482422,119.8499984741211,119.19999694824219,119.7300033569336,531683.0
1752687000,119.7300033569336,119.76499938964844,119.44999694824219,119.58000183105469,329568.0
1752690600,119.58000183105469,120.20500183105469,119.52899932861328,119.9000015258789,616951.0
1752694200,119.9000015258789,119.9000015258789,119.59500122070312,119.80500030517578,837841.0
1752759000,119.75,121.91999816894531,119.75,120.98999786376953,1721664.0
1752762600,120.98999786376953,121.77999877929688,120.77999877929688,121.6500015258789,1047860.0
1752766200,121.66999816894531,121.83499908447266,121.25,121.375,659876.0
1752769800,121.375,121.80000305175781,121.30500030517578,121.76499938964844,1050788.0
1752773400,121.7699966430664,121.83000183105469,121.26499938964844,121.62000274658203,592279.0
1752777000,121.62000274658203,121.91000366210938,121.55000305175781,121.86000061035156,767023.0
1752780600,121.86499786376953,122.38999938964844,121.75,122.20999908447266,1918416.0
1752845400,121.96499633789062,122.16000366210938,120.47000122070312,120.51000213623047,2337482.0
1752849000,120.5199966430664,121.23999786376953,120.29000091552734,121.15840148925781,1107551.0
1752852600,121.16999816894531,121.38999938964844,120.90499877929688,121.15499877929688,646118.0
1752856200,121.16000366210938,121.5250015258789,121.08000183105469,121.45999908447266,450700.0
1752859800,121.47000122070312,121.6050033569336,121.33000183105469,121.33000183105469,474606.0
1752863400,121.33000183105469,121.41000366210938,121.08499908447266,121.12999725341797,776828.0
1752867000,121.13500213623047,121.43000030517578,121.02999877929688,121.3949966430664,1387584.0
1753104600,121.06999969482422,121.71730041503906,120.98999786376953,121.38999938964844,928930.0
1753108200,121.38999938964844,121.80000305175781,121.33999633789062,121.41100311279297,550664.0
1753111800,121.44999694824219,121.96990203857422,121.30999755859375,121.68000030517578,559195.0
1753115400,121.68000030517578,121.94000244140625,121.68000030517578,121.7699966430664,457342.0
1753119000,121.7699966430664,121.77159881591797,121.33999633789062,121.41000366210938,435601.0
1753122600,121.4177017211914,121.41999816894531,120.77999877929688,121.05999755859375,513510.0
1753126200,121.05999755859375,121.13999938964844,120.79000091552734,120.87000274658203,870073.0
1753191000,120.75,121.27999877929688,120.55999755859375,121.02999877929688,899308.0
1753194600,121.0,121.40989685058594,120.99829864501953,121.08000183105469,571483.0
1753198200,121.08999633789062,121.37000274658203,120.9000015258789,121.12999725341797,595903.0
1753201800,121.12000274658203,121.2300033569336,120.9800033569336,121.20999908447266,448862.0
1753205400,121.20999908447266,121.37999725341797,121.04000091552734,121.279296875,380553.0
1753209000,121.27999877929688,121.43000030517578,121.16829681396484,121.16999816894531,477125.0
1753212600,121.16999816894531,121.30999755859375,120.98999786376953,121.06999969482422,689691.0
1753277400,121.5199966430664,122.46499633789062,121.5,122.46499633789062,978747.0
1753281000,122.45999908447266,122.76000213623047,122.13999938964844,122.5199966430664,681195.0
1753284600,122.5199966430664,123.12000274658203,122.41999816894531,122.86000061035156,578395.0
1753288200,122.8499984741211,123.18000030517578,122.73500061035156,122.98999786376953,495889.0
1753291800,123.01000213623047,123.05999755859375,122.77999877929688,122.80999755859375,675335.0
1753295400,122.80000305175781,123.01000213623047,122.5999984741211,122.8010025024414,743017.0
1753299000,122.80999755859375,122.9800033569336,122.66000366210938,122.94000244140625,904144.0
1753363800,122.8499984741211,123.4000015258789,122.49500274658203,122.783203125,1029210.0
1753367400,122.76000213623047,122.87999725341797,122.41000366210938,122.6050033569336,718186.0
1753371000,122.6050033569336,123.02999877929688,121.91000366210938,121.9749984741211,1248080.0
1753374600,121.95999908447266,122.52999877929688,121.80999755859375,122.01688385009766,693406.0
1753378200,122.02999877929688,122.6532974243164,122.02999877929688,122.625,633536.0
1753381800,122.62000274658203,122.70999908447266,122.25,122.30000305175781,503477.0
1753385400,122.29000091552734,122.3499984741211,121.95999908447266,121.97000122070312,670236.0
1753450200,122.25499725341797,122.44999694824219,121.05999755859375,121.08000183105469,1201731.0
1753453800,121.0999984741211,121.43000030517578,120.95500183105469,121.06999969482422,619884.0
1753457400,121.06500244140625,121.1500015258789,120.87000274658203,120.95999908447266,552321.0
1753461000,120.94999694824219,121.44000244140625,120.87999725341797,121.41999816894531,439946.0
1753464600,121.41999816894531,121.73999786376953,121.36499786376953,121.52999877929688,509946.0
1753468200,121.54000091552734,121.68000030517578,121.48500061035156,121.60089874267578,449705.0
1753471800,121.61000061035156,121.61000061035156,121.41000366210938,121.5,732785.0
1753709400,121.02999877929688,121.4000015258789,120.16000366210938,120.37079620361328,1287237.0
1753713000,120.37560272216797,120.48500061035156,119.88890075683594,120.20999908447266,723680.0
1753716600,120.21499633789062,120.58999633789062,120.12999725341797,120.30999755859375,488159.0
1753720200,120.30999755859375,120.73999786376953,120.30000305175781,120.58000183105469,419539.0
1753723800,120.57499694824219,120.68879699707031,120.08000183105469,120.25499725341797,457049.0
1753727400,120.26000213623047,120.44999694824219,120.11100006103516,120.2300033569336,549466.0
1753731000,120.23500061035156,120.48999786376953,120.22000122070312,120.3499984741211,808791.0
1753795800,120.58000183105469,120.80500030517578,119.79499816894531,120.04000091552734,942324.0
1753799400,120.05000305175781,120.12999725341797,119.63999938964844,119.81999969482422,612132.0
1753803000,119.80999755859375,119.8499984741211,119.36000061035156,119.61000061035156,547130.0
1753806600,119.62999725341797,120.0999984741211,119.62999725341797,119.97840118408203,459298.0
1753810200,119.98500061035156,120.0,119.56999969482422,119.62000274658203,425206.0
1753813800,119.61000061035156,119.87999725341797,119.5999984741211,119.80000305175781,585080.0
1753817400,119.80000305175781,120.05999755859375,119.7699966430664,119.94000244140625,870240.0
1753882200,119.94999694824219,120.12999725341797,119.36000061035156,119.55999755859375,689944.0
1753885800,119.55999755859375,119.91000366210938,119.41999816894531,119.77999877929688,473760.0
1753889400,119.7699966430664,120.5,119.69999694824219,120.48500061035156,561658.0
1753893000,120.48500061035156,120.48500061035156,120.05000305175781,120.05000305175781,326294.0
1753896600,120.06999969482422,120.1500015258789,119.79000091552734,119.95999908447266,416226.0
1753900200,119.94999694824219,120.19000244140625,119.17500305175781,119.4749984741211,544389.0
1753903800,119.47000122070312,119.66999816894531,119.31999969482422,119.55000305175781,782104.0
1753968600,119.45500183105469,119.91000366210938,119.16000366210938,119.47000122070312,817072.0
1753972200,119.44999694824219,119.68000030517578,118.86000061035156,118.95500183105469,569192.0
1753975800,118.95500183105469,119.25499725341797,118.87999725341797,118.91000366210938,404661.0
1753979400,118.9000015258789,119.06500244140625,118.58999633789062,118.66000366210938,564171.0
1753983000,118.66000366210938,119.25849914550781,118.58000183105469,119.25,546427.0
1753986600,119.23999786376953,119.36000061035156,118.87999725341797,118.97000122070312,618307.0
1753990200,118.97000122070312,119.20999908447266,118.76000213623047,119.12000274658203,1364647.0
1754055000,117.58499908447266,117.89179992675781,115.56999969482422,116.79000091552734,1973949.0
1754058600,116.77400970458984,117.05999755859375,116.37000274658203,116.45999908447266,827052.0
1754062200,116.44999694824219,117.2300033569336,116.37000274658203,117.08200073242188,508137.0
1754065800,117.08000183105469,117.13999938964844,116.23999786376953,116.2699966430664,619865.0
1754069400,116.26000213623047,116.5,115.9000015258789,116.30999755859375,1266098.0
1754073000,116.31510162353516,116.67990112304688,116.15499877929688,116.62999725341797,922336.0
1754076600,116.62999725341797,116.7155990600586,116.33999633789062,116.55999755859375,1299039.0
1754314200,117.7249984741211,119.43499755859375,117.7249984741211,119.1050033569336,1750917.0
1754317800,119.08999633789062,119.12999725341797,118.72000122070312,118.81999969482422,875557.0
1754321400,118.81999969482422,119.05000305175781,118.75,118.8550033569336,602804.0
1754325000,118.86000061035156,119.26499938964844,118.8499984741211,119.06999969482422,509937.0
1754328600,119.08499908447266,119.12000274658203,118.62000274658203,118.69499969482422,690982.0
1754332200,118.69499969482422,119.19999694824219,118.69499969482422,119.08999633789062,906902.0
1754335800,119.08499908447266,119.5199966430664,118.9800033569336,119.38500213623047,1425271.0
1754400600,119.25,119.56999969482422,117.62999725341797,117.93000030517578,3180013.0
1754404200,117.96990203857422,118.16000366210938,117.33000183105469,117.97000122070312,1480980.0
1754407800,117.97000122070312,118.81999969482422,117.95010375976562,118.69000244140625,1061147.0
1754411400,118.69000244140625,119.54000091552734,118.66500091552734,119.47000122070312,1068586.0
1754415000,119.47000122070312,119.52999877929688,118.6050033569336,118.69000244140625,1352480.0
1754418600,118.69000244140625,119.12000274658203,118.5199966430664,118.92500305175781,1544553.0
1754422200,118.92500305175781,118.94999694824219,118.0999984741211,118.41000366210938,3011914.0
1754487000,115.7750015258789,115.95999908447266,112.19999694824219,114.36000061035156,9009769.0
1754490600,114.3550033569336,115.08000183105469,113.83999633789062,114.32499694824219,2430183.0
1754494200,114.32499694824219,115.75499725341797,113.97000122070312,114.57499694824219,1754710.0
1754497800,114.58499908447266,114.97000122070312,114.30999755859375,114.9000015258789,1109203.0
1754501400,114.9000015258789,115.93000030517578,114.86000061035156,115.86000061035156,1493396.0
1754505000,115.86000061035156,116.12239837646484,115.43599700927734,115.44000244140625,1520291.0
1754508600,115.44000244140625,115.66999816894531,115.07499694824219,115.18000030517578,2245702.0
1754573400,115.75,116.4000015258789,114.38999938964844,114.44000244140625,3614486.0
1754577000,114.43499755859375,114.61000061035156,113.20010375976562,113.24500274658203,1726326.0
1754580600,113.23999786376953,113.27999877929688,112.51000213623047,112.57140350341797,1582025.0
1754584200,112.55999755859375,112.61000061035156,111.87000274658203,111.87000274658203,1224332.0
1754587800,111.87000274658203,112.45999908447266,111.81999969482422,112.43000030517578,1068853.0
1754591400,112.41999816894531,112.86000061035156,112.4000015258789,112.83000183105469,1281920.0
1754595000,112.83499908447266,113.16999816894531,112.56999969482422,112.8949966430664,2199814.0
1754659800,113.30000305175781,114.29199981689453,112.37699890136719,113.65499877929688,2167935.0
1754663400,113.65499877929688,113.83000183105469,112.16999816894531,112.5250015258789,1548815.0
1754667000,112.5,113.1500015258789,112.470703125,112.92240142822266,679938.0
1754670600,112.93000030517578,113.16000366210938,112.64340209960938,112.73999786376953,606979.0
1754674200,112.73999786376953,112.87000274658203,112.61000061035156,112.73999786376953,686657.0
1754677800,112.75,112.83000183105469,112.38999938964844,112.4000015258789,748940.0
1754681400,112.41000366210938,112.44999694824219,112.0199966430664,112.36000061035156,1565811.0
1754919000,112.91000366210938,113.1500015258789,111.6500015258789,111.77999877929688,1523054.0
1754922600,111.77999877929688,112.36000061035156,111.54000091552734,112.00499725341797,968586.0
1754926200,112.0,113.05000305175781,111.9000015258789,113.0,1005033.0
1754929800,112.98999786376953,113.01000213623047,112.29000091552734,112.4749984741211,748054.0
1754933400,112.47000122070312,112.54000091552734,112.2300033569336,112.25,742960.0
1754937000,112.25,112.61000061035156,112.02999877929688,112.58499908447266,970737.0
1754940600,112.58499908447266,112.86000061035156,112.50499725341797,112.58000183105469,1393044.0
1755005400,113.30999755859375,113.48999786376953,112.48999786376953,113.41000366210938,1210591.0
1755009000,113.4000015258789,114.19000244140625,113.3499984741211,113.81999969482422,901348.0
1755012600,113.82499694824219,114.33999633789062,113.79910278320312,114.29000091552734,672446.0
1755016200,114.29499816894531,114.4000015258789,113.81999969482422,113.87999725341797,610344.0
1755019800,113.87999725341797,114.00499725341797,113.77999877929688,113.87000274658203,471692.0
1755023400,113.88999938964844,113.88999938964844,113.62999725341797,113.71499633789062,590225.0
1755027000,113.71499633789062,113.91500091552734,113.66500091552734,113.7300033569336,1034661.0
1755091800,114.2300033569336,115.80000305175781,114.1500015258789,115.42500305175781,1410522.0
1755095400,115.41000366210938,115.73999786376953,115.13999938964844,115.67500305175781,868386.0
1755099000,115.66000366210938,116.12999725341797,115.58999633789062,116.0000991821289,823325.0
1755102600,116.01000213623047,116.33000183105469,116.01000213623047,116.125,604728.0
1755106200,116.12000274658203,116.37999725341797,115.76000213623047,116.36499786376953,698689.0
1755109800,116.37000274658203,117.2300033569336,116.37000274658203,117.01499938964844,1304501.0
1755113400,117.01499938964844,117.11000061035156,116.5999984741211,116.6500015258789,1662317.0
1755178200,115.4800033569336,115.97000122070312,114.62000274658203,114.81999969482422,1239317.0
1755181800,114.80999755859375,115.83000183105469,114.80999755859375,115.56999969482422,875248.0
1755185400,115.57499694824219,116.08499908447266,115.49649810791016,116.02999877929688,610571.0
1755189000,116.02999877929688,116.61499786376953,115.94999694824219,116.5999984741211,617891.0
1755192600,116.61000061035156,116.70999908447266,116.12999725341797,116.37999725341797,775167.0
1755196200,116.37999725341797,116.48999786376953,115.9802017211914,116.0199966430664,589802.0
1755199800,116.01000213623047,116.43000030517578,115.94999694824219,116.29000091552734,841965.0
1755264600,116.56999969482422,116.83999633789062,116.04000091552734,116.22000122070312,1293044.0
1755268200,116.21499633789062,116.52989959716797,116.1500015258789,116.30999755859375,506040.0
1755271800,116.30999755859375,116.75,116.30000305175781,116.3499984741211,570677.0
1755275400,116.3499984741211,116.58000183105469,116.16429901123047,116.19000244140625,371015.0
1755279000,116.19000244140625,116.25,115.45999908447266,115.54499816894531,663485.0
1755282600,115.54499816894531,115.7300033569336,115.2699966430664,115.44000244140625,730314.0
1755286200,115.44499969482422,115.66999816894531,115.19000244140625,115.37000274658203,956554.0
1755523800,115.19000244140625,117.00499725341797,115.16000366210938,116.27999877929688,1269738.0
1755527400,116.2699966430664,116.80999755859375,116.19999694824219,116.60639953613281,589439.0
1755531000,116.5999984741211,116.9800033569336,116.5999984741211,116.72360229492188,530805.0
1755534600,116.72000122070312,116.81999969482422,116.44999694824219,116.77999877929688,408595.0
1755538200,116.77999877929688,116.87999725341797,116.62999725341797,116.77999877929688,665145.0
1755541800,116.80000305175781,116.91089630126953,116.70369720458984,116.74500274658203,462229.0
1755545400,116.73999786376953,116.88999938964844,116.5199966430664,116.56999969482422,790622.0
1755610200,116.5,116.91999816894531,116.31999969482422,116.91000366210938,636587.0
1755613800,116.91999816894531,116.98999786376953,115.81500244140625,116.08000183105469,832391.0
1755617400,116.06999969482422,116.2300033569336,115.72000122070312,116.125,546397.0
1755621000,116.12999725341797,116.38999938964844,116.01499938964844,116.27999877929688,384875.0
1755624600,116.2699966430664,116.38999938964844,115.92500305175781,115.97000122070312,398351.0
1755628200,115.9749984741211,116.22000122070312,115.875,116.1449966430664,415342.0
1755631800,116.13999938964844,116.30999755859375,116.0,116.28500366210938,636201.0
1755696600,116.07499694824219,117.88999938964844,116.06999969482422,116.1500015258789,1334682.0
1755700200,116.13999938964844,116.59750366210938,116.05500030517578,116.59750366210938,781653.0
1755703800,116.58000183105469,116.66999816894531,116.0,116.47000122070312,503204.0
1755707400,116.5,116.5,116.16699981689453,116.3926010131836,440539.0
1755711000,116.39540100097656,116.8949966430664,116.37999725341797,116.70999908447266,514778.0
1755714600,116.69740295410156,117.22000122070312,116.6500015258789,117.07990264892578,600007.0
1755718200,117.06999969482422,117.51000213623047,116.9000015258789,117.06999969482422,1218224.0
1755783000,116.56999969482422,116.66000366210938,115.52999877929688,115.85533905029297,1511139.0
1755786600,115.83999633789062,116.60980224609375,115.76499938964844,116.51000213623047,834357.0
1755790200,116.51000213623047,116.58999633789062,115.9800033569336,116.1427993774414,422868.0
1755793800,116.13999938964844,116.4000015258789,115.91000366210938,116.06829833984375,463841.0
1755797400,116.07499694824219,116.41999816894531,116.02999877929688,116.1500015258789,270142.0
1755801000,116.12999725341797,116.36499786376953,116.02999877929688,116.30999755859375,474020.0
1755804600,116.30999755859375,116.43000030517578,116.05000305175781,116.22000122070312,855764.0
1755869400,117.58499908447266,119.25479888916016,117.125,118.93000030517578,1475856.0
1755873000,118.94999694824219,119.70999908447266,118.94000244140625,119.63999938964844,1129855.0
1755876600,119.63999938964844,119.7750015258789,119.45999908447266,119.47000122070312,675504.0
1755880200,119.4800033569336,119.70999908447266,119.0,119.18000030517578,512356.0
1755883800,119.18000030517578,119.23999786376953,118.875,118.90499877929688,509367.0
1755887400,118.91000366210938,119.12999725341797,118.86499786376953,118.91000366210938,571342.0
1755891000,118.91000366210938,118.94999694824219,118.61000061035156,118.83999633789062,997651.0
1756128600,118.48999786376953,118.7300033569336,117.97000122070312,118.61499786376953,1144051.0
1756132200,118.6227035522461,119.05000305175781,118.58000183105469,118.73999786376953,604772.0
1756135800,118.7300033569336,118.7699966430664,118.27010345458984,118.44999694824219,549115.0
1756139400,118.44999694824219,118.5199966430664,118.1500015258789,118.16999816894531,351374.0
1756143000,118.18499755859375,118.26499938964844,117.76570129394531,117.91000366210938,426764.0
1756146600,117.91739654541016,118.08999633789062,117.77259826660156,118.08000183105469,514579.0
1756150200,118.08999633789062,118.12999725341797,117.69999694824219,117.7300033569336,679343.0
1756215000,117.43000030517578,118.25499725341797,117.16000366210938,118.2171401977539,630099.0
1756218600,118.19999694824219,118.375,117.8499984741211,117.9000015258789,557460.0
1756222200,117.88999938964844,118.01499938964844,117.66999816894531,117.76000213623047,480939.0
1756225800,117.7699966430664,117.80069732666016,117.52999877929688,117.66000366210938,291165.0
1756229400,117.66500091552734,117.69999694824219,117.43000030517578,117.54000091552734,313275.0
1756233000,117.55000305175781,117.57520294189453,117.22000122070312,117.4281997680664,478469.0
1756236600,117.42500305175781,117.7699966430664,117.31500244140625,117.6500015258789,1038448.0
1756301400,117.52999877929688,118.45999908447266,117.4000015258789,117.9000015258789,714767.0
1756305000,117.90499877929688,118.29000091552734,117.7302017211914,117.79000091552734,486474.0
1756308600,117.80000305175781,117.80999755859375,117.29000091552734,117.47000122070312,362207.0
1756312200,117.4800033569336,117.91500091552734,117.43000030517578,117.8499984741211,326267.0
1756315800,117.8499984741211,117.94000244140625,117.65010070800781,117.70500183105469,356774.0
1756319400,117.70500183105469,118.08999633789062,117.68879699707031,117.95999908447266,465188.0
1756323000,117.97000122070312,118.21499633789062,117.93000030517578,118.08000183105469,683146.0
1756387800,118.0999984741211,118.37000274658203,117.02339935302734,117.06999969482422,942438.0
1756391400,117.08000183105469,117.33499908447266,116.61000061035156,117.20580291748047,618018.0
1756395000,117.20999908447266,117.9000015258789,117.19750213623047,117.83000183105469,449218.0
1756398600,117.83999633789062,118.09500122070312,117.73999786376953,117.98999786376953,559812.0
1756402200,117.98500061035156,118.00499725341797,117.48999786376953,117.55999755859375,477276.0
1756405800,117.56500244140625,117.5886001586914,117.17109680175781,117.50499725341797,537086.0
1756409400,117.50499725341797,117.7249984741211,117.44613647460938,117.66000366210938,573139.0
1756474200,117.38999938964844,118.05909729003906,117.24500274658203,117.68499755859375,661326.0
1756477800,117.69000244140625,118.05999755859375,117.45999908447266,117.9800033569336,516063.0
1756481400,118.0,118.54540252685547,117.93499755859375,118.31999969482422,525005.0
1756485000,118.31999969482422,118.4800033569336,118.20999908447266,118.37000274658203,259310.0
1756488600,118.36000061035156,118.58499908447266,118.27999877929688,118.53309631347656,407474.0
1756492200,118.54000091552734,118.6449966430664,118.13999938964844,118.15499877929688,414916.0
1756495800,118.16000366210938,118.44499969482422,118.0999984741211,118.41000366210938,897403.0
1756819800,117.0199966430664,117.4000015258789,115.99649810791016,117.36000061035156,1301123.0
1756823400,117.37000274658203,117.55000305175781,116.67410278320312,117.04000091552734,655515.0
1756827000,117.04000091552734,117.33000183105469,116.62000274658203,117.07250213623047,441734.0
1756830600,117.0718994140625,117.6050033569336,117.05010223388672,117.52999877929688,392465.0
1756834200,117.52999877929688,117.91999816894531,117.5199966430664,117.6050033569336,557633.0
1756837800,117.6050033569336,117.86430358886719,117.43000030517578,117.80999755859375,440466.0
1756841400,117.80999755859375,118.27999877929688,117.75,118.26000213623047,754297.0
1756906200,117.83000183105469,118.62000274658203,116.47000122070312,116.55000305175781,1147330.0
1756909800,116.57499694824219,117.3499984741211,116.43000030517578,117.0999984741211,993511.0
1756913400,117.09500122070312,117.27999877929688,116.75,116.80999755859375,819267.0
1756917000,116.80999755859375,117.04000091552734,116.4000015258789,116.9749984741211,533799.0
1756920600,116.95999908447266,117.0,116.3499984741211,116.83999633789062,481338.0
1756924200,116.83999633789062,117.00170135498047,116.69000244140625,116.9990005493164,518818.0
1756927800,116.98999786376953,117.37999725341797,116.9800033569336,117.33000183105469,732588.0
1756992600,117.08000183105469,118.62000274658203,116.76000213623047,118.58999633789062,981750.0
1756996200,118.56999969482422,118.80000305175781,118.19499969482422,118.65360260009766,705283.0
1756999800,118.64520263671875,118.88999938964844,118.37000274658203,118.5199966430664,464221.0
1757003400,118.51499938964844,119.1500015258789,118.51000213623047,119.13500213623047,675410.0
1757007000,119.13999938964844,119.4000015258789,119.04820251464844,119.2699966430664,687446.0
1757010600,119.27259826660156,119.67500305175781,119.25050354003906,119.375,845202.0
1757014200,119.37000274658203,119.37999725341797,118.68000030517578,118.81999969482422,969239.0
1757079000,118.91000366210938,119.77999877929688,118.44000244140625,118.58999633789062,1101954.0
1757082600,118.59149932861328,118.61000061035156,117.69999694824219,118.29499816894531,882364.0
1757086200,118.29499816894531,118.29499816894531,117.72000122070312,117.97000122070312,602460.0
1757089800,117.9800033569336,118.18000030517578,117.7699966430664,118.0199966430664,676290.0
1757093400,118.01000213623047,118.16999816894531,117.77999877929688,118.0999984741211,504891.0
1757097000,118.0999984741211,118.33000183105469,118.08999633789062,118.23999786376953,473861.0
1757100600,118.23500061035156,118.30999755859375,117.86000061035156,117.94499969482422,1047957.0
1757338200,117.95999908447266,118.15499877929688,116.73999786376953,118.05000305175781,1188660.0
1757341800,118.05999755859375,118.5,118.02999877929688,118.09500122070312,534317.0
1757345400,118.08000183105469,118.4800033569336,117.9302978515625,118.3499984741211,398126.0
1757349000,118.3499984741211,118.4800033569336,117.9800033569336,118.07499694824219,534436.0
1757352600,118.06999969482422,118.41000366210938,117.98999786376953,118.4000015258789,631395.0
1757356200,118.4000015258789,118.41999816894531,118.06999969482422,118.30000305175781,556276.0
1757359800,118.30500030517578,118.87999725341797,118.28500366210938,118.83999633789062,992319.0
1757424600,118.5250015258789,119.05000305175781,118.0199966430664,118.18000030517578,854459.0
1757428200,118.19000244140625,118.47000122070312,118.06999969482422,118.30999755859375,475625.0
1757431800,118.31500244140625,118.44000244140625,117.41999816894531,118.12000274658203,811208.0
1757435400,118.11000061035156,118.1500015258789,117.73999786376953,117.9800033569336,455793.0
1757439000,117.9800033569336,118.05999755859375,117.81199645996094,117.94999694824219,339645.0
1757442600,117.94999694824219,117.95999908447266,117.44000244140625,117.45999908447266,719410.0
1757446200,117.45999908447266,117.54000091552734,117.22000122070312,117.37000274658203,753214.0
1757511000,116.8499984741211,117.51000213623047,115.7699966430664,116.26000213623047,1327588.0
1757514600,116.25,116.26000213623047,114.49500274658203,115.07499694824219,1359921.0
1757518200,115.08000183105469,115.67040252685547,114.98999786376953,115.4800033569336,622575.0
1757521800,115.47540283203125,115.76629638671875,115.2300033569336,115.41500091552734,464406.0
1757525400,115.41500091552734,116.6050033569336,115.3499984741211,116.58499908447266,564485.0
1757529000,116.5999984741211,116.61499786376953,115.3499984741211,115.7697982788086,934279.0
1757532600,115.76000213623047,116.12000274658203,115.62999725341797,115.79000091552734,1108123.0
1757597400,115.44999694824219,116.33000183105469,115.04000091552734,115.33100128173828,1361628.0
1757601000,115.33999633789062,115.38999938964844,114.62999725341797,114.79499816894531,1174205.0
1757604600,114.80000305175781,115.38500213623047,114.80000305175781,115.30000305175781,1303639.0
1757608200,115.30740356445312,116.06999969482422,115.20999908447266,115.75499725341797,762668.0
1757611800,115.75499725341797,116.58000183105469,115.75499725341797,116.2300033569336,850897.0
1757615400,116.20999908447266,116.92500305175781,116.12000274658203,116.90499877929688,851423.0
1757619000,116.9000015258789,117.16500091552734,116.83000183105469,117.05999755859375,947477.0
1757683800,116.26000213623047,117.01000213623047,115.87000274658203,115.88500213623047,1383053.0
1757687400,115.88999938964844,116.06999969482422,115.0999984741211,115.94999694824219,1484288.0
1757691000,115.97000122070312,116.05000305175781,115.45999908447266,115.97000122070312,717242.0
1757694600,115.96499633789062,116.1500015258789,115.80000305175781,115.9800033569336,567362.0
1757698200,115.9800033569336,116.06999969482422,115.45999908447266,115.89009857177734,585446.0
1757701800,115.88999938964844,116.06500244140625,115.70559692382812,115.8499984741211,610774.0
1757705400,115.84500122070312,116.13999938964844,115.56500244140625,115.97000122070312,914445.0
1757943000,116.11000061035156,116.75,115.0,116.23999786376953,1547903.0
1757946600,116.26000213623047,116.31500244140625,115.29000091552734,115.30999755859375,864699.0
1757950200,115.30999755859375,115.51000213623047,115.13999938964844,115.37999725341797,773633.0
1757953800,115.38999938964844,115.63999938964844,115.20999908447266,115.44999694824219,616719.0
1757957400,115.44000244140625,115.93000030517578,115.38999938964844,115.91000366210938,535537.0
1757961000,115.91000366210938,115.95999908447266,115.5250015258789,115.55500030517578,607030.0
1757964600,115.55180358886719,115.80000305175781,115.37000274658203,115.61000061035156,1083212.0
1758029400,115.44999694824219,115.8499984741211,114.97000122070312,115.18499755859375,974939.0
1758033000,115.17500305175781,115.30999755859375,114.81999969482422,114.83000183105469,724758.0
1758036600,114.83999633789062,115.06999969482422,114.72000122070312,114.91500091552734,637387.0
1758040200,114.9000015258789,115.13999938964844,114.70999908447266,114.83000183105469,641378.0
1758043800,114.8499984741211,115.375,114.83000183105469,115.375,758092.0
1758047400,115.37000274658203,115.5199966430664,115.0999984741211,115.30999755859375,779744.0
1758051000,115.30500030517578,115.47000122070312,115.19000244140625,115.2699966430664,810379.0
1758115800,115.23999786376953,116.30999755859375,115.23999786376953,116.25,1042387.0
1758119400,116.24600219726562,116.41000366210938,115.80999755859375,116.01499938964844,726485.0
1758123000,116.0,116.20999908447266,115.62030029296875,115.8499984741211,442621.0
1758126600,115.84249877929688,116.08000183105469,115.58000183105469,115.94999694824219,533358.0
1758130200,115.95480346679688,116.66000366210938,115.83999633789062,116.62999725341797,875767.0
1758133800,116.62999725341797,116.6500015258789,115.29000091552734,115.99500274658203,906483.0
1758137400,115.95999908447266,116.11000061035156,115.75,116.11000061035156,1043006.0
1758202200,115.33000183105469,115.77999877929688,114.05000305175781,115.12000274658203,2326887.0
1758205800,115.1500015258789,115.72000122070312,114.71499633789062,114.71499633789062,1229608.0
1758209400,114.73999786376953,115.08100128173828,114.28900146484375,115.01499938964844,900031.0
1758213000,115.0,115.5,114.94999694824219,115.24500274658203,614463.0
1758216600,115.23030090332031,115.48999786376953,115.19999694824219,115.23999786376953,685283.0
1758220200,115.23500061035156,115.2699966430664,114.87000274658203,114.91999816894531,809523.0
1758223800,114.91500091552734,115.0999984741211,114.5199966430664,114.8550033569336,1224004.0
1758288600,114.5999984741211,114.5999984741211,112.7300033569336,113.48999786376953,4373795.0
1758292200,113.5,113.80000305175781,112.80000305175781,112.94000244140625,1989558.0
1758295800,112.93499755859375,112.98999786376953,111.93000030517578,112.322998046875,2939437.0
1758299400,112.32499694824219,113.1500015258789,112.25,112.61499786376953,1518709.0
1758303000,112.5999984741211,113.16000366210938,112.57150268554688,112.97010040283203,984779.0
1758306600,112.95999908447266,113.4800033569336,112.83999633789062,113.4000015258789,1080824.0
1758310200,113.4000015258789,113.80000305175781,113.05999755859375,113.72000122070312,1945741.0
1758547800,111.76000213623047,113.62999725341797,111.5199966430664,113.2699966430664,2158433.0
1758551400,113.25,113.29000091552734,112.53500366210938,112.98500061035156,1021601.0
1758555000,112.98999786376953,113.1698989868164,112.4000015258789,112.52999877929688,952727.0
1758558600,112.52999877929688,112.56500244140625,112.18499755859375,112.25,1191492.0
1758562200,112.2300033569336,112.33999633789062,111.81999969482422,111.83000183105469,1291733.0
1758565800,111.83000183105469,112.23999786376953,111.82499694824219,112.08999633789062,2210441.0
1758569400,112.08000183105469,112.87030029296875,111.97000122070312,112.5199966430664,3430243.0
1758634200,113.16999816894531,113.62000274658203,112.66000366210938,112.98500061035156,2040224.0
1758637800,112.97000122070312,113.37999725341797,112.6500015258789,112.68000030517578,1141925.0
1758641400,112.68000030517578,112.77400207519531,112.11000061035156,112.1449966430664,1058533.0
1758645000,112.13999938964844,113.1500015258789,111.91999816894531,112.66999816894531,2415831.0
1758648600,112.6500015258789,112.8499984741211,111.81500244140625,111.95999908447266,1721867.0
1758652200,111.96499633789062,112.30000305175781,111.72000122070312,111.72000122070312,1434132.0
1758655800,111.7300033569336,112.30999755859375,111.5999984741211,112.26000213623047,1632981.0
1758720600,112.5,113.86000061035156,112.45010375976562,113.77619934082031,1757250.0
1758724200,113.77410125732422,114.14990234375,113.5,113.79499816894531,1206278.0
1758727800,113.79499816894531,113.86000061035156,113.36000061035156,113.70999908447266,821093.0
1758731400,113.72000122070312,113.8499984741211,113.58200073242188,113.66999816894531,544029.0
1758735000,113.66999816894531,113.75,113.3499984741211,113.4386978149414,517475.0
1758738600,113.44999694824219,113.52999877929688,113.04499816894531,113.33000183105469,696200.0
1758742200,113.33499908447266,113.62999725341797,113.27999877929688,113.44000244140625,895352.0
1758807000,112.70999908447266,114.05000305175781,112.70999908447266,113.80500030517578,1122802.0
1758810600,113.81999969482422,114.05000305175781,113.51000213623047,113.5199966430664,630041.0
1758814200,113.5199966430664,113.87999725341797,113.19000244140625,113.19000244140625,478561.0
1758817800,113.19000244140625,113.33000183105469,112.80999755859375,112.83999633789062,564985.0
1758821400,112.83999633789062,113.07499694824219,112.6500015258789,112.91600036621094,556861.0
1758825000,112.91000366210938,113.12000274658203,112.71009826660156,112.76000213623047,535942.0
1758828600,112.7699966430664,113.04499816894531,112.74500274658203,113.0199966430664,794641.0
1758893400,113.12999725341797,113.56999969482422,112.76000213623047,113.22000122070312,1006269.0
1758897000,113.20999908447266,113.30000305175781,112.93000030517578,113.2738037109375,513247.0
1758900600,113.27999877929688,113.45999908447266,112.98999786376953,113.45756530761719,424241.0
1758904200,113.45500183105469,113.48999786376953,113.08999633789062,113.30249786376953,268999.0
1758907800,113.30000305175781,113.31999969482422,112.83000183105469,113.15499877929688,475657.0
1758911400,113.16999816894531,113.43000030517578,113.12999725341797,113.23999786376953,606434.0
1758915000,113.2490005493164,113.49500274658203,112.98999786376953,113.45999908447266,1061077.0
1759152600,113.47000122070312,114.80000305175781,113.33000183105469,114.12899780273438,1531276.0
1759156200,114.1500015258789,114.52999877929688,114.1364974975586,114.25,720882.0
1759159800,114.26000213623047,114.41000366210938,113.91000366210938,114.08999633789062,647191.0
1759163400,114.08999633789062,114.36820220947266,114.05999755859375,114.31999969482422,599140.0
1759167000,114.33000183105469,114.49500274658203,114.25,114.46009826660156,566703.0
1759170600,114.45999908447266,114.86000061035156,114.45999908447266,114.84500122070312,858601.0
1759174200,114.83999633789062,115.01000213623047,114.68499755859375,114.79499816894531,1076808.0
1759239000,114.52999877929688,114.87999725341797,113.73999786376953,113.7699966430664,1282767.0
1759242600,113.7699966430664,113.85990142822266,113.33499908447266,113.55000305175781,693293.0
1759246200,113.55000305175781,114.22000122070312,113.37010192871094,114.1500015258789,789546.0
1759249800,114.1500015258789,114.23500061035156,113.61000061035156,113.66000366210938,889157.0
1759253400,113.6500015258789,114.04000091552734,113.41999816894531,113.98999786376953,718987.0
1759257000,114.01000213623047,114.48999786376953,113.97000122070312,114.45999908447266,930216.0
1759260600,114.44499969482422,114.58000183105469,114.25759887695312,114.48999786376953,1144203.0
1759325400,114.125,116.05899810791016,114.125,115.33999633789062,1489917.0
1759329000,115.37999725341797,115.41500091552734,114.19000244140625,114.40750122070312,1010756.0
1759332600,114.40499877929688,114.49169921875,113.5,113.6500015258789,977995.0
1759336200,113.6449966430664,114.0,113.55000305175781,113.91999816894531,724195.0
1759339800,113.93499755859375,113.9749984741211,113.51000213623047,113.68000030517578,725185.0
1759343400,113.67500305175781,113.68000030517578,112.91999816894531,113.2699966430664,1150402.0
1759347000,113.26000213623047,113.33499908447266,112.79000091552734,112.94999694824219,1471629.0
1759411800,112.9749984741211,113.16999816894531,111.1500015258789,111.52999877929688,1818428.0
1759415400,111.5199966430664,111.58000183105469,110.7750015258789,111.30500030517578,1200281.0
1759419000,111.30500030517578,112.04060363769531,111.30500030517578,112.02999877929688,940873.0
1759422600,112.02999877929688,112.23500061035156,111.9000015258789,111.9999008178711,732730.0
1759426200,112.0,112.625,111.91999816894531,112.61000061035156,876601.0
1759429800,112.61000061035156,112.7300033569336,112.37999725341797,112.4561996459961,710178.0
1759433400,112.44999694824219,112.45999908447266,112.12000274658203,112.16999816894531,1097354.0
1759498200,112.03500366210938,112.7300033569336,111.55999755859375,112.5,1269791.0
1759501800,112.5,113.08000183105469,112.40010070800781,112.5,1240017.0
1759505400,112.51000213623047,113.55000305175781,112.48179626464844,113.49500274658203,884891.0
1759509000,113.4800033569336,113.56999969482422,112.9800033569336,113.0000991821289,587967.0
1759512600,113.00050354003906,113.2699966430664,112.91999816894531,113.16000366210938,557372.0
1759516200,113.16999816894531,113.19999694824219,112.65499877929688,112.70999908447266,627251.0
1759519800,112.70500183105469,112.7300033569336,112.44999694824219,112.48999786376953,895665.0
1759757400,112.69000244140625,113.08000183105469,111.44999694824219,111.79000091552734,1212151.0
1759761000,111.80000305175781,112.43000030517578,111.7500991821289,112.1500015258789,654103.0
1759764600,112.1500015258789,112.33000183105469,112.05999755859375,112.26000213623047,502924.0
1759768200,112.2750015258789,112.55000305175781,112.19999694824219,112.47000122070312,615587.0
1759771800,112.48999786376953,113.1050033569336,112.42500305175781,112.9000015258789,759567.0
1759775400,112.8949966430664,113.0999984741211,112.62000274658203,112.7300033569336,595582.0
1759779000,112.73999786376953,113.0,112.70999908447266,112.7699966430664,725892.0
1759843800,112.62999725341797,113.4000015258789,111.80000305175781,112.33499908447266,863251.0
1759847400,112.34500122070312,112.61000061035156,112.17500305175781,112.20999908447266,613368.0
1759851000,112.20999908447266,112.33000183105469,111.87000274658203,112.16999816894531,618955.0
1759854600,112.16000366210938,112.51000213623047,112.11499786376953,112.51000213623047,468420.0
1759858200,112.51000213623047,112.6093978881836,112.33779907226562,112.36000061035156,456071.0
1759861800,112.37999725341797,112.74500274658203,112.37259674072266,112.61000061035156,590165.0
1759865400,112.5999984741211,112.81999969482422,112.5,112.54499816894531,621473.0
1759930200,112.80500030517578,113.19999694824219,112.19999694824219,112.77999877929688,1235782.0
1759933800,112.80000305175781,112.81999969482422,112.3949966430664,112.43000030517578,631278.0
1759937400,112.44499969482422,112.62999725341797,112.20500183105469,112.23500061035156,590251.0
1759941000,112.23999786376953,112.5999984741211,112.18000030517578,112.41999816894531,512843.0
1759944600,112.43000030517578,112.43000030517578,111.6500015258789,111.77619934082031,694544.0
1759948200,111.7750015258789,112.08999633789062,111.69499969482422,112.04779815673828,731612.0
1759951800,112.04000091552734,112.05999755859375,111.69999694824219,111.88999938964844,1268022.0
1760016600,111.81999969482422,113.0,111.16999816894531,112.27999877929688,1486910.0
1760020200,112.26499938964844,112.37999725341797,112.06500244140625,112.15499877929688,689899.0
1760023800,112.16000366210938,112.37000274658203,111.96499633789062,112.25,458925.0
1760027400,112.23999786376953,112.2750015258789,111.58000183105469,111.61499786376953,484331.0
1760031000,111.5999984741211,111.94000244140625,111.4800033569336,111.49500274658203,475279.0
1760034600,111.48999786376953,111.63999938964844,111.19999694824219,111.2300033569336,734984.0
1760038200,111.22000122070312,111.29100036621094,110.875,111.0,1051402.0
1760103000,111.52999877929688,112.68000030517578,111.4800033569336,112.43000030517578,1621461.0
1760106600,112.37999725341797,112.45500183105469,111.02999877929688,111.1500015258789,1182667.0
1760110200,111.11000061035156,111.18000030517578,110.4800033569336,111.05239868164062,1141025.0
1760113800,111.02999877929688,111.23999786376953,110.37999725341797,110.606201171875,664437.0
1760117400,110.62000274658203,110.7249984741211,110.18000030517578,110.19999694824219,776357.0
1760121000,110.19000244140625,110.30999755859375,109.63500213623047,109.68000030517578,989643.0
1760124600,109.69000244140625,109.79000091552734,109.11000061035156,109.19999694824219,1352311.0
1760362200,110.38999938964844,110.69000244140625,109.37999725341797,110.02999877929688,1576278.0
1760365800,110.0250015258789,110.62999725341797,109.95999908447266,110.38500213623047,866328.0
1760369400,110.37999725341797,110.83999633789062,110.30000305175781,110.55000305175781,724669.0
1760373000,110.54000091552734,110.95999908447266,110.27999877929688,110.44645690917969,765701.0
1760376600,110.45999908447266,110.45999908447266,110.01000213623047,110.29499816894531,567862.0
1760380200,110.29000091552734,110.41999816894531,109.88999938964844,110.33999633789062,836585.0
1760383800,110.34500122070312,110.47000122070312,110.2300033569336,110.2699966430664,828525.0
1760448600,109.6500015258789,111.11000061035156,109.19999694824219,110.95500183105469,1363964.0
1760452200,110.94000244140625,111.06999969482422,110.62999725341797,110.7300033569336,564066.0
1760455800,110.7300033569336,111.11990356445312,110.6812973022461,111.01000213623047,685303.0
1760459400,111.01000213623047,111.56999969482422,110.96089935302734,111.51499938964844,712388.0
1760463000,111.510498046875,111.83999633789062,111.1500015258789,111.19999694824219,677653.0
1760466600,111.20500183105469,111.5988998413086,111.12000274658203,111.36100006103516,1097530.0
1760470200,111.36499786376953,111.37999725341797,110.87999725341797,111.16000366210938,1216875.0
1760535000,111.47000122070312,112.67500305175781,111.44999694824219,112.36000061035156,1271022.0
1760538600,112.37999725341797,112.41000366210938,112.13719940185547,112.20500183105469,513806.0
1760542200,112.2156982421875,112.48999786376953,111.83000183105469,112.23999786376953,612892.0
1760545800,112.25,112.29000091552734,111.13999938964844,111.36000061035156,616872.0
1760549400,111.3499984741211,111.94499969482422,111.33999633789062,111.81089782714844,548796.0
1760553000,111.81999969482422,112.14990234375,111.80500030517578,112.01000213623047,661079.0
1760556600,112.01000213623047,112.08000183105469,111.6500015258789,111.73500061035156,1208845.0
1760621400,111.79000091552734,112.08499908447266,110.63500213623047,111.54499816894531,1140067.0
1760625000,111.53500366210938,111.80999755859375,110.83000183105469,110.9000015258789,573355.0
1760628600,110.88999938964844,111.27999877929688,110.54299926757812,110.56999969482422,529897.0
1760632200,110.56500244140625,110.56500244140625,109.87999725341797,110.31999969482422,621616.0
1760635800,110.31999969482422,110.52999877929688,108.77999877929688,108.81999969482422,1144714.0
1760639400,108.83000183105469,109.38999938964844,108.51000213623047,109.33000183105469,1052137.0
1760643000,109.33999633789062,109.95500183105469,109.2301025390625,109.88999938964844,1201608.0
1760707800,109.73999786376953,111.45999908447266,109.44000244140625,111.22000122070312,1813594.0
1760711400,111.2249984741211,111.4000015258789,110.5999984741211,110.86000061035156,934593.0
1760715000,110.87000274658203,111.22989654541016,110.70999908447266,111.12000274658203,802439.0
1760718600,111.11000061035156,111.19999694824219,110.28500366210938,110.33999633789062,776209.0
1760722200,110.33000183105469,110.93000030517578,110.20999908447266,110.73999786376953,761205.0
1760725800,110.73999786376953,110.97000122070312,110.72000122070312,110.79499816894531,775849.0
1760729400,110.79000091552734,110.81500244140625,110.48999786376953,110.6500015258789,1413823.0
1760967000,111.02999877929688,111.57499694824219,110.5999984741211,110.94999694824219,1257077.0
1760970600,110.94000244140625,111.69000244140625,110.93499755859375,111.68000030517578,875864.0
1760974200,111.69000244140625,111.9000015258789,111.44999694824219,111.73500061035156,557248.0
1760977800,111.73500061035156,111.875,111.44999694824219,111.8499984741211,978705.0
1760981400,111.86000061035156,112.25,111.83499908447266,111.91000366210938,813324.0
1760985000,111.90499877929688,112.19499969482422,111.87999725341797,112.08499908447266,701459.0
1760988600,112.08100128173828,112.18499755859375,111.97000122070312,111.98999786376953,976352.0
1761053400,112.25,113.44999694824219,112.04000091552734,113.39540100097656,916870.0
1761057000,113.38999938964844,113.87999725341797,113.33999633789062,113.6050033569336,802517.0
1761060600,113.63999938964844,113.83999633789062,113.41500091552734,113.52999877929688,645375.0
1761064200,113.53970336914062,113.66999816894531,113.27999877929688,113.62999725341797,951222.0
1761067800,113.62999725341797,114.53949737548828,113.55000305175781,114.37000274658203,1326128.0
1761071400,114.37999725341797,114.53500366210938,114.19499969482422,114.48100280761719,944449.0
1761075000,114.4800033569336,114.5250015258789,114.16000366210938,114.30000305175781,1140859.0
1761139800,114.0,114.27999877929688,113.4800033569336,114.02999877929688,1262266.0
1761143400,114.05500030517578,114.23100280761719,113.56999969482422,113.81999969482422,1003818.0
1761147000,113.84500122070312,114.0250015258789,113.53500366210938,113.68000030517578,708371.0
1761150600,113.69999694824219,113.91000366210938,113.13500213623047,113.3832015991211,552267.0
1761154200,113.36039733886719,113.48999786376953,113.02999877929688,113.37000274658203,599329.0
1761157800,113.38500213623047,113.40499877929688,112.9801025390625,113.36000061035156,538868.0
1761161400,113.36000061035156,113.44999694824219,112.9800033569336,113.0999984741211,1106817.0
1761226200,113.16999816894531,113.83000183105469,112.48999786376953,112.51000213623047,796778.0
1761229800,112.5199966430664,112.66999816894531,111.90010070800781,112.1404037475586,1246913.0
1761233400,112.12999725341797,112.68000030517578,112.01000213623047,112.51499938964844,556908.0
1761237000,112.51000213623047,112.72000122070312,112.25,112.29000091552734,523340.0
1761240600,112.29499816894531,112.99150085449219,112.29000091552734,112.87999725341797,775936.0
1761244200,112.88999938964844,113.41000366210938,112.63999938964844,113.22000122070312,892006.0
1761247800,113.19999694824219,113.43000030517578,112.96499633789062,113.0199966430664,803465.0
1761312600,113.2300033569336,113.6500015258789,112.3550033569336,112.3949966430664,947076.0
1761316200,112.38999938964844,112.73999786376953,112.05999755859375,112.32740020751953,722365.0
1761319800,112.33000183105469,112.33999633789062,111.8499984741211,111.97000122070312,604167.0
1761323400,111.97000122070312,112.05000305175781,111.69999694824219,111.97840118408203,495414.0
1761327000,111.9800033569336,112.02999877929688,111.76000213623047,111.81999969482422,513002.0
1761330600,111.82499694824219,111.94999694824219,111.66500091552734,111.85009765625,793696.0
1761334200,111.8499984741211,111.92500305175781,111.58999633789062,111.67500305175781,1134799.0
1761571800,111.94000244140625,112.56999969482422,111.30999755859375,112.45999908447266,1146649.0
1761575400,112.48999786376953,112.5999984741211,112.05000305175781,112.0999984741211,567775.0
1761579000,112.0999984741211,112.16000366210938,111.86000061035156,111.9749984741211,524869.0
1761582600,111.98500061035156,112.23999786376953,111.8499984741211,112.23999786376953,586919.0
1761586200,112.23999786376953,112.30999755859375,112.06999969482422,112.18000030517578,538256.0
1761589800,112.19000244140625,112.27999877929688,112.05500030517578,112.2249984741211,595496.0
1761593400,112.2249984741211,112.37999725341797,112.0999984741211,112.31999969482422,981594.0
1761658200,111.91000366210938,112.33499908447266,111.5,112.28399658203125,986472.0
1761661800,112.27999877929688,112.4800033569336,112.08000183105469,112.19999694824219,659820.0
1761665400,112.20999908447266,112.4000015258789,111.88999938964844,112.0199966430664,519842.0
1761669000,112.02999877929688,112.16000366210938,111.7208023071289,111.73999786376953,486812.0
1761672600,111.75,112.38999938964844,111.70999908447266,111.80500030517578,720749.0
1761676200,111.79499816894531,111.88999938964844,111.4623031616211,111.80999755859375,665913.0
1761679800,111.80999755859375,111.81999969482422,111.5199966430664,111.66000366210938,1138483.0
1761744600,111.18000030517578,111.18000030517578,110.1500015258789,110.66899871826172,1248565.0
1761748200,110.6500015258789,111.52999877929688,110.45999908447266,111.34839630126953,757392.0
1761751800,111.3499984741211,111.5,111.08000183105469,111.12930297851562,458212.0
1761755400,111.1436996459961,111.19000244140625,110.9000015258789,110.94999694824219,381111.0
1761759000,110.95500183105469,111.19000244140625,110.79499816894531,110.84010314941406,470024.0
1761762600,110.87999725341797,110.96499633789062,110.11000061035156,110.29000091552734,782014.0
1761766200,110.2750015258789,110.61000061035156,110.01000213623047,110.2699966430664,1062646.0
1761831000,110.12999725341797,112.18000030517578,109.55000305175781,111.83000183105469,1598043.0
1761834600,111.83999633789062,113.08999633789062,111.81999969482422,112.91000366210938,1500752.0
1761838200,112.91000366210938,113.5801010131836,112.80999755859375,113.55999755859375,790133.0
1761841800,113.55999755859375,113.56999969482422,112.875,113.23999786376953,715174.0
1761845400,113.24500274658203,113.24500274658203,112.69000244140625,112.82499694824219,569175.0
1761849000,112.8550033569336,112.93000030517578,112.22360229492188,112.2750015258789,752180.0
1761852600,112.2699966430664,112.38999938964844,111.7300033569336,111.83999633789062,1152191.0
1761917400,111.57499694824219,112.2699966430664,110.52999877929688,112.24500274658203,1486352.0
1761921000,112.23500061035156,112.30249786376953,111.86000061035156,111.95999908447266,533052.0
1761924600,111.95999908447266,112.29000091552734,111.94999694824219,112.1500015258789,600990.0
1761928200,112.1500015258789,112.27999877929688,111.93000030517578,111.98500061035156,463059.0
1761931800,111.98999786376953,112.4800033569336,111.97000122070312,112.46499633789062,570422.0
1761935400,112.46499633789062,112.88999938964844,112.16000366210938,112.86000061035156,860583.0
1761939000,112.8550033569336,113.0999984741211,112.58000183105469,112.61000061035156,1636971.0
1762180200,112.55000305175781,112.80999755859375,111.11000061035156,111.1500015258789,1251711.0
1762183800,111.13999938964844,112.0,111.02999877929688,111.65499877929688,871913.0
1762187400,111.65499877929688,112.12000274658203,111.58999633789062,111.81999969482422,977835.0
1762191000,111.81500244140625,112.27999877929688,111.80999755859375,112.11000061035156,744783.0
1762194600,112.125,112.41999816894531,112.05999755859375,112.19000244140625,791538.0
1762198200,112.19000244140625,112.26000213623047,111.80999755859375,111.95500183105469,911626.0
1762201800,111.94999694824219,112.17500305175781,111.70999908447266,112.13500213623047,1434985.0
1762266600,110.97000122070312,111.69000244140625,110.63999938964844,111.23999786376953,1416986.0
1762270200,111.20999908447266,111.58499908447266,111.0199966430664,111.5250015258789,631582.0
1762273800,111.5199966430664,111.78500366210938,111.29000091552734,111.31999969482422,588515.0
1762277400,111.31999969482422,111.38999938964844,111.05000305175781,111.19999694824219,513460.0
1762281000,111.19999694824219,111.41000366210938,110.94000244140625,111.33999633789062,505863.0
1762284600,111.33999633789062,111.4000015258789,111.15709686279297,111.27999877929688,1070022.0
1762288200,111.2699966430664,111.52999877929688,111.16000366210938,111.45999908447266,1024978.0
1762353000,111.3499984741211,111.68000030517578,110.5999984741211,111.0250015258789,924304.0
1762356600,111.0250015258789,111.12000274658203,110.72000122070312,110.93000030517578,547710.0
1762360200,110.93000030517578,111.95999908447266,110.87999725341797,111.88999938964844,443949.0
1762363800,111.87999725341797,111.97000122070312,111.45999908447266,111.51750183105469,333133.0
1762367400,111.51499938964844,111.70999908447266,111.19000244140625,111.2300033569336,500036.0
1762371000,111.2300033569336,111.48500061035156,111.2300033569336,111.29000091552734,481907.0
1762374600,111.30000305175781,111.51000213623047,111.22000122070312,111.34500122070312,868620.0
1762439400,111.16999816894531,111.70999908447266,109.83000183105469,110.27999877929688,1335300.0
1762443000,110.29000091552734,110.33999633789062,109.19999694824219,109.44999694824219,1998796.0
1762446600,109.44999694824219,109.9000015258789,109.18000030517578,109.83000183105469,1172592.0
1762450200,109.83999633789062,110.19000244140625,109.73999786376953,110.04499816894531,613951.0
1762453800,110.05999755859375,110.40499877929688,110.05999755859375,110.26000213623047,683518.0
1762457400,110.24500274658203,110.7300033569336,110.0999984741211,110.5,809169.0
1762461000,110.5,110.66999816894531,110.1500015258789,110.4800033569336,1708425.0
1762525800,110.25499725341797,111.42500305175781,110.04000091552734,110.94499969482422,1585725.0
1762529400,110.94000244140625,111.08999633789062,110.1050033569336,110.12999725341797,1060720.0
1762533000,110.12000274658203,110.44000244140625,110.05000305175781,110.2300033569336,778624.0
1762536600,110.2300033569336,110.83000183105469,110.16000366210938,110.47000122070312,904712.0
1762540200,110.47000122070312,110.79000091552734,110.43000030517578,110.6449966430664,475618.0
1762543800,110.6500015258789,111.02999877929688,110.6500015258789,110.80000305175781,1067672.0
1762547400,110.79499816894531,110.87999725341797,110.55999755859375,110.7300033569336,1388837.0
1762785000,111.1449966430664,112.58000183105469,111.02999877929688,111.76000213623047,1879480.0
1762788600,111.77999877929688,111.87999725341797,111.1449966430664,111.31999969482422,781649.0
1762792200,111.30000305175781,111.94000244140625,111.23999786376953,111.87999725341797,571822.0
1762795800,111.9000015258789,112.12000274658203,111.80000305175781,112.1095962524414,694393.0
1762799400,112.11000061035156,112.56999969482422,112.08000183105469,112.41000366210938,776963.0
1762803000,112.4000015258789,112.79000091552734,112.33000183105469,112.3499984741211,1059896.0
1762806600,112.36000061035156,112.375,111.81999969482422,112.22000122070312,1693055.0
1762871400,112.6500015258789,113.44000244140625,112.41999816894531,113.1583023071289,1421692.0
1762875000,113.13999938964844,114.08000183105469,113.03500366210938,113.80500030517578,1210197.0
1762878600,113.81999969482422,114.70999908447266,113.7509994506836,114.62000274658203,1038234.0
1762882200,114.62999725341797,114.7500991821289,114.2249984741211,114.72989654541016,1236196.0
1762885800,114.7249984741211,114.9000015258789,114.37000274658203,114.58000183105469,854579.0
1762889400,114.57499694824219,114.77639770507812,114.33000183105469,114.43000030517578,896049.0
1762893000,114.43000030517578,114.97000122070312,114.38999938964844,114.86000061035156,1633652.0
1762957800,114.56999969482422,116.30000305175781,114.38999938964844,115.5,2663545.0
1762961400,115.4800033569336,115.98999786376953,115.30000305175781,115.73999786376953,1352776.0
1762965000,115.73500061035156,116.41999816894531,115.7300033569336,116.1500015258789,1548634.0
1762968600,116.1500015258789,116.69499969482422,116.13999938964844,116.66999816894531,1507749.0
1762972200,116.66999816894531,117.06500244140625,116.54000091552734,116.69100189208984,1579771.0
1762975800,116.69999694824219,116.88999938964844,116.29499816894531,116.42479705810547,1776218.0
1762979400,116.41999816894531,117.08879852294922,116.37999725341797,116.72000122070312,2792359.0
1763044200,108.88999938964844,109.36000061035156,105.8499984741211,107.5,16500429.0
1763047800,107.51000213623047,107.54000091552734,104.91000366210938,105.79000091552734,6284626.0
1763051400,105.80000305175781,106.53500366210938,105.5250015258789,106.0999984741211,3290329.0
1763055000,106.06956481933594,107.76000213623047,106.06956481933594,107.55000305175781,4245226.0
1763058600,107.55000305175781,107.93000030517578,107.0,107.43399810791016,3355642.0
1763062200,107.44000244140625,107.62000274658203,106.80999755859375,107.5199966430664,2700461.0
1763065800,107.5199966430664,108.02999877929688,107.11000061035156,107.58000183105469,4919895.0
1763130600,107.5199966430664,108.7300033569336,105.8499984741211,107.01390075683594,5079807.0
1763134200,107.01170349121094,107.04000091552734,106.11000061035156,106.17990112304688,1911763.0
1763137800,106.17130279541016,106.25,105.48999786376953,105.75,2152179.0
1763141400,105.74500274658203,105.97000122070312,105.30000305175781,105.66999816894531,1510516.0
1763145000,105.66000366210938,105.9800033569336,105.55030059814453,105.93000030517578,944502.0
1763148600,105.94000244140625,106.33000183105469,105.82250213623047,105.9800033569336,1289869.0
1763152200,105.95999908447266,106.03990173339844,105.69999694824219,105.80000305175781,2426508.0
1763389800,105.75,107.66999816894531,105.30000305175781,106.1500015258789,2887472.0
1763393400,106.13999938964844,106.73999786376953,106.05000305175781,106.70999908447266,1320836.0
1763397000,106.70999908447266,107.05000305175781,106.33000183105469,106.69000244140625,1276117.0
1763400600,106.68000030517578,106.9800033569336,106.41500091552734,106.61000061035156,929451.0
1763404200,106.6050033569336,106.62999725341797,105.63999938964844,105.72000122070312,1291199.0
1763407800,105.72000122070312,105.76000213623047,105.11699676513672,105.58000183105469,1126128.0
1763411400,105.58999633789062,105.93000030517578,105.38999938964844,105.69000244140625,1470912.0
1763476200,105.0999984741211,107.08000183105469,105.0,106.77999877929688,2406598.0
1763479800,106.77999877929688,106.80000305175781,105.6500015258789,106.06649780273438,1594692.0
1763483400,106.05999755859375,106.26000213623047,105.5199966430664,105.5593032836914,831424.0
1763487000,105.55000305175781,106.51000213623047,105.44000244140625,106.2300033569336,1352653.0
1763490600,106.23999786376953,106.54000091552734,105.80999755859375,105.87000274658203,836600.0
1763494200,105.8499984741211,106.7300033569336,105.79000091552734,106.66000366210938,1266206.0
1763497800,106.6500015258789,106.88899993896484,106.29000091552734,106.29000091552734,1512914.0
1763562600,106.08000183105469,107.58999633789062,106.06500244140625,106.8375015258789,1874380.0
1763566200,106.84500122070312,106.91000366210938,105.44999694824219,105.69000244140625,1293047.0
1763569800,105.7074966430664,105.75499725341797,105.11000061035156,105.34649658203125,1332507.0
1763573400,105.30999755859375,105.72000122070312,104.79000091552734,105.41069793701172,1011822.0
1763577000,105.41999816894531,105.56999969482422,104.73999786376953,104.76000213623047,765817.0
1763580600,104.76399993896484,104.80000305175781,104.08000183105469,104.63999938964844,2443120.0
1763584200,104.63999938964844,104.87000274658203,104.44000244140625,104.63999938964844,1850787.0
1763649000,105.37000274658203,105.80000305175781,104.58999633789062,105.1500015258789,1559608.0
1763652600,105.16999816894531,105.22000122070312,104.23999786376953,104.5,1153783.0
1763656200,104.5,105.0,103.37999725341797,103.44499969482422,1659632.0
1763659800,103.41999816894531,103.87000274658203,103.0999984741211,103.38500213623047,832265.0
1763663400,103.37000274658203,103.4000015258789,102.5,102.95999908447266,1100770.0
1763667000,102.94999694824219,103.05000305175781,102.62000274658203,102.94000244140625,1696624.0
1763670600,102.94000244140625,103.16000366210938,102.56999969482422,102.68499755859375,1563669.0
1763735400,103.4800033569336,103.8499984741211,102.77999877929688,103.16000366210938,2064304.0
1763739000,103.12000274658203,103.58000183105469,102.69000244140625,103.58000183105469,1081760.0
1763742600,103.56500244140625,104.77999877929688,103.55000305175781,104.68000030517578,1235234.0
1763746200,104.69000244140625,104.71009826660156,103.84500122070312,103.9800033569336,1012803.0
1763749800,103.97000122070312,104.45999908447266,103.91000366210938,104.40499877929688,895421.0
1763753400,104.4000015258789,104.63500213623047,104.13999938964844,104.16000366210938,1069235.0
1763757000,104.16000366210938,104.35250091552734,104.08999633789062,104.27999877929688,1462332.0
1763994600,104.08499908447266,104.33499908447266,102.6500015258789,103.0199966430664,1757352.0
1763998200,103.0250015258789,103.25499725341797,102.62999725341797,103.00499725341797,1034362.0
1764001800,103.01000213623047,103.23999786376953,102.53500366210938,102.70999908447266,918894.0
1764005400,102.68000030517578,102.94000244140625,102.6500015258789,102.73999786376953,564935.0
1764009000,102.7300033569336,102.9312973022461,102.26000213623047,102.36000061035156,970076.0
1764012600,102.375,102.53189849853516,102.18000030517578,102.2699966430664,1241790.0
1764016200,102.26000213623047,102.31999969482422,101.88999938964844,101.91999816894531,2079564.0
1764081000,102.48999786376953,103.23999786376953,102.0,103.2249984741211,2129262.0
1764084600,103.20999908447266,103.91500091552734,103.19000244140625,103.55999755859375,1317918.0
1764088200,103.56999969482422,103.75499725341797,103.1500015258789,103.27680206298828,693508.0
1764091800,103.29000091552734,103.45500183105469,103.08499908447266,103.27999877929688,667297.0
1764095400,103.27999877929688,103.4166030883789,103.1500015258789,103.26000213623047,801637.0
1764099000,103.26000213623047,103.27999877929688,103.12000274658203,103.12999725341797,955197.0
1764102600,103.125,103.33999633789062,102.83999633789062,103.29000091552734,2473264.0
1764167400,103.31500244140625,103.88999938964844,102.87999725341797,103.73509979248047,2503923.0
1764171000,103.74500274658203,104.15499877929688,103.74500274658203,104.05000305175781,798133.0
1764174600,104.04000091552734,104.25090026855469,103.88999938964844,103.91010284423828,673570.0
1764178200,103.92500305175781,104.0,103.72000122070312,103.86000061035156,639933.0
1764181800,103.8499984741211,103.94000244140625,103.72000122070312,103.79000091552734,454307.0
1764185400,103.77999877929688,103.94999694824219,103.65499877929688,103.93000030517578,610670.0
1764189000,103.93000030517578,103.95500183105469,103.41000366210938,103.41000366210938,1260741.0
1764340200,103.30000305175781,104.45999908447266,103.23999786376953,104.45989990234375,1638872.0
1764343800,104.45999908447266,104.62999725341797,104.2699966430664,104.5,1323120.0
1764347400,104.5,104.73999786376953,104.33000183105469,104.33999633789062,1053155.0
1764599400,104.91999816894531,106.79000091552734,104.47000122070312,105.04000091552734,2285209.0
1764603000,105.02999877929688,106.44999694824219,104.9000015258789,106.41000366210938,1258048.0
1764606600,106.40499877929688,106.81999969482422,106.33000183105469,106.51000213623047,1144314.0
1764610200,106.5,106.83000183105469,106.3949966430664,106.55000305175781,860082.0
1764613800,106.55000305175781,106.62999725341797,106.1500015258789,106.18000030517578,945431.0
1764617400,106.16000366210938,106.45850372314453,105.98999786376953,106.37999725341797,894845.0
1764621000,106.37000274658203,106.79499816894531,106.30000305175781,106.7699966430664,2023242.0
1764685800,106.5250015258789,106.56999969482422,104.87000274658203,105.12000274658203,1422997.0
1764689400,105.08499908447266,105.68000030517578,104.83999633789062,104.9800033569336,861320.0
1764693000,104.9800033569336,105.62000274658203,104.88999938964844,105.55999755859375,662790.0
1764696600,105.53089904785156,105.60099792480469,105.08000183105469,105.13999938964844,523291.0
1764700200,105.13999938964844,105.51000213623047,105.08999633789062,105.2699966430664,586613.0
1764703800,105.26000213623047,105.4000015258789,105.0999984741211,105.2699966430664,926953.0
1764707400,105.27300262451172,105.45999908447266,104.81999969482422,104.87000274658203,1007027.0
1764772200,104.9000015258789,105.8499984741211,104.47000122070312,105.08999633789062,1558705.0
1764775800,105.07499694824219,105.08999633789062,104.55000305175781,104.75,1221251.0
1764779400,104.7300033569336,105.20999908447266,104.72000122070312,104.98999786376953,802327.0
1764783000,104.9800033569336,105.16000366210938,104.87999725341797,105.08499908447266,800732.0
1764786600,105.08999633789062,105.62000274658203,104.98451232910156,105.62000274658203,772737.0
1764790200,105.625,105.83000183105469,105.48999786376953,105.73999786376953,1139442.0
1764793800,105.73999786376953,105.7699966430664,105.54000091552734,105.73999786376953,1182999.0
1764858600,105.83999633789062,106.21499633789062,104.68000030517578,104.79499816894531,1443131.0
1764862200,104.79499816894531,105.18000030517578,104.51010131835938,104.92500305175781,1078893.0
1764865800,104.91999816894531,105.02989959716797,104.63680267333984,104.99500274658203,798315.0
1764869400,105.0,105.38999938964844,104.81999969482422,105.38999938964844,558976.0
1764873000,105.37999725341797,105.69999694824219,105.36000061035156,105.38999938964844,725454.0
1764876600,105.37999725341797,105.55000305175781,105.19999694824219,105.4563980102539,960633.0
1764880200,105.44000244140625,105.62000274658203,105.3499984741211,105.54000091552734,1339149.0
1764945000,105.18000030517578,106.08000183105469,104.55999755859375,106.04499816894531,1896588.0
1764948600,106.06999969482422,106.16999816894531,105.31999969482422,105.37999725341797,989481.0
1764952200,105.38500213623047,105.43000030517578,104.93000030517578,105.4000015258789,1402795.0
1764955800,105.4000015258789,105.92520141601562,105.22000122070312,105.88999938964844,905509.0
1764959400,105.9000015258789,105.95999908447266,105.16999816894531,105.22000122070312,792664.0
1764963000,105.22000122070312,105.43000030517578,105.0199966430664,105.31999969482422,891362.0
1764966600,105.31999969482422,105.32499694824219,105.0999984741211,105.23999786376953,1151757.0
1765204200,105.30000305175781,106.70999908447266,104.83000183105469,106.6500015258789,2862187.0
1765207800,106.63999938964844,106.98999786376953,106.08999633789062,106.33000183105469,1132838.0
1765211400,106.33000183105469,107.0999984741211,106.31999969482422,106.94000244140625,1448520.0
1765215000,106.94650268554688,107.62999725341797,106.9000015258789,107.12999725341797,1298698.0
1765218600,107.11000061035156,107.7699966430664,107.07499694824219,107.69000244140625,1415917.0
1765222200,107.69999694824219,108.0,107.69000244140625,107.85320281982422,1348631.0
1765225800,107.8550033569336,108.04499816894531,107.56999969482422,107.66999816894531,1426279.0
1765290600,107.58999633789062,107.74500274658203,106.55999755859375,107.08999633789062,2605108.0
1765294200,107.08499908447266,107.08999633789062,106.61000061035156,106.72000122070312,652487.0
1765297800,106.70999908447266,106.9749984741211,106.62000274658203,106.62999725341797,438483.0
1765301400,106.63999938964844,106.97989654541016,106.55000305175781,106.88999938964844,482163.0
1765305000,106.88999938964844,107.44000244140625,106.82499694824219,107.1500015258789,654114.0
1765308600,107.15630340576172,107.44499969482422,107.05000305175781,107.31800079345703,758446.0
1765312200,107.31600189208984,107.41999816894531,107.0,107.05500030517578,1048736.0
1765377000,107.12000274658203,107.76000213623047,106.58000183105469,107.55999755859375,1022449.0
1765380600,107.55000305175781,108.05000305175781,107.4000015258789,108.0199966430664,961020.0
1765384200,108.0199966430664,108.76000213623047,107.83999633789062,108.62000274658203,1016650.0
1765387800,108.62000274658203,108.69000244140625,108.13999938964844,108.47000122070312,712618.0
1765391400,108.44999694824219,108.84989929199219,108.30500030517578,108.62999725341797,1103287.0
1765395000,108.63999938964844,109.6500015258789,108.5999984741211,109.4800033569336,1314146.0
1765398600,109.4800033569336,109.66500091552734,108.69000244140625,108.84500122070312,1662336.0
1765463400,109.19999694824219,111.35929870605469,109.11000061035156,110.29000091552734,3277964.0
1765467000,110.2699966430664,110.62999725341797,109.86000061035156,110.17500305175781,1371575.0
1765470600,110.17749786376953,110.5,110.05000305175781,110.4000015258789,658419.0
1765474200,110.41000366210938,110.86499786376953,110.0811996459961,110.86499786376953,933212.0
1765477800,110.87999725341797,110.93000030517578,110.41999816894531,110.69000244140625,1250983.0
1765481400,110.68289947509766,111.2300033569336,110.62000274658203,111.18900299072266,1148253.0
1765485000,111.19999694824219,111.55999755859375,111.08000183105469,111.4800033569336,1461862.0
1765549800,111.7300033569336,113.33999633789062,111.55000305175781,112.55999755859375,3165460.0
1765553400,112.56500244140625,112.8550033569336,111.66999816894531,111.70999908447266,1819161.0
1765557000,111.66999816894531,112.30999755859375,111.37999725341797,112.18000030517578,1313118.0
1765560600,112.18000030517578,112.29000091552734,111.55500030517578,111.7699966430664,985763.0
1765564200,111.77999877929688,111.91000366210938,111.25,111.36000061035156,1198849.0
1765567800,111.35359954833984,111.625,111.1500015258789,111.16000366210938,1168858.0
1765571400,111.16000366210938,111.58450317382812,111.1500015258789,111.55000305175781,1399742.0
1765809000,110.69999694824219,111.55000305175781,110.12999725341797,110.51499938964844,2371621.0
1765812600,110.5,111.22000122070312,110.38009643554688,111.01499938964844,1276769.0
1765816200,111.0,111.04000091552734,108.55000305175781,110.68000030517578,2019449.0
1765819800,110.68000030517578,110.94999694824219,110.44999694824219,110.46499633789062,1132960.0
1765823400,110.47000122070312,110.76000213623047,110.37000274658203,110.69000244140625,898743.0
1765827000,110.69999694824219,110.81999969482422,110.38999938964844,110.58000183105469,1391601.0
1765830600,110.58000183105469,110.7699966430664,110.31999969482422,110.5,1778600.0
1765895400,111.21499633789062,112.84989929199219,110.8550033569336,112.26000213623047,3096838.0
1765899000,112.26000213623047,112.60970306396484,112.19000244140625,112.25,1359943.0
1765902600,112.20999908447266,112.30500030517578,111.51000213623047,111.61000061035156,1026376.0
1765906200,111.6449966430664,111.77999877929688,111.16300201416016,111.38999938964844,680189.0
1765909800,111.4000015258789,111.80000305175781,111.20999908447266,111.69999694824219,987212.0
1765913400,111.69999694824219,112.23999786376953,111.66999816894531,112.09500122070312,1154228.0
1765917000,112.08999633789062,112.17530059814453,111.58999633789062,111.62000274658203,1883001.0
1765981800,111.05999755859375,112.12999725341797,110.58999633789062,111.69999694824219,2545392.0
1765985400,111.66500091552734,111.86000061035156,111.33000183105469,111.5,1522882.0
1765989000,111.49009704589844,111.49500274658203,110.87999725341797,111.08000183105469,1091556.0
1765992600,111.08000183105469,111.30999755859375,110.9000015258789,111.0,966261.0
1765996200,110.98999786376953,111.16500091552734,110.83999633789062,110.95500183105469,918412.0
1765999800,110.94999694824219,111.11499786376953,110.73500061035156,110.79499816894531,1179877.0
1766003400,110.78900146484375,110.8550033569336,110.45500183105469,110.61499786376953,1361566.0
1766068200,110.63999938964844,112.08000183105469,110.41999816894531,111.80999755859375,2812769.0
1766071800,111.80000305175781,112.62000274658203,111.7699966430664,112.47000122070312,1678769.0
1766075400,112.47000122070312,112.80000305175781,111.61009979248047,111.70240020751953,1092844.0
1766079000,111.69000244140625,112.05000305175781,111.25,112.0,1147190.0
1766082600,112.01000213623047,112.2300033569336,111.7750015258789,112.03500366210938,880730.0
1766086200,112.05000305175781,112.27999877929688,111.95999908447266,112.0250015258789,1080271.0
1766089800,112.0250015258789,112.31999969482422,111.83000183105469,111.87000274658203,1216419.0
1766154600,112.31999969482422,113.47799682617188,112.19000244140625,112.78500366210938,4939557.0
1766158200,112.80999755859375,113.04000091552734,112.51000213623047,112.83499908447266,1040251.0
1766161800,112.8499984741211,113.04000091552734,112.76000213623047,112.86000061035156,858165.0
1766165400,112.87000274658203,112.9749984741211,112.625,112.66500091552734,660496.0
1766169000,112.66500091552734,112.7699966430664,111.93000030517578,111.96499633789062,908560.0
1766172600,111.97000122070312,112.19000244140625,111.08080291748047,111.08499908447266,2087882.0
1766176200,111.0999984741211,111.33000183105469,110.91999816894531,111.25,2319255.0
1766413800,111.41000366210938,112.80000305175781,111.1500015258789,111.9800033569336,1925104.0
1766417400,111.98999786376953,112.37000274658203,111.83999633789062,111.88999938964844,992493.0
1766421000,111.88999938964844,112.25599670410156,111.86000061035156,112.125,955540.0
1766424600,112.12999725341797,112.3499984741211,112.11000061035156,112.13999938964844,788860.0
1766428200,112.13999938964844,112.33000183105469,112.06500244140625,112.125,816422.0
1766431800,112.12010192871094,112.54499816894531,112.12010192871094,112.48500061035156,865953.0
1766435400,112.48999786376953,112.51499938964844,112.23999786376953,112.33999633789062,1104507.0
1766500200,112.29000091552734,112.66000366210938,112.04000091552734,112.13500213623047,1152063.0
1766503800,112.12999725341797,112.41999816894531,112.06999969482422,112.27999877929688,869077.0
1766507400,112.27999877929688,112.63999938964844,112.13999938964844,112.47000122070312,725934.0
1766511000,112.45999908447266,112.98999786376953,112.36000061035156,112.94999694824219,676092.0
1766514600,112.95999908447266,113.08000183105469,112.8499984741211,112.9072036743164,584791.0
1766518200,112.9000015258789,112.98999786376953,112.77999877929688,112.91999816894531,654329.0
1766521800,112.91999816894531,113.30500030517578,112.84500122070312,113.18000030517578,1040127.0
1766586600,112.94000244140625,114.13999938964844,112.80000305175781,114.05999755859375,1186990.0
1766590200,114.06999969482422,114.49150085449219,113.97000122070312,114.2300033569336,1086640.0
1766593800,114.22000122070312,114.50980377197266,114.11000061035156,114.41000366210938,968573.0
1766759400,114.1500015258789,114.73999786376953,113.7300033569336,113.8949966430664,889306.0
1766763000,113.91000366210938,113.94999694824219,113.4000015258789,113.42749786376953,721709.0
1766766600,113.41999816894531,113.66000366210938,113.30000305175781,113.62999725341797,545403.0
1766770200,113.62999725341797,113.66500091552734,113.2699966430664,113.31500244140625,366624.0
1766773800,113.31500244140625,113.52999877929688,113.29000091552734,113.42240142822266,448911.0
1766777400,113.42500305175781,113.56999969482422,113.33000183105469,113.33070373535156,539546.0
1766781000,113.33000183105469,113.6500015258789,113.27999877929688,113.56999969482422,1001455.0
1767018600,113.31500244140625,114.15499877929688,113.30999755859375,113.62999725341797,1092691.0
1767022200,113.62999725341797,114.20999908447266,113.62000274658203,113.91000366210938,777829.0
1767025800,113.9000015258789,114.19000244140625,113.71499633789062,114.01499938964844,730037.0
1767029400,114.0199966430664,114.30000305175781,113.93000030517578,114.2750015258789,490448.0
1767033000,114.2750015258789,114.30000305175781,114.12010192871094,114.26010131835938,564636.0
1767036600,114.26499938964844,114.48999786376953,114.22139739990234,114.375,679530.0
1767040200,114.37999725341797,114.41999816894531,113.95999908447266,114.19000244140625,1334707.0
1767105000,114.0999984741211,115.08999633789062,114.0999984741211,115.04000091552734,1584748.0
1767108600,115.05000305175781,115.26000213623047,114.94999694824219,115.25,832394.0
1767112200,115.25,115.25,114.81800079345703,115.08999633789062,585636.0
1767115800,115.0999984741211,115.20999908447266,115.05000305175781,115.19999694824219,426854.0
1767119400,115.20999908447266,115.27999877929688,114.97000122070312,115.07990264892578,535811.0
1767123000,115.07499694824219,115.12560272216797,114.8499984741211,114.86661529541016,504453.0
1767126600,114.86499786376953,114.94999694824219,114.77999877929688,114.77999877929688,990253.0
1767191400,114.7699966430664,114.88999938964844,113.91000366210938,114.08999633789062,747028.0
1767195000,114.08000183105469,114.1500015258789,113.55000305175781,113.73500061035156,798740.0
1767198600,113.7300033569336,113.75499725341797,113.58000183105469,113.66500091552734,519553.0
1767202200,113.66000366210938,113.87999725341797,113.62000274658203,113.75499725341797,425901.0
1767205800,113.75800323486328,114.21499633789062,113.73999786376953,114.17500305175781,455302.0
1767209400,114.18000030517578,114.21800231933594,113.62999725341797,113.6500015258789,664223.0
1767213000,113.6500015258789,113.98999786376953,113.62999725341797,113.76000213623047,958390.0
1767364200,113.44000244140625,113.44000244140625,111.73280334472656,111.94999694824219,1862376.0
1767367800,111.91999816894531,112.44000244140625,111.62000274658203,111.9800033569336,1490989.0
1767371400,111.98999786376953,112.19999694824219,111.8499984741211,112.19999694824219,703187.0
1767375000,112.19999694824219,112.31500244140625,112.0,112.05999755859375,731512.0
1767378600,112.05999755859375,112.33000183105469,111.94000244140625,112.23999786376953,653370.0
1767382200,112.23999786376953,112.25,111.81500244140625,111.81999969482422,797700.0
1767385800,111.81500244140625,111.95999908447266,111.66000366210938,111.87000274658203,1330966.0
1767623400,111.58499908447266,113.44000244140625,111.37999725341797,113.3927001953125,1447533.0
1767627000,113.38999938964844,114.30000305175781,113.0999984741211,114.29000091552734,991440.0
1767630600,114.31999969482422,115.02100372314453,114.27999877929688,114.94999694824219,1270396.0
1767634200,114.95999908447266,116.02999877929688,114.95999908447266,115.9800033569336,1206623.0
1767637800,115.97000122070312,116.0199966430664,115.62999725341797,115.80000305175781,1126145.0
1767641400,115.80000305175781,115.81999969482422,114.52999877929688,114.54000091552734,1189244.0
1767645000,114.54000091552734,114.54000091552734,113.9800033569336,114.0999984741211,1410359.0
1767709800,113.83000183105469,114.12999725341797,113.10700225830078,114.12999725341797,1200552.0
1767713400,114.11000061035156,114.57499694824219,113.9800033569336,114.2300033569336,965412.0
1767717000,114.01000213623047,114.57499694824219,113.98799896240234,114.42500305175781,620625.0
1767720600,114.41000366210938,114.75990295410156,114.4000015258789,114.58999633789062,688713.0
1767724200,114.58000183105469,114.66999816894531,114.0250015258789,114.41000366210938,566610.0
1767727800,114.41999816894531,114.55999755859375,114.13999938964844,114.38999938964844,715977.0
1767731400,114.43000030517578,114.58999633789062,114.3219985961914,114.51499938964844,782969.0
1767796200,114.45999908447266,114.97000122070312,113.23999786376953,113.375,1273149.0
1767799800,113.37999725341797,114.33000183105469,113.37999725341797,113.95999908447266,1033048.0
1767803400,113.95999908447266,113.9749984741211,113.66999816894531,113.87999725341797,539483.0
1767807000,113.88999938964844,113.94999694824219,113.66000366210938,113.66999816894531,515363.0
1767810600,113.66999816894531,113.78849792480469,113.44000244140625,113.55500030517578,628344.0
1767814200,113.55999755859375,113.70999908447266,113.33499908447266,113.4749984741211,699562.0
1767817800,113.47000122070312,113.4749984741211,112.51000213623047,112.93000030517578,1850692.0
1767882600,112.54499816894531,113.58000183105469,112.54499816894531,113.45500183105469,1637168.0
1767886200,113.44000244140625,114.18000030517578,113.26000213623047,113.7300033569336,1295743.0
1767889800,113.72000122070312,114.54000091552734,113.48999786376953,114.52999877929688,676247.0
1767893400,114.55000305175781,114.98999786376953,114.54000091552734,114.7699966430664,691218.0
1767897000,114.7699966430664,114.91999816894531,114.51499938964844,114.55999755859375,614247.0
1767900600,114.56999969482422,114.56999969482422,114.23999786376953,114.49500274658203,823506.0
1767904200,114.49500274658203,114.55999755859375,113.96499633789062,114.1449966430664,1197543.0
1767969000,115.0,115.22000122070312,114.0199966430664,114.65750122070312,1260838.0
1767972600,114.6449966430664,114.69499969482422,113.9000015258789,114.38999938964844,717955.0
1767976200,114.40989685058594,114.89579772949219,114.2300033569336,114.8499984741211,644844.0
1767979800,114.8550033569336,115.08999633789062,114.63999938964844,114.7300033569336,889029.0
1767983400,114.7249984741211,115.05000305175781,114.7249984741211,114.93000030517578,836331.0
1767987000,114.93000030517578,115.2300033569336,114.87000274658203,115.2249984741211,1085239.0
1767990600,115.2300033569336,115.97000122070312,115.19010162353516,115.87999725341797,1896532.0
1768228200,114.62999725341797,114.94000244140625,112.66000366210938,112.98999786376953,2032077.0
1768231800,112.98999786376953,114.22000122070312,112.98999786376953,113.94999694824219,1198379.0
1768235400,113.95999908447266,114.06999969482422,112.94999694824219,113.19000244140625,713823.0
1768239000,113.19499969482422,113.30999755859375,112.93900299072266,113.07499694824219,677188.0
1768242600,113.07499694824219,113.32499694824219,112.77999877929688,112.88500213623047,774063.0
1768246200,112.87000274658203,113.18000030517578,112.69000244140625,112.80000305175781,1085379.0
1768249800,112.80999755859375,113.0199966430664,112.55000305175781,112.81999969482422,1661552.0
1768314600,112.83999633789062,113.22000122070312,111.69000244140625,111.79000091552734,1341450.0
1768318200,111.7699966430664,112.5,111.75,111.91999816894531,862698.0
1768321800,111.91999816894531,112.08000183105469,111.61000061035156,111.94999694824219,665090.0
1768325400,111.94999694824219,112.31999969482422,111.81999969482422,112.0250015258789,623801.0
1768329000,112.01000213623047,112.58000183105469,111.86000061035156,112.4000015258789,1055169.0
1768332600,112.41000366210938,112.55000305175781,112.19000244140625,112.30999755859375,869802.0
1768336200,112.30999755859375,113.12999725341797,112.08999633789062,112.9749984741211,1645831.0
1768401000,112.80999755859375,113.58999633789062,112.6500015258789,112.98500061035156,1217346.0
1768404600,112.95999908447266,113.05999755859375,112.26000213623047,112.92500305175781,917546.0
1768408200,112.92500305175781,112.9800033569336,112.51000213623047,112.7300033569336,862144.0
1768411800,112.7300033569336,112.78500366210938,112.37999725341797,112.68000030517578,636380.0
1768415400,112.69999694824219,112.73999786376953,112.34500122070312,112.66999816894531,683733.0
1768419000,112.66999816894531,113.13999938964844,112.62000274658203,113.12999725341797,897735.0
1768422600,113.1261978149414,113.52999877929688,112.99009704589844,113.5199966430664,1391200.0
1768487400,113.70999908447266,114.11000061035156,112.38500213623047,112.61000061035156,1678063.0
1768491000,112.61000061035156,113.37999725341797,112.16999816894531,113.37000274658203,790909.0
1768494600,113.36000061035156,113.63999938964844,113.2249984741211,113.30000305175781,681281.0
1768498200,113.30999755859375,113.5,113.19999694824219,113.45500183105469,477481.0
1768501800,113.45500183105469,113.88999938964844,113.375,113.5250015258789,792519.0
1768505400,113.5250015258789,113.77999877929688,113.3499984741211,113.61750030517578,785329.0
1768509000,113.625,113.7249984741211,113.29000091552734,113.44499969482422,988064.0
1768573800,113.19999694824219,113.8499984741211,112.5999984741211,112.7249984741211,2243109.0
1768577400,112.70999908447266,113.03500366210938,112.375,112.58999633789062,988797.0
1768581000,112.58000183105469,112.5999984741211,111.30000305175781,111.41000366210938,1284751.0
1768584600,111.4000015258789,111.95500183105469,111.27999877929688,111.87999725341797,743126.0
1768588200,111.87999725341797,112.01000213623047,111.32499694824219,111.3499984741211,755833.0
1768591800,111.35079956054688,111.58999633789062,111.12000274658203,111.4800033569336,1131005.0
1768595400,111.47000122070312,111.61499786376953,111.15499877929688,111.22000122070312,1523053.0
1768919400,109.66000366210938,110.58000183105469,108.80000305175781,110.41000366210938,2080309.0
1768923000,110.41000366210938,110.7699966430664,110.2249984741211,110.74500274658203,728572.0
1768926600,110.7300033569336,111.08999633789062,110.625,110.94000244140625,878577.0
1768930200,110.93000030517578,110.94000244140625,110.33999633789062,110.39232635498047,566514.0
1768933800,110.37999725341797,110.44999694824219,110.01010131835938,110.05000305175781,824965.0
1768937400,110.05999755859375,110.7300033569336,109.83499908447266,110.69999694824219,1167469.0
1768941000,110.69999694824219,110.83000183105469,110.2300033569336,110.36000061035156,1347307.0
1769005800,110.66999816894531,112.19999694824219,110.5999984741211,111.5199966430664,1715976.0
1769009400,111.5,111.73999786376953,111.25,111.66999816894531,854325.0
1769013000,111.66000366210938,111.79499816894531,110.87000274658203,111.38999938964844,698579.0
1769016600,111.38999938964844,111.54000091552734,111.05000305175781,111.44999694824219,694802.0
1769020200,111.44999694824219,112.58999633789062,111.43890380859375,112.52999877929688,1090633.0
1769023800,112.55000305175781,112.9800033569336,112.41999816894531,112.73500061035156,1322124.0
1769027400,112.7300033569336,113.25,112.6500015258789,113.20999908447266,1606189.0
1769092200,113.16500091552734,114.29000091552734,113.12000274658203,113.68000030517578,2162305.0
1769095800,113.68000030517578,114.2499008178711,113.25,113.625,1463011.0
1769099400,113.625,113.70999908447266,113.1500015258789,113.6500015258789,909014.0
1769103000,113.6500015258789,113.7249984741211,112.72000122070312,112.75,1160944.0
1769106600,112.7300033569336,113.2699966430664,112.66999816894531,112.79000091552734,2409163.0
1769110200,112.80000305175781,112.81999969482422,112.16999816894531,112.67500305175781,1067658.0
1769113800,112.66999816894531,113.29000091552734,112.47000122070312,113.23500061035156,1648288.0
1769178600,112.68499755859375,112.94760131835938,110.94000244140625,111.5999984741211,2408525.0
1769182200,111.5999984741211,111.85749816894531,111.41000366210938,111.53500366210938,905895.0
1769185800,111.52999877929688,111.72000122070312,111.36499786376953,111.6500015258789,712080.0
1769189400,111.6500015258789,111.6500015258789,110.90010070800781,111.05999755859375,1216458.0
1769193000,111.05999755859375,111.30000305175781,110.94499969482422,111.0999984741211,770577.0
1769196600,111.08999633789062,111.22000122070312,110.62000274658203,110.6500015258789,1002615.0
1769200200,110.6406021118164,111.05999755859375,110.55000305175781,110.9749984741211,1547770.0
1769437800,111.68000030517578,112.41000366210938,111.12999725341797,111.6500015258789,1844440.0
1769441400,111.6500015258789,111.77999877929688,111.2699966430664,111.5,806335.0
1769445000,111.49500274658203,111.79000091552734,111.31500244140625,111.62999725341797,703138.0
1769448600,111.62999725341797,111.66000366210938,111.4000015258789,111.56009674072266,837475.0
1769452200,111.56500244140625,111.63999938964844,111.37000274658203,111.56999969482422,596667.0
1769455800,111.55999755859375,111.94000244140625,111.51499938964844,111.8136978149414,888701.0
1769459400,111.80999755859375,111.87999725341797,111.23999786376953,111.31500244140625,1231709.0
1769524200,111.5,111.80000305175781,110.05999755859375,110.06999969482422,1371130.0
1769527800,110.07499694824219,110.73999786376953,110.05999755859375,110.69000244140625,1119076.0
1769531400,110.69000244140625,111.125,110.44999694824219,110.47000122070312,785132.0
1769535000,110.47000122070312,110.62000274658203,110.02999877929688,110.43000030517578,804770.0
1769538600,110.42500305175781,110.52999877929688,110.08999633789062,110.50499725341797,739746.0
1769542200,110.50499725341797,110.74549865722656,110.4000015258789,110.55999755859375,1005283.0
1769545800,110.55999755859375,110.75,110.55000305175781,110.58999633789062,1026632.0
1769610600,110.27999877929688,111.42990112304688,110.27999877929688,110.36499786376953,1396566.0
1769614200,110.36000061035156,110.55000305175781,109.62000274658203,109.67500305175781,959297.0
1769617800,109.66999816894531,109.94499969482422,109.4000015258789,109.88999938964844,771939.0
1769621400,109.87999725341797,110.20500183105469,109.7699966430664,110.16500091552734,499437.0
1769625000,110.16500091552734,110.30000305175781,109.18000030517578,109.19999694824219,1006917.0
1769628600,109.18499755859375,110.25,109.0,109.76000213623047,1226995.0
1769632200,109.76000213623047,109.8499984741211,109.54000091552734,109.62000274658203,1230897.0
1769697000,109.62999725341797,110.1801986694336,108.76000213623047,109.88999938964844,2262545.0
1769700600,109.87000274658203,110.86000061035156,109.52010345458984,110.69000244140625,1347867.0
1769704200,110.69999694824219,111.12999725341797,110.5,111.0,1030856.0
1769707800,111.0,111.04000091552734,110.19000244140625,110.70500183105469,768774.0
1769711400,110.69999694824219,111.16999816894531,110.58499908447266,111.12000274658203,712560.0
1769715000,111.125,111.5250015258789,110.94999694824219,111.30999755859375,1047991.0
1769718600,111.31500244140625,111.66500091552734,111.19000244140625,111.54499816894531,1445791.0
1769783400,111.36000061035156,112.70999908447266,110.98999786376953,112.08499908447266,2599342.0
1769787000,112.05999755859375,112.45999908447266,111.5999984741211,111.75,1261107.0
1769790600,111.76000213623047,112.11000061035156,111.45500183105469,112.0999984741211,1119654.0
1769794200,112.08999633789062,112.26499938964844,111.87000274658203,112.08499908447266,1114763.0
1769797800,112.08999633789062,112.69999694824219,111.80000305175781,112.34750366210938,1693425.0
1769801400,112.33999633789062,112.5,112.125,112.25499725341797,1825262.0
1769805000,112.26000213623047,112.94499969482422,112.19999694824219,112.83999633789062,3504594.0
1770042600,104.01000213623047,106.5999984741211,103.75,105.61000061035156,13635797.0
1770046200,105.5999984741211,108.61000061035156,105.31999969482422,107.78500366210938,5427698.0
1770049800,107.78500366210938,108.47000122070312,105.94999694824219,106.08000183105469,2787418.0
1770053400,106.07499694824219,106.4000015258789,104.69999694824219,104.97000122070312,3125869.0
1770057000,104.98999786376953,105.2699966430664,104.4800033569336,104.52999877929688,3052719.0
1770060600,104.54000091552734,105.5,104.4000015258789,105.1500015258789,3547118.0
1770064200,105.1500015258789,105.16999816894531,104.37000274658203,104.52999877929688,3693188.0
1770129000,104.77999877929688,104.98999786376953,102.56999969482422,103.00499725341797,5968832.0
1770132600,103.00499725341797,103.11000061035156,102.33999633789062,102.44999694824219,2684890.0
1770136200,102.44000244140625,104.16000366210938,102.38807678222656,103.5551986694336,2973546.0
1770139800,103.56539916992188,104.9800033569336,103.4000015258789,103.6050033569336,2915631.0
1770143400,103.61000061035156,104.26000213623047,103.12000274658203,103.4800033569336,2066171.0
1770147000,103.51000213623047,104.05999755859375,103.3499984741211,103.80500030517578,2243632.0
1770150600,103.80000305175781,104.62999725341797,103.7300033569336,104.22000122070312,3102291.0
1770215400,104.19999694824219,107.77999877929688,103.62999725341797,107.77999877929688,3783917.0
1770219000,107.77999877929688,108.3499984741211,107.51000213623047,108.16500091552734,2634935.0
1770222600,108.1500015258789,108.5999984741211,107.7699966430664,107.85099792480469,2120476.0
1770226200,107.83999633789062,107.87000274658203,107.0,107.58000183105469,1432216.0
1770229800,107.56999969482422,108.54000091552734,107.1500015258789,108.12000274658203,1594162.0
1770233400,108.125,108.19999694824219,107.2699966430664,107.54000091552734,2016011.0
1770237000,107.55999755859375,107.72000122070312,107.05500030517578,107.05999755859375,2315655.0
1770301800,107.05000305175781,108.33000183105469,105.69999694824219,105.78500366210938,2009488.0
1770305400,105.80999755859375,105.8949966430664,104.96009826660156,104.98999786376953,1229289.0
1770309000,105.0,105.69000244140625,104.80999755859375,105.66000366210938,1050743.0
1770312600,105.66999816894531,105.80999755859375,105.19499969482422,105.25499725341797,1081809.0
1770316200,105.25499725341797,105.56999969482422,105.05500030517578,105.28500366210938,911431.0
1770319800,105.29000091552734,105.66000366210938,105.0999984741211,105.33698272705078,1023536.0
1770323400,105.33999633789062,105.55999755859375,104.97000122070312,104.97000122070312,1949072.0
1770388200,106.12999725341797,107.2300033569336,105.37000274658203,107.0999984741211,2228317.0
1770391800,107.0999984741211,107.69000244140625,106.69999694824219,107.6449966430664,1242449.0
1770395400,107.64019775390625,108.30999755859375,107.61000061035156,108.2699966430664,1286347.0
1770399000,108.30000305175781,108.75,108.19000244140625,108.31500244140625,2025501.0
1770402600,108.31500244140625,108.4749984741211,107.98500061035156,108.41010284423828,908386.0
1770406200,108.41999816894531,108.63849639892578,108.0999984741211,108.38999938964844,1089198.0
1770409800,108.38999938964844,108.9551010131836,108.30000305175781,108.69999694824219,1418040.0
1770647400,108.69000244140625,108.91999816894531,107.23999786376953,107.67500305175781,1396436.0
1770651000,107.69000244140625,108.22000122070312,107.16999816894531,107.53500366210938,1146551.0
1770654600,107.52999877929688,107.80000305175781,107.2699966430664,107.58000183105469,706526.0
1770658200,107.58999633789062,107.80000305175781,107.18000030517578,107.18000030517578,793431.0
1770661800,107.18000030517578,107.37999725341797,106.94000244140625,106.98999786376953,972928.0
1770665400,106.98999786376953,107.37000274658203,106.94999694824219,107.05999755859375,1389029.0
1770669000,107.06999969482422,107.2750015258789,106.7699966430664,107.08499908447266,1619824.0
1770733800,107.5999984741211,110.52999877929688,107.5999984741211,109.99939727783203,2306667.0
1770737400,110.0,110.93000030517578,109.97000122070312,110.80000305175781,1043779.0
1770741000,110.7699966430664,111.11000061035156,110.01000213623047,110.0199966430664,1190875.0
1770744600,110.02999877929688,110.37000274658203,109.88500213623047,109.97000122070312,767373.0
1770748200,109.97000122070312,110.22000122070312,109.68000030517578,110.20500183105469,522452.0
1770751800,110.20500183105469,110.49500274658203,110.12010192871094,110.30999755859375,1145183.0
1770755400,110.30999755859375,110.33000183105469,109.94000244140625,109.9749984741211,1226251.0
1770820200,108.93000030517578,109.86990356445312,108.41999816894531,108.63500213623047,1916462.0
1770823800,108.62999725341797,108.8499984741211,108.34960174560547,108.7249984741211,1103672.0
1770827400,108.70999908447266,109.30999755859375,108.64009857177734,108.93000030517578,681053.0
1770831000,108.92500305175781,109.02999877929688,108.62000274658203,108.88999938964844,627040.0
1770834600,108.9000015258789,109.05999755859375,108.6449966430664,108.80999755859375,857554.0
1770838200,108.80999755859375,108.80999755859375,107.79499816894531,108.28500366210938,1095219.0
1770841800,108.28500366210938,108.6500015258789,108.08999633789062,108.11000061035156,1744610.0
1770906600,107.93000030517578,108.16000366210938,103.27999877929688,103.33000183105469,4115956.0
1770910200,103.31500244140625,103.68000030517578,101.0199966430664,101.08999633789062,5567578.0
1770913800,101.11000061035156,101.91000366210938,101.08999633789062,101.23999786376953,3068018.0
1770917400,101.21949768066406,102.2750015258789,101.1500015258789,101.86000061035156,2780901.0
1770921000,101.83000183105469,102.73999786376953,101.69000244140625,102.3550033569336,2035635.0
1770924600,102.33999633789062,103.29000091552734,102.26499938964844,102.79000091552734,2935920.0
1770928200,102.7699966430664,103.2300033569336,102.31999969482422,102.37999725341797,2645206.0
1770993000,101.4000015258789,104.30999755859375,101.20040130615234,104.16000366210938,3537096.0
1770996600,104.13500213623047,105.16999816894531,104.0,105.1500015258789,1873168.0
1771000200,105.12999725341797,105.43000030517578,104.94999694824219,105.1050033569336,1198425.0
1771003800,105.1050033569336,105.36000061035156,104.76000213623047,104.91000366210938,940116.0
1771007400,104.8499984741211,105.29000091552734,104.70999908447266,104.91999816894531,730730.0
1771011000,104.91000366210938,105.19999694824219,104.83999633789062,105.0,995623.0
1771014600,105.01000213623047,105.5199966430664,104.9800033569336,105.44000244140625,1349015.0
1771338600,106.56999969482422,107.27999877929688,104.45999908447266,104.58999633789062,2377472.0
1771342200,104.58000183105469,105.86000061035156,104.37000274658203,105.51000213623047,1303327.0
1771345800,105.51000213623047,105.77999877929688,105.2300033569336,105.43000030517578,815095.0
1771349400,105.44000244140625,105.47000122070312,104.88999938964844,105.31999969482422,864732.0
1771353000,105.33999633789062,105.73999786376953,105.20999908447266,105.5999984741211,721862.0
1771356600,105.61000061035156,105.77999877929688,105.5,105.69000244140625,774338.0
1771360200,105.68000030517578,105.69000244140625,105.11000061035156,105.44999694824219,1287320.0
1771425000,105.95999908447266,107.58999633789062,105.80999755859375,107.27680206298828,1678240.0
1771428600,107.2750015258789,107.7300033569336,107.125,107.23999786376953,1313290.0
1771432200,107.25,107.42500305175781,107.125,107.1530990600586,680061.0
1771435800,107.1500015258789,107.66000366210938,107.06999969482422,107.51349639892578,737120.0
1771439400,107.5250015258789,107.6500015258789,107.16000366210938,107.40499877929688,804887.0
1771443000,107.40499877929688,107.45999908447266,106.8499984741211,107.0199966430664,929654.0
1771446600,107.0199966430664,107.47000122070312,107.0,107.12000274658203,1220715.0
1771511400,107.1050033569336,107.7699966430664,105.62000274658203,105.68499755859375,1434683.0
1771515000,105.66000366210938,106.04000091552734,105.44999694824219,105.81510162353516,955851.0
1771518600,105.80789947509766,106.0250015258789,105.68000030517578,105.81500244140625,676371.0
1771522200,105.81999969482422,105.88999938964844,105.5,105.77999877929688,760103.0
1771525800,105.76499938964844,106.37000274658203,105.62000274658203,106.04499816894531,700232.0
1771529400,106.04499816894531,106.0999984741211,105.75,105.8499984741211,862347.0
1771533000,105.83999633789062,106.08999633789062,105.80000305175781,106.01499938964844,922887.0
1771597800,105.61000061035156,106.19499969482422,104.65010070800781,105.79499816894531,1672303.0
1771601400,105.80999755859375,106.0199966430664,105.26000213623047,105.51000213623047,1148968.0
1771605000,105.48999786376953,105.81999969482422,105.0199966430664,105.05999755859375,845810.0
1771608600,105.08999633789062,105.5999984741211,105.06999969482422,105.19999694824219,634068.0
1771612200,105.19499969482422,105.7300033569336,105.05999755859375,105.45999908447266,817192.0
1771615800,105.47000122070312,105.69499969482422,105.4000015258789,105.65499877929688,914731.0
1771619400,105.66000366210938,105.73999786376953,105.46910095214844,105.5999984741211,1013621.0
1771857000,104.9800033569336,105.19000244140625,103.06999969482422,103.12660217285156,1881365.0
1771860600,103.12000274658203,103.75,102.95999908447266,103.53500366210938,1095750.0
1771864200,103.5199966430664,103.68499755859375,103.19000244140625,103.21499633789062,843111.0
1771867800,103.21499633789062,103.68000030517578,103.19999694824219,103.40499877929688,1025556.0
1771871400,103.4000015258789,103.80999755859375,103.1500015258789,103.55999755859375,1220696.0
1771875000,103.56999969482422,104.625,103.3949966430664,104.56999969482422,1412117.0
1771878600,104.5999984741211,104.68000030517578,104.22000122070312,104.43000030517578,1359538.0
1771943400,104.44999694824219,106.8551025390625,103.9800033569336,106.79000091552734,3926125.0
1771947000,106.79000091552734,107.23139953613281,106.0,106.51000213623047,1495142.0
1771950600,106.5,106.66500091552734,106.08000183105469,106.5,1054994.0
1771954200,106.5,106.61499786376953,106.25,106.47000122070312,909265.0
1771957800,106.4800033569336,106.57499694824219,105.86000061035156,105.86000061035156,998266.0
1771961400,105.86000061035156,106.16999816894531,105.75,105.77999877929688,1227607.0
1771965000,105.79000091552734,106.5,105.79000091552734,106.06999969482422,1805111.0
1772029800,106.0,106.71990203857422,104.51000213623047,104.91999816894531,1809214.0
1772033400,104.93000030517578,105.3499984741211,104.93000030517578,105.02989959716797,773216.0
1772037000,105.02999877929688,105.2300033569336,104.81500244140625,104.81500244140625,717737.0
1772040600,104.79000091552734,105.06999969482422,104.5999984741211,104.68000030517578,912201.0
1772044200,104.66000366210938,105.05999755859375,104.61000061035156,104.9800033569336,820398.0
1772047800,104.9800033569336,105.29000091552734,104.94000244140625,105.05999755859375,768526.0
1772051400,105.05999755859375,105.38999938964844,104.97000122070312,105.08000183105469,1170925.0
1772116200,105.47000122070312,106.45999908447266,105.38500213623047,106.07499694824219,1601464.0
1772119800,106.02999877929688,106.7699966430664,105.87999725341797,106.4800033569336,970293.0
1772123400,106.4800033569336,106.56999969482422,105.40499877929688,105.52999877929688,935042.0
1772127000,105.5199966430664,105.72010040283203,105.31500244140625,105.51499938964844,839183.0
1772130600,105.5,106.01000213623047,105.49500274658203,105.62999725341797,874646.0
1772134200,105.625,105.9000015258789,105.41500091552734,105.51499938964844,1479315.0
1772137800,105.51499938964844,105.66999816894531,105.4000015258789,105.5999984741211,1520934.0
1772202600,104.77999877929688,105.19000244140625,103.93000030517578,105.12000274658203,1915700.0
1772206200,105.12999725341797,105.62999725341797,105.05999755859375,105.25,1025704.0
1772209800,105.2300033569336,105.44000244140625,104.88999938964844,105.0199966430664,864966.0
1772213400,105.0199966430664,105.52519989013672,104.9000015258789,105.51000213623047,682946.0
1772217000,105.50289916992188,105.94999694824219,105.37999725341797,105.66999816894531,1270219.0
1772220600,105.67500305175781,106.31999969482422,105.58000183105469,106.12000274658203,1311741.0
1772224200,106.12000274658203,106.33999633789062,105.9000015258789,106.05000305175781,2090723.0
1772461800,104.61000061035156,104.61309814453125,102.88999938964844,103.79000091552734,2686973.0
1772465400,103.80000305175781,104.21499633789062,103.52999877929688,103.52999877929688,1626390.0
1772469000,103.54000091552734,104.03500366210938,103.54000091552734,103.81900024414062,1135378.0
1772472600,103.80000305175781,103.98999786376953,103.2300033569336,103.48999786376953,1488966.0
1772476200,103.4800033569336,104.06500244140625,103.37999725341797,103.98999786376953,1290469.0
1772479800,103.9906005859375,104.36000061035156,103.88999938964844,103.93000030517578,1483603.0
1772483400,103.93000030517578,104.33999633789062,103.83000183105469,104.31999969482422,2059369.0
1772548200,102.83999633789062,103.5999984741211,102.1500015258789,102.23999786376953,2588570.0
1772551800,102.2699966430664,103.38619995117188,102.23999786376953,103.30999755859375,1234981.0
1772555400,103.29000091552734,103.38999938964844,103.01000213623047,103.17500305175781,991300.0
1772559000,103.17500305175781,103.80000305175781,103.05000305175781,103.75,1139822.0
1772562600,103.73999786376953,104.2300033569336,103.7300033569336,103.77999877929688,1601130.0
1772566200,103.79000091552734,104.30999755859375,103.62000274658203,103.79000091552734,1882626.0
1772569800,103.79000091552734,103.8949966430664,103.26000213623047,103.37999725341797,1566323.0
1772634600,103.16999816894531,103.62950134277344,102.63999938964844,103.2300033569336,1851355.0
1772638200,103.2300033569336,103.58000183105469,102.9800033569336,103.43000030517578,1178698.0
1772641800,103.45500183105469,103.83499908447266,103.36000061035156,103.3949966430664,789228.0
1772645400,103.37999725341797,103.48999786376953,103.11000061035156,103.12000274658203,757019.0
1772649000,103.13999938964844,103.66999816894531,103.08999633789062,103.12999725341797,904664.0
1772652600,103.1500015258789,103.41000366210938,103.08000183105469,103.33000183105469,1265724.0
1772656200,103.33999633789062,103.37999725341797,102.95500183105469,103.0199966430664,1593915.0
1772721000,103.0999984741211,104.55000305175781,102.33000183105469,102.34500122070312,1793829.0
1772724600,102.33000183105469,102.5999984741211,101.58999633789062,101.70500183105469,1615296.0
1772728200,101.70500183105469,102.45999908447266,101.6449966430664,102.01000213623047,1078952.0
1772731800,102.01000213623047,102.4000015258789,101.95999908447266,102.08000183105469,1071250.0
1772735400,102.0999984741211,102.4000015258789,101.62999725341797,101.75499725341797,967759.0
1772739000,101.75,102.56999969482422,101.69000244140625,102.3499984741211,1545445.0
1772742600,102.36000061035156,102.63500213623047,102.22000122070312,102.38999938964844,1513102.0
1772807400,101.38999938964844,101.80999755859375,99.94999694824219,100.71499633789062,2310457.0
1772811000,100.73999786376953,101.05000305175781,100.5,100.94000244140625,1247041.0
1772814600,100.94999694824219,101.02999877929688,100.5199966430664,100.66999816894531,932842.0
1772818200,100.66999816894531,101.09500122070312,100.5999984741211,100.68499755859375,944659.0
1772821800,100.68009948730469,101.00170135498047,100.52999877929688,100.95999908447266,963697.0
1772825400,100.95999908447266,101.55989837646484,100.95500183105469,101.49500274658203,969381.0
1772829000,101.48999786376953,101.63999938964844,101.26000213623047,101.52999877929688,1440283.0
1773063000,100.55000305175781,100.5999984741211,98.44999694824219,98.88999938964844,2866293.0
1773066600,98.88999938964844,99.93000030517578,98.86000061035156,99.71499633789062,1264022.0
1773070200,99.70320129394531,100.19000244140625,99.48999786376953,100.00499725341797,850577.0
1773073800,100.01000213623047,100.39089965820312,99.87999725341797,100.06999969482422,854071.0
1773077400,100.08000183105469,100.1500015258789,99.66000366210938,100.08000183105469,1002388.0
1773081000,100.06500244140625,101.7699966430664,99.87999725341797,101.66000366210938,1427113.0
1773084600,101.6500015258789,101.87220001220703,101.3499984741211,101.68499755859375,1406292.0
1773149400,101.74500274658203,101.74500274658203,100.23999786376953,100.98999786376953,1629617.0
1773153000,101.0,101.66000366210938,101.0,101.62000274658203,951134.0
1773156600,101.61000061035156,101.8499984741211,101.3499984741211,101.78500366210938,766646.0
1773160200,101.78500366210938,102.19000244140625,101.75,102.13500213623047,535441.0
1773163800,102.16000366210938,102.23999786376953,100.98750305175781,101.26499938964844,827524.0
1773167400,101.2699966430664,101.50499725341797,101.12999725341797,101.18000030517578,673669.0
1773171000,101.16999816894531,101.41999816894531,101.01000213623047,101.31999969482422,1061726.0
1773235800,101.4000015258789,101.76000213623047,100.77999877929688,100.94000244140625,899469.0
1773239400,100.9625015258789,101.88999938964844,100.94000244140625,101.18000030517578,957305.0
1773243000,101.16999816894531,101.29000091552734,100.88999938964844,101.1500015258789,791182.0
1773246600,101.16950225830078,101.26000213623047,100.7300033569336,101.08999633789062,583232.0
1773250200,101.08000183105469,101.0999984741211,100.4000015258789,100.73999786376953,1048671.0
1773253800,100.73999786376953,100.9800033569336,100.5199966430664,100.69499969482422,936892.0
1773257400,100.69499969482422,101.04000091552734,100.66999816894531,100.88999938964844,1046946.0
1773322200,100.0999984741211,100.72000122070312,99.79000091552734,100.06999969482422,1174931.0
1773325800,100.06510162353516,100.875,99.87999725341797,100.2249984741211,769937.0
1773329400,100.16000366210938,100.37000274658203,99.55000305175781,99.66000366210938,1056993.0
1773333000,99.66999816894531,99.95999908447266,99.44999694824219,99.6500015258789,1053913.0
1773336600,99.6500015258789,100.0199966430664,99.51000213623047,99.56999969482422,864977.0
1773340200,99.55999755859375,99.7699966430664,99.37000274658203,99.61000061035156,1360617.0
1773343800,99.6050033569336,99.78500366210938,99.41000366210938,99.41999816894531,1942958.0
1773408600,99.83000183105469,100.7699966430664,99.83000183105469,100.23999786376953,1303763.0
1773412200,100.23999786376953,100.73999786376953,100.02999877929688,100.11000061035156,994747.0
1773415800,100.12100219726562,100.4000015258789,99.95999908447266,100.08000183105469,906752.0
1773419400,100.06999969482422,100.18000030517578,99.50499725341797,99.62999725341797,1037192.0
1773423000,99.63500213623047,99.7750015258789,99.16000366210938,99.44000244140625,819590.0
1773426600,99.44000244140625,100.31500244140625,99.41999816894531,99.62969970703125,1481015.0
1773430200,99.62999725341797,99.69000244140625,99.24500274658203,99.29499816894531,1584149.0
1773667800,99.47000122070312,99.68710327148438,98.5250015258789,99.22480010986328,1971516.0
1773671400,99.23500061035156,99.29000091552734,98.67500305175781,98.94000244140625,1342152.0
1773675000,98.94000244140625,99.25990295410156,98.66999816894531,98.73999786376953,994005.0
1773678600,98.75,99.24500274658203,98.62979888916016,99.00289916992188,1024789.0
1773682200,99.0,99.12000274658203,98.68000030517578,98.91000366210938,1073274.0
1773685800,98.88999938964844,99.15499877929688,98.86000061035156,99.12000274658203,1111772.0
1773689400,99.12000274658203,99.16999816894531,98.45999908447266,98.66000366210938,1771919.0
1773754200,99.16999816894531,100.70999908447266,99.0199966430664,100.30999755859375,2613330.0
1773757800,100.33999633789062,100.5199966430664,100.05999755859375,100.2300033569336,1128804.0
1773761400,100.23999786376953,100.4749984741211,100.0999984741211,100.41010284423828,810824.0
1773765000,100.40499877929688,100.66999816894531,100.25,100.43000030517578,937116.0
1773768600,100.41999816894531,100.5,100.0,100.12000274658203,1152630.0
1773772200,100.13500213623047,100.55000305175781,100.0999984741211,100.30999755859375,831769.0
1773775800,100.30999755859375,100.55999755859375,100.2699966430664,100.36000061035156,1188112.0
1773840600,99.83999633789062,101.0199966430664,99.83999633789062,100.55500030517578,1319752.0
1773844200,100.55000305175781,100.58999633789062,99.83000183105469,100.23999786376953,1553016.0
1773847800,100.22000122070312,100.4000015258789,99.69999694824219,99.75,1373128.0
1773851400,99.74500274658203,99.87000274658203,99.22010040283203,99.68000030517578,1367391.0
1773855000,99.66000366210938,100.02999877929688,99.5199966430664,99.58499908447266,1280756.0
1773858600,99.58499908447266,99.86499786376953,99.0,99.07499694824219,1946933.0
1773862200,99.06999969482422,99.51699829101562,99.05000305175781,99.41999816894531,1828164.0
1773927000,99.02999877929688,100.7750015258789,98.86000061035156,99.34500122070312,2404457.0
1773930600,99.34500122070312,99.84500122070312,99.33999633789062,99.44000244140625,1115450.0
1773934200,99.41999816894531,99.55999755859375,99.01499938964844,99.1449966430664,970452.0
1773937800,99.13999938964844,99.54499816894531,98.87000274658203,98.88999938964844,1484550.0
1773941400,98.87000274658203,98.97000122070312,98.43499755859375,98.67500305175781,1445188.0
1773945000,98.67500305175781,99.55999755859375,98.45999908447266,99.41999816894531,2354616.0
1773948600,99.44000244140625,99.63999938964844,99.19999694824219,99.22000122070312,1829637.0
1774013400,99.01000213623047,99.80000305175781,98.98999786376953,99.55000305175781,3423044.0
1774017000,99.55999755859375,100.0250015258789,99.44999694824219,99.5,1813461.0
1774020600,99.5,100.0,99.5,99.6708984375,1172192.0
1774024200,99.66000366210938,99.68000030517578,99.19000244140625,99.38500213623047,1177531.0
1774027800,99.37000274658203,99.55000305175781,98.875,98.87999725341797,1392476.0
1774031400,98.9198989868164,99.33000183105469,98.77999877929688,99.0999984741211,1571587.0
1774035000,99.13999938964844,99.5199966430664,98.38999938964844,99.49500274658203,2544258.0
1774272600,100.22000122070312,100.5999984741211,98.83499908447266,100.1500015258789,2135712.0
1774276200,100.16000366210938,100.5,99.75,100.05000305175781,909388.0
1774279800,100.06500244140625,100.18000030517578,98.69999694824219,98.72000122070312,1382841.0
1774283400,98.7300033569336,98.91500091552734,98.08999633789062,98.16500091552734,1029776.0
1774287000,98.15499877929688,98.69999694824219,98.08000183105469,98.25,901011.0
1774290600,98.26000213623047,98.68000030517578,98.25,98.40499877929688,1126701.0
1774294200,98.41999816894531,98.6500015258789,97.86000061035156,97.95999908447266,1719962.0
1774359000,97.73999786376953,98.05000305175781,96.9751968383789,97.4000015258789,1847798.0
1774362600,97.4000015258789,97.74500274658203,96.9000015258789,97.47000122070312,1216841.0
1774366200,97.47000122070312,97.55999755859375,96.9800033569336,97.47000122070312,778046.0
1774369800,97.47000122070312,97.55000305175781,96.8499984741211,97.08999633789062,723718.0
1774373400,97.07099914550781,97.16000366210938,96.66000366210938,96.9801025390625,749356.0
1774377000,96.98999786376953,97.21939849853516,96.69999694824219,96.72000122070312,909022.0
1774380600,96.72000122070312,96.85990142822266,96.25,96.3949966430664,1158146.0
1774445400,96.81999969482422,97.18000030517578,95.18000030517578,95.81999969482422,1832066.0
1774449000,95.8499984741211,96.38999938964844,95.05500030517578,95.69000244140625,1217965.0
1774452600,95.69000244140625,96.2300033569336,95.63999938964844,96.22000122070312,863372.0
1774456200,96.23500061035156,96.37000274658203,96.04000091552734,96.26349639892578,748075.0
1774459800,96.25,96.4800033569336,95.97000122070312,96.02999877929688,615314.0
1774463400,96.02999877929688,96.33999633789062,96.02999877929688,96.29000091552734,623547.0
1774467000,96.29000091552734,96.37000274658203,95.90499877929688,95.96499633789062,1054084.0
1774531800,95.12000274658203,96.4000015258789,95.06999969482422,95.98999786376953,1322447.0
1774535400,96.0,96.16000366210938,95.5,95.58999633789062,950421.0
1774539000,95.58000183105469,95.62999725341797,94.70999908447266,94.74040222167969,850229.0
1774542600,94.73999786376953,95.20999908447266,94.58499908447266,94.87999725341797,808058.0
1774546200,94.87999725341797,95.05999755859375,94.63999938964844,94.88510131835938,948458.0
1774549800,94.90499877929688,95.12000274658203,94.69999694824219,94.79499816894531,923051.0
1774553400,94.80999755859375,94.95999908447266,94.69999694824219,94.73500061035156,1399645.0
1774618200,94.19000244140625,94.19000244140625,92.79000091552734,93.53990173339844,1904615.0
1774621800,93.5199966430664,93.97000122070312,93.33000183105469,93.40499877929688,1069570.0
1774625400,93.43000030517578,93.56500244140625,92.83999633789062,93.01000213623047,1239738.0
1774629000,93.01499938964844,93.20999908447266,92.51000213623047,92.55000305175781,1144155.0
1774632600,92.55999755859375,93.06999969482422,92.21553802490234,92.2699966430664,1978227.0
1774636200,92.26100158691406,92.54000091552734,92.18499755859375,92.44499969482422,1385279.0
1774639800,92.44499969482422,92.55999755859375,92.3499984741211,92.4000015258789,1879160.0
1774877400,92.88999938964844,94.6500015258789,92.88999938964844,94.32009887695312,2205796.0
1774881000,94.36000061035156,95.02999877929688,94.20999908447266,94.91000366210938,1215393.0
1774884600,94.91000366210938,95.18499755859375,94.76000213623047,94.84500122070312,897536.0
1774888200,94.84500122070312,94.91999816894531,94.45999908447266,94.50499725341797,828070.0
1774891800,94.5,94.54000091552734,94.12999725341797,94.1500015258789,789391.0
1774895400,94.1449966430664,94.33000183105469,93.9010009765625,93.91100311279297,1120162.0
1774899000,93.91999816894531,94.38999938964844,93.89099884033203,94.32499694824219,1392077.0
1774963800,95.33999633789062,95.58999633789062,94.69000244140625,94.73999786376953,1696261.0
1774967400,94.70999908447266,94.86000061035156,94.19000244140625,94.66999816894531,1081890.0
1774971000,94.66000366210938,95.19999694824219,94.54499816894531,95.13999938964844,739186.0
1774974600,95.12000274658203,96.16000366210938,95.08999633789062,95.69999694824219,903739.0
1774978200,95.69999694824219,95.9800033569336,95.62999725341797,95.87000274658203,878861.0
1774981800,95.86000061035156,96.54000091552734,95.75,96.48999786376953,966380.0
1774985400,96.48999786376953,96.88500213623047,96.2300033569336,96.37999725341797,1888595.0
1775050200,97.25499725341797,98.36000061035156,96.87999725341797,97.01000213623047,2083466.0
1775053800,97.01899719238281,97.36000061035156,96.72000122070312,97.13999938964844,781504.0
1775057400,97.12999725341797,97.29000091552734,96.91000366210938,96.94000244140625,799433.0
1775061000,96.91500091552734,97.34989929199219,96.91000366210938,97.07499694824219,757741.0
1775064600,97.08000183105469,97.19999694824219,96.5250015258789,96.55999755859375,761677.0
1775068200,96.56500244140625,96.80000305175781,96.48999786376953,96.62999725341797,785160.0
1775071800,96.62999725341797,96.83999633789062,96.56999969482422,96.59500122070312,987016.0
1775136600,96.0,96.0,95.08999633789062,95.74500274658203,1118657.0
1775140200,95.74500274658203,97.1698989868164,95.74500274658203,96.77999877929688,792339.0
1775143800,96.76029968261719,96.91500091552734,96.37100219726562,96.43000030517578,481947.0
1775147400,96.43499755859375,96.89640045166016,96.37999725341797,96.83999633789062,502713.0
1775151000,96.8550033569336,96.87000274658203,96.5250015258789,96.58999633789062,577766.0
1775154600,96.58999633789062,96.83000183105469,96.48999786376953,96.60710144042969,761786.0
1775158200,96.5999984741211,96.80000305175781,96.4749984741211,96.62999725341797,872412.0
1775482200,96.5,97.16000366210938,96.25,96.94499969482422,940769.0
1775485800,96.94499969482422,97.01000213623047,96.3499984741211,96.37000274658203,718129.0
1775489400,96.37999725341797,96.5,96.20999908447266,96.41000366210938,551731.0
1775493000,96.41000366210938,96.61000061035156,96.12000274658203,96.27999877929688,513847.0
1775496600,96.29000091552734,96.58000183105469,96.15019989013672,96.51000213623047,592955.0
1775500200,96.5199966430664,96.54000091552734,96.125,96.16500091552734,620789.0
1775503800,96.16000366210938,96.41500091552734,96.1500015258789,96.2699966430664,887746.0
1775568600,95.79499816894531,96.78500366210938,95.67500305175781,96.16500091552734,1179838.0
1775572200,96.1500015258789,96.27999877929688,95.72000122070312,95.88999938964844,720125.0
1775575800,95.88999938964844,96.33000183105469,95.56999969482422,95.8550033569336,992201.0
1775579400,95.83999633789062,95.91999816894531,95.47010040283203,95.59500122070312,693582.0
1775583000,95.61000061035156,95.94999694824219,95.5,95.5999984741211,629086.0
1775586600,95.5999984741211,95.95999908447266,95.32499694824219,95.76000213623047,867261.0
1775590200,95.75499725341797,96.05000305175781,95.58999633789062,95.79000091552734,1336349.0
1775655000,98.0999984741211,98.83999633789062,97.69000244140625,98.37000274658203,2551478.0
1775658600,98.37000274658203,98.62310028076172,98.2063980102539,98.3499984741211,1068946.0
1775662200,98.33999633789062,98.73500061035156,98.33999633789062,98.6050033569336,769038.0
1775665800,98.62000274658203,98.98999786376953,98.45500183105469,98.69999694824219,823946.0
1775669400,98.69999694824219,99.08499908447266,98.61000061035156,98.96499633789062,795732.0
1775673000,98.96499633789062,99.05999755859375,98.68000030517578,98.70999908447266,904436.0
1775676600,98.70999908447266,99.19000244140625,98.70999908447266,99.18000030517578,1718934.0
1775741400,98.66000366210938,98.76280212402344,97.67500305175781,98.19499969482422,1279960.0
1775745000,98.18000030517578,98.81999969482422,98.16000366210938,98.2300033569336,1232738.0
1775748600,98.22000122070312,99.16999816894531,98.16000366210938,98.98999786376953,1207153.0
1775752200,99.0,99.41000366210938,98.76000213623047,99.3499984741211,853336.0
1775755800,99.34500122070312,99.67510223388672,99.21499633789062,99.62999725341797,839542.0
1775759400,99.63999938964844,100.08499908447266,99.52999877929688,99.98999786376953,1039975.0
1775763000,100.0,100.2249984741211,99.77999877929688,99.77999877929688,1028716.0
1775827800,99.83999633789062,100.158203125,99.19999694824219,99.78500366210938,905521.0
1775831400,99.77999877929688,99.77999877929688,99.12000274658203,99.20010375976562,712686.0
1775835000,99.20999908447266,99.24099731445312,98.9749984741211,99.11499786376953,521632.0
1775838600,99.11000061035156,99.20999908447266,98.95999908447266,99.08000183105469,475849.0
1775842200,99.08000183105469,99.41999816894531,99.0199966430664,99.3499984741211,574086.0
1775845800,99.36000061035156,99.36000061035156,98.8550033569336,99.06999969482422,841873.0
1775849400,99.07499694824219,99.18000030517578,98.81500244140625,99.16000366210938,1191689.0
1776087000,98.52999877929688,99.52989959716797,98.52999877929688,99.41000366210938,822997.0
1776090600,99.41500091552734,100.16000366210938,99.41500091552734,99.94000244140625,804703.0
1776094200,99.94999694824219,100.8499984741211,99.86000061035156,100.8499984741211,568899.0
1776097800,100.84500122070312,101.16000366210938,100.80999755859375,101.16000366210938,726168.0
1776101400,101.16000366210938,101.2699966430664,100.9114990234375,101.1500015258789,643217.0
1776105000,101.1500015258789,101.19000244140625,100.70999908447266,100.8499984741211,726549.0
1776108600,100.8499984741211,101.18000030517578,100.83000183105469,101.1500015258789,793199.0
1776173400,101.33999633789062,102.23999786376953,100.9000015258789,102.0000991821289,1749865.0
1776177000,102.01000213623047,102.58999633789062,101.9800033569336,102.55000305175781,961211.0
1776180600,102.56500244140625,102.83000183105469,102.36000061035156,102.66000366210938,746188.0
1776184200,102.6500015258789,102.70999908447266,102.3949966430664,102.61000061035156,533313.0
1776187800,102.6050033569336,102.70999908447266,102.44000244140625,102.48500061035156,1430434.0
1776191400,102.48500061035156,103.0999984741211,102.4749984741211,103.01499938964844,897497.0
1776195000,103.01100158691406,103.05999755859375,102.54000091552734,102.59500122070312,1529500.0
1776259800,102.5999984741211,103.08999633789062,101.94000244140625,102.0250015258789,1223898.0
1776263400,102.04000091552734,102.38999938964844,101.79000091552734,102.33999633789062,718304.0
1776267000,102.33000183105469,103.08000183105469,102.22000122070312,102.9749984741211,760624.0
1776270600,102.9749984741211,103.0999984741211,102.80999755859375,103.08000183105469,673686.0
1776274200,103.08499908447266,103.27999877929688,103.00039672851562,103.11000061035156,587441.0
1776277800,103.0999984741211,103.29000091552734,103.05000305175781,103.1500015258789,683326.0
1776281400,103.1500015258789,103.375,103.01000213623047,103.05000305175781,919604.0
1776346200,103.62000274658203,104.52999877929688,102.83999633789062,102.98999786376953,1239250.0
1776349800,102.9800033569336,103.51499938964844,102.77999877929688,103.45999908447266,980855.0
1776353400,103.44999694824219,104.08499908447266,103.36000061035156,104.0510025024414,767455.0
1776357000,104.05000305175781,104.05000305175781,103.49500274658203,103.65010070800781,661382.0
1776360600,103.66000366210938,104.00499725341797,103.59010314941406,103.78500366210938,728012.0
1776364200,103.78500366210938,104.16000366210938,103.75,103.98500061035156,842258.0
1776367800,103.99500274658203,104.37999725341797,103.9000015258789,103.90499877929688,1350175.0
1776432600,104.68499755859375,105.68000030517578,104.68499755859375,105.43499755859375,2247906.0
1776436200,105.43499755859375,106.20500183105469,105.30000305175781,105.87999725341797,1161310.0
1776439800,105.9000015258789,106.27999877929688,105.82499694824219,106.07499694824219,807311.0
1776443400,106.07499694824219,106.2300033569336,105.72000122070312,105.91000366210938,786695.0
1776447000,105.90499877929688,106.06999969482422,105.7699966430664,105.80999755859375,671696.0
1776450600,105.80999755859375,105.9000015258789,105.60009765625,105.82499694824219,1518774.0
1776454200,105.83000183105469,106.33000183105469,105.81999969482422,106.27999877929688,1369426.0
1776691800,105.91000366210938,106.6449966430664,105.91000366210938,106.2300033569336,1137536.0
1776695400,106.25,106.63999938964844,106.19000244140625,106.26000213623047,741591.0
1776699000,106.23999786376953,106.51000213623047,106.04550170898438,106.45999908447266,528628.0
1776702600,106.47000122070312,107.11000061035156,106.44999694824219,107.04000091552734,696097.0
1776706200,107.04000091552734,107.04000091552734,106.65499877929688,106.76000213623047,644455.0
1776709800,106.7699966430664,106.81999969482422,106.44999694824219,106.4800033569336,615758.0
1776713400,106.45999908447266,106.55999755859375,106.29000091552734,106.30999755859375,816503.0
1776778200,106.19000244140625,106.875,105.22000122070312,105.52999877929688,1242176.0
1776781800,105.51000213623047,105.77999877929688,104.48999786376953,104.58000183105469,916992.0
1776785400,104.55999755859375,104.83000183105469,104.52999877929688,104.79000091552734,792313.0
1776789000,104.79000091552734,104.83499908447266,104.2699966430664,104.49500274658203,776610.0
1776792600,104.49500274658203,104.91500091552734,104.38999938964844,104.55500030517578,768912.0
1776796200,104.55999755859375,104.95999908447266,104.37000274658203,104.91000366210938,627367.0
1776799800,104.9000015258789,104.91999816894531,103.96499633789062,104.30500030517578,1216953.0
1776864600,105.02999877929688,106.27999877929688,104.9000015258789,105.51000213623047,1055498.0
1776868200,105.5199966430664,105.52999877929688,104.88500213623047,105.0250015258789,946345.0
1776871800,105.0199966430664,105.0199966430664,104.49500274658203,104.5999984741211,563195.0
1776875400,104.6050033569336,104.70999908447266,104.4000015258789,104.4800033569336,438824.0
1776879000,104.48500061035156,104.69999694824219,104.30999755859375,104.44999694824219,530475.0
1776882600,104.45999908447266,104.66000366210938,104.2300033569336,104.62999725341797,647887.0
1776886200,104.63999938964844,104.8499984741211,104.45999908447266,104.83000183105469,966673.0
1776951000,104.94000244140625,105.19999694824219,103.89099884033203,104.27999877929688,882667.0
1776954600,104.27999877929688,104.59500122070312,104.12999725341797,104.2300033569336,450537.0
1776958200,104.22000122070312,104.29000091552734,103.80000305175781,103.83000183105469,521056.0
1776961800,103.84649658203125,103.9000015258789,102.87449645996094,102.8949966430664,884724.0
1776965400,102.91999816894531,103.47959899902344,102.55000305175781,103.41999816894531,887197.0
1776969000,103.41000366210938,103.5199966430664,103.02999877929688,103.50499725341797,454322.0
1776972600,103.50499725341797,103.75499725341797,103.19999694824219,103.65499877929688,779886.0
1777037400,103.59500122070312,103.63999938964844,102.26000213623047,102.47640991210938,971371.0
1777041000,102.4749984741211,102.68000030517578,101.97000122070312,102.2249984741211,622065.0
1777044600,102.22000122070312,102.88500213623047,102.12999725341797,102.63999938964844,949553.0
1777048200,102.66999816894531,102.73999786376953,102.30999755859375,102.44000244140625,312539.0
1777051800,102.44000244140625,102.62000274658203,102.30000305175781,102.5,524252.0
1777055400,102.5,102.75,102.45999908447266,102.66000366210938,593197.0
1777059000,102.6500015258789,102.7249984741211,102.37999725341797,102.59500122070312,810988.0
1777296600,102.62000274658203,103.6050033569336,102.62000274658203,103.58000183105469,805452.0
1777300200,103.5999984741211,103.80999755859375,103.2699966430664,103.41999816894531,673417.0
1777303800,103.41000366210938,103.44999694824219,103.19999694824219,103.25060272216797,392810.0
1777307400,103.2699966430664,103.29000091552734,102.55000305175781,102.55000305175781,633907.0
1777311000,102.56999969482422,102.70999908447266,102.05999755859375,102.25690460205078,1366779.0
1777314600,102.25,102.47000122070312,102.06999969482422,102.41000366210938,702946.0
1777318200,102.4000015258789,102.54000091552734,102.26000213623047,102.36499786376953,813239.0
1777383000,102.66000366210938,103.28990173339844,100.61000061035156,101.50499725341797,1812616.0
1777386600,101.4800033569336,101.98999786376953,101.37999725341797,101.61000061035156,896171.0
1777390200,101.62999725341797,101.93000030517578,101.48999786376953,101.93000030517578,502743.0
1777393800,101.92500305175781,101.96499633789062,101.69000244140625,101.80000305175781,408753.0
1777397400,101.80999755859375,101.83499908447266,101.3550033569336,101.55000305175781,388456.0
1777401000,101.55000305175781,101.58000183105469,101.26000213623047,101.26000213623047,618625.0
1777404600,101.2699966430664,101.5999984741211,101.1500015258789,101.4800033569336,746921.0
1777469400,100.94000244140625,101.4800033569336,100.73999786376953,100.87000274658203,695320.0
1777473000,100.87000274658203,101.13999938964844,100.7300033569336,100.83999633789062,570819.0
1777476600,100.8499984741211,101.0199966430664,100.69000244140625,100.94999694824219,515675.0
1777480200,100.94000244140625,100.95600128173828,100.5999984741211,100.80999755859375,613596.0
1777483800,100.80000305175781,100.93499755859375,100.66000366210938,100.77999877929688,418935.0
1777487400,100.77999877929688,101.2300033569336,100.69000244140625,101.18499755859375,631594.0
1777491000,101.18499755859375,101.30999755859375,101.00499725341797,101.30000305175781,720066.0
1777555800,100.91000366210938,102.25,100.41999816894531,102.25,2034480.0
1777559400,102.25,102.9000015258789,102.25,102.83999633789062,761736.0
1777563000,102.83000183105469,102.9000015258789,102.69960021972656,102.88999938964844,507780.0
1777566600,102.88999938964844,102.9749984741211,102.6500015258789,102.8949966430664,540221.0
1777570200,102.90499877929688,103.41000366210938,102.90499877929688,103.29000091552734,471034.0
1777573800,103.29000091552734,103.79000091552734,103.24500274658203,103.6500015258789,698254.0
1777577400,103.63999938964844,104.12000274658203,103.62000274658203,103.73999786376953,1428584.0
1777642200,104.4000015258789,104.8324966430664,103.19999694824219,103.43000030517578,942935.0
1777645800,103.44499969482422,103.83000183105469,103.44499969482422,103.70999908447266,651905.0
1777649400,103.7249984741211,103.87999725341797,103.53070068359375,103.55999755859375,568047.0
1777653000,103.54000091552734,103.68000030517578,103.44000244140625,103.5,426213.0
1777656600,103.4800033569336,103.55000305175781,103.1500015258789,103.2300033569336,596468.0
1777660200,103.23999786376953,103.72000122070312,102.97000122070312,103.70999908447266,884632.0
1777663800,103.71499633789062,103.7249984741211,103.05999755859375,103.08999633789062,919129.0
1777901400,102.73999786376953,103.0,101.67500305175781,102.94000244140625,1706203.0
1777905000,102.94000244140625,103.05000305175781,102.05000305175781,102.09500122070312,829407.0
1777908600,102.0999984741211,102.33000183105469,101.76000213623047,102.12000274658203,1240054.0
1777912200,102.11000061035156,102.19999694824219,101.62999725341797,102.0199966430664,657415.0
1777915800,102.02999877929688,102.02999877929688,101.72000122070312,101.86000061035156,533586.0
1777919400,101.87000274658203,102.0,101.70999908447266,101.70999908447266,677813.0
1777923000,101.7300033569336,101.7699966430664,101.2699966430664,101.33999633789062,1222023.0
1777987800,101.52999877929688,101.7300033569336,100.48500061035156,100.5199966430664,2033544.0
1777991400,100.5199966430664,100.94000244140625,100.16999816894531,100.93000030517578,1657931.0
1777995000,100.94000244140625,100.94999694824219,100.43000030517578,100.84500122070312,1150287.0
1777998600,100.8499984741211,100.9800033569336,100.66999816894531,100.75499725341797,911815.0
1778002200,100.75499725341797,101.23999786376953,100.625,101.19499969482422,1363821.0
1778005800,101.19000244140625,101.23989868164062,100.86000061035156,101.0199966430664,1177106.0
1778009400,101.0199966430664,101.04000091552734,100.05999755859375,100.4800033569336,3009628.0
1778074200,106.51499938964844,109.13999938964844,105.30999755859375,108.20020294189453,7937244.0
1778077800,108.2300033569336,108.75,106.91999816894531,106.97000122070312,3894035.0
1778081400,106.9800033569336,107.51000213623047,106.47000122070312,107.32499694824219,1950516.0
1778085000,107.32499694824219,107.57990264892578,106.69000244140625,106.97000122070312,1688328.0
1778088600,106.98999786376953,108.02999877929688,106.91999816894531,108.0,1460297.0
1778092200,108.0,108.0999984741211,107.26000213623047,107.93499755859375,1615840.0
1778095800,107.93000030517578,108.3550033569336,107.90010070800781,107.9749984741211,2528452.0
1778160600,109.05000305175781,110.4800033569336,108.97000122070312,109.51000213623047,3054947.0
1778164200,109.52999877929688,110.4000015258789,109.44000244140625,110.29000091552734,1429441.0
1778167800,110.29000091552734,110.47000122070312,109.88999938964844,110.22000122070312,1146679.0
1778171400,110.22000122070312,110.2300033569336,108.30999755859375,108.33000183105469,1409604.0
1778175000,108.33999633789062,108.3550033569336,107.08999633789062,108.29499816894531,1823666.0
1778178600,108.29499816894531,108.47000122070312,107.69999694824219,108.45999908447266,1465014.0
1778182200,108.45500183105469,108.91500091552734,108.37999725341797,108.72000122070312,1956389.0
1778247000,109.02999877929688,109.20999908447266,107.77999877929688,108.33999633789062,1232091.0
1778250600,108.33000183105469,108.5999984741211,108.12999725341797,108.5,1062909.0
1778254200,108.51000213623047,108.66999816894531,108.20999908447266,108.61000061035156,603442.0
1778257800,108.61000061035156,108.625,108.12000274658203,108.33000183105469,447681.0
1778261400,108.32499694824219,108.38999938964844,108.05030059814453,108.18000030517578,535431.0
1778265000,108.16999816894531,108.19999694824219,107.62000274658203,107.90499877929688,795195.0
1778268600,107.88999938964844,108.01000213623047,107.54000091552734,107.98500061035156,1597937.0
1778506200,108.0,108.38999938964844,106.6500015258789,106.94000244140625,1897304.0
1778509800,106.93000030517578,107.08000183105469,105.71499633789062,105.80999755859375,1242853.0
1778513400,105.80999755859375,105.81999969482422,104.61000061035156,105.18499755859375,1062316.0
1778517000,105.18499755859375,105.30500030517578,104.61000061035156,104.6500015258789,943667.0
1778520600,104.6500015258789,104.8499984741211,104.54499816894531,104.58999633789062,702318.0
1778524200,104.58999633789062,105.125,104.44000244140625,104.9800033569336,1097857.0
1778527800,104.99500274658203,105.04000091552734,104.37999725341797,104.69999694824219,1619625.0
1778592600,104.98999786376953,105.23999786376953,104.21499633789062,104.93499755859375,1196078.0
1778596200,104.94999694824219,105.2300033569336,104.58999633789062,105.20999908447266,865236.0
1778599800,105.20999908447266,105.86499786376953,105.01000213623047,105.61499786376953,742246.0
1778603400,105.62999725341797,105.90499877929688,105.2699966430664,105.38999938964844,558407.0
1778607000,105.38500213623047,105.79000091552734,105.2699966430664,105.63999938964844,750219.0
1778610600,105.6449966430664,105.98999786376953,105.44000244140625,105.98999786376953,796028.0
1778614200,105.99500274658203,106.2699966430664,105.87000274658203,106.16999816894531,1333897.0
1778679000,105.3499984741211,105.87999725341797,104.3550033569336,104.88453674316406,885275.0
1778682600,104.9000015258789,104.9000015258789,104.29000091552734,104.40499877929688,797379.0
1778686200,104.38999938964844,104.56999969482422,104.0199966430664,104.50499725341797,542320.0
1778689800,104.5,104.55999755859375,103.86000061035156,104.125,696376.0
1778693400,104.12999725341797,105.18000030517578,104.06999969482422,105.14099884033203,1011095.0
1778697000,105.13500213623047,105.61000061035156,104.9800033569336,105.0999984741211,887679.0
1778700600,105.11699676513672,105.18000030517578,104.75,104.9000015258789,1093672.0
1778765400,105.54000091552734,106.29000091552734,104.84500122070312,105.63999938964844,920264.0
1778769000,105.63999938964844,105.87999725341797,105.15499877929688,105.55000305175781,688820.0
1778772600,105.5199966430664,105.98999786376953,105.4800033569336,105.61000061035156,429801.0
1778776200,105.62000274658203,105.69999694824219,105.22000122070312,105.54000091552734,499339.0
1778779800,105.5199966430664,105.94000244140625,105.27999877929688,105.65499877929688,685027.0
1778783400,105.66500091552734,105.94999694824219,105.4000015258789,105.47000122070312,730028.0
1778787000,105.45999908447266,105.69000244140625,105.2699966430664,105.44499969482422,1157275.0
1778851800,105.02999877929688,105.41999816894531,103.9000015258789,104.47000122070312,1445058.0
1778855400,104.45999908447266,104.6500015258789,103.44000244140625,103.48999786376953,749975.0
1778859000,103.4800033569336,103.5999984741211,102.66999816894531,102.66999816894531,1140018.0
1778862600,102.6500015258789,103.44499969482422,102.58999633789062,103.31999969482422,1693761.0
1778866200,103.30000305175781,103.47000122070312,102.54000091552734,102.58989715576172,921673.0
1778869800,102.58999633789062,102.7300033569336,102.30000305175781,102.63999938964844,757127.0
1778873400,102.6500015258789,102.9000015258789,102.5199966430664,102.75800323486328,973806.0
1779111000,102.69000244140625,104.57039642333984,102.55000305175781,104.55999755859375,1127699.0
1779114600,104.54000091552734,104.69999694824219,103.84500122070312,104.08580017089844,653097.0
1779118200,104.08000183105469,104.22000122070312,103.76000213623047,103.97000122070312,560648.0
1779121800,103.9749984741211,104.5,103.80000305175781,104.32730102539062,523381.0
1779125400,104.36000061035156,104.37000274658203,103.79000091552734,103.88500213623047,553071.0
1779129000,103.90499877929688,104.2300033569336,103.69000244140625,104.0,771580.0
1779132600,104.0,104.1500015258789,103.79000091552734,103.97000122070312,1351908.0
1779197400,103.70999908447266,103.93000030517578,102.0999984741211,103.58999633789062,1069780.0
1779201000,103.61000061035156,103.63999938964844,102.68000030517578,102.81999969482422,647099.0
1779204600,102.81999969482422,102.9000015258789,102.27999877929688,102.27999877929688,563143.0
1779208200,102.27999877929688,102.68000030517578,102.18499755859375,102.63999938964844,772531.0
1779211800,102.62000274658203,102.83000183105469,102.44499969482422,102.55999755859375,555582.0
1779215400,102.55000305175781,102.5999984741211,102.11000061035156,102.16999816894531,694805.0
1779219000,102.16000366210938,102.37000274658203,101.97019958496094,102.30000305175781,1116525.0
1779283800,102.90499877929688,103.01000213623047,101.5999984741211,102.63999938964844,1191855.0
1779287400,102.66500091552734,103.93000030517578,102.66500091552734,103.6500015258789,1164089.0
1779291000,103.66000366210938,104.3499984741211,103.66000366210938,104.1500015258789,1360036.0
1779294600,104.1500015258789,104.68000030517578,103.94000244140625,104.51000213623047,486996.0
1779298200,104.5199966430664,104.8550033569336,104.30000305175781,104.41999816894531,685318.0
1779301800,104.43990325927734,104.66000366210938,104.4000015258789,104.45999908447266,577219.0
1779305400,104.45999908447266,104.58999633789062,104.02010345458984,104.08000183105469,889615.0
1779370200,103.61000061035156,104.0,102.58499908447266,103.8949966430664,1060962.0
1779373800,103.91999816894531,103.9749984741211,103.44000244140625,103.68000030517578,673455.0
1779377400,103.69000244140625,103.76000213623047,103.27999877929688,103.29000091552734,738623.0
1779381000,103.28500366210938,104.2300033569336,103.06999969482422,104.2300033569336,851928.0
1779384600,104.20999908447266,104.62000274658203,104.13999938964844,104.2500991821289,832541.0
1779388200,104.25,104.37000274658203,103.69000244140625,103.70230102539062,1054736.0
1779391800,103.70500183105469,103.83000183105469,103.48500061035156,103.58000183105469,1162700.0
1779456600,104.04000091552734,104.5,103.58000183105469,103.80000305175781,732180.0
1779460200,103.80000305175781,103.86499786376953,103.12999725341797,103.45999908447266,431224.0
1779463800,103.4800033569336,103.70500183105469,103.3499984741211,103.4000015258789,399731.0
1779467400,103.41999816894531,103.47000122070312,103.06999969482422,103.44000244140625,389616.0
1779471000,103.44999694824219,103.55999755859375,103.0999984741211,103.43000030517578,454568.0
1779474600,103.41999816894531,103.5999984741211,103.19999694824219,103.20999908447266,554991.0
1779478200,103.20999908447266,103.30999755859375,102.9800033569336,103.0,879945.0
1779802200,103.0999984741211,103.80000305175781,102.83999633789062,102.91000366210938,1220590.0
1779805800,102.93000030517578,102.97000122070312,102.34500122070312,102.83000183105469,990149.0
1779809400,102.83000183105469,103.11000061035156,102.67019653320312,103.01499938964844,575163.0
1779813000,103.0000991821289,103.21499633789062,102.81999969482422,102.9800033569336,485985.0
1779816600,103.01000213623047,103.20999908447266,102.76000213623047,103.12000274658203,431474.0
1779820200,103.12000274658203,103.3499984741211,102.97000122070312,103.05000305175781,568224.0
1779823800,103.060302734375,103.41899871826172,102.97000122070312,103.30000305175781,803825.0
1779888600,103.30000305175781,105.25,103.30000305175781,105.0999984741211,1161923.0
1779892200,105.0999984741211,105.1500015258789,103.76000213623047,103.83999633789062,721420.0
1779895800,103.8499984741211,104.22000122070312,103.58999633789062,103.69000244140625,496493.0
1779899400,103.69000244140625,103.84500122070312,103.4000015258789,103.41000366210938,551439.0
1779903000,103.41500091552734,103.7699966430664,103.26000213623047,103.49500274658203,628389.0
1779906600,103.48999786376953,104.03500366210938,103.48999786376953,103.84500122070312,625331.0
1779910200,103.8550033569336,104.29000091552734,103.7300033569336,104.16999816894531,1230551.0
1779975000,103.80999755859375,104.30999755859375,103.0999984741211,104.30999755859375,1077263.0
1779978600,104.30999755859375,104.41000366210938,103.83000183105469,103.87000274658203,672143.0
1779982200,103.87000274658203,104.02999877929688,103.69999694824219,103.87000274658203,556326.0
1779985800,103.87000274658203,104.05500030517578,103.71499633789062,103.8499984741211,589816.0
1779989400,103.86000061035156,103.91500091552734,103.5999984741211,103.6050033569336,579635.0
1779993000,103.5999984741211,103.91500091552734,103.47000122070312,103.88500213623047,702661.0
1779996600,103.88999938964844,103.98999786376953,103.56999969482422,103.76499938964844,1038333.0
1780061400,103.62999725341797,103.76000213623047,102.4800033569336,102.94999694824219,1219453.0
1780065000,102.95999908447266,103.33999633789062,102.77999877929688,102.88999938964844,710411.0
1780068600,102.87000274658203,102.95169830322266,102.52999877929688,102.56236267089844,631594.0
1780072200,102.56500244140625,102.76000213623047,102.20999908447266,102.44000244140625,656398.0
1780075800,102.45999908447266,102.66000366210938,102.37999725341797,102.3949966430664,438509.0
1780079400,102.38999938964844,102.5,102.04000091552734,102.26000213623047,1020669.0
1780083000,102.23999786376953,102.45999908447266,101.8499984741211,101.8499984741211,1386663.0
1780320600,101.66000366210938,101.75,100.30000305175781,101.11499786376953,1925349.0
1780324200,101.12999725341797,101.9000015258789,100.98999786376953,101.77999877929688,1379189.0
1780327800,101.7699966430664,102.05999755859375,101.51000213623047,101.5999984741211,661858.0
1780331400,101.61000061035156,102.30999755859375,101.58200073242188,102.2699966430664,598815.0
1780335000,102.29000091552734,102.66999816894531,102.13999938964844,102.55500030517578,660137.0
1780338600,102.55500030517578,103.0,102.510498046875,102.73999786376953,737653.0
1780342200,102.73999786376953,103.00499725341797,102.5999984741211,102.8499984741211,1009014.0
1780407000,102.34500122070312,102.48999786376953,100.08999633789062,100.66000366210938,1690932.0
1780410600,100.66999816894531,101.27999877929688,100.51000213623047,101.26499938964844,860636.0
1780414200,101.26499938964844,101.33000183105469,100.80999755859375,100.95989990234375,633774.0
1780417800,100.95500183105469,101.35479736328125,100.94499969482422,101.29499816894531,533491.0
1780421400,101.29000091552734,101.38999938964844,100.98999786376953,101.12000274658203,709314.0
1780425000,101.12000274658203,101.29000091552734,100.91999816894531,101.12999725341797,789764.0
1780428600,101.12999725341797,101.44000244140625,101.0999984741211,101.40499877929688,1109912.0
1780493400,100.43499755859375,101.26499938964844,100.0999984741211,100.80500030517578,1426682.0
1780497000,100.80000305175781,101.01000213623047,99.76000213623047,99.80999755859375,761259.0
1780500600,99.81999969482422,99.8499984741211,99.33000183105469,99.7300033569336,679644.0
1780504200,99.73999786376953,99.9000015258789,99.43000030517578,99.5199966430664,594967.0
1780507800,99.51000213623047,99.93000030517578,99.30999755859375,99.83899688720703,655973.0
1780511400,99.83000183105469,99.91000366210938,99.25,99.2699966430664,728569.0
1780515000,99.27999877929688,99.63999938964844,99.27999877929688,99.46499633789062,1081362.0
1780579800,100.54000091552734,101.47000122070312,100.29000091552734,100.66000366210938,1482081.0
1780583400,100.66999816894531,100.81999969482422,100.42500305175781,100.69999694824219,822926.0
1780587000,100.69999694824219,100.75,100.05000305175781,100.06999969482422,657788.0
1780590600,100.05999755859375,100.11499786376953,99.05000305175781,99.25,1330093.0
1780594200,99.24610137939453,99.46009826660156,99.0999984741211,99.21649932861328,928548.0
1780597800,99.22000122070312,99.37999725341797,99.06500244140625,99.12999725341797,1124662.0
1780601400,99.12999725341797,99.66999816894531,99.01000213623047,99.3499984741211,1542846.0
1780666200,99.68000030517578,100.19999694824219,99.37999725341797,99.5999984741211,1402181.0
1780669800,99.5999984741211,99.68499755859375,99.18000030517578,99.55000305175781,790228.0
1780673400,99.55000305175781,99.61000061035156,99.17500305175781,99.30000305175781,524855.0
1780677000,99.31999969482422,99.70999908447266,99.19999694824219,99.19999694824219,777104.0
1780680600,99.19999694824219,99.41999816894531,99.11000061035156,99.27999877929688,882953.0
1780684200,99.28500366210938,99.71499633789062,99.08899688720703,99.44000244140625,877776.0
1780687800,99.44000244140625,100.05000305175781,99.29000091552734,99.74500274658203,1469570.0
1780925400,99.5199966430664,99.83499908447266,98.41010284423828,99.33000183105469,1816441.0
1780929000,99.34500122070312,99.66999816894531,99.0999984741211,99.0999984741211,819814.0
1780932600,99.11000061035156,99.23999786376953,98.82749938964844,99.12999725341797,568136.0
1780936200,99.1449966430664,99.19999694824219,98.83999633789062,98.86000061035156,471959.0
1780939800,98.8499984741211,99.2979965209961,98.7300033569336,99.23999786376953,829998.0
1780943400,99.25499725341797,99.3550033569336,99.0,99.12000274658203,706161.0
1780947000,99.13999938964844,99.29000091552734,98.87000274658203,98.87000274658203,1091430.0
1781011800,99.05000305175781,100.08999633789062,98.51000213623047,99.66000366210938,1444726.0
1781015400,99.63999938964844,99.87000274658203,99.0250015258789,99.0250015258789,648502.0
1781019000,99.06999969482422,99.6500015258789,98.98159790039062,99.62000274658203,938259.0
1781022600,99.61000061035156,99.94499969482422,99.125,99.38009643554688,1025903.0
1781026200,99.37999725341797,99.66999816894531,99.31999969482422,99.41999816894531,573402.0
1781029800,99.43000030517578,99.55000305175781,99.19999694824219,99.2300033569336,706844.0
1781033400,99.20999908447266,99.52999877929688,98.80000305175781,99.33000183105469,1016560.0
1781098200,99.48999786376953,99.55000305175781,97.94999694824219,98.94000244140625,1410852.0
1781101800,98.9000015258789,99.6500015258789,98.81999969482422,99.5999984741211,775389.0
1781105400,99.58000183105469,99.75499725341797,99.18900299072266,99.39779663085938,587321.0
1781109000,99.39344024658203,99.44999694824219,99.19999694824219,99.33100128173828,366330.0
1781112600,99.33000183105469,99.55999755859375,99.1500015258789,99.3550033569336,542445.0
1781116200,99.3550033569336,99.37000274658203,98.94999694824219,99.09500122070312,692990.0
1781119800,99.09500122070312,99.1500015258789,98.58000183105469,98.62000274658203,983513.0
1781184600,98.88999938964844,99.0999984741211,98.16999816894531,98.57499694824219,1133011.0
1781188200,98.58000183105469,98.9000015258789,98.0999984741211,98.7300033569336,797996.0
1781191800,98.7300033569336,98.7699966430664,98.41000366210938,98.47000122070312,572657.0
1781195400,98.4800033569336,99.4800033569336,98.41999816894531,99.43499755859375,826729.0
1781199000,99.5,100.5999984741211,98.59619903564453,100.06999969482422,1384697.0
1781202600,100.08000183105469,100.45500183105469,100.0199966430664,100.41000366210938,874145.0
1781206200,100.41999816894531,100.73999786376953,100.30000305175781,100.33999633789062,1643624.0
1781271000,101.05999755859375,101.76850128173828,99.53500366210938,100.0,1493560.0
1781274600,100.01000213623047,100.66000366210938,99.66999816894531,100.44000244140625,736348.0
1781278200,100.42500305175781,100.46499633789062,99.82499694824219,100.05500030517578,618380.0
1781281800,100.05500030517578,100.625,100.03500366210938,100.54000091552734,714815.0
1781285400,100.52999877929688,100.69000244140625,100.12000274658203,100.2300033569336,673918.0
1781289000,100.23999786376953,100.4800033569336,100.03500366210938,100.05999755859375,1190299.0
1781292600,100.05500030517578,100.07009887695312,99.61499786376953,100.02999877929688,1235018.0
1781530200,100.87999725341797,102.19000244140625,100.58999633789062,101.25,2378779.0
1781533800,101.25,102.11000061035156,101.16999816894531,101.8499984741211,1232446.0
1781537400,101.83000183105469,102.4000015258789,101.6500015258789,102.1500015258789,689405.0
1781541000,102.12999725341797,102.12999725341797,101.58000183105469,101.63009643554688,660436.0
1781544600,101.62789916992188,101.68000030517578,101.30000305175781,101.66000366210938,919514.0
1781548200,101.6500015258789,101.8499984741211,101.58000183105469,101.83999633789062,722895.0
1781551800,101.83000183105469,101.94000244140625,101.57499694824219,101.72000122070312,1477448.0
1781616600,101.43000030517578,101.93000030517578,100.18009948730469,100.30000305175781,1824345.0
1781620200,100.28500366210938,100.77999877929688,100.05000305175781,100.62999725341797,871101.0
1781623800,100.62999725341797,101.27999877929688,100.56999969482422,101.25,1039015.0
1781627400,101.24500274658203,101.37000274658203,100.51000213623047,100.70500183105469,1205566.0
1781631000,100.70999908447266,101.41000366210938,100.69000244140625,101.30000305175781,959271.0
1781634600,101.30000305175781,101.43000030517578,101.0,101.18000030517578,809122.0
1781638200,101.16000366210938,101.47000122070312,101.05999755859375,101.33000183105469,2134143.0
1781703000,100.66999816894531,101.8499984741211,100.44000244140625,101.70999908447266,1622407.0
1781706600,101.75,102.36000061035156,101.4000015258789,102.2300033569336,1095886.0
1781710200,102.23999786376953,102.25,101.70999908447266,101.80999755859375,715906.0
1781713800,101.80999755859375,102.13999938964844,101.70999908447266,101.80999755859375,744593.0
1781717400,101.80999755859375,101.83000183105469,101.16000366210938,101.65499877929688,888714.0
1781721000,101.6500015258789,101.97000122070312,100.86499786376953,100.94000244140625,1173313.0
1781724600,100.91999816894531,101.0999984741211,100.67500305175781,100.87999725341797,1859938.0
1781789400,101.80000305175781,102.22000122070312,100.80000305175781,101.83499908447266,3282458.0
1781793000,101.8499984741211,102.77999877929688,101.76000213623047,102.49500274658203,1331962.0
1781796600,102.5199966430664,103.2300033569336,102.5199966430664,103.19999694824219,892278.0
1781800200,103.19499969482422,103.93000030517578,103.16999816894531,103.75,727586.0
1781803800,103.75,104.22000122070312,103.65499877929688,103.80999755859375,969709.0
1781807400,103.7699966430664,104.05999755859375,103.66999816894531,103.91500091552734,1261265.0
1781811000,103.93000030517578,104.19999694824219,103.58999633789062,103.87999725341797,2509020.0
1782135000,103.41000366210938,104.30999755859375,102.82499694824219,102.83999633789062,1824414.0
1782138600,102.8499984741211,103.18000030517578,102.55999755859375,102.77999877929688,1695364.0
1782142200,102.77999877929688,103.02999877929688,102.08000183105469,102.19499969482422,1871367.0
1782145800,102.19499969482422,102.2699966430664,101.5199966430664,101.62000274658203,1095897.0
1782149400,101.58000183105469,102.37999725341797,101.51000213623047,102.30999755859375,872898.0
1782153000,102.31999969482422,102.4800033569336,101.86000061035156,102.1500015258789,1439451.0
1782156600,102.1500015258789,102.55000305175781,102.05999755859375,102.41000366210938,2004933.0
1782221400,102.0199966430664,104.04000091552734,101.80000305175781,103.74500274658203,1914076.0
1782225000,103.7300033569336,103.93000030517578,102.75,102.80999755859375,1097039.0
1782228600,102.80999755859375,103.57499694824219,102.75,103.42500305175781,986088.0
1782232200,103.42500305175781,103.55000305175781,103.21499633789062,103.21499633789062,537787.0
1782235800,103.2300033569336,103.47000122070312,103.0999984741211,103.42500305175781,985740.0
1782239400,103.42500305175781,103.68000030517578,103.27999877929688,103.33000183105469,900960.0
1782243000,103.33499908447266,103.8499984741211,103.26000213623047,103.5199966430664,1515032.0
1782307800,103.0999984741211,104.52999877929688,102.87000274658203,104.19999694824219,1930662.0
1782311400,104.19000244140625,104.2300033569336,103.27999877929688,103.87000274658203,927261.0
1782315000,103.87000274658203,103.87000274658203,102.91000366210938,102.95999908447266,814642.0
1782318600,102.95999908447266,102.9800033569336,101.75,101.83999633789062,1422171.0
1782322200,101.83999633789062,102.4000015258789,101.80789947509766,102.37000274658203,1033695.0
1782325800,102.37999725341797,102.55999755859375,101.91000366210938,101.95500183105469,1234630.0
1782329400,101.95999908447266,101.98999786376953,101.04000091552734,101.1500015258789,2118986.0
1782394200,101.11000061035156,101.58000183105469,100.02999877929688,101.4800033569336,1520165.0
1782397800,101.44999694824219,101.58000183105469,100.41000366210938,100.58000183105469,1076531.0
1782401400,100.55999755859375,100.70999908447266,99.6500015258789,99.76000213623047,955433.0
1782405000,99.76000213623047,99.77999877929688,98.83000183105469,98.83999633789062,930625.0
1782408600,98.83000183105469,98.93000030517578,98.08000183105469,98.66909790039062,1226197.0
1782412200,98.6792984008789,98.81999969482422,98.37999725341797,98.79000091552734,1101934.0
1782415800,98.77999877929688,98.80999755859375,97.98999786376953,98.08000183105469,1674765.0
1782480600,98.05000305175781,98.9800033569336,97.9000015258789,98.88999938964844,1144673.0
1782484200,98.9000015258789,99.41999816894531,98.78500366210938,99.40579986572266,669184.0
1782487800,99.41000366210938,99.44999694824219,98.58999633789062,98.5999984741211,840850.0
1782491400,98.61000061035156,98.83999633789062,98.55999755859375,98.75,605399.0
1782495000,98.75,99.05000305175781,98.5999984741211,98.5999984741211,695356.0
1782498600,98.6050033569336,98.80000305175781,98.5,98.74500274658203,884488.0
1782502200,98.73999786376953,98.99500274658203,98.47000122070312,98.69999694824219,2187558.0
1782739800,99.70999908447266,100.03500366210938,98.86000061035156,99.55500030517578,1840325.0
1782743400,99.55500030517578,99.62000274658203,98.51000213623047,98.66999816894531,1274116.0
1782747000,98.66000366210938,99.19000244140625,98.56999969482422,99.02999877929688,870220.0
1782750600,99.0199966430664,99.06999969482422,98.55999755859375,98.80000305175781,1205148.0
1782754200,98.81500244140625,98.98999786376953,98.67009735107422,98.81999969482422,680797.0
1782757800,98.83000183105469,98.94499969482422,98.5,98.68499755859375,1529720.0
1782761400,98.68000030517578,98.80000305175781,98.55500030517578,98.62000274658203,1399885.0
1782826200,97.41000366210938,97.5999984741211,96.6500015258789,96.83999633789062,1839866.0
1782829800,96.83999633789062,97.05500030517578,95.98999786376953,96.80999755859375,1344381.0
1782833400,96.80000305175781,96.97989654541016,96.58000183105469,96.91999816894531,734957.0
1782837000,96.91999816894531,96.96990203857422,96.5999984741211,96.6698989868164,596689.0
1782840600,96.66999816894531,96.69499969482422,96.36499786376953,96.40499877929688,679070.0
1782844200,96.40499877929688,96.48999786376953,96.23999786376953,96.2750015258789,944794.0
1782847800,96.2699966430664,96.48999786376953,96.20999908447266,96.2249984741211,1752817.0
1782912600,96.55000305175781,97.4800033569336,96.0199966430664,97.37000274658203,1230063.0
1782916200,97.36000061035156,97.76000213623047,97.1500015258789,97.21499633789062,1210208.0
1782919800,97.21499633789062,97.23999786376953,96.7750015258789,96.90499877929688,984744.0
1782923400,96.91000366210938,96.9800033569336,96.4000015258789,96.48500061035156,865865.0
1782927000,96.48999786376953,96.73500061035156,96.25,96.33999633789062,794923.0
1782930600,96.34500122070312,96.56999969482422,95.9000015258789,95.91999816894531,1302930.0
1782934200,95.91999816894531,96.10559844970703,95.6500015258789,95.73999786376953,1628540.0
1782999000,96.4000015258789,96.88999938964844,95.7699966430664,96.37989807128906,1395233.0
1783002600,96.37000274658203,97.32060241699219,96.33999633789062,97.125,1065069.0
1783006200,97.13999938964844,98.12000274658203,97.05000305175781,98.05000305175781,1267613.0
1783009800,98.02999877929688,98.37999725341797,97.91000366210938,98.34500122070312,779937.0
1783013400,98.33000183105469,98.41999816894531,97.97000122070312,98.30000305175781,741071.0
1783017000,98.29499816894531,99.12000274658203,98.26000213623047,99.06999969482422,1075960.0
1783020600,99.06500244140625,99.51000213623047,98.9800033569336,99.44999694824219,2073502.0
1783344600,98.8499984741211,99.44000244140625,97.01499938964844,97.19000244140625,1740145.0
1783348200,97.19000244140625,97.80999755859375,97.02999877929688,97.33000183105469,1118647.0
1783351800,97.33000183105469,97.7699966430664,97.23999786376953,97.73999786376953,749895.0
1783355400,97.73999786376953,97.93000030517578,97.54000091552734,97.69999694824219,817263.0
1783359000,97.69999694824219,97.73999786376953,97.28500366210938,97.4000015258789,1012072.0
1783362600,97.39009857177734,97.62000274658203,97.29000091552734,97.30500030517578,702195.0
1783366200,97.30000305175781,97.47000122070312,97.12000274658203,97.41999816894531,1196707.0
1783431000,98.13999938964844,99.03500366210938,97.90499877929688,98.12999725341797,1893293.0
1783434600,98.11000061035156,98.54499816894531,97.69999694824219,97.85749816894531,824500.0
1783438200,97.8499984741211,97.91999816894531,97.16000366210938,97.41000366210938,1056626.0
1783441800,97.41380310058594,97.57990264892578,96.91999816894531,97.5199966430664,1138893.0
1783445400,97.51000213623047,97.63150024414062,97.08999633789062,97.2300033569336,782332.0
1783449000,97.22000122070312,97.41000366210938,97.06999969482422,97.26000213623047,811225.0
1783452600,97.2699966430664,97.72000122070312,97.125,97.46499633789062,1433439.0
1783517400,97.30000305175781,97.41999816894531,96.63999938964844,96.75499725341797,1135404.0
1783521000,96.75,97.01000213623047,96.66000366210938,96.87000274658203,812722.0
1783524600,96.86000061035156,97.05999755859375,96.77999877929688,96.97000122070312,488480.0
1783528200,96.98999786376953,97.65499877929688,96.9800033569336,97.41999816894531,829581.0
1783531800,97.41000366210938,97.5199966430664,97.30000305175781,97.41999816894531,595742.0
1783535400,97.41500091552734,97.51000213623047,97.12000274658203,97.19000244140625,1205637.0
1783539000,97.19000244140625,97.22000122070312,96.69000244140625,96.69999694824219,1168184.0
1783603800,96.33999633789062,96.55000305175781,94.77999877929688,95.62000274658203,2247961.0
1783607400,95.61499786376953,96.03500366210938,95.4800033569336,95.83999633789062,1236904.0
1783611000,95.83000183105469,96.47000122070312,95.77010345458984,96.4000015258789,1048736.0
1783614600,96.4000015258789,96.51499938964844,96.16000366210938,96.26000213623047,639899.0
1783618200,96.25,96.33000183105469,95.80999755859375,95.87999725341797,1878576.0
1783621800,95.87999725341797,95.88500213623047,95.66999816894531,95.7300033569336,846567.0
1783625400,95.7300033569336,96.16999816894531,95.72000122070312,96.16500091552734,1312660.0
1783690200,96.88999938964844,97.05000305175781,95.80999755859375,96.17500305175781,1923375.0
1783693800,96.16000366210938,96.31999969482422,95.5999984741211,96.15499877929688,988802.0
1783697400,96.15499877929688,96.22000122070312,95.76000213623047,95.7699966430664,923104.0
1783701000,95.7699966430664,95.96939849853516,95.72000122070312,95.76499938964844,705146.0
1783704600,95.76499938964844,96.12999725341797,95.69999694824219,96.12999725341797,760371.0
1783708200,96.12999725341797,96.2699966430664,95.86000061035156,95.87999725341797,1214235.0
1783711800,95.87000274658203,95.87000274658203,95.5199966430664,95.62000274658203,1906717.0
1783949400,96.0999984741211,97.54000091552734,96.01000213623047,97.12000274658203,2361886.0
1783953000,97.0999984741211,97.41000366210938,96.93000030517578,97.13999938964844,748015.0
1783956600,97.13999938964844,97.25499725341797,96.55750274658203,96.59750366210938,740776.0
1783960200,96.58999633789062,96.66000366210938,96.05000305175781,96.05000305175781,1167582.0
1783963800,96.05999755859375,96.4800033569336,95.94000244140625,95.99500274658203,840280.0
1783967400,96.0,96.2300033569336,95.95999908447266,96.02999877929688,890850.0
1783971000,96.02999877929688,96.125,95.82499694824219,96.01000213623047,1138864.0
1784035800,95.51000213623047,95.94999694824219,95.12999725341797,95.52999877929688,1424283.0
1784039400,95.5199966430664,96.06999969482422,95.44000244140625,95.94439697265625,925992.0
1784043000,95.94999694824219,96.44499969482422,95.8499984741211,96.38899993896484,723601.0
1784046600,96.3949966430664,96.68499755859375,96.30999755859375,96.63500213623047,611811.0
1784050200,96.62999725341797,96.6500015258789,96.43499755859375,96.47000122070312,594753.0
1784053800,96.47000122070312,96.63500213623047,96.28500366210938,96.3550033569336,687118.0
1784057400,96.3499984741211,96.3499984741211,95.68000030517578,95.87000274658203,1222472.0
1784122200,96.0999984741211,97.9000015258789,96.0999984741211,97.7300033569336,1278678.0
1784125800,97.73999786376953,97.7750015258789,97.11000061035156,97.38999938964844,772662.0
1784129400,97.37999725341797,97.61499786376953,97.19750213623047,97.33000183105469,807029.0
1784133000,97.31999969482422,97.81999969482422,96.52999877929688,97.38999938964844,1682302.0
1784136600,97.4000015258789,97.62999725341797,97.0999984741211,97.16000366210938,894168.0
1784140200,97.15989685058594,97.29000091552734,96.88500213623047,97.11000061035156,717548.0
1784143800,97.1050033569336,97.25,97.0,97.16500091552734,1012931.0
1784208600,97.2750015258789,98.91999816894531,97.2750015258789,97.98999786376953,1082764.0
1784212200,98.01000213623047,98.69999694824219,97.77999877929688,98.68000030517578,647778.0
1784215800,98.69000244140625,99.05000305175781,98.37999725341797,98.7300033569336,640023.0
1784219400,98.75,99.08999633789062,98.75,98.8949966430664,471565.0
1784223000,98.87999725341797,99.06999969482422,98.77999877929688,99.0199966430664,602033.0
1784226600,99.01000213623047,99.4000015258789,99.00800323486328,99.22000122070312,849143.0
1784230200,99.22000122070312,99.84500122070312,99.0199966430664,99.73999786376953,1711859.0
1784295000,99.00499725341797,99.79000091552734,98.51000213623047,98.61000061035156,2509202.0
1784298600,98.59400177001953,98.69000244140625,97.87000274658203,98.13500213623047,1107407.0
1784302200,98.1500015258789,98.27970123291016,97.55000305175781,97.62000274658203,1207794.0
1784305800,97.61000061035156,97.80999755859375,97.31999969482422,97.57499694824219,710367.0
1784309400,97.56069946289062,97.7249984741211,97.17500305175781,97.17500305175781,811145.0
1784313000,97.19000244140625,97.44999694824219,97.05000305175781,97.29000091552734,766462.0
1784316600,97.30000305175781,97.81999969482422,97.23500061035156,97.66000366210938,1474479.0
1784554200,97.8499984741211,98.38500213623047,96.08000183105469,96.37000274658203,2085940.0
1784557800,96.36000061035156,96.94999694824219,96.29000091552734,96.83000183105469,949400.0
1784561400,96.83499908447266,96.93000030517578,96.61100006103516,96.875,779181.0
1784565000,96.87000274658203,97.01899719238281,96.5,96.56999969482422,766395.0
1784568600,96.56500244140625,96.58999633789062,96.2699966430664,96.40499877929688,784816.0
1784572200,96.4000015258789,96.41500091552734,96.0,96.16500091552734,1128356.0
1784575800,96.16999816894531,96.44999694824219,96.14099884033203,96.43499755859375,1280955.0
1784640600,96.0,96.88500213623047,95.83999633789062,96.25499725341797,1525966.0
1784644200,96.25,96.61000061035156,96.08999633789062,96.28990173339844,1500170.0
1784647800,96.28500366210938,96.62999725341797,96.26000213623047,96.54170989990234,758949.0
1784651400,96.54000091552734,96.61799621582031,96.08999633789062,96.25129699707031,907099.0
1784655000,96.25499725341797,96.61000061035156,96.20999908447266,96.51000213623047,700897.0
1784658600,96.50499725341797,96.67500305175781,96.44999694824219,96.56999969482422,903863.0
1784662200,96.56500244140625,96.58999633789062,96.08000183105469,96.13500213623047,1433757.0
1784727000,97.12000274658203,97.30000305175781,96.35230255126953,96.6500015258789,1579916.0
1784730600,96.66000366210938,96.875,96.55999755859375,96.78500366210938,795409.0
1784734200,96.77999877929688,96.94999694824219,96.48999786376953,96.69999694824219,923832.0
1784737800,96.69100189208984,96.75389862060547,96.43000030517578,96.4666976928711,937652.0
1784741400,96.46499633789062,96.68000030517578,96.37999725341797,96.45500183105469,667180.0
1784745000,96.45500183105469,96.45500183105469,95.76239776611328,95.88999938964844,1064360.0
1784748600,95.87999725341797,96.05999755859375,95.6449966430664,95.87000274658203,1386921.0
1784813400,94.80999755859375,94.81999969482422,93.01000213623047,93.11000061035156,3072229.0
1784817000,93.11499786376953,93.21499633789062,92.48999786376953,92.6500015258789,1614240.0
1784820600,92.63999938964844,93.16999816894531,92.58999633789062,93.08000183105469,1211120.0
1784824200,93.08000183105469,93.30999755859375,92.52999877929688,93.30000305175781,986670.0
1784827800,93.29000091552734,93.4000015258789,92.9000015258789,92.96499633789062,1592452.0
1784831400,92.95999908447266,93.09500122070312,92.86000061035156,92.93000030517578,1137945.0
1784835000,92.93990325927734,93.17510223388672,92.76000213623047,92.875,1737242.0
1784899800,93.26000213623047,95.03500366210938,93.0,94.81999969482422,2125743.0
1784903400,94.81999969482422,96.12000274658203,94.79000091552734,96.08999633789062,1798691.0
1784907000,96.08000183105469,96.29000091552734,95.55000305175781,95.79000091552734,1253949.0
1784910600,95.80000305175781,95.8499984741211,95.3499984741211,95.44000244140625,881309.0
1784914200,95.45989990234375,95.5199966430664,95.11499786376953,95.32499694824219,1061136.0
1784917800,95.31999969482422,95.3499984741211,94.95999908447266,95.0000991821289,1344412.0
1784921400,95.01000213623047,95.12999725341797,94.7249984741211,94.84500122070312,1479429.0
1785159000,95.51399993896484,96.8499984741211,95.51399993896484,96.50990295410156,1663935.0
1785162600,96.48999786376953,97.16000366210938,96.4800033569336,97.05000305175781,1113712.0
1785166200,97.04000091552734,97.19000244140625,96.76000213623047,97.0999984741211,1134014.0
1785169800,97.09989929199219,97.12000274658203,96.76000213623047,96.91999816894531,744423.0
1785173400,96.88999938964844,96.94000244140625,96.44000244140625,96.55000305175781,896768.0
1785177000,96.55500030517578,96.67500305175781,96.41999816894531,96.52989959716797,983204.0
1785180600,96.52999877929688,96.8499984741211,96.5,96.63999938964844,1674928.0
1785245400,97.0,98.97000122070312,96.97000122070312,98.87999725341797,2206422.0
1785249000,98.88999938964844,98.91999816894531,98.13880157470703,98.72000122070312,1345283.0
1785252600,98.72000122070312,99.0999984741211,98.65499877929688,98.68000030517578,1182659.0
1785256200,98.68000030517578,98.91999816894531,98.51000213623047,98.88500213623047,686517.0
1785259800,98.88500213623047,99.0999984741211,98.77999877929688,99.0999984741211,895407.0
1785263400,99.0999984741211,99.2300033569336,98.44000244140625,98.52999877929688,1177744.0
1785267000,98.5199966430664,98.93499755859375,98.49500274658203,98.9000015258789,1622747.0
1785331800,98.33999633789062,99.41000366210938,98.11000061035156,98.9000015258789,1458028.0
1785335400,98.9000015258789,99.38999938964844,98.80000305175781,99.0999984741211,1276692.0
1785339000,99.0999984741211,99.16999816894531,98.56999969482422,98.69999694824219,836558.0
1785342600,98.69999694824219,98.87000274658203,98.44999694824219,98.52999877929688,634463.0
1785346200,98.5250015258789,98.9800033569336,98.3499984741211,98.94989776611328,1077480.0
1785349800,98.94999694824219,99.0,98.0999984741211,98.19000244140625,1836165.0
1785353400,98.19499969482422,98.54000091552734,97.99199676513672,98.47000122070312,2420378.0
1785418200,97.40499877929688,97.4800033569336,94.91999816894531,94.91999816894531,3502735.0
1785421800,94.92500305175781,95.01000213623047,94.45999908447266,94.88999938964844,2354775.0
1785425400,94.88500213623047,95.61000061035156,94.87999725341797,95.41000366210938,2069581.0
1785429000,95.41000366210938,96.02249908447266,95.40499877929688,96.02249908447266,1835256.0
1785432600,96.0199966430664,96.26499938964844,95.91000366210938,96.125,1681979.0
1785436200,96.125,96.2300033569336,95.91999816894531,96.13500213623047,1923017.0
1785439800,96.13269805908203,96.37000274658203,95.80500030517578,96.16999816894531,3683615.0
1785504600,96.07499694824219,96.58999633789062,95.5999984741211,96.1500015258789,1551163.0
1785508200,96.13999938964844,96.27999877929688,95.73999786376953,95.73999786376953,867697.0
1785511800,95.75,96.16999816894531,95.6500015258789,95.97000122070312,1105640.0
1785515400,95.9749984741211,96.20999908447266,95.94000244140625,96.19999694824219,878159.0
1785519000,96.19499969482422,96.55000305175781,96.02999877929688,96.33999633789062,812393.0
1785522600,96.33000183105469,96.37000274658203,96.0999984741211,96.30000305175781,1073729.0
1785526200,96.29000091552734,96.38999938964844,96.13500213623047,96.22000122070312,1977065.0
1785763800,97.62000274658203,99.05000305175781,97.44999694824219,98.0999984741211,2620707.0
1785767400,98.1050033569336,98.20999908447266,97.55999755859375,97.80999755859375,1138868.0
1785771000,97.81829833984375,97.91000366210938,97.54000091552734,97.68000030517578,821600.0
1785774600,97.66999816894531,97.6969985961914,97.20999908447266,97.43000030517578,900001.0
1785778200,97.44000244140625,97.86000061035156,97.40499877929688,97.83999633789062,688785.0
1785781800,97.83499908447266,98.24810028076172,97.81999969482422,98.2300033569336,1152811.0
1785785400,98.22000122070312,98.33499908447266,98.01000213623047,98.1500015258789,1555296.0
1785850200,97.87000274658203,98.42684936523438,97.37999725341797,98.09500122070312,1974444.0
1785853800,98.09500122070312,98.37999725341797,98.00499725341797,98.16999816894531,1115848.0
1785857400,98.18000030517578,98.5,98.05999755859375,98.2300033569336,1226062.0
1785861000,98.2300033569336,98.51499938964844,98.16000366210938,98.40499877929688,1365684.0
1785864600,98.4000015258789,98.55000305175781,98.30000305175781,98.40499877929688,1506828.0
1785868200,98.41000366210938,98.56999969482422,97.8949966430664,97.91999816894531,1658970.0
1785871800,97.92500305175781,98.37999725341797,97.76499938964844,98.17500305175781,2922141.0
1785936600,101.98999786376953,103.20999908447266,100.04000091552734,100.79000091552734,5986906.0
1785940200,100.80000305175781,101.3550033569336,100.20999908447266,100.45999908447266,1616487.0
1785943800,100.43180084228516,100.61000061035156,99.68499755859375,100.0,2339402.0
1785947400,100.0,101.02999877929688,99.75,101.0,1934631.0
1785951000,101.01000213623047,102.02999877929688,101.01000213623047,101.45999908447266,1734781.0
1785954600,101.44999694824219,101.7698974609375,100.81999969482422,101.52999877929688,1771835.0
1785958200,101.53500366210938,102.0199966430664,101.125,101.73999786376953,2660626.0
1786023000,102.54000091552734,104.19999694824219,102.52999877929688,102.80999755859375,2716987.0
1786026600,102.79000091552734,103.66000366210938,102.51499938964844,103.45999908447266,1430291.0
1786030200,103.44000244140625,103.72000122070312,102.8949966430664,103.41000366210938,1546064.0
1786033800,103.42500305175781,103.61000061035156,103.13500213623047,103.26000213623047,841240.0
1786037400,103.2699966430664,104.30500030517578,103.26619720458984,104.25499725341797,1365243.0
1786041000,104.26000213623047,104.48999786376953,103.87999725341797,104.19499969482422,1265676.0
1786044600,104.19499969482422,104.7300033569336,104.12000274658203,104.66999816894531,1750451.0
1786109400,104.41999816894531,104.94000244140625,103.69999694824219,104.91000366210938,2212922.0
1786113000,104.91000366210938,105.16000366210938,104.4800033569336,104.80999755859375,1362180.0
1786116600,104.80999755859375,104.9000015258789,104.61000061035156,104.70999908447266,723804.0
1786120200,104.72000122070312,105.1500015258789,104.54000091552734,104.95999908447266,1015938.0
1786123800,104.94010162353516,105.11000061035156,104.68000030517578,104.98999786376953,1169029.0
1786127400,104.97000122070312,105.25,104.66999816894531,104.80000305175781,1396317.0
1786131000,104.80000305175781,105.01499938964844,104.75,104.8949966430664,1273535.0
1786368600,104.61000061035156,104.80000305175781,102.83999633789062,103.05999755859375,2806933.0
1786372200,103.05000305175781,103.43000030517578,102.80180358886719,103.08999633789062,871134.0
1786375800,103.0999984741211,103.40499877929688,102.80999755859375,103.31999969482422,657784.0
1786379400,103.31999969482422,103.375,103.0,103.125,485647.0
1786383000,103.12000274658203,103.24500274658203,102.9103012084961,103.18000030517578,380025.0
1786386600,103.16999816894531,103.36000061035156,103.08999633789062,103.16000366210938,515655.0
1786390200,103.18679809570312,103.33999633789062,103.04000091552734,103.19499969482422,1129024.0
1786455000,102.94999694824219,103.93000030517578,102.79000091552734,103.61000061035156,997985.0
1786458600,103.61000061035156,104.08499908447266,103.43000030517578,103.66000366210938,538774.0
1786462200,103.66000366210938,103.9800033569336,103.38999938964844,103.8550033569336,591749.0
1786465800,103.86000061035156,103.86499786376953,102.97000122070312,103.04989624023438,556767.0
1786469400,103.03500366210938,103.37000274658203,103.0,103.20999908447266,400432.0
1786473000,103.19999694824219,103.43000030517578,103.19999694824219,103.24500274658203,461376.0
1786476600,103.23999786376953,103.56999969482422,103.21620178222656,103.52999877929688,1130747.0
1786541400,103.29000091552734,103.41999816894531,102.0250015258789,103.15499877929688,1525770.0
1786545000,103.18000030517578,103.26920318603516,102.75499725341797,103.08999633789062,658338.0
1786548600,103.08499908447266,103.27999877929688,102.69000244140625,102.73999786376953,411023.0
1786552200,102.73629760742188,103.05999755859375,102.7300033569336,103.00499725341797,399552.0
1786555800,102.98999786376953,103.18000030517578,102.91000366210938,103.1500015258789,478733.0
1786559400,103.14009857177734,103.54499816894531,103.06999969482422,103.48999786376953,758801.0
1786563000,103.48500061035156,103.68000030517578,103.18000030517578,103.22000122070312,1165385.0
1786627800,103.80000305175781,104.79000091552734,103.45999908447266,104.72000122070312,1352168.0
1786631400,104.72000122070312,104.92990112304688,103.66059875488281,103.80000305175781,934818.0
1786635000,103.77999877929688,104.20999908447266,103.73999786376953,104.06999969482422,470380.0
1786638600,104.06999969482422,104.23999786376953,104.0,104.03500366210938,406005.0
1786642200,104.03500366210938,104.11499786376953,103.73999786376953,103.95500183105469,536149.0
1786645800,103.94999694824219,104.54000091552734,103.83000183105469,104.48999786376953,758821.0
1786649400,104.5,104.94000244140625,104.5,104.79000091552734,1352802.0
1786714200,104.98999786376953,106.79000091552734,104.91000366210938,106.41999816894531,1752000.0
1786717800,106.38999938964844,107.0199966430664,106.19999694824219,106.7300033569336,1167826.0
1786721400,106.74500274658203,106.81500244140625,106.29499816894531,106.29940032958984,525341.0
1786725000,106.29000091552734,106.37000274658203,105.91999816894531,105.94999694824219,767635.0
1786728600,105.94499969482422,106.56500244140625,105.9000015258789,106.55999755859375,526090.0
1786732200,106.55999755859375,107.02999877929688,106.55999755859375,106.9800033569336,585673.0
1786735800,106.98500061035156,107.11000061035156,106.7699966430664,106.86499786376953,1464511.0
1786973400,106.33000183105469,106.63749694824219,105.4800033569336,105.58000183105469,1068752.0
1786977000,105.59500122070312,105.70999908447266,104.71499633789062,104.86000061035156,1061567.0
1786980600,104.8499984741211,105.02999877929688,104.7750015258789,104.8949966430664,567378.0
1786984200,104.91999816894531,104.9480972290039,104.19999694824219,104.23500061035156,506377.0
1786987800,104.23500061035156,104.3550033569336,104.0,104.04000091552734,567992.0
1786991400,104.04000091552734,104.23999786376953,103.95999908447266,104.12000274658203,915899.0
1786995000,104.12999725341797,104.13999938964844,103.45999908447266,103.51000213623047,1226531.0
1787059800,104.19000244140625,105.05999755859375,103.625,104.63999938964844,1050666.0
1787063400,104.62999725341797,105.20999908447266,104.54000091552734,104.61000061035156,598449.0
1787067000,104.61000061035156,104.95999908447266,104.3499984741211,104.95999908447266,385398.0
1787070600,104.95999908447266,104.9800033569336,104.63999938964844,104.70999908447266,321205.0
1787074200,104.70999908447266,104.8499984741211,104.54499816894531,104.80999755859375,397395.0
1787077800,104.81999969482422,104.8949966430664,104.45999908447266,104.5,579686.0
1787081400,104.50499725341797,104.55999755859375,103.91000366210938,103.98999786376953,1308442.0
1787146200,104.05999755859375,106.62999725341797,103.95999908447266,106.4800033569336,1277682.0
1787149800,106.45999908447266,107.05999755859375,106.27999877929688,106.33999633789062,725872.0
1787153400,106.33999633789062,106.43000030517578,105.94999694824219,105.95999908447266,440262.0
1787157000,105.95999908447266,106.16999816894531,105.70999908447266,106.13500213623047,548857.0
1787160600,106.1500015258789,106.77999877929688,106.11499786376953,106.44999694824219,626628.0
1787164200,106.47000122070312,106.81999969482422,106.36000061035156,106.53500366210938,697985.0
1787167800,106.52999877929688,106.98999786376953,106.52999877929688,106.94000244140625,1733096.0
1787232600,106.87999725341797,108.69000244140625,106.41999816894531,107.49500274658203,1481083.0
1787236200,107.48999786376953,107.9749984741211,106.97000122070312,107.61000061035156,648862.0
1787239800,107.62000274658203,107.69999694824219,107.13999938964844,107.2249984741211,397729.0
1787243400,107.26000213623047,107.48999786376953,107.18000030517578,107.26000213623047,381388.0
1787247000,107.2699966430664,107.5718002319336,107.2300033569336,107.54000091552734,564992.0
1787250600,107.56500244140625,107.9749984741211,107.44499969482422,107.83000183105469,811858.0
1787254200,107.83499908447266,107.94000244140625,107.08999633789062,107.37000274658203,1431848.0
1787319000,107.56999969482422,108.41000366210938,106.98750305175781,107.54000091552734,1321065.0
1787322600,107.52999877929688,108.36499786376953,107.48999786376953,107.7750015258789,673354.0
1787326200,107.79000091552734,107.8550033569336,107.29000091552734,107.37000274658203,376665.0
1787329800,107.36000061035156,107.44999694824219,107.12000274658203,107.2699966430664,382382.0
1787333400,107.26000213623047,107.4800033569336,106.97000122070312,107.37999725341797,460113.0
1787337000,107.38099670410156,107.5999984741211,107.3499984741211,107.55999755859375,616634.0
1787340600,107.54000091552734,108.01000213623047,107.4800033569336,107.7750015258789,1131182.0
1787578200,108.38999938964844,111.87000274658203,108.08000183105469,110.9800033569336,3778195.0
1787581800,110.91999816894531,111.0,109.7750015258789,109.98989868164062,1103775.0
1787585400,109.97000122070312,110.16000366210938,109.66999816894531,109.88009643554688,1087670.0
1787589000,109.8949966430664,110.33000183105469,109.80999755859375,110.12999725341797,1232375.0
1787592600,110.1344985961914,110.41500091552734,110.04000091552734,110.16000366210938,665794.0
1787596200,110.1500015258789,110.29000091552734,110.05999755859375,110.16999816894531,709263.0
1787599800,110.18000030517578,110.73999786376953,110.06999969482422,110.61000061035156,1764776.0
1787664600,110.5,111.04499816894531,109.76000213623047,111.04499816894531,1251998.0
1787668200,111.05000305175781,111.16999816894531,110.55999755859375,110.94999694824219,735381.0
1787671800,110.95999908447266,111.48999786376953,110.95999908447266,111.41239929199219,557699.0
1787675400,111.4000015258789,111.59500122070312,111.26000213623047,111.36000061035156,564298.0
1787679000,111.36000061035156,111.51499938964844,111.13999938964844,111.19999694824219,406894.0
1787682600,111.19999694824219,111.33499908447266,111.05999755859375,111.11000061035156,543858.0
1787686200,111.1050033569336,111.38999938964844,110.94999694824219,111.23999786376953,1041237.0
1787751000,111.30000305175781,111.5199966430664,110.42500305175781,110.47000122070312,871471.0
1787754600,110.45999908447266,110.62999725341797,110.16000366210938,110.16500091552734,450574.0
1787758200,110.18000030517578,110.22000122070312,109.70999908447266,109.76000213623047,445908.0
1787761800,109.73999786376953,109.86000061035156,109.62999725341797,109.77999877929688,427955.0
1787765400,109.79000091552734,109.93499755859375,109.7300033569336,109.73999786376953,347442.0
1787769000,109.73999786376953,109.87999725341797,109.52999877929688,109.58000183105469,483670.0
1787772600,109.56999969482422,109.86499786376953,109.44999694824219,109.63999938964844,941707.0
1787837400,108.77999877929688,108.87000274658203,107.43199920654297,107.94000244140625,1363529.0
1787841000,107.93000030517578,108.16999816894531,107.81999969482422,107.86000061035156,643349.0
1787844600,107.86000061035156,107.91000366210938,107.30000305175781,107.33999633789062,624413.0
1787848200,107.33000183105469,107.38999938964844,107.12000274658203,107.30000305175781,559649.0
1787851800,107.31999969482422,107.55999755859375,107.25,107.34010314941406,586124.0
1787855400,107.3499984741211,107.47000122070312,107.1500015258789,107.19000244140625,731133.0
1787859000,107.20999908447266,107.30999755859375,106.73999786376953,106.80999755859375,1215093.0
1787923800,107.25,107.91999816894531,107.02999877929688,107.37999725341797,1053912.0
1787927400,107.37000274658203,108.0199966430664,107.36000061035156,107.76499938964844,682999.0
1787931000,107.76499938964844,107.93000030517578,107.3499984741211,107.37000274658203,584695.0
1787934600,107.38500213623047,107.69000244140625,107.30000305175781,107.45999908447266,484772.0
1787938200,107.45999908447266,107.81999969482422,107.44999694824219,107.66999816894531,519202.0
1787941800,107.69999694824219,108.13999938964844,107.6050033569336,108.12999725341797,588438.0
1787945400,108.12999725341797,108.19499969482422,107.93000030517578,108.08499908447266,705315.0
