time,open,high,low,close,volume
1692970200,47.012001037597656,47.80500030517578,46.23699951171875,47.05950164794922,23465816.0
1692973800,47.060001373291016,47.192989349365234,45.329002380371094,45.816001892089844,20006759.0
1692977400,45.816001892089844,46.013999938964844,45.02399826049805,45.44499969482422,13361336.0
1692981000,45.44499969482422,45.73746871948242,45.23400115966797,45.36000061035156,8591167.0
1692984600,45.35499954223633,45.95499801635742,45.211997985839844,45.939002990722656,7221927.0
1692988200,45.939002990722656,46.3640022277832,45.733009338378906,46.12799835205078,10675416.0
1692991800,46.12900161743164,46.193992614746094,45.77000045776367,46.01799774169922,6393789.0
1693229400,46.025001525878906,46.47098922729492,44.88800048828125,45.64099884033203,18073307.0
1693233000,45.64350128173828,46.02399826049805,45.270999908447266,45.88800048828125,9752781.0
1693236600,45.87999725341797,45.974998474121094,45.48500061035156,45.88500213623047,6037611.0
1693240200,45.88698959350586,46.859901428222656,45.83049011230469,46.788002014160156,10167106.0
1693243800,46.788002014160156,46.9630012512207,46.36199951171875,46.64800262451172,8616719.0
1693247400,46.6619987487793,46.88499069213867,46.46099853515625,46.58049774169922,7300654.0
1693251000,46.57500076293945,46.97999954223633,46.54999923706055,46.81549835205078,5530038.0
1693315800,46.66600036621094,48.24500274658203,46.39101028442383,48.150001525878906,19203661.0
1693319400,48.15299987792969,48.541988372802734,48.132999420166016,48.407997131347656,11777686.0
1693323000,48.4109992980957,48.92000198364258,48.37099838256836,48.84197235107422,9342490.0
1693326600,48.83375930786133,49.08100128173828,48.661319732666016,48.92399978637695,7097063.0
1693330200,48.92401123046875,49.05799102783203,48.805999755859375,48.96535110473633,6647452.0
1693333800,48.96900177001953,49.01700210571289,48.82600021362305,48.9010009765625,5797192.0
1693337400,48.89899826049805,48.900001525878906,48.52300262451172,48.76900100708008,5794516.0
1693402200,49.04399871826172,49.5,48.42499923706055,48.86600112915039,21636825.0
1693405800,48.8745002746582,49.76599884033203,48.8740119934082,49.49590301513672,12476132.0
1693409400,49.49700164794922,49.75,49.35599899291992,49.67499923706055,7021203.0
1693413000,49.67499923706055,49.9010009765625,49.62000274658203,49.80350112915039,6406420.0
1693416600,49.80249786376953,49.926998138427734,49.07999801635742,49.10799789428711,9076688.0
1693420200,49.11800003051758,49.599998474121094,49.00299835205078,49.05344009399414,7952872.0
1693423800,49.04903793334961,49.288002014160156,48.93375015258789,49.26499938964844,4765867.0
1693488600,49.37999725341797,49.74399948120117,49.1879997253418,49.612998962402344,13122296.0
1693492200,49.61499786376953,49.69499969482422,49.279998779296875,49.555999755859375,6379959.0
1693495800,49.551998138427734,49.665000915527344,49.13999938964844,49.2239990234375,5661341.0
1693499400,49.23799133300781,49.426002502441406,48.95800018310547,49.40302276611328,5891933.0
1693503000,49.4010009765625,49.48999786376953,49.159000396728516,49.41699981689453,4209157.0
1693506600,49.41899871826172,49.65599822998047,49.290000915527344,49.60100173950195,5623285.0
1693510200,49.60499954223633,49.705989837646484,49.36000061035156,49.36499786376953,4632940.0
1693575000,49.762001037597656,49.79999923706055,48.4630012512207,48.801998138427734,14927157.0
1693578600,48.79899978637695,48.82398986816406,48.141597747802734,48.415000915527344,9336383.0
1693582200,48.422000885009766,48.60700225830078,48.213008880615234,48.486000061035156,5097873.0
1693585800,48.48500061035156,48.798988342285156,48.40999984741211,48.57600021362305,4442381.0
1693589400,48.570011138916016,48.72499084472656,48.42900848388672,48.469120025634766,3375136.0
1693593000,48.470001220703125,48.658409118652344,48.349998474121094,48.64299774169922,4329892.0
1693596600,48.64500045776367,48.67000198364258,48.42499923706055,48.50699996948242,3294636.0
1693920600,48.222999572753906,48.78900146484375,47.86000061035156,48.31749725341797,12163924.0
1693924200,48.30751037597656,48.667991638183594,48.279998779296875,48.39501190185547,6401666.0
1693927800,48.40399932861328,48.44300079345703,48.104000091552734,48.32600021362305,4141678.0
1693931400,48.32699966430664,48.540000915527344,48.31489944458008,48.396270751953125,2503429.0
1693935000,48.4010009765625,48.764991760253906,48.38100051879883,48.75400161743164,3518836.0
1693938600,48.750999450683594,48.79999923706055,48.55500030517578,48.753822326660156,3626956.0
1693942200,48.76000213623047,48.850807189941406,48.52001190185547,48.54899978637695,3239245.0
1694007000,48.441001892089844,48.54899978637695,46.85700225830078,46.88011932373047,15087642.0
1694010600,46.89344024658203,47.154998779296875,46.6510009765625,46.90599822998047,8037590.0
1694014200,46.90999984741211,47.047000885009766,46.6609992980957,46.71900177001953,4714364.0
1694017800,46.722782135009766,47.077999114990234,46.57999801635742,47.016502380371094,5528263.0
1694021400,47.01749801635742,47.191001892089844,46.92499923706055,47.10199737548828,4148563.0
1694025000,47.10900115966797,47.137001037597656,46.849998474121094,46.917999267578125,3941689.0
1694028600,46.91699981689453,47.0989990234375,46.878509521484375,47.0620002746582,3727187.0
1694093400,45.525001525878906,46.025001525878906,45.152000427246094,45.8129997253418,15024965.0
1694097000,45.810997009277344,45.98099899291992,45.439002990722656,45.61750030517578,6362098.0
1694100600,45.56871032714844,45.87000274658203,45.547000885009766,45.79999923706055,4024491.0
1694104200,45.801998138427734,45.887001037597656,45.590999603271484,45.656532287597656,2989641.0
1694107800,45.65999984741211,45.98400115966797,45.555999755859375,45.840999603271484,4034413.0
1694111400,45.82600021362305,46.34400177001953,45.811500549316406,46.25699996948242,5298058.0
1694115000,46.25798797607422,46.319000244140625,46.0620002746582,46.2239990234375,3408219.0
1694179800,45.94200134277344,46.60599899291992,45.82999801635742,46.073997497558594,11930490.0
1694183400,46.0880012512207,46.12300109863281,45.270999908447266,45.66469192504883,7886653.0
1694187000,45.67499923706055,46.04798889160156,45.62200164794922,45.97200012207031,5300463.0
1694190600,45.97200012207031,46.02000045776367,45.560997009277344,45.685001373291016,4119865.0
1694194200,45.689002990722656,45.797000885009766,45.33700942993164,45.436927795410156,4706306.0
1694197800,45.44449996948242,45.603878021240234,45.32999801635742,45.41400146484375,4761623.0
1694201400,45.420997619628906,45.571998596191406,45.38201141357422,45.571998596191406,4219492.0
1694439000,46.14800262451172,46.163002014160156,44.3120002746582,44.63800048828125,17108004.0
1694442600,44.63199996948242,44.97600173950195,44.50499725341797,44.76000213623047,7527384.0
1694446200,44.75310134887695,44.79800033569336,44.459999084472656,44.6785888671875,4320369.0
1694449800,44.68349838256836,45.04999923706055,44.58100891113281,44.95650100708008,4607282.0
1694453400,44.96099853515625,45.15291976928711,44.904998779296875,44.96977996826172,3943357.0
1694457000,44.97481155395508,45.30799865722656,44.915000915527344,45.29249954223633,4255028.0
1694460600,45.288002014160156,45.33290100097656,45.084007263183594,45.17749786376953,3232086.0
1694525400,44.737998962402344,45.65299987792969,44.53099822998047,45.064998626708984,11136210.0
1694529000,45.055999755859375,45.28499221801758,44.9370002746582,45.26499938964844,5148269.0
1694532600,45.26026153564453,45.48099899291992,45.25699996948242,45.332191467285156,3398097.0
1694536200,45.3390007019043,45.4640007019043,45.11000061035156,45.314998626708984,2907608.0
1694539800,45.31999969482422,45.44499969482422,45.13500213623047,45.301998138427734,3193931.0
1694543400,45.301998138427734,45.31098937988281,44.87999725341797,44.92399978637695,4171730.0
1694547000,44.92399978637695,45.047088623046875,44.814998626708984,44.86899948120117,2887304.0
1694611800,44.599998474121094,45.555999755859375,44.50299835205078,45.201499938964844,10257004.0
1694615400,45.194461822509766,45.67300033569336,45.06700134277344,45.649898529052734,5980731.0
1694619000,45.6510009765625,45.809959411621094,45.4119987487793,45.64099884033203,5380383.0
1694622600,45.650001525878906,45.86499786376953,45.51401138305664,45.78832244873047,3961249.0
1694626200,45.78900146484375,45.93000030517578,45.599998474121094,45.64849853515625,3691617.0
1694629800,45.65299987792969,45.67034912109375,45.189002990722656,45.445499420166016,4793035.0
1694633400,45.448299407958984,45.540748596191406,45.35499954223633,45.5,3031274.0
1694698200,45.95000076293945,45.98699188232422,45.308998107910156,45.516502380371094,10328629.0
1694701800,45.52300262451172,45.888999938964844,45.48099899291992,45.75853729248047,5381575.0
1694705400,45.75899887084961,45.811988830566406,45.50699996948242,45.52149963378906,3600481.0
1694709000,45.52149963378906,45.63898849487305,45.34700012207031,45.36899948120117,3196923.0
1694712600,45.371498107910156,45.45800018310547,45.13100051879883,45.242000579833984,3758626.0
1694716200,45.23699951171875,45.59400177001953,45.185997009277344,45.423099517822266,4165742.0
1694719800,45.426002502441406,45.6619987487793,45.37215805053711,45.590999603271484,3273214.0
1694784600,45.340999603271484,45.5989990234375,44.59000015258789,44.691001892089844,11201271.0
1694788200,44.680999755859375,44.7759895324707,44.20000076293945,44.24150085449219,7554770.0
1694791800,44.24100112915039,44.31690979003906,44.064998626708984,44.275001525878906,4695997.0
1694795400,44.26799774169922,44.48500061035156,43.939002990722656,43.985260009765625,5183783.0
1694799000,43.97600173950195,44.0989990234375,43.81999969482422,43.87049865722656,4737948.0
1694802600,43.86600112915039,44.09198760986328,43.80799865722656,44.057411193847656,5013797.0
1694806200,44.064002990722656,44.159000396728516,43.832000732421875,43.89699935913086,4515141.0
1695043800,42.74800109863281,43.81999969482422,42.0,43.6140022277832,19072098.0
1695047400,43.6161994934082,43.900001525878906,43.367000579833984,43.65392303466797,6896034.0
1695051000,43.65365982055664,44.242000579833984,43.58100128173828,44.165008544921875,5749042.0
1695054600,44.172000885009766,44.1984977722168,43.78099822998047,44.015769958496094,4397844.0
1695058200,44.02300262451172,44.20000076293945,43.959999084472656,43.980499267578125,3746589.0
1695061800,43.98400115966797,44.12499237060547,43.709999084472656,43.79710006713867,3992839.0
1695065400,43.79899978637695,43.974998474121094,43.6879997253418,43.96500015258789,3580799.0
1695130200,43.83300018310547,43.965999603271484,43.31748962402344,43.55699920654297,9946289.0
1695133800,43.54890060424805,43.55649948120117,43.0880012512207,43.24500274658203,6453854.0
1695137400,43.251991271972656,43.334999084472656,43.00199890136719,43.19350051879883,4148133.0
1695141000,43.19200134277344,43.487998962402344,43.154998779296875,43.40299987792969,3282758.0
1695144600,43.39667892456055,43.696998596191406,43.39667892456055,43.58649826049805,4193995.0
1695148200,43.58000946044922,43.78998947143555,43.38100051879883,43.528602600097656,5024523.0
1695151800,43.532997131347656,43.62300109863281,43.42499923706055,43.50899887084961,2375353.0
1695216600,43.599998474121094,43.90299987792969,43.283260345458984,43.47699737548828,8695671.0
1695220200,43.48799133300781,43.63800048828125,43.26599884033203,43.336997985839844,3978034.0
1695223800,43.32999801635742,43.59600067138672,43.31584930419922,43.51000213623047,3051856.0
1695227400,43.51300048828125,43.564998626708984,43.19200134277344,43.207000732421875,2450341.0
1695231000,43.20800018310547,43.29800033569336,42.913002014160156,43.099998474121094,4325141.0
1695234600,43.095497131347656,43.387969970703125,42.736000061035156,42.83953094482422,5816620.0
1695238200,42.83300018310547,42.85560989379883,42.222999572753906,42.23099899291992,5490754.0
1695303000,41.58300018310547,42.099998474121094,41.270999908447266,41.79500198364258,15177035.0
1695306600,41.79349899291992,41.82500076293945,41.39400100708008,41.432830810546875,6367408.0
1695310200,41.42900085449219,41.60186004638672,41.290000915527344,41.461997985839844,4260907.0
1695313800,41.4630012512207,41.65999984741211,41.31501007080078,41.569000244140625,3810792.0
1695317400,41.57999801635742,41.64400100708008,41.32999801635742,41.3745002746582,3038519.0
1695321000,41.37099838256836,41.470001220703125,41.020999908447266,41.045997619628906,5063932.0
1695324600,41.04500198364258,41.26799774169922,40.97999954223633,41.00600051879883,4809523.0
1695389400,41.571998596191406,41.91400146484375,41.23099899291992,41.480499267578125,12221215.0
1695393000,41.48500061035156,42.11499786376953,41.480247497558594,42.00400161743164,10330177.0
1695396600,42.00699996948242,42.0880012512207,41.79999923706055,41.891502380371094,4592126.0
1695400200,41.89699935913086,41.972999572753906,41.617401123046875,41.6609992980957,3830183.0
1695403800,41.6619987487793,41.723167419433594,41.29899978637695,41.532501220703125,5131823.0
1695407400,41.52899932861328,41.979000091552734,41.43199920654297,41.86800003051758,5010474.0
1695411000,41.87999725341797,41.935001373291016,41.529998779296875,41.63199996948242,3792813.0
1695648600,41.590999603271484,42.5359992980957,41.176998138427734,42.178001403808594,13493416.0
1695652200,42.17005157470703,42.44200134277344,41.875,42.27799987792969,6565481.0
1695655800,42.2869987487793,42.461997985839844,42.06720733642578,42.36429977416992,4658850.0
1695659400,42.36800003051758,42.37000274658203,42.01799774169922,42.14899826049805,3918621.0
1695663000,42.154998779296875,42.236000061035156,41.96500015258789,42.01000213623047,3402884.0
1695666600,42.01000213623047,42.165000915527344,41.7609977722168,41.92449951171875,4302578.0
1695670200,41.92000198364258,42.25368881225586,41.842002868652344,42.229000091552734,3246205.0
1695735000,42.000999450683594,42.394989013671875,41.654998779296875,42.3640022277832,10805123.0
1695738600,42.3640022277832,42.81999969482422,42.07999801635742,42.09049987792969,8255868.0
1695742200,42.09600067138672,42.3739013671875,42.01801300048828,42.23649978637695,4520156.0
1695745800,42.233497619628906,42.37999725341797,42.15501022338867,42.18000030517578,3164994.0
1695749400,42.183998107910156,42.37799835205078,41.98497009277344,42.21599197387695,3724057.0
1695753000,42.20949935913086,42.23200225830078,41.79999923706055,41.86896896362305,3985955.0
1695756600,41.87000274658203,41.9379997253418,41.76000213623047,41.9119987487793,3204543.0
1695821400,42.32999801635742,42.654998779296875,42.05500030517578,42.34600067138672,10644025.0
1695825000,42.3640022277832,42.407997131347656,41.88500213623047,42.25,6427200.0
1695828600,42.25299835205078,42.262001037597656,41.62900924682617,41.834999084472656,4983029.0
1695832200,41.84700012207031,41.946590423583984,41.68000030517578,41.76300048828125,3497162.0
1695835800,41.76000213623047,42.23099899291992,41.65999984741211,42.20249938964844,3761316.0
1695839400,42.20499801635742,42.87200164794922,42.20499801635742,42.63399887084961,8468898.0
1695843000,42.632999420166016,42.71099853515625,42.37099838256836,42.46799850463867,4100707.0
1695907800,42.459999084472656,43.02799987792969,42.11499786376953,42.56000900268555,12214690.0
1695911400,42.56700134277344,42.974998474121094,42.38100051879883,42.92040252685547,5883948.0
1695915000,42.917999267578125,43.446311950683594,42.90700149536133,43.39899826049805,6161096.0
1695918600,43.407997131347656,43.417999267578125,43.05500030517578,43.162010192871094,3777252.0
1695922200,43.17000198364258,43.285987854003906,42.9630012512207,43.22898864746094,3613362.0
1695925800,43.229000091552734,43.310001373291016,42.7869987487793,43.28887939453125,5622464.0
1695929400,43.2859992980957,43.31599044799805,42.97999954223633,43.06800079345703,3415422.0
1695994200,43.82699966430664,44.14400100708008,43.64800262451172,43.774009704589844,11695982.0
1695997800,43.779197692871094,44.0369987487793,43.770999908447266,43.810001373291016,5333904.0
1696001400,43.80849838256836,43.837989807128906,43.62416076660156,43.718990325927734,4058949.0
1696005000,43.71799850463867,43.76799011230469,43.39299774169922,43.54199981689453,3769543.0
1696008600,43.5359992980957,43.60300064086914,43.30693817138672,43.382999420166016,3739151.0
1696012200,43.38500213623047,43.70000076293945,43.36701202392578,43.551998138427734,4050094.0
1696015800,43.55400085449219,43.72249984741211,43.45000076293945,43.48699951171875,4064098.0
1696253400,44.029998779296875,45.038002014160156,43.861000061035156,44.65700149536133,14335903.0
1696257000,44.659000396728516,45.1609992980957,44.558998107910156,45.14500045776367,6337526.0
1696260600,45.150001525878906,45.17499923706055,44.57999801635742,44.72200012207031,5561964.0
1696264200,44.720001220703125,44.790000915527344,44.47100067138672,44.790000915527344,3886473.0
1696267800,44.783790588378906,44.85700225830078,44.38100051879883,44.4734992980957,3949976.0
1696271400,44.47983932495117,44.54399871826172,44.25600051879883,44.489498138427734,3797295.0
1696275000,44.4890022277832,44.797000885009766,44.439998626708984,44.795997619628906,3576213.0
1696339800,44.80799865722656,45.12999725341797,44.34400177001953,44.38405990600586,12931678.0
1696343400,44.38199996948242,44.51955795288086,43.61499786376953,43.873497009277344,8750969.0
1696347000,43.867000579833984,43.98198699951172,43.59700012207031,43.94580078125,5234864.0
1696350600,43.946998596191406,44.10199737548828,43.554229736328125,43.60150146484375,4939929.0
1696354200,43.603721618652344,43.779998779296875,43.39099884033203,43.5053596496582,4657044.0
1696357800,43.50299835205078,43.709991455078125,43.342002868652344,43.36199951171875,4523729.0
1696361400,43.361331939697266,43.595001220703125,43.24599838256836,43.534000396728516,4103080.0
1696426200,43.742000579833984,44.04399108886719,43.29201126098633,43.3129997253418,10384532.0
1696429800,43.316001892089844,43.95098876953125,43.30607986450195,43.8703498840332,5789820.0
1696433400,43.874000549316406,44.14299774169922,43.803001403808594,43.86600112915039,4805856.0
1696437000,43.86600112915039,43.99500274658203,43.60900115966797,43.624000549316406,3226032.0
1696440600,43.612998962402344,43.720001220703125,43.45000076293945,43.605499267578125,3099158.0
1696444200,43.604888916015625,43.96900177001953,43.54999923706055,43.930999755859375,3212806.0
1696447800,43.939998626708984,44.0989990234375,43.89500045776367,44.00699996948242,3448877.0
1696512600,44.04999923706055,44.526390075683594,43.88800048828125,44.48699951171875,11360253.0
1696516200,44.48149871826172,44.487998962402344,44.055999755859375,44.27399826049805,5386738.0
1696519800,44.279998779296875,44.592002868652344,44.18500900268555,44.53799057006836,4801456.0
1696523400,44.532447814941406,44.59299850463867,44.3129997253418,44.53200149536133,3362941.0
1696527000,44.538002014160156,44.900001525878906,44.46001052856445,44.74449920654297,4816027.0
1696530600,44.74500274658203,44.900001525878906,44.63199996948242,44.773040771484375,4004630.0
1696534200,44.77399826049805,44.85599899291992,44.6140022277832,44.68000030517578,3324811.0
1696599000,44.19300079345703,44.7239990234375,44.0260009765625,44.70800018310547,10797241.0
1696602600,44.70899963378906,45.04500198364258,44.70199966430664,45.01300048828125,7341109.0
1696606200,45.02799987792969,45.599998474121094,45.013999938964844,45.48999786376953,6837184.0
1696609800,45.49500274658203,45.64099884033203,45.40999984741211,45.56700134277344,4144840.0
1696613400,45.56999969482422,45.62091064453125,45.426002502441406,45.61600112915039,3377738.0
1696617000,45.61499786376953,45.70899963378906,45.52399826049805,45.69350051879883,3769723.0
1696620600,45.69350051879883,45.78900146484375,45.652000427246094,45.76163101196289,4054622.0
1696858200,44.842002868652344,45.04999923706055,44.417999267578125,44.709320068359375,13162929.0
1696861800,44.71900177001953,44.773902893066406,44.36800003051758,44.51000213623047,4963964.0
1696865400,44.51000213623047,44.86289978027344,44.5,44.775001525878906,3473688.0
1696869000,44.77899932861328,45.11000061035156,44.71099853515625,45.066009521484375,3416864.0
1696872600,45.07500076293945,45.560997009277344,45.06616973876953,45.41967010498047,6002919.0
1696876200,45.420997619628906,45.60499954223633,45.29100036621094,45.51700210571289,4939165.0
1696879800,45.527992248535156,45.5359992980957,45.17399978637695,45.27300262451172,2921187.0
1696944600,45.310001373291016,45.632999420166016,45.0880012512207,45.61499786376953,9668942.0
1696948200,45.61899948120117,46.14200210571289,45.59000015258789,46.07749938964844,6641908.0
1696951800,46.079002380371094,46.238990783691406,46.012001037597656,46.0890007019043,4382237.0
1696955400,46.08300018310547,46.25899887084961,45.75,45.986717224121094,4589291.0
1696959000,45.98699951171875,46.03499984741211,45.80799865722656,45.84798812866211,3057459.0
1696962600,45.85350036621094,46.047000885009766,45.84299850463867,45.953548431396484,3314291.0
1696966200,45.954002380371094,45.999000549316406,45.768280029296875,45.79399871826172,2672125.0
1697031000,46.19599914550781,46.55500030517578,46.11000061035156,46.375118255615234,10299804.0
1697034600,46.378501892089844,46.720001220703125,46.249000549316406,46.437007904052734,6484776.0
1697038200,46.44300079345703,46.50498962402344,46.14699935913086,46.314998626708984,4663180.0
1697041800,46.31700134277344,46.39099884033203,46.10499954223633,46.20199966430664,2784488.0
1697045400,46.20000076293945,46.5,46.04999923706055,46.37699890136719,3558004.0
1697049000,46.37998962402344,46.60700225830078,46.367000579833984,46.59400177001953,3615116.0
1697052600,46.595001220703125,46.85900115966797,46.564002990722656,46.808998107910156,4449557.0
1697117400,46.777000427246094,47.60900115966797,46.65999984741211,47.17850112915039,13944825.0
1697121000,47.17850112915039,47.46900177001953,47.12300109863281,47.220001220703125,5872709.0
1697124600,47.21799850463867,47.48160934448242,47.1440315246582,47.452049255371094,4434602.0
1697128200,47.448997497558594,47.560001373291016,46.836997985839844,46.928001403808594,6729286.0
1697131800,46.92000198364258,47.0159912109375,46.32999801635742,46.7140007019043,7317313.0
1697135400,46.70499801635742,46.985111236572266,46.65201187133789,46.87000274658203,4792197.0
1697139000,46.86600112915039,47.060001373291016,46.86101150512695,46.94599914550781,3456452.0
1697203800,46.959999084472656,47.11600112915039,46.54100036621094,46.59000015258789,9190880.0
1697207400,46.59000015258789,46.78499984741211,46.01499938964844,46.080360412597656,7839883.0
1697211000,46.082000732421875,46.29999923706055,45.88100051879883,46.1436882019043,5853622.0
1697214600,46.14899826049805,46.2029914855957,45.45000076293945,45.500999450683594,5336556.0
1697218200,45.49707794189453,45.650001525878906,45.279998779296875,45.37999725341797,5353776.0
1697221800,45.382999420166016,45.75699996948242,45.35900115966797,45.507999420166016,6521057.0
1697225400,45.51300048828125,45.5629997253418,45.35499954223633,45.45800018310547,4958148.0
1697463000,45.0629997253418,46.04161071777344,44.9119987487793,46.01749801635742,12269008.0
1697466600,46.02199935913086,46.12514114379883,45.774009704589844,46.047000885009766,5512241.0
1697470200,46.04800033569336,46.224998474121094,45.731101989746094,45.87799835205078,4372176.0
1697473800,45.885990142822266,46.058990478515625,45.507999420166016,45.652000427246094,3717098.0
1697477400,45.654998779296875,45.99498748779297,45.59600067138672,45.894500732421875,3247660.0
1697481000,45.89325714111328,46.1510009765625,45.79999923706055,46.14200973510742,2754888.0
1697484600,46.147499084472656,46.20800018310547,46.025001525878906,46.0880012512207,3247901.0
1697549400,44.0,44.17900085449219,42.47999954223633,43.73221969604492,31411803.0
1697553000,43.73200225830078,44.24700164794922,43.71961212158203,44.170997619628906,12752818.0
1697556600,44.165000915527344,44.75400161743164,44.10799789428711,44.7244987487793,9181093.0
1697560200,44.71900177001953,44.73699951171875,44.01300048828125,44.01499938964844,6662514.0
1697563800,44.02149963378906,44.02149963378906,43.65399932861328,43.96379852294922,7747734.0
1697567400,43.9640007019043,44.11499786376953,43.64200973510742,43.91699981689453,6878414.0
1697571000,43.92499923706055,44.0364990234375,43.786800384521484,43.95499801635742,4050077.0
1697635800,42.590999603271484,43.21900177001953,42.323997497558594,42.68199920654297,21920516.0
1697639400,42.689998626708984,42.737998962402344,42.18000030517578,42.36101150512695,9144002.0
1697643000,42.363502502441406,42.698001861572266,42.2390022277832,42.30875015258789,6365198.0
1697646600,42.301002502441406,42.493202209472656,42.038002014160156,42.37099838256836,6159451.0
1697650200,42.368011474609375,42.40119934082031,42.12001037597656,42.24501037597656,4416233.0
1697653800,42.258399963378906,42.32749938964844,41.88500213623047,42.02149963378906,6853121.0
1697657400,42.02349853515625,42.2609977722168,41.82500076293945,42.196998596191406,5272873.0
1697722200,42.810997009277344,43.297000885009766,42.242000579833984,42.6619987487793,14662478.0
1697725800,42.6609992980957,43.01329040527344,42.54100036621094,42.749427795410156,6082356.0
1697729400,42.747520446777344,43.13999938964844,42.704002380371094,42.848167419433594,6329256.0
1697733000,42.857181549072266,42.9119987487793,42.409000396728516,42.77000045776367,5156987.0
1697736600,42.757999420166016,42.77300262451172,42.347999572753906,42.412940979003906,4326762.0
1697740200,42.40700149536133,42.40700149536133,41.88199996948242,42.08399963378906,6953738.0
1697743800,42.094268798828125,42.23299789428711,41.98500061035156,42.08399963378906,3563644.0
1697808600,41.88999938964844,42.470001220703125,41.772499084472656,41.882999420166016,11595847.0
1697812200,41.875999450683594,41.9119987487793,41.077999114990234,41.215999603271484,10881384.0
1697815800,41.220001220703125,41.4890022277832,41.20100021362305,41.21549987792969,5781273.0
1697819400,41.22100067138672,41.85020065307617,41.21350860595703,41.7130012512207,5520231.0
1697823000,41.720001220703125,41.875,41.45561981201172,41.497501373291016,4128754.0
1697826600,41.49399948120117,41.645999908447266,41.41061019897461,41.49500274658203,3797859.0
1697830200,41.49300003051758,41.574989318847656,41.35599899291992,41.374000549316406,3322758.0
1698067800,41.400001525878906,42.43000030517578,40.94499969482422,42.35900115966797,13032370.0
1698071400,42.347999572753906,42.62699890136719,42.11499786376953,42.56549835205078,8035149.0
1698075000,42.566001892089844,42.9379997253418,42.49100112915039,42.827999114990234,5753659.0
1698078600,42.82699966430664,42.999000549316406,42.627010345458984,42.79100036621094,4660907.0
1698082200,42.7859992980957,42.9640007019043,42.720001220703125,42.86149978637695,3245174.0
1698085800,42.862998962402344,43.247989654541016,42.74599838256836,42.917999267578125,6542394.0
1698089400,42.915000915527344,43.05799865722656,42.81101989746094,42.979000091552734,3858003.0
1698154200,43.07699966430664,43.38298797607422,42.691001892089844,43.01274871826172,12213852.0
1698157800,43.01000213623047,43.26799774169922,42.93000030517578,43.03398895263672,5339595.0
1698161400,43.020999908447266,43.229000091552734,42.87999725341797,42.91400146484375,3458183.0
1698165000,42.9119987487793,43.11600112915039,42.711997985839844,43.111000061035156,3738944.0
1698168600,43.1140022277832,43.22800064086914,43.03099822998047,43.22600173950195,2780840.0
1698172200,43.22800064086914,43.61199951171875,43.2010498046875,43.545997619628906,5029467.0
1698175800,43.55400085449219,43.696998596191406,43.54399871826172,43.663002014160156,3707148.0
1698240600,43.39800262451172,43.650001525878906,42.867000579833984,43.346500396728516,8451144.0
1698244200,43.351951599121094,43.42499923706055,42.72809982299805,42.909000396728516,4808377.0
1698247800,42.89899826049805,42.97600173950195,42.37099838256836,42.530799865722656,4334930.0
1698251400,42.529998779296875,42.63898849487305,41.95100021362305,42.02479934692383,4706050.0
1698255000,42.01700210571289,42.150001525878906,41.70899963378906,41.99800109863281,4999960.0
1698258600,41.98999786376953,42.064998626708984,41.55500030517578,41.85499954223633,5099932.0
1698262200,41.85599899291992,41.944000244140625,41.67009735107422,41.7609977722168,3705039.0
1698327000,41.85300064086914,42.255550384521484,40.67499923706055,41.01700210571289,13821838.0
1698330600,41.0255012512207,41.32500076293945,40.400001525878906,40.41300964355469,8283291.0
1698334200,40.42150115966797,40.676002502441406,40.10499954223633,40.24300003051758,6636070.0
1698337800,40.239498138427734,40.42000198364258,40.00199890136719,40.082000732421875,6018035.0
1698341400,40.08300018310547,40.56800079345703,39.880191802978516,40.56800079345703,6762917.0
1698345000,40.56050109863281,40.98500061035156,40.49567794799805,40.73699188232422,5495918.0
1698348600,40.729000091552734,40.729000091552734,40.242000579833984,40.274497985839844,4039638.0
1698413400,41.12999725341797,41.20600128173828,40.48400115966797,40.715999603271484,11155254.0
1698417000,40.71900177001953,41.03900146484375,40.422000885009766,40.95750045776367,6437651.0
1698420600,40.967002868652344,40.97999954223633,40.689002990722656,40.76799774169922,4331691.0
1698424200,40.77199935913086,40.90999221801758,40.37999725341797,40.49300003051758,3754810.0
1698427800,40.4890022277832,40.49800109863281,40.01499938964844,40.12000274658203,5052756.0
1698431400,40.12586212158203,40.40700149536133,40.07999801635742,40.35599899291992,5080211.0
1698435000,40.363990783691406,40.53499984741211,40.204002380371094,40.50499725341797,3780141.0
1698672600,41.086997985839844,42.28200149536133,40.736000061035156,40.952999114990234,10045144.0
1698676200,40.94200134277344,41.029991149902344,40.6140022277832,40.73400115966797,6070922.0
1698679800,40.739990234375,41.08586883544922,40.66001892089844,40.70000076293945,3958393.0
1698683400,40.69489288330078,40.90599822998047,40.48099899291992,40.861000061035156,4023532.0
1698687000,40.87000274658203,41.21500015258789,40.81700134277344,41.09400177001953,4603095.0
1698690600,41.09349822998047,41.499000549316406,41.071998596191406,41.360008239746094,4740975.0
1698694200,41.36199951171875,41.44300079345703,41.12841033935547,41.159000396728516,3070055.0
1698759000,40.45000076293945,40.52000045776367,39.230010986328125,39.88692092895508,16969990.0
1698762600,39.887001037597656,40.35334014892578,39.51000213623047,40.14500045776367,8893345.0
1698766200,40.14899826049805,40.342002868652344,40.02300262451172,40.18552017211914,4868024.0
1698769800,40.189998626708984,40.39500045776367,40.060001373291016,40.24500274658203,4078482.0
1698773400,40.25499725341797,40.667999267578125,40.23099899291992,40.42000198364258,5094732.0
1698777000,40.41699981689453,40.87900161743164,40.40999984741211,40.79800033569336,5447963.0
1698780600,40.79899978637695,40.8489990234375,40.63201141357422,40.78200149536133,3935916.0
1698845400,40.88399887084961,41.635990142822266,40.86899948120117,41.60000991821289,9954026.0
1698849000,41.599998474121094,42.038002014160156,41.48101043701172,41.8120002746582,7313059.0
1698852600,41.80799865722656,42.00498962402344,41.67900085449219,41.7140007019043,3728137.0
1698856200,41.7130012512207,41.79999923706055,41.564002990722656,41.65700149536133,3267759.0
1698859800,41.64899826049805,41.887001037597656,41.45555114746094,41.6875,3567431.0
1698863400,41.685997009277344,42.23500061035156,41.40100860595703,42.1609992980957,8399374.0
1698867000,42.16350173950195,42.38100051879883,42.1071891784668,42.310001373291016,4517600.0
1698931800,43.327999114990234,43.59000015258789,42.89400100708008,43.42403030395508,13116607.0
1698935400,43.428001403808594,43.444000244140625,43.165618896484375,43.20600128173828,5354129.0
1698939000,43.207000732421875,43.284000396728516,43.05799865722656,43.150001525878906,3495584.0
1698942600,43.15700149536133,43.34700012207031,43.10599899291992,43.279998779296875,2543106.0
1698946200,43.288002014160156,43.46900177001953,43.22600173950195,43.46099853515625,2966826.0
1698949800,43.458499908447266,43.88399887084961,43.38500213623047,43.7026481628418,6376121.0
1698953400,43.698997497558594,43.74913787841797,43.48099899291992,43.5109977722168,3956067.0
1699018200,44.02000045776367,44.34400177001953,43.722999572753906,43.9739990234375,10830814.0
1699021800,43.96900939941406,44.52000045776367,43.94300079345703,44.469791412353516,5612596.0
1699025400,44.47800064086914,44.78900146484375,44.459999084472656,44.76499938964844,4980352.0
1699029000,44.76449966430664,44.85898971557617,44.6510009765625,44.73699951171875,3895292.0
1699032600,44.742000579833984,45.150001525878906,44.742000579833984,45.14299774169922,5207066.0
1699036200,45.137001037597656,45.308990478515625,45.0629997253418,45.09600067138672,5191081.0
1699039800,45.09400177001953,45.18000030517578,44.95100021362305,45.00400161743164,4100897.0
1699281000,45.28450012207031,45.935001373291016,45.26799774169922,45.5,13297082.0
1699284600,45.500999450683594,45.74699020385742,45.40100860595703,45.654998779296875,4831904.0
1699288200,45.657997131347656,45.75400161743164,45.26000213623047,45.348419189453125,4018914.0
1699291800,45.342002868652344,45.439998626708984,44.89899826049805,44.99800109863281,4511377.0
1699295400,45.00598907470703,45.41899871826172,44.95000076293945,45.375,4081109.0
1699299000,45.37303924560547,45.70199966430664,45.35199737548828,45.67499923706055,4521166.0
1699302600,45.68000030517578,45.768680572509766,45.5629997253418,45.755699157714844,3182545.0
1699367400,45.71900177001953,45.91699981689453,45.157501220703125,45.78199005126953,9752640.0
1699371000,45.7760009765625,46.21799850463867,45.765899658203125,46.073997497558594,6599056.0
1699374600,46.079002380371094,46.172000885009766,45.79100036621094,45.86750030517578,3806302.0
1699378200,45.86568069458008,46.117000579833984,45.7859992980957,46.019989013671875,3054812.0
1699381800,46.02000045776367,46.19200134277344,45.97600173950195,46.145999908447266,2666225.0
1699385400,46.150001525878906,46.21500015258789,45.87300109863281,46.051002502441406,3696641.0
1699389000,46.053001403808594,46.13199996948242,45.875999450683594,45.954002380371094,2730086.0
1699453800,46.099998474121094,46.60700225830078,45.96799850463867,46.187007904052734,9894807.0
1699457400,46.1870002746582,46.54199981689453,46.07999801635742,46.3754997253418,4817623.0
1699461000,46.372711181640625,46.564998626708984,46.15299987792969,46.323001861572266,4209444.0
1699464600,46.310997009277344,46.74399948120117,46.22600173950195,46.69449996948242,4259705.0
1699468200,46.69620132446289,46.867000579833984,46.63800048828125,46.80759811401367,3713349.0
1699471800,46.805999755859375,46.81623077392578,46.44300079345703,46.627689361572266,3707712.0
1699475400,46.625999450683594,46.63317108154297,46.47600173950195,46.58300018310547,2306319.0
1699540200,47.467002868652344,47.86499786376953,47.18000030517578,47.57999801635742,15415579.0
1699543800,47.57999801635742,47.999000549316406,47.43000030517578,47.810001373291016,6076111.0
1699547400,47.80649948120117,48.22999954223633,47.76565933227539,47.864990234375,6559536.0
1699551000,47.86199951171875,48.141990661621094,47.48999786376953,47.926998138427734,5952880.0
1699554600,47.926998138427734,48.03200149536133,47.25400161743164,47.349998474121094,5522644.0
1699558200,47.34000015258789,47.42000198364258,46.75,46.98699951171875,6996661.0
1699561800,46.99700164794922,47.04899978637695,46.795997619628906,46.95549774169922,3376554.0
1699626600,47.5,47.935001373291016,47.28301239013672,47.49599838256836,11888449.0
1699630200,47.49599838256836,48.01000213623047,47.42499923706055,47.79846954345703,6157665.0
1699633800,47.79480743408203,48.00199890136719,47.71100997924805,47.941001892089844,3722322.0
1699637400,47.94614028930664,48.22200012207031,47.90999984741211,48.113502502441406,4714711.0
1699641000,48.113502502441406,48.33300018310547,48.10700225830078,48.28350067138672,3608483.0
1699644600,48.282997131347656,48.47200012207031,48.20100021362305,48.32149887084961,4713970.0
1699648200,48.313499450683594,48.400001525878906,48.21799850463867,48.34000015258789,3478086.0
1699885800,48.31999969482422,49.00499725341797,48.0990104675293,48.89099884033203,13842443.0
1699889400,48.888999938964844,48.98400115966797,48.57999801635742,48.88999938964844,5738228.0
1699893000,48.88999938964844,49.04410934448242,48.671051025390625,48.8120002746582,4428514.0
1699896600,48.80350112915039,48.90999984741211,48.711997985839844,48.72200012207031,2611595.0
1699900200,48.722999572753906,49.042999267578125,48.69002151489258,49.03001022338867,3140976.0
1699903800,49.0359992980957,49.11600112915039,48.819000244140625,49.05698776245117,3758137.0
1699907400,49.055999755859375,49.104000091552734,48.586997985839844,48.61800003051758,3543238.0
1699972200,49.52199935913086,49.76300048828125,49.040008544921875,49.419151306152344,14418837.0
1699975800,49.41749954223633,49.718990325927734,49.39200210571289,49.59600067138672,6142222.0
1699979400,49.60199737548828,49.602989196777344,49.288002014160156,49.4890022277832,4249161.0
1699983000,49.49372863769531,49.69499969482422,49.48400115966797,49.5625,3215067.0
1699986600,49.56700134277344,49.599998474121094,49.33599853515625,49.57537078857422,3385350.0
1699990200,49.57830047607422,49.83399963378906,49.540000915527344,49.7234992980957,4293060.0
1699993800,49.7239990234375,49.82699966430664,49.59299850463867,49.65399932861328,3523192.0
1700058600,49.935001373291016,49.959999084472656,48.66400146484375,49.22100067138672,15167633.0
1700062200,49.23099899291992,49.33399963378906,48.907997131347656,49.301002502441406,6781522.0
1700065800,49.308998107910156,49.308998107910156,48.520999908447266,48.69499969482422,5744771.0
1700069400,48.689998626708984,48.91400146484375,48.20000076293945,48.596012115478516,6156983.0
1700073000,48.59600067138672,48.926998138427734,48.57065963745117,48.87622833251953,4794690.0
1700076600,48.88298797607422,48.999000549316406,48.6609992980957,48.71849822998047,3703360.0
1700080200,48.722999572753906,48.9119987487793,48.66600036621094,48.909000396728516,2853231.0
1700145000,48.82040023803711,49.099998474121094,48.32999801635742,48.960418701171875,10432801.0
1700148600,48.95949935913086,49.09600067138672,48.62699890136719,48.715999603271484,4888365.0
1700152200,48.72100067138672,49.247520446777344,48.62548065185547,49.17449951171875,3933423.0
1700155800,49.176002502441406,49.295997619628906,49.011138916015625,49.176998138427734,3200294.0
1700159400,49.176998138427734,49.220001220703125,48.90299987792969,49.086997985839844,2751866.0
1700163000,49.08649826049805,49.27799987792969,49.060997009277344,49.23186111450195,2834232.0
1700166600,49.2390022277832,49.524688720703125,49.20000076293945,49.487998962402344,3624061.0
1700231400,49.52399826049805,49.717002868652344,49.14339828491211,49.34000015258789,9407298.0
1700235000,49.3380012512207,49.371498107910156,49.00699996948242,49.31919860839844,4817744.0
1700238600,49.3234977722168,49.50400161743164,49.20000076293945,49.284000396728516,3377214.0
1700242200,49.28400802612305,49.555999755859375,49.24500274658203,49.532997131347656,2851517.0
1700245800,49.53499984741211,49.63500213623047,49.35100173950195,49.48122787475586,3542738.0
1700249400,49.47699737548828,49.51000213623047,49.35103988647461,49.407501220703125,2855621.0
1700253000,49.408409118652344,49.42499923706055,49.12900161743164,49.29800033569336,3235035.0
1700490600,49.3120002746582,49.959999084472656,49.181007385253906,49.76668167114258,12118656.0
1700494200,49.777000427246094,49.85999298095703,49.632999420166016,49.69599914550781,4541820.0
1700497800,49.70000076293945,49.88726043701172,49.61199951171875,49.830238342285156,3637661.0
1700501400,49.829002380371094,49.92399978637695,49.720001220703125,49.878501892089844,3429648.0
1700505000,49.87889862060547,50.459999084472656,49.85300064086914,50.42399978637695,6278125.0
1700508600,50.42137145996094,50.54800033569336,50.30500030517578,50.397220611572266,4692675.0
1700512200,50.400001525878906,50.49800109863281,50.32699966430664,50.409000396728516,3438280.0
1700577000,50.125999450683594,50.51700210571289,49.25252151489258,49.28499984741211,14473862.0
1700580600,49.284000396728516,49.83599853515625,49.22200012207031,49.71900177001953,7369760.0
1700584200,49.71649932861328,49.71675109863281,49.48200225830078,49.652000427246094,4681119.0
1700587800,49.65510940551758,49.79698944091797,49.59000015258789,49.70100021362305,3897809.0
1700591400,49.696998596191406,50.12000274658203,49.64800262451172,50.05350112915039,4969119.0
1700595000,50.05699920654297,50.09899139404297,49.913002014160156,50.02300262451172,4440867.0
1700598600,50.02399826049805,50.02495193481445,49.81800079345703,49.9894905090332,4851514.0
1700663400,49.66899871826172,50.334938049316406,47.689998626708984,48.21900177001953,34422269.0
1700667000,48.229000091552734,48.54999923706055,48.07999801635742,48.249000549316406,10692912.0
1700670600,48.25,48.91400146484375,48.18000030517578,48.86800003051758,9021000.0
1700674200,48.87038040161133,49.19599914550781,48.56700134277344,49.19068145751953,9351608.0
1700677800,49.19499969482422,49.448001861572266,49.00199890136719,49.20600128173828,9168960.0
1700681400,49.2135009765625,49.21599197387695,48.54999923706055,48.78900146484375,10351193.0
1700685000,48.790000915527344,48.83675003051758,48.637001037597656,48.70650100708008,5323349.0
1700836200,48.470008850097656,48.920997619628906,47.939998626708984,48.028499603271484,13808920.0
1700839800,48.033809661865234,48.263999938964844,47.95000076293945,48.1609992980957,5759262.0
1700843400,48.163002014160156,48.20499801635742,47.93000030517578,48.0,4655571.0
1701095400,47.79999923706055,48.32099914550781,47.652000427246094,48.183990478515625,12350939.0
1701099000,48.176002502441406,48.27000045776367,47.867000579833984,47.97999954223633,5020291.0
1701102600,47.9739990234375,48.19499969482422,47.93000030517578,48.125,3591787.0
1701106200,48.12699890136719,48.529998779296875,48.055999755859375,48.404998779296875,5070670.0
1701109800,48.400001525878906,48.465999603271484,48.279998779296875,48.37000274658203,3463010.0
1701113400,48.374000549316406,48.44599914550781,48.17300033569336,48.35900115966797,3811047.0
1701117000,48.35700225830078,48.42654037475586,48.16400146484375,48.23400115966797,3379292.0
1701181800,48.236000061035156,48.322898864746094,47.532997131347656,47.707000732421875,10014624.0
1701185400,47.70750045776367,48.04500198364258,47.472999572753906,48.019500732421875,7305910.0
1701189000,48.01401138305664,48.178001403808594,47.97502136230469,48.054229736328125,5078394.0
1701192600,48.05025100708008,48.05400085449219,47.60599899291992,47.6870002746582,4314665.0
1701196200,47.69499969482422,47.77899932861328,47.53499984741211,47.6140022277832,3960102.0
1701199800,47.617000579833984,47.72999954223633,47.52199935913086,47.613990783691406,3562676.0
1701203400,47.60900115966797,47.829002380371094,47.58599853515625,47.82699966430664,3092169.0
1701268200,48.37900161743164,48.762001037597656,48.12300109863281,48.32500076293945,12452902.0
1701271800,48.324928283691406,48.54999923706055,47.94169998168945,47.97249984741211,5784194.0
1701275400,47.974998474121094,48.2239990234375,47.86000061035156,48.220001220703125,3871884.0
1701279000,48.217010498046875,48.266990661621094,48.06700134277344,48.19449996948242,2688636.0
1701282600,48.19449996948242,48.23400115966797,48.0260009765625,48.1510009765625,2320840.0
1701286200,48.150001525878906,48.29999923706055,48.040000915527344,48.0994987487793,3450282.0
1701289800,48.10700225830078,48.22999954223633,48.088069915771484,48.13500213623047,2636783.0
1701354600,48.02399826049805,48.11000061035156,47.361000061035156,47.38199996948242,10728014.0
1701358200,47.388771057128906,47.53450012207031,46.67300033569336,46.720001220703125,9074565.0
1701361800,46.72999954223633,46.847999572753906,46.54999923706055,46.67250061035156,4936525.0
1701365400,46.673500061035156,46.882999420166016,46.422000885009766,46.4890022277832,4941767.0
1701369000,46.4890022277832,46.722999572753906,46.422000885009766,46.58399963378906,3898290.0
1701372600,46.58399963378906,46.834999084472656,46.5369987487793,46.57500076293945,4490340.0
1701376200,46.57215881347656,46.84600067138672,46.534000396728516,46.78099822998047,4445150.0
1701441000,46.525001525878906,46.99399948120117,46.1870002746582,46.36800003051758,11953824.0
1701444600,46.358577728271484,46.9010009765625,46.27000045776367,46.849998474121094,5172530.0
1701448200,46.85900115966797,47.07999801635742,46.74100112915039,46.944000244140625,4569841.0
1701451800,46.94499969482422,47.20000076293945,46.88500213623047,46.89099884033203,3697078.0
1701455400,46.89299774169922,46.96500015258789,46.71900177001953,46.79949951171875,3195087.0
1701459000,46.80228805541992,46.87999725341797,46.67900085449219,46.82600021362305,3117942.0
1701462600,46.823997497558594,46.829002380371094,46.65700149536133,46.76000213623047,2725232.0
1701700200,45.75,45.92499923706055,45.20600128173828,45.28949737548828,13940047.0
1701703800,45.277000427246094,45.38800048828125,45.01000213623047,45.305999755859375,7404850.0
1701707400,45.30350112915039,45.678001403808594,45.16899871826172,45.60799026489258,4720700.0
1701711000,45.61000061035156,45.709991455078125,45.34000015258789,45.353851318359375,3600694.0
1701714600,45.347999572753906,45.459999084472656,45.12300109863281,45.26396942138672,3726418.0
1701718200,45.26499938964844,45.332000732421875,45.13199996948242,45.26362991333008,3633876.0
1701721800,45.26708221435547,45.60799789428711,45.26499938964844,45.512001037597656,3559709.0
1701786600,45.465999603271484,46.560001373291016,45.270999908447266,46.23400115966797,12749554.0
1701790200,46.24399948120117,46.584999084472656,45.96799850463867,46.04999923706055,5461895.0
1701793800,46.05249786376953,46.183990478515625,45.75,46.159141540527344,4531968.0
1701797400,46.16899871826172,46.19717025756836,45.907997131347656,46.140499114990234,2819263.0
1701801000,46.14699935913086,46.42499923706055,46.10199737548828,46.39899826049805,2844452.0
1701804600,46.394500732421875,46.474998474121094,46.21799850463867,46.328468322753906,2911852.0
1701808200,46.329002380371094,46.599998474121094,46.314002990722656,46.56800079345703,3363456.0
1701873000,47.214500427246094,47.387001037597656,46.361000061035156,46.444000244140625,11433656.0
1701876600,46.44599914550781,46.62699890136719,46.35799789428711,46.4073486328125,4046640.0
1701880200,46.403499603271484,46.47100067138672,46.2130012512207,46.37000274658203,3638041.0
1701883800,46.37000274658203,46.382999420166016,45.880638122558594,45.93550109863281,4095400.0
1701887400,45.939002990722656,46.016510009765625,45.71105194091797,45.804500579833984,3986907.0
1701891000,45.80500030517578,45.92399978637695,45.571998596191406,45.672142028808594,3785887.0
1701894600,45.670997619628906,45.777992248535156,45.4119987487793,45.5,3727038.0
1701959400,45.70000076293945,46.24699020385742,45.604000091552734,46.145999908447266,10538841.0
1701963000,46.145999908447266,46.4370002746582,46.02199935913086,46.173500061035156,4905713.0
1701966600,46.176998138427734,46.42900085449219,46.17012023925781,46.41299057006836,3181588.0
1701970200,46.413002014160156,46.51000213623047,46.25000762939453,46.35100173950195,3185477.0
1701973800,46.350608825683594,46.525001525878906,46.292999267578125,46.4840087890625,2794570.0
1701977400,46.4890022277832,46.495967864990234,46.35599899291992,46.42000198364258,2865516.0
1701981000,46.42499923706055,46.62900161743164,46.39699935913086,46.597999572753906,3007393.0
1702045800,46.595001220703125,47.653987884521484,46.54999923706055,47.56385040283203,11902596.0
1702049400,47.56800079345703,47.74085235595703,47.3390007019043,47.582340240478516,6023467.0
1702053000,47.586997985839844,47.599998474121094,47.163002014160156,47.45119094848633,4243006.0
1702056600,47.45050048828125,47.632999420166016,47.362998962402344,47.571998596191406,2907625.0
1702060200,47.571998596191406,47.698001861572266,47.47800064086914,47.676002502441406,2297571.0
1702063800,47.67900085449219,47.683998107910156,47.426998138427734,47.51350021362305,3191397.0
1702067400,47.51000213623047,47.53900146484375,47.45716857910156,47.507999420166016,2915504.0
1702305000,47.125,47.16699981689453,46.218727111816406,46.26000213623047,13709792.0
1702308600,46.26599884033203,46.575599670410156,45.85900115966797,46.02799987792969,9081247.0
1702312200,46.02899932861328,46.25,45.82999801635742,46.2239990234375,5742627.0
1702315800,46.224998474121094,46.60300064086914,45.5880012512207,46.54750061035156,4914916.0
1702319400,46.54549789428711,46.95899963378906,46.510009765625,46.827030181884766,5675205.0
1702323000,46.82550048828125,46.920997619628906,46.5260009765625,46.54249954223633,3959483.0
1702326600,46.54500198364258,46.6510009765625,46.48999786376953,46.63800048828125,3370854.0
1702391400,46.045997619628906,47.420997619628906,46.045997619628906,47.00600051879883,12698128.0
1702395000,47.00749969482422,47.29999923706055,46.80500030517578,47.07024002075195,6159484.0
1702398600,47.070499420166016,47.243499755859375,46.861000061035156,46.88799285888672,3561986.0
1702402200,46.874839782714844,47.028987884521484,46.83399963378906,46.94350051879883,2206738.0
1702405800,46.944000244140625,47.25600051879883,46.90700149536133,47.24700164794922,2767515.0
1702409400,47.24610900878906,47.53499984741211,47.24599838256836,47.47699737548828,4314702.0
1702413000,47.472999572753906,47.66600036621094,47.435089111328125,47.65837860107422,2961647.0
1702477800,47.62900161743164,48.59400177001953,47.60799789428711,48.34049987792969,12989270.0
1702481400,48.34049987792969,48.448001861572266,48.10700225830078,48.275001525878906,5802459.0
1702485000,48.28049850463867,48.2869987487793,48.01599884033203,48.13500213623047,3208884.0
1702488600,48.1359977722168,48.14299011230469,47.801002502441406,47.86600112915039,3274421.0
1702492200,47.86600112915039,48.53200149536133,47.845001220703125,48.31999969482422,5477655.0
1702495800,48.314998626708984,48.5,47.779998779296875,47.98299789428711,7019288.0
1702499400,47.98250198364258,48.12699890136719,47.928001403808594,48.09000015258789,2919304.0
1702564200,48.474998474121094,48.67000198364258,48.00199890136719,48.13399887084961,11226465.0
1702567800,48.13500213623047,48.424991607666016,47.888999938964844,48.20738983154297,5984725.0
1702571400,48.20750045776367,48.29999923706055,48.040000915527344,48.22998809814453,2762631.0
1702575000,48.222999572753906,48.22998809814453,47.422000885009766,47.5629997253418,4671559.0
1702578600,47.566001892089844,48.03499984741211,47.45800018310547,48.03350067138672,4586744.0
1702582200,48.03200149536133,48.20000076293945,47.93001174926758,48.12000274658203,3586570.0
1702585800,48.11101150512695,48.349998474121094,48.11101150512695,48.349998474121094,3089453.0
1702650600,48.400001525878906,49.29199981689453,48.382999420166016,49.27300262451172,14546765.0
1702654200,49.275001525878906,49.40399932861328,48.99300003051758,49.13100051879883,6663584.0
1702657800,49.13399887084961,49.176002502441406,48.86478042602539,49.08753967285156,4023108.0
1702661400,49.09299850463867,49.2140007019043,48.849998474121094,49.2140007019043,4270837.0
1702665000,49.2140007019043,49.292999267578125,48.874000549316406,48.97200012207031,4106034.0
1702668600,48.970001220703125,49.09000015258789,48.906009674072266,48.96500015258789,2878087.0
1702672200,48.96500015258789,49.066001892089844,48.88399887084961,48.944000244140625,3527076.0
1702909800,49.400001525878906,49.98400115966797,49.150001525878906,49.972999572753906,11562338.0
1702913400,49.972999572753906,50.0,49.63800048828125,49.79500198364258,5422062.0
1702917000,49.79100036621094,50.0,49.720008850097656,49.81949996948242,3641837.0
1702920600,49.820430755615234,49.965999603271484,49.810001373291016,49.92000198364258,2638014.0
1702924200,49.92399978637695,50.31700134277344,49.89299774169922,50.275001525878906,6460840.0
1702927800,50.275001525878906,50.400001525878906,50.16899871826172,50.39400100708008,4677134.0
1702931400,50.400001525878906,50.43299102783203,50.0629997253418,50.08100128173828,4181888.0
1702996200,49.42399978637695,49.70000076293945,48.89500045776367,49.54999923706055,16121742.0
1702999800,49.55398941040039,49.60499954223633,48.928001403808594,49.13750076293945,7464012.0
1703003400,49.137001037597656,49.38100051879883,49.060001373291016,49.301998138427734,5191909.0
1703007000,49.296180725097656,49.39299774169922,49.07500076293945,49.163002014160156,3461659.0
1703010600,49.16400146484375,49.4630012512207,49.132999420166016,49.4630012512207,4898897.0
1703014200,49.45899963378906,49.584999084472656,49.41600036621094,49.5,4203261.0
1703017800,49.499000549316406,49.617000579833984,49.439998626708984,49.61289978027344,2999202.0
1703082600,49.654998779296875,49.999000549316406,49.4630012512207,49.74399948120117,9603459.0
1703086200,49.74399948120117,49.93299865722656,49.68000030517578,49.8120002746582,4122935.0
1703089800,49.81050109863281,49.875,49.73400115966797,49.77899932861328,2433495.0
1703093400,49.7765007019043,49.86499786376953,49.60799789428711,49.840999603271484,2574699.0
1703097000,49.84400177001953,49.86800003051758,49.46500778198242,49.478370666503906,2577280.0
1703100600,49.48499298095703,49.48499298095703,48.2609977722168,48.362998962402344,10167353.0
1703104200,48.37200164794922,48.49800109863281,48.097999572753906,48.11000061035156,4825415.0
1703169000,48.810997009277344,49.095001220703125,48.50400161743164,48.64200210571289,9640243.0
1703172600,48.6510009765625,48.775001525878906,48.56999969482422,48.7130012512207,3433450.0
1703176200,48.71500015258789,48.935997009277344,48.59299850463867,48.654998779296875,3342133.0
1703179800,48.650001525878906,48.75600051879883,48.41899871826172,48.55500030517578,3139968.0
1703183400,48.56800079345703,48.625,48.467002868652344,48.61199951171875,2950860.0
1703187000,48.6140022277832,48.92000198364258,48.57950210571289,48.91600036621094,3207962.0
1703190600,48.91899871826172,49.045989990234375,48.87300109863281,48.99700164794922,2931673.0
1703255400,49.19499969482422,49.382999420166016,49.00199890136719,49.2140007019043,6970989.0
1703259000,49.215999603271484,49.31214904785156,48.917999267578125,49.04500198364258,3893376.0
1703262600,49.04199981689453,49.14800262451172,48.847999572753906,48.95698928833008,2965818.0
1703266200,48.952999114990234,49.04500198364258,48.900001525878906,49.02799987792969,1790558.0
1703269800,49.0260009765625,49.08399963378906,48.467002868652344,48.57912826538086,3274642.0
1703273400,48.57099914550781,48.84299850463867,48.487998962402344,48.8120002746582,3110960.0
1703277000,48.813499450683594,48.834999084472656,48.66400146484375,48.82699966430664,1909037.0
1703601000,48.96799850463867,49.599998474121094,48.95000076293945,49.38557052612305,7720193.0
1703604600,49.402000427246094,49.48299789428711,49.19750213623047,49.32500076293945,3541279.0
1703608200,49.32500076293945,49.48198699951172,49.26499938964844,49.35062026977539,2851784.0
1703611800,49.350799560546875,49.39699935913086,49.314998626708984,49.349388122558594,1793762.0
1703615400,49.35100173950195,49.39299011230469,49.301002502441406,49.3341178894043,1517037.0
1703619000,49.334999084472656,49.48699951171875,49.314998626708984,49.45199966430664,2446308.0
1703622600,49.45199966430664,49.47853088378906,49.26499938964844,49.28099822998047,2101547.0
1703687400,49.5109977722168,49.68000030517578,49.084999084472656,49.1984977722168,7250328.0
1703691000,49.20199966430664,49.362998962402344,49.11600875854492,49.36227035522461,3679850.0
1703694600,49.361000061035156,49.461997985839844,49.35060119628906,49.40299987792969,2274030.0
1703698200,49.409000396728516,49.49671173095703,49.35499954223633,49.426002502441406,2089201.0
1703701800,49.426998138427734,49.507999420166016,49.282752990722656,49.41300964355469,2495820.0
1703705400,49.417999267578125,49.42499923706055,49.29999923706055,49.3738899230957,1984735.0
1703709000,49.37799072265625,49.435001373291016,49.323001861572266,49.420997619628906,1888260.0
1703773800,49.64299774169922,49.77199935913086,49.4119987487793,49.60300064086914,6805274.0
1703777400,49.604000091552734,49.8489990234375,49.597999572753906,49.65903854370117,4976212.0
1703781000,49.665000915527344,49.73500061035156,49.56909942626953,49.722999572753906,2344819.0
1703784600,49.724998474121094,49.88399124145508,49.637001037597656,49.762001037597656,3340363.0
1703788200,49.76226043701172,49.79999923706055,49.61899948120117,49.626041412353516,1468867.0
1703791800,49.627498626708984,49.659080505371094,49.470001220703125,49.52436065673828,2252697.0
1703795400,49.52450942993164,49.70600128173828,49.474998474121094,49.52000045776367,2122508.0
1703860200,49.8129997253418,49.99700164794922,49.73101043701172,49.8380012512207,7306253.0
1703863800,49.834999084472656,49.85700225830078,48.750999450683594,48.8120002746582,7641985.0
1703867400,48.80799865722656,49.14699935913086,48.790000915527344,48.98999786376953,4069694.0
1703871000,48.98699951171875,49.44200134277344,48.96868133544922,49.422828674316406,3787407.0
1703874600,49.42499923706055,49.92300033569336,49.4119987487793,49.78949737548828,5876346.0
1703878200,49.786800384521484,49.95000076293945,49.69300079345703,49.73400115966797,4808428.0
1703881800,49.73299789428711,49.77000045776367,49.44599914550781,49.5260009765625,3286870.0
1704205800,49.125,49.266502380371094,47.595001220703125,47.66699981689453,14594455.0
1704209400,47.670989990234375,48.12200164794922,47.60100173950195,48.11602020263672,5739769.0
1704213000,48.11750030517578,48.26300048828125,48.040000915527344,48.10852813720703,4327283.0
1704216600,48.11594772338867,48.347999572753906,47.87999725341797,48.185997009277344,4118649.0
1704220200,48.17900848388672,48.23999786376953,48.00490188598633,48.1879997253418,2905160.0
1704223800,48.18000030517578,48.23460006713867,47.820011138916016,47.88399887084961,3329151.0
1704227400,47.8859977722168,48.20800018310547,47.777000427246094,48.185001373291016,3450485.0
1704292200,47.45000076293945,48.18410110473633,47.31999969482422,47.49448776245117,10998649.0
1704295800,47.490501403808594,47.926002502441406,47.347999572753906,47.751502990722656,4999551.0
1704299400,47.75040054321289,47.83699035644531,47.65399932861328,47.773990631103516,2389099.0
1704303000,47.76799774169922,47.87900161743164,47.57999801635742,47.62432861328125,2458234.0
1704306600,47.62999725341797,47.72999954223633,47.44499969482422,47.69300079345703,3068400.0
1704310200,47.69499969482422,47.810001373291016,47.53900146484375,47.652000427246094,2466427.0
1704313800,47.64896011352539,47.74700164794922,47.45000076293945,47.56999969482422,2855411.0
1704378600,47.76700210571289,48.064002990722656,47.507999420166016,47.95499801635742,8061891.0
1704382200,47.94702911376953,48.4010009765625,47.94499969482422,48.305660247802734,5778816.0
1704385800,48.303009033203125,48.5,48.21500015258789,48.26900100708008,4061918.0
1704389400,48.268836975097656,48.28900146484375,48.053001403808594,48.279998779296875,2479489.0
1704393000,48.28099822998047,48.39200210571289,48.12300109863281,48.14400100708008,2472828.0
1704396600,48.14400100708008,48.35499954223633,48.0890007019043,48.19586944580078,2671030.0
1704400200,48.189998626708984,48.26000213623047,47.97999954223633,47.99399948120117,2878447.0
1704465000,48.461997985839844,48.96487045288086,48.306007385253906,48.95199966430664,10170620.0
1704468600,48.95100021362305,49.547000885009766,48.907997131347656,49.38750076293945,8336264.0
1704472200,49.38999938964844,49.4379997253418,48.987998962402344,49.04125213623047,5043687.0
1704475800,49.037010192871094,49.24500274658203,48.970008850097656,49.15599822998047,4164076.0
1704479400,49.15132141113281,49.349998474121094,49.14500045776367,49.209938049316406,3000157.0
1704483000,49.202999114990234,49.26198959350586,48.78302001953125,48.868499755859375,4554575.0
1704486600,48.86199951171875,49.10300064086914,48.80500030517578,49.09000015258789,3473997.0
1704724200,49.512001037597656,51.5150032043457,49.479000091552734,51.32600021362305,22741308.0
1704727800,51.327003479003906,51.572998046875,51.0620002746582,51.28200149536133,8335157.0
1704731400,51.28685760498047,51.5469970703125,51.15700149536133,51.18626022338867,6400994.0
1704735000,51.1870002746582,51.53200149536133,51.10300064086914,51.512001037597656,4393512.0
1704738600,51.51300048828125,51.79999923706055,51.43000030517578,51.7400016784668,5907820.0
1704742200,51.74338912963867,51.89799880981445,51.606468200683594,51.8703498840332,6023125.0
1704745800,51.86899948120117,52.275001525878906,51.81599807739258,52.25499725341797,5924981.0
1704810600,52.4010009765625,52.619895935058594,51.69000244140625,52.4736328125,19204795.0
1704814200,52.47899627685547,52.9010009765625,52.07999801635742,52.8599967956543,9961725.0
1704817800,52.85240936279297,53.57899856567383,52.7706298828125,53.42158126831055,10634586.0
1704821400,53.4370002746582,54.071998596191406,53.37000274658203,53.87080001831055,9841087.0
1704825000,53.86699676513672,54.32500076293945,53.72999954223633,53.974998474121094,8988418.0
1704828600,53.97100067138672,54.10100173950195,53.436012268066406,53.5584716796875,8243584.0
1704832200,53.55399703979492,53.65700149536133,53.01816940307617,53.13100051879883,7265096.0
1704897000,53.615997314453125,54.365997314453125,53.4890022277832,54.14899444580078,18112031.0
1704900600,54.150001525878906,54.599998474121094,54.084999084472656,54.31049728393555,9110179.0
1704904200,54.31450271606445,54.37999725341797,53.9849967956543,54.19199752807617,5140692.0
1704907800,54.199989318847656,54.47999954223633,54.1400032043457,54.2130012512207,4551805.0
1704911400,54.21245574951172,54.47999954223633,54.20100021362305,54.211997985839844,3873744.0
1704915000,54.21070098876953,54.375999450683594,54.040000915527344,54.21149826049805,5463821.0
1704918600,54.20800018310547,54.365997314453125,53.95200729370117,54.349998474121094,4504510.0
1704983400,54.999000549316406,55.34600067138672,53.88199996948242,54.51850128173828,17617566.0
1704987000,54.516998291015625,54.641990661621094,53.55999755859375,53.855010986328125,8414594.0
1704990600,53.849998474121094,54.25999069213867,53.60599899291992,54.132598876953125,6339827.0
1704994200,54.126220703125,55.099998474121094,54.126220703125,54.93300247192383,8134249.0
1704997800,54.93199920654297,55.09699249267578,54.71100997924805,54.91899871826172,6505633.0
1705001400,54.91899871826172,55.20000076293945,54.81500244140625,54.87662887573242,6188854.0
1705005000,54.875,54.91804122924805,54.600013732910156,54.82999801635742,4360177.0
1705069800,54.62000274658203,54.970001220703125,54.35499954223633,54.737998962402344,11140181.0
1705073400,54.74500274658203,54.83599090576172,54.330078125,54.69501876831055,6475778.0
1705077000,54.699501037597656,54.73698806762695,54.4904899597168,54.6140022277832,3950607.0
1705080600,54.61433792114258,54.69915008544922,54.54999923706055,54.63005828857422,2322889.0
1705084200,54.63800048828125,54.914268493652344,54.592933654785156,54.747772216796875,3694068.0
1705087800,54.741058349609375,54.7650032043457,54.540000915527344,54.6250114440918,3220345.0
1705091400,54.6345100402832,54.74799728393555,54.57999801635742,54.70800018310547,2230050.0
1705415400,55.099998474121094,56.0620002746582,55.053497314453125,56.05500030517578,12991490.0
1705419000,56.064002990722656,56.70000076293945,55.92103958129883,56.56928634643555,9227517.0
1705422600,56.58100128173828,56.834991455078125,56.1609992980957,56.230987548828125,5781117.0
1705426200,56.220001220703125,56.37999725341797,56.04999923706055,56.367042541503906,3592125.0
1705429800,56.375999450683594,56.40800094604492,56.025001525878906,56.185997009277344,4001190.0
1705433400,56.180999755859375,56.3599967956543,56.055015563964844,56.105377197265625,3099777.0
1705437000,56.10700225830078,56.4010009765625,56.03001022338867,56.400001525878906,3168916.0
1705501800,56.34699630737305,56.470680236816406,54.7400016784668,55.41599655151367,17761932.0
1705505400,55.415000915527344,55.93198776245117,55.236000061035156,55.888999938964844,7057353.0
1705509000,55.89400100708008,56.01599884033203,55.586997985839844,55.635498046875,4845749.0
1705512600,55.63050079345703,55.84400177001953,55.5099983215332,55.61949920654297,3553640.0
1705516200,55.61750030517578,56.06339645385742,55.529998779296875,56.04362869262695,3841246.0
1705519800,56.04450225830078,56.2760009765625,55.68101119995117,55.72150802612305,5177424.0
1705523400,55.73112106323242,56.19099807739258,55.67899703979492,56.051002502441406,3354610.0
1705588200,57.2599983215332,57.52000045776367,56.88800048828125,57.17000198364258,13777044.0
1705591800,57.17000198364258,57.59400177001953,57.05999755859375,57.52100372314453,6948543.0
1705595400,57.52800369262695,57.599998474121094,56.840003967285156,57.01599884033203,6396026.0
1705599000,57.0155029296875,57.095001220703125,56.10700225830078,56.28166961669922,5667125.0
1705602600,56.28220748901367,57.0099983215332,56.264007568359375,56.96799850463867,5579463.0
1705606200,56.97600173950195,57.05499267578125,56.74799728393555,56.944000244140625,4125095.0
1705609800,56.95000076293945,57.18499755859375,56.840003967285156,57.09821319580078,3854374.0
1705674600,57.9890022277832,58.0,57.224998474121094,57.89299774169922,13704085.0
1705678200,57.8849983215332,58.28200149536133,57.771995544433594,58.24199676513672,6937273.0
1705681800,58.24190139770508,58.900001525878906,58.17399978637695,58.8849983215332,8595532.0
1705685400,58.8848991394043,59.0880012512207,58.74199676513672,58.987998962402344,5069151.0
1705689000,58.98839569091797,59.18400192260742,58.884002685546875,58.97130584716797,5695504.0
1705692600,58.97148895263672,59.20600128173828,58.83599853515625,59.14600372314453,5461776.0
1705696200,59.14000701904297,59.5,59.0880012512207,59.5,5139940.0
1705933800,59.75,60.33100128173828,59.17000198364258,59.251502990722656,16818994.0
1705937400,59.2599983215332,59.9799919128418,59.06999969482422,59.939537048339844,8607466.0
1705941000,59.93549728393555,60.05800247192383,59.569000244140625,59.85900115966797,4394654.0
1705944600,59.85100173950195,59.94000244140625,59.70499801635742,59.76649856567383,3168102.0
1705948200,59.7599983215332,60.10499954223633,59.74500274658203,59.94350051879883,3895400.0
1705951800,59.95000076293945,60.0,59.85100555419922,59.9844970703125,2520995.0
1705955400,59.98326873779297,59.990997314453125,59.650001525878906,59.665000915527344,2946422.0
1706020200,59.56999969482422,59.637001037597656,58.584999084472656,59.42000198364258,10650804.0
1706023800,59.417999267578125,59.7299919128418,59.30500030517578,59.486000061035156,4454181.0
1706027400,59.49298858642578,59.654998779296875,59.37800216674805,59.487998962402344,2562631.0
1706031000,59.47999954223633,59.67100143432617,59.452003479003906,59.5724983215332,1930547.0
1706034600,59.57899856567383,59.584999084472656,59.29600143432617,59.37764358520508,2101189.0
1706038200,59.321998596191406,59.766998291015625,59.29401397705078,59.709999084472656,3274760.0
1706041800,59.7140007019043,59.909996032714844,59.628997802734375,59.871002197265625,2760311.0
1706106600,60.30399703979492,62.0099983215332,59.9379997253418,61.9043083190918,15267540.0
1706110200,61.89899826049805,62.00300216674805,61.404998779296875,61.63800048828125,7556754.0
1706113800,61.63050079345703,62.209999084472656,61.58599853515625,62.13750076293945,4832062.0
1706117400,62.14600372314453,62.8489990234375,62.13199996948242,62.659996032714844,8309747.0
1706121000,62.67000198364258,62.72199630737305,61.649009704589844,61.78850173950195,6712153.0
1706124600,61.790000915527344,62.23398971557617,61.209999084472656,61.22700119018555,7275934.0
1706128200,61.228607177734375,61.66899871826172,61.17100143432617,61.35700225830078,3742686.0
1706193000,62.150001525878906,62.638999938964844,61.85399627685547,62.60041046142578,13276254.0
1706196600,62.611000061035156,62.71900177001953,62.224998474121094,62.3900032043457,5924704.0
1706200200,62.3904914855957,62.55999755859375,61.70100021362305,61.92499923706055,5867831.0
1706203800,61.926002502441406,61.989990234375,61.323997497558594,61.527503967285156,5579607.0
1706207400,61.529998779296875,61.779998779296875,60.91602325439453,61.2760009765625,6446385.0
1706211000,61.2760009765625,61.822998046875,61.21085739135742,61.551002502441406,4941540.0
1706214600,61.548500061035156,61.73099899291992,61.4849967956543,61.64400100708008,2909986.0
1706279400,60.959999084472656,61.413002014160156,60.572998046875,61.3830680847168,12214046.0
1706283000,61.38350296020508,61.78300094604492,61.290000915527344,61.374000549316406,6120077.0
1706286600,61.39099884033203,61.5629997253418,61.121002197265625,61.29664993286133,4887593.0
1706290200,61.303497314453125,61.303497314453125,60.84099578857422,61.11124801635742,4008152.0
1706293800,61.115997314453125,61.180999755859375,60.74300003051758,61.007362365722656,3409289.0
1706297400,61.00777053833008,61.400001525878906,60.9010009765625,61.08599853515625,3768031.0
1706301000,61.082000732421875,61.139991760253906,60.9218635559082,61.029998779296875,2640645.0
1706538600,61.23200225830078,61.875,60.90700149536133,61.73834228515625,9502493.0
1706542200,61.733001708984375,61.834999084472656,61.29099655151367,61.464599609375,4507985.0
1706545800,61.46699905395508,61.698997497558594,61.37999725341797,61.6150016784668,3022677.0
1706549400,61.62249755859375,61.697998046875,61.47199630737305,61.60999298095703,1852068.0
1706553000,61.608177185058594,61.96900177001953,61.580650329589844,61.935638427734375,3144518.0
1706556600,61.9398193359375,62.41599655151367,61.861000061035156,62.371253967285156,5001895.0
1706560200,62.37000274658203,62.4890022277832,62.2869987487793,62.472999572753906,3483561.0
1706625000,62.900001525878906,63.39899826049805,62.540992736816406,63.271995544433594,12550935.0
1706628600,63.279998779296875,63.365989685058594,62.888999938964844,63.07899856567383,4905526.0
1706632200,63.07849884033203,63.49300003051758,62.759002685546875,62.8738899230957,5032649.0
1706635800,62.862998962402344,62.89600372314453,62.2599983215332,62.66699981689453,5254259.0
1706639400,62.676002502441406,62.83698654174805,62.28300094604492,62.65095138549805,3638639.0
1706643000,62.657928466796875,63.021995544433594,62.64099884033203,62.92960739135742,3575092.0
1706646600,62.93499755859375,62.9900016784668,62.654998779296875,62.75300216674805,2673235.0
1706711400,61.44000244140625,62.07500076293945,61.202003479003906,61.22100067138672,11412494.0
1706715000,61.21699905395508,61.43400192260742,60.70000076293945,61.28900146484375,8058493.0
1706718600,61.30699920654297,61.79399871826172,61.24699783325195,61.652000427246094,4267856.0
1706722200,61.6554069519043,61.71599578857422,61.358001708984375,61.375999450683594,3293875.0
1706725800,61.3822021484375,61.70600128173828,61.13300323486328,61.577064514160156,4146853.0
1706729400,61.58150100708008,62.269020080566406,61.25499725341797,61.7130012512207,7668877.0
1706733000,61.715003967285156,61.7400016784668,61.349998474121094,61.500999450683594,3390201.0
1706797800,62.099998474121094,62.31999969482422,61.650001525878906,62.3089714050293,10325451.0
1706801400,62.30939865112305,62.48200225830078,61.75699996948242,61.912559509277344,5487912.0
1706805000,61.926002502441406,62.49699783325195,61.819000244140625,62.40700149536133,3858331.0
1706808600,62.409996032714844,62.72999954223633,62.321998596191406,62.678001403808594,3850151.0
1706812200,62.67499923706055,62.89899826049805,62.600013732910156,62.821998596191406,3402407.0
1706815800,62.827003479003906,63.113990783691406,62.715003967285156,63.09450149536133,4088715.0
1706819400,63.09600067138672,63.19099807739258,62.86800003051758,63.034996032714844,3016432.0
1706884200,63.79999923706055,65.43599700927734,63.69000244140625,65.06800079345703,14432047.0
1706887800,65.07575225830078,65.40699768066406,64.85200500488281,65.39240264892578,5225743.0
1706891400,65.4000015258789,66.5719985961914,65.38690185546875,66.5719985961914,8179933.0
1706895000,66.57499694824219,66.5999984741211,65.90399932861328,65.98350524902344,5693234.0
1706898600,65.99099731445312,66.33098602294922,65.8169174194336,66.1500015258789,3898231.0
1706902200,66.14900207519531,66.25399780273438,65.93000030517578,66.0885009765625,4251081.0
1706905800,66.08799743652344,66.2750015258789,66.0,66.1500015258789,3290336.0
1707143400,67.69999694824219,69.49699401855469,67.69999694824219,68.15972900390625,24109963.0
1707147000,68.15399932861328,68.37000274658203,67.20500183105469,68.13899993896484,9631229.0
1707150600,68.13499450683594,69.16999053955078,68.12699890136719,68.96099853515625,7254954.0
1707154200,68.96500396728516,69.18000030517578,68.5,68.88249969482422,5901401.0
1707157800,68.87186431884766,69.0,68.61442565917969,68.95050048828125,4500914.0
1707161400,68.95234680175781,69.3499984741211,68.0999984741211,68.760009765625,7591983.0
1707165000,68.7645034790039,69.4489974975586,68.70100402832031,69.31800079345703,5145660.0
1707229800,69.62999725341797,69.75399017333984,67.38499450683594,67.93318176269531,20596167.0
1707233400,67.93150329589844,68.38899993896484,67.41999816894531,67.96379089355469,7715868.0
1707237000,67.97000122070312,68.03300476074219,66.30000305175781,66.84220123291016,10702101.0
1707240600,66.84300231933594,67.12899780273438,66.50199890136719,66.93270111083984,6537650.0
1707244200,66.94450378417969,67.67440795898438,66.92900848388672,67.53099822998047,7512084.0
1707247800,67.54630279541016,68.47000122070312,67.53101348876953,68.15501403808594,8455480.0
1707251400,68.16450500488281,68.40699768066406,67.80999755859375,68.21900177001953,4789079.0
1707316200,68.31900024414062,69.43499755859375,67.5999984741211,69.27799987792969,15071810.0
1707319800,69.27435302734375,69.4990005493164,68.62000274658203,68.8530044555664,7008373.0
1707323400,68.86199951171875,69.39799499511719,68.80000305175781,69.15584564208984,4508981.0
1707327000,69.15499877929688,69.49600219726562,68.91300201416016,69.45349884033203,4371427.0
1707330600,69.45999908447266,69.57499694824219,69.28099822998047,69.4010009765625,3656838.0
1707334200,69.40900421142578,70.197998046875,69.34500122070312,70.17598724365234,6697421.0
1707337800,70.17598724365234,70.22000122070312,69.94000244140625,70.11599731445312,4395767.0
1707402600,70.0739974975586,70.79399871826172,69.45500183105469,69.85399627685547,13273144.0
1707406200,69.85099792480469,70.61000061035156,69.66999816894531,70.36830139160156,7392905.0
1707409800,70.37750244140625,70.5739517211914,70.10800170898438,70.26509857177734,4057925.0
1707413400,70.2625961303711,70.44099426269531,69.97200012207031,70.44099426269531,3602736.0
1707417000,70.44099426269531,70.6500015258789,69.947998046875,69.96199798583984,3836559.0
1707420600,69.95500183105469,70.08000183105469,69.70500183105469,69.9000015258789,3694404.0
1707424200,69.90499877929688,70.0,69.55500030517578,69.63999938964844,3041024.0
1707489000,70.53300476074219,71.24800109863281,70.21199798583984,71.11699676513672,13036372.0
1707492600,71.10887908935547,71.81400299072266,70.98100280761719,71.43449401855469,7560127.0
1707496200,71.447998046875,71.72000122070312,71.2719955444336,71.6364974975586,4171127.0
1707499800,71.63899993896484,71.80000305175781,71.5250015258789,71.77050018310547,3221056.0
1707503400,71.7750015258789,72.05999755859375,71.71099853515625,71.95598602294922,4905651.0
1707507000,71.94990539550781,72.0270004272461,71.77100372314453,71.93400573730469,4033769.0
1707510600,71.94000244140625,72.18499755859375,71.83000946044922,72.13099670410156,4191234.0
1707748200,72.5999984741211,73.49600219726562,72.13999938964844,73.13642883300781,14869090.0
1707751800,73.13041687011719,74.19999694824219,73.01300048828125,74.04798126220703,9483690.0
1707755400,74.05084228515625,74.61100006103516,73.32000732421875,73.59041595458984,7362230.0
1707759000,73.59477233886719,73.74500274658203,72.65601348876953,72.73200225830078,5298221.0
1707762600,72.73200225830078,72.7405014038086,71.25,72.15553283691406,10989712.0
1707766200,72.12800598144531,72.76300048828125,71.87999725341797,72.54000091552734,6803291.0
1707769800,72.54019927978516,72.68000030517578,72.20399475097656,72.29199981689453,3337843.0
1707834600,70.4000015258789,72.43000030517578,69.62000274658203,72.42500305175781,19665605.0
1707838200,72.41950225830078,73.44999694824219,72.20999908447266,73.09000396728516,11474119.0
1707841800,73.08979797363281,73.12998962402344,72.12800598144531,72.36000061035156,5635053.0
1707845400,72.35780334472656,72.80900573730469,71.82499694824219,72.33300018310547,5234490.0
1707849000,72.33399963378906,72.44896697998047,71.76100158691406,72.09700012207031,4309732.0
1707852600,72.072998046875,72.46800231933594,71.3499984741211,71.61557006835938,6172161.0
1707856200,71.62326049804688,72.19589233398438,71.4229965209961,72.19000244140625,4941467.0
1707921000,73.2020034790039,74.23600006103516,73.00599670410156,74.11000061035156,14491978.0
1707924600,74.09950256347656,74.14900207519531,71.93800354003906,72.51994323730469,9769137.0
1707928200,72.52201843261719,72.90999603271484,72.18699645996094,72.86665344238281,5366858.0
1707931800,72.88300323486328,73.0719985961914,72.44999694824219,72.89199829101562,4552996.0
1707935400,72.89900207519531,73.17999267578125,72.64000701904297,73.09211730957031,4101939.0
1707939000,73.09449005126953,73.47200012207031,73.00199890136719,73.39875030517578,4407749.0
1707942600,73.38999938964844,73.90699768066406,73.38300323486328,73.85499572753906,4480436.0
1708007400,73.86900329589844,73.9749984741211,72.4000015258789,73.06999969482422,14569301.0
1708011000,73.0719985961914,73.4990005493164,72.70999908447266,73.12100219726562,6583038.0
1708014600,73.11799621582031,73.26399993896484,72.71099853515625,73.1469955444336,4030155.0
1708018200,73.15399932861328,73.375,73.04541015625,73.30400085449219,3375388.0
1708021800,73.31400299072266,73.32899475097656,72.8604965209961,73.20899963378906,3694241.0
1708025400,73.21006774902344,73.28300476074219,72.65999603271484,72.8530044555664,4022249.0
1708029000,72.85900115966797,72.93699645996094,72.572998046875,72.65699768066406,3272555.0
1708093800,74.0999984741211,74.4020004272461,72.50399780273438,73.23600006103516,16443451.0
1708097400,73.23600006103516,74.01799774169922,72.80863952636719,73.84000396728516,6768419.0
1708101000,73.86699676513672,74.13700103759766,73.69650268554688,73.90399932861328,4572035.0
1708104600,73.91099548339844,73.94999694824219,73.04106140136719,73.26950073242188,4219312.0
1708108200,73.26899719238281,74.09500122070312,73.24900817871094,73.78788757324219,4926030.0
1708111800,73.79600524902344,73.92900085449219,73.01699829101562,73.35600280761719,4940793.0
1708115400,73.35200500488281,73.39204406738281,72.5009994506836,72.60050201416016,4978004.0
1708439400,71.5999984741211,71.90599822998047,68.21099853515625,68.3655014038086,24581853.0
1708443000,68.36250305175781,69.19908905029297,67.90900421142578,68.64299774169922,10541057.0
1708446600,68.61901092529297,68.63899993896484,67.73400115966797,68.30000305175781,7651911.0
1708450200,68.30574798583984,68.45899963378906,67.86000061035156,68.27650451660156,5561737.0
1708453800,68.28700256347656,68.87299346923828,67.947998046875,68.63325500488281,5552768.0
1708457400,68.62214660644531,69.5989990234375,68.55400085449219,69.18560028076172,7421142.0
1708461000,69.19300079345703,69.54199981689453,68.94599914550781,69.45700073242188,5456405.0
1708525800,68.0,68.88800048828125,67.70001220703125,67.91200256347656,13298661.0
1708529400,67.91200256347656,68.33499908447266,67.76599884033203,68.07099914550781,5318878.0
1708533000,68.08100128173828,68.20800018310547,66.61299896240234,67.13029479980469,7946663.0
1708536600,67.125,67.4229965209961,66.86949920654297,67.01100158691406,5478248.0
1708540200,66.98787689208984,67.49500274658203,66.7239990234375,66.82050323486328,5470657.0
1708543800,66.82177734375,67.01699829101562,66.24800109863281,66.86949920654297,8104741.0
1708547400,66.88499450683594,67.5999984741211,66.82000732421875,67.49500274658203,7182953.0
1708612200,74.80000305175781,78.08499908447266,74.22000122070312,77.74949645996094,38795056.0
1708615800,77.76899719238281,78.08000183105469,77.15999603271484,77.64600372314453,10529171.0
1708619400,77.6510009765625,78.15399932861328,77.4000015258789,77.46820068359375,7359895.0
1708623000,77.47700500488281,77.64600372314453,77.05500030517578,77.3969955444336,5508300.0
1708626600,77.39900207519531,77.92500305175781,77.2870101928711,77.90349578857422,5335014.0
1708630200,77.9000015258789,78.37699890136719,77.68599700927734,78.1729965209961,6922302.0
1708633800,78.17150115966797,78.57499694824219,78.02899932861328,78.5270004272461,6582620.0
1708698600,80.79000091552734,82.39399719238281,79.65999603271484,79.69999694824219,27888684.0
1708702200,79.70800018310547,80.05000305175781,77.56999969482422,79.12800598144531,17028128.0
1708705800,79.13200378417969,80.44400024414062,78.75499725341797,79.60786437988281,11111459.0
1708709400,79.64900207519531,80.27999877929688,79.13200378417969,80.06099700927734,6394801.0
1708713000,80.07219696044922,80.28499603271484,79.56199645996094,79.677001953125,5191959.0
1708716600,79.69400024414062,79.99000549316406,78.6500015258789,78.8239974975586,6577690.0
1708720200,78.8239974975586,79.30999755859375,78.68099975585938,78.81599426269531,5502318.0
1708957800,80.0,80.64598846435547,78.50499725341797,79.82600402832031,17249471.0
1708961400,79.83300018310547,79.99500274658203,79.37000274658203,79.95405578613281,6189139.0
1708965000,79.95320129394531,80.28604888916016,79.6030044555664,80.10850524902344,5438356.0
1708968600,80.10687255859375,80.26300048828125,79.76200103759766,79.86213684082031,3966556.0
1708972200,79.86299896240234,79.96900177001953,79.13999938964844,79.51100158691406,5299396.0
1708975800,79.5029296875,79.67500305175781,78.79499816894531,79.17999267578125,5862487.0
1708979400,79.1669692993164,79.38600158691406,79.04899597167969,79.09110260009766,3933486.0
1709044200,79.19999694824219,79.44000244140625,77.16200256347656,78.61900329589844,14829604.0
1709047800,78.6030044555664,78.99500274658203,78.41400146484375,78.61000061035156,4302284.0
1709051400,78.60800170898438,79.29899597167969,78.55500030517578,79.1729965209961,4711625.0
1709055000,79.19200134277344,79.47999572753906,78.71599578857422,79.16768646240234,4143598.0
1709058600,79.16929626464844,79.28398895263672,78.9520034790039,79.12200927734375,3397370.0
1709062200,79.14299774169922,79.25,78.83900451660156,79.1030044555664,3122546.0
1709065800,79.1030044555664,79.11698913574219,78.69999694824219,78.69999694824219,2567724.0
1709130600,77.62000274658203,78.15999603271484,77.22200012207031,77.33599853515625,12455975.0
1709134200,77.3386001586914,78.3270034790039,77.125,78.22894287109375,6079478.0
1709137800,78.24600219726562,78.93299865722656,78.21900939941406,78.4020004272461,5355832.0
1709141400,78.40620422363281,78.46900177001953,78.10099792480469,78.4155044555664,3233076.0
1709145000,78.4229965209961,78.54299926757812,78.15399932861328,78.19000244140625,2584919.0
1709148600,78.16699981689453,78.3270034790039,77.9229965209961,78.21500396728516,3361901.0
1709152200,78.20974731445312,78.22078704833984,77.5,77.67900085449219,2794577.0
1709217000,79.25,79.82999420166016,79.00700378417969,79.3489990234375,14019565.0
1709220600,79.34660339355469,79.64500427246094,78.82920837402344,79.00199890136719,5075589.0
1709224200,79.0,79.24000549316406,78.3499984741211,78.90900421142578,4843632.0
1709227800,78.91079711914062,79.37999725341797,78.84700012207031,79.36399841308594,3094226.0
1709231400,79.37699890136719,79.51399993896484,79.13301086425781,79.3280029296875,2924118.0
1709235000,79.31900024414062,79.48200225830078,79.17501068115234,79.31300354003906,2890914.0
1709238600,79.32608032226562,79.99000549316406,78.9000015258789,79.21800231933594,5385555.0
1709303400,80.11699676513672,80.94999694824219,79.43502807617188,80.7755355834961,9558052.0
1709307000,80.77400207519531,81.96400451660156,80.57499694824219,81.96400451660156,13632794.0
1709310600,81.9749984741211,82.06099700927734,81.4260025024414,81.7655029296875,6230382.0
1709314200,81.76100158691406,81.95600128173828,81.6510009765625,81.77239990234375,3397839.0
1709317800,81.76649475097656,82.25900268554688,81.6875,82.13145446777344,4523162.0
1709321400,82.1500015258789,82.18499755859375,81.76301574707031,81.99800109863281,4096881.0
1709325000,81.99549865722656,82.30000305175781,81.83799743652344,82.29299926757812,3574458.0
1709562600,84.3375015258789,85.30850219726562,83.80650329589844,84.8280029296875,17164510.0
1709566200,84.8135986328125,85.54499816894531,84.80200958251953,85.2161636352539,0.0
1709569800,85.2280044555664,86.0780029296875,84.91099548339844,86.03300476074219,3941861.0
1709573400,86.0469970703125,86.99398803710938,85.8010025024414,86.61299896240234,5327134.0
1709577000,86.63337707519531,87.44998931884766,86.45349884033203,87.14399719238281,4719049.0
1709580600,87.14097595214844,87.69499969482422,86.5510025024414,86.63704681396484,5585209.0
1709584200,86.62199401855469,86.83300018310547,84.79988861083984,85.2509994506836,22062982.0
1709649000,85.30000305175781,86.0770034790039,84.0510025024414,84.19999694824219,16033694.0
1709652600,84.1969985961914,84.73100280761719,83.41700744628906,84.63098907470703,7994638.0
1709656200,84.46760559082031,85.31999206542969,84.3130111694336,85.30772399902344,0.0
1709659800,85.3104019165039,85.40599822998047,84.5999984741211,84.80000305175781,3246168.0
1709663400,84.80037689208984,85.18098449707031,84.45903015136719,85.02400207519531,3280186.0
1709667000,85.03400421142578,85.20999145507812,84.48699951171875,84.74019622802734,3361057.0
1709670600,84.72258758544922,86.0,84.7120132446289,85.99400329589844,17089094.0
1709735400,87.76100158691406,88.93281555175781,87.03001403808594,88.2719955444336,18173096.0
1709739000,88.27899932861328,88.66999816894531,88.00401306152344,88.38899993896484,0.0
1709742600,88.39350128173828,88.88798522949219,87.86801147460938,88.78300476074219,3623441.0
1709746200,88.79499053955078,89.7239990234375,88.51100158691406,89.4530029296875,4344532.0
1709749800,89.45838165283203,89.59700012207031,88.44099426269531,89.29100036621094,5264343.0
1709753400,89.30149841308594,89.40900421142578,88.0510025024414,88.30064392089844,4253541.0
1709757000,88.322998046875,88.74500274658203,87.64185333251953,88.74449920654297,19538149.0
1709821800,90.15800476074219,91.5989990234375,89.60200500488281,91.55274963378906,19158572.0
1709825400,91.5719985961914,92.2750015258789,91.15800476074219,92.14381408691406,9127707.0
1709829000,92.14900207519531,92.15499877929688,91.55000305175781,91.70899963378906,5457234.0
1709832600,91.7030029296875,91.97999572753906,91.31400299072266,91.87117767333984,4496263.0
1709836200,91.87999725341797,92.49800109863281,91.72999572753906,92.37026977539062,5376423.0
1709839800,92.39299011230469,92.4990005493164,91.64601135253906,92.20500946044922,6114571.0
1709843400,92.21449279785156,92.76699829101562,92.14199829101562,92.67399597167969,5331304.0
1709908200,94.80000305175781,97.20999908447266,94.62000274658203,97.20999908447266,21881251.0
1709911800,97.2239990234375,97.4000015258789,90.15999603271484,90.497802734375,25042101.0
1709915400,90.50385284423828,91.46099853515625,88.05799865722656,89.57905578613281,21364970.0
1709919000,89.57749938964844,90.08399963378906,87.0770034790039,87.60600280761719,12407589.0
1709922600,87.58631896972656,88.48899841308594,86.50599670410156,88.14099884033203,11312076.0
1709926200,88.17598724365234,89.37100219726562,87.79499816894531,88.05574798583984,10693960.0
1709929800,88.02101135253906,88.51832580566406,87.41500091552734,87.50199890136719,5829805.0
1710163800,87.5999984741211,87.5999984741211,84.16600036621094,87.07600402832031,23147114.0
1710167400,87.10600280761719,88.7969970703125,86.69999694824219,86.71800231933594,12189185.0
1710171000,86.71800231933594,87.59605407714844,86.50199890136719,86.91099548339844,6303053.0
1710174600,86.94000244140625,87.5,86.24299621582031,86.73445129394531,5193146.0
1710178200,86.74500274658203,86.80000305175781,85.70500183105469,86.40900421142578,5432802.0
1710181800,86.40599822998047,86.88700103759766,85.18000030517578,85.54618072509766,6046900.0
1710185400,85.52400207519531,86.13800048828125,85.3499984741211,85.79199981689453,4636272.0
1710250200,88.04899597167969,88.66688537597656,86.15010070800781,88.57979583740234,17053848.0
1710253800,88.59300231933594,91.19999694824219,88.45600891113281,91.08297729492188,13976254.0
1710257400,91.06859588623047,91.10900115966797,90.2020034790039,90.4625015258789,7061707.0
1710261000,90.4489974975586,90.59500122070312,89.04232025146484,89.9375,7879400.0
1710264600,89.92501068115234,90.64900207519531,89.52493286132812,90.31950378417969,5282444.0
1710268200,90.31968688964844,90.77999877929688,89.93499755859375,90.54750061035156,5290694.0
1710271800,90.552001953125,91.95999908447266,90.37000274658203,91.93800354003906,5590110.0
1710336600,91.05500030517578,91.20700073242188,88.43499755859375,89.06492614746094,21583378.0
1710340200,89.03099822998047,90.0479965209961,88.81999969482422,88.9260025024414,8676657.0
1710343800,88.92949676513672,89.41999053955078,88.61900329589844,89.03150177001953,5758617.0
1710347400,89.03300476074219,90.33300018310547,88.75,90.33200073242188,5715229.0
1710351000,90.33100128173828,90.77000427246094,89.83000183105469,90.31649780273438,6311628.0
1710354600,90.3280029296875,91.50399780273438,90.30699920654297,90.62000274658203,7508597.0
1710358200,90.62750244140625,90.98899841308594,90.43800354003906,90.9260025024414,4807886.0
1710423000,89.5770034790039,90.64600372314453,87.45600128173828,88.67949676513672,17586134.0
1710426600,88.67500305175781,88.97100067138672,87.64399719238281,87.82249450683594,7410472.0
1710430200,87.8499984741211,88.15499114990234,86.5999984741211,87.57749938964844,8330243.0
1710433800,87.5770034790039,88.00800323486328,86.80699920654297,87.19672393798828,5500170.0
1710437400,87.19606018066406,88.62000274658203,87.06099700927734,88.16950225830078,6601929.0
1710441000,88.16400146484375,88.39398956298828,86.90599822998047,87.39199829101562,6636584.0
1710444600,87.38600158691406,88.10499572753906,87.0,88.03599548339844,4905027.0
1710509400,87.0,88.64899444580078,86.25700378417969,88.43250274658203,12947111.0
1710513000,88.4375,89.53800201416016,88.40499877929688,89.20399475097656,6241803.0
1710516600,89.20159912109375,89.29000091552734,88.4120101928711,88.64199829101562,3657846.0
1710520200,88.65049743652344,89.14799499511719,88.60099792480469,88.8239974975586,2992801.0
1710523800,88.82295989990234,89.30000305175781,88.5999984741211,89.11000061035156,2913426.0
1710527400,89.11787414550781,89.54600524902344,88.29100799560547,88.56956481933594,4211965.0
1710531000,88.57479858398438,88.63607788085938,87.64000701904297,87.83650207519531,4296884.0
1710768600,90.37100219726562,92.40499877929688,90.0999984741211,90.70479583740234,18489818.0
1710772200,90.74199676513672,90.85600280761719,88.26820373535156,88.69239044189453,11136091.0
1710775800,88.7229995727539,89.0009994506836,87.83699798583984,88.37750244140625,8430326.0
1710779400,88.37750244140625,88.47000122070312,87.08499908447266,88.17298889160156,7170627.0
1710783000,88.18720245361328,88.88700103759766,87.96400451660156,88.85731506347656,6112354.0
1710786600,88.84199523925781,89.05500030517578,88.32099914550781,88.64659881591797,6012741.0
1710790200,88.66099548339844,88.99400329589844,88.29199981689453,88.45999908447266,3910472.0
1710855000,86.5999984741211,87.7760009765625,85.01200103759766,85.53942108154297,18599093.0
1710858600,85.51649475097656,87.15499877929688,85.32499694824219,86.88400268554688,7980841.0
1710862200,86.90650177001953,88.21063232421875,86.51499938964844,88.12849426269531,6725559.0
1710865800,88.12000274658203,89.69999694824219,88.11900329589844,89.15999603271484,10271691.0
1710869400,89.17399597167969,90.53700256347656,89.10200500488281,89.90049743652344,8413817.0
1710873000,89.9000015258789,90.29899597167969,88.11100006103516,88.53599548339844,7613758.0
1710876600,88.53150177001953,89.48799896240234,88.41099548339844,89.4000015258789,4727076.0
1710941400,89.88999938964844,90.40999603271484,88.25765991210938,89.30899047851562,12011096.0
1710945000,89.30799865722656,89.43499755859375,88.63400268554688,88.82899475097656,4896476.0
1710948600,88.83317565917969,89.08599090576172,88.2229995727539,88.5250015258789,4475041.0
1710952200,88.52000427246094,88.77989959716797,88.29000091552734,88.4469985961914,2737821.0
1710955800,88.43000030517578,89.91799926757812,88.41200256347656,89.76856994628906,6580118.0
1710959400,89.80000305175781,90.29199981689453,88.95899963378906,90.08100128173828,9694196.0
1710963000,90.08049774169922,90.4000015258789,89.8499984741211,90.35250091552734,4641824.0
1711027800,92.28599548339844,92.40399932861328,90.40499877929688,91.19999694824219,15829363.0
1711031400,91.19998931884766,91.9530029296875,90.68499755859375,91.9260025024414,6445643.0
1711035000,91.92100524902344,92.49299621582031,91.78048706054688,92.34162902832031,6274560.0
1711038600,92.3530044555664,92.62000274658203,91.8280029296875,92.18900299072266,4788666.0
1711042200,92.1780014038086,92.39498901367188,91.18000030517578,91.69600677490234,4467857.0
1711045800,91.7249984741211,91.7249984741211,90.83000183105469,91.54838562011719,4803416.0
1711049400,91.55900573730469,91.6744613647461,91.27000427246094,91.38099670410156,3003044.0
1711114200,91.16300201416016,93.12999725341797,90.8340072631836,92.81400299072266,14278090.0
1711117800,92.8499984741211,93.69999694824219,92.28300476074219,93.64130401611328,8301821.0
1711121400,93.64099884033203,94.697998046875,93.40200805664062,94.40299987792969,10057503.0
1711125000,94.41099548339844,94.73899841308594,93.91799926757812,94.50399780273438,6571867.0
1711128600,94.50399780273438,94.77799224853516,93.947998046875,94.39598846435547,5301287.0
1711132200,94.39070892333984,94.45899963378906,93.44300079345703,93.68766784667969,6502701.0
1711135800,93.69499969482422,94.48499298095703,93.51699829101562,94.24500274658203,5294356.0
1711373400,94.0,96.7659912109375,93.50999450683594,96.11865997314453,18159186.0
1711377000,96.1094970703125,96.49600219726562,95.57499694824219,95.77899932861328,7623825.0
1711380600,95.76699829101562,95.94200134277344,94.75554656982422,95.06099700927734,7143010.0
1711384200,95.06449890136719,95.73991394042969,94.9749984741211,95.6989974975586,4697710.0
1711387800,95.71649932861328,96.27999877929688,95.62000274658203,95.94550323486328,5156318.0
1711391400,95.95899963378906,96.27000427246094,95.22599792480469,95.44200134277344,5154926.0
1711395000,95.44300079345703,95.88499450683594,94.99000549316406,95.0,4372648.0
1711459800,95.8479995727539,96.375,94.26799774169922,94.27574157714844,13617498.0
1711463400,94.30250549316406,94.93885803222656,94.04499816894531,94.84068298339844,8169772.0
1711467000,94.84742736816406,95.02999877929688,93.88099670410156,94.37319946289062,5489642.0
1711470600,94.36000061035156,94.61099243164062,94.0510025024414,94.47249603271484,3913653.0
1711474200,94.47249603271484,95.25599670410156,94.47100067138672,94.92100524902344,5087493.0
1711477800,94.92082214355469,95.04304504394531,93.91799926757812,94.04000091552734,4636445.0
1711481400,94.0469970703125,94.072998046875,92.50199890136719,92.572998046875,6908379.0
1711546200,93.0999984741211,93.24000549316406,89.12300109863281,89.99299621582031,21111426.0
1711549800,90.0094985961914,90.48500061035156,89.55192565917969,89.56999969482422,7781960.0
1711553400,89.56199645996094,90.31881713867188,89.31300354003906,90.19300079345703,6010683.0
1711557000,90.19999694824219,90.43900299072266,89.93309783935547,90.1700210571289,4092211.0
1711560600,90.17050170898438,90.6989974975586,89.98200225830078,90.27050018310547,5143725.0
1711564200,90.27050018310547,90.37498474121094,89.135009765625,89.59099578857422,6348559.0
1711567800,89.59999084472656,90.54000091552734,89.50100708007812,90.25599670410156,5310502.0
1711632600,89.9780044555664,91.2979965209961,89.19300079345703,90.56538391113281,14171478.0
1711636200,90.56999969482422,91.06999969482422,90.48100280761719,90.67118835449219,5957085.0
1711639800,90.66799926757812,90.81790161132812,90.29399871826172,90.63300323486328,4161774.0
1711643400,90.63499450683594,90.79199981689453,90.44200134277344,90.59099578857422,3035618.0
1711647000,90.59300231933594,90.75300598144531,90.1865005493164,90.38300323486328,3864234.0
1711650600,90.4000015258789,90.80000305175781,90.18199920654297,90.4348373413086,4204489.0
1711654200,90.43699645996094,90.52899932861328,90.18800354003906,90.31700134277344,3839963.0
1711978200,90.36699676513672,92.2249984741211,90.18000030517578,91.34461212158203,13388447.0
1711981800,91.38099670410156,91.75800323486328,89.4229965209961,89.98200225830078,8557830.0
1711985400,89.97999572753906,89.98298645019531,89.20399475097656,89.87899780273438,5871940.0
1711989000,89.88800048828125,90.18400573730469,89.49400329589844,89.90499877929688,4339496.0
1711992600,89.89749908447266,90.23899841308594,89.77452087402344,90.14299774169922,3396714.0
1711996200,90.13499450683594,90.47099304199219,89.88700866699219,89.98649597167969,4300936.0
1711999800,89.98649597167969,90.38099670410156,89.66200256347656,90.37199401855469,3539796.0
1712064600,88.47000122070312,88.93299865722656,87.62000274658203,88.0260009765625,12995530.0
1712068200,88.03997802734375,89.38800048828125,87.83000946044922,89.3759994506836,6943037.0
1712071800,89.37818145751953,89.60200500488281,88.91099548339844,89.12199401855469,5056494.0
1712075400,89.11100006103516,90.09400177001953,89.08300018310547,89.6469955444336,5304505.0
1712079000,89.64649963378906,89.75499725341797,89.31251525878906,89.5479965209961,3774636.0
1712082600,89.5479965209961,89.66300201416016,89.2120132446289,89.3216781616211,3553182.0
1712086200,89.32450103759766,89.66999816894531,89.22801208496094,89.4469985961914,3035114.0
1712151000,88.4260025024414,90.3740005493164,88.4000015258789,90.16300201416016,11721406.0
1712154600,90.15850067138672,90.3499984741211,89.9229965209961,90.18599700927734,5018830.0
1712158200,90.18699645996094,90.24299621582031,89.13899993896484,89.6236572265625,5041564.0
1712161800,89.62999725341797,90.125,89.26200866699219,90.03895568847656,3974099.0
1712165400,90.05999755859375,90.07499694824219,89.7536392211914,89.8479995727539,2638943.0
1712169000,89.84000396728516,89.93099975585938,88.89199829101562,89.13700103759766,4097377.0
1712172600,89.1240005493164,89.28900146484375,88.81099700927734,88.96199798583984,3021267.0
1712237400,90.40599822998047,90.63398742675781,89.32099914550781,89.80799865722656,10286634.0
1712241000,89.8219985961914,89.95349884033203,89.30599975585938,89.46599578857422,4041663.0
1712244600,89.46599578857422,89.71800231933594,89.21299743652344,89.65950012207031,3424944.0
1712248200,89.65800476074219,89.72899627685547,89.44999694824219,89.46649932861328,1928585.0
1712251800,89.48100280761719,89.5999984741211,88.0999984741211,88.16999816894531,4980878.0
1712255400,88.16555786132812,88.18099975585938,86.44999694824219,86.46599578857422,9283874.0
1712259000,86.46599578857422,86.79698944091797,85.87999725341797,85.9020004272461,6173316.0
1712323800,86.7030029296875,87.67100524902344,85.9260025024414,86.7770004272461,12669302.0
1712327400,86.77799987792969,87.86198425292969,86.66200256347656,87.50999450683594,5815035.0
1712331000,87.51469421386719,88.48100280761719,87.44599914550781,88.04899597167969,5532455.0
1712334600,88.05900573730469,88.41500091552734,87.93501281738281,88.15900421142578,3319922.0
1712338200,88.16450500488281,88.31900024414062,87.31099700927734,87.68949890136719,4318479.0
1712341800,87.70100402832031,88.03099060058594,87.54000854492188,87.73249816894531,3186909.0
1712345400,87.73124694824219,88.1969985961914,87.625,87.97999572753906,3287389.0
1712583000,88.69599914550781,88.81999969482422,86.81099700927734,87.80000305175781,9808849.0
1712586600,87.8125,88.13298797607422,87.38400268554688,87.60700225830078,3889233.0
1712590200,87.58900451660156,87.7145004272461,86.73300170898438,86.99549865722656,3709516.0
1712593800,86.98400115966797,87.44000244140625,86.94499969482422,87.25900268554688,2502910.0
1712597400,87.24613952636719,87.29000091552734,86.88899993896484,87.2239990234375,2073294.0
1712601000,87.21987915039062,87.37199401855469,87.0260009765625,87.25749969482422,1898744.0
1712604600,87.25700378417969,87.47000122070312,86.98200225830078,87.18800354003906,2275585.0
1712669400,87.43000030517578,87.63499450683594,84.27999877929688,84.41700744628906,12851336.0
1712673000,84.45050048828125,84.47999572753906,83.0219955444336,83.97698974609375,13165537.0
1712676600,83.94400024414062,84.99800109863281,83.5,84.66099548339844,6782422.0
1712680200,84.66400146484375,84.97100067138672,84.36900329589844,84.62899780273438,3996878.0
1712683800,84.62043762207031,84.99600219726562,84.52899932861328,84.61299896240234,3527084.0
1712687400,84.61527252197266,84.97599792480469,84.125,84.9520034790039,4249604.0
1712691000,84.94000244140625,85.37999725341797,84.66699981689453,85.36399841308594,4124070.0
1712755800,83.9020004272461,87.19999694824219,83.70899963378906,86.56199645996094,16804948.0
1712759400,86.57849884033203,87.4000015258789,86.25,86.96900177001953,7184004.0
1712763000,86.9729995727539,86.98899841308594,86.4000015258789,86.53300476074219,3206540.0
1712766600,86.56500244140625,87.0418701171875,86.32099914550781,86.82499694824219,3823066.0
1712770200,86.82450103759766,87.0,86.32587432861328,86.64948272705078,3522439.0
1712773800,86.66799926757812,87.14799499511719,85.35399627685547,86.9072036743164,3624584.0
1712777400,86.927001953125,87.20700073242188,86.72087097167969,86.98400115966797,3197817.0
1712842200,87.4000015258789,88.49600219726562,86.9260025024414,88.04249572753906,11659307.0
1712845800,88.03900146484375,88.99600219726562,87.88301086425781,88.7380599975586,6635265.0
1712849400,88.71009826660156,89.31999206542969,88.5250015258789,89.19987487792969,4372921.0
1712853000,89.19999694824219,89.87000274658203,89.13300323486328,89.78700256347656,5062113.0
1712856600,89.802001953125,90.1969985961914,89.52000427246094,90.19020080566406,4584684.0
1712860200,90.1969985961914,90.239990234375,89.73799896240234,90.18099975585938,4258716.0
1712863800,90.16300201416016,90.7389907836914,90.10704803466797,90.61599731445312,4393722.0
1712928600,89.6989974975586,90.17498779296875,88.83200073242188,89.21638488769531,10690776.0
1712932200,89.19999694824219,89.38999938964844,88.29299926757812,89.25617980957031,6382270.0
1712935800,89.26699829101562,89.55000305175781,88.66899871826172,88.7249984741211,4626748.0
1712939400,88.73649597167969,88.99800109863281,88.4000015258789,88.56500244140625,3972086.0
1712943000,88.54899597167969,88.75399780273438,88.18099975585938,88.30598449707031,3725508.0
1712946600,88.29650115966797,88.30172729492188,87.52999877929688,87.9621810913086,5652576.0
1712950200,87.95750427246094,88.47000122070312,87.94467163085938,88.22999572753906,4243479.0
1713187800,89.12849426269531,90.61299896240234,88.22999572753906,89.93444061279297,13465397.0
1713191400,89.93400573730469,90.12199401855469,88.30400085449219,88.68000030517578,5705203.0
1713195000,88.68699645996094,89.19564819335938,88.30500030517578,88.30626678466797,3773827.0
1713198600,88.30500030517578,88.35115814208984,86.77999877929688,86.85700225830078,5231174.0
1713202200,86.8844985961914,87.07188415527344,86.3330078125,86.81400299072266,5208986.0
1713205800,86.78599548339844,87.27899169921875,86.01399993896484,86.02580261230469,4653509.0
1713209400,86.03400421142578,86.68589782714844,85.92900848388672,86.0009994506836,3931664.0
1713274200,86.49000549316406,87.9000015258789,86.06800842285156,87.08200073242188,11953371.0
1713277800,87.05979919433594,87.55000305175781,86.61199951171875,87.43350982666016,5269247.0
1713281400,87.43299865722656,87.46500396728516,86.71299743652344,86.9990005493164,3206382.0
1713285000,86.98799896240234,87.77799987792969,86.90599822998047,87.46492004394531,3425265.0
1713288600,87.44801330566406,88.11399841308594,86.8010025024414,87.33250427246094,5109524.0
1713292200,87.31500244140625,88.08799743652344,87.31500244140625,87.83850860595703,3758915.0
1713295800,87.85050201416016,87.87998962402344,87.38001251220703,87.41389465332031,2586753.0
1713360600,88.30000305175781,88.7750015258789,86.03199768066406,86.69200134277344,12291620.0
1713364200,86.66700744628906,86.83900451660156,85.55500793457031,86.1760025024414,6471729.0
1713367800,86.1969985961914,86.21299743652344,84.75999450683594,85.13800048828125,6236433.0
1713371400,85.13792419433594,85.39299774169922,84.33499908447266,85.03300476074219,6449583.0
1713375000,85.052001953125,85.47999572753906,84.93400573730469,85.20700073242188,4174293.0
1713378600,85.20500183105469,85.78400421142578,84.06800842285156,84.10050201416016,6893615.0
1713382200,84.11100006103516,84.62113189697266,83.94999694824219,84.04499816894531,4846461.0
1713447000,84.97700500488281,85.0999984741211,82.4020004272461,84.58888244628906,14959178.0
1713450600,84.61715698242188,85.79199981689453,84.60499572753906,85.47100067138672,6669444.0
1713454200,85.49000549316406,86.18998718261719,85.36901092529297,86.02610778808594,4698641.0
1713457800,86.02525329589844,86.0623779296875,84.0999984741211,84.6520004272461,5967598.0
1713461400,84.66899871826172,84.87699890136719,84.2229995727539,84.65499877929688,4181825.0
1713465000,84.61599731445312,84.93299865722656,84.31500244140625,84.6780014038086,3550707.0
1713468600,84.68000030517578,85.16600036621094,84.43900299072266,84.65800476074219,2948517.0
1713533400,83.1500015258789,84.3239974975586,81.5145034790039,81.93049621582031,15037144.0
1713537000,81.92449951171875,82.66999816894531,81.28099822998047,81.86849975585938,8920753.0
1713540600,81.87800598144531,82.26350402832031,80.20800018310547,80.2249984741211,9133739.0
1713544200,80.21699523925781,81.40900421142578,80.21400451660156,80.36399841308594,7164574.0
1713547800,80.35440063476562,80.63999938964844,78.12300109863281,78.18800354003906,13162918.0
1713551400,78.13700103759766,78.64600372314453,76.2229995727539,76.94400024414062,17355551.0
1713555000,76.95899963378906,77.11799621582031,75.60600280761719,76.21500396728516,12405866.0
1713792600,78.11100006103516,79.6259994506836,76.4000015258789,77.14099884033203,21154394.0
1713796200,77.13300323486328,78.24800109863281,76.19999694824219,77.87800598144531,8235510.0
1713799800,77.85099792480469,78.9000015258789,77.73799896240234,78.48400115966797,6387836.0
1713803400,78.5,79.5,78.15699768066406,79.47100067138672,4908690.0
1713807000,79.46699523925781,80.06999969482422,79.08000946044922,79.63800048828125,6280711.0
1713810600,79.64350128173828,80.03199768066406,79.12699890136719,79.46199798583984,5796357.0
1713814200,79.47450256347656,79.65499877929688,78.87300109863281,79.50999450683594,4398981.0
1713879000,80.79499816894531,82.4469985961914,80.26399993896484,82.38870239257812,14302588.0
1713882600,82.3969955444336,82.75700378417969,81.83000946044922,82.43900299072266,8320513.0
1713886200,82.41899871826172,82.69499969482422,81.91699981689453,82.1520004272461,3995282.0
1713889800,82.1718521118164,82.22899627685547,81.46099853515625,81.8759994506836,4082518.0
1713893400,81.88130187988281,82.69898986816406,81.76936340332031,82.5780029296875,3969161.0
1713897000,82.58300018310547,82.6760025024414,82.04500579833984,82.6259994506836,3655758.0
1713900600,82.62550354003906,82.76893615722656,82.15277862548828,82.47689819335938,2945559.0
1713965400,83.9780044555664,84.08200073242188,82.21299743652344,82.97999572753906,12066327.0
1713969000,82.97933959960938,83.447998046875,81.64000701904297,81.9780044555664,6451448.0
1713972600,81.96949768066406,82.20698547363281,80.44876098632812,80.7094955444336,6919355.0
1713976200,80.71900177001953,81.62498474121094,80.06599426269531,81.47395324707031,5642180.0
1713979800,81.46500396728516,81.88600158691406,80.00800323486328,80.03254699707031,5318998.0
1713983400,80.04151153564453,80.24400329589844,79.18299865722656,79.85600280761719,7265097.0
1713987000,79.83781433105469,80.03099060058594,79.3499984741211,79.69999694824219,4248804.0
1714051800,78.86801147460938,82.41500091552734,78.2229995727539,81.99699401855469,15117301.0
1714055400,82.0219955444336,82.13809967041016,81.15499877929688,81.6538314819336,5122840.0
1714059000,81.65194702148438,82.14299774169922,81.04000091552734,82.06700134277344,3921732.0
1714062600,82.06800079345703,82.65999603271484,81.69999694824219,82.44450378417969,3876508.0
1714066200,82.44099426269531,83.19999694824219,82.43099975585938,82.56800079345703,4338588.0
1714069800,82.54600524902344,83.32299041748047,82.31999969482422,82.9384994506836,4019430.0
1714073400,82.95999908447266,82.98452758789062,82.38600158691406,82.60099792480469,2649432.0
1714138200,83.89900207519531,86.97999572753906,83.38700103759766,86.21699523925781,16754833.0
1714141800,86.21599578857422,87.41409301757812,86.11601257324219,86.99864196777344,8388977.0
1714145400,86.9990005493164,87.16200256347656,86.22599792480469,87.01530456542969,5324011.0
1714149000,87.00199890136719,88.3309326171875,86.87000274658203,88.1476821899414,6376014.0
1714152600,88.15399932861328,88.17500305175781,87.01200103759766,87.5739974975586,5931426.0
1714156200,87.58586120605469,87.84852600097656,86.88600158691406,87.80699920654297,5350161.0
1714159800,87.81599426269531,87.85700225830078,87.2280044555664,87.69000244140625,4237289.0
1714397400,87.59500122070312,87.7979965209961,85.35700225830078,87.35466003417969,14474578.0
1714401000,87.3499984741211,87.6510009765625,86.53804779052734,86.9990005493164,5837288.0
1714404600,86.9813461303711,87.18000030517578,86.4520034790039,87.10786437988281,3286033.0
1714408200,87.11998748779297,87.9520034790039,86.87999725341797,87.90449523925781,3226060.0
1714411800,87.90449523925781,87.99199676513672,87.2020034790039,87.5875015258789,3276434.0
1714415400,87.58149719238281,87.58149719238281,86.5250015258789,87.08698272705078,3451280.0
1714419000,87.11000061035156,87.95796203613281,87.08000183105469,87.74699401855469,2870984.0
1714483800,87.14199829101562,88.81300354003906,87.0727767944336,87.489501953125,10654101.0
1714487400,87.44999694824219,88.18998718261719,87.00999450683594,87.49600219726562,4999835.0
1714491000,87.50999450683594,87.5469970703125,86.70002746582031,87.3499984741211,3728916.0
1714494600,87.36750030517578,87.36750030517578,86.30000305175781,86.61199951171875,3497432.0
1714498200,86.5999984741211,87.15399932861328,86.46299743652344,86.70700073242188,2632093.0
1714501800,86.70100402832031,87.18000030517578,86.65999603271484,87.03675079345703,2973648.0
1714505400,87.0234603881836,87.38899993896484,86.33499908447266,86.37000274658203,3194492.0
1714570200,85.05000305175781,85.54899597167969,83.00800323486328,83.75199890136719,11638731.0
1714573800,83.79199981689453,84.41334533691406,82.27999877929688,82.71049499511719,7344460.0
1714577400,82.69499969482422,83.09000396728516,81.25456237792969,82.25399780273438,7355081.0
1714581000,82.28700256347656,82.35399627685547,81.41999816894531,82.09899139404297,4155228.0
1714584600,82.0999984741211,83.78900146484375,81.96701049804688,83.75,6443657.0
1714588200,83.73500061035156,85.9990005493164,82.68000030517578,85.03599548339844,11032145.0
1714591800,85.02799987792969,85.02799987792969,83.0,83.0979995727539,5296868.0
1714656600,84.47999572753906,85.65599822998047,83.19999694824219,84.25050354003906,12477964.0
1714660200,84.24658966064453,85.18000030517578,83.81999969482422,84.63400268554688,5044262.0
1714663800,84.65599822998047,85.16500091552734,84.46400451660156,84.72000122070312,3328691.0
1714667400,84.71578979492188,85.5,84.2249984741211,85.48600006103516,3191249.0
1714671000,85.5,85.76898956298828,85.16300201416016,85.28900146484375,3587337.0
1714674600,85.29823303222656,86.23600006103516,85.25999450683594,86.0155029296875,4058031.0
1714678200,86.01499938964844,86.15853881835938,85.63301086425781,85.81599426269531,2925267.0
1714743000,87.78900146484375,88.94746398925781,87.04000854492188,87.86199951171875,13341628.0
1714746600,87.88700103759766,88.54000091552734,87.52600860595703,88.02458953857422,5760484.0
1714750200,88.05000305175781,88.74699401855469,87.98899841308594,88.54100036621094,4067185.0
1714753800,88.55626678466797,89.11000061035156,88.44801330566406,88.8239974975586,4038656.0
1714757400,88.8239974975586,89.19999694824219,88.61000061035156,89.12199401855469,3757541.0
1714761000,89.12650299072266,89.28099822998047,88.60200500488281,88.86299896240234,4036069.0
1714764600,88.87800598144531,88.92999267578125,88.59700012207031,88.78700256347656,2798449.0
1715002200,89.36199951171875,91.68798828125,89.05500030517578,91.23839569091797,13365123.0
1715005800,91.23699951171875,91.77498626708984,88.78900146484375,91.71400451660156,5409258.0
1715009400,91.71562194824219,91.96284484863281,91.51500701904297,91.60399627685547,3855268.0
1715013000,91.62899017333984,91.99099731445312,91.44499969482422,91.71299743652344,3227923.0
1715016600,91.74498748779297,91.93299102783203,91.62001037597656,91.92150115966797,2461294.0
1715020200,91.92333984375,92.22000122070312,91.81800079345703,91.97999572753906,4023801.0
1715023800,91.96699523925781,92.16500091552734,91.67100524902344,92.16099548339844,3045041.0
1715088600,91.08599853515625,91.78099060058594,89.01200103759766,89.73600006103516,14514969.0
1715092200,89.73799896240234,90.83491516113281,89.69200134277344,90.427001953125,6142070.0
1715095800,90.43199920654297,91.53999328613281,90.31599426269531,91.3969955444336,4671059.0
1715099400,91.39399719238281,91.68231964111328,91.04100799560547,91.59700012207031,3687597.0
1715103000,91.62999725341797,91.72000122070312,89.9000015258789,90.1500015258789,5275592.0
1715106600,90.17198944091797,90.65900421142578,89.72100067138672,90.35399627685547,4487396.0
1715110200,90.3594970703125,90.7249984741211,90.12592315673828,90.53499603271484,2579940.0
1715175000,89.48799896240234,91.19400024414062,89.41999816894531,90.98300170898438,9952112.0
1715178600,91.0009994506836,91.11399841308594,89.53199768066406,89.9645004272461,5491736.0
1715182200,89.9645004272461,90.21798706054688,89.5405044555664,90.14586639404297,4181991.0
1715185800,90.14755249023438,90.52000427246094,89.9330062866211,89.95899963378906,2877581.0
1715189400,89.93400573730469,90.53499603271484,89.86100006103516,90.51454162597656,2632864.0
1715193000,90.51899719238281,90.5780029296875,90.06001281738281,90.36100006103516,2807993.0
1715196600,90.37498474121094,90.55000305175781,90.22200012207031,90.31700134277344,2157622.0
1715261400,90.53700256347656,91.0719985961914,88.23100280761719,88.36000061035156,12955958.0
1715265000,88.31700134277344,89.58200073242188,88.30999755859375,89.54090881347656,5855052.0
1715268600,89.55000305175781,89.6989974975586,88.68000793457031,89.11000061035156,4150344.0
1715272200,89.13764190673828,89.49564361572266,88.75199890136719,89.20726013183594,3867824.0
1715275800,89.23189544677734,89.23189544677734,88.71701049804688,89.00800323486328,2788887.0
1715279400,89.01799774169922,89.239990234375,88.50199890136719,88.67649841308594,3380138.0
1715283000,88.68400573730469,88.9260025024414,88.44999694824219,88.79000091552734,3158411.0
1715347800,90.31599426269531,91.4000015258789,89.46701049804688,89.5169906616211,13410490.0
1715351400,89.53099822998047,90.19499969482422,89.3600082397461,89.88990783691406,5357027.0
1715355000,89.89500427246094,90.04798889160156,89.23300170898438,89.77100372314453,3495866.0
1715358600,89.77723693847656,90.0198974609375,89.45800018310547,89.85900115966797,2596655.0
1715362200,89.8740005493164,90.12199401855469,89.65599822998047,89.93800354003906,2634074.0
1715365800,89.93266296386719,89.94950103759766,89.56900024414062,89.77999877929688,2339161.0
1715369400,89.78199768066406,89.98500061035156,89.56099700927734,89.88600158691406,2172975.0
1715607000,90.47000122070312,90.88700103759766,88.52899932861328,89.67050170898438,9149207.0
1715610600,89.6500015258789,90.34300231933594,89.19999694824219,89.97999572753906,4570468.0
1715614200,89.95700073242188,90.85499572753906,89.81999969482422,90.73100280761719,3898833.0
1715617800,90.74699401855469,90.99600219726562,89.87999725341797,90.2145004272461,3596173.0
1715621400,90.21299743652344,90.4000015258789,89.97200012207031,90.27799987792969,2144173.0
1715625000,90.28849792480469,90.375,90.09584045410156,90.29600524902344,1818728.0
1715628600,90.27400207519531,90.45999908447266,90.13371276855469,90.39900207519531,2201433.0
1715693400,89.5989990234375,90.82099151611328,88.94499969482422,90.69000244140625,9062354.0
1715697000,90.71049499511719,91.24600219726562,90.16799926757812,91.17949676513672,4874465.0
1715700600,91.19499206542969,91.19499969482422,90.5360107421875,90.67949676513672,3072277.0
1715704200,90.68220520019531,90.90699768066406,90.50900268554688,90.86299896240234,1851276.0
1715707800,90.86500549316406,91.54100036621094,90.61100006103516,91.34907531738281,3301272.0
1715711400,91.34950256347656,91.6510009765625,91.27708435058594,91.39000701904297,3595928.0
1715715000,91.37999725341797,91.59895324707031,91.27899932861328,91.375,2367470.0
1715779800,92.47200012207031,93.51899719238281,91.5989990234375,93.38521575927734,12993381.0
1715783400,93.39099884033203,94.47798919677734,93.3010025024414,94.05101013183594,7100580.0
1715787000,94.06956481933594,94.67500305175781,94.02999877929688,94.61399841308594,4674616.0
1715790600,94.61399841308594,94.68699645996094,94.05999755859375,94.54399871826172,3522868.0
1715794200,94.53700256347656,94.8499984741211,94.35600280761719,94.60200500488281,3552414.0
1715797800,94.60053253173828,94.76599884033203,94.35800170898438,94.59099578857422,3775007.0
1715801400,94.58549499511719,94.86100006103516,94.51901245117188,94.65599822998047,3406565.0
1715866200,94.90299987792969,95.81898498535156,94.4020004272461,95.23300170898438,11327307.0
1715869800,95.25700378417969,95.63200378417969,95.03700256347656,95.45298767089844,3925194.0
1715873400,95.44999694824219,95.54100036621094,94.67399597167969,94.95700073242188,3450020.0
1715877000,94.96800231933594,95.07498931884766,94.1030044555664,94.4469985961914,3132610.0
1715880600,94.44322204589844,94.72200012207031,94.26512145996094,94.44398498535156,2471718.0
1715884200,94.42495727539062,95.1719970703125,94.41400146484375,94.98100280761719,3015965.0
1715887800,94.98300170898438,95.00300598144531,94.28199768066406,94.37100219726562,3073840.0
1715952600,94.49400329589844,94.74000549316406,92.90309143066406,93.77899932861328,9991138.0
1715956200,93.77116394042969,94.11500549316406,93.41400909423828,93.66300201416016,4228577.0
1715959800,93.67150115966797,93.67900085449219,93.0999984741211,93.3740005493164,3099130.0
1715963400,93.35900115966797,93.45597839355469,93.04035949707031,93.19999694824219,2250788.0
1715967000,93.1989974975586,93.27400207519531,91.80999755859375,91.98149871826172,5263249.0
1715970600,91.95692443847656,92.822998046875,91.80799865722656,92.78199768066406,5069548.0
1715974200,92.77899932861328,92.81300354003906,92.30601501464844,92.49400329589844,2847044.0
1716211800,93.75,95.19999694824219,93.44000244140625,94.8215103149414,10082991.0
1716215400,94.8219985961914,94.93199920654297,94.20816040039062,94.57808685302734,4203112.0
1716219000,94.57550048828125,94.69300079345703,94.02899932861328,94.54341125488281,3505353.0
1716222600,94.52400207519531,95.16300201416016,94.47999572753906,94.71800231933594,3913351.0
1716226200,94.7125015258789,94.88200378417969,94.54920196533203,94.8604965209961,2524909.0
1716229800,94.87300109863281,95.19400024414062,94.80999755859375,95.10399627685547,3315956.0
1716233400,95.125,95.18000030517578,94.50599670410156,94.83399963378906,2552996.0
1716298200,93.5989990234375,94.3228988647461,93.18000030517578,94.05714416503906,10670317.0
1716301800,94.0780029296875,94.99600219726562,94.05000305175781,94.85900115966797,5294755.0
1716305400,94.87100219726562,95.28700256347656,94.59201049804688,95.1572494506836,3443525.0
1716309000,95.15599822998047,95.1967544555664,94.56800079345703,94.85600280761719,2697859.0
1716312600,94.86500549316406,95.04910278320312,94.77999877929688,94.79100799560547,2038795.0
1716316200,94.80899047851562,95.12399291992188,94.60277557373047,95.09349822998047,2813608.0
1716319800,95.08100128173828,95.4000015258789,95.01289367675781,95.35099792480469,3374158.0
1716384600,95.41099548339844,96.01799774169922,94.0719985961914,94.45449829101562,11782061.0
1716388200,94.44599914550781,95.03878021240234,94.32301330566406,95.02799987792969,3716495.0
1716391800,95.02799987792969,95.18000030517578,94.44000244140625,94.98167419433594,3631083.0
1716395400,94.97100067138672,95.11500549316406,94.74699401855469,94.89099884033203,3034884.0
1716399000,94.88200378417969,94.89344024658203,93.2490005493164,93.41300964355469,7369072.0
1716402600,93.41500091552734,94.22100067138672,93.30400085449219,94.21099853515625,5299540.0
1716406200,94.19400024414062,94.95999145507812,94.15999603271484,94.87000274658203,5370151.0
1716471000,102.0,104.26700592041016,101.52000427246094,104.2280044555664,28324817.0
1716474600,104.22249603271484,104.72700500488281,103.52000427246094,104.59449768066406,10495735.0
1716478200,104.5999984741211,105.19599914550781,104.41099548339844,105.15699768066406,7444822.0
1716481800,105.15879821777344,105.9739990234375,105.0,105.94998931884766,5960933.0
1716485400,105.93399810791016,106.31999206542969,103.67000579833984,104.00140380859375,10378322.0
1716489000,104.0,104.33299255371094,102.00300598144531,102.54447174072266,10620818.0
1716492600,102.56199645996094,104.19999694824219,102.56199645996094,103.82099914550781,6101258.0
1716557400,104.51800537109375,104.72798919677734,103.0,103.97283935546875,13346199.0
1716561000,104.0,104.99100494384766,103.875,104.68900299072266,5623090.0
1716564600,104.69876861572266,104.86600494384766,104.06219482421875,104.5685043334961,3444567.0
1716568200,104.58290100097656,104.99300384521484,104.510009765625,104.80400085449219,3967046.0
1716571800,104.8010025024414,105.78900146484375,104.7750015258789,105.53700256347656,4802601.0
1716575400,105.5479965209961,106.1709976196289,105.125,105.957763671875,4761643.0
1716579000,105.9489974975586,106.4749984741211,105.7699966430664,106.4380111694336,4048131.0
1716903000,110.2280044555664,112.1619873046875,109.88700103759766,111.4000015258789,18523713.0
1716906600,111.40776062011719,112.4000015258789,111.3219985961914,112.16400146484375,7092034.0
1716910200,112.16072845458984,113.2699966430664,111.9699935913086,112.58799743652344,6919380.0
1716913800,112.60530090332031,114.43800354003906,112.59000396728516,114.38349914550781,7528042.0
1716917400,114.3915023803711,114.93900299072266,113.156005859375,113.48799896240234,7442477.0
1716921000,113.47700500488281,114.28599548339844,112.4000015258789,113.87300109863281,7868887.0
1716924600,113.89898681640625,114.4389877319336,112.93119812011719,114.0,5435573.0
1716989400,113.05450439453125,113.9489974975586,110.90201568603516,113.65238189697266,19424028.0
1716993000,113.6780014038086,114.8499984741211,113.4020004272461,113.66751861572266,7910847.0
1716996600,113.6500015258789,114.33000183105469,113.302001953125,114.24300384521484,4629624.0
1717000200,114.23100280761719,114.94599914550781,114.1204833984375,114.59930419921875,4955865.0
1717003800,114.59748840332031,115.49200439453125,114.11100769042969,114.9209976196289,6205792.0
1717007400,114.90799713134766,115.34100341796875,114.656005859375,115.1709976196289,4781516.0
1717011000,115.14949798583984,115.3499984741211,114.22700500488281,114.7560043334961,4332985.0
1717075800,114.61700439453125,115.81915283203125,114.02099609375,114.25150299072266,12388074.0
1717079400,114.24200439453125,114.45799255371094,112.56600189208984,113.23500061035156,8774789.0
1717083000,113.23299407958984,114.25,113.15101623535156,113.8966064453125,4082517.0
1717086600,113.88199615478516,114.04200744628906,113.4020004272461,113.94000244140625,2739769.0
1717090200,113.90706634521484,114.18199157714844,113.25,113.56330871582031,3331178.0
1717093800,113.55350494384766,113.72099304199219,111.1360092163086,111.8800048828125,5874557.0
1717097400,111.90350341796875,112.093994140625,109.6719970703125,110.55400085449219,7381077.0
1717162200,112.51300048828125,112.71700286865234,109.0050048828125,109.50309753417969,14971421.0
1717165800,109.44999694824219,110.09898376464844,108.28700256347656,109.1270980834961,8808834.0
1717169400,109.17613220214844,109.29000091552734,106.94000244140625,107.2199935913086,6756449.0
1717173000,107.22532653808594,109.0199966430664,107.17399597167969,108.9260025024414,5171444.0
1717176600,108.92399597167969,109.05000305175781,107.9366455078125,108.21971130371094,4211154.0
1717180200,108.2170639038086,109.29899597167969,108.11399841308594,109.00199890136719,4447439.0
1717183800,109.0040054321289,110.375,108.95600891113281,109.7459945678711,5843684.0
1717421400,113.58935546875,114.38399505615234,113.0199966430664,114.125,13449425.0
1717425000,114.10001373291016,114.13499450683594,112.00300598144531,113.08599853515625,6430156.0
1717428600,113.0689926147461,114.15998840332031,112.71800231933594,113.19795227050781,5027979.0
1717432200,113.16600036621094,113.64998626708984,112.5040054321289,113.61500549316406,3816982.0
1717435800,113.60450744628906,114.09200286865234,113.3969955444336,113.60200500488281,3655323.0
1717439400,113.59700012207031,114.5999984741211,113.35099792480469,114.50300598144531,4079312.0
1717443000,114.51600646972656,115.0,114.10899353027344,115.0,4098723.0
1717507800,115.71700286865234,116.12300109863281,114.0999984741211,114.6199951171875,12767207.0
1717511400,114.60099792480469,115.2300033569336,114.2280044555664,114.34449768066406,4748219.0
1717515000,114.31999206542969,114.9000015258789,114.04499816894531,114.85160064697266,3357263.0
1717518600,114.86199951171875,115.5199966430664,114.677001953125,115.0689926147461,3941669.0
1717522200,115.08599853515625,115.9000015258789,114.72501373291016,115.88065338134766,3303767.0
1717525800,115.88499450683594,116.5999984741211,115.55000305175781,116.09066009521484,6138587.0
1717529400,116.08699798583984,116.52618408203125,115.53199768066406,116.4439926147461,3711841.0
1717594200,118.37199401855469,119.84898376464844,117.46800231933594,119.71820068359375,15143536.0
1717597800,119.7280044555664,119.99300384521484,119.53700256347656,119.81300354003906,5697791.0
1717601400,119.83000183105469,120.0,119.69999694824219,119.9000015258789,3993333.0
1717605000,119.89750671386719,121.22900390625,119.8219985961914,120.8685073852539,6793674.0
1717608600,120.87918853759766,121.5999984741211,120.85400390625,121.57259368896484,5304707.0
1717612200,121.55999755859375,122.35899353027344,121.4229965209961,121.82698822021484,6296734.0
1717615800,121.811279296875,122.44950103759766,121.6050033569336,122.43900299072266,4728006.0
1717680600,124.09100341796875,125.58699798583984,118.4000015258789,121.08900451660156,28192095.0
1717684200,121.1738052368164,122.38299560546875,120.0459976196289,120.46247863769531,8848457.0
1717687800,120.4020004272461,120.8699951171875,119.3375244140625,119.72700500488281,5825782.0
1717691400,119.67916107177734,120.35600280761719,118.31999206542969,119.77950286865234,7119419.0
1717695000,119.77950286865234,120.375,119.1777572631836,119.5999984741211,4158551.0
1717698600,119.5989990234375,120.4800033569336,119.4747543334961,120.1614990234375,4716411.0
1717702200,120.14399719238281,121.40199279785156,120.02703857421875,120.94100189208984,4673414.0
1717767000,119.8399658203125,119.84000396728516,118.02299499511719,118.83030700683594,11833822.0
1717770600,118.82365417480469,119.45100402832031,118.70601654052734,119.0060043334961,4379551.0
1717774200,119.02506256103516,120.79200744628906,119.0,120.78700256347656,4445828.0
1717777800,120.7800064086914,121.69171142578125,120.22100830078125,120.99749755859375,5194243.0
1717781400,120.97599792480469,121.47563171386719,119.4050064086914,120.22349548339844,4597849.0
1717785000,120.20100402832031,120.9939956665039,119.94999694824219,120.63999938964844,4110651.0
1717788600,120.63999938964844,121.26499938964844,120.5,120.86500549316406,4115987.0
1718026200,120.37999725341797,121.25,117.01000213623047,119.93000030517578,97470996.0
1718029800,119.91999816894531,122.47000122070312,119.55999755859375,122.30829620361328,52422800.0
1718033400,122.29499816894531,122.7300033569336,121.62000274658203,122.2300033569336,33786036.0
1718037000,122.2300033569336,123.0999984741211,121.88999938964844,122.08000183105469,29449166.0
1718040600,122.08940124511719,122.79000091552734,121.08000183105469,121.17500305175781,27349205.0
1718044200,121.16999816894531,122.47000122070312,120.52999877929688,122.38999938964844,33066431.0
1718047800,122.38999938964844,122.38999938964844,121.46050262451172,121.6500015258789,22007126.0
1718112600,121.79000091552734,122.87000274658203,120.66000366210938,121.02680206298828,65926569.0
1718116200,121.05500030517578,121.4000015258789,120.01000213623047,120.66999816894531,33197756.0
1718119800,120.67970275878906,120.77999877929688,118.73999786376953,120.6050033569336,40854838.0
1718123400,120.61000061035156,120.87000274658203,119.80999755859375,120.27999877929688,17406621.0
1718127000,120.28990173339844,120.97989654541016,120.04000091552734,120.93000030517578,15846329.0
1718130600,120.94000244140625,121.29000091552734,120.26000213623047,120.37000274658203,18277076.0
1718134200,120.36499786376953,120.98999786376953,120.30000305175781,120.91000366210938,14607752.0
1718199000,123.05000305175781,126.83999633789062,122.56999969482422,126.83999633789062,96498762.0
1718202600,126.83499908447266,126.87999725341797,124.7699966430664,125.54000091552734,47269209.0
1718206200,125.54000091552734,125.94999694824219,125.12999725341797,125.58000183105469,24754779.0
1718209800,125.56999969482422,126.29000091552734,125.4800033569336,125.87940216064453,22202179.0
1718213400,125.86009979248047,126.11000061035156,124.54000091552734,125.6500015258789,27222005.0
1718217000,125.63999938964844,126.16000366210938,124.16999816894531,124.44010162353516,29826604.0
1718220600,124.4800033569336,125.72949981689453,124.19000244140625,125.2699966430664,23271771.0
1718285400,129.39999389648438,129.73939514160156,127.4000015258789,128.25999450683594,91856336.0
1718289000,128.2899932861328,129.05999755859375,127.5999984741211,128.0050048828125,31939114.0
1718292600,128.0050048828125,129.0500030517578,127.72000122070312,127.81600189208984,24525940.0
1718296200,127.81500244140625,128.60000610351562,127.16000366210938,128.40879821777344,21278424.0
1718299800,128.40989685058594,128.99000549316406,128.0500030517578,128.83999633789062,17185929.0
1718303400,128.8300018310547,129.72000122070312,128.77999877929688,129.08999633789062,27268436.0
1718307000,129.08999633789062,129.8000030517578,128.89999389648438,129.3699951171875,19991914.0
1718371800,129.94000244140625,132.75,128.32000732421875,132.6396942138672,96646990.0
1718375400,132.63999938964844,132.8350067138672,130.42999267578125,130.68040466308594,45049456.0
1718379000,130.67140197753906,131.39999389648438,129.1999969482422,130.67030334472656,38365593.0
1718382600,130.6699981689453,132.19000244140625,130.4600067138672,132.0323944091797,28932111.0
1718386200,132.02999877929688,132.5800018310547,131.55999755859375,131.8175048828125,27131550.0
1718389800,131.81500244140625,132.10000610351562,131.39999389648438,131.82000732421875,28247358.0
1718393400,131.82000732421875,132.07000732421875,131.57000732421875,131.97999572753906,20092283.0
1718631000,132.90499877929688,133.72999572753906,129.58009338378906,130.25,104654313.0
1718634600,130.30650329589844,131.4600067138672,130.1699981689453,131.2100067138672,34285425.0
1718638200,131.22000122070312,132.0,130.4499969482422,131.97999572753906,28985968.0
1718641800,131.98500061035156,132.4600067138672,131.6199951171875,131.94000244140625,25974696.0
1718645400,131.94000244140625,132.52999877929688,131.8300018310547,132.0749969482422,21674725.0
1718649000,132.0800018310547,132.5800018310547,132.02000427246094,132.25,21273256.0
1718652600,132.24000549316406,132.42999267578125,130.9600067138672,131.08999633789062,24008812.0
1718717400,131.0399932861328,133.7198944091797,130.6999969482422,133.05999755859375,78263233.0
1718721000,133.07000732421875,133.5800018310547,132.6999969482422,133.47000122070312,31207876.0
1718724600,133.46180725097656,134.8000030517578,133.32000732421875,134.44569396972656,35425830.0
1718728200,134.44000244140625,135.72999572753906,134.25,135.6199951171875,34389569.0
1718731800,135.639892578125,136.3300018310547,135.07000732421875,135.875,38022838.0
1718735400,135.86500549316406,136.22000122070312,135.33999633789062,135.72000122070312,28647978.0
1718739000,135.71009826660156,136.0,135.02000427246094,135.67999267578125,23745246.0
1718890200,139.85000610351562,140.75999450683594,136.1300048828125,138.15159606933594,146856803.0
1718893800,138.16000366210938,139.52999877929688,137.85000610351562,138.98899841308594,45306162.0
1718897400,138.98599243164062,139.0,134.07000732421875,134.14500427246094,58924575.0
1718901000,134.13999938964844,134.57000732421875,130.5500030517578,131.24000549316406,76306044.0
1718904600,131.2436065673828,133.3000030517578,129.52999877929688,133.1103057861328,63217513.0
1718908200,133.11000061035156,133.2899932861328,129.8300018310547,131.29840087890625,44957208.0
1718911800,131.29989624023438,132.50999450683594,130.60000610351562,130.72000122070312,35806912.0
1718976600,127.0,128.77999877929688,124.30000305175781,125.68000030517578,167898676.0
1718980200,125.64009857177734,128.88999938964844,125.12999725341797,128.2899932861328,57256665.0
1718983800,128.30990600585938,130.6300048828125,127.58999633789062,129.08999633789062,50080293.0
1718987400,129.0959930419922,129.69000244140625,126.44999694824219,126.8499984741211,40958655.0
1718991000,126.83999633789062,127.10990142822266,126.0199966430664,126.66500091552734,43201862.0
1718994600,126.66000366210938,127.19000244140625,126.1500015258789,126.73500061035156,32091365.0
1718998200,126.73500061035156,127.06999969482422,125.0999984741211,127.05999755859375,40322778.0
1719235800,122.94000244140625,124.45999908447266,120.73999786376953,120.88999938964844,118175409.0
1719239400,120.8499984741211,121.88999938964844,118.29000091552734,119.81999969482422,101678036.0
1719243000,119.82499694824219,121.1500015258789,119.37999725341797,120.76000213623047,44960252.0
1719246600,120.75,121.31999969482422,119.0,119.31500244140625,40844824.0
1719250200,119.31500244140625,119.92919921875,118.51000213623047,118.66999816894531,36757889.0
1719253800,118.66999816894531,120.68000030517578,118.35009765625,120.37999725341797,41572729.0
1719257400,120.37000274658203,120.9000015258789,118.04000091552734,118.06999969482422,40907632.0
1719322200,121.19999694824219,122.62000274658203,119.31999969482422,121.9999008178711,127924813.0
1719325800,121.98400115966797,124.3499984741211,121.41999816894531,124.11000061035156,59868901.0
1719329400,124.09500122070312,125.58999633789062,123.91000366210938,124.56999969482422,51742634.0
1719333000,124.56999969482422,125.30999755859375,123.04010009765625,124.37000274658203,40123900.0
1719336600,124.36000061035156,125.16999816894531,123.94999694824219,125.12920379638672,28842240.0
1719340200,125.12000274658203,126.36000061035156,124.62000274658203,126.31999969482422,34177398.0
1719343800,126.31999969482422,126.5,125.56999969482422,126.25,32599183.0
1719408600,126.1500015258789,128.1199951171875,124.37999725341797,125.13990020751953,106119299.0
1719412200,125.11000061035156,125.86000061035156,122.5999984741211,123.410400390625,66126499.0
1719415800,123.41999816894531,124.98999786376953,122.91000366210938,124.45010375976562,36856476.0
1719419400,124.45999908447266,124.87999725341797,123.12000274658203,123.87000274658203,31378839.0
1719423000,123.87000274658203,124.18000030517578,123.2699966430664,123.59590148925781,22246109.0
1719426600,123.59989929199219,124.44989776611328,122.86000061035156,124.39399719238281,27273395.0
1719430200,124.38999938964844,126.4800033569336,124.22000122070312,126.44999694824219,37210223.0
1719495000,124.0,126.40499877929688,123.75,124.55500030517578,72053266.0
1719498600,124.55999755859375,124.95999908447266,123.33000183105469,123.54000091552734,35910486.0
1719502200,123.52999877929688,124.18000030517578,122.94000244140625,124.16000366210938,30796076.0
1719505800,124.1500015258789,124.80000305175781,124.02999877929688,124.61000061035156,25678151.0
1719509400,124.61000061035156,125.08000183105469,124.19000244140625,124.52999877929688,16594108.0
1719513000,124.5250015258789,125.0,123.87000274658203,124.30999755859375,20853277.0
1719516600,124.30690002441406,124.37999725341797,122.91999816894531,124.08999633789062,23652931.0
1719581400,124.57499694824219,127.70999908447266,123.41999816894531,126.80599975585938,78660336.0
1719585000,126.80999755859375,127.19999694824219,125.11000061035156,125.95999908447266,45426717.0
1719588600,125.95500183105469,126.48999786376953,124.2699966430664,124.70500183105469,31025455.0
1719592200,124.70500183105469,124.83999633789062,122.88999938964844,124.08499908447266,34866391.0
1719595800,124.08999633789062,124.58999633789062,123.77010345458984,123.96399688720703,20565057.0
1719599400,123.97000122070312,124.41999816894531,123.86000061035156,123.87449645996094,19840275.0
1719603000,123.87989807128906,124.69000244140625,122.75,123.44000244140625,31712827.0
1719840600,123.45500183105469,123.77999877929688,118.83000183105469,121.86229705810547,103223013.0
1719844200,121.87999725341797,124.25,121.31999969482422,124.09989929199219,42716633.0
1719847800,124.09500122070312,124.83999633789062,122.81999969482422,124.30999755859375,34102624.0
1719851400,124.31999969482422,124.41000366210938,122.8499984741211,123.70999908447266,23718918.0
1719855000,123.69999694824219,124.5,123.13999938964844,124.0198974609375,22398563.0
1719858600,124.01000213623047,124.70999908447266,123.80000305175781,124.29109954833984,19875552.0
1719862200,124.29000091552734,124.52999877929688,123.54399871826172,124.18000030517578,18142724.0
1719927000,121.08999633789062,123.41000366210938,121.02999877929688,121.5198974609375,70582013.0
1719930600,121.51000213623047,122.25,121.19000244140625,121.73049926757812,32799393.0
1719934200,121.73999786376953,122.63999938964844,121.55999755859375,122.59500122070312,21961386.0
1719937800,122.5999984741211,123.36000061035156,122.45999908447266,122.9999008178711,20690800.0
1719941400,123.0,123.05999755859375,122.31999969482422,122.72000122070312,16128516.0
1719945000,122.72000122070312,122.88999938964844,122.12999725341797,122.3196029663086,17250237.0
1719948600,122.30999755859375,122.70999908447266,121.77999877929688,122.66000366210938,18584269.0
1720013400,121.66999816894531,122.76000213623047,121.36000061035156,121.79000091552734,54930564.0
1720017000,121.80000305175781,126.12999725341797,121.58999633789062,126.03990173339844,60513686.0
1720020600,126.04000091552734,128.00999450683594,125.6500015258789,127.99500274658203,47482022.0
1720186200,127.66999816894531,128.84519958496094,125.68000030517578,127.1156997680664,68987172.0
1720189800,127.11959838867188,127.52999877929688,126.20999908447266,126.95500183105469,27962444.0
1720193400,126.95999908447266,128.4696044921875,126.75,128.0800018310547,24476857.0
1720197000,128.05999755859375,128.1699981689453,126.87049865722656,127.44010162353516,18096949.0
1720200600,127.44989776611328,127.7300033569336,126.91000366210938,126.93499755859375,15432455.0
1720204200,126.93499755859375,127.23999786376953,126.69000244140625,127.02999877929688,15743317.0
1720207800,127.0199966430664,127.125,125.79000091552734,125.80000305175781,18266267.0
1720445400,127.52999877929688,130.77000427246094,127.04000091552734,128.960693359375,87597406.0
1720449000,128.9600067138672,129.32000732421875,127.13999938964844,128.7100067138672,38371522.0
1720452600,128.70010375976562,129.19000244140625,128.06199645996094,128.36729431152344,22899126.0
1720456200,128.3612060546875,128.75999450683594,127.6500015258789,128.75999450683594,15714135.0
1720459800,128.7595977783203,129.1999969482422,128.52999877929688,129.02960205078125,17193114.0
1720463400,129.02000427246094,129.02499389648438,127.69499969482422,127.83000183105469,17209747.0
1720467000,127.83989715576172,128.38999938964844,127.68000030517578,128.19000244140625,16886074.0
1720531800,130.30999755859375,133.82000732421875,130.3000030517578,131.96600341796875,98871596.0
1720535400,131.96499633789062,133.2100067138672,131.36000061035156,131.57000732421875,39801800.0
1720539000,131.57699584960938,131.75999450683594,130.8800048828125,131.14500427246094,25260665.0
1720542600,131.13999938964844,131.27999877929688,128.66000366210938,129.81500244140625,40099885.0
1720546200,129.8000030517578,130.44000244140625,129.7899932861328,130.1649932861328,17349387.0
1720549800,130.1699981689453,131.3800048828125,130.02000427246094,130.75010681152344,24140750.0
1720553400,130.75,131.58999633789062,130.61000061035156,131.4499969482422,17918459.0
1720618200,134.08999633789062,134.389892578125,132.4199981689453,134.1168975830078,74908906.0
1720621800,134.1199951171875,134.77999877929688,133.27999877929688,134.13499450683594,36272180.0
1720625400,134.13499450683594,134.8300018310547,133.94000244140625,134.72999572753906,22686043.0
1720629000,134.7299041748047,135.08999633789062,134.10000610351562,134.63999938964844,25202781.0
1720632600,134.64999389648438,134.91000366210938,134.30999755859375,134.4250030517578,14820038.0
1720636200,134.4199981689453,134.6999969482422,133.8300018310547,134.6820068359375,19804980.0
1720639800,134.67999267578125,135.08999633789062,134.22000122070312,134.84500122070312,20238999.0
1720704600,135.9799041748047,136.14999389648438,130.26010131835938,131.82000732421875,101644252.0
1720708200,131.82000732421875,132.5,128.1300048828125,128.13999938964844,63998380.0
1720711800,128.13009643554688,130.33999633789062,127.5999984741211,129.95440673828125,55276495.0
1720715400,129.94439697265625,129.99000549316406,128.0301971435547,128.92999267578125,28150211.0
1720719000,128.9199981689453,128.9499969482422,127.05000305175781,128.1999969482422,28603554.0
1720722600,128.19000244140625,129.72999572753906,128.0800018310547,128.16600036621094,34630925.0
1720726200,128.16000366210938,129.19000244140625,127.16000366210938,127.45999908447266,29730261.0
1720791000,128.25999450683594,130.3300018310547,127.22000122070312,129.02000427246094,74832139.0
1720794600,129.02999877929688,131.0500030517578,128.6999969482422,130.6300048828125,37619263.0
1720798200,130.625,130.75999450683594,129.33999633789062,129.97540283203125,22538848.0
1720801800,129.96009826660156,130.9499969482422,129.8603057861328,130.9398956298828,16417316.0
1720805400,130.92999267578125,131.49000549316406,130.77499389648438,131.44009399414062,23158310.0
1720809000,131.46400451660156,131.9199981689453,130.67999267578125,131.0458984375,24267008.0
1720812600,131.0500030517578,131.0500030517578,128.83999633789062,129.1699981689453,31584753.0
1721050200,130.80999755859375,131.38999938964844,128.0500030517578,129.19000244140625,59254878.0
1721053800,129.22999572753906,130.69000244140625,129.14999389648438,129.7899932861328,26097746.0
1721057400,129.77000427246094,129.9600067138672,127.26000213623047,128.34500122070312,33033257.0
1721061000,128.33999633789062,128.88499450683594,127.80000305175781,128.11000061035156,18844928.0
1721064600,128.10000610351562,128.25,127.37999725341797,127.90460205078125,20400803.0
1721068200,127.9000015258789,128.5,127.63999938964844,128.1699981689453,17233191.0
1721071800,128.16000366210938,128.5,127.18000030517578,128.44000244140625,16064452.0
1721136600,128.41000366210938,129.0399932861328,124.58000183105469,125.86000061035156,67705595.0
1721140200,125.86799621582031,126.94999694824219,125.6500015258789,126.45999908447266,28994426.0
1721143800,126.44999694824219,126.94999694824219,125.26000213623047,125.4800033569336,20771347.0
1721147400,125.48500061035156,126.33999633789062,125.18000030517578,125.98999786376953,20501787.0
1721151000,126.0,126.30000305175781,125.28500366210938,125.77999877929688,19849550.0
1721154600,125.77999877929688,126.56999969482422,125.59020233154297,125.96990203857422,17548359.0
1721158200,125.96499633789062,126.6500015258789,125.5199966430664,126.31500244140625,16818520.0
1721223000,121.33999633789062,121.8499984741211,118.12000274658203,119.01000213623047,118536934.0
1721226600,119.01000213623047,120.33999633789062,118.9800033569336,119.77999877929688,47616254.0
1721230200,119.79000091552734,120.0,117.44999694824219,117.83000183105469,47811674.0
1721233800,117.83999633789062,118.4800033569336,116.7300033569336,118.23570251464844,47435831.0
1721237400,118.23500061035156,119.0199966430664,117.83999633789062,118.4542007446289,30229069.0
1721241000,118.44999694824219,118.94999694824219,117.58999633789062,118.92790222167969,32007643.0
1721244600,118.91999816894531,119.0999984741211,117.80000305175781,117.8499984741211,30255002.0
1721309400,121.82499694824219,122.4000015258789,118.83399963378906,119.9800033569336,87415469.0
1721313000,119.9800033569336,119.98999786376953,116.55999755859375,116.8499984741211,59381800.0
1721316600,116.8550033569336,119.58999633789062,116.61009979248047,119.52030181884766,42273236.0
1721320200,119.52999877929688,121.37999725341797,119.26000213623047,120.44000244140625,34901585.0
1721323800,120.44999694824219,120.94000244140625,119.5,120.31500244140625,24825653.0
1721327400,120.30999755859375,120.55999755859375,118.94999694824219,119.83999633789062,26924135.0
1721331000,119.83999633789062,121.45999908447266,119.63999938964844,121.11000061035156,24196877.0
1721395800,120.33999633789062,121.5999984741211,119.01000213623047,119.19999694824219,54354646.0
1721399400,119.19499969482422,120.2699966430664,118.58999633789062,119.30500030517578,31053648.0
1721403000,119.30500030517578,119.9800033569336,118.75,119.17729949951172,19430625.0
1721406600,119.16999816894531,119.30999755859375,117.37000274658203,118.01499938964844,25397386.0
1721410200,118.0,118.5,117.63999938964844,117.98999786376953,21368087.0
1721413800,117.9800033569336,118.8499984741211,117.70020294189453,118.7750015258789,20177064.0
1721417400,118.7699966430664,118.79499816894531,117.75,117.98999786376953,21873094.0
1721655000,120.3499984741211,123.27999877929688,119.86000061035156,122.85199737548828,75041434.0
1721658600,122.86000061035156,123.16999816894531,120.6500015258789,120.80480194091797,34574339.0
1721662200,120.80000305175781,121.91999816894531,120.3499984741211,121.7699966430664,24045869.0
1721665800,121.7750015258789,122.94999694824219,121.54000091552734,122.80000305175781,20145140.0
1721669400,122.80999755859375,124.06999969482422,122.5999984741211,123.51499938964844,27192892.0
1721673000,123.51750183105469,123.75,122.61000061035156,122.83999633789062,25875275.0
1721676600,122.86499786376953,123.75,122.70999908447266,123.73999786376953,20012085.0
1721741400,122.96499633789062,124.69000244140625,122.69999694824219,123.70500183105469,48641719.0
1721745000,123.70999908447266,124.43000030517578,122.9000015258789,124.0199966430664,28169071.0
1721748600,124.02999877929688,124.13999938964844,123.11000061035156,123.22090148925781,18814566.0
1721752200,123.23999786376953,123.52999877929688,122.43000030517578,122.8499984741211,16864842.0
1721755800,122.87000274658203,123.0999984741211,122.0999984741211,122.29499816894531,13664206.0
1721759400,122.30000305175781,123.05000305175781,122.20999908447266,122.90499877929688,13701470.0
1721763000,122.9000015258789,122.98999786376953,122.23999786376953,122.43000030517578,12363261.0
1721827800,119.13999938964844,119.94000244140625,117.38999938964844,118.5199966430664,63484089.0
1721831400,118.5199966430664,118.88999938964844,117.55000305175781,117.99500274658203,28765995.0
1721835000,117.98999786376953,118.12000274658203,115.55000305175781,115.91999816894531,44012042.0
1721838600,115.91999816894531,117.26000213623047,115.67900085449219,116.84010314941406,28457659.0
1721842200,116.84989929199219,117.33000183105469,115.79000091552734,115.87999725341797,30564696.0
1721845800,115.875,116.09989929199219,113.87999725341797,114.01000213623047,46626863.0
1721849400,114.0,115.73999786376953,113.51000213623047,114.42369842529297,41195868.0
1721914200,113.08000183105469,113.91000366210938,106.30000305175781,111.36000061035156,163680513.0
1721917800,111.36000061035156,115.66000366210938,110.58999633789062,114.63500213623047,89477205.0
1721921400,114.63200378417969,116.25,112.93000030517578,116.04000091552734,47594475.0
1721925000,116.05000305175781,116.62999725341797,114.37000274658203,114.80999755859375,35712222.0
1721928600,114.81999969482422,115.81999969482422,114.0999984741211,114.80500030517578,28498920.0
1721932200,114.80000305175781,115.25,113.55000305175781,114.75,34405238.0
1721935800,114.76000213623047,115.0199966430664,112.08000183105469,112.33999633789062,32874816.0
1722000600,116.1500015258789,116.19999694824219,113.0999984741211,113.80000305175781,81172349.0
1722004200,113.81999969482422,113.93000030517578,112.01000213623047,112.6050033569336,42142091.0
1722007800,112.61000061035156,114.12999725341797,112.5999984741211,113.79000091552734,28688049.0
1722011400,113.79499816894531,114.54000091552734,113.74500274658203,114.2699966430664,30674884.0
1722015000,114.26499938964844,114.44000244140625,112.66999816894531,113.09639739990234,29045758.0
1722018600,113.08999633789062,113.44000244140625,111.58000183105469,112.875,32996270.0
1722022200,112.87000274658203,113.16000366210938,112.08999633789062,113.05999755859375,22079736.0
1722259800,113.64089965820312,116.27999877929688,113.31999969482422,114.93000030517578,69794891.0
1722263400,114.94000244140625,115.0,111.75,112.53459930419922,40052015.0
1722267000,112.5250015258789,113.52999877929688,111.43000030517578,112.9520034790039,31038965.0
1722270600,112.9520034790039,113.70999908447266,112.11000061035156,112.11000061035156,21225100.0
1722274200,112.12999725341797,112.8499984741211,111.75,112.00499725341797,22137199.0
1722277800,112.0,112.29000091552734,111.30000305175781,112.0,23617972.0
1722281400,111.98999786376953,112.19000244140625,111.37999725341797,111.55000305175781,16308431.0
1722346200,111.51000213623047,111.98999786376953,107.30999755859375,107.49349975585938,87709693.0
1722349800,107.49500274658203,107.88999938964844,104.2699966430664,106.05999755859375,88707559.0
1722353400,106.05999755859375,106.11000061035156,103.91000366210938,104.58999633789062,63047127.0
1722357000,104.58999633789062,105.3499984741211,102.54000091552734,105.33999633789062,60621384.0
1722360600,105.33000183105469,106.29000091552734,104.76000213623047,105.92919921875,42720603.0
1722364200,105.93000030517578,106.4800033569336,104.27999877929688,104.47000122070312,41919527.0
1722367800,104.47000122070312,104.70999908447266,103.41000366210938,103.70760345458984,42864912.0
1722432600,112.9000015258789,115.7699966430664,110.87999725341797,114.10169982910156,143006186.0
1722436200,114.12999725341797,115.88999938964844,114.05000305175781,115.73999786376953,54324447.0
1722439800,115.7300033569336,116.47000122070312,115.41000366210938,115.42060089111328,41236682.0
1722443400,115.43000030517578,116.02999877929688,114.73999786376953,115.5199966430664,31361626.0
1722447000,115.52999877929688,116.43000030517578,114.25,116.23999786376953,37471590.0
1722450600,116.23999786376953,118.33999633789062,115.91999816894531,116.07499694824219,64526635.0
1722454200,116.125,117.58999633789062,116.01010131835938,117.16999816894531,35006763.0
1722519000,117.5999984741211,120.16000366210938,116.30000305175781,116.39080047607422,112132353.0
1722522600,116.41000366210938,116.76000213623047,113.05999755859375,114.2300033569336,70536021.0
1722526200,114.2300033569336,114.34500122070312,111.66999816894531,112.01000213623047,55098465.0
1722529800,112.00499725341797,112.16000366210938,108.43000030517578,109.01010131835938,64696302.0
1722533400,109.0199966430664,109.97000122070312,107.0,107.58740234375,67144853.0
1722537000,107.57499694824219,108.6500015258789,106.8104019165039,108.35990142822266,60761865.0
1722540600,108.3499984741211,109.48999786376953,107.69999694824219,109.33000183105469,43726685.0
1722605400,103.87000274658203,107.5,101.37000274658203,103.91999816894531,156234641.0
1722609000,103.91500091552734,106.27999877929688,102.41000366210938,105.93389892578125,66201323.0
1722612600,105.97000122070312,108.72000122070312,105.7300033569336,107.23079681396484,71037703.0
1722616200,107.20999908447266,107.36000061035156,104.75650024414062,104.83499908447266,41520288.0
1722619800,104.82450103759766,106.37000274658203,104.55999755859375,106.06999969482422,36381667.0
1722623400,106.08999633789062,106.44999694824219,105.18000030517578,106.04000091552734,35049214.0
1722627000,106.04000091552734,107.37999725341797,105.62000274658203,107.30879974365234,32770218.0
1722864600,92.05999755859375,102.36000061035156,90.69000244140625,98.91500091552734,219717072.0
1722868200,98.9000015258789,102.20890045166016,98.5999984741211,100.62999725341797,69152526.0
1722871800,100.625,103.4000015258789,100.2699966430664,103.19000244140625,54584350.0
1722875400,103.16000366210938,103.18499755859375,100.04000091552734,100.79000091552734,46683520.0
1722879000,100.80999755859375,102.0999984741211,100.01000213623047,100.5250015258789,35946881.0
1722882600,100.52999877929688,101.08000183105469,98.55999755859375,99.98999786376953,49136746.0
1722886200,99.98500061035156,100.76000213623047,98.80999755859375,100.5999984741211,40986446.0
1722951000,103.8324966430664,104.8499984741211,100.55000305175781,103.63999938964844,112195260.0
1722954600,103.66999816894531,106.3550033569336,103.19999694824219,103.8949966430664,59079314.0
1722958200,103.9000015258789,106.04000091552734,103.875,105.4800033569336,36703353.0
1722961800,105.48999786376953,107.43000030517578,105.38999938964844,106.94999694824219,42109332.0
1722965400,106.94999694824219,107.55000305175781,106.19999694824219,107.1449966430664,31089587.0
1722969000,107.15499877929688,107.70999908447266,105.3499984741211,106.28399658203125,39578841.0
1722972600,106.27999877929688,106.69999694824219,104.0,104.01000213623047,35121723.0
1723037400,107.81999969482422,108.80000305175781,104.29000091552734,104.7300033569336,104921272.0
1723041000,104.7300033569336,106.2300033569336,104.44999694824219,104.9000015258789,43503035.0
1723044600,104.90499877929688,105.13999938964844,102.75599670410156,103.80079650878906,42109919.0
1723048200,103.80999755859375,103.94000244140625,101.56999969482422,102.25,37899748.0
1723051800,102.25,102.80000305175781,99.41000366210938,100.41000366210938,51727967.0
1723055400,100.4000015258789,101.38999938964844,99.26000213623047,100.375,51064882.0
1723059000,100.36000061035156,100.58000183105469,98.69000244140625,98.75,37695630.0
1723123800,101.98999786376953,102.16999816894531,97.5199966430664,102.04000091552734,115266613.0
1723127400,102.04000091552734,103.18000030517578,101.51000213623047,102.73419952392578,58817609.0
1723131000,102.75,104.1449966430664,102.5199966430664,103.76000213623047,42794431.0
1723134600,103.77999877929688,104.6050033569336,102.77999877929688,104.58999633789062,37590838.0
1723138200,104.58000183105469,105.5,104.45999908447266,104.82469940185547,36015368.0
1723141800,104.83499908447266,105.33999633789062,103.91000366210938,104.20500183105469,34403070.0
1723145400,104.2300033569336,105.25,103.6603012084961,105.22000122070312,31984281.0
1723210200,105.56999969482422,106.5999984741211,103.44000244140625,104.19010162353516,97584505.0
1723213800,104.19000244140625,105.68000030517578,103.87000274658203,104.41000366210938,41596572.0
1723217400,104.41999816894531,104.79000091552734,103.72000122070312,104.21009826660156,31396088.0
1723221000,104.20999908447266,105.62999725341797,104.05010223388672,105.625,29275091.0
1723224600,105.62550354003906,105.82990264892578,104.62999725341797,105.1531982421875,29262613.0
1723228200,105.1500015258789,105.31999969482422,104.30000305175781,104.74009704589844,25841030.0
1723231800,104.74500274658203,105.04000091552734,104.20999908447266,104.70999908447266,20572931.0
1723469400,106.31999969482422,111.06999969482422,101.0,110.05999755859375,102807482.0
1723473000,110.05999755859375,110.68250274658203,108.5999984741211,109.2300033569336,53335163.0
1723476600,109.22000122070312,109.8499984741211,108.16999816894531,109.83499908447266,39307878.0
1723480200,109.83499908447266,110.37999725341797,109.0,109.78990173339844,31852587.0
1723483800,109.78500366210938,110.16999816894531,109.05999755859375,109.8584976196289,24741071.0
1723487400,109.8499984741211,110.11000061035156,109.04000091552734,109.3302001953125,26293122.0
1723491000,109.31500244140625,109.69000244140625,108.68000030517578,109.12159729003906,23392058.0
1723555800,112.43000030517578,114.62000274658203,111.58000183105469,113.82579803466797,96042652.0
1723559400,113.81999969482422,115.0,113.30999755859375,114.66999816894531,39974137.0
1723563000,114.66000366210938,114.91000366210938,113.8499984741211,114.51499938964844,29325937.0
1723566600,114.5199966430664,115.7300033569336,114.33000183105469,115.31999969482422,29217929.0
1723570200,115.33000183105469,115.56999969482422,114.43009948730469,115.47000122070312,27138655.0
1723573800,115.4800033569336,116.18000030517578,115.14009857177734,115.66999816894531,31015798.0
1723577400,115.66999816894531,116.2300033569336,115.37999725341797,116.16999816894531,25299640.0
1723642200,118.48999786376953,118.5999984741211,114.06999969482422,115.78009796142578,122788831.0
1723645800,115.79000091552734,117.36000061035156,114.68000030517578,117.18370056152344,50832315.0
1723649400,117.189697265625,118.46800231933594,116.55000305175781,117.1104965209961,45641634.0
1723653000,117.12000274658203,117.58999633789062,116.22000122070312,117.11990356445312,30744647.0
1723656600,117.08999633789062,117.47000122070312,116.51000213623047,117.36969757080078,20995569.0
1723660200,117.3499984741211,117.68000030517578,116.75,117.11000061035156,21308145.0
1723663800,117.12000274658203,118.23999786376953,116.82499694824219,117.97000122070312,23950233.0
1723728600,118.91999816894531,121.05999755859375,117.47000122070312,120.87999725341797,98148596.0
1723732200,120.88999938964844,122.48999786376953,120.66999816894531,122.01920318603516,51715874.0
1723735800,122.01010131835938,122.48999786376953,121.69000244140625,122.45500183105469,29671304.0
1723739400,122.44999694824219,122.4800033569336,121.83999633789062,122.04010009765625,24981794.0
1723743000,122.05000305175781,123.23999786376953,122.04499816894531,122.9301986694336,28762902.0
1723746600,122.93990325927734,122.9800033569336,122.0999984741211,122.3550033569336,25787258.0
1723750200,122.3499984741211,122.97000122070312,122.11000061035156,122.91000366210938,24826433.0
1723815000,121.94000244140625,125.0,121.18000030517578,124.56999969482422,99498826.0
1723818600,124.56999969482422,125.0,122.33000183105469,123.08999633789062,56374052.0
1723822200,123.08000183105469,124.08999633789062,122.91999816894531,123.98500061035156,31267985.0
1723825800,123.98999786376953,124.66999816894531,123.79000091552734,124.57499694824219,26750261.0
1723829400,124.56999969482422,124.75499725341797,124.02999877929688,124.625,22699616.0
1723833000,124.62979888916016,124.69999694824219,123.94000244140625,124.3499984741211,21378972.0
1723836600,124.35990142822266,124.58000183105469,123.8499984741211,124.58000183105469,20179270.0
1724074200,124.23999786376953,125.66899871826172,123.41999816894531,124.95349884033203,84933999.0
1724077800,124.95500183105469,126.56999969482422,124.83000183105469,126.38999938964844,38992239.0
1724081400,126.37999725341797,127.65989685058594,126.30999755859375,127.04499816894531,37095647.0
1724085000,127.05000305175781,128.07000732421875,126.44999694824219,127.92009735107422,30152231.0
1724088600,127.92500305175781,129.2899932861328,127.91999816894531,129.2205047607422,36078372.0
1724092200,129.22000122070312,129.2899932861328,128.5800018310547,129.0749969482422,30868847.0
1724095800,129.0800018310547,130.0,128.75999450683594,129.99000549316406,28861712.0
1724160600,128.39999389648438,129.8800048828125,126.66999816894531,127.3102035522461,99170806.0
1724164200,127.31880187988281,127.87000274658203,125.88999938964844,127.27989959716797,52939434.0
1724167800,127.2593002319336,128.39999389648438,127.20999908447266,127.41000366210938,33310018.0
1724171400,127.41999816894531,127.62000274658203,126.54000091552734,127.44000244140625,24478747.0
1724175000,127.45999908447266,128.29989624023438,127.20999908447266,127.94999694824219,21742292.0
1724178600,127.96009826660156,128.55999755859375,127.56999969482422,127.62010192871094,23727927.0
1724182200,127.63999938964844,127.8499984741211,127.12000274658203,127.2699966430664,18986615.0
1724247000,127.31500244140625,128.8800048828125,126.87000274658203,128.0435028076172,71460495.0
1724250600,128.0449981689453,129.33999633789062,127.19999694824219,128.2299041748047,47216731.0
1724254200,128.22999572753906,128.24000549316406,126.66000366210938,127.67469787597656,26783326.0
1724257800,127.66000366210938,128.11000061035156,127.43000030517578,127.77040100097656,16794654.0
1724261400,127.80000305175781,129.14999389648438,127.7699966430664,129.1060028076172,24352335.0
1724265000,129.09500122070312,129.35000610351562,127.66000366210938,128.21600341796875,30157959.0
1724268600,128.22000122070312,128.61500549316406,127.75,128.4499969482422,20809110.0
1724333400,130.02999877929688,130.75,128.22999572753906,129.14930725097656,85725568.0
1724337000,129.14990234375,129.14990234375,127.79000091552734,127.86499786376953,38000789.0
1724340600,127.83999633789062,127.8550033569336,124.43000030517578,126.57499694824219,63197769.0
1724344200,126.58000183105469,126.90249633789062,125.36000061035156,126.1989974975586,34041711.0
1724347800,126.19000244140625,126.30000305175781,123.80000305175781,124.89510345458984,42415090.0
1724351400,124.88999938964844,125.15499877929688,123.37999725341797,123.51000213623047,36751142.0
1724355000,123.5199966430664,124.16999816894531,123.0999984741211,123.79000091552734,36397787.0
1724419800,125.87000274658203,129.60000610351562,125.22000122070312,129.48500061035156,99471311.0
1724423400,129.47999572753906,129.5800018310547,126.51000213623047,128.74000549316406,57004779.0
1724427000,128.77000427246094,129.17999267578125,127.18000030517578,127.5250015258789,32240944.0
1724430600,127.51000213623047,128.14990234375,126.62000274658203,128.01060485839844,25570577.0
1724434200,128.02000427246094,128.77999877929688,127.95999908447266,128.6699981689453,20085109.0
1724437800,128.6699981689453,128.8800048828125,127.875,128.8300018310547,22573146.0
1724441400,128.8300018310547,129.32000732421875,128.1699981689453,129.27999877929688,27582703.0
1724679000,129.60000610351562,131.25999450683594,126.66000366210938,126.84500122070312,103393486.0
1724682600,126.83999633789062,127.37000274658203,124.37000274658203,127.06999969482422,62728675.0
1724686200,127.05999755859375,127.44000244140625,125.93000030517578,127.03500366210938,32422470.0
1724689800,127.0250015258789,127.54000091552734,126.08999633789062,126.48999786376953,28331944.0
1724693400,126.48999786376953,126.68000030517578,125.55000305175781,126.58999633789062,27701959.0
1724697000,126.58999633789062,126.98999786376953,126.33000183105469,126.63999938964844,23016655.0
1724700600,126.63999938964844,126.87999725341797,126.12000274658203,126.44999694824219,22622718.0
1724765400,125.02999877929688,127.61000061035156,123.87999725341797,127.20159912109375,93846227.0
1724769000,127.20500183105469,128.97999572753906,127.0,128.14999389648438,50097633.0
1724772600,128.110107421875,128.22999572753906,127.33000183105469,127.9749984741211,30391916.0
1724776200,127.96499633789062,128.9499969482422,127.5199966430664,128.80499267578125,24907233.0
1724779800,128.80929565429688,129.1999969482422,128.22999572753906,128.47520446777344,30212633.0
1724783400,128.47000122070312,128.7899932861328,128.1199951171875,128.4600067138672,22283933.0
1724787000,128.4600067138672,128.75,128.1999969482422,128.33999633789062,20730115.0
1724851800,128.1199951171875,128.3300018310547,126.08000183105469,127.27999877929688,74144659.0
1724855400,127.2699966430664,127.56999969482422,122.63999938964844,123.99009704589844,74409264.0
1724859000,123.97010040283203,125.83000183105469,123.91000366210938,125.48500061035156,50989670.0
1724862600,125.47000122070312,126.02999877929688,125.072998046875,125.67500305175781,34442445.0
1724866200,125.66999816894531,125.87000274658203,123.88009643554688,124.95800018310547,34490261.0
1724869800,124.95680236816406,126.3499984741211,124.42500305175781,126.1698989868164,42699297.0
1724873400,126.16000366210938,126.67620086669922,125.44999694824219,125.66000366210938,35723996.0
1724938200,121.3550033569336,124.11000061035156,119.2300033569336,120.73999786376953,161150946.0
1724941800,120.7300033569336,122.55000305175781,120.48999786376953,120.98999786376953,59984693.0
1724945400,120.9800033569336,121.83999633789062,120.7699966430664,121.29000091552734,32040570.0
1724949000,121.27999877929688,121.54000091552734,120.2300033569336,120.62000274658203,29140617.0
1724952600,120.62999725341797,121.16000366210938,119.01000213623047,119.21499633789062,34442165.0
1724956200,119.20999908447266,119.21499633789062,116.72000122070312,117.9312973022461,65467182.0
1724959800,117.94000244140625,119.08000183105469,117.5,117.59040069580078,36214417.0
1725024600,119.5,121.75,118.54000091552734,119.30000305175781,99495892.0
1725028200,119.30000305175781,120.20999908447266,117.47000122070312,117.85990142822266,51928541.0
1725031800,117.8499984741211,118.88999938964844,117.22000122070312,118.34960174560547,35816370.0
1725035400,118.34010314941406,118.70999908447266,117.83999633789062,118.22930145263672,24962127.0
1725039000,118.2300033569336,118.80000305175781,117.9800033569336,118.65850067138672,19564723.0
1725042600,118.66000366210938,119.2300033569336,118.30999755859375,119.03679656982422,28437690.0
1725046200,119.04000091552734,119.5999984741211,118.37000274658203,119.36000061035156,26525908.0
1725370200,115.26000213623047,115.30989837646484,111.77999877929688,112.18000030517578,117228658.0
1725373800,112.17330169677734,112.19999694824219,109.3949966430664,110.93000030517578,89524867.0
1725377400,110.93000030517578,111.41999816894531,110.0,110.24009704589844,38413673.0
1725381000,110.24500274658203,110.80999755859375,109.80000305175781,110.5,30491299.0
1725384600,110.5,110.66000366210938,108.0199966430664,108.28500366210938,49654995.0
1725388200,108.29000091552734,109.20999908447266,108.02010345458984,108.30000305175781,47703463.0
1725391800,108.30500030517578,108.4800033569336,107.29000091552734,107.9800033569336,48690229.0
1725456600,105.37999725341797,108.38500213623047,104.12000274658203,107.36009979248047,129224432.0
1725460200,107.35009765625,109.98999786376953,107.20500183105469,108.2699966430664,59060788.0
1725463800,108.26249694824219,108.86000061035156,107.52010345458984,108.67500305175781,34812666.0
1725467400,108.67500305175781,109.51000213623047,108.22000122070312,109.01000213623047,27408611.0
1725471000,109.01000213623047,109.37000274658203,107.72000122070312,108.1050033569336,26157057.0
1725474600,108.0999984741211,108.1500015258789,105.4000015258789,105.95500183105469,43755634.0
1725478200,105.95939636230469,106.98999786376953,105.56210327148438,106.16999816894531,33144531.0
1725543000,105.25,109.63919830322266,105.25,109.07949829101562,109306773.0
1725546600,109.18000030517578,109.33999633789062,106.22000122070312,106.29499816894531,49465467.0
1725550200,106.30500030517578,107.5999984741211,106.06999969482422,107.41010284423828,34225159.0
1725553800,107.4198989868164,107.7051010131836,106.31500244140625,106.3375015258789,21973973.0
1725557400,106.33999633789062,107.75,106.29000091552734,106.98500061035156,24341139.0
1725561000,106.9800033569336,107.54000091552734,106.55000305175781,107.16999816894531,21466526.0
1725564600,107.1760025024414,107.4000015258789,106.37999725341797,107.23999786376953,19508322.0
1725629400,108.0,108.03990173339844,103.5999984741211,103.69999694824219,107594986.0
1725633000,103.4843978881836,103.88999938964844,101.94999694824219,102.31999969482422,81532429.0
1725636600,102.31999969482422,102.75,100.94999694824219,101.83999633789062,54783765.0
1725640200,101.85900115966797,103.2699966430664,101.5999984741211,102.61499786376953,35350486.0
1725643800,102.5999984741211,102.7300033569336,101.77999877929688,102.00990295410156,30018251.0
1725647400,102.01000213623047,103.56999969482422,101.99019622802734,103.38500213623047,35575241.0
1725651000,103.4000015258789,103.66500091552734,102.48999786376953,102.83999633789062,27855515.0
1725888600,104.86499786376953,106.375,104.81999969482422,105.04199981689453,82098735.0
1725892200,105.0199966430664,105.07990264892578,103.69000244140625,104.93000030517578,42550860.0
1725895800,104.93099975585938,105.68000030517578,104.70999908447266,105.56999969482422,26639014.0
1725899400,105.56999969482422,106.19999694824219,105.19000244140625,105.94999694824219,24285051.0
1725903000,105.94499969482422,105.94499969482422,104.91000366210938,104.94000244140625,24252460.0
1725906600,104.94000244140625,105.88500213623047,104.68000030517578,105.80139923095703,22150277.0
1725910200,105.79000091552734,106.55000305175781,105.5250015258789,106.4800033569336,20173904.0
1725975000,108.04499816894531,109.37000274658203,105.95999908447266,107.29000091552734,87845460.0
1725978600,107.2405014038086,107.54499816894531,106.41600036621094,107.1177978515625,33241851.0
1725982200,107.0999984741211,107.44000244140625,104.94999694824219,105.45500183105469,36994246.0
1725985800,105.44999694824219,106.6500015258789,105.41000366210938,106.19999694824219,24532466.0
1725989400,106.19499969482422,107.47000122070312,106.12000274658203,107.29419708251953,22080720.0
1725993000,107.30000305175781,107.58000183105469,107.02999877929688,107.54989624023438,20222622.0
1725996600,107.54499816894531,108.18000030517578,107.33000183105469,108.0199966430664,20494338.0
1726061400,109.5,111.85009765625,108.5,109.31500244140625,104156057.0
1726065000,109.30999755859375,109.44000244140625,107.6011962890625,109.31999969482422,50513326.0
1726068600,109.30000305175781,112.87000274658203,109.16500091552734,112.82749938964844,59793549.0
1726072200,112.82050323486328,113.9000015258789,111.70999908447266,113.8550033569336,50045657.0
1726075800,113.86000061035156,115.37000274658203,113.36000061035156,115.27619934082031,50208711.0
1726079400,115.28500366210938,116.13999938964844,114.55999755859375,115.9800033569336,48831566.0
1726083000,115.98500061035156,117.18000030517578,115.66000366210938,116.8499984741211,39897445.0
1726147800,115.92970275878906,119.81999969482422,115.4198989868164,119.6050033569336,110932880.0
1726151400,119.60009765625,119.98999786376953,118.29000091552734,118.66999816894531,61988443.0
1726155000,118.67500305175781,119.30000305175781,117.7699966430664,119.13500213623047,39212589.0
1726158600,119.13939666748047,119.95999908447266,118.47000122070312,119.84010314941406,30068279.0
1726162200,119.8550033569336,120.79000091552734,119.46790313720703,120.40010070800781,38812810.0
1726165800,120.4000015258789,120.48999786376953,119.0999984741211,119.94999694824219,35025996.0
1726169400,119.95999908447266,120.0999984741211,119.0199966430664,119.18000030517578,25774270.0
1726234200,119.0,119.95500183105469,118.3499984741211,118.37000274658203,77115916.0
1726237800,117.87000274658203,119.79000091552734,117.85009765625,119.41020202636719,41632945.0
1726241400,119.41999816894531,119.55000305175781,118.30000305175781,118.71499633789062,27707927.0
1726245000,118.72000122070312,119.33000183105469,118.44499969482422,119.1050033569336,21624083.0
1726248600,119.1050033569336,119.16999816894531,118.3687973022461,118.61499786376953,17701903.0
1726252200,118.62000274658203,119.12999725341797,118.41999816894531,119.05999755859375,20818196.0
1726255800,119.05999755859375,119.13999938964844,118.70999908447266,119.06999969482422,17327901.0
1726493400,116.25990295410156,118.18000030517578,114.36000061035156,117.11499786376953,88468816.0
1726497000,117.12999725341797,117.2499008178711,116.02999877929688,116.625,35852811.0
1726500600,116.625,116.87000274658203,115.71089935302734,116.1698989868164,26871447.0
1726504200,116.16999816894531,116.79000091552734,115.75,116.62000274658203,18889204.0
1726507800,116.62079620361328,117.07499694824219,116.45010375976562,116.66500091552734,17703890.0
1726511400,116.66059875488281,116.68499755859375,116.0999984741211,116.35009765625,17752526.0
1726515000,116.35600280761719,116.79000091552734,116.2300033569336,116.7699966430664,14443184.0
1726579800,118.75,118.76920318603516,116.76000213623047,117.7499008178711,64854037.0
1726583400,117.73999786376953,118.27059936523438,117.18000030517578,117.20999908447266,28647718.0
1726587000,117.20600128173828,117.5199966430664,115.97000122070312,116.52989959716797,25503727.0
1726590600,116.5199966430664,116.69999694824219,115.66999816894531,116.09500122070312,26392736.0
1726594200,116.08999633789062,116.26000213623047,114.83000183105469,115.37909698486328,25990083.0
1726597800,115.375,115.6500015258789,114.8550033569336,115.3499984741211,21933744.0
1726601400,115.34120178222656,115.6500015258789,114.9800033569336,115.58499908447266,18718670.0
1726666200,116.0,116.0999984741211,114.61920166015625,115.12000274658203,54005037.0
1726669800,115.12930297851562,115.4397964477539,114.52999877929688,114.82990264892578,24486152.0
1726673400,114.82219696044922,114.8499984741211,113.68000030517578,114.69000244140625,27633139.0
1726677000,114.69999694824219,115.33000183105469,114.56999969482422,115.0999984741211,21073731.0
1726680600,115.09500122070312,117.16999816894531,114.62999725341797,116.7750015258789,49042417.0
1726684200,116.77999877929688,117.69999694824219,113.51000213623047,115.38999938964844,66458647.0
1726687800,115.38999938964844,115.7300033569336,113.22000122070312,113.22000122070312,32757218.0
1726752600,117.625,119.34839630126953,117.44999694824219,119.22000122070312,95723223.0
1726756200,119.16999816894531,119.5999984741211,118.56909942626953,119.52519989013672,36413875.0
1726759800,119.5250015258789,119.66000366210938,118.7699966430664,119.16000366210938,26693186.0
1726763400,119.16999816894531,119.66000366210938,118.94000244140625,119.49500274658203,23193470.0
1726767000,119.5,119.5198974609375,118.66999816894531,119.1240005493164,21799497.0
1726770600,119.12999725341797,119.13500213623047,117.61000061035156,118.1449966430664,29362719.0
1726774200,118.16000366210938,118.6500015258789,117.70999908447266,117.9800033569336,21695352.0
1726839000,117.42009735107422,118.61810302734375,116.70999908447266,117.08000183105469,76665867.0
1726842600,117.06999969482422,117.41999816894531,115.39009857177734,115.73999786376953,41470671.0
1726846200,115.73999786376953,116.81999969482422,115.69999694824219,116.67939758300781,31124714.0
1726849800,116.66000366210938,116.66999816894531,116.0199966430664,116.19010162353516,18720226.0
1726853400,116.19000244140625,116.55999755859375,115.5,115.84449768066406,25463820.0
1726857000,115.83999633789062,116.72000122070312,115.69000244140625,116.62000274658203,22337565.0
1726860600,116.625,116.88999938964844,115.72000122070312,116.08000183105469,27559179.0
1727098200,116.45999908447266,116.98999786376953,115.44999694824219,116.17500305175781,56701554.0
1727101800,116.17500305175781,116.23999786376953,114.86000061035156,115.5250015258789,32593605.0
1727105400,115.52999877929688,116.3499984741211,115.44000244140625,115.49500274658203,24615527.0
1727109000,115.48999786376953,115.77999877929688,115.2699966430664,115.66999816894531,18461327.0
1727112600,115.66500091552734,116.22989654541016,115.55999755859375,116.11029815673828,14762662.0
1727116200,116.11000061035156,116.6050033569336,115.91000366210938,116.52899932861328,15548684.0
1727119800,116.52940368652344,116.56999969482422,116.1500015258789,116.23999786376953,14358863.0
1727184600,116.51499938964844,117.61000061035156,115.83999633789062,115.98410034179688,56053899.0
1727188200,115.98500061035156,117.44999694824219,115.37999725341797,117.37999725341797,37634844.0
1727191800,117.38990020751953,121.62000274658203,117.37999725341797,120.77999877929688,94116304.0
1727195400,120.78209686279297,121.47000122070312,120.55169677734375,121.29499816894531,36259139.0
1727199000,121.31500244140625,121.80000305175781,121.0999984741211,121.30999755859375,30789973.0
1727202600,121.31500244140625,121.4000015258789,120.43000030517578,120.43099975585938,28892110.0
1727206200,120.43499755859375,121.18000030517578,120.0999984741211,120.94999694824219,28259500.0
1727271000,122.25,124.93000030517578,122.19999694824219,124.56500244140625,95740250.0
1727274600,124.5,124.9000015258789,124.0199966430664,124.02519989013672,41870989.0
1727278200,124.0199966430664,124.22930145263672,123.05999755859375,123.7970962524414,36973240.0
1727281800,123.80000305175781,123.88999938964844,122.76000213623047,123.25990295410156,27098149.0
1727285400,123.25,123.5999984741211,122.62000274658203,123.5999984741211,24210456.0
1727289000,123.55999755859375,123.5999984741211,123.20999908447266,123.29000091552734,15776500.0
1727292600,123.30000305175781,123.58999633789062,123.22000122070312,123.55999755859375,15319575.0
1727357400,126.375,127.4800033569336,125.65010070800781,125.66999816894531,90395504.0
1727361000,125.67990112304688,125.83999633789062,122.15499877929688,123.53910064697266,65540148.0
1727364600,123.5250015258789,124.4885025024414,122.94999694824219,123.42169952392578,31071894.0
1727368200,123.41010284423828,123.55000305175781,121.80000305175781,122.63999938964844,26191868.0
1727371800,122.64089965820312,124.04979705810547,122.55000305175781,124.029296875,26965092.0
1727375400,124.0250015258789,124.44999694824219,123.52999877929688,124.12999725341797,23400572.0
1727379000,124.13909912109375,124.23989868164062,123.6500015258789,123.98999786376953,16979294.0
1727443800,123.5,123.5,120.91000366210938,121.41999816894531,70249135.0
1727447400,121.43299865722656,121.5198974609375,119.81999969482422,120.25499725341797,47481708.0
1727451000,120.25920104980469,120.95500183105469,119.95999908447266,120.83000183105469,27820965.0
1727454600,120.83000183105469,121.18000030517578,120.19999694824219,120.21920013427734,19945637.0
1727458200,120.21080017089844,120.95999908447266,119.3499984741211,119.3499984741211,24732932.0
1727461800,119.37000274658203,120.5260009765625,119.26000213623047,120.5,27723104.0
1727465400,120.4801025390625,121.97000122070312,120.38009643554688,121.4000015258789,27623003.0
1727703000,118.75,121.2699966430664,118.66000366210938,120.0907974243164,66913853.0
1727706600,120.0999984741211,120.97380065917969,119.66000366210938,120.97380065917969,26448987.0
1727710200,121.06500244140625,121.0999984741211,120.26000213623047,120.71499633789062,21952911.0
1727713800,120.72000122070312,120.80999755859375,119.95999908447266,120.10070037841797,16099303.0
1727717400,120.1050033569336,120.69000244140625,119.18000030517578,119.47000122070312,21885081.0
1727721000,119.47000122070312,120.36000061035156,119.19000244140625,120.08499908447266,23135879.0
1727724600,120.08000183105469,121.5,119.8197021484375,121.48999786376953,22603713.0
1727789400,121.5,122.38990020751953,117.74089813232422,117.88919830322266,70408748.0
1727793000,117.5999984741211,118.47000122070312,116.6050033569336,117.41999816894531,49018494.0
1727796600,117.41000366210938,118.08999633789062,116.9000015258789,117.4800033569336,32494796.0
1727800200,117.4800033569336,117.5999984741211,115.79000091552734,115.99500274658203,36720338.0
1727803800,115.98989868164062,117.94499969482422,115.88999938964844,117.81009674072266,29536695.0
1727807400,117.81400299072266,118.05999755859375,117.23999786376953,117.4749984741211,24719590.0
1727811000,117.47000122070312,117.47000122070312,116.72000122070312,116.94989776611328,22720466.0
1727875800,116.41999816894531,118.75,115.13999938964844,118.25,66749149.0
1727879400,118.25,119.23999786376953,117.62999725341797,118.872802734375,30144068.0
1727883000,118.87999725341797,119.29000091552734,118.56999969482422,118.98500061035156,23327842.0
1727886600,118.98999786376953,118.98999786376953,117.83999633789062,118.37920379638672,17473621.0
1727890200,118.36000061035156,118.88999938964844,117.76000213623047,118.62999725341797,17602525.0
1727893800,118.62999725341797,119.16000366210938,118.4800033569336,119.04000091552734,17840580.0
1727897400,119.05000305175781,119.37999725341797,118.76000213623047,118.83989715576172,16622500.0
1727962200,120.91999816894531,124.36000061035156,120.34010314941406,122.26000213623047,104618154.0
1727965800,122.26000213623047,123.16000366210938,121.77999877929688,122.7249984741211,41186772.0
1727969400,122.72000122070312,123.33000183105469,122.6968002319336,123.04000091552734,24893614.0
1727973000,123.05000305175781,123.06999969482422,121.45999908447266,122.69999694824219,29056405.0
1727976600,122.69999694824219,123.19999694824219,122.38200378417969,122.74500274658203,20102782.0
1727980200,122.74500274658203,122.87989807128906,122.11250305175781,122.1604995727539,18091694.0
1727983800,122.16999816894531,123.0,122.15499877929688,122.83999633789062,18226899.0
1728048600,124.93499755859375,125.0,121.9000015258789,122.5199966430664,80373372.0
1728052200,122.52999877929688,124.0999984741211,122.3550033569336,123.58999633789062,36945317.0
1728055800,123.58000183105469,124.3499984741211,123.26000213623047,123.83000183105469,25045462.0
1728059400,123.83000183105469,124.48999786376953,123.7699966430664,124.03500366210938,18530654.0
1728063000,124.04000091552734,124.5999984741211,123.76000213623047,124.59339904785156,22292813.0
1728066600,124.58999633789062,124.69999694824219,124.30000305175781,124.55500030517578,18383132.0
1728070200,124.55500030517578,125.0199966430664,124.4800033569336,124.88999938964844,24014244.0
1728307800,124.94999694824219,127.80999755859375,124.94999694824219,127.24500274658203,80097596.0
1728311400,127.24500274658203,128.61000061035156,126.51000213623047,128.5991973876953,47992679.0
1728315000,128.5998992919922,129.64999389648438,128.5500030517578,129.55630493164062,46140495.0
1728318600,129.5594024658203,129.6999969482422,128.80999755859375,129.42970275878906,29112870.0
1728322200,129.42999267578125,130.63999938964844,129.1699981689453,129.72999572753906,49595566.0
1728325800,129.72999572753906,129.7799072265625,127.94000244140625,128.2449951171875,43181861.0
1728329400,128.25,128.6199951171875,127.5199966430664,127.79000091552734,26902103.0
1728394200,130.3300018310547,131.8800048828125,129.4199981689453,131.63980102539062,88240738.0
1728397800,131.63499450683594,132.9199981689453,131.53500366210938,131.8939971923828,53037326.0
1728401400,131.9001007080078,132.5749969482422,131.61000061035156,132.56500244140625,27024947.0
1728405000,132.55999755859375,132.69000244140625,131.6999969482422,132.0500030517578,21136447.0
1728408600,132.06410217285156,132.63059997558594,131.99989318847656,132.61929321289062,17193286.0
1728412200,132.61500549316406,133.3000030517578,132.27000427246094,133.2899932861328,32581100.0
1728415800,133.2899932861328,133.47999572753906,132.74400329589844,132.93600463867188,23691861.0
1728480600,134.1300048828125,134.46499633789062,131.3800048828125,133.9095001220703,87025783.0
1728484200,133.90499877929688,133.9600067138672,132.50999450683594,133.14059448242188,36984056.0
1728487800,133.14930725097656,133.42909240722656,131.47000122070312,132.30990600585938,31493459.0
1728491400,132.30340576171875,132.55999755859375,131.6699981689453,131.98500061035156,20003973.0
1728495000,131.98460388183594,132.67999267578125,131.47999572753906,132.6309051513672,21393569.0
1728498600,132.63999938964844,132.69000244140625,132.1199951171875,132.33090209960938,17609317.0
1728502200,132.3350067138672,132.83999633789062,132.30999755859375,132.625,16425633.0
1728567000,131.8800048828125,134.2899932861328,131.30189514160156,134.26499938964844,73574479.0
1728570600,134.25999450683594,134.77000427246094,133.4600067138672,134.08009338378906,37325114.0
1728574200,134.0850067138672,135.0,133.94009399414062,134.38470458984375,27402661.0
1728577800,134.3699951171875,134.89999389648438,133.9499969482422,134.7957000732422,25312958.0
1728581400,134.80999755859375,134.97999572753906,134.1300048828125,134.33999633789062,18223135.0
1728585000,134.33140563964844,134.75,133.52000427246094,134.64500427246094,26083908.0
1728588600,134.63999938964844,134.85000610351562,134.16400146484375,134.8000030517578,17638828.0
1728653400,134.02000427246094,135.77999877929688,133.66000366210938,135.02980041503906,62079200.0
1728657000,135.0299072265625,135.42999267578125,134.17999267578125,134.95010375976562,29731851.0
1728660600,134.94149780273438,135.25,134.67999267578125,135.1199951171875,17430163.0
1728664200,135.1300048828125,135.14999389648438,134.6699981689453,134.85000610351562,12064169.0
1728667800,134.83999633789062,135.14990234375,134.77000427246094,134.8990020751953,11584827.0
1728671400,134.89999389648438,134.97000122070312,134.55999755859375,134.82000732421875,12431698.0
1728675000,134.81910705566406,134.92999267578125,134.68499755859375,134.75,11468505.0
1728912600,136.42999267578125,139.52999877929688,136.3000030517578,139.31500244140625,80017009.0
1728916200,139.3000030517578,139.60000610351562,137.72000122070312,138.02000427246094,35801251.0
1728919800,138.02000427246094,138.52000427246094,137.42999267578125,138.5,22565261.0
1728923400,138.49000549316406,138.73989868164062,138.13999938964844,138.58999633789062,16453146.0
1728927000,138.58999633789062,138.99000549316406,138.49000549316406,138.6907958984375,13863861.0
1728930600,138.6999969482422,139.0500030517578,138.41000366210938,138.74000549316406,19238805.0
1728934200,138.74000549316406,138.89999389648438,137.86000061035156,138.14010620117188,20398623.0
1728999000,137.88499450683594,138.57000732421875,131.86000061035156,132.11000061035156,98327408.0
1729002600,132.10440063476562,132.8179931640625,128.74000549316406,131.79600524902344,96019919.0
1729006200,131.77999877929688,132.39500427246094,130.00999450683594,130.8350067138672,43374304.0
1729009800,130.83999633789062,131.6999969482422,130.83349609375,131.0800018310547,27417003.0
1729013400,131.0850067138672,132.25,130.8300018310547,131.83999633789062,26669839.0
1729017000,131.8300018310547,132.19000244140625,130.64500427246094,131.19090270996094,28013192.0
1729020600,131.1999969482422,131.97999572753906,130.64999389648438,131.61000061035156,26366584.0
1729085400,133.9550018310547,134.64999389648438,131.5800018310547,134.4219970703125,76813534.0
1729089000,134.44000244140625,134.77999877929688,132.67300415039062,134.16000366210938,40168282.0
1729092600,134.16000366210938,134.33999633789062,133.74000549316406,134.22000122070312,22304078.0
1729096200,134.2200927734375,135.6959991455078,134.1300048828125,135.4770050048828,27949316.0
1729099800,135.47999572753906,136.44000244140625,135.47000122070312,136.4199981689453,30790484.0
1729103400,136.4250030517578,136.6199951171875,135.91000366210938,136.0260009765625,26041553.0
1729107000,136.02999877929688,136.07000732421875,135.3105926513672,135.70989990234375,19418534.0
1729171800,139.35000610351562,140.88999938964844,137.375,139.60060119628906,121786439.0
1729175400,139.60499572753906,139.74000549316406,138.38999938964844,139.64999389648438,40698586.0
1729179000,139.64999389648438,140.2519989013672,139.22000122070312,139.46009826660156,32335890.0
1729182600,139.46499633789062,139.67999267578125,138.89340209960938,139.53990173339844,21696482.0
1729186200,139.53500366210938,139.9199981689453,138.30999755859375,138.66400146484375,23245295.0
1729189800,138.6649932861328,138.97999572753906,137.91000366210938,137.9261932373047,23161284.0
1729193400,137.9499969482422,138.1699981689453,136.8699951171875,136.9199981689453,23689363.0
1729258200,138.7100067138672,138.89999389648438,137.3800048828125,138.2227020263672,59459699.0
1729261800,138.22109985351562,138.35000610351562,137.4499969482422,137.96499633789062,21659549.0
1729265400,137.97999572753906,138.10000610351562,137.27999877929688,137.5540008544922,15798333.0
1729269000,137.5500030517578,138.6699981689453,137.52999877929688,138.33999633789062,19479007.0
1729272600,138.33999633789062,138.5,138.00999450683594,138.27000427246094,12656560.0
1729276200,138.26499938964844,138.3300018310547,137.8699951171875,138.1800994873047,13544144.0
1729279800,138.18499755859375,138.18499755859375,137.88999938964844,137.97999572753906,12321477.0
1729517400,138.14500427246094,141.8000030517578,138.00999450683594,141.42999267578125,78715899.0
1729521000,141.4300994873047,141.52999877929688,139.94000244140625,140.35499572753906,37727208.0
1729524600,140.35000610351562,141.5500030517578,140.28500366210938,141.07679748535156,22578413.0
1729528200,141.08909606933594,141.6999969482422,140.69000244140625,141.53570556640625,17172594.0
1729531800,141.53500366210938,142.4600067138672,141.52999877929688,142.0699005126953,30023012.0
1729535400,142.0601043701172,142.61000061035156,141.77999877929688,142.47000122070312,21972410.0
1729539000,142.47999572753906,143.7100067138672,142.13999938964844,143.6999969482422,27144345.0
1729603800,142.9199981689453,144.4199981689453,141.77999877929688,143.52000427246094,79487338.0
1729607400,143.52000427246094,143.75,142.3300018310547,143.26010131835938,32440573.0
1729611000,143.26600646972656,143.49000549316406,142.52999877929688,142.61500549316406,17057980.0
1729614600,142.6199951171875,143.4199981689453,141.9600067138672,143.41990661621094,21629451.0
1729618200,143.4197998046875,144.05990600585938,143.3000030517578,143.35000610351562,22305926.0
1729621800,143.36000061035156,143.75,143.1114959716797,143.74000549316406,17050545.0
1729625400,143.74000549316406,143.86000061035156,143.4499969482422,143.57000732421875,14702197.0
1729690200,142.01499938964844,142.42999267578125,138.25999450683594,140.33999633789062,85128048.0
1729693800,140.35000610351562,141.41000366210938,139.62010192871094,139.73199462890625,40222146.0
1729697400,139.7100067138672,140.6999969482422,139.35000610351562,139.40499877929688,25775688.0
1729701000,139.39999389648438,139.8699951171875,137.6999969482422,138.4387969970703,31996546.0
1729704600,138.43080139160156,138.5,137.4600067138672,138.44500732421875,27671609.0
1729708200,138.44500732421875,139.24000549316406,138.22000122070312,138.9199981689453,30472018.0
1729711800,138.9250030517578,139.85989379882812,138.63999938964844,139.57000732421875,19363612.0
1729776600,140.82000732421875,141.35000610351562,138.4600067138672,138.52999877929688,57260778.0
1729780200,138.5399932861328,140.02969360351562,138.52000427246094,139.7050018310547,26348227.0
1729783800,139.6999969482422,139.85000610351562,138.7899932861328,139.4250030517578,17309886.0
1729787400,139.42999267578125,140.05999755859375,139.14500427246094,139.53700256347656,14765867.0
1729791000,139.5399932861328,140.13999938964844,139.25999450683594,139.85719299316406,12461923.0
1729794600,139.87600708007812,140.5399932861328,139.60000610351562,140.52999877929688,14405766.0
1729798200,140.52499389648438,140.83999633789062,140.25,140.39999389648438,13277656.0
1729863000,140.94000244140625,143.5500030517578,140.8000030517578,143.45010375976562,59191386.0
1729866600,143.4600067138672,144.11000061035156,143.02000427246094,143.7299041748047,30457488.0
1729870200,143.74000549316406,144.0500030517578,143.30999755859375,143.6199951171875,21337436.0
1729873800,143.61990356445312,143.6300048828125,142.50999450683594,142.5198974609375,16722765.0
1729877400,142.50999450683594,142.74000549316406,140.94200134277344,141.95989990234375,31614170.0
1729881000,141.9600067138672,142.29989624023438,141.6750030517578,141.94290161132812,15965833.0
1729884600,141.94500732421875,142.19000244140625,141.3800048828125,141.47000122070312,13457139.0
1730122200,143.02999877929688,143.13999938964844,140.88999938964844,141.4600067138672,50535052.0
1730125800,141.46490478515625,141.6999969482422,140.77000427246094,141.01539611816406,25699061.0
1730129400,141.02999877929688,141.07000732421875,140.0500030517578,140.5399932861328,23081781.0
1730133000,140.5399932861328,141.27999877929688,140.17999267578125,141.1699981689453,15707963.0
1730136600,141.17999267578125,141.49000549316406,141.00999450683594,141.24000549316406,13467263.0
1730140200,141.24000549316406,141.3300018310547,140.72999572753906,141.23069763183594,12228507.0
1730143800,141.23500061035156,141.3300018310547,140.39999389648438,140.61000061035156,13105912.0
1730208600,140.25,140.72999572753906,138.89999389648438,140.3300018310547,41937597.0
1730212200,140.3300018310547,141.11000061035156,140.1999969482422,141.0388946533203,19797823.0
1730215800,141.0399932861328,142.0,140.6999969482422,141.6800994873047,18853341.0
1730219400,141.6959991455078,141.85000610351562,141.19790649414062,141.48500061035156,14274390.0
1730223000,141.5,141.75990295410156,141.25,141.6999969482422,10575850.0
1730226600,141.69000244140625,142.2550048828125,141.6199951171875,142.08999633789062,14725585.0
1730230200,142.0850067138672,142.1387939453125,141.02000427246094,141.1999969482422,13662138.0
1730295000,139.44000244140625,139.9149932861328,136.80999755859375,139.3699951171875,61262191.0
1730298600,139.3699951171875,140.17999267578125,138.8300018310547,140.17990112304688,19613802.0
1730302200,140.1699981689453,140.17999267578125,139.47000122070312,139.55499267578125,14023471.0
1730305800,139.5699005126953,140.3300018310547,139.36000061035156,139.82989501953125,11933106.0
1730309400,139.8092041015625,140.27999877929688,138.9600067138672,139.97000122070312,14964589.0
1730313000,139.9600067138672,140.16000366210938,139.32000732421875,139.4199981689453,12164956.0
1730316600,139.4149932861328,139.99000549316406,139.1300048828125,139.17999267578125,14161047.0
1730381400,137.61000061035156,137.61000061035156,132.37010192871094,133.80999755859375,82137383.0
1730385000,133.80999755859375,134.17999267578125,133.02000427246094,133.83050537109375,31508825.0
1730388600,133.82000732421875,133.94000244140625,132.3000030517578,133.5850067138672,27711250.0
1730392200,133.5800018310547,133.83999633789062,133.22999572753906,133.3249969482422,14571145.0
1730395800,133.3249969482422,133.42999267578125,132.50999450683594,132.64529418945312,17674160.0
1730399400,132.64990234375,134.0399932861328,132.11300659179688,133.62789916992188,26786914.0
1730403000,133.6300048828125,134.5500030517578,132.41000366210938,132.69500732421875,25757359.0
1730467800,134.66000366210938,137.30999755859375,134.57000732421875,137.1739959716797,61795417.0
1730471400,137.19000244140625,137.2292938232422,135.90049743652344,137.0063018798828,31891433.0
1730475000,137.00999450683594,137.1300048828125,136.0908966064453,136.38999938964844,16475717.0
1730478600,136.39990234375,136.68499755859375,135.5,136.3300018310547,19429424.0
1730482200,136.3249969482422,136.36000061035156,134.9499969482422,135.4739990234375,18874792.0
1730485800,135.47909545898438,136.0800018310547,135.3311004638672,135.59500122070312,14485066.0
1730489400,135.58999633789062,136.02999877929688,135.03500366210938,135.4199981689453,14798805.0
1730730600,137.22999572753906,137.99530029296875,135.57000732421875,137.8249969482422,60781340.0
1730734200,137.80999755859375,138.9600067138672,137.2100067138672,138.60609436035156,25903089.0
1730737800,138.61000061035156,138.72999572753906,137.02999877929688,137.7519989013672,22303822.0
1730741400,137.75990295410156,138.0800018310547,137.32000732421875,137.77000427246094,15805625.0
1730745000,137.76499938964844,138.389892578125,137.64999389648438,137.87989807128906,11550013.0
1730748600,137.8699951171875,138.14999389648438,137.49000549316406,137.5,14224016.0
1730752200,137.5,137.5500030517578,136.0,136.0800018310547,18100851.0
1730817000,137.42999267578125,139.35000610351562,137.3300018310547,138.7700958251953,44790395.0
1730820600,138.78089904785156,139.72999572753906,138.72999572753906,139.64500427246094,18847028.0
1730824200,139.64999389648438,140.37010192871094,139.6199951171875,139.69039916992188,20776294.0
1730827800,139.6990966796875,139.97000122070312,139.35000610351562,139.5601043701172,14092325.0
1730831400,139.57000732421875,140.0,139.0800018310547,139.82000732421875,14137270.0
1730835000,139.8249969482422,139.9499969482422,139.25010681152344,139.87339782714844,12962335.0
1730838600,139.86000061035156,139.94000244140625,139.12930297851562,139.91000366210938,14420996.0
1730903400,143.66799926757812,144.6300048828125,141.9600067138672,144.06500244140625,78272745.0
1730907000,144.06500244140625,144.30999755859375,143.22999572753906,144.0500030517578,23301199.0
1730910600,144.05499267578125,145.0,143.89999389648438,144.881103515625,22389081.0
1730914200,144.8813018798828,146.3350067138672,144.67999267578125,146.1699981689453,33826579.0
1730917800,146.1699981689453,146.22999572753906,145.4199981689453,146.02000427246094,17108631.0
1730921400,145.99000549316406,146.49000549316406,145.89999389648438,146.24000549316406,20189742.0
1730925000,146.24000549316406,146.33999633789062,145.32159423828125,145.6199951171875,18744290.0
1730989800,146.36000061035156,148.75,146.1699981689453,148.1199951171875,61418565.0
1730993400,148.125,148.3800048828125,147.2899932861328,147.96180725097656,26539772.0
1730997000,147.9600067138672,148.29989624023438,147.7100067138672,148.02999877929688,14263951.0
1731000600,148.02999877929688,148.25,147.4499969482422,147.7899932861328,14763668.0
1731004200,147.78500366210938,148.4949951171875,147.64999389648438,147.91000366210938,16271871.0
1731007800,147.9149932861328,148.4799041748047,147.55999755859375,148.27499389648438,22875030.0
1731011400,148.27000427246094,148.9199981689453,148.05999755859375,148.88999938964844,16759777.0
1731076200,148.77000427246094,149.75999450683594,146.25999450683594,147.08999633789062,66970756.0
1731079800,147.0800018310547,147.5800018310547,146.35000610351562,147.25,23309931.0
1731083400,147.25,147.97000122070312,147.1300048828125,147.52000427246094,15218271.0
1731087000,147.51499938964844,147.85000610351562,147.22000122070312,147.45989990234375,9951775.0
1731090600,147.4499969482422,147.72999572753906,147.13009643554688,147.3000030517578,10606342.0
1731094200,147.2949981689453,147.4499969482422,146.85000610351562,147.25010681152344,12668465.0
1731097800,147.24000549316406,147.83999633789062,147.11000061035156,147.5,12861470.0
1731335400,148.67999267578125,148.77000427246094,143.57000732421875,145.0054931640625,69841367.0
1731339000,145.0,146.49000549316406,145.0,145.42999267578125,24532383.0
1731342600,145.52029418945312,145.60000610351562,144.69500732421875,144.96009826660156,16183031.0
1731346200,144.97000122070312,145.60000610351562,144.47000122070312,144.88710021972656,14842047.0
1731349800,144.88909912109375,145.13999938964844,144.6300048828125,144.69500732421875,10777542.0
1731353400,144.69410705566406,145.89999389648438,144.6300048828125,145.34500122070312,14414068.0
1731357000,145.34500122070312,145.6898956298828,144.88499450683594,145.27999877929688,11927016.0
1731421800,146.72000122070312,149.5500030517578,146.00999450683594,149.22000122070312,64287360.0
1731425400,149.2100067138672,149.6199951171875,147.92999267578125,148.47000122070312,27831446.0
1731429000,148.58999633789062,149.3699951171875,147.5500030517578,148.0850067138672,21620528.0
1731432600,148.07000732421875,148.1300048828125,146.5800018310547,147.1199951171875,19093300.0
1731436200,147.08900451660156,148.55999755859375,147.0800018310547,148.23089599609375,13856982.0
1731439800,148.22500610351562,148.7449951171875,147.5500030517578,147.78619384765625,12812037.0
1731443400,147.77999877929688,148.5299072265625,147.6199951171875,148.39999389648438,14689439.0
1731508200,149.0500030517578,149.3300018310547,146.72000122070312,147.24400329589844,52875837.0
1731511800,147.25,147.75999450683594,146.5500030517578,147.3249969482422,20146063.0
1731515400,147.30349731445312,147.4199981689453,145.97000122070312,146.9600067138672,21527509.0
1731519000,146.9600067138672,147.33999633789062,146.41000366210938,147.02499389648438,14159243.0
1731522600,147.02499389648438,147.83999633789062,146.52999877929688,146.8498992919922,14839533.0
1731526200,146.83999633789062,147.1999053955078,146.35000610351562,146.49000549316406,14872318.0
1731529800,146.47500610351562,147.0399932861328,145.9499969482422,146.4199981689453,15990373.0
1731594600,147.63980102539062,148.57000732421875,145.5500030517578,148.31520080566406,54272218.0
1731598200,148.30999755859375,148.99000549316406,147.69000244140625,148.86500549316406,25106650.0
1731601800,148.875,149.0,147.67120361328125,147.7550048828125,18098271.0
1731605400,147.75390625,147.8699951171875,147.27000427246094,147.42750549316406,16034380.0
1731609000,147.42999267578125,147.52000427246094,146.47000122070312,146.80259704589844,25311371.0
1731612600,146.8000030517578,147.10519409179688,145.85000610351562,146.16000366210938,19908657.0
1731616200,146.1699981689453,146.89010620117188,145.75999450683594,146.8000946044922,13599159.0
1731681000,144.8699951171875,145.24000549316406,141.80999755859375,142.38999938964844,67749741.0
1731684600,142.3800048828125,143.52999877929688,142.3000030517578,142.97000122070312,26200905.0
1731688200,142.9600067138672,143.10000610351562,140.83999633789062,141.80999755859375,29495799.0
1731691800,141.7949981689453,142.19000244140625,140.72000122070312,141.23500061035156,22083629.0
1731695400,141.22000122070312,141.3361053466797,140.0800018310547,140.1199951171875,24284572.0
1731699000,140.1300048828125,142.33999633789062,140.10000610351562,142.07000732421875,31079307.0
1731702600,142.0500030517578,142.31500244140625,141.5449981689453,141.97030639648438,20081701.0
1731940200,139.5399932861328,140.1300048828125,137.14999389648438,140.00999450683594,74926664.0
1731943800,140.00999450683594,141.1699981689453,139.63999938964844,141.02999877929688,24675009.0
1731947400,141.02000427246094,141.27999877929688,139.35000610351562,139.52999877929688,22706788.0
1731951000,139.52999877929688,140.0500030517578,138.8800048828125,139.843505859375,16132498.0
1731954600,139.86000061035156,140.39999389648438,139.35299682617188,139.7100067138672,15415554.0
1731958200,139.72000122070312,141.5500030517578,139.55999755859375,141.5,15272534.0
1731961800,141.47000122070312,141.5,139.5,140.1999969482422,18040131.0
1732026600,141.3249969482422,143.5500030517578,140.99000549316406,142.97999572753906,59592508.0
1732030200,142.97000122070312,144.5500030517578,142.77000427246094,143.67999267578125,29728176.0
1732033800,143.6804962158203,144.16000366210938,143.16000366210938,143.60000610351562,17453921.0
1732037400,143.60000610351562,144.64500427246094,143.41000366210938,144.61920166015625,16178487.0
1732041000,144.5406951904297,146.30999755859375,144.5406951904297,146.03460693359375,25180017.0
1732044600,146.03500366210938,146.97000122070312,145.77999877929688,146.63490295410156,26511111.0
1732048200,146.6300048828125,147.1300048828125,146.1300048828125,146.99000549316406,21863148.0
1732113000,146.25,146.5399932861328,142.72999572753906,143.83450317382812,70469342.0
1732116600,143.8300018310547,146.5800018310547,143.7899932861328,144.7899932861328,39712714.0
1732120200,144.81080627441406,146.22000122070312,144.1999969482422,145.3101043701172,28787398.0
1732123800,145.31500244140625,145.5,144.3800048828125,145.02099609375,19184166.0
1732127400,145.02000427246094,145.0500030517578,143.24000549316406,143.47000122070312,22144642.0
1732131000,143.4600067138672,144.57000732421875,143.41000366210938,144.47000122070312,25982186.0
1732134600,144.4600067138672,146.16000366210938,144.4510955810547,145.92999267578125,29516785.0
1732199400,149.31500244140625,152.88999938964844,141.02000427246094,141.1959991455078,161308642.0
1732203000,141.1522979736328,145.08990478515625,140.6999969482422,144.98199462890625,53973735.0
1732206600,144.99000549316406,145.4550018310547,143.14999389648438,144.27999877929688,36124960.0
1732210200,144.30999755859375,145.4199981689453,143.7100067138672,145.17999267578125,25072264.0
1732213800,145.1999969482422,147.61000061035156,145.19000244140625,147.10159301757812,40308019.0
1732217400,147.10989379882812,148.5500030517578,146.9499969482422,148.1750030517578,34275796.0
1732221000,148.1750030517578,148.42999267578125,146.3000030517578,146.6300048828125,24086105.0
1732285800,145.91000366210938,147.16000366210938,142.4600067138672,142.7449951171875,72309140.0
1732289400,142.75999450683594,143.88999938964844,142.00999450683594,142.2799072265625,35885016.0
1732293000,142.27999877929688,142.3800048828125,141.5301055908203,142.09719848632812,29752903.0
1732296600,142.08999633789062,142.3300018310547,141.7899932861328,141.99000549316406,17601923.0
1732300200,141.98500061035156,142.1699981689453,141.10000610351562,141.4600067138672,21078391.0
1732303800,141.46499633789062,142.22000122070312,141.43089294433594,142.0,20326048.0
1732307400,141.99989318847656,142.1300048828125,141.47999572753906,141.89999389648438,18195187.0
1732545000,141.97000122070312,142.0500030517578,136.49000549316406,137.1699981689453,93964898.0
1732548600,137.13999938964844,138.33999633789062,136.22000122070312,138.279296875,36654509.0
1732552200,138.28500366210938,138.66000366210938,136.63999938964844,136.96200561523438,26386230.0
1732555800,136.9698944091797,137.88999938964844,136.4499969482422,137.0897979736328,25854910.0
1732559400,137.0800018310547,137.1999969482422,136.3000030517578,136.927001953125,21813470.0
1732563000,136.9199981689453,137.4149932861328,136.35000610351562,136.72500610351562,20414076.0
1732566600,136.72999572753906,137.14830017089844,135.82000732421875,135.94000244140625,25894894.0
1732631400,137.69000244140625,139.3000030517578,136.30999755859375,136.96310424804688,69441466.0
1732635000,136.97999572753906,137.1699981689453,136.1699981689453,136.9250030517578,27336608.0
1732638600,136.91000366210938,137.13999938964844,136.47999572753906,136.81619262695312,15867762.0
1732642200,136.8249969482422,137.10000610351562,136.375,136.63499450683594,12135169.0
1732645800,136.6300048828125,136.85499572753906,135.6699981689453,135.9600067138672,14953767.0
1732649400,135.9499969482422,136.84500122070312,135.80999755859375,136.83990478515625,13655903.0
1732653000,136.8350067138672,137.10000610351562,136.55999755859375,136.82000732421875,13840913.0
1732717800,135.00999450683594,135.1199951171875,132.25,132.35989379882812,72333292.0
1732721400,132.3780975341797,133.0800018310547,132.0,132.4149932861328,34349238.0
1732725000,132.41000366210938,132.7899932861328,131.89999389648438,132.59500122070312,20553359.0
1732728600,132.58999633789062,133.65989685058594,132.22999572753906,133.65989685058594,17619519.0
1732732200,133.65089416503906,134.57000732421875,133.6199951171875,134.14999389648438,19717594.0
1732735800,134.14500427246094,135.1699981689453,133.97999572753906,134.4398956298828,19235243.0
1732739400,134.43499755859375,135.4199981689453,134.17999267578125,135.4199981689453,14427684.0
1732890600,136.85000610351562,139.35000610351562,136.0500030517578,138.6750030517578,57723304.0
1732894200,138.6699981689453,139.14999389648438,138.1999969482422,138.35000610351562,23606266.0
1732897800,138.35000610351562,139.0800018310547,138.1300048828125,138.82000732421875,19259852.0
1733149800,138.83999633789062,140.4499969482422,138.08999633789062,139.1699981689453,53770929.0
1733153400,139.16000366210938,139.27000427246094,138.3000030517578,138.99400329589844,21944827.0
1733157000,138.98989868164062,139.64990234375,138.72000122070312,139.1649932861328,14733385.0
1733160600,139.1699981689453,139.22999572753906,138.2899932861328,138.2949981689453,13513148.0
1733164200,138.3000030517578,138.83999633789062,137.8249969482422,138.12860107421875,14799496.0
1733167800,138.1260986328125,138.8699951171875,138.0800018310547,138.79879760742188,10879220.0
1733171400,138.7949981689453,138.88999938964844,137.88999938964844,138.63999938964844,14377830.0
1733236200,138.31500244140625,140.5399932861328,137.9499969482422,138.5299072265625,44241821.0
1733239800,138.52999877929688,139.39999389648438,138.10000610351562,139.17919921875,20134225.0
1733243400,139.18499755859375,139.4499969482422,138.4949951171875,138.77999877929688,19621458.0
1733247000,138.78500366210938,139.44000244140625,138.50999450683594,139.05870056152344,14091472.0
1733250600,139.0500030517578,139.39999389648438,138.9199981689453,139.26589965820312,9524141.0
1733254200,139.27000427246094,140.27999877929688,139.26499938964844,140.22999572753906,15387277.0
1733257800,140.22360229492188,140.27999877929688,139.72000122070312,140.25,15928668.0
1733322600,142.02000427246094,142.6300048828125,140.2899932861328,141.8000030517578,50608437.0
1733326200,141.8000030517578,143.0,141.6199951171875,142.9499969482422,24494468.0
1733329800,142.94110107421875,144.5800018310547,142.91000366210938,144.5749969482422,32275847.0
1733333400,144.5749969482422,144.6199951171875,143.80999755859375,143.83009338378906,21547289.0
1733337000,143.83380126953125,145.52000427246094,143.7530059814453,145.5050048828125,24719833.0
1733340600,145.5050048828125,145.7899932861328,145.25999450683594,145.3800048828125,24269319.0
1733344200,145.3699951171875,145.6699981689453,144.5800018310547,145.13819885253906,20550348.0
1733409000,145.1199951171875,146.07000732421875,143.9499969482422,144.61000061035156,47984197.0
1733412600,144.610107421875,146.19000244140625,144.24000549316406,145.94500732421875,23943465.0
1733416200,145.94979858398438,146.5399932861328,145.75999450683594,146.0,18441563.0
1733419800,145.99000549316406,146.17990112304688,144.66000366210938,144.9199981689453,18051433.0
1733423400,144.9149932861328,145.1710968017578,144.30999755859375,144.87600708007812,15370696.0
1733427000,144.86000061035156,145.5,144.85000610351562,144.98989868164062,12772741.0
1733430600,144.97999572753906,145.25,144.8800048828125,145.00999450683594,12218215.0
1733495400,144.6300048828125,145.6999969482422,144.1750030517578,144.5500030517578,44083095.0
1733499000,144.5500030517578,144.7050018310547,141.72000122070312,142.69000244140625,35632112.0
1733502600,142.67999267578125,143.22999572753906,141.30999755859375,142.91099548339844,27987480.0
1733506200,142.91709899902344,142.92999267578125,142.02999877929688,142.6708984375,14468084.0
1733509800,142.67990112304688,142.6999969482422,142.17999267578125,142.5850067138672,11155484.0
1733513400,142.58999633789062,142.7100067138672,141.8800048828125,142.10499572753906,13885046.0
1733517000,142.10499572753906,142.47999572753906,141.7899932861328,142.39999389648438,14636169.0
1733754600,138.9875030517578,139.9499969482422,137.42999267578125,138.66000366210938,63026259.0
1733758200,138.66000366210938,138.86729431152344,137.1300048828125,138.08999633789062,31012042.0
1733761800,138.08999633789062,138.7100067138672,137.8800048828125,138.4499969482422,14990840.0
1733765400,138.4550018310547,139.7830047607422,138.43040466308594,139.56500244140625,14749724.0
1733769000,139.57000732421875,139.83999633789062,138.63999938964844,138.67999267578125,11428516.0
1733772600,138.69000244140625,138.77000427246094,138.0500030517578,138.28500366210938,12452486.0
1733776200,138.3000030517578,139.13999938964844,138.24000549316406,138.80499267578125,11453233.0
1733841000,138.89999389648438,141.82000732421875,138.80999755859375,140.07000732421875,46374574.0
1733844600,140.05999755859375,140.16000366210938,137.07000732421875,137.17990112304688,29845197.0
1733848200,137.19000244140625,137.25999450683594,135.764892578125,136.2899932861328,26121686.0
1733851800,136.2899932861328,136.85000610351562,135.96009826660156,136.41000366210938,13846109.0
1733855400,136.41000366210938,136.64999389648438,135.6300048828125,135.88999938964844,14589609.0
1733859000,135.88009643554688,135.9694061279297,133.8000030517578,134.5800018310547,28768670.0
1733862600,134.58999633789062,135.3800048828125,134.44000244140625,135.0,19039483.0
1733927400,137.40499877929688,138.0500030517578,135.2100067138672,136.2050018310547,48972591.0
1733931000,136.197998046875,137.7100067138672,135.5749969482422,137.64999389648438,22757958.0
1733934600,137.64999389648438,139.0500030517578,137.17999267578125,138.6300048828125,21971597.0
1733938200,138.639892578125,139.17999267578125,138.22999572753906,139.17880249023438,14256316.0
1733941800,139.17979431152344,139.92999267578125,139.10000610351562,139.45449829101562,16419617.0
1733945400,139.4503936767578,140.1699981689453,139.35000610351562,140.11160278320312,18622791.0
1733949000,140.11500549316406,140.11500549316406,138.94000244140625,139.27000427246094,13537749.0
1734013800,137.10000610351562,137.5500030517578,135.8000030517578,136.6739959716797,52104111.0
1734017400,136.66000366210938,137.52999877929688,136.3800048828125,136.72000122070312,18884134.0
1734021000,136.72999572753906,137.38999938964844,136.09010314941406,137.37010192871094,13556780.0
1734024600,137.3699951171875,138.41000366210938,136.9499969482422,138.2050018310547,16490344.0
1734028200,138.2050018310547,138.25,137.32000732421875,137.96090698242188,13279870.0
1734031800,137.9600067138672,138.1199951171875,137.27000427246094,137.38499450683594,11982914.0
1734035400,137.38999938964844,137.75,137.0,137.30999755859375,9286520.0
1734100200,139.0,139.60000610351562,136.4499969482422,136.49000549316406,49347246.0
1734103800,136.50999450683594,137.0,132.5399932861328,132.9499969482422,55221021.0
1734107400,132.9517059326172,134.14999389648438,132.89999389648438,133.27999877929688,31987618.0
1734111000,133.3000030517578,134.52999877929688,132.85000610351562,134.5294952392578,18658386.0
1734114600,134.52499389648438,134.75,133.9499969482422,134.63479614257812,14065097.0
1734118200,134.63229370117188,134.9199981689453,133.64999389648438,133.98699951171875,22835599.0
1734121800,133.97999572753906,134.30999755859375,133.72000122070312,134.22000122070312,14372220.0
1734359400,134.1649932861328,134.39999389648438,130.4199981689453,132.29010009765625,73858692.0
1734363000,132.3000030517578,132.4600067138672,130.88999938964844,130.92990112304688,27169378.0
1734366600,130.92010498046875,131.57000732421875,130.44000244140625,130.96299743652344,23176778.0
1734370200,130.9600067138672,132.0399932861328,130.82000732421875,131.3184051513672,19102314.0
1734373800,131.30999755859375,131.77999877929688,130.7100067138672,131.61000061035156,23414928.0
1734377400,131.6300048828125,132.77999877929688,131.58999633789062,132.39999389648438,22170031.0
1734381000,132.38999938964844,132.44000244140625,131.52000427246094,131.99000549316406,16535787.0
1734445800,129.0,129.61000061035156,126.86000061035156,127.62000274658203,87462311.0
1734449400,127.62000274658203,129.3000030517578,127.62000274658203,128.99000549316406,33645194.0
1734453000,128.97999572753906,131.2100067138672,128.80999755859375,131.19000244140625,30929782.0
1734456600,131.1999969482422,131.58999633789062,129.7100067138672,129.72430419921875,20569000.0
1734460200,129.72500610351562,130.1999053955078,129.25,129.89999389648438,16935727.0
1734463800,129.89999389648438,130.00999450683594,129.10000610351562,129.3249053955078,15589185.0
1734467400,129.3249969482422,130.41000366210938,128.82000732421875,130.35000610351562,19970966.0
1734532200,133.8699951171875,135.77999877929688,132.80999755859375,135.56370544433594,63894115.0
1734535800,135.5601043701172,136.6999969482422,134.9550018310547,135.25,33075633.0
1734539400,135.27000427246094,135.86000061035156,134.66000366210938,135.61500549316406,18318841.0
1734543000,135.61990356445312,136.4199981689453,135.11000061035156,135.98500061035156,14292090.0
1734546600,135.97999572753906,136.3350067138672,133.74000549316406,133.8699951171875,24494848.0
1734550200,133.8520050048828,134.4499969482422,130.7899932861328,130.97000122070312,33555951.0
1734553800,130.9550018310547,131.57989501953125,128.27999877929688,128.7100067138672,36851079.0
1734618600,131.72000122070312,132.05999755859375,129.8217010498047,130.22000122070312,56394762.0
1734622200,130.22000122070312,133.44000244140625,129.5500030517578,133.14990234375,33593760.0
1734625800,133.1199951171875,134.02999877929688,131.4499969482422,131.61729431152344,22742846.0
1734629400,131.60499572753906,132.58999633789062,131.52000427246094,131.74000549316406,18404115.0
1734633000,131.7449951171875,132.9499969482422,131.57000732421875,132.0408935546875,13856362.0
1734636600,132.05999755859375,132.08999633789062,130.9499969482422,131.57009887695312,15554561.0
1734640200,131.58999633789062,131.89999389648438,130.3000030517578,130.6719970703125,15479724.0
1734705000,129.80999755859375,132.5,128.22000122070312,132.44679260253906,73961621.0
1734708600,132.4405059814453,134.14999389648438,132.36000061035156,133.91000366210938,32066759.0
1734712200,133.91000366210938,135.00999450683594,133.82000732421875,134.98489379882812,25135974.0
1734715800,134.97999572753906,135.27999877929688,133.5399932861328,133.69000244140625,20457543.0
1734719400,133.6970977783203,134.99000549316406,133.5800018310547,134.92970275878906,16952324.0
1734723000,134.9199981689453,135.02999877929688,133.6999969482422,133.889892578125,18593721.0
1734726600,133.88999938964844,135.00999450683594,132.89999389648438,134.9600067138672,24109745.0
1734964200,136.27999877929688,137.82000732421875,135.12010192871094,136.1999969482422,49997537.0
1734967800,136.1999969482422,137.50999450683594,135.8300018310547,137.25990295410156,19313071.0
1734971400,137.25,138.47000122070312,136.85000610351562,137.92999267578125,18596455.0
1734975000,137.92999267578125,139.0,137.7550048828125,138.52999877929688,16154943.0
1734978600,138.53990173339844,139.6999969482422,138.52000427246094,139.35000610351562,17563953.0
1734982200,139.3592071533203,139.52000427246094,138.33999633789062,139.05999755859375,18497265.0
1734985800,139.07000732421875,139.7899932861328,138.88999938964844,139.65499877929688,14565048.0
1735050600,139.97500610351562,141.89999389648438,139.310302734375,140.82009887695312,44242434.0
1735054200,140.8300018310547,141.40989685058594,140.25999450683594,141.39500427246094,19811591.0
1735057800,141.39999389648438,141.39999389648438,140.4600067138672,140.76449584960938,14936424.0
1735223400,139.52499389648438,140.85000610351562,137.72999572753906,138.72000122070312,38224769.0
1735227000,138.7100067138672,139.66000366210938,138.406005859375,139.3699951171875,16077919.0
1735230600,139.360107421875,140.44000244140625,139.22999572753906,139.94009399414062,13461581.0
1735234200,139.9600067138672,140.39999389648438,139.36000061035156,140.22000122070312,11051236.0
1735237800,140.2100067138672,140.35000610351562,139.85000610351562,139.99000549316406,9968537.0
1735241400,140.0,140.2899932861328,139.85000610351562,140.1649932861328,8107739.0
1735245000,140.14999389648438,140.27999877929688,139.82000732421875,139.88999938964844,8622750.0
1735309800,138.55499267578125,139.02000427246094,134.7100067138672,135.639892578125,51034871.0
1735313400,135.63499450683594,136.8699951171875,135.14999389648438,136.86380004882812,21330869.0
1735317000,136.86000061035156,136.92999267578125,135.17999267578125,135.6999969482422,18977464.0
1735320600,135.6999969482422,136.5699005126953,135.36000061035156,135.95989990234375,14807348.0
1735324200,135.94119262695312,136.8300018310547,135.85499572753906,136.23129272460938,11959118.0
1735327800,136.22999572753906,136.99000549316406,136.16000366210938,136.76849365234375,14163644.0
1735331400,136.77000427246094,137.13999938964844,136.3000030517578,137.13999938964844,16695144.0
1735569000,134.8350067138672,138.6699981689453,134.02000427246094,136.7100067138672,51292533.0
1735572600,136.6999969482422,138.2899932861328,136.64999389648438,137.55990600585938,21647966.0
1735576200,137.5500030517578,139.07000732421875,137.39239501953125,139.02000427246094,15602989.0
1735579800,139.02999877929688,140.27000427246094,138.89999389648438,139.5500030517578,22612504.0
1735583400,139.5399932861328,139.94000244140625,138.83999633789062,139.01100158691406,14240428.0
1735587000,139.02000427246094,139.5,138.57000732421875,138.5998992919922,14145908.0
1735590600,138.60000610351562,138.8249969482422,137.3800048828125,137.41000366210938,13996718.0
1735655400,138.0500030517578,138.07000732421875,135.6699981689453,137.47000122070312,37279333.0
1735659000,137.49000549316406,137.625,135.0800018310547,135.11000061035156,19151346.0
1735662600,135.10000610351562,136.1999969482422,134.92999267578125,135.0500030517578,16280814.0
1735666200,135.02999877929688,135.72239685058594,134.25599670410156,134.42999267578125,16882852.0
1735669800,134.4398956298828,134.8350067138672,133.83160400390625,134.1199951171875,14681046.0
1735673400,134.1199951171875,135.6199951171875,133.88999938964844,135.4615020751953,16433112.0
1735677000,135.4499969482422,135.5699005126953,134.0,134.2899932861328,16463481.0
1735828200,135.9550018310547,138.3699951171875,134.6300048828125,136.97999572753906,57155225.0
1735831800,136.97999572753906,138.07000732421875,136.41000366210938,137.92129516601562,22385014.0
1735835400,137.9199981689453,138.8800048828125,136.9114990234375,137.00999450683594,22996889.0
1735839000,137.0,137.00970458984375,135.16000366210938,136.36990356445312,23813747.0
1735842600,136.35499572753906,137.36000061035156,135.52999877929688,137.3022003173828,15287714.0
1735846200,137.2899932861328,138.0399932861328,136.64999389648438,137.9149932861328,16465639.0
1735849800,137.92999267578125,138.62600708007812,137.30999755859375,138.27999877929688,14882303.0
1735914600,140.02000427246094,144.2198944091797,139.77000427246094,143.11270141601562,79451070.0
1735918200,143.1199951171875,143.72000122070312,142.75289916992188,143.46009826660156,27317067.0
1735921800,143.47000122070312,144.1300048828125,143.1800994873047,143.6802978515625,19087152.0
1735925400,143.69000244140625,144.74000549316406,143.63999938964844,144.49530029296875,20329289.0
1735929000,144.5,144.89999389648438,143.82000732421875,144.37100219726562,19539730.0
1735932600,144.3699951171875,144.5500030517578,144.0399932861328,144.32000732421875,15989401.0
1735936200,144.3000030517578,144.72000122070312,144.05999755859375,144.58999633789062,17801822.0
1736173800,148.59249877929688,151.6999969482422,147.82009887695312,151.5312042236328,91209338.0
1736177400,151.52000427246094,152.156005859375,151.03500366210938,151.8887939453125,34157939.0
1736181000,151.8800048828125,151.91859436035156,150.88999938964844,151.3096923828125,21844568.0
1736184600,151.30189514160156,151.85000610351562,150.80999755859375,151.6750030517578,19322484.0
1736188200,151.66879272460938,151.83889770507812,149.66000366210938,150.2949981689453,23113785.0
1736191800,150.3000030517578,150.6199951171875,149.3699951171875,150.52499389648438,18639381.0
1736195400,150.52000427246094,150.8300018310547,148.2550048828125,149.51010131835938,25098803.0
1736260200,153.04800415039062,153.1300048828125,143.52999877929688,143.6580047607422,116718490.0
1736263800,143.64999389648438,143.85000610351562,140.44000244140625,142.76669311523438,79897617.0
1736267400,142.75999450683594,149.42999267578125,141.1199951171875,141.4290008544922,32583750.0
1736271000,141.42999267578125,143.4499969482422,141.30999755859375,143.11500549316406,23029395.0
1736274600,143.11000061035156,143.1699981689453,141.39999389648438,141.64010620117188,18605910.0
1736278200,141.64500427246094,141.66000366210938,140.44000244140625,140.60499572753906,24935062.0
1736281800,140.61000061035156,141.3000030517578,140.00999450683594,140.1199951171875,25410017.0
1736346600,142.66000366210938,143.9499969482422,139.4300994873047,140.58999633789062,79113578.0
1736350200,140.5800018310547,141.5,139.42999267578125,140.031005859375,27638578.0
1736353800,140.0399932861328,140.85000610351562,138.02999877929688,138.1298065185547,21229554.0
1736357400,138.13999938964844,140.85000610351562,137.88999938964844,140.6199951171875,22854066.0
1736361000,140.6199951171875,141.02000427246094,139.57000732421875,140.7100067138672,21783866.0
1736364600,140.6999969482422,140.6999969482422,139.70010375976562,139.9989013671875,15800747.0
1736368200,139.97999572753906,140.27000427246094,139.77999877929688,140.05999755859375,12892815.0
1736519400,137.3699951171875,137.6750030517578,134.22000122070312,136.15130615234375,71482682.0
1736523000,136.15899658203125,137.4199981689453,135.1199951171875,135.6199951171875,30235066.0
1736526600,135.61000061035156,136.1999969482422,135.0,136.1699981689453,19282492.0
1736530200,136.16000366210938,136.89500427246094,136.10000610351562,136.52999877929688,15418478.0
1736533800,136.52000427246094,137.10989379882812,135.77000427246094,136.24000549316406,15407385.0
1736537400,136.22999572753906,136.46670532226562,135.42140197753906,135.64999389648438,14690719.0
1736541000,135.63999938964844,136.1300048828125,135.4199981689453,135.86000061035156,13963294.0
1736778600,129.9949951171875,132.61000061035156,129.50999450683594,130.74989318847656,78759504.0
1736782200,130.72000122070312,133.11000061035156,130.72000122070312,131.63499450683594,27363869.0
1736785800,131.6300048828125,132.83999633789062,131.13999938964844,132.6300048828125,19761358.0
1736789400,132.6300048828125,132.91000366210938,131.9550018310547,132.51499938964844,13032729.0
1736793000,132.52000427246094,132.6300048828125,131.57000732421875,132.2949981689453,13159817.0
1736796600,132.29949951171875,132.639892578125,131.94000244140625,132.1907958984375,14548338.0
1736800200,132.1999969482422,133.49000549316406,132.16000366210938,133.24000549316406,14212783.0
1736865000,136.05999755859375,136.3800048828125,132.514404296875,132.55999755859375,56314616.0
1736868600,132.55999755859375,132.9503936767578,130.32000732421875,130.9810028076172,37323371.0
1736872200,130.99000549316406,131.24000549316406,130.4499969482422,131.1300048828125,16714373.0
1736875800,131.13499450683594,131.7899932861328,130.5800018310547,131.656005859375,14111137.0
1736879400,131.6558074951172,132.36000061035156,131.4600067138672,131.7050018310547,16793453.0
1736883000,131.70950317382812,132.0399932861328,130.0500030517578,130.79580688476562,21614619.0
1736886600,130.7949981689453,131.85000610351562,130.4600067138672,131.85000610351562,15064220.0
1736951400,133.6300048828125,134.5500030517578,131.2899932861328,134.1999969482422,53514058.0
1736955000,134.2100067138672,135.58999633789062,133.94000244140625,134.389892578125,28196095.0
1736958600,134.3800048828125,134.91000366210938,133.49000549316406,134.8813018798828,18294033.0
1736962200,134.88499450683594,135.74989318847656,134.86000061035156,135.5247039794922,17977109.0
1736965800,135.52870178222656,135.97000122070312,135.12010192871094,135.9398956298828,12270239.0
1736969400,135.9385986328125,136.24000549316406,135.25999450683594,136.06700134277344,15108793.0
1736973000,136.05999755859375,136.4250030517578,135.7100067138672,136.1999969482422,14667621.0
1737037800,138.6999969482422,138.6999969482422,136.29409790039062,137.1999969482422,59855103.0
1737041400,137.2050018310547,137.3800048828125,135.11000061035156,135.24000549316406,26007675.0
1737045000,135.25,135.61000061035156,134.11000061035156,135.56570434570312,22592545.0
1737048600,135.57000732421875,135.6699981689453,134.24000549316406,134.25999450683594,12856152.0
1737052200,134.25999450683594,135.29739379882812,133.5500030517578,135.125,26434872.0
1737055800,135.1300048828125,135.8686065673828,134.99000549316406,135.20010375976562,16984829.0
1737059400,135.2050018310547,135.35000610351562,133.5,133.55999755859375,16316708.0
1737124200,136.2100067138672,137.6291046142578,135.47000122070312,136.75,65138447.0
1737127800,136.75,138.24000549316406,136.7200927734375,138.1291961669922,27166921.0
1737131400,138.13499450683594,138.2200927734375,137.65379333496094,137.968505859375,19344161.0
1737135000,137.96499633789062,138.5,137.5800018310547,138.25999450683594,13857648.0
1737138600,138.25999450683594,138.30999755859375,137.47000122070312,138.08999633789062,15651447.0
1737142200,138.0800018310547,138.1649932861328,137.30999755859375,137.68499755859375,16654190.0
1737145800,137.67999267578125,138.10000610351562,137.52999877929688,137.72999572753906,15314643.0
1737469800,139.16000366210938,140.2100067138672,137.08999633789062,138.5166015625,52007076.0
1737473400,138.50999450683594,139.22000122070312,138.1300048828125,138.97999572753906,17474761.0
1737477000,138.9700927734375,139.49000549316406,138.3300018310547,139.33009338378906,12989005.0
1737480600,139.35000610351562,141.8300018310547,139.2899932861328,141.57960510253906,26808979.0
1737484200,141.5800018310547,141.75999450683594,140.76260375976562,141.27999877929688,17160453.0
1737487800,141.28750610351562,141.58999633789062,140.94000244140625,141.5800018310547,14044572.0
1737491400,141.5749969482422,141.72000122070312,140.5800018310547,140.8300018310547,13699719.0
1737556200,144.75,147.42999267578125,143.6699981689453,146.37890625,82029594.0
1737559800,146.375,147.17999267578125,145.5500030517578,146.0050048828125,31356657.0
1737563400,146.00990295410156,146.92990112304688,145.6999969482422,146.75929260253906,21005879.0
1737567000,146.75970458984375,147.10000610351562,146.3800048828125,146.60000610351562,15569337.0
1737570600,146.59500122070312,147.7100067138672,146.5399932861328,147.37010192871094,22193366.0
1737574200,147.3800048828125,147.7899932861328,147.02999877929688,147.05810546875,18442995.0
1737577800,147.05499267578125,147.4499969482422,146.6999969482422,147.0399932861328,17907158.0
1737642600,145.02000427246094,145.92999267578125,143.72000122070312,145.2899932861328,49364950.0
1737646200,145.29049682617188,146.2899932861328,145.0500030517578,145.71499633789062,21234259.0
1737649800,145.7100067138672,146.3199005126953,145.27999877929688,145.3800048828125,12997316.0
1737653400,145.38499450683594,146.11000061035156,144.97999572753906,145.90499877929688,12459325.0
1737657000,145.89999389648438,146.72000122070312,145.8800048828125,146.58990478515625,12121155.0
1737660600,146.58999633789062,146.86000061035156,146.0,146.47999572753906,15219675.0
1737664200,146.47500610351562,147.22999572753906,146.07000732421875,147.1999969482422,15857774.0
1737729000,148.3574981689453,148.97000122070312,145.75999450683594,146.0500030517578,63266630.0
1737732600,146.0399932861328,146.57000732421875,144.9199981689453,145.1999969482422,27036979.0
1737736200,145.19000244140625,145.39999389648438,144.13999938964844,144.43499755859375,22004122.0
1737739800,144.42999267578125,144.6154022216797,142.6199951171875,143.38999938964844,25876751.0
1737743400,143.38999938964844,143.57000732421875,141.94009399414062,142.3101043701172,30513147.0
1737747000,142.30999755859375,142.85000610351562,141.8800048828125,142.03500366210938,20342241.0
1737750600,142.02499389648438,142.83599853515625,141.89999389648438,142.60040283203125,21485810.0
1737988200,124.79000091552734,128.39999389648438,123.05000305175781,124.02999877929688,243794418.0
1737991800,124.0199966430664,124.95999908447266,119.0,119.1500015258789,111922566.0
1737995400,119.1449966430664,121.75,117.26000213623047,119.76000213623047,119667017.0
1737999000,119.7699966430664,121.0154037475586,117.80000305175781,117.875,64458183.0
1738002600,117.87090301513672,119.95999908447266,117.36000061035156,118.80500030517578,65261226.0
1738006200,118.80500030517578,119.47000122070312,116.69999694824219,117.77999877929688,78086044.0
1738009800,117.77999877929688,118.62999725341797,117.7750015258789,118.51000213623047,61664583.0
1738074600,121.80500030517578,122.0,116.25,121.7699966430664,180037322.0
1738078200,121.7699966430664,121.80999755859375,119.36000061035156,120.7699966430664,63928166.0
1738081800,120.77010345458984,126.63999938964844,120.66200256347656,126.0199966430664,91004183.0
1738085400,126.01499938964844,126.91999816894531,124.9177017211914,126.08999633789062,61486818.0
1738089000,126.08499908447266,127.4000015258789,125.45240020751953,126.7750015258789,44202557.0
1738092600,126.7699966430664,127.87000274658203,126.63999938964844,127.59010314941406,46205682.0
1738096200,127.58999633789062,129.0,126.9000015258789,128.9801025390625,50320355.0
1738161000,126.4800033569336,126.88999938964844,123.71499633789062,124.0,97792943.0
1738164600,123.98999786376953,124.3499984741211,121.72000122070312,122.98159790039062,63372499.0
1738168200,122.9800033569336,123.2300033569336,121.87999725341797,122.99839782714844,37340162.0
1738171800,122.99800109863281,123.48989868164062,120.05000305175781,121.58999633789062,53048844.0
1738175400,121.58999633789062,122.08999633789062,120.30000305175781,120.91000366210938,37832248.0
1738179000,120.91000366210938,123.3499984741211,120.55000305175781,123.1500015258789,45222438.0
1738182600,123.16999816894531,123.80999755859375,121.61000061035156,123.80999755859375,37735388.0
1738247400,123.08000183105469,124.1500015258789,119.44999694824219,119.56999969482422,90528663.0
1738251000,119.5813980102539,120.12999725341797,118.0999984741211,119.05470275878906,63174251.0
1738254600,119.05010223388672,120.88999938964844,118.44000244140625,119.29000091552734,39697758.0
1738258200,119.28500366210938,120.19999694824219,119.11000061035156,119.4749984741211,23780625.0
1738261800,119.4800033569336,121.56999969482422,119.37999725341797,121.45500183105469,32649141.0
1738265400,121.45429992675781,123.4800033569336,121.0,123.41500091552734,43926561.0
1738269000,123.41000366210938,125.0,121.93000030517578,124.91000366210938,47647645.0
1738333800,123.80999755859375,126.62999725341797,123.20999908447266,126.18599700927734,84699752.0
1738337400,126.18000030517578,127.8499984741211,125.75,126.75,58838231.0
1738341000,126.73999786376953,126.97000122070312,124.05999755859375,125.30999755859375,44879038.0
1738344600,125.31999969482422,125.95480346679688,124.11000061035156,124.16999816894531,27608473.0
1738348200,124.1511001586914,124.42759704589844,122.56999969482422,123.01000213623047,34339688.0
1738351800,123.0250015258789,123.12999725341797,119.88009643554688,120.10990142822266,48003349.0
1738355400,120.1050033569336,120.3499984741211,119.19000244140625,120.0,40804602.0
1738593000,114.70999908447266,116.38999938964844,113.01000213623047,115.76000213623047,133603571.0
1738596600,115.75,117.98999786376953,115.41999816894531,116.53700256347656,54914957.0
1738600200,116.54000091552734,117.4000015258789,115.8499984741211,115.88999938964844,28736939.0
1738603800,115.87999725341797,116.48999786376953,115.51000213623047,115.93990325927734,28422904.0
1738607400,115.94000244140625,118.56999969482422,115.9000015258789,117.6447982788086,36003187.0
1738611000,117.6449966430664,118.13140106201172,117.1500015258789,117.46990203857422,27327687.0
1738614600,117.47000122070312,117.93000030517578,116.01000213623047,116.66000366210938,25588651.0
1738679400,116.94000244140625,121.19999694824219,116.69999694824219,119.93000030517578,77281308.0
1738683000,119.94499969482422,120.36000061035156,119.27999877929688,120.11000061035156,33499092.0
1738686600,120.11000061035156,120.16999816894531,117.86000061035156,117.88999938964844,29580724.0
1738690200,117.88999938964844,119.33000183105469,117.85009765625,119.09010314941406,20084695.0
1738693800,119.08999633789062,119.81999969482422,119.0,119.30999755859375,17759010.0
1738697400,119.30999755859375,119.5999984741211,118.3499984741211,118.46499633789062,21662859.0
1738701000,118.46610260009766,118.95500183105469,118.08000183105469,118.68000030517578,17723334.0
1738765800,121.75250244140625,123.38999938964844,120.76000213623047,122.30999755859375,88881320.0
1738769400,122.31539916992188,123.5,122.02999877929688,123.22599792480469,32575720.0
1738773000,123.22000122070312,124.63999938964844,123.05000305175781,124.03500366210938,30969306.0
1738776600,124.04000091552734,124.2300033569336,122.9000015258789,123.23989868164062,19752387.0
1738780200,123.2300033569336,123.55000305175781,122.33000183105469,123.32499694824219,20373343.0
1738783800,123.33000183105469,124.5,123.19999694824219,124.44000244140625,20964315.0
1738787400,124.43000030517578,125.0,123.54499816894531,124.95500183105469,24966962.0
1738852200,127.41999816894531,127.5,125.20999908447266,126.22160339355469,72706327.0
1738855800,126.2300033569336,127.0,125.93000030517578,126.86000061035156,26067881.0
1738859400,126.86000061035156,128.24000549316406,126.5999984741211,127.73529815673828,36681781.0
1738863000,127.75,128.32000732421875,127.4000015258789,128.11000061035156,21309637.0
1738866600,128.10499572753906,128.44000244140625,127.4800033569336,127.6948013305664,20105477.0
1738870200,127.69999694824219,128.25,124.83000183105469,128.125,25923574.0
1738873800,128.1300048828125,128.75,127.92500305175781,128.68499755859375,19331163.0
1738938600,129.16000366210938,130.3699951171875,127.80000305175781,129.11000061035156,77600882.0
1738942200,129.10000610351562,129.89999389648438,128.22999572753906,128.6999969482422,32934587.0
1738945800,128.6999969482422,129.05960083007812,127.5999984741211,128.23500061035156,27757064.0
1738949400,128.22999572753906,129.64999389648438,128.02000427246094,129.2550048828125,17653887.0
1738953000,129.25990295410156,129.42999267578125,127.90879821777344,128.1300048828125,16675456.0
1738956600,128.13999938964844,129.08990478515625,127.97000122070312,128.94850158691406,16455557.0
1738960200,128.94500732421875,130.0,128.82000732421875,129.86000061035156,21996032.0
1739197800,130.0500030517578,134.78500366210938,129.97000122070312,134.41000366210938,77728736.0
1739201400,134.42999267578125,134.83999633789062,133.4499969482422,133.47500610351562,27521922.0
1739205000,133.50030517578125,134.1999969482422,132.99000549316406,134.0290069580078,20327925.0
1739208600,134.0260009765625,134.49000549316406,133.99000549316406,134.3300018310547,13224086.0
1739212200,134.3300018310547,134.69000244140625,134.11000061035156,134.51499938964844,15171778.0
1739215800,134.51210021972656,135.0,134.22000122070312,134.51930236816406,19896685.0
1739219400,134.50999450683594,134.6699981689453,133.38999938964844,133.50999450683594,17439170.0
1739284200,132.3699951171875,134.47999572753906,132.00999450683594,133.94500732421875,52677652.0
1739287800,133.94000244140625,134.3800048828125,133.64999389648438,133.9698944091797,18659627.0
1739291400,133.97000122070312,134.08999633789062,131.02000427246094,132.7100067138672,30097141.0
1739295000,132.72000122070312,132.8699951171875,131.91000366210938,132.83230590820312,14579500.0
1739298600,132.83999633789062,133.89999389648438,132.80999755859375,133.03500366210938,17292595.0
1739302200,133.02999877929688,133.74000549316406,132.97999572753906,133.45140075683594,13156103.0
1739305800,133.4550018310547,133.50990295410156,132.41000366210938,132.8699951171875,13494512.0
1739370600,130.00999450683594,132.24000549316406,129.0800018310547,131.32020568847656,53129779.0
1739374200,131.3300018310547,132.0,130.36000061035156,130.61990356445312,19227032.0
1739377800,130.61000061035156,132.0,130.61000061035156,131.5749969482422,17020004.0
1739381400,131.5749969482422,131.6199951171875,130.82119750976562,130.97500610351562,14244469.0
1739385000,130.97999572753906,131.1156005859375,130.19000244140625,130.6898956298828,13621244.0
1739388600,130.68499755859375,131.7050018310547,130.58999633789062,131.52499389648438,12791678.0
1739392200,131.50999450683594,131.61000061035156,130.97000122070312,131.07989501953125,11269249.0
1739457000,131.55499267578125,134.9499969482422,131.1699981689453,134.5500030517578,54411865.0
1739460600,134.5500030517578,136.5,134.54660034179688,135.71499633789062,36777123.0
1739464200,135.7100067138672,135.97999572753906,134.6300048828125,135.00999450683594,19354752.0
1739467800,135.0050048828125,135.57000732421875,133.4207000732422,134.52499389648438,18628170.0
1739471400,134.4949951171875,135.2899932861328,133.8300018310547,135.12030029296875,17283443.0
1739475000,135.125,135.5500030517578,134.97000122070312,135.36129760742188,15429824.0
1739478600,135.36000061035156,135.38999938964844,134.72999572753906,135.25,15333903.0
1739543400,136.41000366210938,138.1699981689453,135.5,138.00010681152344,57840894.0
1739547000,138.00999450683594,138.30999755859375,136.24000549316406,136.5800018310547,28584822.0
1739550600,136.58999633789062,137.0500030517578,136.00999450683594,136.74009704589844,17594915.0
1739554200,136.75,137.74000549316406,136.55999755859375,137.3376007080078,13675504.0
1739557800,137.3300018310547,137.99000549316406,137.0800018310547,137.82000732421875,13748369.0
1739561400,137.81500244140625,138.47999572753906,137.64999389648438,138.36509704589844,16155253.0
1739565000,138.3699951171875,139.1999969482422,138.35000610351562,138.86000061035156,24516052.0
1739889000,141.25,143.44000244140625,140.3000030517578,140.66000366210938,75623001.0
1739892600,140.6649932861328,141.22000122070312,138.97999572753906,141.19500732421875,34088399.0
1739896200,141.19000244140625,141.19000244140625,139.8549041748047,139.96499633789062,15582760.0
1739899800,139.96499633789062,140.6999969482422,139.9499969482422,140.15139770507812,12499776.0
1739903400,140.15499877929688,140.39999389648438,139.0919952392578,139.5749969482422,16587058.0
1739907000,139.5675048828125,140.16990661621094,139.42999267578125,139.54989624023438,12892226.0
1739910600,139.52999877929688,139.72000122070312,137.9250030517578,139.41000366210938,22832152.0
1739975400,139.50999450683594,140.0,137.22000122070312,139.3300018310547,43638802.0
1739979000,139.3350067138672,140.45509338378906,139.33189392089844,139.94830322265625,26073700.0
1739982600,139.94000244140625,140.11000061035156,139.49000549316406,139.81500244140625,13424823.0
1739986200,139.81500244140625,141.36000061035156,139.74000549316406,140.639892578125,19599460.0
1739989800,140.63999938964844,140.85000610351562,140.1199951171875,140.44509887695312,13213960.0
1739993400,140.44000244140625,140.84500122070312,139.02000427246094,139.31939697265625,20162981.0
1739997000,139.32000732421875,139.86000061035156,138.77239990234375,139.24000549316406,14622733.0
1740061800,140.1300048828125,140.52999877929688,136.79010009765625,138.62060546875,45160191.0
1740065400,138.61000061035156,139.07000732421875,137.11000061035156,138.3000030517578,20769192.0
1740069000,138.3000030517578,139.97000122070312,138.22999572753906,139.5800018310547,17027606.0
1740072600,139.560302734375,139.839599609375,139.08999633789062,139.49000549316406,11187948.0
1740076200,139.49000549316406,140.0,139.38499450683594,139.80490112304688,10655696.0
1740079800,139.7899932861328,140.32000732421875,139.3800048828125,139.89999389648438,14152452.0
1740083400,139.88999938964844,140.1999969482422,139.69000244140625,140.1199951171875,10091197.0
1740148200,140.0,141.4600067138672,138.9499969482422,139.22999572753906,48808452.0
1740151800,139.22999572753906,139.72000122070312,138.5500030517578,139.19920349121094,23381184.0
1740155400,139.19000244140625,139.8000030517578,138.3699951171875,138.99110412597656,15825238.0
1740159000,139.0,139.05999755859375,136.05999755859375,137.1699981689453,29842368.0
1740162600,137.1699981689453,138.06500244140625,135.34500122070312,135.39669799804688,24903198.0
1740166200,135.3800048828125,136.25999450683594,134.5800018310547,135.10000610351562,30385659.0
1740169800,135.10000610351562,135.1999969482422,134.0399932861328,134.27000427246094,25630708.0
1740407400,136.7550048828125,138.58999633789062,131.92999267578125,132.92999267578125,76292889.0
1740411000,132.9199981689453,134.2899932861328,130.61000061035156,134.0399932861328,37651734.0
1740414600,134.0399932861328,134.99000549316406,133.49000549316406,134.60000610351562,26471760.0
1740418200,134.60000610351562,134.88999938964844,134.19000244140625,134.6199951171875,13394332.0
1740421800,134.6300048828125,134.875,132.66000366210938,132.72000122070312,15517929.0
1740425400,132.71009826660156,133.14999389648438,131.9199981689453,132.57000732421875,18193639.0
1740429000,132.5800018310547,133.0800018310547,130.0897979736328,130.10000610351562,23873374.0
1740493800,129.9600067138672,130.1999969482422,124.44000244140625,125.33999633789062,85363681.0
1740497400,125.3499984741211,127.33999633789062,125.05000305175781,126.19000244140625,38552542.0
1740501000,126.19999694824219,128.5399932861328,125.75,128.52499389648438,26597121.0
1740504600,128.52870178222656,129.88999938964844,128.32009887695312,128.3699951171875,26234066.0
1740508200,128.3800048828125,129.0,127.04000091552734,127.2699966430664,22835671.0
1740511800,127.26000213623047,129.3800048828125,127.18000030517578,128.81500244140625,23200458.0
1740515400,128.82000732421875,128.8800048828125,126.19000244140625,126.62999725341797,25422556.0
1740580200,129.98500061035156,131.60980224609375,129.0500030517578,130.4499969482422,61026640.0
1740583800,130.47000122070312,133.72999572753906,130.4499969482422,132.4149932861328,39297221.0
1740587400,132.4149932861328,133.0,131.72000122070312,132.55679321289062,24467999.0
1740591000,132.57989501953125,132.74000549316406,130.35000610351562,130.3751983642578,25366254.0
1740594600,130.36000061035156,131.1199951171875,128.49000549316406,129.88999938964844,45619369.0
1740598200,129.8800048828125,130.8800048828125,128.9600067138672,130.74000549316406,26930195.0
1740601800,130.6999969482422,132.08999633789062,130.02000427246094,131.52000427246094,30301408.0
1740666600,135.0,135.0,125.27999877929688,127.4800033569336,139627459.0
1740670200,127.4800033569336,128.0699005126953,125.51000213623047,126.27999877929688,47154830.0
1740673800,126.29000091552734,127.41000366210938,125.6500015258789,127.08000183105469,31842499.0
1740677400,127.08000183105469,128.4499969482422,126.27999877929688,127.61000061035156,28567618.0
1740681000,127.61499786376953,127.91000366210938,123.69000244140625,123.74500274658203,40681735.0
1740684600,123.74500274658203,124.69000244140625,121.57140350341797,121.91000366210938,61051900.0
1740688200,121.90499877929688,122.55729675292969,120.01000213623047,120.01000213623047,47543937.0
1740753000,118.03500366210938,122.7750015258789,116.41000366210938,122.7300033569336,121634753.0
1740756600,122.73500061035156,123.69999694824219,121.41999816894531,121.55999755859375,53003489.0
1740760200,121.54000091552734,122.7699966430664,121.13999938964844,122.18099975585938,26114445.0
1740763800,122.19000244140625,122.27760314941406,118.84500122070312,120.57990264892578,36004561.0
1740767400,120.58760070800781,121.2300033569336,119.68000030517578,120.47000122070312,26592728.0
1740771000,120.46389770507812,122.2300033569336,120.29000091552734,121.88500213623047,29137364.0
1740774600,121.87999725341797,125.06999969482422,121.2699966430664,125.05000305175781,42860959.0
1741012200,123.50499725341797,123.69999694824219,118.30000305175781,119.51000213623047,90292423.0
1741015800,119.51499938964844,120.19999694824219,118.51000213623047,119.22000122070312,38941419.0
1741019400,119.23999786376953,119.5,118.25,118.41000366210938,30591168.0
1741023000,118.41000366210938,118.43000030517578,114.51000213623047,115.23999786376953,64601109.0
1741026600,115.24440002441406,117.2699966430664,115.04000091552734,116.04499816894531,40434891.0
1741030200,116.03009796142578,117.62000274658203,112.27999877929688,113.16999816894531,65189266.0
1741033800,113.16000366210938,114.19999694824219,112.5,114.01000213623047,44205633.0
1741098600,110.72000122070312,115.13999938964844,110.11000061035156,111.61000061035156,127887000.0
1741102200,111.5999984741211,113.30000305175781,110.9000015258789,111.83000183105469,46791250.0
1741105800,111.81999969482422,116.5999984741211,111.81999969482422,116.01020050048828,51255627.0
1741109400,116.01499938964844,117.58000183105469,115.0999984741211,116.19999694824219,40436938.0
1741113000,116.20999908447266,118.25,115.87999725341797,117.7698974609375,33842281.0
1741116600,117.76499938964844,119.30999755859375,117.04000091552734,118.88999938964844,34300518.0
1741120200,118.9000015258789,119.01499938964844,115.05000305175781,115.95999908447266,34552128.0
1741185000,117.5199966430664,118.0,114.63999938964844,115.97000122070312,78072523.0
1741188600,115.97000122070312,116.86000061035156,114.51000213623047,115.40989685058594,39193117.0
1741192200,115.4000015258789,116.81999969482422,114.5199966430664,116.56310272216797,29044947.0
1741195800,116.55999755859375,117.91000366210938,116.11000061035156,116.2699966430664,29662552.0
1741199400,116.30000305175781,118.2300033569336,115.81999969482422,117.10980224609375,26002248.0
1741203000,117.11000061035156,118.2780990600586,116.7300033569336,117.66000366210938,26217630.0
1741206600,117.625,118.20899963378906,117.16999816894531,117.29000091552734,20809411.0
1741271400,113.5,115.3499984741211,112.30000305175781,114.84439849853516,73446901.0
1741275000,114.83999633789062,115.33999633789062,113.56999969482422,114.05999755859375,34221965.0
1741278600,114.04000091552734,114.76000213623047,111.20999908447266,111.6355972290039,41307149.0
1741282200,111.63999938964844,112.29000091552734,110.94999694824219,111.53500366210938,33581282.0
1741285800,111.52999877929688,111.90499877929688,110.33999633789062,110.52999877929688,33771494.0
1741289400,110.5199966430664,112.22000122070312,110.22000122070312,111.09719848632812,39231805.0
1741293000,111.08999633789062,111.4999008178711,110.41000366210938,110.58000183105469,30010571.0
1741357800,111.18000030517578,113.4800033569336,110.7300033569336,111.04000091552734,76024654.0
1741361400,111.0199966430664,111.79000091552734,109.51190185546875,109.69999694824219,54624751.0
1741365000,109.70500183105469,110.0,107.55999755859375,109.00499725341797,51020128.0
1741368600,109.0,111.29000091552734,108.69999694824219,110.50890350341797,45996375.0
1741372200,110.52999877929688,112.51499938964844,110.33000183105469,112.25,34597993.0
1741375800,112.26000213623047,112.91999816894531,111.29499816894531,112.6050033569336,32459442.0
1741379400,112.5999984741211,113.0999984741211,111.03500366210938,112.7300033569336,29030527.0
1741613400,109.88999938964844,111.8499984741211,108.01000213623047,108.06439971923828,74631134.0
1741617000,108.06999969482422,108.27999877929688,106.18000030517578,107.658203125,62308207.0
1741620600,107.66010284423828,108.91999816894531,106.8499984741211,108.08499908447266,43453261.0
1741624200,108.08999633789062,108.8499984741211,106.51000213623047,107.06009674072266,36616744.0
1741627800,107.05500030517578,107.31999969482422,106.2300033569336,106.76000213623047,31503406.0
1741631400,106.76000213623047,107.4000015258789,105.45999908447266,106.64990234375,44627698.0
1741635000,106.6500015258789,107.91000366210938,106.29000091552734,107.0199966430664,39086074.0
1741699800,107.00499725341797,110.98999786376953,106.0999984741211,106.30999755859375,97478690.0
1741703400,106.30500030517578,109.44000244140625,104.7699966430664,108.8949966430664,60995863.0
1741707000,108.87999725341797,110.5999984741211,108.27999877929688,108.81999969482422,36587643.0
1741710600,108.80500030517578,109.4000015258789,107.4800033569336,107.55999755859375,28235528.0
1741714200,107.56500244140625,110.73999786376953,107.44999694824219,110.43000030517578,32990769.0
1741717800,110.44000244140625,112.23600006103516,109.9800033569336,110.80860137939453,45716228.0
1741721400,110.80999755859375,111.02989959716797,108.63999938964844,108.63999938964844,24887618.0
1741786200,114.12000274658203,116.76000213623047,113.87999725341797,114.65010070800781,103960062.0
1741789800,114.6500015258789,115.2291030883789,112.87999725341797,114.51000213623047,47132903.0
1741793400,114.51090240478516,116.1050033569336,114.36009979248047,115.83499908447266,33633309.0
1741797000,115.8499984741211,116.5999984741211,115.44000244140625,116.11499786376953,31306972.0
1741800600,116.11000061035156,116.26000213623047,114.30000305175781,115.55500030517578,29673338.0
1741804200,115.55999755859375,116.04000091552734,115.08000183105469,115.44999694824219,25861035.0
1741807800,115.43000030517578,115.97989654541016,114.9800033569336,115.73999786376953,25027420.0
1741872600,117.0199966430664,117.76000213623047,113.79000091552734,116.65499877929688,85359507.0
1741876200,116.65499877929688,117.25,115.61000061035156,116.08000183105469,39262209.0
1741879800,116.08000183105469,116.69999694824219,115.41000366210938,115.86090087890625,31632519.0
1741883400,115.8499984741211,116.80000305175781,114.44999694824219,115.26499938964844,30548149.0
1741887000,115.26499938964844,116.94999694824219,115.11019897460938,116.94999694824219,28164566.0
1741890600,116.94999694824219,117.7300033569336,115.88999938964844,116.00499725341797,31767650.0
1741894200,116.01000213623047,116.3499984741211,115.12000274658203,115.70999908447266,26425577.0
1741959000,118.62000274658203,120.56500244140625,118.1500015258789,119.52490234375,80054675.0
1741962600,119.52899932861328,121.19000244140625,119.5000991821289,120.93000030517578,37708775.0
1741966200,120.93000030517578,121.87999725341797,120.5,120.51499938964844,33893954.0
1741969800,120.51010131835938,121.28500366210938,120.36000061035156,120.54499816894531,22384234.0
1741973400,120.54000091552734,120.8593978881836,120.11000061035156,120.2750015258789,19595435.0
1741977000,120.27999877929688,121.06849670410156,120.25,120.58499908447266,23734973.0
1741980600,120.58999633789062,121.80000305175781,120.58000183105469,121.44999694824219,29113451.0
1742218200,122.73750305175781,122.88999938964844,119.5,119.53500366210938,74495804.0
1742221800,119.54000091552734,120.2699966430664,118.87999725341797,119.29499816894531,34677303.0
1742225400,119.30500030517578,119.70999908447266,118.27999877929688,118.36509704589844,24933399.0
1742229000,118.37000274658203,119.25,118.02999877929688,119.17489624023438,24739657.0
1742232600,119.17500305175781,120.56999969482422,119.0,120.5,24394177.0
1742236200,120.48999786376953,121.08000183105469,120.2300033569336,120.3644027709961,25289938.0
1742239800,120.36000061035156,120.46499633789062,119.41999816894531,119.4800033569336,21588433.0
1742304600,118.05000305175781,118.5199966430664,114.54000091552734,115.83999633789062,72291232.0
1742308200,115.83000183105469,116.95999908447266,115.4800033569336,116.75499725341797,33542033.0
1742311800,116.75499725341797,117.68000030517578,116.1801986694336,117.63999938964844,26841463.0
1742315400,117.63999938964844,119.0199966430664,116.94000244140625,117.15499877929688,37041485.0
1742319000,117.16999816894531,117.6500015258789,115.7406997680664,116.63870239257812,38658434.0
1742322600,116.63999938964844,117.58000183105469,115.97000122070312,116.13500213623047,32486323.0
1742326200,116.13999938964844,116.29000091552734,114.94999694824219,115.58000183105469,26592776.0
1742391000,117.30500030517578,118.16000366210938,115.68000030517578,116.98999786376953,64324915.0
1742394600,116.98570251464844,117.41999816894531,116.29499816894531,117.24500274658203,25356228.0
1742398200,117.24500274658203,118.0999984741211,117.0,118.0250015258789,26815588.0
1742401800,118.0199966430664,118.25,117.2699966430664,117.45860290527344,19938862.0
1742405400,117.45999908447266,119.26000213623047,117.33699798583984,118.53600311279297,31708228.0
1742409000,118.53099822998047,120.44499969482422,118.18000030517578,118.25,42933049.0
1742412600,118.26499938964844,119.08000183105469,117.38999938964844,117.5199966430664,28863345.0
1742477400,116.5250015258789,119.44000244140625,116.47000122070312,118.9000015258789,59212296.0
1742481000,118.91000366210938,119.90499877929688,118.68009948730469,119.63999938964844,28942276.0
1742484600,119.62000274658203,120.19999694824219,118.18990325927734,118.29000091552734,36844183.0
1742488200,118.30999755859375,118.7750015258789,117.81999969482422,117.88899993896484,29469743.0
1742491800,117.9000015258789,119.06999969482422,117.83999633789062,118.0791015625,20595474.0
1742495400,118.06500244140625,118.68000030517578,117.73999786376953,118.04499816894531,21977978.0
1742499000,118.05000305175781,118.91999816894531,118.05000305175781,118.47000122070312,18320216.0
1742563800,116.95800018310547,117.66999816894531,115.41999816894531,116.46939849853516,77008403.0
1742567400,116.47000122070312,117.05000305175781,116.0199966430664,116.29000091552734,23739474.0
1742571000,116.29499816894531,117.62999725341797,116.2699966430664,117.3499984741211,22178576.0
1742574600,117.3550033569336,117.98999786376953,116.97000122070312,117.06500244140625,27230579.0
1742578200,117.06500244140625,117.55999755859375,116.81999969482422,117.19110107421875,14765667.0
1742581800,117.19000244140625,117.41000366210938,116.68499755859375,116.78500366210938,17897704.0
1742585400,116.77999877929688,117.80000305175781,116.4000015258789,117.63500213623047,23788360.0
1742823000,119.88999938964844,121.06999969482422,119.33999633789062,120.4800033569336,60100425.0
1742826600,120.47000122070312,122.22000122070312,120.33000183105469,122.04000091552734,34041886.0
1742830200,122.04010009765625,122.22000122070312,121.3499984741211,121.75,21429703.0
1742833800,121.75499725341797,122.08000183105469,121.37999725341797,121.72879791259766,15509433.0
1742837400,121.7249984741211,121.9800033569336,121.55999755859375,121.81500244140625,13064300.0
1742841000,121.81500244140625,122.08000183105469,121.6500015258789,121.79499816894531,16563480.0
1742844600,121.79499816894531,122.00990295410156,121.2300033569336,121.2300033569336,19638306.0
1742909400,120.56749725341797,120.94000244140625,118.91999816894531,119.9800033569336,54305819.0
1742913000,119.9800033569336,120.44000244140625,119.44499969482422,120.2615966796875,22280992.0
1742916600,120.2699966430664,120.98999786376953,120.04000091552734,120.66020202636719,18179130.0
1742920200,120.66999816894531,121.41000366210938,120.16999816894531,120.23500061035156,14869007.0
1742923800,120.23999786376953,121.0199966430664,120.23670196533203,120.71510314941406,13385816.0
1742927400,120.72000122070312,120.94999694824219,120.51000213623047,120.69499969482422,13173791.0
1742931000,120.69499969482422,121.29000091552734,120.51000213623047,120.6449966430664,13672618.0
1742995800,118.75499725341797,118.83999633789062,114.45500183105469,115.11499786376953,89092370.0
1742999400,115.11499786376953,115.63999938964844,114.73999786376953,115.16500091552734,34117276.0
1743003000,115.16000366210938,115.4000015258789,113.56999969482422,114.03500366210938,35802958.0
1743006600,114.03500366210938,114.27999877929688,113.38999938964844,113.45999908447266,28403778.0
1743010200,113.46499633789062,113.79000091552734,112.70999908447266,113.6449966430664,29558918.0
1743013800,113.6500015258789,113.7699966430664,112.76499938964844,113.26499938964844,26875607.0
1743017400,113.26499938964844,114.1500015258789,113.18000030517578,113.69999694824219,24048584.0
1743082200,111.34500122070312,113.28739929199219,110.66999816894531,112.81500244140625,68494954.0
1743085800,112.80999755859375,114.44999694824219,112.6500015258789,113.55000305175781,33925620.0
1743089400,113.55000305175781,113.55999755859375,111.95999908447266,112.50499725341797,28975493.0
1743093000,112.5,112.79000091552734,111.6500015258789,111.69139862060547,18461760.0
1743096600,111.69000244140625,112.53500366210938,111.5199966430664,112.1449966430664,18439363.0
1743100200,112.12999725341797,112.97000122070312,111.94999694824219,112.66999816894531,16703652.0
1743103800,112.6636962890625,112.68499755859375,111.18000030517578,111.43000030517578,19127222.0
1743168600,111.48500061035156,112.87000274658203,109.26000213623047,109.27880096435547,67383364.0
1743172200,109.27999877929688,110.1500015258789,109.07990264892578,109.65499877929688,30806013.0
1743175800,109.65499877929688,110.18389892578125,109.0999984741211,109.58499908447266,24313542.0
1743179400,109.58000183105469,110.1449966430664,109.23999786376953,109.4749984741211,22879578.0
1743183000,109.48500061035156,110.41819763183594,109.36000061035156,110.01499938964844,19879394.0
1743186600,110.01100158691406,110.61000061035156,109.86000061035156,109.91000366210938,21216107.0
1743190200,109.91000366210938,110.02999877929688,109.4000015258789,109.63999938964844,21276045.0
1743427800,105.11000061035156,106.01000213623047,103.6500015258789,103.88999938964844,87254622.0
1743431400,103.8949966430664,105.52999877929688,103.8949966430664,105.1895980834961,38342264.0
1743435000,105.18000030517578,106.01000213623047,104.7699966430664,105.9800033569336,26299485.0
1743438600,105.9749984741211,106.25,105.30999755859375,105.72000122070312,20941158.0
1743442200,105.72889709472656,107.56999969482422,105.55999755859375,107.55010223388672,21222498.0
1743445800,107.55000305175781,108.13999938964844,107.12000274658203,107.23999786376953,30430998.0
1743449400,107.25,108.95999908447266,107.13009643554688,108.7699966430664,30493185.0
1743514200,108.53250122070312,109.09369659423828,106.47000122070312,107.12999725341797,56995789.0
1743517800,107.14350128173828,109.48999786376953,107.07499694824219,108.91089630126953,31564223.0
1743521400,108.91999816894531,109.92990112304688,108.58000183105469,109.4000015258789,25262661.0
1743525000,109.41000366210938,109.45500183105469,108.44999694824219,108.80120086669922,19506598.0
1743528600,108.80000305175781,109.2300033569336,107.41000366210938,107.71990203857422,18839819.0
1743532200,107.70999908447266,108.95999908447266,107.63999938964844,108.61129760742188,20397955.0
1743535800,108.61000061035156,110.19999694824219,108.55999755859375,110.1500015258789,23879667.0
1743600600,107.30000305175781,109.72000122070312,106.79000091552734,108.99859619140625,52456911.0
1743604200,109.0,110.48999786376953,108.68000030517578,110.25,24990782.0
1743607800,110.23999786376953,111.15499877929688,109.61000061035156,111.15239715576172,20802108.0
1743611400,111.15129852294922,111.9800033569336,110.1500015258789,111.23500061035156,24736543.0
1743615000,111.22000122070312,111.25,109.31999969482422,109.32499694824219,23167039.0
1743618600,109.30000305175781,110.12999725341797,108.8499984741211,109.6500015258789,20996629.0
1743622200,109.6449966430664,110.76000213623047,109.38999938964844,110.37999725341797,18771615.0
1743687000,103.50499725341797,105.62999725341797,103.26219940185547,105.1500015258789,88390819.0
1743690600,105.1500015258789,105.4291000366211,102.01000213623047,102.96990203857422,61147077.0
1743694200,102.95500183105469,104.19000244140625,102.88500213623047,103.66100311279297,32422689.0
1743697800,103.66999816894531,103.87000274658203,102.75,103.0199966430664,30347849.0
1743701400,103.0198974609375,103.36000061035156,102.30000305175781,102.625,22282652.0
1743705000,102.62999725341797,104.0999984741211,102.53500366210938,102.66850280761719,33686143.0
1743708600,102.66999816894531,103.01000213623047,102.0,102.01000213623047,26008403.0
1743773400,98.94000244140625,100.12409973144531,94.55999755859375,94.60579681396484,144457921.0
1743777000,94.6050033569336,96.56999969482422,92.11000061035156,95.0999984741211,99663988.0
1743780600,95.0999984741211,95.8499984741211,93.62999725341797,93.82990264892578,50949073.0
1743784200,93.83000183105469,94.58000183105469,93.23999786376953,94.10009765625,42350512.0
1743787800,94.11000061035156,96.12989807128906,93.66500091552734,94.01000213623047,43326237.0
1743791400,94.0250015258789,95.55999755859375,93.26490020751953,95.16500091552734,54075828.0
1743795000,95.16999816894531,96.37999725341797,94.20999908447266,94.31999969482422,48492823.0
1744032600,87.52999877929688,101.73999786376953,86.62999725341797,93.61000061035156,241296096.0
1744036200,94.33000183105469,98.27999877929688,92.0199966430664,93.87999725341797,99949477.0
1744039800,93.86000061035156,97.56999969482422,93.86000061035156,95.87000274658203,52286254.0
1744043400,95.86000061035156,98.31999969482422,94.81199645996094,98.23290252685547,44582320.0
1744047000,98.20999908447266,99.69000244140625,97.17500305175781,97.41000366210938,54154785.0
1744050600,97.43070220947266,99.02999877929688,96.41999816894531,96.6500015258789,41244887.0
1744054200,96.66999816894531,98.37000274658203,96.2699966430664,97.70999908447266,32364653.0
1744119000,103.80500030517578,105.8499984741211,102.58999633789062,104.7300033569336,131855772.0
1744122600,104.72000122070312,105.2300033569336,102.0199966430664,102.05999755859375,62175660.0
1744126200,102.05999755859375,104.3656997680664,100.94999694824219,101.58499908447266,53337417.0
1744129800,101.58000183105469,101.81999969482422,98.69999694824219,98.77999877929688,54463549.0
1744133400,98.75499725341797,101.0,98.58000183105469,99.42990112304688,37886532.0
1744137000,99.42829895019531,101.0,95.2699966430664,96.31999969482422,55183916.0
1744140600,96.30999755859375,96.75,94.45999908447266,96.70999908447266,44320325.0
1744205400,98.87999725341797,101.18000030517578,97.53009796142578,99.97940063476562,110121099.0
1744209000,99.97000122070312,100.87000274658203,97.73999786376953,99.1688003540039,48978408.0
1744212600,99.16999816894531,99.70999908447266,98.0,99.44000244140625,33664067.0
1744216200,99.44000244140625,109.8499984741211,99.1500015258789,106.47000122070312,86003341.0
1744219800,106.47000122070312,112.98999786376953,101.56999969482422,112.02999877929688,114934175.0
1744223400,112.02999877929688,113.30000305175781,110.0999984741211,112.79000091552734,79368009.0
1744227000,112.79759979248047,115.0999984741211,112.7750015258789,114.25,69889080.0
1744291800,109.31999969482422,110.02999877929688,106.94000244140625,109.08000183105469,103900783.0
1744295400,109.05000305175781,110.86000061035156,107.88999938964844,107.8949966430664,49359864.0
1744299000,107.89129638671875,108.26799774169922,103.01000213623047,104.05000305175781,64357100.0
1744302600,104.02999877929688,108.37000274658203,103.94000244140625,106.47000122070312,52957278.0
1744306200,106.44999694824219,108.56999969482422,106.05000305175781,108.44400024414062,43347805.0
1744309800,108.44999694824219,108.9386978149414,106.41000366210938,106.44000244140625,42888124.0
1744313400,106.44000244140625,108.05999755859375,105.5,107.69999694824219,39204146.0
1744378200,108.58999633789062,110.69000244140625,107.55999755859375,107.69999694824219,81909147.0
1744381800,107.70999908447266,109.83499908447266,107.4800033569336,108.63999938964844,41874415.0
1744385400,108.6500015258789,109.98999786376953,108.43000030517578,109.44000244140625,31153652.0
1744389000,109.47000122070312,111.05999755859375,109.43000030517578,109.73999786376953,35792537.0
1744392600,109.73999786376953,111.54989624023438,109.29010009765625,110.3499984741211,36180706.0
1744396200,110.36000061035156,110.5199966430664,109.58000183105469,110.11000061035156,24853430.0
1744399800,110.1050033569336,111.0,109.83000183105469,110.69000244140625,29628386.0
1744637400,114.13999938964844,114.29000091552734,111.38009643554688,112.56700134277344,82789779.0
1744641000,112.56500244140625,112.98999786376953,111.30000305175781,111.33350372314453,32614822.0
1744644600,111.3499984741211,111.66000366210938,109.06999969482422,110.02999877929688,42210370.0
1744648200,110.02999877929688,111.19000244140625,109.93499755859375,110.44000244140625,23588472.0
1744651800,110.43000030517578,111.36000061035156,109.77999877929688,111.19999694824219,21463425.0
1744655400,111.19110107421875,111.87999725341797,111.0999984741211,111.3499984741211,20101443.0
1744659000,111.36000061035156,111.79000091552734,110.63999938964844,110.69999694824219,21299355.0
1744723800,110.97000122070312,112.76000213623047,110.5,111.01499938964844,58803422.0
1744727400,111.04000091552734,112.48999786376953,111.0,112.02999877929688,26916127.0
1744731000,112.03500366210938,113.61499786376953,111.79000091552734,113.26499938964844,35167817.0
1744734600,113.2699966430664,113.4000015258789,111.7301025390625,111.84010314941406,22753728.0
1744738200,111.83499908447266,112.63999938964844,111.7699966430664,112.12000274658203,19596078.0
1744741800,112.11499786376953,112.72000122070312,111.99500274658203,112.21009826660156,17827629.0
1744745400,112.21499633789062,112.3499984741211,111.94999694824219,112.0999984741211,14052161.0
1744810200,104.55000305175781,106.79000091552734,104.3499984741211,105.5199966430664,101562531.0
1744813800,105.5250015258789,105.58470153808594,103.80000305175781,105.17510223388672,46612325.0
1744817400,105.18000030517578,105.25,103.58000183105469,103.91500091552734,32297195.0
1744821000,103.91500091552734,104.16000366210938,103.1500015258789,103.93499755859375,28022826.0
1744824600,103.94000244140625,103.9800033569336,101.74120330810547,102.18499755859375,46963938.0
1744828200,102.18499755859375,102.25499725341797,100.44999694824219,101.00499725341797,52578363.0
1744831800,101.01000213623047,104.55000305175781,101.01000213623047,104.5,48163675.0
1744896600,104.42500305175781,104.47000122070312,100.4800033569336,100.49500274658203,82712336.0
1744900200,100.49569702148438,101.33000183105469,100.05000305175781,100.39820098876953,50819134.0
1744903800,100.3949966430664,101.4000015258789,100.16000366210938,101.23500061035156,34589269.0
1744907400,101.23509979248047,101.83999633789062,100.75170135498047,100.8311996459961,26631436.0
1744911000,100.83999633789062,102.37999725341797,100.79000091552734,102.15630340576172,26656995.0
1744914600,102.16000366210938,102.48999786376953,101.0199966430664,101.21499633789062,27771508.0
1744918200,101.20999908447266,101.69999694824219,100.8499984741211,101.41000366210938,22752612.0
1745242200,98.73500061035156,99.43000030517578,95.56999969482422,95.83499908447266,83473343.0
1745245800,95.83499908447266,96.56999969482422,95.6500015258789,95.88999938964844,33159945.0
1745249400,95.88999938964844,96.27999877929688,95.73999786376953,95.80000305175781,23386474.0
1745253000,95.80000305175781,96.38999938964844,95.1500015258789,95.36859893798828,24254282.0
1745256600,95.36000061035156,95.68000030517578,95.04000091552734,95.58999633789062,21645802.0
1745260200,95.58999633789062,95.86000061035156,95.1500015258789,95.5999984741211,25081227.0
1745263800,95.5999984741211,97.19999694824219,95.5999984741211,96.80000305175781,28458934.0
1745328600,98.76499938964844,99.37999725341797,97.36000061035156,99.0199966430664,59653341.0
1745332200,99.0199966430664,99.33999633789062,98.35009765625,98.8949966430664,29153995.0
1745335800,98.89640045166016,99.81099700927734,98.30000305175781,99.6500015258789,30596290.0
1745339400,99.65499877929688,99.7699966430664,97.95999908447266,98.1050033569336,28063300.0
1745343000,98.0999984741211,98.55999755859375,97.56999969482422,98.48500061035156,20303566.0
1745346600,98.49579620361328,98.83000183105469,97.5999984741211,97.70500183105469,17537365.0
1745350200,97.69999694824219,99.0,97.27999877929688,98.87999725341797,24642393.0
1745415000,104.52010345458984,104.80000305175781,102.58000183105469,104.18499755859375,83247065.0
1745418600,104.18499755859375,104.73999786376953,102.94000244140625,103.13700103759766,34974533.0
1745422200,103.1500015258789,103.47000122070312,102.62000274658203,103.36000061035156,25976963.0
1745425800,103.3550033569336,104.33000183105469,103.11000061035156,103.95999908447266,20566700.0
1745429400,103.97000122070312,104.23999786376953,103.55999755859375,103.71499633789062,15975552.0
1745433000,103.71499633789062,103.91999816894531,102.31999969482422,102.41999816894531,20008243.0
1745436600,102.41999816894531,102.87000274658203,102.0199966430664,102.53500366210938,20806368.0
1745501400,103.4749984741211,105.38500213623047,103.11000061035156,105.36869812011719,56039411.0
1745505000,105.36499786376953,105.9800033569336,104.7300033569336,105.34500122070312,31690192.0
1745508600,105.3499984741211,105.87999725341797,105.03790283203125,105.7489013671875,22022097.0
1745512200,105.73999786376953,106.37999725341797,105.66999816894531,106.29499816894531,24284792.0
1745515800,106.29830169677734,106.45999908447266,105.86000061035156,106.33470153808594,16704091.0
1745519400,106.33000183105469,106.5,105.51010131835938,105.7249984741211,18390301.0
1745523000,105.7249984741211,106.54000091552734,105.66999816894531,106.37999725341797,18998196.0
1745587800,106.86000061035156,108.0999984741211,105.7300033569336,107.54100036621094,56519423.0
1745591400,107.55999755859375,108.9800033569336,107.30999755859375,108.66000366210938,26933524.0
1745595000,108.66000366210938,109.5199966430664,108.4800033569336,109.4749984741211,24856155.0
1745598600,109.4749984741211,111.91999816894531,109.4749984741211,111.87000274658203,39348572.0
1745602200,111.85990142822266,111.89949798583984,109.82119750976562,110.83499908447266,33902808.0
1745605800,110.83999633789062,111.44000244140625,110.5999984741211,110.73500061035156,25044117.0
1745609400,110.73999786376953,111.0,110.19999694824219,110.95999908447266,23072925.0
1745847000,109.69499969482422,110.36990356445312,107.86000061035156,108.52519989013672,60413372.0
1745850600,108.52999877929688,108.68000030517578,106.3843994140625,106.5999984741211,30770324.0
1745854200,106.6050033569336,107.52999877929688,106.54019927978516,106.5509033203125,20240417.0
1745857800,106.55999755859375,107.25499725341797,106.0199966430664,106.27999877929688,18846051.0
1745861400,106.27999877929688,107.4000015258789,106.16999816894531,107.30000305175781,15472588.0
1745865000,107.29499816894531,108.29000091552734,107.08000183105469,108.19000244140625,16786692.0
1745868600,108.18000030517578,108.8499984741211,108.12000274658203,108.63999938964844,18093005.0
1745933400,107.7300033569336,109.70999908447266,107.44000244140625,108.52999877929688,45041087.0
1745937000,108.54000091552734,109.0999984741211,108.37999725341797,108.80979919433594,19083368.0
1745940600,108.80999755859375,109.2699966430664,108.53500366210938,108.875,13963878.0
1745944200,108.87999725341797,109.08000183105469,108.22000122070312,108.73500061035156,12800451.0
1745947800,108.73999786376953,110.19989776611328,108.73999786376953,109.9801025390625,21179656.0
1745951400,109.98519897460938,110.08000183105469,108.82009887695312,109.4000015258789,22598643.0
1745955000,109.4000015258789,109.52999877929688,108.7699966430664,108.91999816894531,16544045.0
1746019800,104.47000122070312,106.12000274658203,104.08000183105469,105.98500061035156,59488326.0
1746023400,105.9800033569336,106.5250015258789,105.66999816894531,106.375,23685269.0
1746027000,106.375,106.90499877929688,105.87999725341797,106.05500030517578,19101518.0
1746030600,106.05999755859375,106.5,105.63999938964844,106.47000122070312,14908641.0
1746034200,106.47010040283203,107.7699966430664,106.37999725341797,107.19499969482422,21407425.0
1746037800,107.19000244140625,107.83499908447266,107.04000091552734,107.25499725341797,16187996.0
1746041400,107.25,108.87999725341797,107.04000091552734,108.7750015258789,24138337.0
1746106200,113.0999984741211,114.07980346679688,112.08000183105469,113.33000183105469,69672901.0
1746109800,113.31999969482422,114.94000244140625,113.13369750976562,114.32499694824219,38782979.0
1746113400,114.33000183105469,114.41999816894531,113.05000305175781,113.65180206298828,28376525.0
1746117000,113.6500015258789,113.87000274658203,112.86000061035156,113.5647964477539,16605965.0
1746120600,113.56999969482422,113.91999816894531,112.9000015258789,113.66999816894531,15678013.0
1746124200,113.66999816894531,113.75,112.87999725341797,113.0,15249098.0
1746127800,113.0,113.04000091552734,111.31999969482422,111.52999877929688,22930513.0
1746192600,114.18000030517578,115.17500305175781,113.37000274658203,113.90499877929688,59365090.0
1746196200,113.9000015258789,114.80000305175781,113.48999786376953,114.65010070800781,23266857.0
1746199800,114.66000366210938,115.25,114.55000305175781,114.74500274658203,20729043.0
1746203400,114.74500274658203,114.97989654541016,113.94999694824219,114.364501953125,15564881.0
1746207000,114.36499786376953,114.87999725341797,114.19000244140625,114.80000305175781,14510300.0
1746210600,114.80999755859375,115.02999877929688,114.22000122070312,114.47000122070312,19985024.0
1746214200,114.47000122070312,114.62999725341797,113.9000015258789,114.38999938964844,19368086.0
1746451800,112.90499877929688,114.37999725341797,112.7699966430664,113.24500274658203,38031331.0
1746455400,113.24700164794922,113.97000122070312,112.66000366210938,113.9198989868164,17940252.0
1746459000,113.91999816894531,114.12000274658203,113.4000015258789,113.78500366210938,13139046.0
1746462600,113.87999725341797,114.16000366210938,113.8499984741211,114.12999725341797,10787578.0
1746466200,114.13500213623047,114.52999877929688,114.0999984741211,114.37100219726562,9164969.0
1746469800,114.37000274658203,114.66000366210938,114.04000091552734,114.3740005493164,11760297.0
1746473400,114.36000061035156,114.62000274658203,113.66999816894531,113.80999755859375,11600077.0
1746538200,111.44499969482422,112.97000122070312,110.8219985961914,112.65499877929688,44297315.0
1746541800,112.6500015258789,113.25,112.58000183105469,113.06999969482422,18483594.0
1746545400,113.06500244140625,113.79000091552734,112.5999984741211,113.01789855957031,15157659.0
1746549000,113.01010131835938,113.4000015258789,112.61000061035156,112.91999816894531,13211868.0
1746552600,112.93000030517578,113.77999877929688,112.72000122070312,113.68000030517578,11895316.0
1746556200,113.66999816894531,114.30000305175781,113.55999755859375,114.2300033569336,16085333.0
1746559800,114.23139953613281,114.73999786376953,113.37999725341797,113.44499969482422,15975805.0
1746624600,113.04499816894531,113.6500015258789,112.61499786376953,113.48030090332031,36330539.0
1746628200,113.4800033569336,113.66999816894531,112.93009948730469,113.29499816894531,16245674.0
1746631800,113.29000091552734,114.22000122070312,113.2300033569336,113.67990112304688,15074340.0
1746635400,113.68000030517578,114.12999725341797,113.59490203857422,113.94499969482422,9835847.0
1746639000,113.94999694824219,114.0,112.28179931640625,113.0000991821289,20558834.0
1746642600,112.99500274658203,113.87999725341797,112.7699966430664,113.23500061035156,19343637.0
1746646200,113.2300033569336,117.68000030517578,113.19000244140625,117.0199966430664,63856483.0
1746711000,118.4800033569336,118.58999633789062,116.48999786376953,117.23999786376953,59707764.0
1746714600,117.2300033569336,117.59500122070312,115.8499984741211,117.26000213623047,31401104.0
1746718200,117.26000213623047,118.44999694824219,117.02999877929688,118.04989624023438,28059942.0
1746721800,118.04499816894531,118.24500274658203,117.7300033569336,117.90489959716797,13310250.0
1746725400,117.90499877929688,118.19100189208984,117.52999877929688,117.9749984741211,13827447.0
1746729000,117.97460174560547,118.68000030517578,117.86000061035156,118.54049682617188,15953072.0
1746732600,118.55000305175781,118.5999984741211,117.29499816894531,117.37000274658203,16200137.0
1746797400,117.34500122070312,118.2300033569336,115.8499984741211,116.13159942626953,41154488.0
1746801000,116.12999725341797,116.7699966430664,115.20999908447266,116.37750244140625,28264877.0
1746804600,116.37999725341797,116.7699966430664,115.9800033569336,116.28500366210938,12954336.0
1746808200,116.28019714355469,116.66999816894531,116.11000061035156,116.43000030517578,9605723.0
1746811800,116.42150115966797,116.91999816894531,116.2300033569336,116.58000183105469,9257679.0
1746815400,116.5802001953125,116.80000305175781,116.47000122070312,116.7251968383789,8950592.0
1746819000,116.7249984741211,116.86499786376953,116.43000030517578,116.62069702148438,11620676.0
1747056600,121.94000244140625,122.81999969482422,120.47000122070312,120.86000061035156,70528533.0
1747060200,120.86000061035156,121.8499984741211,120.27999877929688,121.65139770507812,28095532.0
1747063800,121.65499877929688,122.72000122070312,121.44499969482422,122.37129974365234,22575292.0
1747067400,122.375,122.93000030517578,122.33000183105469,122.6614990234375,17996416.0
1747071000,122.66500091552734,122.94000244140625,122.47000122070312,122.73500061035156,15972208.0
1747074600,122.73500061035156,123.0,122.47000122070312,122.58499908447266,19606969.0
1747078200,122.58000183105469,123.0,122.07009887695312,122.98999786376953,24973516.0
1747143000,124.97000122070312,129.49989318847656,124.47000122070312,129.21499633789062,97107956.0
1747146600,129.22500610351562,130.8300018310547,128.9199981689453,129.8300018310547,69868680.0
1747150200,129.8350067138672,130.47999572753906,129.32000732421875,130.4600067138672,33679000.0
1747153800,130.4499969482422,130.99000549316406,130.08999633789062,130.8350067138672,24889147.0
1747157400,130.8350067138672,131.21890258789062,129.86000061035156,130.44500732421875,29883803.0
1747161000,130.4499969482422,130.6750030517578,129.72000122070312,130.21499633789062,25419839.0
1747164600,130.21499633789062,130.4499969482422,129.82000732421875,129.83999633789062,22868247.0
1747229400,133.1699981689453,134.86000061035156,131.67999267578125,132.66000366210938,92146747.0
1747233000,132.63999938964844,134.27999877929688,132.3699951171875,134.15499877929688,35295196.0
1747236600,134.15499877929688,135.11000061035156,133.9600067138672,134.97000122070312,30186219.0
1747240200,134.97830200195312,135.43499755859375,133.9600067138672,134.4600067138672,25502850.0
1747243800,134.46090698242188,135.14999389648438,134.22999572753906,134.55999755859375,18795906.0
1747247400,134.55499267578125,135.32000732421875,134.55149841308594,134.88999938964844,21685495.0
1747251000,134.88999938964844,135.39500427246094,134.25999450683594,135.34710693359375,23440039.0
1747315800,134.2949981689453,134.72000122070312,132.66000366210938,133.27000427246094,64545441.0
1747319400,133.3000030517578,134.49000549316406,132.84010314941406,134.38499450683594,26958012.0
1747323000,134.39999389648438,135.25,134.2100067138672,135.2165985107422,22394144.0
1747326600,135.21499633789062,136.3000030517578,135.10000610351562,136.22000122070312,27539610.0
1747330200,136.22000122070312,136.22000122070312,134.75999450683594,135.36000061035156,22560474.0
1747333800,135.36000061035156,135.58999633789062,133.58999633789062,133.73500061035156,23291803.0
1747337400,133.73500061035156,134.9499969482422,133.72999572753906,134.89999389648438,19243632.0
1747402200,136.25,136.30999755859375,135.02000427246094,135.4250030517578,57460183.0
1747405800,135.4250030517578,135.42999267578125,133.4600067138672,134.86500549316406,34733736.0
1747409400,134.86000061035156,135.3300018310547,134.57000732421875,134.7949981689453,17561863.0
1747413000,134.8000030517578,135.82989501953125,134.42999267578125,135.82179260253906,19290065.0
1747416600,135.82009887695312,136.25,134.95199584960938,135.03500366210938,25639188.0
1747420200,135.03500366210938,135.63999938964844,135.01499938964844,135.08030700683594,17202833.0
1747423800,135.0850067138672,135.4199981689453,134.875,135.32000732421875,18371101.0
1747661400,132.83999633789062,135.8699951171875,132.57000732421875,135.28500366210938,70608935.0
1747665000,135.2949981689453,135.39999389648438,134.27999877929688,134.9250030517578,30377827.0
1747668600,134.9199981689453,135.72000122070312,132.85000610351562,135.22500610351562,17839663.0
1747672200,135.22109985351562,135.6999969482422,134.69000244140625,135.27499389648438,15733373.0
1747675800,135.27999877929688,135.69000244140625,133.0,135.0850067138672,13132000.0
1747679400,135.0850067138672,135.47000122070312,134.99000549316406,135.1199951171875,13714659.0
1747683000,135.1199951171875,135.60000610351562,135.0800018310547,135.49000549316406,13501113.0
1747747800,134.2899932861328,134.5800018310547,132.6199951171875,132.9499969482422,47478213.0
1747751400,132.94000244140625,133.9199981689453,132.75,133.77499389648438,23892925.0
1747755000,133.77999877929688,134.25999450683594,133.63999938964844,134.0845947265625,16269373.0
1747758600,134.0850067138672,134.44000244140625,134.02999877929688,134.10499572753906,12840545.0
1747762200,134.10000610351562,134.24000549316406,133.3699951171875,133.4499969482422,14347265.0
1747765800,133.4499969482422,133.9199981689453,133.02999877929688,133.81500244140625,16515666.0
1747769400,133.82000732421875,134.4600067138672,133.8000030517578,134.3800048828125,14603744.0
1747834200,133.0449981689453,134.89999389648438,133.0,134.0850067138672,43028055.0
1747837800,134.08999633789062,135.97999572753906,133.77000427246094,135.87579345703125,29055499.0
1747841400,135.875,137.39999389648438,135.72000122070312,137.0850067138672,35553645.0
1747845000,137.0850067138672,137.39999389648438,133.11500549316406,133.21499633789062,34652134.0
1747848600,133.22999572753906,134.22000122070312,132.28469848632812,132.84500122070312,43037831.0
1747852200,132.84500122070312,133.44500732421875,130.58999633789062,131.07870483398438,36210032.0
1747855800,131.0800018310547,132.41000366210938,131.07000732421875,131.72999572753906,23830741.0
1747920600,132.17999267578125,133.9499969482422,131.55479431152344,133.0399932861328,55798007.0
1747924200,133.0399932861328,133.5,132.52999877929688,132.8800048828125,25893008.0
1747927800,132.8800048828125,133.85000610351562,132.5800018310547,133.39500427246094,20481345.0
1747931400,133.40499877929688,133.6699981689453,133.00999450683594,133.51100158691406,16235179.0
1747935000,133.51730346679688,133.72000122070312,133.11000061035156,133.3350067138672,13441513.0
1747938600,133.3302001953125,134.25,133.21499633789062,133.918701171875,20043231.0
1747942200,133.9199981689453,133.97000122070312,132.66000366210938,132.78990173339844,17337021.0
1748007000,129.99000549316406,131.19500732421875,129.1699981689453,130.52999877929688,60714536.0
1748010600,130.5500030517578,131.47999572753906,130.19000244140625,130.97999572753906,26901787.0
1748014200,130.9600067138672,131.2899932861328,130.6300048828125,131.00999450683594,19633301.0
1748017800,131.01109313964844,132.0989990234375,130.75,131.9499969482422,17553945.0
1748021400,131.94979858398438,132.67999267578125,131.4199981689453,132.13499450683594,23401439.0
1748025000,132.1300048828125,132.38999938964844,131.3000030517578,131.6239013671875,17163745.0
1748028600,131.625,132.0,131.13999938964844,131.30999755859375,18296554.0
1748352600,134.15249633789062,135.39999389648438,133.30999755859375,135.2917938232422,60714477.0
1748356200,135.3000030517578,135.55999755859375,134.94000244140625,135.2100067138672,25220857.0
1748359800,135.21499633789062,135.4499969482422,134.83999633789062,135.26199340820312,18583613.0
1748363400,135.26499938964844,135.66000366210938,135.17999267578125,135.60000610351562,15154754.0
1748367000,135.6011962890625,135.64999389648438,135.0449981689453,135.25160217285156,14567409.0
1748370600,135.2550048828125,135.4600067138672,135.00999450683594,135.13999938964844,16065055.0
1748374200,135.13999938964844,135.5,134.72000122070312,135.49000549316406,20197749.0
1748439000,136.0500030517578,136.3000030517578,135.0,135.26499938964844,54142058.0
1748442600,135.25999450683594,135.6300048828125,134.8000030517578,135.59190368652344,24001256.0
1748446200,135.59500122070312,136.10000610351562,135.47999572753906,135.9403076171875,21989816.0
1748449800,135.93499755859375,136.5,135.52000427246094,136.4499969482422,22906136.0
1748453400,136.4499969482422,137.25,136.24000549316406,136.6699981689453,27863769.0
1748457000,136.66000366210938,137.19000244140625,136.31500244140625,136.8300018310547,30892124.0
1748460600,136.8300018310547,136.8300018310547,134.7899932861328,134.8115997314453,34431570.0
1748525400,142.24000549316406,143.49000549316406,139.2899932861328,140.61929321289062,149521246.0
1748529000,140.61500549316406,141.94000244140625,140.17999267578125,141.66000366210938,50432815.0
1748532600,141.65499877929688,141.7100067138672,140.05499267578125,140.57020568847656,32266412.0
1748536200,140.57000732421875,141.0500030517578,139.67999267578125,139.875,24634864.0
1748539800,139.87010192871094,139.99000549316406,137.91000366210938,138.44419860839844,39127901.0
1748543400,138.44500732421875,139.42999267578125,138.44000244140625,138.91000366210938,29054162.0
1748547000,138.89999389648438,139.4600067138672,138.44000244140625,139.17999267578125,24908972.0
1748611800,138.72999572753906,139.61000061035156,135.8000030517578,137.36000061035156,70550253.0
1748615400,137.35000610351562,137.4499969482422,135.5449981689453,136.10499572753906,36076531.0
1748619000,136.10499572753906,136.22000122070312,133.38999938964844,133.58999633789062,41219309.0
1748622600,133.58999633789062,134.91000366210938,132.9199981689453,134.46229553222656,38667810.0
1748626200,134.4600067138672,135.10000610351562,133.7899932861328,134.77999877929688,25333394.0
1748629800,134.77999877929688,135.47000122070312,134.2100067138672,135.26499938964844,25676693.0
1748633400,135.27000427246094,135.74000549316406,134.4199981689453,134.83999633789062,30087974.0
1748871000,135.5399932861328,137.66000366210938,135.4199981689453,136.66009521484375,56937755.0
1748874600,136.66000366210938,137.17999267578125,136.0,136.45989990234375,23706991.0
1748878200,136.47000122070312,137.63999938964844,136.36000061035156,137.4075927734375,20963251.0
1748881800,137.38999938964844,137.73500061035156,137.05999755859375,137.57000732421875,14436996.0
1748885400,137.5601043701172,138.1199951171875,137.1199951171875,138.03140258789062,16905714.0
1748889000,138.0399932861328,138.0500030517578,137.50999450683594,137.625,14148724.0
1748892600,137.62669372558594,137.6999969482422,136.9600067138672,137.3699951171875,16432511.0
1748957400,138.77999877929688,141.5,137.9550018310547,141.3000030517578,72503390.0
1748961000,141.2917022705078,142.0,140.8800048828125,141.8199005126953,33656146.0
1748964600,141.80999755859375,141.9398956298828,140.32000732421875,141.56500244140625,21536837.0
1748968200,141.56820678710938,141.86000061035156,141.5500030517578,141.61500549316406,13738770.0
1748971800,141.6165008544922,141.6750030517578,140.25999450683594,141.15980529785156,22293768.0
1748975400,141.16000366210938,141.52999877929688,140.91000366210938,141.4499969482422,15855554.0
1748979000,141.44500732421875,141.47999572753906,141.0399932861328,141.27000427246094,18234984.0
1749043800,142.22000122070312,142.38999938964844,139.5449981689453,140.98500061035156,54713686.0
1749047400,140.98500061035156,141.5500030517578,140.7100067138672,141.3249969482422,22934690.0
1749051000,141.32000732421875,141.4199981689453,140.47999572753906,140.51010131835938,16773873.0
1749054600,140.50999450683594,140.97000122070312,140.35009765625,140.7899932861328,13648099.0
1749058200,140.7899932861328,141.6300048828125,140.66000366210938,141.61880493164062,12028629.0
1749061800,141.6199951171875,141.9600067138672,141.4217071533203,141.6699981689453,16668260.0
1749065400,141.6750030517578,141.97000122070312,141.38999938964844,141.83009338378906,14052117.0
1749130200,142.14999389648438,143.1999969482422,140.74000549316406,141.97830200195312,47304437.0
1749133800,141.97000122070312,143.25,141.0800018310547,143.0388946533203,31955898.0
1749137400,143.03179931640625,144.0,142.58990478515625,143.0050048828125,32856742.0
1749141000,143.0,143.0749969482422,140.77999877929688,141.57870483398438,25643548.0
1749144600,141.57350158691406,141.78990173339844,139.7899932861328,140.71499633789062,21809449.0
1749148200,140.71499633789062,141.125,138.8300018310547,139.59010314941406,22827344.0
1749151800,139.61000061035156,140.89999389648438,139.57069396972656,139.9499969482422,18670737.0
1749216600,142.53500366210938,143.27000427246094,141.50999450683594,141.64500427246094,48131114.0
1749220200,141.64500427246094,142.7899932861328,141.5800018310547,141.69500732421875,22370971.0
1749223800,141.89999389648438,142.8800048828125,141.66000366210938,142.25999450683594,16595162.0
1749227400,142.26499938964844,142.41000366210938,141.5399932861328,142.11500549316406,12379647.0
1749231000,142.11500549316406,142.72999572753906,142.02999877929688,142.36500549316406,11651566.0
1749234600,142.3614959716797,142.86000061035156,141.9600067138672,142.07179260253906,13192321.0
1749238200,142.07000732421875,142.11000061035156,141.63999938964844,141.69000244140625,14850249.0
1749475800,143.26499938964844,144.6999969482422,142.89999389648438,144.375,46562468.0
1749479400,144.375,145.0,143.0800018310547,143.1800994873047,32958581.0
1749483000,143.19000244140625,143.50010681152344,141.94000244140625,142.22500610351562,35668047.0
1749486600,142.22999572753906,143.04510498046875,142.16000366210938,142.77000427246094,14458248.0
1749490200,142.77499389648438,142.89999389648438,141.97000122070312,142.83990478515625,12523340.0
1749493800,142.8300018310547,143.02999877929688,142.52999877929688,142.77499389648438,12378395.0
1749497400,142.77000427246094,142.77999877929688,142.19000244140625,142.5500030517578,14675807.0
1749562200,142.6699981689453,143.07000732421875,141.80999755859375,142.8000030517578,36348920.0
1749565800,142.7949981689453,143.13980102539062,142.30999755859375,142.68699645996094,19012075.0
1749569400,142.67999267578125,143.14990234375,141.52499389648438,143.11500549316406,17762944.0
1749573000,143.1199951171875,143.28500366210938,142.64999389648438,142.65499877929688,11320481.0
1749576600,142.6501007080078,143.1300048828125,142.10499572753906,143.11990356445312,11735743.0
1749580200,143.1199951171875,144.2899932861328,142.88999938964844,144.0,21355092.0
1749583800,143.99000549316406,144.0,143.22999572753906,143.9499969482422,15565383.0
1749648600,144.61000061035156,144.99000549316406,143.02000427246094,144.477294921875,49613839.0
1749652200,144.48500061035156,144.6898956298828,143.42999267578125,144.1501007080078,23256895.0
1749655800,144.1199951171875,144.22999572753906,142.7729949951172,143.37989807128906,18477391.0
1749659400,143.3759002685547,143.85000610351562,143.0218048095703,143.7100067138672,11585509.0
1749663000,143.72500610351562,143.8000030517578,142.02000427246094,142.4716033935547,18120336.0
1749666600,142.47000122070312,142.9600067138672,141.8699951171875,142.39999389648438,17550577.0
1749670200,142.39500427246094,143.0,142.2899932861328,142.83999633789062,13674586.0
1749735000,141.97999572753906,144.17999267578125,141.8699951171875,144.06500244140625,43378306.0
1749738600,144.07000732421875,145.0,143.9949951171875,144.45120239257812,33988311.0
1749742200,144.44500732421875,144.72000122070312,143.97000122070312,144.4499969482422,15078767.0
1749745800,144.4550018310547,144.60000610351562,144.02999877929688,144.3300018310547,11353255.0
1749749400,144.3249969482422,144.8350067138672,144.32000732421875,144.47500610351562,12360146.0
1749753000,144.47500610351562,144.89999389648438,144.25,144.7550048828125,14644653.0
1749756600,144.75,145.0,144.5,145.0,15549176.0
1749821400,142.47999572753906,143.5800018310547,141.0749969482422,141.1999969482422,51872162.0
1749825000,141.1999969482422,142.94000244140625,141.0800018310547,142.91650390625,23127908.0
1749828600,142.9149932861328,143.3699951171875,142.8719024658203,143.0749969482422,13935311.0
1749832200,143.0800018310547,143.36000061035156,142.49000549316406,142.65499877929688,14462880.0
1749835800,142.65499877929688,142.8498992919922,141.56500244140625,141.60000610351562,16100745.0
1749839400,141.58999633789062,142.0800018310547,140.85499572753906,141.5050048828125,22482726.0
1749843000,141.5050048828125,142.0,141.4600067138672,141.9600067138672,20970591.0
1750080600,143.34500122070312,144.88999938964844,143.20010375976562,144.47999572753906,44856735.0
1750084200,144.47500610351562,146.1750030517578,144.02000427246094,145.4698028564453,42997672.0
1750087800,145.4600067138672,146.05999755859375,145.4019012451172,145.9550018310547,17537399.0
1750091400,145.96499633789062,146.0399932861328,145.360107421875,145.625,15141052.0
1750095000,145.625,145.6999969482422,145.02999877929688,145.22999572753906,13046550.0
1750098600,145.2216033935547,145.25999450683594,144.7100067138672,144.97000122070312,15532334.0
1750102200,144.97500610351562,145.0,144.27000427246094,144.6699981689453,15755840.0
1750167000,144.49000549316406,145.22000122070312,144.0200958251953,144.3986053466797,35665612.0
1750170600,144.38999938964844,144.9499969482422,144.24000549316406,144.50999450683594,15413357.0
1750174200,144.50999450683594,145.1649932861328,144.22000122070312,145.02000427246094,15381526.0
1750177800,145.02000427246094,145.125,144.25,144.8300018310547,14502323.0
1750181400,144.82000732421875,145.07000732421875,143.9600067138672,144.17999267578125,16341184.0
1750185000,144.19000244140625,144.5,143.77999877929688,144.27609252929688,11499700.0
1750188600,144.27499389648438,144.74000549316406,144.00999450683594,144.0399932861328,12690439.0
1750253400,144.0050048828125,145.3300018310547,143.1199951171875,145.22000122070312,34846762.0
1750257000,145.22000122070312,145.6199951171875,144.75999450683594,144.99000549316406,18889032.0
1750260600,145.0500030517578,145.60000610351562,144.91000366210938,145.27999877929688,15092573.0
1750264200,145.27420043945312,145.60000610351562,145.08999633789062,145.13499450683594,9643794.0
1750267800,145.13499450683594,145.5,144.7100067138672,145.0500030517578,14648267.0
1750271400,145.05999755859375,145.27999877929688,143.91000366210938,144.17990112304688,21610193.0
1750275000,144.1699981689453,145.60000610351562,144.0800018310547,145.47000122070312,24050186.0
1750426200,145.43499755859375,146.1999969482422,144.10000610351562,144.625,67783997.0
1750429800,144.6300048828125,145.02999877929688,142.64999389648438,143.89990234375,31508786.0
1750433400,143.8780059814453,144.47000122070312,143.67999267578125,143.9550018310547,24548725.0
1750437000,143.9550018310547,144.33999633789062,143.452392578125,143.48500061035156,17667331.0
1750440600,143.49000549316406,144.27999877929688,143.22000122070312,144.15499877929688,12313905.0
1750444200,144.15499877929688,144.32000732421875,143.57179260253906,143.78990173339844,12939836.0
1750447800,143.7899932861328,143.97999572753906,143.13999938964844,143.77999877929688,17734749.0
1750685400,142.47999572753906,144.3000030517578,142.32000732421875,143.6300048828125,38498456.0
1750689000,143.63999938964844,144.2100067138672,143.52999877929688,143.80999755859375,16692515.0
1750692600,143.69500732421875,144.0500030517578,142.85000610351562,142.92999267578125,16739353.0
1750696200,142.92999267578125,144.44000244140625,142.02999877929688,144.4058074951172,24187562.0
1750699800,144.40499877929688,144.74000549316406,143.8800048828125,143.90989685058594,17966220.0
1750703400,143.91000366210938,144.38999938964844,143.75,143.84500122070312,11368715.0
1750707000,143.83999633789062,144.3699951171875,143.66180419921875,144.1750030517578,13348173.0
1750771800,145.55999755859375,147.89999389648438,145.5,147.02000427246094,57816010.0
1750775400,147.02000427246094,147.42999267578125,146.8000030517578,146.90499877929688,19347817.0
1750779000,146.91000366210938,147.1999969482422,146.5500030517578,147.1649932861328,18014469.0
1750782600,147.1649932861328,147.4499969482422,147.0,147.19500732421875,13836659.0
1750786200,147.19000244140625,147.60000610351562,147.18499755859375,147.35009765625,12496972.0
1750789800,147.35499572753906,147.5399932861328,147.1699981689453,147.22850036621094,12406122.0
1750793400,147.22500610351562,147.9600067138672,147.18499755859375,147.8300018310547,18197811.0
1750858200,149.30999755859375,152.55999755859375,149.27999877929688,152.2050018310547,87631761.0
1750861800,152.2050018310547,153.0,151.52999877929688,152.0500030517578,34570654.0
1750865400,152.04299926757812,152.1999969482422,151.38999938964844,152.14129638671875,17980007.0
1750869000,152.14500427246094,153.92999267578125,151.97000122070312,153.89999389648438,29544691.0
1750872600,153.90589904785156,154.00999450683594,153.18020629882812,153.9322967529297,25802407.0
1750876200,153.94000244140625,154.4499969482422,153.36000061035156,153.75439453125,27432674.0
1750879800,153.75,154.41000366210938,153.33999633789062,154.30999755859375,24556634.0
1750944600,155.97500610351562,156.49000549316406,154.03500366210938,156.44859313964844,71476728.0
1750948200,156.44500732421875,156.71499633789062,154.7899932861328,154.95989990234375,29246134.0
1750951800,154.9499969482422,155.7299041748047,154.80999755859375,155.625,16236689.0
1750955400,155.625,156.17999267578125,155.11500549316406,156.02999877929688,15834843.0
1750959000,156.03990173339844,156.49000549316406,155.75999450683594,156.0850067138672,15854548.0
1750962600,156.0850067138672,156.08999633789062,155.42999267578125,155.46429443359375,17887726.0
1750966200,155.4600067138672,155.58999633789062,154.875,155.0800018310547,16962532.0
1751031000,156.0,157.44500732421875,155.25999450683594,157.42010498046875,50511015.0
1751034600,157.4250030517578,158.0,156.77999877929688,157.91009521484375,28993628.0
1751038200,157.9199981689453,158.7100067138672,157.2899932861328,157.69000244140625,27167396.0
1751041800,157.67849731445312,157.8000030517578,156.9600067138672,157.48500061035156,18710941.0
1751045400,157.49000549316406,157.5800018310547,156.27000427246094,156.30499267578125,19409637.0
1751049000,156.30499267578125,156.8300018310547,155.4600067138672,156.47000122070312,25358639.0
1751052600,156.47000122070312,157.85000610351562,156.45010375976562,157.75,24317507.0
1751290200,158.40499877929688,158.46240234375,155.9600067138672,157.10000610351562,45352612.0
1751293800,157.11000061035156,157.58999633789062,156.7550048828125,157.04989624023438,20595043.0
1751297400,157.0500030517578,158.27000427246094,156.9550018310547,157.7100067138672,18408929.0
1751301000,157.6999969482422,158.1699981689453,157.65499877929688,157.82550048828125,13452357.0
1751304600,157.8249969482422,158.11000061035156,157.5399932861328,157.57989501953125,10936075.0
1751308200,157.57000732421875,158.10000610351562,156.83999633789062,157.94500732421875,16748845.0
1751311800,157.94500732421875,158.66000366210938,157.8300018310547,157.8699951171875,18860588.0
1751376600,156.25999450683594,157.1999969482422,154.39010620117188,154.6300048828125,41736822.0
1751380200,154.63499450683594,154.83999633789062,151.49000549316406,152.88499450683594,49090512.0
1751383800,152.8800048828125,153.49000549316406,152.22000122070312,153.39500427246094,25783852.0
1751387400,153.39500427246094,154.97999572753906,153.310302734375,154.27499389648438,21975374.0
1751391000,154.27200317382812,154.8800048828125,154.00999450683594,154.35169982910156,13955512.0
1751394600,154.35000610351562,154.63999938964844,152.91009521484375,153.72999572753906,19809769.0
1751398200,153.72000122070312,154.1300048828125,153.2100067138672,153.27999877929688,18863865.0
1751463000,153.02999877929688,156.16000366210938,152.97999572753906,156.08140563964844,45496358.0
1751466600,156.0800018310547,157.60000610351562,155.89999389648438,156.36500549316406,31796987.0
1751470200,156.36500549316406,157.375,156.06019592285156,157.093505859375,18521442.0
1751473800,157.13499450683594,157.57000732421875,156.83999633789062,157.2053985595703,13905801.0
1751477400,157.2050018310547,157.30499267578125,156.7050018310547,156.9550018310547,11032900.0
1751481000,156.9499969482422,157.39439392089844,156.50999450683594,156.8874969482422,14829555.0
1751484600,156.88499450683594,157.42999267578125,156.8000030517578,157.24000549316406,15486591.0
1751549400,158.35000610351562,160.97999572753906,157.77000427246094,160.6300048828125,63107837.0
1751553000,160.63499450683594,160.82000732421875,159.17999267578125,159.80499267578125,31499036.0
1751556600,159.8000030517578,159.97000122070312,159.30999755859375,159.37969970703125,18434686.0
1751895000,158.1999969482422,159.30540466308594,158.02999877929688,158.30999755859375,38468204.0
1751898600,158.32000732421875,158.6199951171875,157.3419952392578,158.27999877929688,19739847.0
1751902200,158.25999450683594,158.6999969482422,157.6967010498047,158.22000122070312,20104320.0
1751905800,158.19500732421875,158.58990478515625,158.03500366210938,158.3188018798828,11668152.0
1751909400,158.3144989013672,158.77000427246094,157.72999572753906,157.8249969482422,11966286.0
1751913000,157.82000732421875,158.6300048828125,157.75,158.3000946044922,11449648.0
1751916600,158.30999755859375,158.60000610351562,158.0800018310547,158.24000549316406,11041631.0
1751981400,159.3300018310547,159.72999572753906,158.3916015625,159.07000732421875,36806011.0
1751985000,159.06649780273438,159.2899932861328,158.6699981689453,159.0800018310547,18018628.0
1751988600,159.0850067138672,159.8699951171875,158.92999267578125,159.72999572753906,12403457.0
1751992200,159.74000549316406,159.7899932861328,159.2799072265625,159.5850067138672,12493506.0
1751995800,159.5800018310547,160.22000122070312,159.25,159.5399932861328,15155501.0
1751999400,159.5500030517578,159.94000244140625,159.36500549316406,159.89500427246094,11112506.0
1752003000,159.89500427246094,160.0800018310547,159.6999969482422,160.00010681152344,13626894.0
1752067800,161.19000244140625,164.4199981689453,161.16000366210938,163.06869506835938,64850584.0
1752071400,163.06500244140625,163.4499969482422,162.44000244140625,163.35000610351562,25988494.0
1752075000,163.3450927734375,163.3800048828125,162.89999389648438,163.27000427246094,16389704.0
1752078600,163.27029418945312,163.3699951171875,162.52999877929688,162.56500244140625,15282610.0
1752082200,162.55999755859375,163.0384063720703,162.49000549316406,162.81500244140625,11576319.0
1752085800,162.81500244140625,163.2100067138672,162.5500030517578,162.85000610351562,13576938.0
1752089400,162.84500122070312,163.02000427246094,162.57009887695312,162.8300018310547,16787843.0
1752154200,164.36000061035156,164.3699951171875,161.88999938964844,162.41000366210938,53282712.0
1752157800,162.39999389648438,162.8000030517578,161.61000061035156,162.59669494628906,23008245.0
1752161400,162.59500122070312,163.32000732421875,162.57000732421875,163.2747039794922,16064526.0
1752165000,163.2799072265625,163.65989685058594,163.0,163.44769287109375,12567265.0
1752168600,163.44500732421875,164.49000549316406,163.38999938964844,163.72999572753906,20190900.0
1752172200,163.72500610351562,164.32000732421875,163.64999389648438,164.05999755859375,14012071.0
1752175800,164.05999755859375,164.27999877929688,163.8000030517578,164.10499572753906,14867354.0
1752240600,163.71499633789062,167.59500122070312,163.52000427246094,167.35989379882812,58059074.0
1752244200,167.375,167.88999938964844,166.11000061035156,166.4949951171875,37872862.0
1752247800,166.49000549316406,167.1199951171875,165.92999267578125,166.47869873046875,19912075.0
1752251400,166.47479248046875,166.69000244140625,165.99000549316406,166.1822967529297,13148079.0
1752255000,166.19000244140625,166.25,165.3699951171875,165.68150329589844,15595742.0
1752258600,165.67999267578125,166.08990478515625,164.8300018310547,165.09500122070312,17912784.0
1752262200,165.0998992919922,165.27000427246094,164.8699951171875,164.8800048828125,14271548.0
1752499800,165.4250030517578,165.49000549316406,162.02000427246094,163.72000122070312,49921181.0
1752503400,163.72500610351562,165.28500366210938,163.33999633789062,164.75469970703125,23965559.0
1752507000,164.75759887695312,165.25,164.58999633789062,164.97000122070312,11859176.0
1752510600,164.97500610351562,165.36000061035156,164.57000732421875,165.08009338378906,9882041.0
1752514200,165.0800018310547,165.22000122070312,164.69000244140625,164.82000732421875,8199722.0
1752517800,164.8000030517578,165.0399932861328,164.32000732421875,164.40330505371094,11169702.0
1752521400,164.40499877929688,164.52999877929688,164.0,164.07000732421875,11699982.0
1752586200,171.13999938964844,172.25100708007812,169.1981964111328,171.57839965820312,97536358.0
1752589800,171.57029724121094,172.39999389648438,170.6846923828125,171.38499450683594,35052855.0
1752593400,171.38999938964844,171.60499572753906,171.02999877929688,171.38499450683594,14121272.0
1752597000,171.3699951171875,171.5500030517578,170.36000061035156,170.52499389648438,15343175.0
1752600600,170.52999877929688,171.11000061035156,170.25,170.91180419921875,15475030.0
1752604200,170.9149932861328,170.9600067138672,169.94000244140625,170.1999053955078,16779036.0
1752607800,170.19500732421875,170.97999572753906,170.13999938964844,170.5500030517578,16696416.0
1752672600,171.0,171.75,169.61000061035156,169.96490478515625,47018712.0
1752676200,169.96499633789062,170.65499877929688,169.28770446777344,170.37860107421875,25866268.0
1752679800,170.39010620117188,170.68479919433594,168.89999389648438,170.39500427246094,23472577.0
1752683400,170.38499450683594,171.4199981689453,170.33009338378906,170.9022979736328,13702209.0
1752687000,170.91000366210938,171.095703125,170.6240997314453,171.0050048828125,9660542.0
1752690600,171.0050048828125,171.14999389648438,170.6750030517578,170.77999877929688,11175077.0
1752694200,170.77999877929688,171.4499053955078,170.75999450683594,171.33999633789062,12791407.0
1752759000,172.05999755859375,173.64019775390625,170.8300018310547,172.92999267578125,53096486.0
1752762600,172.92999267578125,173.34500122070312,172.63999938964844,173.11500549316406,16964743.0
1752766200,173.11000061035156,174.16000366210938,172.93499755859375,173.860107421875,20740420.0
1752769800,173.86500549316406,173.97999572753906,173.36000061035156,173.72000122070312,14631775.0
1752773400,173.71499633789062,173.9167022705078,173.0800018310547,173.2989959716797,13460577.0
1752777000,173.2899932861328,173.68850708007812,173.1750030517578,173.28500366210938,12203669.0
1752780600,173.28500366210938,173.50999450683594,173.00999450683594,173.1114044189453,14952193.0
1752845400,173.72999572753906,174.24000549316406,171.93499755859375,172.08999633789062,48486073.0
1752849000,172.08999633789062,172.74839782714844,171.25999450683594,172.16009521484375,25270061.0
1752852600,172.1699981689453,172.5800018310547,171.97999572753906,172.15469360351562,12708477.0
1752856200,172.16000366210938,172.75,171.8000030517578,172.64999389648438,11859350.0
1752859800,172.64520263671875,172.73500061035156,172.11500549316406,172.4149932861328,9307613.0
1752863400,172.4152069091797,172.4199981689453,171.88999938964844,172.07000732421875,9333832.0
1752867000,172.0800018310547,172.4250030517578,171.8249969482422,172.38999938964844,14900120.0
1753104600,172.73500061035156,173.3800048828125,171.67999267578125,173.08009338378906,34024091.0
1753108200,173.0850067138672,173.1649932861328,172.4499969482422,172.6981964111328,14503791.0
1753111800,172.69009399414062,172.82000732421875,171.4499969482422,172.02940368652344,16191347.0
1753115400,172.02999877929688,172.6199951171875,171.99000549316406,172.55479431152344,10114493.0
1753119000,172.55819702148438,172.80999755859375,172.47000122070312,172.70480346679688,6943501.0
1753122600,172.6999969482422,172.72999572753906,171.86000061035156,171.9600067138672,10195751.0
1753126200,171.9600067138672,172.14999389648438,171.05999755859375,171.4600067138672,11753089.0
1753191000,171.22000122070312,171.35000610351562,164.5800018310547,166.0847930908203,75042055.0
1753194600,166.0800018310547,168.1999969482422,166.0800018310547,167.86000061035156,27036246.0
1753198200,167.86000061035156,168.63999938964844,167.49000549316406,167.5509033203125,20199319.0
1753201800,167.5500030517578,168.3699951171875,167.35000610351562,168.26499938964844,14441058.0
1753205400,168.25999450683594,168.4199981689453,167.360107421875,167.90029907226562,10662147.0
1753209000,167.89999389648438,168.16000366210938,167.72999572753906,167.88499450683594,10053490.0
1753212600,167.8800048828125,168.0,166.75999450683594,167.00999450683594,14282707.0
1753277400,169.52000427246094,170.39999389648438,167.97000122070312,169.1300048828125,46559663.0
1753281000,169.1300048828125,169.8000030517578,168.47000122070312,169.52330017089844,17365993.0
1753284600,169.5050048828125,169.8800048828125,168.52999877929688,168.6199951171875,14747305.0
1753288200,168.6199951171875,169.27999877929688,168.55999755859375,169.03500366210938,9774945.0
1753291800,169.03990173339844,171.25999450683594,168.97999572753906,170.65750122070312,20290549.0
1753295400,170.65130615234375,171.05999755859375,170.4600067138672,170.7100067138672,15108435.0
1753299000,170.6999969482422,170.86000061035156,170.1707000732422,170.8300018310547,13031395.0
1753363800,172.4499969482422,173.4499969482422,171.3000030517578,172.08999633789062,38225261.0
1753367400,172.08999633789062,173.1999053955078,171.99000549316406,172.67849731445312,18227398.0
1753371000,172.69189453125,173.08999633789062,172.39999389648438,172.94500732421875,12437977.0
1753374600,172.94000244140625,173.67999267578125,172.77000427246094,173.43240356445312,13470296.0
1753378200,173.42999267578125,173.8300018310547,173.22000122070312,173.4550018310547,12804764.0
1753381800,173.4550018310547,173.75999450683594,173.25999450683594,173.6501007080078,9442160.0
1753385400,173.66000366210938,173.82000732421875,173.31500244140625,173.77999877929688,11284670.0
1753450200,173.61500549316406,174.72000122070312,172.96499633789062,174.46189880371094,38537566.0
1753453800,174.46820068359375,174.67999267578125,173.63999938964844,174.06809997558594,15660859.0
1753457400,174.07000732421875,174.52999877929688,173.75,174.3800048828125,13706268.0
1753461000,174.38999938964844,174.5,173.8300018310547,173.8843994140625,10462333.0
1753464600,173.88499450683594,173.97000122070312,173.00999450683594,173.64999389648438,11734143.0
1753468200,173.64999389648438,174.05999755859375,173.41000366210938,173.7949981689453,9810393.0
1753471800,173.7899932861328,173.99000549316406,173.25,173.49000549316406,11726836.0
1753709400,174.02000427246094,175.57000732421875,173.97000122070312,174.9250030517578,40106290.0
1753713000,174.9199981689453,175.25999450683594,174.2550048828125,174.92999267578125,15757910.0
1753716600,174.9250030517578,175.13999938964844,174.67999267578125,175.0299072265625,9614060.0
1753720200,175.02020263671875,175.27999877929688,174.6999969482422,175.2100067138672,8315414.0
1753723800,175.1999969482422,175.69509887695312,175.19869995117188,175.47500610351562,11462309.0
1753727400,175.47999572753906,176.27499389648438,175.2100067138672,176.15499877929688,15190206.0
1753731000,176.16000366210938,176.97999572753906,175.8300018310547,176.75,19019292.0
1753795800,177.9600067138672,179.3800048828125,177.6300048828125,178.13999938964844,47245091.0
1753799400,178.14999389648438,178.58999633789062,175.67010498046875,175.85989379882812,26997973.0
1753803000,175.85499572753906,176.77999877929688,175.1699981689453,176.33999633789062,21153065.0
1753806600,176.34500122070312,176.66000366210938,175.83169555664062,176.19529724121094,11231828.0
1753810200,176.1999969482422,176.6300048828125,175.8000030517578,176.2050018310547,9845570.0
1753813800,176.2050018310547,176.57510375976562,175.77000427246094,175.8249969482422,10067988.0
1753817400,175.8300018310547,175.97039794921875,175.23789978027344,175.50999450683594,14984039.0
1753882200,176.5500030517578,178.74000549316406,176.0399932861328,178.4600067138672,36121613.0
1753885800,178.46009826660156,179.27999877929688,178.19000244140625,178.26519775390625,20571627.0
1753889400,178.26019287109375,179.1999969482422,178.1446990966797,178.80499267578125,13706613.0
1753893000,178.8000946044922,179.39999389648438,178.8000946044922,179.00669860839844,14438209.0
1753896600,179.00999450683594,179.67999267578125,178.8800048828125,179.55499267578125,13260125.0
1753900200,179.55499267578125,179.88999938964844,177.55999755859375,178.58999633789062,28400674.0
1753903800,178.58999633789062,179.39999389648438,178.5800018310547,179.2899932861328,16698311.0
1753968600,182.92999267578125,183.2899932861328,180.39999389648438,181.57000732421875,58728773.0
1753972200,181.57009887695312,181.72000122070312,178.68350219726562,179.889892578125,32906598.0
1753975800,179.88999938964844,181.49000549316406,179.8000030517578,181.3780059814453,16810132.0
1753979400,181.37229919433594,181.4949951171875,178.82000732421875,179.02000427246094,18524780.0
1753983000,179.0,179.44000244140625,175.92999267578125,177.36500549316406,27861825.0
1753986600,177.36500549316406,178.1699981689453,177.2100067138672,177.41969299316406,17966475.0
1753990200,177.4250030517578,178.1699981689453,177.14500427246094,177.85000610351562,16408484.0
1754055000,174.08999633789062,175.03500366210938,170.88999938964844,174.97500610351562,66875436.0
1754058600,174.97999572753906,176.0,174.33999633789062,174.77999877929688,26579583.0
1754062200,174.77000427246094,176.5399932861328,174.64999389648438,175.82000732421875,18229449.0
1754065800,175.82000732421875,175.8699951171875,172.6649932861328,173.10989379882812,19679327.0
1754069400,173.10499572753906,173.6999969482422,171.7949981689453,173.2799072265625,21601464.0
1754073000,173.27499389648438,174.14999389648438,172.72999572753906,173.75,18409216.0
1754076600,173.7449951171875,174.6999969482422,173.19500732421875,173.58999633789062,14884559.0
1754314200,175.16000366210938,178.10000610351562,174.55999755859375,177.9499969482422,40024836.0
1754317800,177.95140075683594,178.10000610351562,176.92999267578125,177.8498992919922,17929805.0
1754321400,177.8300018310547,179.03529357910156,177.64999389648438,178.9250030517578,14410982.0
1754325000,178.9250030517578,179.10000610351562,178.61000061035156,179.02999877929688,10199184.0
1754328600,179.0399932861328,179.81500244140625,178.69000244140625,179.27000427246094,14291109.0
1754332200,179.27479553222656,179.66000366210938,178.94000244140625,179.31390380859375,12966879.0
1754335800,179.3101043701172,179.99000549316406,179.11000061035156,179.97000122070312,14189742.0
1754400600,179.6199951171875,180.25999450683594,177.75,178.24000549316406,41827154.0
1754404200,178.25,178.48829650878906,175.89999389648438,176.88499450683594,30111029.0
1754407800,176.8800048828125,178.26499938964844,176.22000122070312,177.92999267578125,18008893.0
1754411400,177.9199981689453,178.22000122070312,177.00999450683594,178.02999877929688,12436982.0
1754415000,178.0399932861328,179.11439514160156,177.9499969482422,178.50999450683594,13221722.0
1754418600,178.51010131835938,178.82000732421875,177.65150451660156,178.77520751953125,14104085.0
1754422200,178.77499389648438,178.97500610351562,178.1199951171875,178.25999450683594,11063423.0
1754487000,176.3249969482422,179.42999267578125,176.25,178.0399932861328,37211087.0
1754490600,178.02999877929688,178.39999389648438,176.80189514160156,178.14999389648438,20699896.0
1754494200,178.14999389648438,179.3800048828125,178.02000427246094,178.23500061035156,14807008.0
1754497800,178.22999572753906,178.4499969482422,177.65809631347656,178.42999267578125,11344990.0
1754501400,178.4199981689453,179.27999877929688,178.2689971923828,179.22999572753906,10284555.0
1754505000,179.22000122070312,179.86000061035156,178.8800048828125,179.6649932861328,13334056.0
1754508600,179.66000366210938,179.89999389648438,179.32000732421875,179.41000366210938,11599106.0
1754573400,181.5500030517578,183.8800048828125,181.3000030517578,182.47999572753906,48813258.0
1754577000,182.47500610351562,183.08999633789062,181.14999389648438,181.52999877929688,19854693.0
1754580600,181.52000427246094,182.02499389648438,180.47999572753906,181.14999389648438,15244882.0
1754584200,181.13510131835938,181.3350067138672,179.4199981689453,179.97000122070312,15384202.0
1754587800,179.96499633789062,180.27000427246094,178.7949981689453,179.42010498046875,15509269.0
1754591400,179.4250030517578,180.24000549316406,179.1199951171875,179.47000122070312,13498015.0
1754595000,179.47000122070312,180.88999938964844,179.4199981689453,180.8699951171875,11101336.0
1754659800,181.5500030517578,182.7689971923828,180.39999389648438,182.19500732421875,35346711.0
1754663400,182.19000244140625,183.3000030517578,182.04449462890625,183.01499938964844,19263080.0
1754667000,183.0050048828125,183.2899932861328,182.25,182.90809631347656,13673296.0
1754670600,182.9149932861328,182.9199981689453,181.61000061035156,181.88499450683594,12839636.0
1754674200,181.8800048828125,182.88999938964844,181.85000610351562,182.61500549316406,10114146.0
1754677800,182.60009765625,183.05999755859375,182.58009338378906,182.69500732421875,10238542.0
1754681400,182.69500732421875,183.05999755859375,182.1649932861328,182.75,11085190.0
1754919000,182.16000366210938,183.66000366210938,180.25,183.3455047607422,44896099.0
1754922600,183.34500122070312,183.67999267578125,182.3699951171875,183.1800994873047,16480275.0
1754926200,183.16439819335938,183.83999633789062,182.8800048828125,183.73500061035156,16486141.0
1754929800,183.73500061035156,183.80499267578125,182.85499572753906,183.23550415039062,10001941.0
1754933400,183.23500061035156,183.46499633789062,182.59010314941406,182.89999389648438,8923527.0
1754937000,182.91000366210938,183.08999633789062,182.10000610351562,182.16000366210938,9764807.0
1754940600,182.16000366210938,182.5800018310547,181.5,182.0850067138672,16433921.0
1755005400,182.9600067138672,182.99000549316406,179.4600067138672,180.92999267578125,53579929.0
1755009000,180.9232940673828,182.55999755859375,180.75450134277344,182.0146942138672,19016729.0
1755012600,182.01010131835938,182.75,181.7602996826172,182.27499389648438,12312308.0
1755016200,182.27000427246094,182.6999969482422,181.75,182.24000549316406,10381630.0
1755019800,182.24000549316406,183.08999633789062,182.1750030517578,183.06500244140625,10502042.0
1755023400,183.0800018310547,183.3300018310547,182.69000244140625,182.7845001220703,11225989.0
1755027000,182.7899932861328,184.47999572753906,182.25999450683594,183.10000610351562,12971517.0
1755091800,182.61500549316406,183.968994140625,180.97999572753906,181.41099548339844,57183001.0
1755095400,181.39500427246094,181.80929565429688,179.35000610351562,180.13180541992188,31905250.0
1755099000,180.139892578125,181.08999633789062,179.5749969482422,180.0500030517578,18665334.0
1755102600,180.0399932861328,181.00999450683594,179.39999389648438,180.99000549316406,15541217.0
1755106200,180.97999572753906,181.66000366210938,180.47000122070312,181.32989501953125,13188042.0
1755109800,181.3249969482422,181.9199981689453,181.06100463867188,181.26499938964844,13400589.0
1755113400,181.26499938964844,181.64999389648438,180.6300048828125,181.57000732421875,14629608.0
1755178200,179.7949981689453,182.66700744628906,179.4600067138672,182.5800018310547,41933654.0
1755181800,182.57850646972656,183.02000427246094,181.00999450683594,181.3800048828125,19906026.0
1755185400,181.3800048828125,182.19000244140625,180.9600067138672,181.14349365234375,15698784.0
1755189000,181.13999938964844,182.1999969482422,181.11000061035156,182.1649932861328,10084493.0
1755192600,182.1649932861328,182.1699981689453,181.4499969482422,181.52499389648438,8710122.0
1755196200,181.52999877929688,182.05999755859375,181.4217071533203,181.9600067138672,9628090.0
1755199800,181.9550018310547,182.24000549316406,181.7899932861328,182.0,12263611.0
1755264600,181.75999450683594,181.89999389648438,178.04469299316406,179.92010498046875,53746813.0
1755268200,179.9250030517578,180.04989624023438,178.75,179.5050048828125,19965791.0
1755271800,179.5050048828125,179.61000061035156,178.41000366210938,178.92999267578125,16053351.0
1755275400,178.9250030517578,179.8000030517578,178.8350067138672,179.70010375976562,10662845.0
1755279000,179.6999969482422,180.30999755859375,179.69000244140625,180.17999267578125,10132382.0
1755282600,180.18499755859375,180.25,179.48500061035156,179.97000122070312,11672960.0
1755286200,179.97999572753906,180.5399932861328,179.92999267578125,180.44000244140625,14420184.0
1755523800,180.64999389648438,182.93499755859375,180.60450744628906,182.67999267578125,41258508.0
1755527400,182.67999267578125,182.69500732421875,180.94000244140625,181.1519012451172,21186319.0
1755531000,181.16000366210938,181.8300018310547,181.07000732421875,181.7657928466797,10494508.0
1755534600,181.75999450683594,181.91000366210938,180.9499969482422,181.49920654296875,10564113.0
1755538200,181.48500061035156,181.82000732421875,181.13499450683594,181.76210021972656,9063596.0
1755541800,181.75999450683594,182.61000061035156,181.75010681152344,182.19500732421875,14116183.0
1755545400,182.19500732421875,182.3800048828125,181.97000122070312,181.97999572753906,8608391.0
1755610200,182.42999267578125,182.5,178.52999877929688,178.66490173339844,43099321.0
1755613800,178.66000366210938,179.13999938964844,177.3000030517578,178.27749633789062,31692135.0
1755617400,178.27499389648438,178.6649932861328,176.80499267578125,177.53990173339844,19758122.0
1755621000,177.5399932861328,177.75999450683594,175.75,176.69509887695312,23233166.0
1755624600,176.6699981689453,177.22999572753906,176.4199981689453,176.5749053955078,14572380.0
1755628200,176.5800018310547,176.75999450683594,175.66000366210938,176.33250427246094,17226419.0
1755631800,176.3350067138672,176.5800018310547,175.49000549316406,175.64999389648438,16724604.0
1755696600,175.10000610351562,175.11000061035156,168.80099487304688,170.30999755859375,75230669.0
1755700200,170.30999755859375,172.47999572753906,168.89999389648438,172.4250030517578,36403063.0
1755703800,172.4199981689453,174.11000061035156,171.6999969482422,174.0500030517578,25285992.0
1755707400,174.05499267578125,174.0800018310547,172.64999389648438,173.47500610351562,15454109.0
1755711000,173.47000122070312,174.4199981689453,172.56019592285156,172.8249969482422,16865512.0
1755714600,172.82989501953125,174.86000061035156,172.75,174.5800018310547,15941813.0
1755718200,174.5800018310547,175.5299072265625,174.42999267578125,175.38999938964844,15457138.0
1755783000,174.8300018310547,176.89999389648438,173.97999572753906,176.47500610351562,42477436.0
1755786600,176.47149658203125,176.47149658203125,174.60069274902344,174.96499633789062,17677407.0
1755790200,174.92999267578125,175.63999938964844,174.11000061035156,174.22569274902344,15131639.0
1755793800,174.22000122070312,174.80999755859375,173.80999755859375,174.26499938964844,14081487.0
1755797400,174.26499938964844,175.19000244140625,174.2550048828125,174.7449951171875,11047345.0
1755801000,174.75999450683594,175.0872039794922,174.27000427246094,174.80189514160156,10711465.0
1755804600,174.8000030517578,175.1300048828125,174.52000427246094,174.9709930419922,10228191.0
1755869400,172.65499877929688,177.86000061035156,171.1999969482422,176.32000732421875,59679892.0
1755873000,176.30499267578125,178.3000030517578,176.07000732421875,178.1300048828125,27365324.0
1755876600,178.125,178.58999633789062,176.8800048828125,177.00579833984375,19515607.0
1755880200,177.00999450683594,178.3000030517578,176.88999938964844,178.2949981689453,13484278.0
1755883800,178.2949981689453,178.4199981689453,177.8300018310547,178.11500549316406,11900337.0
1755887400,178.11500549316406,178.5399932861328,177.74000549316406,178.0601043701172,11391933.0
1755891000,178.06500244140625,178.41000366210938,177.63999938964844,178.02000427246094,13795946.0
1756128600,178.35499572753906,179.40989685058594,176.57000732421875,178.99000549316406,42237022.0
1756132200,178.97999572753906,181.25,178.86419677734375,181.22140502929688,28701803.0
1756135800,181.23500061035156,181.91000366210938,181.0399932861328,181.5240936279297,21214446.0
1756139400,181.50999450683594,181.71499633789062,180.6199951171875,181.0,14530987.0
1756143000,181.00010681152344,181.47999572753906,180.74000549316406,181.33990478515625,12209736.0
1756146600,181.3350067138672,181.6699981689453,180.9199981689453,181.03500366210938,12052092.0
1756150200,181.02999877929688,181.25,179.5800018310547,179.83999633789062,15481637.0
1756215000,180.00999450683594,181.22999572753906,178.80999755859375,180.97999572753906,41256978.0
1756218600,180.9600067138672,181.75999450683594,180.67999267578125,180.8800048828125,23689726.0
1756222200,180.8699951171875,181.9499969482422,180.77999877929688,181.68499755859375,13758007.0
1756225800,181.69000244140625,181.75,181.22000122070312,181.6199951171875,9254676.0
1756229400,181.61500549316406,181.8699951171875,180.88999938964844,181.81500244140625,10526629.0
1756233000,181.81500244140625,182.27000427246094,181.75,182.02549743652344,15952704.0
1756236600,182.02000427246094,182.38999938964844,181.52999877929688,181.6999969482422,14977172.0
1756301400,182.07000732421875,182.07000732421875,179.10020446777344,181.05999755859375,56038541.0
1756305000,181.06179809570312,182.44000244140625,181.05999755859375,181.58999633789062,27348415.0
1756308600,181.5800018310547,182.22999572753906,181.11000061035156,181.40420532226562,17369181.0
1756312200,181.39999389648438,182.07000732421875,181.2899932861328,181.93499755859375,14646358.0
1756315800,181.93499755859375,182.49000549316406,181.6300048828125,182.22259521484375,14657337.0
1756319400,182.22000122070312,182.22999572753906,180.92999267578125,181.6645965576172,19942375.0
1756323000,181.6649932861328,181.8300018310547,181.27000427246094,181.60000610351562,20299137.0
1756387800,180.82000732421875,184.47000122070312,176.41000366210938,177.69500732421875,115181721.0
1756391400,177.67190551757812,180.60499572753906,177.61749267578125,179.156494140625,37722258.0
1756395000,179.15499877929688,179.82000732421875,178.3800048828125,179.69000244140625,21239947.0
1756398600,179.67999267578125,179.97000122070312,178.69000244140625,179.91419982910156,18458449.0
1756402200,179.9149932861328,180.85000610351562,179.79100036621094,180.82969665527344,18823778.0
1756405800,180.8249969482422,181.5500030517578,179.97000122070312,180.0800018310547,26267219.0
1756409400,180.0850067138672,181.0800018310547,179.99000549316406,180.1999969482422,20952896.0
1756474200,178.11000061035156,178.11000061035156,173.75999450683594,175.06500244140625,80744435.0
1756477800,175.05999755859375,175.22999572753906,173.3699951171875,174.77499389648438,35501745.0
1756481400,174.75999450683594,174.8498992919922,173.61000061035156,174.14999389648438,22530764.0
1756485000,174.14999389648438,174.77000427246094,173.14500427246094,173.52000427246094,19417117.0
1756488600,173.53500366210938,174.2899932861328,173.25,173.55670166015625,18216909.0
1756492200,173.57420349121094,174.2698974609375,173.56500244140625,174.0399932861328,16934957.0
1756495800,174.0449981689453,174.50999450683594,173.35000610351562,174.27999877929688,21927826.0
1756819800,170.0500030517578,172.37899780273438,168.64999389648438,170.63360595703125,67328024.0
1756823400,170.6300048828125,170.63999938964844,168.52999877929688,169.05999755859375,33206180.0
1756827000,169.0500030517578,169.09730529785156,167.2200927734375,167.93499755859375,35717985.0
1756830600,167.94000244140625,169.35000610351562,167.85000610351562,169.23500061035156,22695385.0
1756834200,169.22999572753906,169.6199951171875,168.97999572753906,169.1981964111328,15114674.0
1756837800,169.1999969482422,170.44000244140625,169.03500366210938,170.2949981689453,21361055.0
1756841400,170.2899932861328,171.1199951171875,170.27999877929688,170.75,18149057.0
1756906200,170.96600341796875,171.82000732421875,169.52000427246094,171.35000610351562,43886562.0
1756909800,171.35000610351562,172.41000366210938,170.5800018310547,170.70590209960938,22048727.0
1756913400,170.70579528808594,171.77999877929688,170.33999633789062,171.52499389648438,16505755.0
1756917000,171.52999877929688,171.5449981689453,170.57009887695312,170.7834930419922,11770942.0
1756920600,170.77999877929688,170.9499969482422,169.22000122070312,169.36000061035156,16683384.0
1756924200,169.36500549316406,169.6654052734375,168.875,169.36500549316406,15625408.0
1756927800,169.36000061035156,170.63499450683594,169.36000061035156,170.6300048828125,15586633.0
1756992600,170.5500030517578,171.86000061035156,169.41000366210938,170.8614959716797,41325410.0
1756996200,170.86000061035156,171.3083038330078,170.0800018310547,170.8000030517578,18117759.0
1756999800,170.8083953857422,170.94000244140625,170.2100067138672,170.46420288085938,12428337.0
1757003400,170.46499633789062,171.17999267578125,170.39349365234375,170.4499969482422,10774928.0
1757007000,170.4550018310547,170.86000061035156,170.35000610351562,170.41220092773438,11356223.0
1757010600,170.4149932861328,171.1300048828125,170.39999389648438,170.90499877929688,10743103.0
1757014200,170.88999938964844,171.7375946044922,170.8300018310547,171.64999389648438,14491186.0
1757079000,168.02999877929688,169.02999877929688,164.22479248046875,165.13729858398438,84959254.0
1757082600,165.1300048828125,166.13999938964844,164.07000732421875,166.08999633789062,38285700.0
1757086200,166.08680725097656,166.99000549316406,165.86000061035156,166.36549377441406,22932097.0
1757089800,166.3699951171875,167.13999938964844,166.25999450683594,166.5850067138672,14017812.0
1757093400,166.5850067138672,166.88999938964844,165.8800048828125,166.76010131835938,15004758.0
1757097000,166.75999450683594,167.14999389648438,166.02999877929688,167.09500122070312,16232638.0
1757100600,167.08999633789062,167.19500732421875,166.50999450683594,167.0399932861328,15720578.0
1757338200,167.55999755859375,170.9600067138672,167.4499969482422,170.25999450683594,53173407.0
1757341800,170.25,170.4550018310547,169.5399932861328,169.9698944091797,18395592.0
1757345400,169.9600067138672,170.25,169.25,170.1649932861328,15482659.0
1757349000,170.16000366210938,170.19509887695312,169.5,169.86500549316406,10722063.0
1757352600,169.8699951171875,170.16000366210938,169.52999877929688,169.71499633789062,10813107.0
1757356200,169.7100067138672,169.91000366210938,168.9499969482422,169.14500427246094,15257114.0
1757359800,169.14999389648438,169.80999755859375,168.11000061035156,168.3699951171875,21138361.0
1757424600,168.9199981689453,169.63999938964844,167.48989868164062,168.0800018310547,36489605.0
1757428200,168.07000732421875,168.13999938964844,166.74009704589844,167.7550048828125,23318993.0
1757431800,167.7550048828125,168.92999267578125,167.44500732421875,168.7050018310547,14592458.0
1757435400,168.7100067138672,168.8000030517578,167.93580627441406,168.0850067138672,11117131.0
1757439000,168.08999633789062,168.59500122070312,167.84500122070312,168.2449951171875,14638624.0
1757442600,168.25990295410156,170.3699951171875,168.1300048828125,170.23989868164062,18651732.0
1757446200,170.24000549316406,170.9799041748047,169.83999633789062,170.7584991455078,17249099.0
1757511000,176.64999389648438,178.9499969482422,175.47999572753906,177.64999389648438,82319968.0
1757514600,177.64999389648438,179.2899932861328,177.60000610351562,178.61419677734375,36684204.0
1757518200,178.6199951171875,178.72999572753906,177.47999572753906,177.99000549316406,20946072.0
1757521800,177.97999572753906,178.14999389648438,177.3699951171875,178.00509643554688,14456545.0
1757525400,178.0050048828125,178.32000732421875,176.14999389648438,176.27499389648438,18519526.0
1757529000,176.27000427246094,176.7657928466797,175.9600067138672,176.72500610351562,18537958.0
1757532600,176.72999572753906,177.54510498046875,176.67999267578125,177.3300018310547,18318589.0
1757597400,179.69000244140625,180.27999877929688,176.9250030517578,177.2550048828125,47832570.0
1757601000,177.2550048828125,178.44000244140625,177.14999389648438,178.09500122070312,21434461.0
1757604600,178.08999633789062,178.52999877929688,177.42999267578125,177.55810546875,14811575.0
1757608200,177.56419372558594,177.6999969482422,176.9499969482422,177.0941925048828,12011191.0
1757611800,177.09500122070312,177.73989868164062,176.47999572753906,177.5749969482422,16520716.0
1757615400,177.5800018310547,177.74000549316406,176.977294921875,177.1199951171875,10922991.0
1757619000,177.1199951171875,177.5,176.89999389648438,177.08999633789062,10686498.0
1757683800,177.5,178.0800018310547,176.4499969482422,177.77499389648438,31281879.0
1757687400,177.77639770507812,178.58999633789062,177.63999938964844,177.6750030517578,18768373.0
1757691000,177.6649932861328,178.17999267578125,177.3249969482422,178.11000061035156,16940381.0
1757694600,178.10000610351562,178.21839904785156,177.5,177.52499389648438,9160585.0
1757698200,177.52000427246094,177.9501953125,177.44500732421875,177.4700927734375,8744569.0
1757701800,177.4720001220703,177.94000244140625,177.41000366210938,177.68499755859375,10122889.0
1757705400,177.6842041015625,178.0,177.39999389648438,177.7899932861328,11842853.0
1757943000,175.66000366210938,176.57000732421875,174.50999450683594,175.48899841308594,45146345.0
1757946600,175.49000549316406,177.25,174.8300018310547,177.02169799804688,21808573.0
1757950200,177.02999877929688,178.08999633789062,176.7700958251953,177.5850067138672,19648158.0
1757953800,177.5850067138672,178.27999877929688,177.14500427246094,177.27000427246094,12971918.0
1757957400,177.2718963623047,177.8800048828125,177.22000122070312,177.52499389648438,9423651.0
1757961000,177.52499389648438,177.85000610351562,176.92340087890625,177.19500732421875,12982335.0
1757964600,177.1920928955078,178.85000610351562,176.9149932861328,177.77999877929688,14122964.0
1758029400,177.0,177.1199951171875,175.7100067138672,176.31500244140625,23361227.0
1758033000,176.30999755859375,176.85000610351562,175.82000732421875,176.13999938964844,12756309.0
1758036600,176.1300048828125,176.19500732421875,174.80999755859375,175.26499938964844,13399824.0
1758040200,175.26499938964844,175.39999389648438,174.9499969482422,175.14999389648438,8504331.0
1758043800,175.154296875,175.17999267578125,174.64999389648438,174.77499389648438,8772645.0
1758047400,174.77999877929688,175.22000122070312,174.67999267578125,174.75,8904954.0
1758051000,174.7449951171875,175.16000366210938,174.3800048828125,174.8300018310547,10908466.0
1758115800,172.5800018310547,173.1999969482422,169.76499938964844,170.1199951171875,56381360.0
1758119400,170.1300048828125,170.77999877929688,169.6699981689453,170.40499877929688,24501916.0
1758123000,170.39999389648438,170.4600067138672,169.30999755859375,169.87840270996094,19537478.0
1758126600,169.88999938964844,170.27999877929688,169.27000427246094,170.23500061035156,14559453.0
1758130200,170.25,171.60000610351562,168.64999389648438,170.19580078125,28164845.0
1758133800,170.2100067138672,171.39999389648438,168.41000366210938,171.18850708007812,33136610.0
1758137400,171.19639587402344,171.27999877929688,170.1199951171875,170.2100067138672,16604213.0
1758202200,174.0570068359375,175.8000030517578,172.9600067138672,175.77490234375,60722688.0
1758205800,175.77000427246094,176.38999938964844,175.08999633789062,176.2550048828125,28413878.0
1758209400,176.25570678710938,176.57000732421875,175.46499633789062,176.25999450683594,17798601.0
1758213000,176.2519073486328,176.92999267578125,176.1999969482422,176.6199951171875,14145107.0
1758216600,176.6199951171875,176.72900390625,176.0,176.55499267578125,14897510.0
1758220200,176.55499267578125,177.08999633789062,176.2899932861328,176.34500122070312,15451038.0
1758223800,176.33999633789062,177.10000610351562,174.2100067138672,176.27999877929688,18968507.0
1758288600,176.10000610351562,177.789306640625,175.17999267578125,177.7050018310547,56102590.0
1758292200,177.6999969482422,178.0800018310547,176.1649932861328,176.3000030517578,21800764.0
1758295800,176.298095703125,176.57989501953125,175.8000030517578,176.0677032470703,16332882.0
1758299400,176.05999755859375,176.10000610351562,175.55999755859375,175.88499450683594,12387551.0
1758303000,175.88499450683594,176.22500610351562,175.57260131835938,175.59500122070312,13501140.0
1758306600,175.59500122070312,176.47999572753906,175.5500030517578,176.31500244140625,14306891.0
1758310200,176.30999755859375,178.0,175.8300018310547,176.5019073486328,18105830.0
1758547800,175.35000610351562,176.07000732421875,174.70530700683594,175.4199981689453,31865074.0
1758551400,175.4199981689453,176.0800018310547,175.27000427246094,175.46009826660156,16016014.0
1758555000,175.47000122070312,182.49000549316406,175.39999389648438,182.1999969482422,64690587.0
1758558600,182.1999969482422,184.5500030517578,182.02999877929688,182.9949951171875,61192196.0
1758562200,182.99000549316406,183.69000244140625,182.3350067138672,182.68499755859375,24015488.0
1758565800,182.68499755859375,183.9573974609375,182.52000427246094,183.26010131835938,24735631.0
1758569400,183.27000427246094,183.80099487304688,182.63999938964844,183.61000061035156,23741673.0
1758634200,181.53140258789062,182.4199981689453,179.14500427246094,180.6522979736328,41118404.0
1758637800,180.66000366210938,180.77000427246094,179.41099548339844,180.21499633789062,15283598.0
1758641400,180.22999572753906,180.3699951171875,179.34500122070312,179.485595703125,11573277.0
1758645000,179.49000549316406,179.75,178.57000732421875,178.69000244140625,13191585.0
1758648600,178.69000244140625,178.77000427246094,177.3000030517578,177.89500427246094,59473965.0
1758652200,177.89999389648438,178.61000061035156,177.63999938964844,178.10000610351562,14812880.0
1758655800,178.11000061035156,178.9149932861328,176.2100067138672,178.4499969482422,14503114.0
1758720600,179.25,179.6300048828125,177.60000610351562,178.4949951171875,24773443.0
1758724200,178.47999572753906,178.875,177.9199981689453,178.3542022705078,11961544.0
1758727800,178.35499572753906,178.3800048828125,175.39999389648438,176.2449951171875,19802432.0
1758731400,176.2550048828125,177.22129821777344,175.74000549316406,177.12010192871094,10872730.0
1758735000,177.1300048828125,177.33999633789062,176.4801025390625,176.72000122070312,8798972.0
1758738600,176.73500061035156,177.33999633789062,176.54510498046875,177.05999755859375,7526968.0
1758742200,177.0699005126953,177.22000122070312,176.7050018310547,176.8800048828125,6585490.0
1758807000,174.0,177.64999389648438,173.125,177.14500427246094,35556731.0
1758810600,177.15499877929688,178.57000732421875,176.92999267578125,178.0301055908203,18681926.0
1758814200,178.02999877929688,180.25999450683594,178.02999877929688,179.26510620117188,20684301.0
1758817800,179.27000427246094,179.75790405273438,177.40440368652344,177.9799041748047,14562904.0
1758821400,177.97500610351562,178.13999938964844,175.5482940673828,177.20989990234375,18040186.0
1758825000,177.20179748535156,177.75,176.77000427246094,177.0749969482422,12699385.0
1758828600,177.0800018310547,177.94000244140625,176.83999633789062,177.67999267578125,9238888.0
1758893400,177.0,178.63999938964844,174.92999267578125,175.58999633789062,28263350.0
1758897000,175.59010314941406,176.77769470214844,175.36500549316406,176.7449951171875,16379330.0
1758900600,176.75,176.89999389648438,175.77999877929688,176.52999877929688,11014839.0
1758904200,176.52650451660156,177.57000732421875,176.1699981689453,177.15499877929688,11609712.0
1758907800,177.1533966064453,177.9199981689453,176.9705047607422,177.7342987060547,8400243.0
1758911400,177.74000549316406,177.80999755859375,177.17999267578125,177.68499755859375,8373700.0
1758915000,177.6800994873047,178.27999877929688,177.49899291992188,178.19000244140625,50759133.0
1759152600,181.5,184.0,181.4600067138672,183.375,41112749.0
1759156200,183.375,183.8800048828125,182.1699981689453,182.3249969482422,21215289.0
1759159800,182.3249969482422,182.57000732421875,181.44000244140625,182.02999877929688,13497978.0
1759163400,182.03819274902344,182.30799865722656,181.27999877929688,181.9031982421875,9240745.0
1759167000,181.89999389648438,182.26739501953125,181.67999267578125,181.7100067138672,7552876.0
1759170600,181.6999969482422,181.84500122070312,180.6699981689453,180.89500427246094,10601888.0
1759174200,180.88999938964844,181.94000244140625,180.8699951171875,181.82000732421875,9869077.0
1759239000,182.0,184.94000244140625,181.47999572753906,184.73989868164062,41216097.0
1759242600,184.73500061035156,187.35000610351562,184.55990600585938,186.30990600585938,38277144.0
1759246200,186.2949981689453,187.1199951171875,185.60000610351562,186.73500061035156,17575412.0
1759249800,186.73500061035156,186.9499969482422,185.32000732421875,185.625,14131551.0
1759253400,185.6199951171875,186.4600067138672,185.22999572753906,186.2725067138672,11551216.0
1759257000,186.27000427246094,186.30999755859375,185.00999450683594,185.88999938964844,12705176.0
1759260600,185.88999938964844,186.77000427246094,185.3000030517578,186.55999755859375,14524343.0
1759325400,186.0,186.6699981689453,183.89999389648438,186.65499877929688,36094855.0
1759329000,186.65499877929688,187.86500549316406,186.314697265625,186.55999755859375,22794271.0
1759332600,186.55999755859375,187.52999877929688,186.4199981689453,186.60499572753906,10682992.0
1759336200,186.61500549316406,188.13999938964844,186.48500061035156,187.57000732421875,12818212.0
1759339800,187.5800018310547,187.9499969482422,187.3000030517578,187.48440551757812,44723479.0
1759343400,187.48500061035156,187.69000244140625,187.14999389648438,187.18350219726562,10013033.0
1759347000,187.17999267578125,187.4600067138672,186.36000061035156,187.1699981689453,15197176.0
1759411800,189.6199951171875,191.0500030517578,188.26499938964844,190.1049041748047,51136746.0
1759415400,190.10499572753906,190.4199981689453,188.89999389648438,189.85499572753906,20569176.0
1759419000,189.85499572753906,189.89169311523438,188.9499969482422,189.2100067138672,13336605.0
1759422600,189.18499755859375,189.47999572753906,188.77000427246094,189.11929321289062,10186660.0
1759426200,189.1199951171875,189.24000549316406,188.61000061035156,188.87510681152344,9326052.0
1759429800,188.8699951171875,189.30499267578125,188.71009826660156,189.18499755859375,10060451.0
1759433400,189.18499755859375,189.24000549316406,188.5,188.9199981689453,10344240.0
1759498200,189.18499755859375,190.36000061035156,188.3300018310547,188.94369506835938,31867298.0
1759501800,188.9499969482422,189.8000030517578,188.3699951171875,189.47390747070312,15378728.0
1759505400,189.47000122070312,189.54930114746094,188.4199981689453,188.7001953125,12735312.0
1759509000,188.6999969482422,188.6999969482422,186.9499969482422,187.17750549316406,16666788.0
1759512600,187.16000366210938,187.52000427246094,185.3800048828125,187.47500610351562,20766990.0
1759516200,187.47999572753906,187.7449951171875,187.02999877929688,187.3249969482422,11927924.0
1759519800,187.32000732421875,188.0,186.22999572753906,187.62100219726562,11488859.0
1759757400,185.55999755859375,187.2299041748047,183.3300018310547,185.5,59311744.0
1759761000,185.5399932861328,186.19000244140625,184.2100067138672,185.9698944091797,22980670.0
1759764600,185.97999572753906,187.22999572753906,185.97999572753906,186.92999267578125,16569881.0
1759768200,186.93370056152344,186.9600067138672,186.00999450683594,186.14990234375,9813634.0
1759771800,186.14999389648438,186.2100067138672,185.38999938964844,185.58999633789062,11195919.0
1759775400,185.59719848632812,186.0500030517578,185.49000549316406,185.80999755859375,9944365.0
1759779000,185.80999755859375,186.02810668945312,185.42999267578125,185.52999877929688,11119569.0
1759843800,186.25999450683594,189.05999755859375,186.1999969482422,188.01510620117188,36576448.0
1759847400,188.02000427246094,188.58999633789062,184.7801055908203,185.24000549316406,30950863.0
1759851000,185.24000549316406,186.1699981689453,184.40499877929688,185.47000122070312,22823701.0
1759854600,185.47000122070312,186.4149932861328,185.46499633789062,185.90980529785156,12411681.0
1759858200,185.86500549316406,186.0399932861328,185.14999389648438,185.89500427246094,8840682.0
1759861800,185.91000366210938,185.96499633789062,185.4250946044922,185.5863037109375,7925630.0
1759865400,185.58999633789062,185.67999267578125,184.50999450683594,184.9600067138672,9331222.0
1759930200,186.6300048828125,189.4199981689453,186.5399932861328,189.0449981689453,45810785.0
1759933800,189.0449981689453,189.2261962890625,187.75,188.27000427246094,16475937.0
1759937400,188.27000427246094,188.39500427246094,187.61380004882812,188.18499755859375,11866256.0
1759941000,188.17999267578125,188.48980712890625,187.76499938964844,188.14999389648438,9095911.0
1759944600,188.16000366210938,188.88999938964844,188.1199951171875,188.42239379882812,10444809.0
1759948200,188.42999267578125,188.75,187.98500061035156,188.58999633789062,9523320.0
1759951800,188.58999633789062,189.19000244140625,188.2949981689453,189.07000732421875,13031125.0
1760016600,191.97869873046875,195.1999969482422,191.2449951171875,194.05499267578125,70149676.0
1760020200,193.38999938964844,194.51499938964844,192.22000122070312,193.73500061035156,28384609.0
1760023800,193.6363067626953,194.53509521484375,193.61000061035156,193.85000610351562,16420256.0
1760027400,193.875,193.89999389648438,192.5001983642578,192.61000061035156,14651081.0
1760031000,192.73570251464844,193.0522003173828,192.4669952392578,192.875,12246900.0
1760034600,192.4503936767578,193.2115936279297,192.24000549316406,193.1199951171875,15734877.0
1760038200,192.75,192.90499877929688,192.2949981689453,192.2949981689453,10718886.0
1760103000,192.61000061035156,195.2550048828125,192.22000122070312,195.2550048828125,45351930.0
1760106600,195.12600708007812,195.6199951171875,188.375,188.5998992919922,54172668.0
1760110200,188.17349243164062,190.08999633789062,187.00999450683594,189.14999389648438,40762662.0
1760113800,189.13999938964844,189.66000366210938,186.64089965820312,188.16000366210938,22149826.0
1760117400,188.14999389648438,188.4600067138672,186.97999572753906,187.72000122070312,15772022.0
1760121000,187.72000122070312,187.9600067138672,186.11000061035156,186.39999389648438,17485987.0
1760124600,186.4199981689453,186.55999755859375,182.8000030517578,183.13999938964844,35832393.0
1760362200,187.96499633789062,190.10989379882812,187.38999938964844,188.49000549316406,53451703.0
1760365800,188.5,188.77499389648438,185.97000122070312,188.27499389648438,24205593.0
1760369400,188.27999877929688,188.64999389648438,187.69000244140625,188.43179321289062,13795160.0
1760373000,188.4208984375,189.42999267578125,188.2700958251953,188.5500030517578,11823453.0
1760376600,188.5500030517578,188.6558074951172,187.66000366210938,187.9250030517578,10396598.0
1760380200,187.9250030517578,188.17999267578125,187.25,187.80259704589844,10500602.0
1760383800,187.8000030517578,188.89999389648438,187.52000427246094,188.32000732421875,13567029.0
1760448600,184.77999877929688,184.8000030517578,179.6999969482422,182.38499450683594,61673542.0
1760452200,182.3800048828125,182.42999267578125,180.94500732421875,181.5500030517578,24869258.0
1760455800,181.55999755859375,183.53599548339844,181.35000610351562,183.43629455566406,21469144.0
1760459400,183.44000244140625,184.1999969482422,182.91000366210938,183.22500610351562,20202579.0
1760463000,183.22999572753906,183.30999755859375,181.52349853515625,182.17999267578125,17686398.0
1760466600,182.17999267578125,182.3699951171875,181.72000122070312,181.89990234375,13423471.0
1760470200,181.89599609375,181.9199981689453,179.8300018310547,180.07000732421875,26666011.0
1760535000,184.83999633789062,184.8699951171875,181.02000427246094,182.36990356445312,52916810.0
1760538600,182.3697967529297,183.2100067138672,181.5,181.71090698242188,28256632.0
1760542200,181.7100067138672,181.73899841308594,179.86090087890625,180.69020080566406,29801481.0
1760545800,180.69000244140625,180.74000549316406,177.2899932861328,178.17999267578125,27094307.0
1760549400,178.17999267578125,180.0207061767578,178.0850067138672,179.79490661621094,18813172.0
1760553000,179.7949981689453,180.67999267578125,179.6999969482422,180.16000366210938,13746081.0
1760556600,180.1699981689453,180.3699951171875,178.60459899902344,179.8699951171875,19911874.0
1760621400,182.19000244140625,183.02000427246094,181.24000549316406,182.41000366210938,41938632.0
1760625000,182.4199981689453,183.27999877929688,181.97000122070312,182.32139587402344,22390005.0
1760628600,182.32249450683594,182.7899932861328,180.82000732421875,180.96499633789062,20255390.0
1760632200,180.97000122070312,182.35000610351562,179.77000427246094,182.3300018310547,23943118.0
1760635800,182.3249969482422,182.52000427246094,179.8800048828125,180.33999633789062,19387187.0
1760639400,180.34010314941406,181.61000061035156,179.82000732421875,180.78500366210938,18685762.0
1760643000,180.8000030517578,182.00999450683594,180.49000549316406,181.81100463867188,13969567.0
1760707800,180.00999450683594,183.52999877929688,179.8000030517578,183.27999877929688,52215912.0
1760711400,183.27999877929688,183.35499572753906,180.57000732421875,180.8719940185547,27029244.0
1760715000,180.8800048828125,182.78509521484375,180.02000427246094,182.6300048828125,20595635.0
1760718600,182.6199951171875,182.97000122070312,182.00999450683594,182.36000061035156,13910035.0
1760722200,182.3699951171875,183.86500549316406,181.92999267578125,183.69000244140625,16815195.0
1760725800,183.6909942626953,184.10000610351562,183.2550048828125,183.7100067138672,15059096.0
1760729400,183.7100067138672,183.7899932861328,182.83999633789062,183.24000549316406,12278827.0
1760967000,183.07000732421875,185.05499267578125,181.72999572753906,184.94400024414062,39741770.0
1760970600,184.94000244140625,185.1999969482422,183.1300048828125,183.78500366210938,21790430.0
1760974200,183.77999877929688,183.8800048828125,183.02999877929688,183.80999755859375,12556026.0
1760977800,183.80999755859375,184.25990295410156,183.47999572753906,183.8159942626953,10187702.0
1760981400,183.80999755859375,183.96499633789062,183.47000122070312,183.63409423828125,7966091.0
1760985000,183.62530517578125,183.7949981689453,182.60000610351562,182.95530700683594,11984910.0
1760988600,182.9600067138672,183.1300048828125,182.4499969482422,182.57000732421875,11294009.0
1761053400,182.77999877929688,182.77999877929688,179.93499755859375,180.18499755859375,36389148.0
1761057000,180.1959991455078,182.18649291992188,179.8000030517578,181.91000366210938,20754684.0
1761060600,181.91000366210938,182.6510009765625,181.46009826660156,182.49000549316406,12199927.0
1761064200,182.49000549316406,182.49549865722656,181.0601043701172,181.47999572753906,11885756.0
1761067800,181.4801025390625,181.68499755859375,180.97000122070312,181.22999572753906,8908090.0
1761071400,181.22999572753906,181.47000122070312,180.92999267578125,181.3350067138672,9096058.0
1761075000,181.3350067138672,181.61990356445312,181.0800018310547,181.13999938964844,7546853.0
1761139800,181.1300048828125,183.44000244140625,180.2899932861328,180.3968963623047,34186154.0
1761143400,180.4199981689453,180.88999938964844,178.7899932861328,178.87010192871094,29126012.0
1761147000,178.89999389648438,179.9600067138672,177.89999389648438,179.22000122070312,19190846.0
1761150600,179.22000122070312,179.4387969970703,177.22999572753906,177.69000244140625,19775065.0
1761154200,177.67999267578125,178.04600524902344,176.77000427246094,177.7050018310547,17739839.0
1761157800,177.69000244140625,179.6300048828125,177.58999633789062,179.47669982910156,15270067.0
1761161400,179.47999572753906,180.38999938964844,179.4600067138672,180.2899932861328,11283433.0
1761226200,180.375,181.75999450683594,179.79010009765625,181.58009338378906,31763740.0
1761229800,181.5800018310547,182.39999389648438,181.22500610351562,181.9949951171875,16283069.0
1761233400,182.0,182.5,181.35409545898438,181.82000732421875,10578688.0
1761237000,181.82000732421875,182.2899932861328,181.57000732421875,181.78500366210938,9233407.0
1761240600,181.77999877929688,182.9409942626953,181.7440948486328,182.7100067138672,10330473.0
1761244200,182.7100067138672,183.02999877929688,182.64999389648438,182.78500366210938,9634220.0
1761247800,182.78500366210938,182.7899932861328,181.8800048828125,182.1999969482422,8583605.0
1761312600,183.8350067138672,186.02999877929688,183.5,184.61500549316406,37413753.0
1761316200,184.60000610351562,185.52999877929688,184.3300018310547,185.19000244140625,16357048.0
1761319800,185.19000244140625,185.60000610351562,185.0800018310547,185.08999633789062,11016169.0
1761323400,185.08999633789062,185.39999389648438,184.89999389648438,185.0,7696934.0
1761327000,185.00999450683594,185.64999389648438,184.99009704589844,185.27499389648438,9319098.0
1761330600,185.27000427246094,187.47000122070312,185.01499938964844,186.91000366210938,21613138.0
1761334200,186.91000366210938,187.0,186.06500244140625,186.25999450683594,14808808.0
1761571800,189.97999572753906,191.27000427246094,188.43179321289062,189.8800048828125,47161860.0
1761575400,189.8800048828125,191.47000122070312,189.6999969482422,190.92449951171875,20726049.0
1761579000,190.92410278320312,191.25,190.72149658203125,190.9250030517578,12818888.0
1761582600,190.92999267578125,191.77499389648438,190.77999877929688,191.3341064453125,12280428.0
1761586200,191.3350067138672,191.4499969482422,190.5399932861328,190.55999755859375,11050962.0
1761589800,190.55499267578125,190.9250030517578,190.27000427246094,190.7252960205078,13555691.0
1761593400,190.72999572753906,191.75,190.7100067138672,191.42999267578125,15074766.0
1761658200,193.0500030517578,195.468994140625,192.5601043701172,192.8249969482422,45569836.0
1761661800,192.8249969482422,193.34500122070312,192.1999969482422,192.80499267578125,15309085.0
1761665400,192.8000030517578,194.2100067138672,191.91000366210938,193.70010375976562,21440152.0
1761669000,193.7050018310547,196.57000732421875,193.26820373535156,194.58929443359375,44808829.0
1761672600,194.58999633789062,199.5399932861328,194.5,199.31199645996094,51096684.0
1761676200,199.31500244140625,202.20590209960938,199.05999755859375,202.01499938964844,58853278.0
1761679800,202.01499938964844,203.14999389648438,200.64999389648438,201.02999877929688,35924486.0
1761744600,207.97999572753906,212.1898956298828,207.08999633789062,210.61000061035156,113829055.0
1761748200,210.6199951171875,211.60000610351562,207.86500549316406,208.7949981689453,39423803.0
1761751800,208.7899932861328,209.07000732421875,205.02999877929688,206.58999633789062,34968460.0
1761755400,206.57899475097656,207.7899932861328,205.4499969482422,206.78900146484375,22268708.0
1761759000,206.77999877929688,208.02499389648438,206.22999572753906,206.94000244140625,20595473.0
1761762600,206.94000244140625,207.39999389648438,204.77999877929688,207.0399932861328,34988953.0
1761766200,207.02499389648438,208.0500030517578,206.52000427246094,207.0500030517578,19062261.0
1761831000,205.2050018310547,206.13999938964844,201.41000366210938,202.20590209960938,40981766.0
1761834600,202.1999969482422,203.85000610351562,202.0500030517578,203.0749969482422,16584564.0
1761838200,203.0800018310547,203.83999633789062,202.05999755859375,203.42990112304688,12480897.0
1761841800,203.42999267578125,203.82989501953125,202.44070434570312,203.05499267578125,9224051.0
1761845400,203.05999755859375,204.4799041748047,202.77999877929688,203.5904998779297,10066606.0
1761849000,203.5850067138672,204.27000427246094,201.8800048828125,202.54989624023438,11030647.0
1761852600,202.55999755859375,203.13999938964844,201.97999572753906,202.8000030517578,9738038.0
1761917400,206.4499969482422,207.97000122070312,204.6199951171875,205.47999572753906,26815362.0
1761921000,205.49000549316406,206.6199951171875,204.9600067138672,205.2801055908203,12951916.0
1761924600,205.2899932861328,205.6699981689453,203.22999572753906,203.98500061035156,14396998.0
1761928200,203.97999572753906,204.3800048828125,202.07000732421875,202.8365020751953,12054501.0
1761931800,202.80999755859375,204.36990356445312,202.42999267578125,204.27000427246094,9275762.0
1761935400,204.27999877929688,204.77000427246094,203.33999633789062,204.41000366210938,9598288.0
1761939000,204.41000366210938,204.6699981689453,202.38999938964844,202.41000366210938,12019512.0
1762180200,208.05499267578125,209.4499969482422,206.8000030517578,207.7949981689453,31975951.0
1762183800,207.7949981689453,208.5399932861328,207.02999877929688,207.9149932861328,13106502.0
1762187400,207.91000366210938,209.88999938964844,207.6999969482422,209.4199981689453,13815297.0
1762191000,209.4199981689453,211.3350067138672,209.38999938964844,210.95989990234375,17314585.0
1762194600,210.9550018310547,211.0500030517578,207.5,207.7050018310547,17239185.0
1762198200,207.69000244140625,208.42999267578125,206.8300018310547,207.0749969482422,15544676.0
1762201800,207.0800018310547,207.38999938964844,206.3300018310547,207.0,54948566.0
1762266600,202.94500732421875,203.9698944091797,200.89999389648438,201.6595001220703,31537039.0
1762270200,201.64500427246094,202.39999389648438,200.92410278320312,201.85000610351562,17357235.0
1762273800,201.85000610351562,202.3000030517578,199.8000030517578,200.97500610351562,15379806.0
1762277400,200.97760009765625,201.24000549316406,199.8000030517578,199.82510375976562,10260122.0
1762281000,199.82000732421875,200.85000610351562,199.20010375976562,200.19000244140625,12554670.0
1762284600,200.17999267578125,200.22999572753906,198.5800018310547,199.88499450683594,13670302.0
1762288200,199.88999938964844,200.25999450683594,197.92999267578125,198.5399932861328,13531541.0
1762353000,198.72000122070312,201.02000427246094,196.97999572753906,200.6300048828125,29256410.0
1762356600,200.63009643554688,202.9199981689453,200.33999633789062,202.33999633789062,15957621.0
1762360200,202.34010314941406,202.39999389648438,201.13999938964844,201.27000427246094,9158713.0
1762363800,201.27499389648438,201.8000030517578,200.67999267578125,200.9499969482422,7174505.0
1762367400,200.9499969482422,202.27499389648438,200.82000732421875,201.03500366210938,8374576.0
1762371000,201.0399932861328,201.52999877929688,199.14999389648438,199.5301055908203,9942383.0
1762374600,199.52999877929688,199.53500366210938,194.97000122070312,195.1699981689453,20754338.0
1762439400,196.35499572753906,197.6199951171875,192.00999450683594,193.06500244140625,34294010.0
1762443000,193.0782012939453,193.30999755859375,189.4499969482422,190.6999969482422,25489219.0
1762446600,190.68499755859375,190.75,186.3800048828125,186.82000732421875,23698146.0
1762450200,186.80999755859375,189.68499755859375,186.57000732421875,189.20640563964844,17626398.0
1762453800,189.19000244140625,190.58999633789062,188.335205078125,190.5,14197269.0
1762457400,190.49000549316406,190.69000244140625,189.28500366210938,189.82000732421875,12207324.0
1762461000,189.81500244140625,189.97999572753906,187.10000610351562,188.1699981689453,15254119.0
1762525800,184.86000061035156,185.6999969482422,181.75999450683594,182.42799377441406,43489348.0
1762529400,182.4346923828125,182.82000732421875,178.9199981689453,180.11219787597656,31031004.0
1762533000,180.10000610351562,182.61500549316406,179.6999969482422,182.05999755859375,18278444.0
1762536600,182.0399932861328,184.5,181.52999877929688,184.44000244140625,16835961.0
1762540200,184.44000244140625,185.47999572753906,183.67019653320312,184.98500061035156,18717862.0
1762543800,184.99000549316406,187.47000122070312,184.9499969482422,186.13499450683594,21454529.0
1762547400,186.13499450683594,188.30999755859375,186.13499450683594,188.2299041748047,13945671.0
1762785000,195.11000061035156,197.0500030517578,193.9199981689453,196.6199951171875,38233320.0
1762788600,196.6199951171875,197.6699981689453,194.02999877929688,194.12179565429688,23017353.0
1762792200,194.1199951171875,196.1199951171875,193.7899932861328,195.8656005859375,13943848.0
1762795800,195.88499450683594,197.2689971923828,195.860107421875,196.71180725097656,10659812.0
1762799400,196.72500610351562,198.0800018310547,196.5850067138672,197.9199981689453,13268511.0
1762803000,197.9138946533203,198.9199981689453,197.68499755859375,198.74000549316406,14263479.0
1762806600,198.73500061035156,199.94000244140625,198.6300048828125,199.0399932861328,16182022.0
1762871400,195.15499877929688,195.4199981689453,192.08999633789062,192.52999877929688,37526712.0
1762875000,192.5399932861328,193.28990173339844,191.55999755859375,192.375,18843337.0
1762878600,192.3800048828125,193.22000122070312,191.3000030517578,192.4199981689453,15368429.0
1762882200,192.4149932861328,193.97000122070312,192.27499389648438,193.64999389648438,12973699.0
1762885800,193.66000366210938,194.6300048828125,193.13499450683594,193.97509765625,12912352.0
1762889400,193.97979736328125,194.33990478515625,193.55999755859375,194.10499572753906,9579599.0
1762893000,194.10499572753906,194.3000030517578,192.8300018310547,193.22999572753906,10665446.0
1762957800,195.69500732421875,195.88999938964844,191.59010314941406,192.69000244140625,32595058.0
1762961400,192.69000244140625,193.1470947265625,191.4600067138672,193.10000610351562,16898205.0
1762965000,193.0850067138672,193.55999755859375,191.6699981689453,192.0500030517578,13500602.0
1762968600,192.0399932861328,193.11500549316406,191.75999450683594,192.6300048828125,10499784.0
1762972200,192.6082000732422,193.26589965820312,192.02000427246094,192.12989807128906,9617343.0
1762975800,192.1300048828125,192.47999572753906,191.1300048828125,192.41000366210938,10740232.0
1762979400,192.39999389648438,193.89999389648438,192.32069396972656,193.85000610351562,10004331.0
1763044200,191.0399932861328,191.44000244140625,186.9499969482422,188.09609985351562,34364805.0
1763047800,188.10000610351562,188.13999938964844,185.3800048828125,186.2899932861328,23729370.0
1763051400,186.2949981689453,187.1699981689453,185.35000610351562,186.92990112304688,15881795.0
1763055000,186.9199981689453,187.22999572753906,184.56500244140625,184.86500549316406,14047159.0
1763058600,184.86000061035156,186.0449981689453,183.85000610351562,186.00999450683594,57161519.0
1763062200,186.0,186.4866943359375,185.02000427246094,185.9499969482422,0.0
1763065800,185.9600067138672,187.1999969482422,185.72000122070312,186.9600067138672,13785265.0
1763130600,182.86000061035156,187.82000732421875,180.5800018310547,186.9644012451172,45071493.0
1763134200,186.95509338378906,190.57000732421875,186.85000610351562,189.97979736328125,20026763.0
1763137800,189.97999572753906,190.68179321289062,189.33999633789062,190.03500366210938,12795289.0
1763141400,190.0399932861328,190.27999877929688,188.6300048828125,189.1999969482422,11150771.0
1763145000,189.19000244140625,190.02000427246094,188.39999389648438,189.9600067138672,10931312.0
1763148600,189.97999572753906,191.00999450683594,189.75,190.10000610351562,11899532.0
1763152200,190.10000610351562,190.4600067138672,189.36000061035156,190.27999877929688,10113478.0
1763389800,185.89999389648438,189.0,184.92999267578125,187.5500030517578,32446940.0
1763393400,187.5500030517578,187.88999938964844,185.74000549316406,187.1999969482422,15318699.0
1763397000,187.20010375976562,188.3000030517578,186.5,187.5800018310547,13228969.0
1763400600,187.58999633789062,187.9199981689453,186.27000427246094,186.72999572753906,10873398.0
1763404200,186.72000122070312,187.5500030517578,184.8800048828125,185.3300018310547,12268419.0
1763407800,185.3300018310547,185.60000610351562,184.32000732421875,184.93499755859375,14051559.0
1763411400,184.94000244140625,186.7899932861328,184.66000366210938,186.58999633789062,11922179.0
1763476200,183.3300018310547,184.27000427246094,179.64999389648438,181.85000610351562,48839802.0
1763479800,181.86000061035156,183.0800018310547,180.17010498046875,182.88999938964844,23708753.0
1763483400,182.89999389648438,183.7100067138672,181.4344940185547,181.5800018310547,17762717.0
1763487000,181.57000732421875,184.61000061035156,181.39999389648438,183.6199951171875,14657409.0
1763490600,183.63999938964844,184.5,183.1300048828125,183.4499969482422,12177112.0
1763494200,183.4698944091797,184.64999389648438,182.39999389648438,182.91000366210938,13305432.0
1763497800,182.88999938964844,183.10000610351562,181.19000244140625,181.3000030517578,13699922.0
1763562600,184.8000030517578,187.80999755859375,183.27999877929688,187.6300048828125,38469108.0
1763566200,187.63589477539062,187.85409545898438,184.8699951171875,185.38999938964844,21336004.0
1763569800,185.3800048828125,185.49000549316406,183.89039611816406,184.38999938964844,15792899.0
1763573400,184.38490295410156,185.60000610351562,182.83009338378906,184.25999450683594,16969053.0
1763577000,184.25,185.8800048828125,184.1199951171875,184.6300048828125,13831848.0
1763580600,184.6300048828125,187.05999755859375,184.36000061035156,186.7050018310547,17271695.0
1763584200,186.71499633789062,187.3459014892578,185.75,186.69180297851562,16630438.0
1763649000,195.9499969482422,196.0,192.2899932861328,193.9199981689453,62106291.0
1763652600,193.91000366210938,194.64999389648438,188.49000549316406,189.75999450683594,34578314.0
1763656200,189.7301025390625,189.9499053955078,182.35000610351562,183.68519592285156,45694421.0
1763659800,183.685302734375,185.8800048828125,181.77999877929688,184.50999450683594,28824890.0
1763663400,184.5,184.8699951171875,180.9499969482422,182.72000122070312,22398571.0
1763667000,182.7100067138672,183.75,181.3699951171875,182.3800048828125,19768242.0
1763670600,182.38499450683594,182.99000549316406,179.85000610351562,180.94000244140625,18988723.0
1763735400,181.23500061035156,182.3000030517578,175.47999572753906,175.7899932861328,67502729.0
1763739000,175.80999755859375,178.94000244140625,172.94000244140625,178.86000061035156,46262440.0
1763742600,178.85470581054688,181.41000366210938,178.8000030517578,181.07000732421875,29829294.0
1763746200,181.0800018310547,181.9550018310547,178.61000061035156,179.33470153808594,19462417.0
1763749800,179.32000732421875,184.55999755859375,179.1300048828125,184.19000244140625,30711523.0
1763753400,184.19349670410156,184.4550018310547,180.35000610351562,180.38999938964844,22276052.0
1763757000,180.3699951171875,180.91000366210938,178.5,178.94000244140625,17142253.0
1763994600,179.5,180.8699951171875,176.47999572753906,178.0,43370401.0
1763998200,178.00860595703125,182.32000732421875,177.67999267578125,182.08999633789062,24840299.0
1764001800,182.05999755859375,183.1300048828125,181.61000061035156,182.47000122070312,17332798.0
1764005400,182.46499633789062,183.3699951171875,181.8350067138672,182.10000610351562,12407053.0
1764009000,182.09500122070312,182.55999755859375,181.27999877929688,181.8699951171875,12475956.0
1764012600,181.87620544433594,182.47999572753906,181.08399963378906,181.6699981689453,13511330.0
1764016200,181.6699981689453,183.47999572753906,181.2100067138672,182.5500030517578,65119838.0
1764081000,174.91000366210938,175.0,169.5500030517578,171.0749969482422,79887076.0
1764084600,171.07000732421875,174.8800048828125,171.0281982421875,174.7238006591797,33770896.0
1764088200,174.72000122070312,175.99000549316406,174.13009643554688,175.53500366210938,22733351.0
1764091800,175.52999877929688,176.47999572753906,175.07020568847656,176.2050018310547,16279741.0
1764095400,176.2050018310547,176.83999633789062,174.33999633789062,174.77499389648438,17449279.0
1764099000,174.77999877929688,176.97000122070312,173.6199951171875,176.84170532226562,23100143.0
1764102600,176.84500122070312,178.16000366210938,176.7100067138672,177.8000030517578,15031963.0
1764167400,181.6300048828125,182.91000366210938,178.24000549316406,179.5850067138672,45946959.0
1764171000,179.5850067138672,181.11000061035156,179.5850067138672,180.91000366210938,16924615.0
1764174600,180.9199981689453,181.72999572753906,180.125,180.77999877929688,14050216.0
1764178200,180.78030395507812,181.5,180.38999938964844,180.80999755859375,11563205.0
1764181800,180.80999755859375,180.84500122070312,179.793701171875,180.5500030517578,10619635.0
1764185400,180.5500030517578,180.75999450683594,179.92999267578125,180.50999450683594,10611517.0
1764189000,180.5050048828125,180.75,179.875,180.19000244140625,9278599.0
1764340200,178.7895965576172,179.2899932861328,176.97000122070312,177.2899932861328,30011592.0
1764343800,177.24000549316406,178.0800018310547,176.75,177.08140563964844,17490994.0
1764347400,177.0850067138672,177.33999633789062,176.53140258789062,177.1342010498047,14456367.0
1764599400,174.6999969482422,179.13999938964844,173.67999267578125,178.86000061035156,41192309.0
1764603000,178.85000610351562,180.00999450683594,178.22000122070312,178.9600067138672,19055485.0
1764606600,178.94000244140625,180.0800018310547,178.8300018310547,179.8350067138672,13512472.0
1764610200,179.8350067138672,180.3000030517578,179.1699981689453,179.40499877929688,11026020.0
1764613800,179.41000366210938,179.9853973388672,178.86000061035156,179.08999633789062,9463328.0
1764617400,179.08999633789062,179.47999572753906,178.62489318847656,179.37989807128906,10803646.0
1764621000,179.3800048828125,180.0,179.22000122070312,179.99000549316406,9755933.0
1764685800,182.25,185.66000366210938,182.07009887695312,183.2550048828125,40993279.0
1764689400,183.22500610351562,184.63999938964844,180.1699981689453,180.55999755859375,26987007.0
1764693000,180.52999877929688,182.25999450683594,180.0,182.16000366210938,16599118.0
1764696600,182.16000366210938,182.3800048828125,181.08009338378906,181.71499633789062,11681277.0
1764700200,181.7100067138672,181.84500122070312,180.75,181.0,8886433.0
1764703800,180.97999572753906,181.77999877929688,180.93499755859375,181.42999267578125,8959159.0
1764707400,181.41749572753906,181.6999969482422,181.0,181.36000061035156,7888265.0
1764772200,181.06500244140625,181.2191925048828,179.110107421875,180.3300018310547,31808430.0
1764775800,180.32000732421875,182.4199981689453,179.9300994873047,180.5500030517578,18136013.0
1764779400,180.5449981689453,181.22000122070312,179.82000732421875,180.375,10736030.0
1764783000,180.3699951171875,180.97999572753906,180.0644989013672,180.64999389648438,7611606.0
1764786600,180.66000366210938,181.27999877929688,180.4420928955078,180.7449951171875,9127929.0
1764790200,180.7440948486328,180.9600067138672,179.91000366210938,180.02000427246094,10015000.0
1764793800,180.02000427246094,180.02999877929688,179.27999877929688,179.63999938964844,49322097.0
1764858600,180.86000061035156,183.11000061035156,180.06500244140625,181.08009338378906,32979831.0
1764862200,181.0850067138672,183.02000427246094,181.00999450683594,182.63510131835938,18829532.0
1764865800,182.63259887695312,184.51499938964844,182.4949951171875,183.5449981689453,17920525.0
1764869400,183.5399932861328,184.11000061035156,183.05999755859375,183.61500549316406,9241513.0
1764873000,183.60000610351562,183.7899932861328,182.0,182.31500244140625,9737123.0
1764876600,182.3101043701172,183.23590087890625,182.25,182.32350158691406,9446805.0
1764880200,182.3249969482422,183.47999572753906,182.27999877929688,183.39999389648438,7290764.0
1764945000,183.86000061035156,184.66000366210938,180.91000366210938,182.7698974609375,31800007.0
1764948600,182.75,183.34500122070312,181.50999450683594,182.05999755859375,15107397.0
1764952200,182.07000732421875,182.50999450683594,181.5800018310547,181.77980041503906,9661576.0
1764955800,181.77999877929688,182.3699951171875,181.50999450683594,182.24000549316406,7846279.0
1764959400,182.22999572753906,182.49000549316406,181.14999389648438,181.45509338378906,9682336.0
1764963000,181.47000122070312,182.0800018310547,181.32000732421875,181.8574981689453,7419949.0
1764966600,181.83999633789062,182.63999938964844,181.3000030517578,182.35000610351562,9289965.0
1765204200,182.6300048828125,185.6999969482422,182.39999389648438,183.05059814453125,31629584.0
1765207800,183.0500030517578,184.53990173339844,182.86000061035156,183.48500061035156,15218096.0
1765211400,183.47000122070312,183.6898956298828,182.91000366210938,183.40499877929688,8622856.0
1765215000,183.40390014648438,187.99000549316406,182.89999389648438,185.89410400390625,28598668.0
1765218600,185.8800048828125,186.0800018310547,183.72999572753906,184.7064971923828,16919547.0
1765222200,184.70010375976562,185.0800018310547,184.31019592285156,184.88499450683594,11168209.0
1765225800,184.89999389648438,185.60000610351562,184.22999572753906,185.5800018310547,10293098.0
1765290600,185.5500030517578,185.59249877929688,183.32000732421875,184.6300048828125,34498889.0
1765294200,184.6300048828125,185.71670532226562,184.14999389648438,185.07000732421875,16816492.0
1765297800,185.07000732421875,185.14999389648438,184.27999877929688,184.88800048828125,9798280.0
1765301400,184.88999938964844,185.17999267578125,184.75,184.8582000732422,6431260.0
1765305000,184.85000610351562,184.97999572753906,184.47999572753906,184.5449981689453,6781968.0
1765308600,184.5449981689453,184.75,184.02000427246094,184.3300018310547,7998590.0
1765312200,184.3300018310547,185.5500030517578,184.19479370117188,184.97000122070312,42282644.0
1765377000,184.99000549316406,185.47999572753906,183.66000366210938,183.85960388183594,23220830.0
1765380600,183.85000610351562,184.02000427246094,182.03500366210938,182.8455047607422,16910743.0
1765384200,182.83999633789062,182.94000244140625,182.14010620117188,182.57000732421875,9730722.0
1765387800,182.56500244140625,183.42999267578125,182.36000061035156,182.61000061035156,8737291.0
1765391400,182.61000061035156,183.86000061035156,182.4499969482422,183.09579467773438,12230964.0
1765395000,183.1300048828125,184.6999969482422,182.4949951171875,183.7899932861328,17627934.0
1765398600,183.7899932861328,184.0500030517578,183.46499633789062,183.77999877929688,9467558.0
1765463400,180.27499389648438,180.4199981689453,176.6199951171875,178.0850067138672,37363624.0
1765467000,178.10000610351562,178.27000427246094,176.83200073242188,177.05990600585938,17316464.0
1765470600,177.0500030517578,178.77000427246094,176.9250030517578,178.4862060546875,12621994.0
1765474200,178.49000549316406,179.77099609375,178.49000549316406,179.30499267578125,10408848.0
1765477800,179.3000030517578,180.99000549316406,179.02000427246094,180.906494140625,12558029.0
1765481400,180.91000366210938,181.32000732421875,179.97000122070312,180.36990356445312,12050067.0
1765485000,180.36000061035156,181.08999633789062,180.1342010498047,180.9355010986328,7710478.0
1765549800,181.25999450683594,182.82000732421875,179.32000732421875,179.5399932861328,29530704.0
1765553400,179.52999877929688,180.14999389648438,175.83999633789062,176.63499450683594,26510600.0
1765557000,176.60000610351562,177.38999938964844,175.2100067138672,176.52000427246094,17972854.0
1765560600,176.52999877929688,178.17999267578125,176.2100067138672,177.4499969482422,17539226.0
1765564200,177.45150756835938,177.78579711914062,176.03500366210938,176.2136993408203,9884365.0
1765567800,176.2100067138672,176.66000366210938,175.67999267578125,175.90499877929688,10780310.0
1765571400,175.89999389648438,176.01499938964844,174.6199951171875,174.99000549316406,13955635.0
1765809000,177.0,178.33990478515625,175.031005859375,175.45159912109375,33169711.0
1765812600,175.44000244140625,178.4149932861328,175.33999633789062,178.2519989013672,15840736.0
1765816200,178.25999450683594,178.32000732421875,177.17999267578125,177.59500122070312,10379090.0
1765819800,177.5998992919922,177.97000122070312,176.80999755859375,177.125,9608800.0
1765823400,177.11000061035156,177.66000366210938,176.67999267578125,177.13999938964844,8950468.0
1765827000,177.14999389648438,177.2449951171875,176.1199951171875,176.3300018310547,11198952.0
1765830600,176.3300018310547,176.8300018310547,175.91000366210938,176.22999572753906,11393170.0
1765895400,176.25999450683594,177.49000549316406,174.89999389648438,176.1501007080078,26259399.0
1765899000,176.14999389648438,177.30499267578125,175.57000732421875,176.02000427246094,14639694.0
1765902600,176.02000427246094,177.0915985107422,175.69009399414062,176.48500061035156,11094691.0
1765906200,176.47999572753906,176.97500610351562,176.10000610351562,176.22000122070312,8514374.0
1765909800,176.22000122070312,177.67999267578125,176.02000427246094,176.74000549316406,11202122.0
1765913400,176.7449951171875,177.19000244140625,176.5050048828125,177.17880249023438,8161125.0
1765917000,177.1750030517578,178.19500732421875,177.1699981689453,177.50999450683594,9954348.0
1765981800,176.10000610351562,176.1300048828125,173.38499450683594,174.3800048828125,35267097.0
1765985400,174.3699951171875,174.4499969482422,170.6300048828125,171.13499450683594,28410068.0
1765989000,171.1300048828125,171.72999572753906,170.30999755859375,171.4499053955078,18913757.0
1765992600,171.4499969482422,172.82000732421875,171.30999755859375,172.25,15329123.0
1765996200,172.24000549316406,172.3300018310547,170.85009765625,170.9499053955078,12530990.0
1765999800,170.92999267578125,171.69000244140625,170.66009521484375,171.19000244140625,13027015.0
1766003400,171.19000244140625,171.82000732421875,170.75,170.9199981689453,13015782.0
1766068200,174.52999877929688,175.25,171.82000732421875,175.0399932861328,34559711.0
1766071800,175.0399932861328,176.14999389648438,174.75999450683594,174.88009643554688,18553063.0
1766075400,174.8699951171875,176.0399932861328,173.72999572753906,174.0399932861328,14253404.0
1766079000,174.02999877929688,175.3800048828125,173.91000366210938,174.91439819335938,9934049.0
1766082600,174.91000366210938,175.22999572753906,174.24000549316406,174.5500030517578,8742821.0
1766086200,174.55999755859375,174.89999389648438,173.66000366210938,174.6750030517578,9852863.0
1766089800,174.67250061035156,174.9600067138672,173.92999267578125,174.00999450683594,9023413.0
1766154600,176.6649932861328,180.6999969482422,176.35000610351562,178.66000366210938,59589348.0
1766158200,178.63999938964844,179.57000732421875,178.35000610351562,179.3000030517578,18218903.0
1766161800,179.32000732421875,180.99000549316406,179.27000427246094,180.5200958251953,17015994.0
1766165400,180.5200958251953,181.07000732421875,179.76499938964844,179.96499633789062,12073476.0
1766169000,179.96400451660156,180.8000030517578,179.42999267578125,180.57420349121094,10984702.0
1766172600,180.57000732421875,180.97999572753906,180.22999572753906,180.44850158691406,11564864.0
1766176200,180.44000244140625,181.4499969482422,179.94009399414062,180.99000549316406,15328254.0
1766413800,183.3800048828125,183.94000244140625,182.49000549316406,183.39999389648438,27990203.0
1766417400,183.41000366210938,184.16000366210938,182.6699981689453,183.6300048828125,13547290.0
1766421000,183.6199951171875,183.6649932861328,183.00999450683594,183.10000610351562,8157060.0
1766424600,183.10499572753906,183.3000030517578,182.7899932861328,183.22560119628906,6320882.0
1766428200,183.22999572753906,183.48500061035156,182.99000549316406,183.3800048828125,6294933.0
1766431800,183.38999938964844,183.57679748535156,183.1999969482422,183.28500366210938,6554015.0
1766435400,183.28500366210938,183.8000030517578,183.23500061035156,183.61000061035156,6999578.0
1766500200,184.39480590820312,185.47999572753906,183.5,185.27499389648438,26864696.0
1766503800,185.27999877929688,188.0500030517578,185.10000610351562,187.91009521484375,22108447.0
1766507400,187.9149932861328,188.6300048828125,187.1199951171875,188.2144012451172,16947493.0
1766511000,188.22000122070312,188.47999572753906,187.77999877929688,187.9949951171875,10350335.0
1766514600,187.9949951171875,188.8000030517578,187.89999389648438,188.61810302734375,9891144.0
1766518200,188.61000061035156,188.86000061035156,188.3800048828125,188.78640747070312,9766022.0
1766521800,188.77999877929688,189.3300018310547,188.7100067138672,189.2100067138672,11919210.0
1766586600,188.0,188.72000122070312,186.58999633789062,187.22999572753906,21232093.0
1766590200,187.22650146484375,188.02999877929688,186.95089721679688,187.94500732421875,10515515.0
1766593800,187.94500732421875,188.47999572753906,187.9199981689453,188.22500610351562,9095497.0
1766759400,190.0,192.2899932861328,189.61000061035156,191.5800018310547,32978539.0
1766763000,191.57000732421875,192.19000244140625,190.8300018310547,191.02499389648438,13650116.0
1766766600,191.03700256347656,191.35000610351562,190.4600067138672,190.77969360351562,8711783.0
1766770200,190.77000427246094,191.55999755859375,190.6300048828125,191.53289794921875,10091526.0
1766773800,191.53500366210938,192.69000244140625,191.49000549316406,192.24000549316406,12249349.0
1766777400,192.24440002441406,192.30999755859375,191.38380432128906,191.42999267578125,8713789.0
1766781000,191.4199981689453,191.67300415039062,190.4199981689453,190.5399932861328,41818252.0
1767018600,187.0,188.7550048828125,185.91000366210938,187.2550048828125,29356608.0
1767022200,187.25999450683594,187.73500061035156,186.47999572753906,187.24459838867188,13079563.0
1767025800,187.24000549316406,187.5800018310547,186.7899932861328,186.8800048828125,7754465.0
1767029400,186.87989807128906,187.639892578125,186.80999755859375,187.45989990234375,6845200.0
1767033000,187.4550018310547,187.83999633789062,187.0500030517578,187.375,6599620.0
1767036600,187.3800048828125,188.10499572753906,187.3699951171875,187.96449279785156,7541351.0
1767040200,187.97000122070312,188.39999389648438,187.74009704589844,188.22999572753906,36852071.0
1767105000,188.375,188.92999267578125,186.92999267578125,187.17030334472656,19456481.0
1767108600,187.1699981689453,188.50999450683594,187.10499572753906,188.25999450683594,11898733.0
1767112200,188.25,188.41000366210938,187.72999572753906,187.90989685058594,7392734.0
1767115800,187.90499877929688,188.25,187.6999969482422,188.21600341796875,6543003.0
1767119400,188.2100067138672,188.35499572753906,187.9001007080078,188.15420532226562,5905084.0
1767123000,188.14999389648438,188.1999969482422,187.41000366210938,187.5800018310547,7428329.0
1767126600,187.5800018310547,187.9250030517578,187.5,187.5500030517578,5948220.0
1767191400,189.75,190.55999755859375,188.08999633789062,189.01499938964844,24722821.0
1767195000,189.00999450683594,189.13999938964844,188.158203125,188.8459930419922,10366144.0
1767198600,188.84500122070312,189.27999877929688,188.67999267578125,188.91990661621094,8109664.0
1767202200,188.91600036621094,189.02000427246094,188.5,188.97000122070312,6642986.0
1767205800,188.96499633789062,189.05499267578125,188.00999450683594,188.0449981689453,7697467.0
1767209400,188.0500030517578,188.0998992919922,187.08999633789062,187.13499450683594,8876958.0
1767213000,187.13999938964844,187.47000122070312,186.49000549316406,186.49000549316406,8547159.0
1767364200,190.0,192.92990112304688,189.7301025390625,190.58900451660156,32940503.0
1767367800,190.57000732421875,191.73500061035156,188.2899932861328,189.59939575195312,18539784.0
1767371400,189.60000610351562,190.06500244140625,189.0800018310547,189.47999572753906,9782720.0
1767375000,189.5,189.94000244140625,189.16000366210938,189.3616943359375,8182942.0
1767378600,189.3699951171875,189.6999969482422,188.25999450683594,189.20570373535156,10067165.0
1767382200,189.2050018310547,189.6199951171875,188.5500030517578,188.9550018310547,9185520.0
1767385800,188.9499969482422,189.0399932861328,188.47999572753906,188.80990600585938,7525907.0
1767623400,191.71499633789062,193.6300048828125,189.38999938964844,190.0749969482422,32125631.0
1767627000,190.07000732421875,190.88999938964844,189.25999450683594,190.19000244140625,16588778.0
1767630600,190.18499755859375,190.49000549316406,187.07000732421875,187.6199951171875,18571029.0
1767634200,187.61000061035156,188.10000610351562,186.9949951171875,187.78500366210938,13995168.0
1767637800,187.77999877929688,188.24000549316406,186.3800048828125,186.64320373535156,13535787.0
1767641400,186.64999389648438,187.57000732421875,186.14999389648438,187.47000122070312,14354077.0
1767645000,187.47000122070312,188.16000366210938,187.27999877929688,188.11000061035156,11088428.0
1767709800,190.42999267578125,192.1739959716797,189.1300048828125,191.39999389648438,34692681.0
1767713400,191.3896026611328,191.52499389648438,187.8699951171875,188.58999633789062,21434069.0
1767717000,188.58999633789062,190.02999877929688,188.39500427246094,189.03990173339844,16404130.0
1767720600,189.0399932861328,189.6999969482422,188.27000427246094,188.2899932861328,10313216.0
1767724200,188.17999267578125,188.3000030517578,187.52000427246094,187.9600067138672,11187185.0
1767727800,188.0500030517578,188.27999877929688,186.87010192871094,186.94000244140625,11264316.0
1767731400,186.94000244140625,187.64999389648438,186.82000732421875,187.25,6829507.0
1767796200,188.57000732421875,191.36000061035156,186.55999755859375,191.01499938964844,32512869.0
1767799800,191.02000427246094,191.0709991455078,188.47000122070312,189.5800018310547,20307873.0
1767803400,189.57000732421875,190.60000610351562,189.46499633789062,190.0030059814453,10444458.0
1767807000,190.0050048828125,190.2100067138672,189.5800018310547,189.625,6648717.0
1767810600,189.625,190.0,189.1999969482422,189.2801055908203,8125097.0
1767814200,189.28500366210938,189.77999877929688,188.75,188.99000549316406,8539006.0
1767817800,188.97999572753906,189.25999450683594,188.77499389648438,189.25,6966964.0
1767882600,189.0,189.3800048828125,184.66009521484375,186.10000610351562,31476671.0
1767886200,186.0800018310547,186.9499969482422,184.6199951171875,184.8800048828125,20521041.0
1767889800,184.8699951171875,185.44500732421875,184.05999755859375,184.25579833984375,12549620.0
1767893400,184.2550048828125,184.8800048828125,183.8300018310547,184.75,11927382.0
1767897000,184.74000549316406,184.88999938964844,183.7100067138672,184.14999389648438,10808506.0
1767900600,184.15499877929688,185.27000427246094,184.13999938964844,185.18649291992188,11122410.0
1767904200,185.2100067138672,185.33999633789062,184.64999389648438,185.1300048828125,51790464.0
1767969000,185.05499267578125,185.82000732421875,183.67010498046875,184.96200561523438,24696951.0
1767972600,184.99000549316406,185.61000061035156,184.30999755859375,185.30999755859375,13379947.0
1767976200,185.30499267578125,185.6999969482422,184.69000244140625,184.9541015625,9302538.0
1767979800,184.9499969482422,185.22999572753906,184.63999938964844,185.18499755859375,8385501.0
1767983400,185.18499755859375,186.33999633789062,185.0800018310547,185.88009643554688,10340638.0
1767987000,185.88499450683594,186.0800018310547,185.50999450683594,185.55499267578125,8241985.0
1767990600,185.5500030517578,185.63999938964844,184.80999755859375,184.85000610351562,7572604.0
1768228200,183.19000244140625,186.1999969482422,183.1199951171875,184.6199951171875,22194605.0
1768231800,184.61549377441406,185.28500366210938,183.72999572753906,185.23989868164062,13447414.0
1768235400,185.23500061035156,186.89500427246094,184.63999938964844,186.28500366210938,12658198.0
1768239000,186.27999877929688,186.8800048828125,185.8000030517578,186.7801055908203,9970852.0
1768242600,186.77999877929688,187.1199951171875,186.51499938964844,186.99000549316406,9084157.0
1768246200,186.99240112304688,187.0,185.92010498046875,186.00999450683594,8960960.0
1768249800,186.0050048828125,186.03750610351562,184.5500030517578,184.89999389648438,7250258.0
1768314600,184.30999755859375,184.97999572753906,183.6313018798828,183.91749572753906,23396967.0
1768318200,183.91000366210938,185.8000030517578,183.41000366210938,185.22999572753906,17247104.0
1768321800,185.24000549316406,188.10989379882812,185.08999633789062,186.39999389648438,18595078.0
1768325400,186.39999389648438,186.5865020751953,184.58999633789062,185.0699005126953,12037560.0
1768329000,185.07000732421875,185.1699981689453,184.42999267578125,184.78990173339844,9161964.0
1768332600,184.77999877929688,184.8800048828125,184.21499633789062,184.72000122070312,10894475.0
1768336200,184.7227020263672,185.85000610351562,184.50010681152344,185.82000732421875,9301670.0
1768401000,184.3300018310547,184.4499969482422,180.91000366210938,181.6750030517578,31179261.0
1768404600,181.65460205078125,182.6300048828125,181.23500061035156,181.98500061035156,13745617.0
1768408200,181.99169921875,182.1300048828125,181.3625030517578,182.10000610351562,10577549.0
1768411800,182.08999633789062,182.32000732421875,181.5449981689453,182.22000122070312,9658660.0
1768415400,182.22000122070312,182.25,181.5500946044922,181.82000732421875,8195076.0
1768419000,181.83999633789062,182.61000061035156,180.8300018310547,182.14999389648438,12799407.0
1768422600,182.14999389648438,183.3300018310547,182.07000732421875,183.1699981689453,10193733.0
1768487400,186.49000549316406,189.17999267578125,186.38499450683594,187.60000610351562,41062050.0
1768491000,187.60000610351562,188.5500030517578,186.83009338378906,187.5200958251953,15913647.0
1768494600,187.50999450683594,189.2899932861328,187.3300018310547,188.61349487304688,17182601.0
1768498200,188.6199951171875,189.24000549316406,188.14999389648438,189.2301025390625,11251165.0
1768501800,189.22999572753906,189.6999969482422,188.23500061035156,188.39500427246094,13200932.0
1768505400,188.38999938964844,189.38499450683594,187.17999267578125,187.4250030517578,16006085.0
1768509000,187.4199981689453,187.52999877929688,186.3300018310547,187.13999938964844,11812011.0
1768573800,188.9875030517578,190.44000244140625,187.62010192871094,187.63839721679688,38626121.0
1768577400,187.63009643554688,188.1696014404297,187.08999633789062,187.99000549316406,14426542.0
1768581000,187.98500061035156,188.375,187.6300048828125,188.02999877929688,10840609.0
1768584600,188.02000427246094,188.25,187.42999267578125,187.93499755859375,10212531.0
1768588200,187.94000244140625,188.4136962890625,187.64500427246094,187.69000244140625,8760813.0
1768591800,187.6800994873047,188.02499389648438,187.61500549316406,187.74000549316406,9080726.0
1768595400,187.74000549316406,187.86000061035156,186.0800018310547,186.22999572753906,11380197.0
1768919400,181.89999389648438,182.375,179.58999633789062,180.8000030517578,43771661.0
1768923000,180.77000427246094,181.85000610351562,179.81500244140625,180.3199005126953,22206399.0
1768926600,180.31500244140625,180.47999572753906,179.55999755859375,180.0198974609375,17266194.0
1768930200,180.00999450683594,180.08999633789062,179.27000427246094,179.52000427246094,11847931.0
1768933800,179.5,179.97999572753906,178.89999389648438,179.43499755859375,12605910.0
1768937400,179.41000366210938,179.63999938964844,178.35499572753906,178.4949951171875,12805916.0
1768941000,178.4949951171875,178.92999267578125,177.6199951171875,178.2100067138672,15203988.0
1769005800,179.55999755859375,180.96009826660156,178.47000122070312,180.80999755859375,29335835.0
1769009400,180.80999755859375,183.74000549316406,180.6999969482422,182.73550415039062,20623671.0
1769013000,182.72000122070312,182.75,179.35000610351562,179.43499755859375,17371067.0
1769016600,179.43499755859375,180.50999450683594,179.19500732421875,180.2449951171875,11214251.0
1769020200,180.26010131835938,183.08999633789062,180.14010620117188,182.97999572753906,11543198.0
1769023800,183.39500427246094,185.37899780273438,182.86000061035156,183.7899932861328,23163131.0
1769027400,183.77999877929688,184.72000122070312,183.05999755859375,183.33999633789062,12397797.0
1769092200,184.7449951171875,186.16000366210938,183.92999267578125,184.8699951171875,28406345.0
1769095800,184.8699951171875,185.8350067138672,184.47999572753906,185.73550415039062,12426040.0
1769099400,185.73399353027344,186.1699981689453,184.66000366210938,184.97500610351562,12791044.0
1769103000,185.08999633789062,185.23500061035156,184.4149932861328,184.72549438476562,10628000.0
1769106600,184.7100067138672,184.8800048828125,184.2805938720703,184.65499877929688,7722229.0
1769110200,184.64999389648438,184.86000061035156,184.08999633789062,184.11000061035156,9579577.0
1769113800,184.10000610351562,184.8699951171875,183.92999267578125,184.85000610351562,7635148.0
1769178600,188.52000427246094,189.44000244140625,186.82330322265625,187.65499877929688,31955472.0
1769182200,187.64500427246094,188.08999633789062,187.1300048828125,187.75999450683594,11124786.0
1769185800,187.75,188.1999969482422,187.19500732421875,187.74009704589844,10929660.0
1769189400,187.75,188.09500122070312,187.14500427246094,187.89500427246094,9086987.0
1769193000,187.80999755859375,188.41000366210938,187.51499938964844,187.8300018310547,8542009.0
1769196600,187.80999755859375,188.02999877929688,187.11000061035156,187.22999572753906,9352645.0
1769200200,187.22000122070312,187.9149932861328,187.13999938964844,187.6699981689453,7833866.0
1769437800,187.07000732421875,189.1199951171875,186.85000610351562,187.3459930419922,26709879.0
1769441400,187.33450317382812,187.61000061035156,186.00999450683594,186.80499267578125,14032874.0
1769445000,186.7899932861328,187.24000549316406,186.44000244140625,186.66000366210938,8942861.0
1769448600,186.63999938964844,186.7100067138672,185.99000549316406,186.42999267578125,8131157.0
1769452200,186.41000366210938,187.0800018310547,186.41000366210938,186.5749969482422,7632265.0
1769455800,186.56869506835938,186.67999267578125,186.0,186.44500732421875,7964393.0
1769459400,186.4499969482422,186.8000030517578,186.24000549316406,186.38999938964844,6378125.0
1769524200,187.24000549316406,189.5050048828125,185.6999969482422,188.91510009765625,26462339.0
1769527800,188.9199981689453,190.0,188.88999938964844,189.70579528808594,15491427.0
1769531400,189.7100067138672,190.0,189.41000366210938,189.68499755859375,9426192.0
1769535000,189.69000244140625,190.0,188.89999389648438,189.48500061035156,11268576.0
1769538600,189.49000549316406,189.77999877929688,189.0449981689453,189.125,9872166.0
1769542200,189.1300048828125,189.72000122070312,188.9499969482422,189.4250030517578,10276591.0
1769545800,189.4199981689453,189.42999267578125,188.47279357910156,188.5399932861328,7688049.0
1769610600,191.2899932861328,192.35000610351562,190.1300048828125,191.40499877929688,29505783.0
1769614200,191.40499877929688,192.03990173339844,190.72300720214844,191.77999877929688,14818854.0
1769617800,191.77000427246094,191.77000427246094,189.83999633789062,191.09579467773438,14169875.0
1769621400,191.0850067138672,191.78799438476562,190.8249969482422,191.72000122070312,9289559.0
1769625000,191.73500061035156,192.2100067138672,191.3800048828125,191.52000427246094,10051502.0
1769628600,191.50999450683594,192.32000732421875,190.90370178222656,191.6230010986328,12697817.0
1769632200,191.6199951171875,191.7899932861328,190.8699951171875,191.52999877929688,8805361.0
1769697000,191.33999633789062,193.47999572753906,188.2899932861328,188.92999267578125,31030481.0
1769700600,188.92999267578125,189.0,186.05999755859375,187.8350067138672,21813216.0
1769704200,187.8300018310547,189.83999633789062,187.69000244140625,189.5449981689453,13577127.0
1769707800,189.5399932861328,190.69000244140625,189.1699981689453,190.05499267578125,12734523.0
1769711400,190.05999755859375,190.77999877929688,189.7050018310547,190.36000061035156,9429560.0
1769715000,190.36000061035156,191.4499969482422,190.02000427246094,190.94500732421875,10769502.0
1769718600,190.93499755859375,192.77000427246094,190.86000061035156,192.42999267578125,12608605.0
1769783400,191.21499633789062,193.42999267578125,190.90960693359375,191.65499877929688,26075854.0
1769787000,191.64500427246094,194.49000549316406,191.22500610351562,192.231201171875,19846637.0
1769790600,192.2191925048828,193.07000732421875,191.5800018310547,192.8300018310547,11799373.0
1769794200,192.8350067138672,193.02999877929688,190.49000549316406,191.27000427246094,11668363.0
1769797800,191.27999877929688,191.9199981689453,190.52000427246094,191.47000122070312,9782631.0
1769801400,191.47000122070312,191.69500732421875,189.47000122070312,189.84500122070312,10858809.0
1769805000,189.83999633789062,191.74000549316406,189.7899932861328,191.28500366210938,11972764.0
1770042600,187.1999969482422,189.1750030517578,186.4199981689453,188.58749389648438,28506208.0
1770046200,188.57000732421875,189.3800048828125,187.8699951171875,189.139892578125,12533608.0
1770049800,189.1300048828125,189.8249969482422,188.5050048828125,189.21009826660156,10100066.0
1770053400,189.21009826660156,190.3000030517578,189.11000061035156,189.73500061035156,9818832.0
1770057000,189.72999572753906,190.10000610351562,189.47000122070312,189.9199981689453,7851619.0
1770060600,189.9149932861328,189.9600067138672,186.08009338378906,186.1750030517578,16398097.0
1770064200,186.18499755859375,186.30999755859375,184.8800048828125,185.69000244140625,14576292.0
1770129000,186.23500061035156,186.24000549316406,179.55999755859375,180.29989624023438,36764666.0
1770132600,180.27999877929688,180.9600067138672,179.0800018310547,179.10000610351562,18459623.0
1770136200,179.09010314941406,180.49000549316406,179.09010314941406,180.00010681152344,13626585.0
1770139800,180.0,180.0749969482422,178.64999389648438,179.1584930419922,50779155.0
1770143400,179.14500427246094,179.52000427246094,178.0500030517578,178.69500732421875,0.0
1770147000,178.6750030517578,179.02000427246094,176.22999572753906,178.69700622558594,19572051.0
1770150600,178.69509887695312,180.48500061035156,178.67999267578125,180.3300018310547,12029640.0
1770215400,179.44000244140625,179.57000732421875,176.6199951171875,177.19520568847656,26799337.0
1770219000,177.1999969482422,177.55999755859375,174.4842071533203,175.25,20952975.0
1770222600,175.24000549316406,175.3000030517578,173.27000427246094,173.35000610351562,16589189.0
1770226200,173.33999633789062,174.32000732421875,171.91000366210938,174.12660217285156,18911010.0
1770229800,174.13999938964844,175.00999450683594,172.89999389648438,174.94009399414062,13287616.0
1770233400,174.92999267578125,176.13999938964844,174.25,175.27099609375,15314438.0
1770237000,175.27110290527344,175.88999938964844,174.19500732421875,174.1999969482422,11531460.0
1770301800,174.9250030517578,176.80999755859375,171.30999755859375,171.5850067138672,35556583.0
1770305400,171.5800018310547,174.25999450683594,171.44000244140625,174.2550048828125,18782253.0
1770309000,174.27000427246094,175.77479553222656,174.17999267578125,175.28500366210938,14405499.0
1770312600,175.29989624023438,175.6999969482422,174.02000427246094,174.3300018310547,9909346.0
1770316200,174.30999755859375,174.74000549316406,172.89999389648438,173.6699981689453,11166823.0
1770319800,173.65499877929688,174.22000122070312,172.1699981689453,172.26010131835938,11241371.0
1770323400,172.25,172.5,171.02999877929688,171.82000732421875,11583645.0
1770388200,176.69000244140625,182.88499450683594,174.60000610351562,182.64999389648438,43992598.0
1770391800,182.6425018310547,184.2899932861328,181.8000030517578,183.97999572753906,23254485.0
1770395400,183.97999572753906,184.64500427246094,182.91000366210938,184.5312042236328,16217369.0
1770399000,184.52000427246094,185.1699981689453,184.2100067138672,184.5102996826172,13680434.0
1770402600,184.5135040283203,185.02000427246094,184.13499450683594,184.44500732421875,9404085.0
1770406200,184.4499969482422,185.58999633789062,184.3000030517578,185.3350067138672,14219330.0
1770409800,185.3300018310547,187.0,185.1999969482422,185.41000366210938,15861985.0
1770647400,184.10000610351562,193.66000366210938,184.0,190.66000366210938,52895611.0
1770651000,190.6999969482422,192.14999389648438,190.6999969482422,191.8249969482422,16568890.0
1770654600,191.80999755859375,192.52000427246094,191.30499267578125,191.58999633789062,13787785.0
1770658200,191.58999633789062,192.05990600585938,190.77999877929688,190.9929962158203,9397729.0
1770661800,190.985107421875,191.5,190.63999938964844,191.00999450683594,9257464.0
1770665400,191.0050048828125,198.72500610351562,189.6300048828125,189.89999389648438,12988392.0
1770669000,189.88999938964844,190.5,189.53500366210938,189.7899932861328,10705934.0
1770733800,191.40499877929688,192.47999572753906,188.1199951171875,189.17320251464844,29239093.0
1770737400,189.16000366210938,190.3300018310547,188.84500122070312,189.12010192871094,13633209.0
1770741000,189.1199951171875,190.16000366210938,188.91000366210938,189.69000244140625,8843117.0
1770744600,189.67999267578125,190.44000244140625,189.19000244140625,189.2449951171875,8346711.0
1770748200,189.24000549316406,189.60000610351562,189.07000732421875,189.21499633789062,6039719.0
1770751800,189.22000122070312,189.55499267578125,188.4199981689453,189.10000610351562,9308355.0
1770755400,189.10000610351562,189.42999267578125,188.3800048828125,188.61000061035156,6982075.0
1770820200,192.4199981689453,193.25999450683594,188.77000427246094,188.9199981689453,32129202.0
1770823800,188.9250030517578,192.18499755859375,188.8699951171875,191.289794921875,18144329.0
1770827400,191.27999877929688,192.10499572753906,190.3699951171875,191.98500061035156,11344285.0
1770831000,191.97999572753906,192.27999877929688,191.10000610351562,191.43099975585938,8748863.0
1770834600,191.44000244140625,192.2100067138672,190.97000122070312,192.0449981689453,7656291.0
1770838200,192.0399932861328,192.15499877929688,190.9550018310547,191.05999755859375,7857075.0
1770841800,191.0500030517578,191.36000061035156,189.9600067138672,190.02999877929688,7713715.0
1770906600,193.02999877929688,193.60000610351562,190.52000427246094,191.69000244140625,27666471.0
1770910200,191.70069885253906,191.8199005126953,187.24000549316406,187.30499267578125,20283149.0
1770913800,187.32000732421875,189.97999572753906,187.22999572753906,189.5749969482422,14914347.0
1770917400,189.55999755859375,190.52999877929688,188.5399932861328,189.25,12965171.0
1770921000,189.25,190.0,188.9199981689453,189.0500030517578,9508266.0
1770924600,189.07000732421875,189.47999572753906,187.50999450683594,187.60000610351562,10523188.0
1770928200,187.58999633789062,187.97999572753906,186.50999450683594,186.91000366210938,11600879.0
1770993000,187.46499633789062,187.47000122070312,182.17999267578125,184.0800018310547,36099600.0
1770996600,184.05999755859375,185.17999267578125,182.30130004882812,183.59500122070312,16832869.0
1771000200,183.58999633789062,184.7100067138672,183.0850067138672,184.5500030517578,9913912.0
1771003800,184.55999755859375,184.97999572753906,183.4600067138672,184.22000122070312,8906348.0
1771007400,184.24000549316406,184.86000061035156,183.55999755859375,183.69000244140625,6974694.0
1771011000,183.72000122070312,184.27999877929688,182.0500030517578,182.30589294433594,11523863.0
1771014600,182.2949981689453,183.1199951171875,181.58999633789062,182.78500366210938,11695004.0
1771338600,181.72000122070312,183.4199981689453,179.17999267578125,180.41000366210938,27099755.0
1771342200,180.39999389648438,184.3699951171875,179.27000427246094,183.5800018310547,18859264.0
1771345800,183.57000732421875,184.75,183.19000244140625,184.7050018310547,12755043.0
1771349400,184.7449951171875,185.5,183.6199951171875,185.35000610351562,12008333.0
1771353000,185.36000061035156,186.4499053955078,185.0,186.41700744628906,10075969.0
1771356600,186.42999267578125,187.14999389648438,185.3300018310547,185.4250030517578,11583987.0
1771360200,185.3800048828125,185.5,184.36000061035156,184.97999572753906,9243775.0
1771425000,188.75,190.2299041748047,187.35000610351562,189.77569580078125,45553682.0
1771428600,189.77000427246094,190.3699951171875,189.25,189.77499389648438,0.0
1771432200,189.77000427246094,189.9550018310547,188.66000366210938,189.139892578125,11122908.0
1771435800,189.139892578125,189.69500732421875,188.89500427246094,188.94000244140625,6705103.0
1771439400,188.94000244140625,189.12989807128906,188.1999969482422,188.56419372558594,9756650.0
1771443000,188.55499267578125,188.6699981689453,186.75999450683594,186.97000122070312,13920476.0
1771446600,186.9600067138672,188.5,186.91000366210938,187.88999938964844,55898935.0
1771511400,187.02999877929688,188.2899932861328,185.66000366210938,187.6190948486328,20569888.0
1771515000,187.61000061035156,188.42999267578125,186.9199981689453,187.30999755859375,12628047.0
1771518600,187.3300018310547,187.7899932861328,186.39999389648438,186.6300048828125,9760430.0
1771522200,186.6199951171875,186.6750030517578,185.7899932861328,186.19940185546875,8553635.0
1771525800,186.17999267578125,187.05999755859375,186.15939331054688,186.52999877929688,7010595.0
1771529400,186.52149963378906,187.06500244140625,186.3625946044922,186.79510498046875,7527474.0
1771533000,186.7899932861328,187.93899536132812,186.72000122070312,187.88999938964844,6612222.0
1771597800,186.52000427246094,189.33999633789062,185.93780517578125,187.81500244140625,27799788.0
1771601400,187.83999633789062,190.3300018310547,187.51499938964844,188.7949981689453,19072274.0
1771605000,188.7949981689453,190.1999969482422,187.6300048828125,187.94000244140625,14472955.0
1771608600,187.93499755859375,188.97999572753906,187.86000061035156,188.67999267578125,11926040.0
1771612200,188.6999969482422,190.08999633789062,188.3300018310547,189.36500549316406,11532581.0
1771615800,189.36000061035156,189.88999938964844,188.94000244140625,189.4199981689453,8798931.0
1771619400,189.42999267578125,190.0,189.3699951171875,189.8300018310547,7619446.0
1771857000,191.44500732421875,193.9499969482422,190.9199981689453,191.32000732421875,34473317.0
1771860600,191.3300018310547,191.6696014404297,189.5749969482422,190.49659729003906,17744253.0
1771864200,190.49000549316406,191.32000732421875,190.42230224609375,190.9499969482422,11613687.0
1771867800,190.94000244140625,191.74000549316406,189.72500610351562,191.4600067138672,12495769.0
1771871400,191.45590209960938,191.75,190.57000732421875,190.5800018310547,9658558.0
1771875000,190.57000732421875,190.9499969482422,190.19000244140625,190.88999938964844,10203395.0
1771878600,190.88999938964844,191.64999389648438,190.64999389648438,191.61000061035156,10753581.0
1771943400,191.48500061035156,192.07000732421875,187.39999389648438,192.00999450683594,31917690.0
1771947000,192.0,193.25,191.71499633789062,192.14999389648438,16931266.0
1771950600,192.1501007080078,193.75,191.8800048828125,193.23500061035156,13263753.0
1771954200,193.23989868164062,193.60000610351562,192.8800048828125,192.94009399414062,8116758.0
1771957800,192.94500732421875,193.08999633789062,192.16000366210938,192.42999267578125,8644384.0
1771961400,192.43499755859375,193.0500030517578,192.4001007080078,192.78500366210938,9349318.0
1771965000,192.7899932861328,193.77000427246094,192.66000366210938,192.8699951171875,10170522.0
1772029800,194.47000122070312,196.55999755859375,193.8000030517578,196.04510498046875,55504706.0
1772033400,196.04010009765625,196.6199951171875,195.5,196.33999633789062,0.0
1772037000,196.3300018310547,197.62989807128906,196.3300018310547,197.36000061035156,17167407.0
1772040600,197.35009765625,197.52999877929688,196.60499572753906,196.7299041748047,48572207.0
1772044200,196.72500610351562,197.4499969482422,196.4810028076172,197.0998992919922,0.0
1772047800,197.08900451660156,197.3699951171875,196.67999267578125,196.89500427246094,13553001.0
1772051400,196.88999938964844,197.2100067138672,195.52000427246094,195.8800048828125,16776117.0
1772116200,194.2100067138672,194.2100067138672,185.5800018310547,186.09500122070312,79010681.0
1772119800,186.10000610351562,187.93980407714844,184.5800018310547,187.8249969482422,37958256.0
1772123400,187.77999877929688,187.97000122070312,185.85000610351562,187.5749969482422,21772751.0
1772127000,187.57000732421875,188.1199951171875,184.86000061035156,185.35499572753906,20471972.0
1772130600,185.34500122070312,186.6999969482422,184.822998046875,185.29989624023438,20354965.0
1772134200,185.2949981689453,185.82000732421875,184.31500244140625,184.6898956298828,20238432.0
1772137800,184.67999267578125,185.5500030517578,184.33999633789062,184.89999389648438,17624324.0
1772202600,181.22000122070312,182.5800018310547,179.57000732421875,181.8350067138672,51155508.0
1772206200,181.83999633789062,182.25,181.0,181.02000427246094,17238608.0
1772209800,181.02999877929688,181.4600067138672,179.0500030517578,179.9149932861328,17647740.0
1772213400,179.9250030517578,180.2899932861328,178.64999389648438,178.97000122070312,14614608.0
1772217000,178.97889709472656,179.30999755859375,178.10000610351562,178.6649932861328,16081199.0
1772220600,178.6699981689453,179.6999969482422,178.4199981689453,178.89999389648438,16816888.0
1772224200,178.88999938964844,178.98500061035156,176.3800048828125,177.16000366210938,26068673.0
1772461800,174.8000030517578,181.3800048828125,174.63999938964844,180.5,45254437.0
1772465400,180.49000549316406,181.80999755859375,180.00999450683594,180.9199981689453,49699069.0
1772469000,180.93499755859375,183.4600067138672,180.83999633789062,183.05999755859375,0.0
1772472600,183.05499267578125,183.05599975585938,182.2100067138672,182.44509887695312,10237938.0
1772476200,182.4499969482422,182.91000366210938,181.9499969482422,182.64500427246094,55594090.0
1772479800,182.64500427246094,183.0500030517578,181.64500427246094,182.14999389648438,0.0
1772483400,182.1699981689453,182.8300018310547,181.99000549316406,182.36000061035156,64985966.0
1772548200,178.4774932861328,180.52999877929688,177.72000122070312,177.77000427246094,50710924.0
1772551800,177.75999450683594,180.0050048828125,176.9199981689453,179.31500244140625,31236634.0
1772555400,179.31500244140625,180.64999389648438,178.94000244140625,180.10499572753906,19302177.0
1772559000,180.10000610351562,180.39999389648438,178.97999572753906,180.14999389648438,14349165.0
1772562600,180.1699981689453,180.89999389648438,179.44000244140625,179.5500030517578,13694732.0
1772566200,179.55999755859375,180.8699951171875,179.14999389648438,180.2050018310547,17047547.0
1772569800,180.1999969482422,180.56500244140625,179.89999389648438,179.99000549316406,12165989.0
1772634600,180.3699951171875,183.5500030517578,180.05999755859375,183.47000122070312,49537596.0
1772638200,183.47999572753906,183.63999938964844,181.8000030517578,182.39999389648438,22335669.0
1772641800,182.39999389648438,183.14500427246094,182.32080078125,182.48500061035156,14459566.0
1772645400,182.49000549316406,183.36000061035156,182.19000244140625,183.04989624023438,13044050.0
1772649000,183.0399932861328,184.6999969482422,182.97999572753906,184.30499267578125,21891737.0
1772652600,184.30499267578125,184.33999633789062,182.60000610351562,183.07000732421875,17483899.0
1772656200,183.0749969482422,183.33999633789062,182.60000610351562,182.89999389648438,17451749.0
1772721000,181.1699981689453,182.7899932861328,180.80999755859375,181.69500732421875,39187846.0
1772724600,181.6999969482422,184.05999755859375,180.85499572753906,182.77999877929688,26866863.0
1772728200,182.8000030517578,183.8300018310547,181.07000732421875,181.07000732421875,17633964.0
1772731800,181.07000732421875,181.22000122070312,177.88999938964844,178.87989807128906,36802356.0
1772735400,178.8699951171875,181.02000427246094,178.8000030517578,180.72999572753906,17972462.0
1772739000,180.72999572753906,182.38999938964844,179.88999938964844,181.875,20068545.0
1772742600,181.8800048828125,183.4199981689453,181.70010375976562,183.3300018310547,20530831.0
1772807400,179.83999633789062,182.756103515625,179.63999938964844,181.82009887695312,42314271.0
1772811000,181.82000732421875,182.40499877929688,180.89999389648438,181.7100067138672,20012304.0
1772814600,181.718505859375,182.49000549316406,181.02999877929688,181.13999938964844,17253066.0
1772818200,181.13999938964844,181.8249969482422,180.52000427246094,181.46009826660156,14392829.0
1772821800,181.4499969482422,181.7698974609375,180.19000244140625,180.52999877929688,15056438.0
1772825400,180.52000427246094,180.77000427246094,176.9499969482422,177.1300048828125,25886766.0
1772829000,177.13999938964844,178.37989807128906,176.82009887695312,177.72999572753906,26251906.0
1773063000,176.8300018310547,178.50999450683594,175.55999755859375,178.11000061035156,43221028.0
1773066600,178.08999633789062,179.47999572753906,177.99000549316406,179.18499755859375,19919743.0
1773070200,179.16000366210938,180.62730407714844,178.8000030517578,180.49000549316406,16780073.0
1773073800,180.49000549316406,180.91000366210938,179.17999267578125,179.38999938964844,15945158.0
1773077400,179.39999389648438,180.22000122070312,179.02000427246094,179.91000366210938,12583605.0
1773081000,179.89999389648438,182.07000732421875,179.2899932861328,182.02609252929688,21985315.0
1773084600,182.02999877929688,182.91000366210938,181.4499969482422,182.67999267578125,22182403.0
1773149400,182.39999389648438,184.22500610351562,182.01010131835938,184.0449981689453,36549411.0
1773153000,184.0399932861328,186.44000244140625,184.00999450683594,185.9499969482422,31283932.0
1773156600,185.97000122070312,186.1199951171875,185.04969787597656,185.3076934814453,19945381.0
1773160200,185.32000732421875,186.22500610351562,185.22999572753906,186.13499450683594,13122732.0
1773163800,186.1300048828125,186.1300048828125,184.10000610351562,184.889892578125,17940859.0
1773167400,184.88999938964844,185.27000427246094,184.02000427246094,184.39999389648438,17479430.0
1773171000,184.39999389648438,184.83999633789062,183.25,184.75999450683594,20492139.0
1773235800,185.9199981689453,187.6199951171875,184.94000244140625,186.91000366210938,39795140.0
1773239400,186.89010620117188,186.94000244140625,185.06080627441406,185.0749969482422,20362143.0
1773243000,185.0760955810547,185.80650329589844,184.83999633789062,185.55499267578125,14151413.0
1773246600,185.5500030517578,186.0699005126953,185.25,185.61000061035156,10355965.0
1773250200,185.6199951171875,185.6999969482422,184.45010375976562,185.1540069580078,12728588.0
1773253800,185.16000366210938,185.74000549316406,185.02000427246094,185.36000061035156,10974433.0
1773257400,185.36990356445312,186.0399932861328,185.22999572753906,186.00999450683594,10325194.0
1773322200,184.0500030517578,184.86000061035156,182.0500030517578,182.0850067138672,36646581.0
1773325800,182.0850067138672,182.9600067138672,181.75,182.8800048828125,21123869.0
1773329400,182.8699951171875,184.94000244140625,182.7700958251953,184.25999450683594,21620770.0
1773333000,184.25999450683594,184.72000122070312,183.53500366210938,183.75999450683594,13929708.0
1773336600,183.77000427246094,184.19000244140625,183.1699981689453,183.55499267578125,12712518.0
1773340200,183.5399932861328,183.6199951171875,182.77999877929688,183.44000244140625,14025360.0
1773343800,183.43499755859375,183.6699981689453,182.7200927734375,183.00999450683594,12544443.0
1773408600,184.91000366210938,186.08999633789062,183.61000061035156,183.92210388183594,38715340.0
1773412200,183.9250030517578,184.25,181.66000366210938,181.88340759277344,27389127.0
1773415800,181.88999938964844,182.25,180.72000122070312,181.13999938964844,21151599.0
1773419400,181.13499450683594,181.75999450683594,180.92999267578125,181.5399932861328,14321948.0
1773423000,181.5399932861328,181.58920288085938,180.00999450683594,180.5449981689453,14153135.0
1773426600,180.5399932861328,181.13999938964844,180.27999877929688,180.6999969482422,14593908.0
1773430200,180.7100067138672,180.8249969482422,179.94000244140625,180.26499938964844,16337302.0
1773667800,182.97000122070312,185.0500030517578,182.87440490722656,184.07000732421875,25160321.0
1773671400,184.07000732421875,184.9199981689453,183.30499267578125,184.72779846191406,13947723.0
1773675000,184.72000122070312,184.94000244140625,183.6300048828125,183.89500427246094,10572265.0
1773678600,183.90499877929688,185.05999755859375,183.78500366210938,184.76010131835938,9780571.0
1773682200,184.77000427246094,185.52999877929688,184.27000427246094,184.93499755859375,12380863.0
1773685800,184.9398956298828,188.8699951171875,181.67999267578125,181.83380126953125,41293367.0
1773689400,181.85000610351562,183.65499877929688,181.41000366210938,183.1300048828125,18558112.0
1773754200,185.0500030517578,185.39999389648438,181.89999389648438,183.08999633789062,35838393.0
1773757800,183.0800018310547,183.41000366210938,182.24029541015625,182.43499755859375,36924089.0
1773761400,182.43499755859375,183.10000610351562,181.68040466308594,182.69830322265625,0.0
1773765000,182.6999969482422,182.9499969482422,181.8699951171875,182.41000366210938,43422500.0
1773768600,182.41000366210938,183.47000122070312,182.39999389648438,183.0399932861328,0.0
1773772200,183.02999877929688,183.15989685058594,182.05999755859375,182.64010620117188,10839212.0
1773775800,182.63009643554688,182.92999267578125,181.80999755859375,181.9600067138672,10549153.0
1773840600,182.49000549316406,183.3800048828125,180.72999572753906,182.2794952392578,27757729.0
1773844200,182.2805938720703,183.23500061035156,181.83999633789062,182.5399932861328,15580633.0
1773847800,182.5399932861328,182.85000610351562,182.32000732421875,182.74000549316406,9596417.0
1773851400,182.74000549316406,182.7550048828125,181.8300018310547,182.07000732421875,8508642.0
1773855000,182.07000732421875,183.14999389648438,181.82000732421875,182.31500244140625,10044595.0
1773858600,182.30999755859375,182.39500427246094,180.8800048828125,181.2449951171875,14439661.0
1773862200,181.22999572753906,181.38499450683594,180.3300018310547,180.35000610351562,9305558.0
1773927000,178.00999450683594,178.39930725097656,175.78500366210938,177.58999633789062,33648796.0
1773930600,177.58999633789062,179.0500030517578,177.55499267578125,178.23219299316406,15448637.0
1773934200,178.24000549316406,178.94000244140625,177.6649932861328,178.78500366210938,11424087.0
1773937800,178.7899932861328,178.89999389648438,177.55999755859375,178.5449981689453,41821467.0
1773941400,178.5399932861328,179.24000549316406,177.97000122070312,178.9698944091797,0.0
1773945000,178.97999572753906,179.97999572753906,178.08999633789062,179.13499450683594,13879376.0
1773948600,179.1300048828125,179.14990234375,177.91000366210938,178.5,10911447.0
1774013400,178.0,178.25999450683594,175.42999267578125,175.73500061035156,54718351.0
1774017000,175.75,176.25,175.0,175.69500732421875,27274362.0
1774020600,175.6999969482422,176.4499969482422,175.55999755859375,175.98849487304688,14754297.0
1774024200,175.98500061035156,175.98500061035156,175.02999877929688,175.07000732421875,12073349.0
1774027800,175.06500244140625,175.08999633789062,173.9600067138672,174.26010131835938,20076641.0
1774031400,174.26499938964844,174.33999633789062,172.37010192871094,172.42999267578125,23159557.0
1774035000,172.4250030517578,173.0399932861328,171.72500610351562,173.0,24605650.0
1774272600,177.25,178.2279052734375,175.87010192871094,177.875,55566937.0
1774276200,177.86500549316406,178.3699951171875,177.22999572753906,177.5800018310547,23567711.0
1774279800,177.58999633789062,177.77000427246094,174.75999450683594,174.80999755859375,26157500.0
1774283400,174.81500244140625,175.88999938964844,174.80349731445312,175.2949981689453,14902798.0
1774287000,175.27999877929688,176.41000366210938,175.27999877929688,176.10499572753906,13473293.0
1774290600,176.10000610351562,176.9600067138672,176.08999633789062,176.22999572753906,15340354.0
1774294200,176.22500610351562,176.6999969482422,175.5,175.50999450683594,14875311.0
1774359000,174.76199340820312,175.89990234375,173.97999572753906,174.25,31849095.0
1774362600,174.2550048828125,176.16000366210938,174.13499450683594,175.61500549316406,25114276.0
1774366200,175.61000061035156,175.89939880371094,174.9199981689453,175.3249969482422,14868329.0
1774369800,175.3300018310547,175.47999572753906,174.38499450683594,174.70730590820312,12064410.0
1774373400,174.6999969482422,175.60000610351562,174.41990661621094,175.4250030517578,11873453.0
1774377000,175.42999267578125,176.22000122070312,175.3000030517578,175.51499938964844,13983547.0
1774380600,175.51780700683594,175.6199951171875,174.86000061035156,175.30999755859375,13261358.0
1774445400,177.10000610351562,180.30999755859375,176.86000061035156,180.05999755859375,47087931.0
1774449000,180.0500030517578,181.21499633789062,179.1999969482422,180.0,31111269.0
1774452600,179.9949951171875,180.05589294433594,178.73500061035156,179.1199951171875,18161118.0
1774456200,179.11000061035156,179.33970642089844,178.50999450683594,178.92999267578125,12018365.0
1774459800,178.94000244140625,179.57000732421875,178.66000366210938,179.02000427246094,12686862.0
1774463400,179.02000427246094,179.1999969482422,177.8300018310547,178.60000610351562,15914397.0
1774467000,178.59500122070312,179.1199951171875,178.25,178.6699981689453,10187015.0
1774531800,176.1699981689453,176.5,174.80990600585938,174.82000732421875,36029353.0
1774535400,174.81500244140625,175.15989685058594,173.0399932861328,174.07009887695312,29537109.0
1774539000,174.06500244140625,174.8300018310547,173.7050018310547,173.77499389648438,18378166.0
1774542600,173.77499389648438,174.0,173.33999633789062,173.54010009765625,13236281.0
1774546200,173.5399932861328,173.7100067138672,171.83999633789062,172.09500122070312,22153880.0
1774549800,172.09500122070312,172.5,171.5500030517578,172.125,18593403.0
1774553400,172.12319946289062,172.14999389648438,171.13999938964844,171.22999572753906,17202750.0
1774618200,169.99000549316406,170.97000122070312,167.8000030517578,167.85000610351562,56166225.0
1774621800,167.8300018310547,169.5699005126953,167.5500030517578,169.5699005126953,27603646.0
1774625400,169.55999755859375,169.94000244140625,168.7100067138672,168.82000732421875,17521361.0
1774629000,168.80999755859375,169.27000427246094,167.8300018310547,167.83999633789062,16758151.0
1774632600,167.83999633789062,168.24000549316406,167.61000061035156,168.0,15062395.0
1774636200,168.0050048828125,168.27000427246094,167.22000122070312,167.42999267578125,17650366.0
1774639800,167.44000244140625,167.92999267578125,167.00999450683594,167.4600067138672,18119318.0
1774877400,168.73500061035156,169.4499969482422,166.2100067138672,166.91000366210938,44328928.0
1774881000,166.90499877929688,168.25,166.27000427246094,167.0050048828125,25106249.0
1774884600,167.0,168.02000427246094,166.35000610351562,166.47500610351562,19964516.0
1774888200,166.47999572753906,166.9199981689453,165.80999755859375,165.875,16368311.0
1774891800,165.8699951171875,166.4499969482422,165.58999633789062,165.69500732421875,14207997.0
1774895400,165.6999969482422,166.07000732421875,164.2949981689453,164.46310424804688,19702372.0
1774899000,164.46499633789062,165.5399932861328,164.27000427246094,165.05999755859375,18227730.0
1774963800,166.97000122070312,171.0749969482422,166.9600067138672,170.97999572753906,44954815.0
1774967400,170.97999572753906,171.3800048828125,169.55999755859375,170.30499267578125,25991642.0
1774971000,170.3000030517578,171.27999877929688,169.7550048828125,171.0500030517578,18531113.0
1774974600,171.0500030517578,173.8800048828125,170.7550048828125,173.27499389648438,33199113.0
1774978200,173.27999877929688,173.72999572753906,172.27999877929688,173.26499938964844,19348274.0
1774981800,173.25999450683594,174.27499389648438,173.02000427246094,173.93499755859375,21682792.0
1774985400,173.92999267578125,174.6199951171875,173.85499572753906,174.3800048828125,20307842.0
1775050200,176.0,176.60000610351562,174.75999450683594,176.1999969482422,46071243.0
1775053800,176.19000244140625,177.11500549316406,175.5050048828125,176.48500061035156,22675088.0
1775057400,176.47999572753906,177.3699951171875,176.39999389648438,177.10000610351562,15319849.0
1775061000,177.10000610351562,177.1649932861328,176.61000061035156,176.6649932861328,11191707.0
1775064600,176.6649932861328,176.72000122070312,174.8699951171875,175.0800018310547,16219900.0
1775068200,175.0800018310547,176.32000732421875,174.80499267578125,176.00999450683594,16485638.0
1775071800,176.0050048828125,176.25999450683594,175.50010681152344,175.8000030517578,11838090.0
1775136600,172.17999267578125,175.10000610351562,171.3699951171875,174.0449981689453,45441550.0
1775140200,174.02999877929688,177.14999389648438,173.9199981689453,176.67999267578125,24382227.0
1775143800,176.6999969482422,177.02000427246094,175.72000122070312,176.125,14120301.0
1775147400,176.1199951171875,176.9199981689453,175.77000427246094,176.77499389648438,9243660.0
1775151000,176.7899932861328,177.0500030517578,176.110107421875,176.5399932861328,9736315.0
1775154600,176.5500030517578,177.47000122070312,176.52000427246094,176.90499877929688,12773281.0
1775158200,176.89999389648438,177.47999572753906,176.86000061035156,177.39999389648438,10781288.0
1775482200,177.15499877929688,177.7899932861328,175.75999450683594,176.77999877929688,31902106.0
1775485800,176.77999877929688,176.9550018310547,176.18350219726562,176.48609924316406,14423208.0
1775489400,176.49000549316406,177.61000061035156,176.4499969482422,177.15499877929688,10776969.0
1775493000,177.1501007080078,177.44000244140625,176.10000610351562,176.93499755859375,10043504.0
1775496600,176.9320068359375,177.3000030517578,176.44500732421875,176.98500061035156,10372408.0
1775500200,176.97500610351562,177.4199981689453,176.75,177.2200927734375,8384391.0
1775503800,177.22000122070312,177.67999267578125,177.0749969482422,177.63999938964844,8330957.0
1775568600,175.75,176.99000549316406,174.44000244140625,175.0800018310547,31133504.0
1775572200,175.08999633789062,175.1699981689453,173.66000366210938,175.01010131835938,18582815.0
1775575800,175.02000427246094,175.9499053955078,174.69000244140625,175.41000366210938,13773231.0
1775579400,175.39999389648438,175.9470977783203,175.27999877929688,175.38999938964844,9482355.0
1775583000,175.38999938964844,176.17999267578125,175.34500122070312,175.69960021972656,10391810.0
1775586600,175.69500732421875,176.8699951171875,174.9801025390625,176.2899932861328,13809826.0
1775590200,176.27499389648438,178.2050018310547,176.0800018310547,178.09500122070312,15240344.0
1775655000,184.4499969482422,185.25,181.2550048828125,181.8000030517578,51602936.0
1775658600,181.79510498046875,181.92970275878906,180.30999755859375,181.3000030517578,20915113.0
1775662200,181.3000030517578,182.02999877929688,181.1300048828125,181.4499969482422,11893338.0
1775665800,181.4499969482422,181.80999755859375,181.375,181.44500732421875,9159925.0
1775669400,181.44500732421875,182.17999267578125,181.2949981689453,181.70030212402344,10518995.0
1775673000,181.7075958251953,182.0500030517578,181.10000610351562,181.7050018310547,11151138.0
1775676600,181.6999969482422,182.3000030517578,181.64999389648438,182.10000610351562,11293205.0
1775741400,181.83999633789062,182.25999450683594,180.62010192871094,181.625,26761935.0
1775745000,181.61000061035156,183.52999877929688,181.38999938964844,182.8350067138672,18257065.0
1775748600,182.8300018310547,183.9600067138672,182.72000122070312,183.53500366210938,13985168.0
1775752200,183.52999877929688,183.88999938964844,183.10000610351562,183.4600067138672,9528547.0
1775755800,183.4550018310547,183.73959350585938,183.0,183.10000610351562,9518565.0
1775759400,183.0800018310547,183.8300018310547,182.9199981689453,183.64500427246094,9176370.0
1775763000,183.64999389648438,184.0800018310547,183.60000610351562,183.85000610351562,10974717.0
1775827800,184.4199981689453,187.9199981689453,184.3000030517578,187.8249969482422,41841686.0
1775831400,187.8350067138672,190.0,187.72999572753906,189.47999572753906,32319743.0
1775835000,189.48500061035156,189.5800018310547,188.09500122070312,188.45469665527344,17852756.0
1775838600,188.4499969482422,188.6199951171875,187.92999267578125,188.1470947265625,12587920.0
1775842200,188.13999938964844,189.0,187.9600067138672,188.5850067138672,10697184.0
1775845800,188.5800018310547,189.69000244140625,188.38009643554688,189.38999938964844,13701728.0
1775849400,189.38499450683594,189.38499450683594,188.11000061035156,188.63999938964844,14162426.0
1776087000,186.02000427246094,188.47999572753906,185.74000549316406,188.41990661621094,35943745.0
1776090600,188.41000366210938,189.64999389648438,188.13499450683594,188.6107940673828,18922601.0
1776094200,188.6199951171875,188.89990234375,187.9199981689453,188.44509887695312,13963685.0
1776097800,188.44000244140625,188.64990234375,187.85000610351562,188.2050018310547,11181831.0
1776101400,188.2100067138672,188.4199981689453,187.97000122070312,188.0198974609375,9120812.0
1776105000,188.00999450683594,188.88999938964844,187.99000549316406,188.7050018310547,10976974.0
1776108600,188.6999969482422,189.4550018310547,188.38999938964844,189.2100067138672,12534805.0
1776173400,190.8300018310547,193.30999755859375,190.8000030517578,192.86000061035156,43520464.0
1776177000,192.8699951171875,193.72999572753906,192.66000366210938,193.44500732421875,19306493.0
1776180600,193.44500732421875,194.94000244140625,193.3300018310547,194.79989624023438,18612294.0
1776184200,194.80589294433594,194.99000549316406,194.33999633789062,194.72500610351562,13990697.0
1776187800,194.72999572753906,194.89999389648438,194.38999938964844,194.5800018310547,8811868.0
1776191400,194.5749969482422,196.33999633789062,194.56500244140625,196.20989990234375,19309999.0
1776195000,196.1999969482422,196.5,195.57000732421875,196.49000549316406,16494329.0
1776259800,196.5500030517578,199.5800018310547,196.25999450683594,199.24000549316406,47272775.0
1776263400,199.25990295410156,199.94000244140625,199.02000427246094,199.80999755859375,23088432.0
1776267000,199.7949981689453,200.39999389648438,199.08999633789062,199.125,23311405.0
1776270600,199.1201934814453,199.13999938964844,196.13999938964844,196.97000122070312,22601798.0
1776274200,196.9550018310547,197.7100067138672,195.74000549316406,196.9698944091797,16412953.0
1776277800,196.9600067138672,198.27000427246094,196.95249938964844,198.23989868164062,14111714.0
1776281400,198.24000549316406,199.1699981689453,198.02000427246094,198.8677978515625,16516099.0
1776346200,197.42999267578125,197.75999450683594,195.80999755859375,197.3699951171875,34867030.0
1776349800,197.3699951171875,199.85000610351562,197.30999755859375,199.00999450683594,19694478.0
1776353400,199.02000427246094,199.6300048828125,198.40029907226562,198.6199951171875,14184255.0
1776357000,198.61500549316406,198.85000610351562,197.75,198.4149932861328,12103065.0
1776360600,198.4174041748047,198.7299041748047,197.3000030517578,197.4949951171875,11223279.0
1776364200,197.49000549316406,198.38999938964844,197.48500061035156,198.1199951171875,13497268.0
1776367800,198.1199951171875,198.77000427246094,198.09500122070312,198.24000549316406,11174544.0
1776432600,199.8800048828125,201.67999267578125,199.27000427246094,200.375,55123160.0
1776436200,200.375,200.99000549316406,200.02000427246094,200.63999938964844,17346281.0
1776439800,200.63499450683594,201.39999389648438,200.22999572753906,200.69000244140625,18546450.0
1776443400,200.6999969482422,200.8699951171875,199.47000122070312,199.8800048828125,13021821.0
1776447000,199.8699951171875,200.88510131835938,199.84010314941406,200.64999389648438,10962127.0
1776450600,200.66000366210938,201.47999572753906,200.5500030517578,201.25999450683594,11941766.0
1776454200,201.27999877929688,201.6999969482422,201.1199951171875,201.64999389648438,11970481.0
1776691800,199.97999572753906,200.52000427246094,198.4199981689453,199.1300048828125,31888414.0
1776695400,199.11500549316406,199.41929626464844,197.83970642089844,199.27000427246094,18660733.0
1776699000,199.25999450683594,199.45989990234375,198.4199981689453,199.18499755859375,12893600.0
1776702600,199.1999969482422,199.8000030517578,199.13999938964844,199.5299072265625,6997175.0
1776706200,199.52999877929688,200.72999572753906,199.4499969482422,200.58999633789062,13358656.0
1776709800,200.60000610351562,201.24000549316406,200.3800048828125,201.1300048828125,10484052.0
1776713400,201.1300048828125,202.16000366210938,201.08999633789062,202.11000061035156,12574882.0
1776778200,202.1300048828125,202.75,200.83999633789062,201.88999938964844,26931641.0
1776781800,201.88999938964844,202.0500030517578,200.57090759277344,201.0500030517578,13287102.0
1776785400,201.05999755859375,201.3800048828125,199.8699951171875,199.89500427246094,11146811.0
1776789000,199.88999938964844,200.31910705566406,199.0,199.32000732421875,10479999.0
1776792600,199.34010314941406,200.3800048828125,199.25999450683594,199.93099975585938,10018449.0
1776796200,199.9499969482422,200.97000122070312,199.9499969482422,200.95700073242188,9959608.0
1776799800,200.9600067138672,201.16000366210938,199.17999267578125,199.91000366210938,11675449.0
1776864600,201.0,201.10000610351562,199.32000732421875,200.36000061035156,25702217.0
1776868200,200.35009765625,201.8699951171875,200.2899932861328,201.6009063720703,16102669.0
1776871800,201.60000610351562,201.6999969482422,200.92999267578125,201.09500122070312,8980435.0
1776875400,201.08999633789062,201.97999572753906,200.9499969482422,201.7449951171875,8787583.0
1776879000,201.75999450683594,202.4875030517578,201.6199951171875,201.6649932861328,11135412.0
1776882600,201.6649932861328,202.02000427246094,201.22999572753906,201.6750030517578,9664746.0
1776886200,201.66990661621094,202.5,201.59500122070312,202.4199981689453,11389298.0
1776951000,202.39999389648438,203.82899475097656,201.10499572753906,201.76010131835938,27402057.0
1776954600,201.78880310058594,203.11000061035156,201.76010131835938,202.5084991455078,12933498.0
1776958200,202.5050048828125,202.72000122070312,200.9600067138672,201.10629272460938,12307243.0
1776961800,201.10499572753906,201.91000366210938,199.2100067138672,199.43499755859375,11762619.0
1776965400,199.4499969482422,200.13999938964844,197.22059631347656,199.13999938964844,16660403.0
1776969000,199.13999938964844,199.64999389648438,198.185302734375,199.11000061035156,8347959.0
1776972600,199.1199951171875,199.7100067138672,198.6999969482422,199.7100067138672,8139245.0
1777037400,199.9600067138672,203.22000122070312,199.80999755859375,202.60499572753906,36820806.0
1777041000,202.60499572753906,209.74000549316406,202.47999572753906,208.9158935546875,53306667.0
1777044600,208.91969299316406,210.0,208.3300018310547,209.5749969482422,31167268.0
1777048200,209.5749969482422,210.9499969482422,209.02999877929688,209.3300018310547,23047260.0
1777051800,209.30999755859375,209.72000122070312,208.14999389648438,208.1927032470703,14007833.0
1777055400,208.18499755859375,209.2790069580078,207.68499755859375,208.51800537109375,18107042.0
1777059000,208.50999450683594,208.61000061035156,207.5500030517578,208.19000244140625,16073082.0
1777296600,209.64500427246094,211.9499969482422,208.39999389648438,208.69500732421875,46698474.0
1777300200,208.6999969482422,209.92999267578125,207.3800048828125,209.8800048828125,18121354.0
1777303800,209.88999938964844,211.63999938964844,209.77000427246094,211.4550018310547,16541416.0
1777307400,211.4600067138672,214.25999450683594,211.40499877929688,213.61000061035156,25911233.0
1777311000,213.6199951171875,216.25999450683594,213.5800018310547,215.6999969482422,24409920.0
1777314600,215.6649932861328,216.3800048828125,214.82000732421875,215.49000549316406,20512380.0
1777318200,215.48500061035156,216.82000732421875,215.3000030517578,216.6300048828125,15881349.0
1777383000,209.5050048828125,213.6699981689453,208.1999969482422,212.375,57845453.0
1777386600,212.3699951171875,212.74000549316406,208.35000610351562,209.10000610351562,28861244.0
1777390200,209.10989379882812,210.65499877929688,208.58999633789062,210.11000061035156,15869340.0
1777393800,210.10000610351562,210.9550018310547,209.30999755859375,210.7899932861328,12687956.0
1777397400,210.7899932861328,213.0,210.78500366210938,212.84500122070312,13579691.0
1777401000,212.8498992919922,214.72999572753906,212.47000122070312,214.06500244140625,20176181.0
1777404600,214.05999755859375,214.42999267578125,213.0,213.14999389648438,12274582.0
1777469400,212.71499633789062,212.71499633789062,209.75,211.11000061035156,29242173.0
1777473000,211.11000061035156,211.9499969482422,210.24000549316406,210.8000030517578,14808343.0
1777476600,210.80999755859375,211.39999389648438,209.66000366210938,209.6699981689453,12425477.0
1777480200,209.66000366210938,209.86000061035156,208.55999755859375,209.43699645996094,12347642.0
1777483800,209.4499969482422,209.69000244140625,207.5941925048828,208.0449981689453,11516524.0
1777487400,208.0500030517578,209.5,207.5758056640625,209.3249969482422,12534333.0
1777491000,209.30999755859375,209.44000244140625,208.60000610351562,209.31500244140625,10887753.0
1777555800,209.93899536132812,210.3000030517578,199.44000244140625,200.61500549316406,59635866.0
1777559400,200.61000061035156,202.4600067138672,198.6999969482422,201.3209991455078,35542478.0
1777563000,201.3000030517578,201.82000732421875,199.4199981689453,200.13999938964844,20337941.0
1777566600,200.14500427246094,201.0500030517578,199.32000732421875,200.47999572753906,16011538.0
1777570200,200.47999572753906,201.72999572753906,200.25999450683594,200.77499389648438,15835798.0
1777573800,200.77000427246094,202.0,200.74000549316406,200.82000732421875,17412627.0
1777577400,200.80999755859375,201.0084991455078,199.5,199.52999877929688,19896461.0
1777642200,201.27999877929688,203.0,199.13999938964844,199.3000030517578,34778623.0
1777645800,199.30499267578125,200.0500030517578,197.1199951171875,198.92999267578125,23090117.0
1777649400,198.92999267578125,199.85000610351562,198.47999572753906,198.65499877929688,12209876.0
1777653000,198.64239501953125,200.1999969482422,198.55999755859375,199.85000610351562,9257649.0
1777656600,199.85000610351562,200.2899932861328,198.92999267578125,199.13009643554688,8524596.0
1777660200,199.1300048828125,199.8300018310547,198.17999267578125,199.71499633789062,12173166.0
1777663800,199.72000122070312,199.9199981689453,198.22000122070312,198.4199981689453,11233757.0
1777901400,199.5399932861328,201.72999572753906,197.33999633789062,197.375,34264236.0
1777905000,197.3800048828125,198.39999389648438,194.74000549316406,195.75599670410156,21273947.0
1777908600,195.8000030517578,196.5894012451172,194.86000061035156,196.22000122070312,16464990.0
1777912200,196.22979736328125,197.82000732421875,196.11000061035156,197.3000030517578,9864130.0
1777915800,197.2899932861328,199.1999969482422,196.91000366210938,198.22999572753906,12057359.0
1777919400,198.24000549316406,198.72999572753906,197.35000610351562,198.63999938964844,10677768.0
1777923000,198.6300048828125,199.17999267578125,198.0,198.55999755859375,9210772.0
1777987800,199.3000030517578,200.24000549316406,197.5,198.52499389648438,30544680.0
1777991400,198.5200958251953,198.6999969482422,196.66000366210938,197.0301971435547,16517010.0
1777995000,197.03500366210938,198.5,196.83009338378906,197.97500610351562,11108907.0
1777998600,197.9698944091797,198.10000610351562,197.14999389648438,197.78500366210938,7386811.0
1778002200,197.78500366210938,197.97999572753906,196.99000549316406,197.5,8102043.0
1778005800,197.5,197.64999389648438,196.24000549316406,196.30999755859375,11553147.0
1778009400,196.30499267578125,196.60000610351562,196.02999877929688,196.5,9641519.0
1778074200,199.80999755859375,205.8300018310547,198.61000061035156,203.9499969482422,57596744.0
1778077800,203.9694061279297,206.79989624023438,203.50999450683594,206.35000610351562,22958803.0
1778081400,206.3800048828125,207.17999267578125,204.60000610351562,205.2698974609375,16072083.0
1778085000,205.25999450683594,205.52000427246094,203.9499969482422,205.0699005126953,11073902.0
1778088600,205.07000732421875,207.2100067138672,204.96009826660156,207.02000427246094,12300158.0
1778092200,207.03880310058594,208.0500030517578,206.51300048828125,207.6199951171875,16853634.0
1778095800,207.61000061035156,208.26499938964844,206.88999938964844,207.6649932861328,17143139.0
1778160600,208.31500244140625,214.02999877929688,206.5,213.1300048828125,51861512.0
1778164200,213.1300048828125,214.1999969482422,210.72999572753906,211.95599365234375,25332727.0
1778167800,211.98500061035156,213.86000061035156,210.6199951171875,213.5749969482422,20878280.0
1778171400,213.57000732421875,214.14999389648438,210.9499969482422,212.0,15159167.0
1778175000,211.9499969482422,213.25,211.44000244140625,212.7884979248047,13016589.0
1778178600,212.77000427246094,213.25999450683594,211.4199981689453,212.02999877929688,11919279.0
1778182200,212.03070068359375,212.5800018310547,211.22999572753906,211.50999450683594,10318267.0
1778247000,213.02999877929688,217.8000030517578,212.88999938964844,215.2899932861328,43322899.0
1778250600,215.3112030029297,216.8000030517578,214.30999755859375,216.25999450683594,18072660.0
1778254200,216.27999877929688,217.1999969482422,215.16000366210938,215.88999938964844,13308112.0
1778257800,215.89999389648438,216.0998992919922,215.00999450683594,215.6750030517578,8779609.0
1778261400,215.68499755859375,215.80499267578125,214.85000610351562,215.36300659179688,8972004.0
1778265000,215.3699951171875,215.82000732421875,214.8249969482422,214.85000610351562,9641300.0
1778268600,214.85000610351562,215.47000122070312,214.67999267578125,215.2100067138672,11516279.0
1778506200,213.92999267578125,220.89999389648438,213.92999267578125,217.97000122070312,48204003.0
1778509800,217.98500061035156,222.2899932861328,217.3699951171875,221.98500061035156,29227300.0
1778513400,221.98500061035156,222.3000030517578,220.97000122070312,221.98880004882812,14795865.0
1778517000,221.98109436035156,222.08999633789062,219.8800048828125,220.76499938964844,11200648.0
1778520600,220.72000122070312,221.44000244140625,220.3699951171875,221.42889404296875,8563105.0
1778524200,221.41000366210938,221.56500244140625,218.94000244140625,219.13999938964844,12472914.0
1778527800,219.14500427246094,219.58999633789062,218.9199981689453,219.47999572753906,10509450.0
1778592600,218.5449981689453,223.75,217.00999450683594,218.9199981689453,45254879.0
1778596200,218.89500427246094,219.10000610351562,214.9199981689453,215.4600067138672,27061151.0
1778599800,215.4199981689453,218.25999450683594,215.13999938964844,217.5050048828125,15568727.0
1778603400,217.5198974609375,218.08999633789062,215.52999877929688,217.72000122070312,15677842.0
1778607000,217.72000122070312,219.1999969482422,217.6699981689453,218.9600067138672,9893599.0
1778610600,218.9499969482422,221.13999938964844,218.89169311523438,220.72999572753906,14638529.0
1778614200,220.74000549316406,221.73989868164062,220.14999389648438,220.8699951171875,12903996.0
1778679000,224.92999267578125,227.16000366210938,221.5653076171875,224.44000244140625,46864063.0
1778682600,224.4600067138672,227.57000732421875,223.6999969482422,226.2100067138672,24274192.0
1778686200,226.22000122070312,227.83999633789062,225.7100067138672,227.3300018310547,15288462.0
1778689800,227.3000030517578,227.64999389648438,226.66000366210938,226.9499969482422,10556665.0
1778693400,226.9300994873047,227.42999267578125,225.41000366210938,226.9600067138672,12329697.0
1778697000,226.9600067138672,227.1999969482422,226.3000030517578,226.7801055908203,9649273.0
1778700600,226.78509521484375,226.80999755859375,225.0800018310547,225.8699951171875,11059959.0
1778765400,229.72999572753906,234.14999389648438,229.35000610351562,233.02999877929688,58278680.0
1778769000,233.03500366210938,236.0500030517578,232.85000610351562,235.0399932861328,28689833.0
1778772600,235.07000732421875,236.47000122070312,234.57000732421875,234.74009704589844,19533747.0
1778776200,234.75,235.91189575195312,232.67999267578125,234.125,16396698.0
1778779800,234.11000061035156,235.55999755859375,233.75,235.50070190429688,11848175.0
1778783400,235.51499938964844,236.5399932861328,235.10499572753906,235.6300048828125,14911897.0
1778787000,235.61000061035156,236.02749633789062,235.13999938964844,235.7449951171875,12204261.0
1778851800,229.75,230.0500030517578,224.25,226.60499572753906,60322891.0
1778855400,226.66000366210938,227.91990661621094,225.67999267578125,227.76499938964844,16262111.0
1778859000,227.7899932861328,229.17999267578125,227.05999755859375,228.3000030517578,13927816.0
1778862600,228.3199005126953,229.3000030517578,227.6300048828125,229.16009521484375,10929378.0
1778866200,229.16000366210938,231.5,229.12010192871094,229.84979248046875,14668215.0
1778869800,229.85000610351562,229.85000610351562,226.7100067138672,227.0449981689453,14566675.0
1778873400,227.0500030517578,227.5500030517578,224.88999938964844,225.22999572753906,17202887.0
1779111000,229.82000732421875,230.0,222.4199981689453,222.8249969482422,45078463.0
1779114600,222.80999755859375,223.42999267578125,220.41000366210938,221.67999267578125,22071339.0
1779118200,221.69500732421875,223.3498992919922,220.25999450683594,220.41000366210938,11933786.0
1779121800,220.4199981689453,222.5399932861328,219.64019775390625,221.47999572753906,13115109.0
1779125400,221.47000122070312,221.85000610351562,219.22000122070312,219.9199981689453,10811721.0
1779129000,219.92999267578125,221.64999389648438,218.3699951171875,220.18499755859375,16325602.0
1779132600,220.19009399414062,222.35000610351562,220.1199951171875,222.35000610351562,11289743.0
1779197400,219.69500732421875,223.3300018310547,217.91000366210938,218.5749969482422,35894972.0
1779201000,218.60000610351562,221.60000610351562,218.14999389648438,220.51499938964844,16710773.0
1779204600,220.49000549316406,222.00999450683594,220.1999969482422,221.90499877929688,12185522.0
1779208200,221.86000061035156,224.47999572753906,221.75010681152344,223.34500122070312,13301572.0
1779211800,223.3101043701172,224.1300048828125,222.07000732421875,222.64999389648438,11000826.0
1779215400,222.63999938964844,223.1300048828125,221.19000244140625,221.89599609375,11082503.0
1779219000,221.9199981689453,222.47999572753906,219.0,220.6300048828125,14725529.0
1779283800,223.10000610351562,225.07000732421875,220.4949951171875,224.33990478515625,41070380.0
1779287400,224.35000610351562,226.1300048828125,223.85000610351562,225.2449951171875,20816958.0
1779291000,225.25,225.63999938964844,223.8000030517578,224.26010131835938,12753450.0
1779294600,224.27999877929688,225.1199951171875,224.08999633789062,224.9199981689453,9989295.0
1779298200,224.9199981689453,225.16000366210938,223.86000061035156,224.27000427246094,10660551.0
1779301800,224.26499938964844,224.3199005126953,222.03070068359375,222.8800048828125,16972518.0
1779305400,222.8892059326172,223.64999389648438,222.58999633789062,223.43499755859375,15836751.0
1779370200,222.1999969482422,227.39990234375,218.35000610351562,218.97000122070312,79656346.0
1779373800,218.92999267578125,220.10000610351562,217.92999267578125,218.85499572753906,26986727.0
1779377400,218.86500549316406,220.3249969482422,218.35000610351562,219.53500366210938,16169724.0
1779381000,219.5399932861328,222.3699951171875,218.92999267578125,221.11990356445312,16107400.0
1779384600,221.11000061035156,221.85000610351562,219.77999877929688,220.25999450683594,14242485.0
1779388200,220.25,220.4499969482422,218.6199951171875,220.3300018310547,18585308.0
1779391800,220.32000732421875,220.6300048828125,219.11000061035156,219.5,12663419.0
1779456600,220.9040069580078,221.00999450683594,215.16000366210938,216.3300018310547,50485470.0
1779460200,216.33700561523438,218.30499267578125,216.00999450683594,218.15499877929688,19893580.0
1779463800,218.14999389648438,218.32000732421875,216.7100067138672,217.10000610351562,13352896.0
1779467400,217.11000061035156,218.49000549316406,216.41000366210938,218.24000549316406,13514273.0
1779471000,218.24020385742188,218.2899932861328,215.4499969482422,216.0449981689453,16717248.0
1779474600,216.0399932861328,216.3300018310547,214.86000061035156,215.3350067138672,20907915.0
1779478200,215.3249969482422,215.94000244140625,215.11000061035156,215.25,13884597.0
1779802200,216.57749938964844,217.6999969482422,214.27999877929688,217.57009887695312,48336162.0
1779805800,217.60000610351562,218.17999267578125,213.610107421875,214.42999267578125,25453169.0
1779809400,214.44000244140625,214.75999450683594,212.0,213.10000610351562,20920540.0
1779813000,213.1199951171875,214.11700439453125,212.88299560546875,213.64300537109375,11456634.0
1779816600,213.63999938964844,214.4499969482422,212.90330505371094,213.88499450683594,12363737.0
1779820200,213.88499450683594,214.0399932861328,212.83999633789062,213.60800170898438,12901212.0
1779823800,213.60499572753906,214.86000061035156,213.4600067138672,214.8300018310547,12961311.0
1779888600,214.1199951171875,214.13999938964844,209.48939514160156,209.9199981689453,50952450.0
1779892200,209.92999267578125,210.38999938964844,208.77999877929688,209.7899932861328,20195747.0
1779895800,209.8000030517578,211.11000061035156,209.3350067138672,210.6898956298828,15861098.0
1779899400,210.67999267578125,212.1199951171875,210.31500244140625,211.97000122070312,13301084.0
1779903000,211.97000122070312,213.2899932861328,211.8000030517578,213.1999969482422,12953088.0
1779906600,213.17999267578125,213.32000732421875,212.1199951171875,212.44000244140625,12247580.0
1779910200,212.4499969482422,213.25999450683594,212.16000366210938,212.5800018310547,10427471.0
1779975000,211.27499389648438,214.2899932861328,211.2220001220703,212.4512939453125,34321042.0
1779978600,212.47000122070312,213.14999389648438,211.50999450683594,212.6699981689453,15883778.0
1779982200,212.67999267578125,213.32000732421875,212.10000610351562,212.9949951171875,12354616.0
1779985800,212.99749755859375,213.97500610351562,212.4499969482422,213.22999572753906,11604811.0
1779989400,213.24600219726562,215.51910400390625,212.92999267578125,214.3800048828125,16226317.0
1779993000,214.36459350585938,214.8968963623047,213.86000061035156,214.10000610351562,11783954.0
1779996600,214.1199951171875,214.49000549316406,213.77000427246094,214.3000030517578,7963820.0
1780061400,214.4499969482422,217.35000610351562,212.80999755859375,215.9199981689453,40543469.0
1780065000,215.9149932861328,217.02000427246094,214.36000061035156,215.38999938964844,19932251.0
1780068600,215.4199981689453,217.1199951171875,214.77000427246094,215.98989868164062,11951156.0
1780072200,215.99000549316406,217.52000427246094,215.78990173339844,216.27999877929688,11200176.0
1780075800,216.2899932861328,217.0500030517578,215.2899932861328,216.97000122070312,11436702.0
1780079400,217.0,217.85989379882812,216.45030212402344,216.99000549316406,15770699.0
1780083000,216.9949951171875,217.4499969482422,211.1300048828125,211.14999389648438,37566793.0
1780320600,215.77999877929688,222.1699981689453,215.7050018310547,221.3699951171875,69982504.0
1780324200,221.33999633789062,222.08999633789062,218.99000549316406,219.39999389648438,24378990.0
1780327800,219.38999938964844,222.3699951171875,219.3300018310547,221.9499969482422,17133641.0
1780331400,221.94000244140625,222.39999389648438,220.97000122070312,221.9600067138672,15498968.0
1780335000,221.9600067138672,224.66000366210938,221.52999877929688,224.61599731445312,20858418.0
1780338600,224.61000061035156,224.8699951171875,223.6699981689453,224.0,17259685.0
1780342200,223.98069763183594,224.43499755859375,222.39999389648438,224.4199981689453,14416592.0
1780407000,227.19000244140625,232.27999877929688,225.0500030517578,228.5299072265625,63909850.0
1780410600,228.50999450683594,228.9499969482422,225.35009765625,225.93899536132812,25956281.0
1780414200,225.9499053955078,226.86500549316406,224.14999389648438,224.85000610351562,18776428.0
1780417800,224.8300018310547,225.6300048828125,223.86000061035156,224.16009521484375,14668900.0
1780421400,224.1616973876953,224.2100067138672,222.55999755859375,222.97999572753906,15089002.0
1780425000,222.97000122070312,223.46600341796875,221.89999389648438,222.6300048828125,13667953.0
1780428600,222.6199951171875,222.9499969482422,221.35000610351562,222.82000732421875,12789493.0
1780493400,221.68499755859375,222.82000732421875,215.38999938964844,216.1699981689453,51590417.0
1780497000,216.1699981689453,216.77499389648438,214.5800018310547,216.27999877929688,21547548.0
1780500600,216.27000427246094,217.5500030517578,215.47000122070312,215.63999938964844,14790315.0
1780504200,215.6300048828125,216.10000610351562,214.82000732421875,215.76499938964844,11832778.0
1780507800,215.77499389648438,216.0800018310547,215.22999572753906,215.9949951171875,8460342.0
1780511400,215.9949951171875,216.69859313964844,215.00999450683594,215.2899932861328,10509694.0
1780515000,215.27999877929688,215.94000244140625,214.52000427246094,214.8350067138672,17490269.0
1780579800,213.90499877929688,215.72999572753906,210.97000122070312,213.48989868164062,42925735.0
1780583400,213.4600067138672,216.2100067138672,213.22000122070312,215.97669982910156,19099921.0
1780587000,215.98500061035156,218.2899932861328,215.67999267578125,217.63980102539062,22718163.0
1780590600,217.63499450683594,219.4698944091797,217.3000030517578,218.85009765625,17539276.0
1780594200,218.86000061035156,220.92999267578125,218.72000122070312,220.73989868164062,14832395.0
1780597800,220.73500061035156,221.60000610351562,219.9600067138672,220.22000122070312,15369201.0
1780601400,220.22999572753906,220.4199981689453,214.75,218.71499633789062,12594102.0
1780666200,214.42999267578125,214.8699951171875,210.99000549316406,211.2550048828125,42751920.0
1780669800,211.24090576171875,212.13999938964844,208.49000549316406,208.7100067138672,25918107.0
1780673400,208.6999969482422,209.3800048828125,207.5301055908203,208.72999572753906,22985163.0
1780677000,208.74949645996094,208.8000030517578,206.63999938964844,207.7449951171875,22499860.0
1780680600,207.69500732421875,208.97000122070312,205.7899932861328,206.01499938964844,18338072.0
1780684200,206.00999450683594,206.38999938964844,204.33999633789062,206.3800048828125,26780351.0
1780687800,206.389892578125,206.75999450683594,205.0800018310547,205.10499572753906,21464295.0
1780925400,210.17999267578125,210.389892578125,206.0,207.8249969482422,44382183.0
1780929000,207.8350067138672,208.89999389648438,207.47000122070312,207.6699981689453,15007967.0
1780932600,207.6699981689453,209.7490997314453,207.17999267578125,208.5749969482422,14875777.0
1780936200,208.59500122070312,208.9600067138672,207.64999389648438,208.61000061035156,10832899.0
1780939800,208.58999633789062,209.6199951171875,208.04769897460938,209.25,8862843.0
1780943400,209.25999450683594,209.35000610351562,207.3699951171875,207.81500244140625,9310979.0
1780947000,207.8350067138672,208.75,207.6699981689453,208.61000061035156,9766347.0
1781011800,210.61500549316406,211.38999938964844,205.88999938964844,206.97500610351562,35104582.0
1781015400,206.96009826660156,207.5800018310547,203.30999755859375,203.39999389648438,20627423.0
1781019000,203.4199981689453,205.52999877929688,200.0500030517578,201.47999572753906,28728496.0
1781022600,201.47000122070312,204.24989318847656,199.33999633789062,203.89999389648438,24499652.0
1781026200,203.89999389648438,206.4600067138672,203.6699981689453,206.4573974609375,15381214.0
1781029800,206.44000244140625,207.4600067138672,204.5399932861328,205.92999267578125,18062171.0
1781033400,205.9199981689453,208.27999877929688,205.39500427246094,208.19000244140625,14414185.0
1781098200,204.4250030517578,207.22000122070312,204.30499267578125,206.19500732421875,37809466.0
1781101800,206.1300048828125,206.82000732421875,201.61000061035156,202.72500610351562,24089224.0
1781105400,202.72500610351562,203.86000061035156,201.8699951171875,202.86500549316406,16258127.0
1781109000,202.85000610351562,203.9499969482422,202.00999450683594,202.50999450683594,11358542.0
1781112600,202.52000427246094,203.4600067138672,201.86500549316406,202.25999450683594,12025403.0
1781116200,202.25999450683594,202.35499572753906,199.9199981689453,200.20669555664062,17915177.0
1781119800,200.2100067138672,201.8800048828125,200.1300048828125,200.33999633789062,15284450.0
1781184600,201.39500427246094,203.64999389648438,201.0800018310547,202.34500122070312,32266655.0
1781188200,202.36000061035156,203.0,199.5399932861328,200.6999969482422,16495119.0
1781191800,200.6699981689453,202.0449981689453,200.47999572753906,201.3300018310547,11152450.0
1781195400,201.31500244140625,202.86000061035156,199.710693359375,202.80999755859375,12220334.0
1781199000,202.8249969482422,204.47000122070312,201.63999938964844,202.75999450683594,19155650.0
1781202600,202.78990173339844,204.66000366210938,201.97900390625,204.47000122070312,15806431.0
1781206200,204.47999572753906,205.66000366210938,204.14199829101562,204.6699981689453,18111343.0
1781271000,204.72999572753906,206.67999267578125,203.43850708007812,205.69000244140625,28371615.0
1781274600,205.66000366210938,207.07000732421875,203.9501953125,206.9550018310547,15070173.0
1781278200,206.9600067138672,206.99969482421875,203.91000366210938,204.99899291992188,14030065.0
1781281800,204.97000122070312,205.5800018310547,204.3426971435547,205.02999877929688,8790409.0
1781285400,205.0695037841797,205.5500030517578,204.19500732421875,204.9199981689453,8646872.0
1781289000,204.92999267578125,205.3249969482422,204.58999633789062,204.75,9541207.0
1781292600,204.72000122070312,205.27999877929688,203.91000366210938,205.1300048828125,10118712.0
1781530200,208.85499572753906,210.99000549316406,208.33999633789062,209.39500427246094,35221336.0
1781533800,209.39999389648438,211.38999938964844,209.22999572753906,211.1649932861328,18300746.0
1781537400,211.1649932861328,212.710693359375,210.8300018310547,212.34500122070312,15277982.0
1781541000,212.35000610351562,212.6699981689453,211.85299682617188,212.52999877929688,8737594.0
1781544600,212.52000427246094,212.64999389648438,211.4199981689453,211.94000244140625,8729960.0
1781548200,211.9600067138672,212.55999755859375,211.6199951171875,211.66000366210938,10839617.0
1781551800,211.64999389648438,212.60000610351562,211.2899932861328,212.4600067138672,11139647.0
1781616600,211.11500549316406,211.4600067138672,208.5500030517578,209.07000732421875,30034891.0
1781620200,209.0749969482422,210.32000732421875,208.5301055908203,209.14999389648438,14305358.0
1781623800,209.16000366210938,209.72000122070312,208.5229949951172,209.28500366210938,13369494.0
1781627400,209.2899932861328,209.32000732421875,208.27999877929688,209.10000610351562,8556136.0
1781631000,209.09500122070312,209.82000732421875,208.86000061035156,209.45010375976562,6300814.0
1781634600,209.45010375976562,209.4949951171875,208.07000732421875,208.9300994873047,9483751.0
1781638200,208.92999267578125,209.10000610351562,207.2899932861328,207.2899932861328,12123602.0
1781703000,208.52999877929688,209.2100067138672,206.74000549316406,207.89439392089844,22060313.0
1781706600,207.89999389648438,207.92999267578125,205.9199981689453,206.4499969482422,16048970.0
1781710200,206.44000244140625,207.65989685058594,206.0399932861328,207.42999267578125,10199498.0
1781713800,207.4250030517578,207.63999938964844,206.60000610351562,207.36399841308594,6314626.0
1781717400,207.3800048828125,207.91000366210938,205.3000030517578,205.96499633789062,15129654.0
1781721000,205.9600067138672,207.67999267578125,204.44000244140625,204.72000122070312,15933371.0
1781724600,204.7100067138672,205.1699981689453,203.4499969482422,204.67799377441406,13761435.0
1781789400,207.27499389648438,209.8699951171875,206.5,209.13009643554688,51088536.0
1781793000,209.1300048828125,209.77999877929688,208.57000732421875,208.88499450683594,15929835.0
1781796600,208.89999389648438,210.11000061035156,207.63999938964844,209.98500061035156,14486519.0
1781800200,209.98500061035156,211.1999969482422,209.8800048828125,210.05999755859375,14248546.0
1781803800,210.06500244140625,210.5399932861328,209.61000061035156,210.19500732421875,10363083.0
1781807400,210.19000244140625,210.5,209.58009338378906,209.85499572753906,10980653.0
1781811000,209.85000610351562,211.38999938964844,209.52000427246094,210.22999572753906,15910016.0
1782135000,211.44500732421875,213.99000549316406,210.7899932861328,211.11000061035156,32277192.0
1782138600,211.1199951171875,211.13999938964844,208.6199951171875,209.8300018310547,18584286.0
1782142200,209.8300018310547,210.88999938964844,209.17059326171875,209.76499938964844,12023919.0
1782145800,209.75999450683594,209.9199981689453,208.8800048828125,208.99000549316406,7509506.0
1782149400,208.99200439453125,209.27000427246094,208.4499969482422,208.75,8350932.0
1782153000,208.75999450683594,209.13499450683594,207.9499969482422,208.00999450683594,9381436.0
1782156600,208.00010681152344,208.85000610351562,207.72000122070312,208.55999755859375,10038649.0
1782221400,202.16000366210938,203.77000427246094,200.0399932861328,203.05999755859375,36782681.0
1782225000,203.09280395507812,203.4499969482422,200.42999267578125,200.76499938964844,16748004.0
1782228600,200.75999450683594,202.96099853515625,200.6199951171875,202.22999572753906,12290930.0
1782232200,202.24000549316406,202.8000030517578,201.75,202.50999450683594,8274401.0
1782235800,202.5,202.6199951171875,201.44000244140625,201.65499877929688,7733859.0
1782239400,201.64999389648438,201.7187042236328,200.3000030517578,201.22500610351562,12239934.0
1782243000,201.2100067138672,201.47000122070312,200.0,200.02099609375,16532889.0
1782307800,200.07000732421875,201.64999389648438,198.60000610351562,199.8699951171875,28008146.0
1782311400,199.87989807128906,201.50999450683594,199.8699951171875,200.91000366210938,12449494.0
1782315000,200.90499877929688,201.25,200.41000366210938,200.73500061035156,7326519.0
1782318600,200.74000549316406,200.74000549316406,197.86000061035156,197.9600067138672,13148832.0
1782322200,197.97900390625,198.77000427246094,197.32989501953125,198.57000732421875,13660727.0
1782325800,198.5850067138672,198.72999572753906,196.5800018310547,197.74000549316406,14947301.0
1782329400,197.74000549316406,199.22999572753906,196.95010375976562,199.08999633789062,16049039.0
1782394200,200.0800018310547,200.7899932861328,192.1300048828125,194.49000549316406,44951770.0
1782397800,194.49009704589844,196.67999267578125,194.27000427246094,195.1699981689453,18843470.0
1782401400,195.17999267578125,197.10000610351562,195.12010192871094,196.0,12255382.0
1782405000,196.0,196.01499938964844,194.50999450683594,195.39500427246094,8772904.0
1782408600,195.39999389648438,195.84759521484375,193.72459411621094,195.75999450683594,11232048.0
1782412200,195.77000427246094,195.77000427246094,193.7032928466797,194.3800048828125,10930247.0
1782415800,194.3699951171875,195.9600067138672,193.89990234375,195.74000549316406,13648157.0
1782480600,193.10499572753906,194.52999877929688,191.22000122070312,193.72000122070312,28961043.0
1782484200,193.73399353027344,193.92999267578125,192.48500061035156,193.6300048828125,14567534.0
1782487800,193.63999938964844,195.25,193.60000610351562,194.1699981689453,13745368.0
1782491400,194.16990661621094,195.17999267578125,193.9300994873047,195.03500366210938,9918426.0
1782495000,195.03500366210938,195.5500030517578,193.9199981689453,194.02000427246094,12982807.0
1782498600,194.02499389648438,194.52000427246094,193.39999389648438,193.9499969482422,11624906.0
1782502200,193.97999572753906,195.17999267578125,191.7100067138672,191.72000122070312,16613227.0
1782739800,193.78500366210938,196.1699981689453,189.8000030517578,192.6999969482422,38602241.0
1782743400,192.72000122070312,195.1199951171875,192.5800018310547,194.25999450683594,21746232.0
1782747000,194.27000427246094,194.3699951171875,192.75010681152344,192.8350067138672,12981698.0
1782750600,192.83999633789062,194.7899932861328,192.71119689941406,194.6699981689453,9754484.0
1782754200,194.6699981689453,195.05999755859375,193.69000244140625,193.8000030517578,8884834.0
1782757800,193.8249969482422,194.8699951171875,193.75999450683594,194.7100067138672,9205080.0
1782761400,194.7100067138672,195.17999267578125,194.52000427246094,194.89999389648438,13323532.0
1782826200,197.19500732421875,199.05990600585938,195.11000061035156,197.6999969482422,32380246.0
1782829800,197.72000122070312,198.64500427246094,196.42999267578125,198.24000549316406,12211124.0
1782833400,198.24000549316406,198.64999389648438,197.8000030517578,197.9499969482422,9172896.0
1782837000,197.9499969482422,198.55999755859375,197.64500427246094,198.2100067138672,8237126.0
1782840600,198.2100067138672,199.4696044921875,198.05999755859375,198.92999267578125,9699758.0
1782844200,198.92999267578125,199.4149932861328,198.10000610351562,199.27999877929688,14391369.0
1782847800,199.27000427246094,200.6300048828125,198.3699951171875,199.77000427246094,22100545.0
1782912600,196.1699981689453,196.57000732421875,193.4499969482422,196.1999969482422,33832957.0
1782916200,196.2050018310547,196.99000549316406,194.47000122070312,196.92999267578125,17244030.0
1782919800,196.9302978515625,197.36000061035156,196.57009887695312,197.06199645996094,11051098.0
1782923400,197.0800018310547,198.47999572753906,196.910400390625,198.2050018310547,12076805.0
1782927000,198.1999969482422,198.9250030517578,197.67999267578125,198.09500122070312,11622565.0
1782930600,198.09500122070312,199.85000610351562,197.89010620117188,199.3000030517578,13205841.0
1782934200,199.3000030517578,199.70989990234375,197.22999572753906,197.5800018310547,16409561.0
1782999000,197.14999389648438,200.05499267578125,196.77999877929688,197.85000610351562,25455768.0
1783002600,197.88999938964844,198.2050018310547,194.4199981689453,194.7794952392578,20691466.0
1783006200,194.77999877929688,196.0,193.625,193.7899932861328,15015064.0
1783009800,193.7899932861328,194.15989685058594,192.76199340820312,193.0500030517578,12353010.0
1783013400,193.0449981689453,193.86000061035156,192.35000610351562,193.76260375976562,11468938.0
1783017000,193.75999450683594,193.9499969482422,192.52999877929688,193.10499572753906,11027767.0
1783020600,193.11500549316406,195.0,193.06500244140625,194.6199951171875,15092870.0
1783344600,194.38999938964844,197.4199981689453,194.0,196.57400512695312,24790156.0
1783348200,196.58990478515625,196.75999450683594,195.36000061035156,196.5135040283203,11070371.0
1783351800,196.5,197.5500030517578,196.02999877929688,197.0,10338717.0
1783355400,197.00509643554688,197.24000549316406,195.85000610351562,195.97000122070312,7095621.0
1783359000,195.97000122070312,196.6699981689453,195.6300048828125,196.27000427246094,7308554.0
1783362600,196.27000427246094,197.13999938964844,196.0399932861328,196.85000610351562,7906694.0
1783366200,196.85499572753906,197.03500366210938,195.4199981689453,195.5749969482422,11769018.0
1783431000,192.3699951171875,193.5,191.44000244140625,191.860107421875,30891972.0
1783434600,191.8699951171875,193.36500549316406,191.14999389648438,193.0500030517578,14107434.0
1783438200,193.0500030517578,197.58999633789062,192.8000946044922,197.38999938964844,16102972.0
1783441800,197.38949584960938,198.41000366210938,196.63099670410156,197.44000244140625,15688038.0
1783445400,197.42999267578125,198.25,197.22000122070312,197.27499389648438,8714306.0
1783449000,197.27999877929688,197.64999389648438,195.6999969482422,196.14500427246094,11148682.0
1783452600,196.14999389648438,197.0500030517578,195.47000122070312,196.92999267578125,10579644.0
1783517400,195.1300048828125,199.86000061035156,195.10499572753906,197.00999450683594,24772824.0
1783521000,197.00999450683594,199.4499969482422,196.0500030517578,196.58999633789062,20952645.0
1783524600,196.5500030517578,200.10000610351562,196.5500030517578,199.2528076171875,13979919.0
1783528200,199.25999450683594,203.12899780273438,198.906494140625,203.0800018310547,16353935.0
1783531800,203.08999633789062,203.7100067138672,201.89999389648438,202.19000244140625,15515856.0
1783535400,202.1999969482422,204.8300018310547,202.09300231933594,204.4550018310547,17705271.0
1783539000,204.4550018310547,205.14999389648438,203.77000427246094,204.14999389648438,15113069.0
1783603800,204.4600067138672,204.4600067138672,198.97000122070312,200.23500061035156,39934967.0
1783607400,200.24850463867188,202.1999969482422,199.30999755859375,201.72000122070312,16617266.0
1783611000,201.74000549316406,202.5084991455078,201.17030334472656,202.17630004882812,12019513.0
1783614600,202.19000244140625,203.3300018310547,201.63999938964844,202.8300018310547,9438328.0
1783618200,202.8300018310547,203.5500030517578,202.77000427246094,203.50999450683594,8857216.0
1783621800,203.52999877929688,204.5800018310547,202.97000122070312,203.7899932861328,12628428.0
1783625400,203.77999877929688,204.1300048828125,202.58999633789062,202.72999572753906,9554841.0
1783690200,201.9199981689453,208.13999938964844,201.9199981689453,207.3000030517578,36233936.0
1783693800,207.2899932861328,208.8000030517578,205.72000122070312,208.57000732421875,20223518.0
1783697400,208.58999633789062,210.55999755859375,207.66000366210938,209.7899932861328,21713068.0
1783701000,209.7949981689453,210.3800048828125,209.41000366210938,210.19000244140625,11647482.0
1783704600,210.19000244140625,210.87989807128906,209.92999267578125,210.30999755859375,13804151.0
1783708200,210.32000732421875,210.73989868164062,209.74000549316406,209.96609497070312,13506969.0
1783711800,209.97000122070312,211.0,209.55999755859375,210.9499969482422,13007287.0
1783949400,208.5399932861328,210.57000732421875,207.02000427246094,208.6300048828125,27014241.0
1783953000,208.6300048828125,208.8800048828125,206.63999938964844,207.80499267578125,13323007.0
1783956600,207.80999755859375,208.02999877929688,205.57000732421875,205.9199981689453,11983424.0
1783960200,205.9199981689453,205.9199981689453,203.83999633789062,204.24000549316406,12908962.0
1783963800,204.25,204.4499969482422,203.47000122070312,203.6300048828125,10329870.0
1783967400,203.61500549316406,204.5,203.35000610351562,203.8300018310547,9793873.0
1783971000,203.85000610351562,204.5,203.4199981689453,203.47999572753906,11656158.0
1784035800,208.1999969482422,208.33999633789062,203.8000030517578,205.53219604492188,25632188.0
1784039400,205.5399932861328,209.13999938964844,205.25,209.10000610351562,14604201.0
1784043000,209.1199951171875,209.5850067138672,208.3101043701172,209.55499267578125,12188634.0
1784046600,209.55999755859375,211.52000427246094,209.3000030517578,211.02999877929688,15022566.0
1784050200,211.02999877929688,212.10000610351562,210.50999450683594,211.77969360351562,11128924.0
1784053800,211.77999877929688,212.5399932861328,211.25999450683594,211.27499389648438,11614521.0
1784057400,211.27999877929688,212.3000030517578,211.02000427246094,211.8000030517578,12017876.0
1784122200,212.00999450683594,213.80999755859375,209.36000061035156,210.67999267578125,24516818.0
1784125800,210.67999267578125,210.82000732421875,208.3699951171875,209.5,14631685.0
1784129400,209.5050048828125,209.73779296875,206.52000427246094,206.86000061035156,15327331.0
1784133000,206.85499572753906,209.10989379882812,206.0399932861328,209.02999877929688,13390113.0
1784136600,209.02999877929688,211.0,208.86000061035156,210.47000122070312,10112385.0
1784140200,210.49000549316406,212.00999450683594,209.85000610351562,210.968505859375,11623451.0
1784143800,211.0,212.56930541992188,210.91000366210938,212.49000549316406,11587685.0
1784208600,210.26499938964844,211.0800018310547,207.17999267578125,208.9698944091797,24620465.0
1784212200,208.9499969482422,209.14999389648438,205.85000610351562,207.05999755859375,18003767.0
1784215800,207.02999877929688,212.5,206.4644012451172,207.22000122070312,10939067.0
1784219400,207.22999572753906,207.81500244140625,206.6199951171875,207.32260131835938,8899771.0
1784223000,207.3300018310547,207.4499969482422,205.875,206.88999938964844,11882319.0
1784226600,206.8800048828125,207.66000366210938,206.13999938964844,206.47000122070312,9956016.0
1784230200,206.4600067138672,207.5399932861328,205.94000244140625,207.47000122070312,14191211.0
1784295000,202.39999389648438,206.1999969482422,197.97000122070312,203.8000030517578,54332090.0
1784298600,203.82000732421875,204.64500427246094,202.3699951171875,203.9250030517578,16729585.0
1784302200,203.9250030517578,205.39990234375,203.83999633789062,204.8350067138672,13260696.0
1784305800,204.8249969482422,206.64500427246094,204.55999755859375,206.13499450683594,10360412.0
1784309400,206.13999938964844,206.22999572753906,202.99000549316406,203.3957977294922,9230035.0
1784313000,203.36000061035156,203.89999389648438,201.63009643554688,202.96499633789062,11831616.0
1784316600,202.97000122070312,203.82000732421875,202.52000427246094,202.63999938964844,11012934.0
1784554200,206.03799438476562,207.74000549316406,204.66000366210938,205.93499755859375,21217575.0
1784557800,205.9261016845703,206.5050048828125,204.58009338378906,206.49000549316406,10233874.0
1784561400,206.4604949951172,206.53500366210938,204.77999877929688,205.27499389648438,8034257.0
1784565000,205.2899932861328,205.36000061035156,203.0426025390625,203.7899932861328,8684039.0
1784568600,203.7899932861328,205.01499938964844,203.6501007080078,204.30999755859375,6310147.0
1784572200,204.3105926513672,204.31500244140625,202.27999877929688,202.95989990234375,9559725.0
1784575800,202.9499969482422,203.44000244140625,202.5800018310547,203.3800048828125,7870520.0
1784640600,207.5399932861328,208.64999389648438,204.01010131835938,205.38999938964844,24526611.0
1784644200,205.3699951171875,206.72999572753906,204.70030212402344,206.60000610351562,11920887.0
1784647800,206.6199951171875,206.82000732421875,205.02000427246094,205.0850067138672,13342712.0
1784651400,205.0800018310547,206.36000061035156,204.8300018310547,206.125,11789499.0
1784655000,206.125,206.96499633789062,205.71119689941406,206.25,7310358.0
1784658600,206.24989318847656,207.34500122070312,206.22000122070312,206.77000427246094,10329363.0
1784662200,206.7899932861328,207.82009887695312,206.5,207.17999267578125,10439183.0
1784727000,205.80499267578125,208.22999572753906,204.9499969482422,206.79949951171875,20545500.0
1784730600,206.8000030517578,213.5458984375,206.4499969482422,212.1999969482422,26786013.0
1784734200,212.22500610351562,214.25999450683594,211.83999633789062,213.5,19851505.0
1784737800,213.49000549316406,214.38999938964844,213.1999969482422,213.75999450683594,13149669.0
1784741400,213.77000427246094,214.37989807128906,213.46009826660156,213.74000549316406,9948041.0
1784745000,213.72999572753906,214.2050018310547,212.91000366210938,213.35000610351562,11609223.0
1784748600,213.35000610351562,213.39999389648438,211.72000122070312,212.05990600585938,13401761.0
1784813400,209.39500427246094,210.8686981201172,208.0500030517578,208.5760040283203,24237343.0
1784817000,208.5399932861328,209.12989807128906,206.04010009765625,206.3800048828125,15403198.0
1784820600,206.34500122070312,209.81500244140625,205.9600067138672,209.6300048828125,11580527.0
1784824200,209.63999938964844,210.42999267578125,209.17999267578125,210.1300048828125,9217654.0
1784827800,210.13499450683594,210.1999969482422,208.19000244140625,208.57000732421875,7295185.0
1784831400,208.57980346679688,208.8249969482422,207.1199951171875,207.84500122070312,9313061.0
1784835000,207.85000610351562,208.97999572753906,206.88999938964844,208.6999969482422,10705777.0
1784899800,207.55999755859375,208.60000610351562,205.6699981689453,208.11000061035156,20305939.0
1784903400,208.11000061035156,210.36000061035156,207.10000610351562,209.2100067138672,15086430.0
1784907000,209.2100067138672,211.90989685058594,208.97999572753906,210.77000427246094,14557643.0
1784910600,210.77499389648438,210.8800048828125,209.52000427246094,210.25,9038412.0
1784914200,210.27000427246094,210.52999877929688,207.72999572753906,207.8249969482422,7838822.0
1784917800,207.8300018310547,207.88580322265625,204.80999755859375,205.60659790039062,17993073.0
1784921400,205.60000610351562,207.17999267578125,205.2899932861328,206.9600067138672,13248396.0
