time,open,high,low,close,volume
1640995200,1.309,1.336,1.308,1.326,8784588.790000001
1641009600,1.326,1.337,1.306,1.325,6296802.16
1641024000,1.325,1.332,1.312,1.319,1706489.5699999998
1641038400,1.319,1.339,1.319,1.333,2553155.17
1641052800,1.333,1.348,1.331,1.347,4927653.95
1641067200,1.347,1.38,1.346,1.38,6670066.58
1641081600,1.38,1.382,1.349,1.355,4181047.54
1641096000,1.355,1.369,1.343,1.355,3619335.47
1641110400,1.355,1.368,1.349,1.364,2195023.75
1641124800,1.364,1.374,1.356,1.37,3365193.16
1641139200,1.37,1.391,1.356,1.363,7709229.55
1641153600,1.363,1.38,1.358,1.378,3782426.38
1641168000,1.378,1.378,1.346,1.35,4429966.98
1641182400,1.35,1.361,1.345,1.353,2429112.88
1641196800,1.353,1.373,1.349,1.371,2717536.05
1641211200,1.371,1.374,1.35,1.353,4203764.15
1641225600,1.353,1.356,1.325,1.33,10511089.78
1641240000,1.33,1.332,1.311,1.319,8414482.95
1641254400,1.319,1.323,1.296,1.315,8606339.21
1641268800,1.315,1.324,1.307,1.324,3333195.97
1641283200,1.324,1.341,1.319,1.34,3556492.52
1641297600,1.34,1.351,1.328,1.335,6348451.33
1641312000,1.335,1.349,1.302,1.315,9112989.75
1641326400,1.315,1.327,1.308,1.309,4120074.05
1641340800,1.309,1.334,1.304,1.331,3397642.75
1641355200,1.331,1.351,1.329,1.34,2940364.1
1641369600,1.34,1.352,1.324,1.329,2687652.95
1641384000,1.329,1.336,1.316,1.327,6963876.36
1641398400,1.327,1.328,1.247,1.255,16793050.62
1641412800,1.255,1.266,1.195,1.23,22464402.6
1641427200,1.23,1.243,1.203,1.203,8385216.8
1641441600,1.203,1.232,1.198,1.223,7303317.220000001
1641456000,1.223,1.224,1.193,1.203,9282742.68
1641470400,1.203,1.248,1.187,1.233,31096102.17
1641484800,1.233,1.254,1.225,1.247,21795969.77
1641499200,1.247,1.297,1.247,1.28,32991401.13
1641513600,1.28,1.285,1.202,1.207,35015936.65
1641528000,1.207,1.239,1.19,1.207,50820432.05
1641542400,1.207,1.244,1.203,1.232,20971797.38
1641556800,1.232,1.25,1.194,1.209,38818265.120000005
1641571200,1.209,1.24,1.195,1.224,27450242.05
1641585600,1.224,1.231,1.201,1.209,16365310.88
1641600000,1.209,1.234,1.207,1.223,17509052.58
1641614400,1.223,1.242,1.217,1.238,11815303.84
1641628800,1.238,1.254,1.234,1.237,11085958.77
1641643200,1.237,1.245,1.21,1.215,12550136.11
1641657600,1.215,1.224,1.129,1.145,73227355.74000001
1641672000,1.145,1.231,1.136,1.183,39381704.47
1641686400,1.183,1.199,1.173,1.176,26368094.47
1641700800,1.176,1.189,1.173,1.179,13216482.16
1641715200,1.179,1.183,1.152,1.163,13098869.71
1641729600,1.163,1.17,1.148,1.162,16172482.02
1641744000,1.162,1.206,1.157,1.202,26943199.66
1641758400,1.202,1.206,1.168,1.17,17665154.33
1641772800,1.17,1.181,1.156,1.162,17225694.799999997
1641787200,1.162,1.181,1.161,1.177,11631541.46
1641801600,1.177,1.178,1.148,1.152,10708298.73
1641816000,1.152,1.154,1.072,1.114,72385106.84
1641830400,1.114,1.138,1.091,1.115,36782966.07
1641844800,1.115,1.144,1.108,1.124,19811393.77
1641859200,1.124,1.169,1.123,1.162,24148507.95
1641873600,1.162,1.165,1.147,1.154,8800652.26
1641888000,1.154,1.167,1.134,1.143,15313349.39
1641902400,1.143,1.162,1.136,1.159,18994116.51
1641916800,1.159,1.196,1.158,1.187,27594405.02
1641931200,1.187,1.195,1.176,1.188,11568703.86
1641945600,1.188,1.221,1.187,1.219,25808169.87
1641960000,1.219,1.222,1.199,1.203,13592155.26
1641974400,1.203,1.256,1.203,1.245,21587154.55
1641988800,1.245,1.282,1.244,1.277,39908259.52
1642003200,1.277,1.296,1.27,1.288,28082134.82
1642017600,1.288,1.312,1.287,1.312,25629589.94
1642032000,1.312,1.354,1.292,1.296,46499939.64
1642046400,1.296,1.315,1.279,1.289,22513424.17
1642060800,1.289,1.309,1.274,1.275,16693357.13
1642075200,1.275,1.323,1.249,1.268,37306129.76
1642089600,1.268,1.279,1.233,1.246,29051988.13
1642104000,1.246,1.253,1.228,1.233,22530877.81
1642118400,1.233,1.251,1.224,1.247,17024976.49
1642132800,1.247,1.309,1.246,1.286,36674319.120000005
1642147200,1.286,1.288,1.227,1.234,31186585.91
1642161600,1.234,1.274,1.22,1.269,23500575.02
1642176000,1.269,1.273,1.25,1.264,14955862.76
1642190400,1.264,1.308,1.263,1.293,27949843.28
1642204800,1.293,1.294,1.268,1.27,14492465.14
1642219200,1.27,1.274,1.259,1.272,7888737.2
1642233600,1.272,1.284,1.26,1.267,7713143.02
1642248000,1.267,1.287,1.252,1.287,16331304.95
1642262400,1.287,1.299,1.275,1.299,11689709.75
1642276800,1.299,1.319,1.292,1.292,19000162.44
1642291200,1.292,1.353,1.287,1.336,35480118.79
1642305600,1.336,1.38,1.333,1.37,39629755.72
1642320000,1.37,1.4,1.358,1.392,30358561.96
1642334400,1.392,1.423,1.384,1.411,48574777.81
1642348800,1.411,1.419,1.386,1.389,39589131.53
1642363200,1.389,1.423,1.384,1.412,28332394.34
1642377600,1.412,1.495,1.387,1.455,91451037.47
1642392000,1.455,1.542,1.436,1.532,79344379.99
1642406400,1.532,1.561,1.512,1.517,60939104.16
1642420800,1.517,1.547,1.475,1.484,71703952.68
1642435200,1.484,1.573,1.454,1.559,105870007.01
1642449600,1.559,1.605,1.503,1.603,94476847.26
1642464000,1.603,1.638,1.563,1.578,117383163.37
1642478400,1.578,1.587,1.538,1.543,45189822.08
1642492800,1.543,1.543,1.474,1.493,63849206.42
1642507200,1.493,1.509,1.431,1.454,76127631.24
1642521600,1.454,1.462,1.412,1.436,50130329.260000005
1642536000,1.436,1.508,1.414,1.459,61730143.82
1642550400,1.459,1.534,1.441,1.452,79487466.85
1642564800,1.452,1.457,1.355,1.379,67240337.28
1642579200,1.379,1.43,1.364,1.428,50385150.22
1642593600,1.428,1.444,1.396,1.405,49743440.51
1642608000,1.405,1.41,1.367,1.368,46835496.16
1642622400,1.368,1.368,1.327,1.337,54891644.14
1642636800,1.337,1.357,1.317,1.351,56895444.76
1642651200,1.351,1.374,1.34,1.365,31600046.04
1642665600,1.365,1.367,1.334,1.35,20478737.54
1642680000,1.35,1.427,1.337,1.406,50264805.62
1642694400,1.406,1.415,1.377,1.388,38297744.11
1642708800,1.388,1.392,1.25,1.26,116684572.15
1642723200,1.26,1.287,1.201,1.206,138062422.03
1642737600,1.206,1.244,1.206,1.242,51221590.16
1642752000,1.242,1.244,1.208,1.217,27689437.54
1642766400,1.217,1.221,1.166,1.212,75257525.62
1642780800,1.212,1.222,1.18,1.185,47459495.17
1642795200,1.185,1.211,1.101,1.121,104456941.56
1642809600,1.121,1.155,1.115,1.136,48957700.78
1642824000,1.136,1.142,1.032,1.035,85579691.8
1642838400,1.035,1.055,0.9262,1.029,130551392.63
1642852800,1.029,1.144,1.022,1.055,103048898.16
1642867200,1.055,1.109,1.022,1.029,85775963.24000001
1642881600,1.029,1.103,1.025,1.071,71326691.57
1642896000,1.071,1.1,1.052,1.069,41199555.72
1642910400,1.069,1.133,1.063,1.121,53113494.1
1642924800,1.121,1.169,1.114,1.121,42690276.93
1642939200,1.121,1.136,1.078,1.094,41995866.85
1642953600,1.094,1.114,1.052,1.059,43198338.09
1642968000,1.059,1.139,1.054,1.125,47976464.07
1642982400,1.125,1.125,1.066,1.074,32348938.61
1642996800,1.074,1.081,1.027,1.03,30368617.1
1643011200,1.03,1.059,0.9634,0.9834,93238403.83
1643025600,0.9834,1.029,0.9517,1.02,109076020.43
1643040000,1.02,1.079,0.9896,1.062,86863797.33
1643054400,1.062,1.108,1.054,1.067,53989746.39
1643068800,1.067,1.069,1.03,1.048,29755356.28
1643083200,1.048,1.051,0.9927,1.015,29113084.75
1643097600,1.015,1.054,1.012,1.031,23291064.18
1643112000,1.031,1.054,1.004,1.029,40832904.6
1643126400,1.029,1.075,1.027,1.058,41380498.64
1643140800,1.058,1.058,1.021,1.042,26409216.130000003
1643155200,1.042,1.051,1.023,1.049,26728730.91
1643169600,1.049,1.065,1.029,1.042,26879455.78
1643184000,1.042,1.072,1.042,1.071,19995750.98
1643198400,1.071,1.131,1.064,1.107,67223554.32
1643212800,1.107,1.158,1.07,1.122,89749476.91
1643227200,1.122,1.123,1.03,1.078,85842503.96
1643241600,1.078,1.08,1.003,1.016,49571568.49
1643256000,1.016,1.056,1.012,1.044,24393217.61
1643270400,1.044,1.06,1.032,1.052,20428617.14
1643284800,1.052,1.078,1.043,1.05,31078009.94
1643299200,1.05,1.061,1.021,1.026,31697352.07
1643313600,1.026,1.05,1.005,1.043,35076446.39
1643328000,1.043,1.059,1.022,1.049,26302431.18
1643342400,1.049,1.055,1.031,1.034,17468388.86
1643356800,1.034,1.038,1.01,1.02,20287181.15
1643371200,1.02,1.04,1.013,1.039,31034205.22
1643385600,1.039,1.047,1.026,1.038,20038483.18
1643400000,1.038,1.06,1.033,1.049,23993561.34
1643414400,1.049,1.06,1.039,1.051,12591688.65
1643428800,1.051,1.076,1.046,1.074,14812506.49
1643443200,1.074,1.076,1.059,1.064,12409670.4
1643457600,1.064,1.083,1.047,1.054,23780082.31
1643472000,1.054,1.065,1.042,1.056,16176131.33
1643486400,1.056,1.076,1.054,1.06,17495246.34
1643500800,1.06,1.066,1.051,1.061,10399064.35
1643515200,1.061,1.078,1.06,1.075,10914524.19
1643529600,1.075,1.077,1.059,1.067,7239455.55
1643544000,1.067,1.069,1.048,1.054,12666234.35
1643558400,1.054,1.058,1.024,1.031,20742367.62
1643572800,1.031,1.049,1.028,1.036,18011992.48
1643587200,1.036,1.038,1.01,1.022,23674520.58
1643601600,1.022,1.026,1.011,1.024,12283623.68
1643616000,1.024,1.027,1.014,1.024,7635342.68
1643630400,1.024,1.039,1.013,1.036,31547700.590000004
1643644800,1.036,1.059,1.033,1.044,35389618.81
1643659200,1.044,1.055,1.039,1.052,18648654.38
1643673600,1.052,1.057,1.035,1.057,20210742.3
1643688000,1.057,1.064,1.045,1.056,15687312.68
1643702400,1.056,1.073,1.045,1.055,27301011.37
1643716800,1.055,1.075,1.053,1.066,28979629.73
1643731200,1.066,1.079,1.063,1.066,27667956.61
1643745600,1.066,1.097,1.066,1.096,21591211.39
1643760000,1.096,1.103,1.082,1.091,24871669.27
1643774400,1.091,1.091,1.056,1.06,21145650.4
1643788800,1.06,1.073,1.057,1.069,17547408.88
1643803200,1.069,1.083,1.04,1.047,34861698.13
1643817600,1.047,1.059,1.032,1.056,18445046.27
1643832000,1.056,1.058,1.024,1.027,20346806.17
1643846400,1.027,1.037,1.02,1.029,16989550.84
1643860800,1.029,1.043,1.028,1.042,7862971.94
1643875200,1.042,1.044,1.018,1.031,15385076.58
1643889600,1.031,1.05,1.019,1.046,24001312.05
1643904000,1.046,1.058,1.041,1.046,23393369.61
1643918400,1.046,1.062,1.037,1.061,19663257.69
1643932800,1.061,1.062,1.046,1.054,12561833.8
1643947200,1.054,1.075,1.051,1.065,14141256.27
1643961600,1.065,1.071,1.058,1.058,10153756.13
1643976000,1.058,1.084,1.047,1.079,30493027.29
1643990400,1.079,1.115,1.078,1.103,41289586.22
1644004800,1.103,1.14,1.102,1.139,26052220.51
1644019200,1.139,1.148,1.124,1.143,25409024.44
1644033600,1.143,1.178,1.138,1.153,32899773.33
1644048000,1.153,1.169,1.152,1.158,11620399.35
1644062400,1.158,1.159,1.135,1.152,18141187.34
1644076800,1.152,1.153,1.097,1.115,30898193.61
1644091200,1.115,1.134,1.11,1.126,13992859.48
1644105600,1.126,1.145,1.121,1.129,14667760.32
1644120000,1.129,1.132,1.112,1.128,10217582.2
1644134400,1.128,1.135,1.116,1.119,7311453.63
1644148800,1.119,1.137,1.099,1.114,18410940.03
1644163200,1.114,1.124,1.112,1.122,10088538.86
1644177600,1.122,1.151,1.118,1.144,19007345.99
1644192000,1.144,1.176,1.127,1.162,36722712.42
1644206400,1.162,1.168,1.151,1.165,18996559.21
1644220800,1.165,1.195,1.161,1.181,26724609.92
1644235200,1.181,1.209,1.176,1.205,45072054.39
1644249600,1.205,1.209,1.175,1.187,51878042.44
1644264000,1.187,1.208,1.181,1.199,25240488.49
1644278400,1.199,1.254,1.185,1.242,59536365.22
1644292800,1.242,1.264,1.214,1.233,33065300.54
1644307200,1.233,1.237,1.169,1.2,35625340.53
1644321600,1.2,1.2,1.153,1.168,33649597.230000004
1644336000,1.168,1.173,1.134,1.142,31193023.62
1644350400,1.142,1.184,1.14,1.176,22756163.28
1644364800,1.176,1.186,1.153,1.155,19725507.91
1644379200,1.155,1.19,1.154,1.189,20853433.14
1644393600,1.189,1.197,1.173,1.195,12567131.49
1644408000,1.195,1.215,1.192,1.196,30359524.48
1644422400,1.196,1.213,1.188,1.208,24730982.4
1644436800,1.208,1.213,1.192,1.195,22293189.02
1644451200,1.195,1.195,1.168,1.177,21245240.72
1644465600,1.177,1.19,1.171,1.187,9286078.8
1644480000,1.187,1.225,1.182,1.21,16885496.04
1644494400,1.21,1.215,1.149,1.192,63374560.36
1644508800,1.192,1.207,1.168,1.169,24038994.67
1644523200,1.169,1.174,1.145,1.152,26319868.12
1644537600,1.152,1.152,1.123,1.143,26304721.93
1644552000,1.143,1.16,1.135,1.159,9483429.13
1644566400,1.159,1.164,1.141,1.153,14050183.47
1644580800,1.153,1.164,1.15,1.158,17672636.04
1644595200,1.158,1.161,1.106,1.114,28490620.25
1644609600,1.114,1.116,1.068,1.08,31700552.87
1644624000,1.08,1.093,1.066,1.084,18092595.880000003
1644638400,1.084,1.089,1.048,1.062,16922173.3
1644652800,1.062,1.079,1.051,1.073,12387158.56
1644667200,1.073,1.08,1.03,1.051,26895566.2
1644681600,1.051,1.081,1.047,1.067,23490290.26
1644696000,1.067,1.078,1.044,1.059,13530319.14
1644710400,1.059,1.072,1.053,1.056,8716495.540000001
1644724800,1.056,1.064,1.044,1.056,11056833.65
1644739200,1.056,1.073,1.053,1.064,6071887.68
1644753600,1.064,1.077,1.057,1.058,16936803.52
1644768000,1.058,1.059,1.033,1.039,19892251.29
1644782400,1.039,1.053,1.035,1.043,13373042.66
1644796800,1.043,1.046,1.019,1.033,23817403.21
1644811200,1.033,1.039,1.024,1.039,9019179.24
1644825600,1.039,1.043,1.022,1.031,12466090.31
1644840000,1.031,1.055,1.028,1.044,16648404.99
1644854400,1.044,1.054,1.025,1.031,18744349.45
1644868800,1.031,1.054,1.027,1.05,20687854.37
1644883200,1.05,1.084,1.049,1.079,25351383.81
1644897600,1.079,1.082,1.06,1.071,14804801.24
1644912000,1.071,1.097,1.07,1.09,24694266.87
1644926400,1.09,1.114,1.08,1.102,24412399.29
1644940800,1.102,1.105,1.086,1.088,14585909.71
1644955200,1.088,1.115,1.087,1.109,13092264.17
1644969600,1.109,1.109,1.094,1.098,13345182.23
1644984000,1.098,1.104,1.079,1.103,13107296.51
1644998400,1.103,1.112,1.087,1.094,9679830.85
1645012800,1.094,1.096,1.066,1.075,20835872.29
1645027200,1.075,1.096,1.067,1.093,14143846.89
1645041600,1.093,1.098,1.079,1.083,9502849.01
1645056000,1.083,1.094,1.078,1.078,9765282.5
1645070400,1.078,1.083,1.063,1.082,11020367.49
1645084800,1.082,1.085,1.057,1.07,13351577.56
1645099200,1.07,1.076,1.043,1.051,18004536.14
1645113600,1.051,1.057,1.021,1.037,20285576.26
1645128000,1.037,1.038,1.01,1.021,23935504.31
1645142400,1.021,1.038,1.011,1.031,14698568.62
1645156800,1.031,1.039,1.024,1.036,8715313.26
1645171200,1.036,1.043,1.018,1.02,9555138.69
1645185600,1.02,1.028,0.9937,1.004,30789066.1
1645200000,1.004,1.017,0.9932,1.009,33481650.63
1645214400,1.009,1.013,0.9851,0.9959,24593107.66
1645228800,0.9959,1.01,0.9918,1.003,12542645.38
1645243200,1.003,1.019,1.001,1.013,12640408.05
1645257600,1.013,1.015,0.9788,0.9839,15097452.67
1645272000,0.9839,1.001,0.9742,0.9973,19486031.39
1645286400,0.9973,1.01,0.9834,0.9849,19543691.65
1645300800,0.9849,0.9996,0.9834,0.997,9881378.69
1645315200,0.997,0.9981,0.9682,0.9724,17035567.490000002
1645329600,0.9724,0.9744,0.9345,0.9487,36440105.08
1645344000,0.9487,0.9488,0.9255,0.9433,22504137.29
1645358400,0.9433,0.9518,0.9194,0.9419,27812665.22
1645372800,0.9419,0.9509,0.9345,0.9418,15724384.69
1645387200,0.9418,0.9587,0.9269,0.9319,20520969.66
1645401600,0.9319,0.9749,0.9247,0.9576,27831457.65
1645416000,0.9576,0.992,0.957,0.9788,18741252.06
1645430400,0.9788,0.982,0.9181,0.9286,23289340.35
1645444800,0.9286,0.9634,0.8985,0.9483,51704362.85
1645459200,0.9483,0.9538,0.9112,0.9238,32786937.04
1645473600,0.9238,0.9285,0.8526,0.8578,47212050.760000005
1645488000,0.8578,0.8692,0.8143,0.8342,55935417.56
1645502400,0.8342,0.8457,0.8196,0.8294,34157465.95
1645516800,0.8294,0.8732,0.8288,0.8633,31303983.68
1645531200,0.8633,0.8961,0.8543,0.8785,41897227.54
1645545600,0.8785,0.8908,0.862,0.8889,35740807.379999995
1645560000,0.8889,0.8959,0.8691,0.8883,22320194.92
1645574400,0.8883,0.91,0.8772,0.8971,28236501.05
1645588800,0.8971,0.9203,0.8948,0.9151,23803277.19
1645603200,0.9151,0.9431,0.911,0.9303,19266204.270000003
1645617600,0.9303,0.9504,0.9178,0.9179,27947495.7
1645632000,0.9179,0.9596,0.8945,0.8992,35640463.46
1645646400,0.8992,0.9114,0.8635,0.866,24213142.72
1645660800,0.866,0.8734,0.7887,0.7982,57960118.67
1645675200,0.7982,0.8138,0.7477,0.7821,66300863.48
1645689600,0.7821,0.7967,0.7495,0.7644,33929010.07
1645704000,0.7644,0.8166,0.7547,0.8151,50873723.17
1645718400,0.8151,0.8503,0.7925,0.8492,52837612.46
1645732800,0.8492,0.8998,0.8302,0.8532,46380864.16
1645747200,0.8532,0.8676,0.8405,0.858,24403204.6
1645761600,0.858,0.8582,0.832,0.8479,16592527.93
1645776000,0.8479,0.8537,0.8246,0.852,14983300.23
1645790400,0.852,0.8952,0.852,0.884,36494399.13
1645804800,0.884,0.8912,0.8647,0.8675,20985769.49
1645819200,0.8675,0.9096,0.8658,0.8996,21410858.19
1645833600,0.8996,0.9289,0.8963,0.918,26685089.31
1645848000,0.918,0.93,0.8945,0.9104,11730493.82
1645862400,0.9104,0.9179,0.8826,0.8946,11171056.04
1645876800,0.8946,0.9078,0.8836,0.8983,10817880.29
1645891200,0.8983,0.9044,0.8856,0.8967,8990177.84
1645905600,0.8967,0.9057,0.8819,0.8872,9862225.07
1645920000,0.8872,0.888,0.8519,0.8638,20216249.19
1645934400,0.8638,0.8845,0.86,0.8795,7889135.84
1645948800,0.8795,0.9073,0.8736,0.9029,9215837.17
1645963200,0.9029,0.9147,0.8774,0.8999,16170013.68
1645977600,0.8999,0.9017,0.843,0.846,15631227.19
1645992000,0.846,0.8611,0.8333,0.8568,23576454.77
1646006400,0.8568,0.8846,0.8428,0.8787,19072772.16
1646020800,0.8787,0.8887,0.8549,0.885,15223174.34
1646035200,0.885,0.8966,0.8708,0.8779,10509462.85
1646049600,0.8779,0.9404,0.874,0.9403,35083841.97
1646064000,0.9403,0.9508,0.9205,0.923,31882606.06
1646078400,0.923,0.9696,0.9219,0.9643,30895007.61
1646092800,0.9643,0.9822,0.9627,0.9664,31733276.03
1646107200,0.9664,0.9757,0.9527,0.9675,18030460.11
1646121600,0.9675,0.9722,0.9414,0.9565,17783676.42
1646136000,0.9565,1.012,0.9543,0.9684,55178007.6
1646150400,0.9684,0.9762,0.9526,0.9594,19547671.89
1646164800,0.9594,0.9727,0.9518,0.9631,15220267.68
1646179200,0.9631,0.9732,0.9425,0.968,22351654.41
1646193600,0.968,0.9768,0.9475,0.9545,14924473.09
1646208000,0.9545,0.9692,0.9504,0.9642,10280876.78
1646222400,0.9642,0.9736,0.9333,0.9452,30840415.72
1646236800,0.9452,0.9541,0.9278,0.9352,18032966.17
1646251200,0.9352,0.9514,0.9309,0.939,10099880.92
1646265600,0.939,0.9455,0.9163,0.9202,15105906.14
1646280000,0.9202,0.9305,0.9077,0.9237,14747978.84
1646294400,0.9237,0.928,0.9088,0.9163,9824471.38
1646308800,0.9163,0.9376,0.8978,0.9035,19237021.14
1646323200,0.9035,0.9036,0.8841,0.9007,19589119.04
1646337600,0.9007,0.9108,0.8906,0.9023,10766503.16
1646352000,0.9023,0.9027,0.8634,0.8742,21547438.32
1646366400,0.8742,0.8792,0.8639,0.8769,11305066.06
1646380800,0.8769,0.8905,0.8647,0.8871,8756455.879999999
1646395200,0.8871,0.8935,0.8652,0.8686,14106075.58
1646409600,0.8686,0.8813,0.849,0.8499,15684088.07
1646424000,0.8499,0.8519,0.8273,0.8446,18505069.34
1646438400,0.8446,0.8461,0.821,0.8386,16447837.16
1646452800,0.8386,0.8543,0.8318,0.8505,7441776.98
1646467200,0.8505,0.8685,0.8489,0.8663,6982241.73
1646481600,0.8663,0.8825,0.8516,0.8603,16338382.47
1646496000,0.8603,0.8756,0.8591,0.8698,9999019.74
1646510400,0.8698,0.8735,0.8606,0.8654,6903326.29
1646524800,0.8654,0.8716,0.854,0.855,5396893.27
1646539200,0.855,0.8624,0.8427,0.8539,7124289.66
1646553600,0.8539,0.8546,0.8286,0.8351,9174090.12
1646568000,0.8351,0.8504,0.8341,0.8414,9853247.0
1646582400,0.8414,0.8491,0.8295,0.8327,6941359.66
1646596800,0.8327,0.8467,0.8202,0.823,10597116.83
1646611200,0.823,0.8286,0.8053,0.8107,16004591.15
1646625600,0.8107,0.8207,0.8046,0.8073,10344671.75
1646640000,0.8073,0.819,0.8035,0.8181,8324287.34
1646654400,0.8181,0.8467,0.8172,0.8385,14955277.01
1646668800,0.8385,0.8458,0.7837,0.7843,23184467.79
1646683200,0.7843,0.808,0.7781,0.7955,21753157.92
1646697600,0.7955,0.8168,0.7886,0.8112,15822823.42
1646712000,0.8112,0.8134,0.7908,0.7982,9704286.94
1646726400,0.7982,0.8162,0.7976,0.8123,7765093.779999999
1646740800,0.8123,0.8145,0.7901,0.7983,15385446.58
1646755200,0.7983,0.8209,0.7879,0.8018,20487808.56
1646769600,0.8018,0.8043,0.791,0.802,9793732.55
1646784000,0.802,0.8408,0.7996,0.8344,17940844.11
1646798400,0.8344,0.8478,0.8333,0.8441,15737253.59
1646812800,0.8441,0.8563,0.8396,0.8521,12084476.86
1646827200,0.8521,0.8586,0.8369,0.8574,16773377.12
1646841600,0.8574,0.863,0.8349,0.8432,13098614.24
1646856000,0.8432,0.8524,0.8375,0.8489,9612117.42
1646870400,0.8489,0.8533,0.8227,0.8259,14616277.13
1646884800,0.8259,0.8268,0.7983,0.8102,18500806.77
1646899200,0.8102,0.8114,0.8019,0.8077,8919443.45
1646913600,0.8077,0.8216,0.7876,0.8041,15885271.05
1646928000,0.8041,0.8085,0.7962,0.8079,8462418.74
1646942400,0.8079,0.8135,0.803,0.8068,5952827.66
1646956800,0.8068,0.8084,0.7848,0.793,15857961.79
1646971200,0.793,0.8088,0.7857,0.8059,8176634.0
1646985600,0.8059,0.8189,0.7962,0.8128,6396771.93
1647000000,0.8128,0.8189,0.794,0.798,11060517.56
1647014400,0.798,0.7981,0.7848,0.7901,12841026.72
1647028800,0.7901,0.7985,0.7829,0.7884,10163608.6
1647043200,0.7884,0.8015,0.7861,0.7923,7715683.92
1647057600,0.7923,0.7995,0.7887,0.7972,3859302.18
1647072000,0.7972,0.7982,0.7905,0.7931,2922980.47
1647086400,0.7931,0.7968,0.7886,0.794,5198969.17
1647100800,0.794,0.8016,0.7922,0.7947,7095353.46
1647115200,0.7947,0.7978,0.7882,0.7882,4300991.75
1647129600,0.7882,0.799,0.7876,0.7984,4935306.94
1647144000,0.7984,0.7998,0.7937,0.7937,3206544.96
1647158400,0.7937,0.7949,0.7882,0.7892,3733094.64
1647172800,0.7892,0.8199,0.7811,0.8136,14561151.14
1647187200,0.8136,0.816,0.8033,0.8041,5904105.109999999
1647201600,0.8041,0.8042,0.7826,0.7905,11919525.34
1647216000,0.7905,0.7942,0.7778,0.7909,10589614.71
1647230400,0.7909,0.8114,0.7901,0.8106,9513972.87
1647244800,0.8106,0.8128,0.7989,0.7996,5911614.49
1647259200,0.7996,0.8023,0.7918,0.7947,8604420.96
1647273600,0.7947,0.7968,0.784,0.7926,10038645.89
1647288000,0.7926,0.8088,0.7914,0.8029,9911391.04
1647302400,0.8029,0.8065,0.7893,0.7918,10825235.15
1647316800,0.7918,0.8002,0.7841,0.7889,6935023.140000001
1647331200,0.7889,0.7929,0.7853,0.7913,3624219.53
1647345600,0.7913,0.8053,0.7857,0.7998,13178497.65
1647360000,0.7998,0.8142,0.7978,0.8131,13071690.72
1647374400,0.8131,0.817,0.7988,0.799,10518031.48
1647388800,0.799,0.8327,0.7961,0.8009,20148989.660000004
1647403200,0.8009,0.8047,0.7945,0.8021,5658611.69
1647417600,0.8021,0.8162,0.8021,0.8113,8246850.98
1647432000,0.8113,0.8287,0.807,0.8186,12180619.47
1647446400,0.8186,0.8267,0.7996,0.8243,18893260.68
1647460800,0.8243,0.8396,0.823,0.839,12684895.14
1647475200,0.839,0.8509,0.8317,0.8481,13071025.73
1647489600,0.8481,0.8576,0.8382,0.843,12678924.38
1647504000,0.843,0.8521,0.8375,0.8415,6785352.67
1647518400,0.8415,0.856,0.8405,0.8425,11148270.68
1647532800,0.8425,0.8459,0.8351,0.838,7946818.109999999
1647547200,0.838,0.8404,0.8286,0.8369,6247102.98
1647561600,0.8369,0.8425,0.8258,0.829,7915728.25
1647576000,0.829,0.8361,0.8254,0.8267,4319843.82
1647590400,0.8267,0.8304,0.8221,0.8262,7241289.43
1647604800,0.8262,0.8444,0.8255,0.8432,11227482.47
1647619200,0.8432,0.8573,0.843,0.8568,12374903.06
1647633600,0.8568,0.8599,0.8486,0.8522,11851130.7
1647648000,0.8522,0.878,0.8513,0.8655,14715332.51
1647662400,0.8655,0.8727,0.8622,0.8634,5645575.48
1647676800,0.8634,0.8731,0.8603,0.8726,3725674.67
1647691200,0.8726,0.8953,0.871,0.8953,14610393.3
1647705600,0.8953,0.9154,0.8891,0.91,18207477.82
1647720000,0.91,0.9131,0.8882,0.9032,16401276.8
1647734400,0.9032,0.9101,0.8831,0.8988,11807462.54
1647748800,0.8988,0.9157,0.896,0.9038,6649138.73
1647763200,0.9038,0.9084,0.885,0.8882,6261560.76
1647777600,0.8882,0.8888,0.8723,0.8758,11277270.11
1647792000,0.8758,0.8827,0.8645,0.8816,10106625.71
1647806400,0.8816,0.8868,0.8733,0.8775,9469019.37
1647820800,0.8775,0.8924,0.8639,0.8752,11105283.86
1647835200,0.8752,0.8915,0.8726,0.8905,4431449.82
1647849600,0.8905,0.9002,0.8859,0.8971,6390029.59
1647864000,0.8971,0.9093,0.8914,0.9083,18095664.95
1647878400,0.9083,0.9294,0.9032,0.9053,30833185.35
1647892800,0.9053,0.9191,0.8985,0.9186,11759897.72
1647907200,0.9186,0.9328,0.9083,0.9293,18732753.43
1647921600,0.9293,0.9498,0.9293,0.9379,25065394.2
1647936000,0.9379,0.9618,0.9356,0.9564,14751110.08
1647950400,0.9564,0.9878,0.9515,0.9715,35417232.84
1647964800,0.9715,0.9759,0.9576,0.9598,18147966.17
1647979200,0.9598,0.984,0.9574,0.9758,19044794.89
1647993600,0.9758,1.002,0.9629,0.9678,40261553.04
1648008000,0.9678,0.9749,0.9582,0.9709,11324739.97
1648022400,0.9709,0.9962,0.9623,0.9829,19120370.57
1648036800,0.9829,1.081,0.9719,1.072,100822045.98
1648051200,1.072,1.099,1.051,1.052,68323452.45
1648065600,1.052,1.11,1.052,1.108,41746940.79
1648080000,1.108,1.119,1.081,1.087,52701025.74
1648094400,1.087,1.146,1.086,1.142,34268561.58
1648108800,1.142,1.149,1.124,1.139,34361902.84
1648123200,1.139,1.18,1.136,1.171,75536503.47
1648137600,1.171,1.189,1.162,1.172,38467338.06
1648152000,1.172,1.175,1.123,1.131,54831697.88
1648166400,1.131,1.148,1.108,1.147,42036394.75
1648180800,1.147,1.167,1.133,1.135,26759120.89
1648195200,1.135,1.146,1.116,1.14,23923270.68
1648209600,1.14,1.141,1.093,1.1,44856243.08
1648224000,1.1,1.109,1.075,1.099,42989439.12
1648238400,1.099,1.11,1.094,1.097,15730621.41
1648252800,1.097,1.111,1.08,1.109,19209967.77
1648267200,1.109,1.142,1.105,1.14,21426423.33
1648281600,1.14,1.141,1.118,1.129,18353864.12
1648296000,1.129,1.14,1.117,1.136,19976957.39
1648310400,1.136,1.137,1.126,1.131,13844165.53
1648324800,1.131,1.159,1.128,1.153,21563433.39
1648339200,1.153,1.155,1.139,1.142,18032059.2
1648353600,1.142,1.147,1.135,1.146,12038939.55
1648368000,1.146,1.146,1.126,1.129,8288085.28
1648382400,1.129,1.135,1.106,1.134,18524203.76
1648396800,1.134,1.136,1.127,1.129,10669287.33
1648411200,1.129,1.187,1.122,1.184,50765075.44
1648425600,1.184,1.191,1.162,1.181,30545662.25
1648440000,1.181,1.2,1.171,1.182,34912795.65
1648454400,1.182,1.199,1.173,1.195,18439477.47
1648468800,1.195,1.246,1.194,1.218,76106388.58
1648483200,1.218,1.23,1.207,1.219,36288329.43
1648497600,1.219,1.235,1.161,1.17,43546675.92
1648512000,1.17,1.209,1.167,1.199,36036937.1
1648526400,1.199,1.228,1.196,1.206,17556044.75
1648540800,1.206,1.228,1.205,1.227,10548374.95
1648555200,1.227,1.241,1.195,1.201,30764339.02
1648569600,1.201,1.207,1.177,1.197,28221879.52
1648584000,1.197,1.203,1.17,1.191,21566044.69
1648598400,1.191,1.191,1.164,1.188,21688470.0
1648612800,1.188,1.204,1.176,1.198,16995525.560000002
1648627200,1.198,1.201,1.184,1.19,12669403.78
1648641600,1.19,1.191,1.168,1.184,19713142.6
1648656000,1.184,1.218,1.181,1.193,30458604.36
1648670400,1.193,1.202,1.188,1.189,11524468.03
1648684800,1.189,1.202,1.177,1.198,18431180.05
1648699200,1.198,1.219,1.194,1.209,14652797.19
1648713600,1.209,1.228,1.206,1.209,20874286.06
1648728000,1.209,1.217,1.165,1.172,44094818.34
1648742400,1.172,1.173,1.135,1.148,52060273.56
1648756800,1.148,1.164,1.133,1.142,25746816.77
1648771200,1.142,1.15,1.104,1.124,33399461.56
1648785600,1.124,1.151,1.119,1.151,15899295.62
1648800000,1.151,1.162,1.131,1.132,16058718.18
1648814400,1.132,1.174,1.118,1.163,33205906.57
1648828800,1.163,1.175,1.154,1.173,18097799.29
1648843200,1.173,1.175,1.161,1.165,13937431.51
1648857600,1.165,1.187,1.158,1.179,17418861.18
1648872000,1.179,1.196,1.178,1.185,15889122.88
1648886400,1.185,1.193,1.179,1.187,8039871.67
1648900800,1.187,1.192,1.149,1.158,29128847.69
1648915200,1.158,1.17,1.148,1.157,17597544.11
1648929600,1.157,1.174,1.153,1.156,11178694.2
1648944000,1.156,1.168,1.144,1.159,16587480.2
1648958400,1.159,1.175,1.159,1.167,7496019.37
1648972800,1.167,1.174,1.161,1.171,5792291.91
1648987200,1.171,1.186,1.169,1.181,13898648.52
1649001600,1.181,1.186,1.174,1.18,12022244.07
1649016000,1.18,1.2,1.178,1.186,14170407.52
1649030400,1.186,1.187,1.162,1.179,15042968.8
1649044800,1.179,1.232,1.177,1.217,29574475.33
1649059200,1.217,1.227,1.192,1.218,23214539.21
1649073600,1.218,1.245,1.196,1.209,44483321.35
1649088000,1.209,1.22,1.161,1.19,37417578.73
1649102400,1.19,1.218,1.181,1.212,18317624.04
1649116800,1.212,1.219,1.205,1.212,11828765.76
1649131200,1.212,1.215,1.196,1.206,7827573.439999999
1649145600,1.206,1.211,1.196,1.21,5786650.16
1649160000,1.21,1.218,1.181,1.189,20485715.55
1649174400,1.189,1.206,1.18,1.197,17306997.119999997
1649188800,1.197,1.199,1.164,1.171,15753648.55
1649203200,1.171,1.173,1.123,1.14,28458184.41
1649217600,1.14,1.159,1.135,1.141,15857726.37
1649232000,1.141,1.147,1.108,1.115,19684166.85
1649246400,1.115,1.122,1.084,1.097,43381845.18
1649260800,1.097,1.107,1.061,1.096,39014133.75
1649275200,1.096,1.102,1.048,1.053,22776647.25
1649289600,1.053,1.07,1.04,1.06,27854806.16
1649304000,1.06,1.112,1.057,1.087,14847455.17
1649318400,1.087,1.094,1.069,1.091,13721231.75
1649332800,1.091,1.096,1.059,1.073,19637072.96
1649347200,1.073,1.097,1.071,1.082,14981705.66
1649361600,1.082,1.101,1.074,1.09,10574906.32
1649376000,1.09,1.098,1.082,1.092,9501659.8
1649390400,1.092,1.097,1.081,1.091,8386678.899999999
1649404800,1.091,1.099,1.068,1.07,9947071.47
1649419200,1.07,1.087,1.051,1.074,20428313.86
1649433600,1.074,1.075,1.047,1.049,14605015.86
1649448000,1.049,1.053,1.019,1.025,19535051.17
1649462400,1.025,1.042,1.023,1.03,9540600.81
1649476800,1.03,1.044,1.025,1.044,6445137.97
1649491200,1.044,1.045,1.029,1.038,5021554.09
1649505600,1.038,1.044,1.022,1.023,8057825.52
1649520000,1.023,1.037,1.023,1.031,6571233.75
1649534400,1.031,1.047,1.027,1.045,6687015.24
1649548800,1.045,1.056,1.039,1.053,8553659.32
1649563200,1.053,1.054,1.035,1.037,2791831.45
1649577600,1.037,1.041,1.028,1.034,3548710.63
1649592000,1.034,1.044,1.03,1.041,5069312.47
1649606400,1.041,1.067,1.04,1.064,8726211.84
1649620800,1.064,1.07,1.024,1.027,12702355.79
1649635200,1.027,1.033,1.002,1.012,24745146.34
1649649600,1.012,1.025,1.011,1.016,8453607.67
1649664000,1.016,1.018,0.9575,0.9612,28502547.56
1649678400,0.9612,0.9689,0.9385,0.9389,31910451.37
1649692800,0.9389,0.9608,0.9331,0.9487,22266356.79
1649707200,0.9487,0.952,0.9173,0.9197,22421272.52
1649721600,0.9197,0.9356,0.9161,0.9247,11569158.65
1649736000,0.9247,0.9555,0.9241,0.9551,10686082.45
1649750400,0.9551,0.9682,0.9422,0.9673,9826107.38
1649764800,0.9673,0.9827,0.9462,0.9595,29475266.78
1649779200,0.9595,0.9647,0.9301,0.9313,12711860.85
1649793600,0.9313,0.9583,0.9304,0.9542,10025536.75
1649808000,0.9542,0.9579,0.943,0.9537,10904313.29
1649822400,0.9537,0.9616,0.9498,0.9576,6775603.57
1649836800,0.9576,0.9598,0.9388,0.9395,8542550.78
1649851200,0.9395,0.9795,0.9351,0.9719,18624169.27
1649865600,0.9719,0.9768,0.9589,0.9652,10907627.38
1649880000,0.9652,0.98,0.9637,0.9747,7485615.32
1649894400,0.9747,0.9853,0.97,0.9741,8688764.620000001
1649908800,0.9741,0.9813,0.9658,0.9716,8356658.65
1649923200,0.9716,0.9746,0.9515,0.9538,8999427.200000001
1649937600,0.9538,0.9643,0.9322,0.9327,16668802.46
1649952000,0.9327,0.9373,0.923,0.9281,13845386.42
1649966400,0.9281,0.9394,0.9253,0.9323,7847062.35
1649980800,0.9323,0.9515,0.9299,0.9515,8646474.21
1649995200,0.9515,0.9585,0.9413,0.9518,8252730.48
1650009600,0.9518,0.9536,0.9448,0.9496,6560999.07
1650024000,0.9496,0.9571,0.9384,0.9535,11340467.96
1650038400,0.9535,0.9586,0.9482,0.9495,9278110.9
1650052800,0.9495,0.9575,0.9488,0.956,6381707.9
1650067200,0.956,0.9625,0.951,0.9549,7658629.93
1650081600,0.9549,0.9596,0.9534,0.9579,1940391.01
1650096000,0.9579,0.9594,0.9499,0.9521,3350101.7
1650110400,0.9521,0.9579,0.9379,0.9395,4869206.75
1650124800,0.9395,0.9466,0.9376,0.9414,5293941.21
1650139200,0.9414,0.9581,0.9407,0.9516,5259220.28
1650153600,0.9516,0.953,0.9409,0.9418,4206240.45
1650168000,0.9418,0.9485,0.9414,0.9467,2031627.99
1650182400,0.9467,0.9556,0.9461,0.9555,2098376.74
1650196800,0.9555,0.9622,0.9528,0.9554,4929797.89
1650211200,0.9554,0.9565,0.9388,0.9464,5638089.96
1650225600,0.9464,0.9471,0.9125,0.9151,12254316.28
1650240000,0.9151,0.9265,0.9126,0.9229,6411076.79
1650254400,0.9229,0.9242,0.875,0.8825,19165403.55
1650268800,0.8825,0.8941,0.8772,0.8886,7274438.189999999
1650283200,0.8886,0.9097,0.8886,0.8981,10743785.77
1650297600,0.8981,0.936,0.8915,0.9289,19422707.06
1650312000,0.9289,0.938,0.9281,0.9367,6883012.35
1650326400,0.9367,0.9463,0.9291,0.9302,8196193.16
1650340800,0.9302,0.9357,0.9273,0.9285,3000252.6100000003
1650355200,0.9285,0.9386,0.9277,0.9321,3892689.66
1650369600,0.9321,0.9568,0.9306,0.9472,14031590.84
1650384000,0.9472,0.95,0.9367,0.9477,10859086.87
1650398400,0.9477,0.9548,0.9406,0.9526,6273365.97
1650412800,0.9526,0.9534,0.9403,0.9435,6108884.18
1650427200,0.9435,0.9529,0.9377,0.9458,4651618.69
1650441600,0.9458,0.972,0.9442,0.9682,9085930.49
1650456000,0.9682,0.9753,0.942,0.9468,14284094.34
1650470400,0.9468,0.9486,0.931,0.9386,12309293.64
1650484800,0.9386,0.9448,0.9346,0.9366,5106951.710000001
1650499200,0.9366,0.9509,0.9355,0.9491,6538790.760000001
1650513600,0.9491,0.9512,0.935,0.9493,4631580.66
1650528000,0.9493,0.9617,0.9409,0.9556,6193983.09
1650542400,0.9556,0.9705,0.9532,0.9556,12586043.02
1650556800,0.9556,0.9556,0.9331,0.934,10566621.49
1650571200,0.934,0.9341,0.8927,0.9102,17928173.69
1650585600,0.9102,0.9213,0.906,0.9149,6099981.9
1650600000,0.9149,0.9245,0.9086,0.9185,4320004.21
1650614400,0.9185,0.9213,0.9081,0.9195,4698078.26
1650628800,0.9195,0.9207,0.8941,0.8954,11770539.24
1650643200,0.8954,0.9091,0.8911,0.9016,10467023.42
1650657600,0.9016,0.9098,0.9008,0.9064,4076864.21
1650672000,0.9064,0.9125,0.8896,0.8931,6444894.3100000005
1650686400,0.8931,0.8965,0.8825,0.8963,5140995.05
1650700800,0.8963,0.9028,0.8953,0.8995,1973072.52
1650715200,0.8995,0.9035,0.8954,0.9021,3265421.66
1650729600,0.9021,0.9061,0.8967,0.8985,5260955.72
1650744000,0.8985,0.9011,0.8862,0.8873,4993613.83
1650758400,0.8873,0.8953,0.8843,0.8938,3610456.17
1650772800,0.8938,0.8987,0.8936,0.8953,2214197.39
1650787200,0.8953,0.8956,0.8853,0.888,2769425.86
1650801600,0.888,0.8959,0.8828,0.8928,5489658.17
1650816000,0.8928,0.8952,0.8778,0.8908,8193731.62
1650830400,0.8908,0.8931,0.8834,0.886,3753557.34
1650844800,0.886,0.8866,0.8541,0.8726,15272890.89
1650859200,0.8726,0.8732,0.8316,0.8333,21041868.05
1650873600,0.8333,0.8575,0.8271,0.8572,14430404.79
1650888000,0.8572,0.8669,0.8488,0.8582,16880055.509999998
1650902400,0.8582,0.8884,0.8568,0.8878,18436540.89
1650916800,0.8878,0.9028,0.8861,0.8977,15154035.62
1650931200,0.8977,0.9028,0.8832,0.8881,7745148.24
1650945600,0.8881,0.8956,0.884,0.89,4277144.92
1650960000,0.89,0.8984,0.8816,0.8859,5651821.24
1650974400,0.8859,0.8891,0.8418,0.8431,26381595.42
1650988800,0.8431,0.847,0.817,0.8305,29047547.14
1651003200,0.8305,0.8429,0.8174,0.8262,16647787.1
1651017600,0.8262,0.8378,0.8196,0.8295,10210699.95
1651032000,0.8295,0.8516,0.8289,0.8511,9781106.26
1651046400,0.8511,0.8542,0.8307,0.8382,9136532.84
1651060800,0.8382,0.8559,0.8295,0.8398,16857338.99
1651075200,0.8398,0.8441,0.8246,0.83,9054763.1
1651089600,0.83,0.8512,0.8293,0.8405,7651818.99
1651104000,0.8405,0.8474,0.8367,0.8391,7069798.24
1651118400,0.8391,0.8438,0.8331,0.8402,4832912.96
1651132800,0.8402,0.852,0.8389,0.847,6217555.42
1651147200,0.847,0.8496,0.826,0.833,11149581.3
1651161600,0.833,0.8498,0.8289,0.8405,11082534.97
1651176000,0.8405,0.8532,0.8369,0.8435,17644194.44
1651190400,0.8435,0.8492,0.8321,0.835,7151326.98
1651204800,0.835,0.8396,0.8304,0.8365,4956013.79
1651219200,0.8365,0.8398,0.806,0.8122,19982946.45
1651233600,0.8122,0.8234,0.8105,0.8182,9484543.33
1651248000,0.8182,0.8183,0.7899,0.7964,17778672.32
1651262400,0.7964,0.8097,0.7956,0.8048,11485144.59
1651276800,0.8048,0.8137,0.8032,0.8079,6099601.4
1651291200,0.8079,0.8178,0.8064,0.8142,6160273.84
1651305600,0.8142,0.8172,0.8045,0.8055,3632836.75
1651320000,0.8055,0.8104,0.7851,0.7944,9395429.49
1651334400,0.7944,0.7976,0.779,0.7888,11703156.0
1651348800,0.7888,0.7888,0.7369,0.7561,30520424.3
1651363200,0.7561,0.79,0.7456,0.7645,21539974.91
1651377600,0.7645,0.7786,0.76,0.768,7329905.63
1651392000,0.768,0.7769,0.7675,0.7709,4717827.44
1651406400,0.7709,0.7921,0.7669,0.7908,10008737.74
1651420800,0.7908,0.8001,0.7685,0.7707,16415439.61
1651435200,0.7707,0.7933,0.7683,0.7901,11353394.99
1651449600,0.7901,0.7968,0.7799,0.784,9261443.45
1651464000,0.784,0.7962,0.7818,0.7881,6430112.82
1651478400,0.7881,0.7923,0.7699,0.7715,5780265.71
1651492800,0.7715,0.7856,0.7681,0.7758,12628333.19
1651507200,0.7758,0.7797,0.7641,0.7769,12240899.55
1651521600,0.7769,0.7913,0.7736,0.7807,6409180.89
1651536000,0.7807,0.7923,0.7754,0.7888,6228762.59
1651550400,0.7888,0.7941,0.7832,0.7859,4822195.78
1651564800,0.7859,0.7993,0.7825,0.7971,4707429.24
1651579200,0.7971,0.7979,0.7858,0.7903,8030436.140000001
1651593600,0.7903,0.7923,0.7606,0.7634,11497171.99
1651608000,0.7634,0.7763,0.7603,0.7709,6111810.38
1651622400,0.7709,0.7827,0.7677,0.7806,5456928.49
1651636800,0.7806,0.7933,0.7757,0.7923,5215942.92
1651651200,0.7923,0.8329,0.7917,0.8219,18909221.63
1651665600,0.8219,0.8362,0.8147,0.8288,17725791.39
1651680000,0.8288,0.8769,0.8239,0.8672,33367982.39
1651694400,0.8672,0.8988,0.8661,0.8983,18514164.91
1651708800,0.8983,0.9047,0.8829,0.8843,27943337.32
1651723200,0.8843,0.8853,0.8604,0.8741,20223325.37
1651737600,0.8741,0.8783,0.8563,0.8576,6883914.54
1651752000,0.8576,0.8643,0.7816,0.7907,42218523.21
1651766400,0.7907,0.8044,0.7728,0.7982,33917728.8
1651780800,0.7982,0.803,0.7829,0.7886,13828714.02
1651795200,0.7886,0.7951,0.7755,0.7918,9581336.84
1651809600,0.7918,0.7972,0.7742,0.7919,9201895.81
1651824000,0.7919,0.7989,0.772,0.7789,12433894.09
1651838400,0.7789,0.7955,0.7634,0.7812,24585914.81
1651852800,0.7812,0.7888,0.7754,0.7845,11169517.23
1651867200,0.7845,0.7903,0.7775,0.7832,7428448.08
1651881600,0.7832,0.7849,0.7706,0.7722,6070356.69
1651896000,0.7722,0.7786,0.7634,0.7772,5424785.52
1651910400,0.7772,0.7849,0.7748,0.7835,4127400.74
1651924800,0.7835,0.7857,0.7761,0.7798,4507492.67
1651939200,0.7798,0.7811,0.7709,0.7777,5642006.26
1651953600,0.7777,0.7779,0.7472,0.7599,15589812.02
1651968000,0.7599,0.7657,0.7315,0.7404,17222327.68
1651982400,0.7404,0.7496,0.7357,0.7425,8013936.319999999
1651996800,0.7425,0.7499,0.7383,0.7452,5845064.8
1652011200,0.7452,0.7488,0.733,0.7383,8293523.859999999
1652025600,0.7383,0.7604,0.726,0.7563,15376454.3
1652040000,0.7563,0.758,0.7363,0.7403,9242643.05
1652054400,0.7403,0.7537,0.7056,0.7066,27420323.15
1652068800,0.7066,0.717,0.6901,0.6912,18282015.67
1652083200,0.6912,0.6964,0.6515,0.6715,36204066.5
1652097600,0.6715,0.6765,0.6508,0.6597,40257507.37
1652112000,0.6597,0.6658,0.6107,0.6267,66646105.69
1652126400,0.6267,0.6592,0.5991,0.6012,38204566.89
1652140800,0.6012,0.6438,0.5841,0.6195,47178035.79
1652155200,0.6195,0.701,0.6173,0.6724,35324326.45
1652169600,0.6724,0.6896,0.6634,0.679,21008840.1
1652184000,0.679,0.6951,0.6515,0.664,40779334.21
1652198400,0.664,0.677,0.6474,0.6514,27129496.66
1652212800,0.6514,0.6514,0.6067,0.6282,31275977.48
1652227200,0.6282,0.6415,0.6109,0.6275,23262754.62
1652241600,0.6275,0.6393,0.591,0.608,30398502.76
1652256000,0.608,0.6617,0.6018,0.6185,34809687.1
1652270400,0.6185,0.6359,0.528,0.5717,76207678.9
1652284800,0.5717,0.5785,0.522,0.5255,52934061.58
1652299200,0.5255,0.5353,0.4706,0.5164,57333198.59
1652313600,0.5164,0.5487,0.4385,0.4404,46239690.01
1652328000,0.4404,0.4689,0.3919,0.4538,49382087.75
1652342400,0.4538,0.4818,0.4248,0.4572,31564321.44
1652356800,0.4572,0.5026,0.4435,0.4776,43334961.27
1652371200,0.4776,0.5134,0.4714,0.4854,33676745.24
1652385600,0.4854,0.4914,0.4509,0.472,19995260.89
1652400000,0.472,0.5524,0.4681,0.5458,36596126.16
1652414400,0.5458,0.6061,0.5363,0.565,35436267.64
1652428800,0.565,0.59,0.5641,0.5858,18825844.37
1652443200,0.5858,0.5882,0.5596,0.5673,31822688.66
1652457600,0.5673,0.5782,0.5397,0.5529,29226429.07
1652472000,0.5529,0.5583,0.5227,0.5283,19991298.51
1652486400,0.5283,0.556,0.5273,0.5445,15310678.17
1652500800,0.5445,0.5445,0.5237,0.5312,6595392.41
1652515200,0.5312,0.5377,0.4976,0.5093,12626768.19
1652529600,0.5093,0.5109,0.4882,0.4937,12612034.68
1652544000,0.4937,0.5283,0.4885,0.5133,14735579.89
1652558400,0.5133,0.5413,0.5127,0.537,10307187.22
1652572800,0.537,0.5407,0.5142,0.5195,8059934.26
1652587200,0.5195,0.5439,0.5155,0.5343,7907063.29
1652601600,0.5343,0.5613,0.5304,0.5594,11306395.98
1652616000,0.5594,0.5664,0.5424,0.5462,13033693.19
1652630400,0.5462,0.5808,0.5446,0.5799,10508503.74
1652644800,0.5799,0.5992,0.5721,0.5979,21720212.86
1652659200,0.5979,0.6132,0.5746,0.5774,26432824.55
1652673600,0.5774,0.5805,0.5511,0.5601,13094107.88
1652688000,0.5601,0.5771,0.5531,0.5643,10952940.55
1652702400,0.5643,0.5788,0.5437,0.5546,18004784.89
1652716800,0.5546,0.5702,0.5461,0.5561,14161892.59
1652731200,0.5561,0.5729,0.5518,0.5555,8133792.92
1652745600,0.5555,0.5735,0.5551,0.5685,7679199.4
1652760000,0.5685,0.5851,0.5666,0.5759,6719819.9
1652774400,0.5759,0.5889,0.5734,0.5804,8560493.02
1652788800,0.5804,0.5986,0.569,0.5738,20292568.23
1652803200,0.5738,0.5749,0.5506,0.5657,14027900.07
1652817600,0.5657,0.5821,0.5631,0.577,6751317.27
1652832000,0.577,0.5857,0.5568,0.5586,7977491.51
1652846400,0.5586,0.5667,0.5565,0.5635,4611313.17
1652860800,0.5635,0.565,0.5526,0.5554,5589442.29
1652875200,0.5554,0.5561,0.5174,0.5214,21474656.78
1652889600,0.5214,0.5332,0.5143,0.5308,15054903.47
1652904000,0.5308,0.531,0.5022,0.5048,10544514.62
1652918400,0.5048,0.5227,0.4913,0.5174,12313872.24
1652932800,0.5174,0.5233,0.5049,0.5148,7203848.91
1652947200,0.5148,0.5308,0.5037,0.5284,6614987.09
1652961600,0.5284,0.5459,0.5164,0.5396,14057074.03
1652976000,0.5396,0.5413,0.5237,0.5238,9864184.76
1652990400,0.5238,0.5355,0.5201,0.5327,6551666.640000001
1653004800,0.5327,0.5441,0.5271,0.53,8554637.21
1653019200,0.53,0.5356,0.5214,0.53,6734755.53
1653033600,0.53,0.5413,0.5281,0.5396,6672870.51
1653048000,0.5396,0.5398,0.5073,0.5094,15666957.8
1653062400,0.5094,0.5132,0.501,0.5125,14637125.59
1653076800,0.5125,0.523,0.5108,0.5157,8524598.469999999
1653091200,0.5157,0.5219,0.5082,0.5218,4518947.7
1653105600,0.5218,0.5303,0.5202,0.5284,3970579.45
1653120000,0.5284,0.5309,0.5231,0.5273,3239824.7800000003
1653134400,0.5273,0.5373,0.5241,0.536,5886542.48
1653148800,0.536,0.5378,0.5272,0.5287,4895661.14
1653163200,0.5287,0.5298,0.5211,0.5279,2598712.1
1653177600,0.5279,0.5313,0.5221,0.5261,2962739.36
1653192000,0.5261,0.5345,0.5213,0.5337,2645159.52
1653206400,0.5337,0.5478,0.5317,0.5419,7596624.55
1653220800,0.5419,0.5473,0.5318,0.5343,4990574.7
1653235200,0.5343,0.5381,0.529,0.5339,4106830.54
1653249600,0.5339,0.5457,0.5326,0.5412,6072734.19
1653264000,0.5412,0.5464,0.5349,0.5414,4834471.66
1653278400,0.5414,0.5526,0.5381,0.5493,5566050.58
1653292800,0.5493,0.5529,0.5437,0.5511,6905507.0600000005
1653307200,0.5511,0.556,0.5397,0.5524,9635451.13
1653321600,0.5524,0.5587,0.5169,0.5171,12918986.6
1653336000,0.5171,0.5296,0.5038,0.5124,11411826.24
1653350400,0.5124,0.5215,0.5104,0.5215,5519477.18
1653364800,0.5215,0.5227,0.5157,0.5204,3636551.55
1653379200,0.5204,0.5204,0.509,0.5142,6035609.92
1653393600,0.5142,0.5203,0.4923,0.5166,15170539.53
1653408000,0.5166,0.5217,0.5054,0.5129,12159885.89
1653422400,0.5129,0.5245,0.5083,0.5213,5624280.3
1653436800,0.5213,0.5319,0.5162,0.5283,5779477.3
1653451200,0.5283,0.5285,0.5142,0.5149,4379729.82
1653465600,0.5149,0.5192,0.5065,0.5084,6352972.359999999
1653480000,0.5084,0.5178,0.5067,0.5125,8741270.68
1653494400,0.5125,0.5189,0.5073,0.5123,6411749.220000001
1653508800,0.5123,0.5186,0.5115,0.5139,4214719.390000001
1653523200,0.5139,0.5203,0.51,0.5141,4517054.7
1653537600,0.5141,0.5155,0.4966,0.5039,7070550.79
1653552000,0.5039,0.5041,0.4777,0.4845,14119954.66
1653566400,0.4845,0.4965,0.4616,0.492,20541176.44
1653580800,0.492,0.5024,0.4801,0.4802,9907556.69
1653595200,0.4802,0.4887,0.4765,0.4787,6827500.0
1653609600,0.4787,0.4832,0.4539,0.4697,15444584.51
1653624000,0.4697,0.4717,0.4482,0.4612,15023529.24
1653638400,0.4612,0.4679,0.4553,0.4634,9664856.46
1653652800,0.4634,0.4784,0.4577,0.4591,17338777.95
1653667200,0.4591,0.4623,0.445,0.4569,12835384.66
1653681600,0.4569,0.4626,0.4504,0.4559,6769949.67
1653696000,0.4559,0.4636,0.4461,0.4555,10598221.9
1653710400,0.4555,0.4628,0.4528,0.4594,3432008.16
1653724800,0.4594,0.4616,0.4531,0.457,3241702.58
1653739200,0.457,0.4665,0.4548,0.4627,5222507.98
1653753600,0.4627,0.4664,0.4576,0.4652,5068755.35
1653768000,0.4652,0.4692,0.4612,0.4641,3909854.22
1653782400,0.4641,0.4673,0.456,0.4599,4925010.22
1653796800,0.4599,0.4655,0.4565,0.4648,3011867.3200000003
1653811200,0.4648,0.472,0.4611,0.4716,3810816.35
1653825600,0.4716,0.4777,0.4695,0.4714,6835386.76
1653840000,0.4714,0.4771,0.4708,0.4729,4747698.33
1653854400,0.4729,0.4823,0.4716,0.4816,7395961.59
1653868800,0.4816,0.5164,0.4767,0.5131,18428619.2
1653883200,0.5131,0.5233,0.511,0.5194,10942838.08
1653897600,0.5194,0.527,0.5154,0.5225,6324038.04
1653912000,0.5225,0.5462,0.5167,0.5353,18358394.2
1653926400,0.5353,0.5399,0.532,0.534,7847899.53
1653940800,0.534,0.5774,0.5323,0.5697,31457760.26
1653955200,0.5697,0.5906,0.5679,0.5842,23027731.76
1653969600,0.5842,0.6878,0.5795,0.6534,62412211.67
1653984000,0.6534,0.685,0.6467,0.6537,43974138.51
1653998400,0.6537,0.6559,0.6081,0.6341,58173344.55
1654012800,0.6341,0.6388,0.5937,0.599,32836214.39
1654027200,0.599,0.6401,0.5972,0.6266,27849664.09
1654041600,0.6266,0.6306,0.599,0.6007,17419580.810000002
1654056000,0.6007,0.6139,0.5939,0.6036,11447941.04
1654070400,0.6036,0.6189,0.5999,0.604,16875713.94
1654084800,0.604,0.6089,0.5673,0.5691,34129343.52
1654099200,0.5691,0.5691,0.5502,0.557,33070269.16
1654113600,0.557,0.5589,0.5364,0.5515,27679633.19
1654128000,0.5515,0.579,0.5486,0.5625,33559323.99
1654142400,0.5625,0.5784,0.5524,0.5731,20510891.04
1654156800,0.5731,0.5859,0.5692,0.5837,16383598.14
1654171200,0.5837,0.5976,0.5538,0.5875,28057177.02
1654185600,0.5875,0.591,0.5759,0.5829,16918093.45
1654200000,0.5829,0.5896,0.5801,0.5872,11394812.52
1654214400,0.5872,0.6048,0.5775,0.591,17442157.64
1654228800,0.591,0.5949,0.5811,0.5866,8893672.89
1654243200,0.5866,0.5891,0.5501,0.5549,20226094.91
1654257600,0.5549,0.5605,0.5383,0.5455,26197788.08
1654272000,0.5455,0.5598,0.5441,0.5573,11273882.86
1654286400,0.5573,0.5753,0.5533,0.5594,16139516.95
1654300800,0.5594,0.5644,0.5443,0.5507,13225279.34
1654315200,0.5507,0.5677,0.549,0.5626,7786399.109999999
1654329600,0.5626,0.5675,0.5517,0.5543,6034403.04
1654344000,0.5543,0.5648,0.5495,0.5599,10766157.16
1654358400,0.5599,0.5633,0.5525,0.5582,6216120.73
1654372800,0.5582,0.5712,0.5569,0.566,9193874.26
1654387200,0.566,0.5669,0.556,0.5646,5890692.57
1654401600,0.5646,0.5664,0.5598,0.5604,4201893.69
1654416000,0.5604,0.5642,0.5533,0.5585,4887092.380000001
1654430400,0.5585,0.5646,0.556,0.5643,5459123.03
1654444800,0.5643,0.5798,0.5636,0.576,11483028.1
1654459200,0.576,0.5801,0.5644,0.5669,11653983.96
1654473600,0.5669,0.6199,0.5648,0.6179,30098026.85
1654488000,0.6179,0.6452,0.616,0.6363,37711397.6
1654502400,0.6363,0.6408,0.6215,0.6243,20177608.53
1654516800,0.6243,0.6291,0.5981,0.6091,35873992.51
1654531200,0.6091,0.6095,0.5904,0.6062,29231146.98
1654545600,0.6062,0.619,0.5935,0.6085,20420369.49
1654560000,0.6085,0.6099,0.571,0.5896,35156293.46
1654574400,0.5896,0.5906,0.5784,0.5874,12066629.77
1654588800,0.5874,0.5913,0.5787,0.583,8746328.24
1654603200,0.583,0.6278,0.5796,0.615,30320665.3
1654617600,0.615,0.6381,0.606,0.6301,31254564.54
1654632000,0.6301,0.6446,0.6012,0.6135,30540163.51
1654646400,0.6135,0.6571,0.6084,0.6293,40260283.37
1654660800,0.6293,0.6504,0.623,0.6379,21658274.38
1654675200,0.6379,0.6498,0.6265,0.6429,17129325.490000002
1654689600,0.6429,0.666,0.6343,0.6638,40063647.07
1654704000,0.6638,0.6688,0.637,0.6459,34976238.92
1654718400,0.6459,0.6561,0.6381,0.6404,16453018.86
1654732800,0.6404,0.648,0.6252,0.6441,26584636.79
1654747200,0.6441,0.6543,0.6381,0.6521,10960021.98
1654761600,0.6521,0.6571,0.6403,0.6408,12071393.94
1654776000,0.6408,0.6449,0.6337,0.6404,16253103.04
1654790400,0.6404,0.6526,0.6268,0.6278,20934822.35
1654804800,0.6278,0.6375,0.6262,0.6319,10582488.88
1654819200,0.6319,0.6355,0.6118,0.6289,14944930.7
1654833600,0.6289,0.6312,0.6206,0.623,6001906.37
1654848000,0.623,0.6252,0.6045,0.6135,11497162.32
1654862400,0.6135,0.6188,0.5771,0.5874,39860456.86
1654876800,0.5874,0.588,0.5708,0.5726,34834249.43
1654891200,0.5726,0.5875,0.5711,0.5737,12580733.18
1654905600,0.5737,0.5884,0.5721,0.5847,8544413.74
1654920000,0.5847,0.6162,0.5843,0.6078,17027376.11
1654934400,0.6078,0.6086,0.5757,0.5793,16485088.28
1654948800,0.5793,0.586,0.5427,0.5522,26663484.1
1654963200,0.5522,0.5728,0.5456,0.558,15600582.73
1654977600,0.558,0.5704,0.5483,0.5529,13390002.02
1654992000,0.5529,0.5604,0.5107,0.5183,27378210.7
1655006400,0.5183,0.5236,0.4988,0.5198,22859036.54
1655020800,0.5198,0.5285,0.509,0.5147,12757733.76
1655035200,0.5147,0.5488,0.497,0.5336,30406397.22
1655049600,0.5336,0.5399,0.5155,0.5169,19757945.83
1655064000,0.5169,0.5212,0.4889,0.49,18860242.78
1655078400,0.49,0.4978,0.4549,0.476,51177472.42
1655092800,0.476,0.4949,0.4499,0.4524,36820064.36
1655107200,0.4524,0.4643,0.4358,0.4485,46519577.61
1655121600,0.4485,0.475,0.4415,0.4687,42630831.94
1655136000,0.4687,0.4869,0.4613,0.4731,35870800.04
1655150400,0.4731,0.494,0.4468,0.4637,37236798.83
1655164800,0.4637,0.482,0.4358,0.4775,48755826.57
1655179200,0.4775,0.5191,0.4611,0.517,43139037.3
1655193600,0.517,0.5189,0.4829,0.4921,25974096.34
1655208000,0.4921,0.5123,0.4787,0.5033,34021502.76
1655222400,0.5033,0.5051,0.473,0.4746,21487154.94
1655236800,0.4746,0.4871,0.4603,0.482,19068038.28
1655251200,0.482,0.4896,0.4634,0.4647,15945816.29
1655265600,0.4647,0.468,0.4509,0.4559,18888948.93
1655280000,0.4559,0.4834,0.4479,0.4792,35124289.5
1655294400,0.4792,0.4857,0.4676,0.4756,30328282.99
1655308800,0.4756,0.5344,0.463,0.5102,72685107.76
1655323200,0.5102,0.5385,0.5059,0.5341,27589282.35
1655337600,0.5341,0.5463,0.5178,0.5182,18890826.82
1655352000,0.5182,0.5232,0.5024,0.5042,12554696.52
1655366400,0.5042,0.5064,0.4818,0.4882,14595094.93
1655380800,0.4882,0.5018,0.4776,0.4919,22241218.83
1655395200,0.4919,0.5038,0.4807,0.4839,15596988.09
1655409600,0.4839,0.4929,0.4668,0.4754,13052397.99
1655424000,0.4754,0.4961,0.4709,0.4816,17830321.14
1655438400,0.4816,0.503,0.4811,0.4988,10741331.58
1655452800,0.4988,0.5028,0.4853,0.4907,11269572.98
1655467200,0.4907,0.4942,0.4788,0.4874,17824319.33
1655481600,0.4874,0.4936,0.4805,0.485,11519635.14
1655496000,0.485,0.4923,0.4818,0.4867,7737036.31
1655510400,0.4867,0.4946,0.4791,0.4841,7489969.51
1655524800,0.4841,0.4874,0.4537,0.4589,15528060.95
1655539200,0.4589,0.4768,0.4501,0.4656,14918985.44
1655553600,0.4656,0.468,0.4553,0.456,9198318.76
1655568000,0.456,0.4614,0.4319,0.4326,17231240.03
1655582400,0.4326,0.4618,0.4203,0.4546,34485950.29
1655596800,0.4546,0.4605,0.4374,0.4405,13372658.21
1655611200,0.4405,0.4536,0.4353,0.4452,9593708.15
1655625600,0.4452,0.4753,0.4419,0.4651,19597354.98
1655640000,0.4651,0.4721,0.4568,0.4699,9563955.77
1655654400,0.4699,0.4779,0.4566,0.472,18270233.88
1655668800,0.472,0.4893,0.4707,0.484,18938240.79
1655683200,0.484,0.4875,0.4615,0.4681,12158920.56
1655697600,0.4681,0.4723,0.4608,0.467,6844523.48
1655712000,0.467,0.5086,0.4658,0.5035,20275743.22
1655726400,0.5035,0.5058,0.4894,0.4991,18896582.84
1655740800,0.4991,0.4999,0.479,0.4862,10328695.23
1655755200,0.4862,0.4956,0.4794,0.4913,9109224.02
1655769600,0.4913,0.4983,0.4832,0.493,9593986.01
1655784000,0.493,0.5046,0.4862,0.4941,10331282.56
1655798400,0.4941,0.5099,0.4935,0.4944,9523124.12
1655812800,0.4944,0.5103,0.492,0.4999,33490398.75
1655827200,0.4999,0.5054,0.4801,0.4806,12648789.09
1655841600,0.4806,0.4861,0.4744,0.4807,13147343.38
1655856000,0.4807,0.4808,0.4621,0.4641,9704078.3
1655870400,0.4641,0.4726,0.4583,0.4602,8570837.35
1655884800,0.4602,0.4767,0.4576,0.4719,6564046.06
1655899200,0.4719,0.4804,0.4653,0.4667,12165758.87
1655913600,0.4667,0.4739,0.4623,0.4669,9730652.06
1655928000,0.4669,0.4701,0.4559,0.4585,8693503.84
1655942400,0.4585,0.4737,0.4561,0.4663,8684592.39
1655956800,0.4663,0.4761,0.466,0.4706,4981241.26
1655971200,0.4706,0.476,0.4679,0.4728,6076742.57
1655985600,0.4728,0.4761,0.4633,0.4669,10952252.4
1656000000,0.4669,0.4739,0.4632,0.4738,9442836.58
1656014400,0.4738,0.4828,0.4713,0.4797,15242725.31
1656028800,0.4797,0.4999,0.4758,0.491,14868773.41
1656043200,0.491,0.4946,0.4852,0.4923,7166049.21
1656057600,0.4923,0.5028,0.4907,0.4978,8079668.76
1656072000,0.4978,0.5067,0.4886,0.4914,14161423.01
1656086400,0.4914,0.5025,0.4868,0.5024,8489106.33
1656100800,0.5024,0.5092,0.4969,0.4979,12270169.32
1656115200,0.4979,0.5033,0.4935,0.5001,9627109.28
1656129600,0.5001,0.5065,0.4961,0.504,5928681.99
1656144000,0.504,0.5072,0.4961,0.4965,5200058.99
1656158400,0.4965,0.4981,0.4783,0.4788,11597031.63
1656172800,0.4788,0.49,0.4788,0.4883,7458324.82
1656187200,0.4883,0.5014,0.4867,0.4981,7609639.68
1656201600,0.4981,0.5076,0.493,0.4991,7698926.359999999
1656216000,0.4991,0.5254,0.4977,0.5185,11470905.8
1656230400,0.5185,0.5231,0.5118,0.5209,9385677.82
1656244800,0.5209,0.5251,0.5017,0.5083,11611242.87
1656259200,0.5083,0.5116,0.4953,0.5014,9497979.85
1656273600,0.5014,0.507,0.4885,0.4898,11667112.080000002
1656288000,0.4898,0.5,0.4881,0.4992,6580761.94
1656302400,0.4992,0.5038,0.4968,0.502,3687710.85
1656316800,0.502,0.5085,0.5014,0.502,4397164.99
1656331200,0.502,0.5038,0.4848,0.4912,13435747.6
1656345600,0.4912,0.492,0.4763,0.4854,13924272.74
1656360000,0.4854,0.4928,0.4834,0.4852,6482470.74
1656374400,0.4852,0.488,0.4729,0.4824,9093138.89
1656388800,0.4824,0.4895,0.481,0.4875,6585803.96
1656403200,0.4875,0.496,0.4861,0.4893,11766732.57
1656417600,0.4893,0.4971,0.4764,0.4766,21608532.47
1656432000,0.4766,0.4815,0.4704,0.4737,10607175.9
1656446400,0.4737,0.4784,0.4666,0.469,7091673.76
1656460800,0.469,0.4767,0.4655,0.4708,6939085.86
1656475200,0.4708,0.4743,0.4615,0.4697,7342632.229999999
1656489600,0.4697,0.4744,0.463,0.4686,7520102.52
1656504000,0.4686,0.4728,0.4595,0.4669,19094431.82
1656518400,0.4669,0.4703,0.4584,0.4694,9909123.66
1656532800,0.4694,0.4737,0.4623,0.4655,7846351.14
1656547200,0.4655,0.4671,0.456,0.462,6469821.0200000005
1656561600,0.462,0.4651,0.4464,0.451,10873415.9
1656576000,0.451,0.4513,0.4367,0.4398,16141667.19
1656590400,0.4398,0.4495,0.4345,0.4442,16381092.8
1656604800,0.4442,0.4513,0.4412,0.4443,10082727.77
1656619200,0.4443,0.4613,0.4371,0.4599,10450421.14
1656633600,0.4599,0.4738,0.454,0.4542,13578085.34
1656648000,0.4542,0.4574,0.4471,0.4557,9698351.09
1656662400,0.4557,0.46,0.4434,0.4453,13553699.86
1656676800,0.4453,0.4531,0.4423,0.4444,12429331.54
1656691200,0.4444,0.4506,0.4436,0.4502,6115343.73
1656705600,0.4502,0.4556,0.4465,0.448,5592186.43
1656720000,0.448,0.4527,0.4437,0.4451,5482693.38
1656734400,0.4451,0.4496,0.4437,0.4446,2841187.47
1656748800,0.4446,0.4513,0.4405,0.4499,3891053.43
1656763200,0.4499,0.4535,0.4457,0.448,4407432.78
1656777600,0.448,0.4607,0.4465,0.4572,5645101.54
1656792000,0.4572,0.4607,0.4544,0.4552,3546632.52
1656806400,0.4552,0.4563,0.4502,0.4522,3162736.46
1656820800,0.4522,0.4547,0.4443,0.4489,4350401.03
1656835200,0.4489,0.4511,0.4459,0.4494,3397285.14
1656849600,0.4494,0.4501,0.4432,0.4466,2379327.84
1656864000,0.4466,0.458,0.446,0.4563,3252006.69
1656878400,0.4563,0.4593,0.4535,0.4555,5169374.74
1656892800,0.4555,0.4563,0.4443,0.4457,5241181.44
1656907200,0.4457,0.4508,0.4452,0.4478,2141968.81
1656921600,0.4478,0.4687,0.447,0.4661,4361998.07
1656936000,0.4661,0.4753,0.4496,0.4531,31864415.71
1656950400,0.4531,0.4619,0.4517,0.4585,12048353.4
1656964800,0.4585,0.47,0.4568,0.4691,7175614.67
1656979200,0.4691,0.4712,0.4609,0.4664,8288960.14
1656993600,0.4664,0.4697,0.4627,0.4655,4439765.36
1657008000,0.4655,0.4656,0.4501,0.4512,7665876.220000001
1657022400,0.4512,0.4514,0.4443,0.4487,9495726.55
1657036800,0.4487,0.4595,0.447,0.4572,8588265.5
1657051200,0.4572,0.4628,0.4531,0.4568,10174955.49
1657065600,0.4568,0.4588,0.4467,0.454,7207578.63
1657080000,0.454,0.4622,0.453,0.4572,5214204.26
1657094400,0.4572,0.4611,0.4532,0.4551,3914930.26
1657108800,0.4551,0.4593,0.4523,0.4557,6548890.16
1657123200,0.4557,0.4611,0.455,0.4582,8828907.71
1657137600,0.4582,0.4646,0.4576,0.4619,7601450.55
1657152000,0.4619,0.4687,0.4605,0.4635,7665599.23
1657166400,0.4635,0.4669,0.4626,0.4649,4034533.55
1657180800,0.4649,0.4678,0.464,0.4655,3390604.71
1657195200,0.4655,0.474,0.4616,0.4695,9565358.39
1657209600,0.4695,0.4823,0.4686,0.4807,12655598.85
1657224000,0.4807,0.4808,0.4737,0.4774,8036233.01
1657238400,0.4774,0.4923,0.4756,0.4832,13169507.49
1657252800,0.4832,0.4856,0.4741,0.4757,7713469.11
1657267200,0.4757,0.4765,0.4643,0.4691,7353125.02
1657281600,0.4691,0.4724,0.4601,0.4706,12056617.76
1657296000,0.4706,0.4708,0.4637,0.4672,5285877.23
1657310400,0.4672,0.4736,0.4643,0.4658,5394993.29
1657324800,0.4658,0.4727,0.4649,0.4724,4359024.93
1657339200,0.4724,0.4845,0.472,0.4793,6741231.14
1657353600,0.4793,0.4839,0.4747,0.4762,4137429.6
1657368000,0.4762,0.4816,0.4732,0.4774,5153065.95
1657382400,0.4774,0.4845,0.4773,0.4809,8713711.46
1657396800,0.4809,0.4829,0.477,0.4777,4594802.61
1657411200,0.4777,0.4796,0.4691,0.4703,5663160.23
1657425600,0.4703,0.4729,0.4671,0.4723,2764345.54
1657440000,0.4723,0.474,0.466,0.4687,2419407.87
1657454400,0.4687,0.4707,0.4555,0.4586,14667672.31
1657468800,0.4586,0.4635,0.4554,0.4631,4407905.93
1657483200,0.4631,0.4689,0.4612,0.462,6586958.96
1657497600,0.462,0.4626,0.4474,0.453,20014895.02
1657512000,0.453,0.4542,0.4484,0.4525,4243297.37
1657526400,0.4525,0.4571,0.4517,0.4525,4285186.81
1657540800,0.4525,0.4525,0.4393,0.4459,29929412.41
1657555200,0.4459,0.4488,0.4434,0.4462,4505067.41
1657569600,0.4462,0.4519,0.4314,0.4342,12273614.96
1657584000,0.4342,0.4419,0.4321,0.4372,6859084.68
1657598400,0.4372,0.4402,0.428,0.4315,4897885.859999999
1657612800,0.4315,0.4327,0.4257,0.4316,5162563.109999999
1657627200,0.4316,0.4365,0.4281,0.4336,10596088.62
1657641600,0.4336,0.4366,0.4231,0.4258,7158364.33
1657656000,0.4258,0.4286,0.4151,0.4165,8436069.21
1657670400,0.4165,0.4222,0.415,0.4196,6922273.15
1657684800,0.4196,0.4276,0.4183,0.4274,8702815.48
1657699200,0.4274,0.4325,0.4259,0.4283,7989904.0
1657713600,0.4283,0.435,0.4026,0.4167,33422028.36
1657728000,0.4167,0.427,0.4137,0.421,9080445.61
1657742400,0.421,0.44,0.4194,0.4382,12767958.56
1657756800,0.4382,0.44,0.4321,0.4345,7767916.92
1657771200,0.4345,0.4359,0.426,0.4271,5984383.63
1657785600,0.4271,0.4283,0.4172,0.4194,8048983.52
1657800000,0.4194,0.4347,0.4167,0.4312,14003242.28
1657814400,0.4312,0.4459,0.4281,0.4395,18285294.2
1657828800,0.4395,0.4422,0.436,0.441,5960462.24
1657843200,0.441,0.4485,0.4365,0.4422,10901637.19
1657857600,0.4422,0.4447,0.438,0.4425,6986117.140000001
1657872000,0.4425,0.4448,0.4347,0.4352,7942973.49
1657886400,0.4352,0.4444,0.4345,0.4374,10948895.3
1657900800,0.4374,0.4486,0.4326,0.448,10710383.51
1657915200,0.448,0.4539,0.4396,0.4419,9692334.72
1657929600,0.4419,0.443,0.4349,0.4381,6648364.720000001
1657944000,0.4381,0.4411,0.4317,0.4328,3633574.23
1657958400,0.4328,0.4372,0.4324,0.4347,1982772.93
1657972800,0.4347,0.4459,0.4341,0.4455,4120559.73
1657987200,0.4455,0.459,0.4455,0.4504,14844285.8
1658001600,0.4504,0.4584,0.4462,0.458,6053076.89
1658016000,0.458,0.4623,0.4493,0.4543,7406452.52
1658030400,0.4543,0.4657,0.4538,0.4574,10071153.96
1658044800,0.4574,0.4593,0.4494,0.4533,7190738.78
1658059200,0.4533,0.4544,0.446,0.4504,6223624.47
1658073600,0.4504,0.4554,0.442,0.4466,7470015.73
1658088000,0.4466,0.4545,0.4449,0.4476,5964119.36
1658102400,0.4476,0.4624,0.4457,0.4586,11433073.66
1658116800,0.4586,0.4768,0.4561,0.4746,19932048.56
1658131200,0.4746,0.498,0.4713,0.4885,33718140.55
1658145600,0.4885,0.4993,0.4846,0.4972,29168131.51
1658160000,0.4972,0.4976,0.4675,0.4727,18318768.58
1658174400,0.4727,0.4943,0.4715,0.4909,14075488.46
1658188800,0.4909,0.5011,0.4766,0.4769,22575775.33
1658203200,0.4769,0.4877,0.4736,0.4792,10008253.63
1658217600,0.4792,0.4931,0.4773,0.4884,13068920.83
1658232000,0.4884,0.5099,0.4882,0.5026,28527584.03
1658246400,0.5026,0.5148,0.5012,0.5054,24591405.18
1658260800,0.5054,0.5265,0.5043,0.5152,26214235.51
1658275200,0.5152,0.5298,0.5085,0.5262,19716811.82
1658289600,0.5262,0.5487,0.524,0.5306,25828659.6
1658304000,0.5306,0.5394,0.5215,0.5269,19697606.28
1658318400,0.5269,0.5346,0.5187,0.5283,20887507.52
1658332800,0.5283,0.5292,0.5034,0.5053,24766458.59
1658347200,0.5053,0.5088,0.4867,0.491,20330275.97
1658361600,0.491,0.4982,0.477,0.4797,15170296.0
1658376000,0.4797,0.4936,0.4765,0.4905,9573812.47
1658390400,0.4905,0.4931,0.4794,0.4835,9151716.1
1658404800,0.4835,0.4908,0.4755,0.4829,18327510.68
1658419200,0.4829,0.4973,0.4826,0.4972,13201489.4
1658433600,0.4972,0.5026,0.4942,0.4996,11740531.59
1658448000,0.4996,0.5054,0.4914,0.493,7822568.83
1658462400,0.493,0.5028,0.4892,0.4986,5717148.66
1658476800,0.4986,0.5114,0.4969,0.5089,9967571.41
1658491200,0.5089,0.51,0.4899,0.4925,14211714.7
1658505600,0.4925,0.4959,0.4786,0.4804,9717953.18
1658520000,0.4804,0.4864,0.4775,0.483,5677384.6
1658534400,0.483,0.4938,0.4789,0.4883,5236501.49
1658548800,0.4883,0.4982,0.4883,0.4911,6666497.3100000005
1658563200,0.4911,0.4931,0.4761,0.4764,5418984.65
1658577600,0.4764,0.4854,0.4733,0.4836,7526103.66
1658592000,0.4836,0.4862,0.4755,0.4819,8667935.1
1658606400,0.4819,0.5187,0.481,0.517,21871197.58
1658620800,0.517,0.5254,0.5094,0.5108,11586389.28
1658635200,0.5108,0.5212,0.5106,0.5163,6456999.41
1658649600,0.5163,0.5365,0.5137,0.5264,13573010.71
1658664000,0.5264,0.5309,0.5201,0.528,8612909.3
1658678400,0.528,0.5281,0.5153,0.5174,6928312.09
1658692800,0.5174,0.5266,0.5109,0.5121,8128397.880000001
1658707200,0.5121,0.5155,0.4909,0.4931,12226671.05
1658721600,0.4931,0.4976,0.4891,0.4961,5511982.09
1658736000,0.4961,0.4982,0.4913,0.4917,5128557.24
1658750400,0.4917,0.4951,0.485,0.4913,8475169.92
1658764800,0.4913,0.4944,0.4807,0.4869,8951378.86
1658779200,0.4869,0.4973,0.4742,0.4746,14527847.760000002
1658793600,0.4746,0.4773,0.4631,0.4698,13603266.29
1658808000,0.4698,0.4741,0.4671,0.468,8042089.23
1658822400,0.468,0.4724,0.463,0.467,4827045.21
1658836800,0.467,0.4691,0.4509,0.4512,18832638.69
1658851200,0.4512,0.4604,0.451,0.4551,8973170.16
1658865600,0.4551,0.4693,0.4522,0.4682,9832630.14
1658880000,0.4682,0.4692,0.4589,0.4601,5721058.76
1658894400,0.4601,0.4718,0.4597,0.4691,4740169.91
1658908800,0.4691,0.471,0.4624,0.4637,4875895.05
1658923200,0.4637,0.4766,0.4625,0.4715,9231475.94
1658937600,0.4715,0.5058,0.4627,0.5024,39353667.82
1658952000,0.5024,0.5121,0.5021,0.5112,17539011.98
1658966400,0.5112,0.5186,0.502,0.5085,13020732.29
1658980800,0.5085,0.5109,0.4993,0.4999,8558131.55
1658995200,0.4999,0.5035,0.4959,0.5024,7307534.21
1659009600,0.5024,0.5159,0.4887,0.512,21442814.12
1659024000,0.512,0.5178,0.5081,0.5118,19998033.54
1659038400,0.5118,0.5241,0.5113,0.5131,18511405.71
1659052800,0.5131,0.5298,0.5067,0.5294,20524210.200000003
1659067200,0.5294,0.5393,0.5218,0.5306,16550738.23
1659081600,0.5306,0.5454,0.5227,0.5242,18848380.54
1659096000,0.5242,0.5378,0.5148,0.5276,28254265.52
1659110400,0.5276,0.5288,0.5143,0.5248,16267097.0
1659124800,0.5248,0.5359,0.5182,0.5221,12223067.16
1659139200,0.5221,0.5258,0.5135,0.5193,12033162.91
1659153600,0.5193,0.523,0.5091,0.5209,8989634.8
1659168000,0.5209,0.5333,0.5198,0.528,10517013.69
1659182400,0.528,0.5556,0.5266,0.5468,25894868.61
1659196800,0.5468,0.5521,0.5302,0.5316,15752347.14
1659211200,0.5316,0.535,0.5204,0.5262,12374251.95
1659225600,0.5262,0.5345,0.5227,0.5284,8407033.99
1659240000,0.5284,0.5354,0.5283,0.5285,5004193.38
1659254400,0.5285,0.5335,0.5208,0.5314,5724719.51
1659268800,0.5314,0.5334,0.5245,0.5305,6130781.01
1659283200,0.5305,0.5443,0.5236,0.5333,18294064.35
1659297600,0.5333,0.5351,0.5135,0.5166,11307028.14
1659312000,0.5166,0.5266,0.5147,0.5213,8579886.870000001
1659326400,0.5213,0.5237,0.5143,0.5201,4388195.46
1659340800,0.5201,0.5206,0.5056,0.5122,6819564.4
1659355200,0.5122,0.5192,0.5036,0.5161,10360081.46
1659369600,0.5161,0.5165,0.501,0.5066,12431203.86
1659384000,0.5066,0.5152,0.5046,0.5127,6606703.220000001
1659398400,0.5127,0.5157,0.4904,0.4916,12668287.05
1659412800,0.4916,0.4973,0.489,0.4953,5011895.41
1659427200,0.4953,0.4995,0.4892,0.497,5296139.84
1659441600,0.497,0.5039,0.4912,0.5007,11261162.99
1659456000,0.5007,0.5095,0.4969,0.4991,9332823.49
1659470400,0.4991,0.5029,0.4949,0.4963,5440875.23
1659484800,0.4963,0.5016,0.4894,0.5011,7799455.82
1659499200,0.5011,0.507,0.4996,0.5036,4844827.6
1659513600,0.5036,0.5133,0.5034,0.5108,5130411.54
1659528000,0.5108,0.5158,0.5058,0.5099,7154895.08
1659542400,0.5099,0.517,0.5086,0.5142,7322799.64
1659556800,0.5142,0.5153,0.4988,0.5008,6240503.75
1659571200,0.5008,0.5106,0.5004,0.5083,4482181.84
1659585600,0.5083,0.5111,0.4997,0.5033,3749292.96
1659600000,0.5033,0.5035,0.4986,0.4994,6527416.93
1659614400,0.4994,0.506,0.4958,0.5015,8083140.85
1659628800,0.5015,0.5032,0.4939,0.498,5255991.38
1659643200,0.498,0.5004,0.4957,0.4997,3040101.52
1659657600,0.4997,0.5115,0.4993,0.51,6060775.859999999
1659672000,0.51,0.5144,0.5076,0.5098,4131833.5
1659686400,0.5098,0.5174,0.508,0.5168,4125789.02
1659700800,0.5168,0.5193,0.5041,0.507,9474510.56
1659715200,0.507,0.5106,0.5054,0.5103,4938796.83
1659729600,0.5103,0.5182,0.509,0.5176,6280431.239999999
1659744000,0.5176,0.5186,0.5142,0.516,4031777.54
1659758400,0.516,0.5234,0.516,0.5183,4154639.51
1659772800,0.5183,0.521,0.5151,0.5165,3346461.3600000003
1659787200,0.5165,0.521,0.5155,0.5184,5131935.91
1659801600,0.5184,0.5209,0.5114,0.5177,6445398.1
1659816000,0.5177,0.5189,0.5103,0.5113,4500014.88
1659830400,0.5113,0.5139,0.506,0.5121,6521125.92
1659844800,0.5121,0.5186,0.5119,0.517,2943013.65
1659859200,0.517,0.5175,0.5139,0.5169,2746223.71
1659873600,0.5169,0.521,0.5164,0.5188,4570769.41
1659888000,0.5188,0.522,0.5183,0.5202,4714972.35
1659902400,0.5202,0.538,0.5202,0.5276,15280152.54
1659916800,0.5276,0.5338,0.523,0.5329,8014934.529999999
1659931200,0.5329,0.5448,0.5317,0.5404,12149823.62
1659945600,0.5404,0.5495,0.5387,0.5465,7793919.979999999
1659960000,0.5465,0.5474,0.5327,0.5343,13797397.08
1659974400,0.5343,0.5361,0.5306,0.5349,8397985.55
1659988800,0.5349,0.5416,0.531,0.5371,5748733.85
1660003200,0.5371,0.5374,0.5279,0.5341,5655446.58
1660017600,0.5341,0.5375,0.5316,0.5349,5550829.11
1660032000,0.5349,0.5352,0.5163,0.5177,10630952.32
1660046400,0.5177,0.5227,0.5055,0.5104,14763535.43
1660060800,0.5104,0.5138,0.5095,0.5113,4594132.51
1660075200,0.5113,0.5178,0.5111,0.5131,4630013.43
1660089600,0.5131,0.514,0.5023,0.5071,10123613.14
1660104000,0.5071,0.5127,0.5069,0.5106,4890324.32
1660118400,0.5106,0.5142,0.5096,0.5137,8182649.35
1660132800,0.5137,0.5388,0.513,0.5348,27161837.3
1660147200,0.5348,0.5374,0.5261,0.5293,9322830.68
1660161600,0.5293,0.5378,0.5293,0.5376,9369450.05
1660176000,0.5376,0.547,0.5372,0.5443,17165337.72
1660190400,0.5443,0.5478,0.537,0.5389,6575675.85
1660204800,0.5389,0.5398,0.5339,0.5383,5686804.83
1660219200,0.5383,0.5478,0.5356,0.5361,11844741.08
1660233600,0.5361,0.5417,0.5317,0.5354,6542967.720000001
1660248000,0.5354,0.5359,0.5288,0.5306,8832974.47
1660262400,0.5306,0.5345,0.5228,0.5323,6193128.11
1660276800,0.5323,0.5333,0.5273,0.5331,3326434.25
1660291200,0.5331,0.5372,0.5209,0.5235,4880446.5
1660305600,0.5235,0.5334,0.5232,0.532,4874597.08
1660320000,0.532,0.539,0.5299,0.5382,5924831.01
1660334400,0.5382,0.5423,0.5351,0.5407,6393235.43
1660348800,0.5407,0.5446,0.5382,0.544,8834413.31
1660363200,0.544,0.5682,0.5412,0.5588,22278712.95
1660377600,0.5588,0.5642,0.555,0.5593,9471745.79
1660392000,0.5593,0.5668,0.5524,0.5605,10618668.14
1660406400,0.5605,0.5611,0.5535,0.5576,6858236.109999999
1660420800,0.5576,0.566,0.5566,0.5597,7675377.99
1660435200,0.5597,0.5948,0.5572,0.5908,31014655.69
1660449600,0.5908,0.5916,0.5844,0.5879,11890061.12
1660464000,0.5879,0.5919,0.5796,0.5813,8504822.42
1660478400,0.5813,0.583,0.5718,0.5797,9227222.08
1660492800,0.5797,0.5807,0.5608,0.5682,14950368.86
1660507200,0.5682,0.5733,0.5643,0.57,5999926.369999999
1660521600,0.57,0.5819,0.5642,0.5757,12942203.4
1660536000,0.5757,0.5767,0.5484,0.5523,12206966.79
1660550400,0.5523,0.5622,0.5452,0.5553,9500430.49
1660564800,0.5553,0.5657,0.5503,0.5649,11008724.76
1660579200,0.5649,0.5673,0.552,0.5544,9967214.67
1660593600,0.5544,0.5577,0.5431,0.5501,11530295.71
1660608000,0.5501,0.5648,0.5477,0.5557,8031864.52
1660622400,0.5557,0.5579,0.5476,0.5565,3641907.99
1660636800,0.5565,0.57,0.5548,0.5665,9087772.3
1660651200,0.5665,0.5681,0.5498,0.5602,9738848.33
1660665600,0.5602,0.5669,0.5532,0.5611,10402540.66
1660680000,0.5611,0.568,0.5558,0.5571,7055167.48
1660694400,0.5571,0.5795,0.5541,0.5776,11330315.3
1660708800,0.5776,0.5825,0.5569,0.5571,21027650.39
1660723200,0.5571,0.5615,0.5509,0.5548,14364141.22
1660737600,0.5548,0.555,0.5289,0.5357,30135159.36
1660752000,0.5357,0.5443,0.5339,0.5381,12449264.01
1660766400,0.5381,0.5423,0.5317,0.5384,6968073.1
1660780800,0.5384,0.5419,0.5322,0.5372,6773038.02
1660795200,0.5372,0.541,0.5339,0.5395,5169561.3100000005
1660809600,0.5395,0.5427,0.5359,0.5416,3667540.59
1660824000,0.5416,0.544,0.5343,0.5378,5016643.92
1660838400,0.5378,0.538,0.5248,0.5288,12992948.97
1660852800,0.5288,0.5317,0.5082,0.512,13211265.62
1660867200,0.512,0.5122,0.4916,0.4927,24614008.08
1660881600,0.4927,0.4967,0.4638,0.4751,24210748.85
1660896000,0.4751,0.4752,0.4574,0.4651,17520228.630000003
1660910400,0.4651,0.469,0.4576,0.4663,17356929.16
1660924800,0.4663,0.477,0.4612,0.4645,19282253.84
1660939200,0.4645,0.4658,0.4463,0.4503,30292535.47
1660953600,0.4503,0.4618,0.4498,0.459,15306623.83
1660968000,0.459,0.4632,0.4565,0.4613,10154417.24
1660982400,0.4613,0.4616,0.4568,0.4597,4991677.44
1660996800,0.4597,0.4598,0.4509,0.4556,8961321.08
1661011200,0.4556,0.4563,0.435,0.4415,13849792.59
1661025600,0.4415,0.4536,0.4389,0.4512,11083120.11
1661040000,0.4512,0.4559,0.4484,0.45,6714584.73
1661054400,0.45,0.4603,0.4469,0.4582,7420854.71
1661068800,0.4582,0.4665,0.4577,0.463,8855937.33
1661083200,0.463,0.465,0.4549,0.4612,7083534.0
1661097600,0.4612,0.4692,0.4591,0.4665,9028062.71
1661112000,0.4665,0.4727,0.4582,0.4626,11324376.72
1661126400,0.4626,0.4629,0.4577,0.4585,6681481.390000001
1661140800,0.4585,0.4585,0.4451,0.4456,10853946.09
1661155200,0.4456,0.4537,0.4374,0.4479,12164385.44
1661169600,0.4479,0.4549,0.4427,0.4535,12629967.47
1661184000,0.4535,0.4557,0.4454,0.449,7516028.17
1661198400,0.449,0.4623,0.449,0.4615,7191557.59
1661212800,0.4615,0.4632,0.4564,0.4567,4027614.26
1661227200,0.4567,0.458,0.4458,0.453,4674566.51
1661241600,0.453,0.4617,0.4526,0.461,5405046.36
1661256000,0.461,0.4673,0.4564,0.4607,8431100.58
1661270400,0.4607,0.4642,0.4564,0.4608,4965129.79
1661284800,0.4608,0.4699,0.4598,0.4653,6725527.65
1661299200,0.4653,0.467,0.4535,0.4551,6913032.62
1661313600,0.4551,0.4614,0.454,0.4562,3984392.68
1661328000,0.4562,0.4615,0.456,0.4615,3597097.8200000003
1661342400,0.4615,0.4665,0.4575,0.4652,6289715.5600000005
1661356800,0.4652,0.4689,0.4617,0.4646,5960915.91
1661371200,0.4646,0.4665,0.4567,0.4576,6506218.33
1661385600,0.4576,0.4636,0.4573,0.4593,3894086.69
1661400000,0.4593,0.4687,0.459,0.4687,4897788.78
1661414400,0.4687,0.4695,0.4619,0.4651,5153052.81
1661428800,0.4651,0.4676,0.4606,0.4622,7695460.119999999
1661443200,0.4622,0.468,0.4586,0.4678,4606533.1
1661457600,0.4678,0.474,0.4622,0.4643,13923780.7
1661472000,0.4643,0.4685,0.4606,0.4675,4700295.61
1661486400,0.4675,0.482,0.4644,0.482,13539815.97
1661500800,0.482,0.4822,0.4627,0.4649,11509328.61
1661515200,0.4649,0.48,0.4463,0.4509,29602063.33
1661529600,0.4509,0.4519,0.436,0.4427,22356138.59
1661544000,0.4427,0.4476,0.4257,0.4317,13639279.25
1661558400,0.4317,0.4361,0.4265,0.4352,10065676.0
1661572800,0.4352,0.4413,0.4262,0.4413,10036081.97
1661587200,0.4413,0.4477,0.4383,0.4466,8139205.479999999
1661601600,0.4466,0.4514,0.4383,0.4432,11886210.83
1661616000,0.4432,0.4459,0.4383,0.4448,7784987.609999999
1661630400,0.4448,0.4514,0.4432,0.4499,5962850.12
1661644800,0.4499,0.4545,0.4457,0.4463,6229350.63
1661659200,0.4463,0.4507,0.4436,0.4503,4502068.09
1661673600,0.4503,0.4514,0.4424,0.4463,3480608.23
1661688000,0.4463,0.4469,0.4368,0.4451,6479752.61
1661702400,0.4451,0.4489,0.442,0.4427,4582646.72
1661716800,0.4427,0.4446,0.4274,0.4291,11971975.51
1661731200,0.4291,0.436,0.4241,0.4334,10673920.87
1661745600,0.4334,0.435,0.4301,0.4332,3517658.38
1661760000,0.4332,0.4361,0.4309,0.4342,4710128.35
1661774400,0.4342,0.4492,0.4338,0.4458,11217913.07
1661788800,0.4458,0.4493,0.4453,0.4471,4695260.14
1661803200,0.4471,0.4529,0.4457,0.4505,4888133.0
1661817600,0.4505,0.4526,0.4458,0.4489,3380784.54
1661832000,0.4489,0.4559,0.4485,0.4532,4585198.26
1661846400,0.4532,0.463,0.4523,0.4575,6573864.76
1661860800,0.4575,0.4597,0.4399,0.4472,13672584.63
1661875200,0.4472,0.4551,0.4386,0.451,10836338.94
1661889600,0.451,0.4564,0.4488,0.4529,7064806.88
1661904000,0.4529,0.4622,0.4529,0.4613,6450803.5
1661918400,0.4613,0.4632,0.4561,0.4567,5017371.609999999
1661932800,0.4567,0.4588,0.4528,0.4564,6194537.380000001
1661947200,0.4564,0.4628,0.4487,0.4547,7494331.449999999
1661961600,0.4547,0.4556,0.4485,0.4531,5631531.489999999
1661976000,0.4531,0.4568,0.4439,0.446,8722967.0
1661990400,0.446,0.45,0.4414,0.4454,5015256.65
1662004800,0.4454,0.4516,0.4448,0.4467,3024045.12
1662019200,0.4467,0.4502,0.441,0.4481,2652621.35
1662033600,0.4481,0.4621,0.4416,0.4469,13297953.11
1662048000,0.4469,0.4548,0.4446,0.4532,5486157.18
1662062400,0.4532,0.4589,0.4529,0.4575,4827246.09
1662076800,0.4575,0.4599,0.4533,0.4583,4514415.779999999
1662091200,0.4583,0.4601,0.455,0.4588,2490833.92
1662105600,0.4588,0.4596,0.4532,0.4556,3536099.84
1662120000,0.4556,0.4665,0.4537,0.4655,10499944.37
1662134400,0.4655,0.4658,0.449,0.451,9125125.62
1662148800,0.451,0.4575,0.4503,0.4544,3631849.68
1662163200,0.4544,0.4626,0.4535,0.4589,3972434.25
1662177600,0.4589,0.478,0.4588,0.4652,15107751.14
1662192000,0.4652,0.4725,0.4637,0.4722,5770776.19
1662206400,0.4722,0.481,0.4688,0.4787,9978759.78
1662220800,0.4787,0.4859,0.477,0.48,13298914.26
1662235200,0.48,0.485,0.4787,0.4803,4812278.04
1662249600,0.4803,0.499,0.4758,0.494,13578591.07
1662264000,0.494,0.4999,0.4914,0.4919,8946724.88
1662278400,0.4919,0.5094,0.4901,0.5053,11618981.66
1662292800,0.5053,0.5072,0.495,0.5004,8573418.620000001
1662307200,0.5004,0.5045,0.4976,0.4982,5901917.29
1662321600,0.4982,0.5041,0.4966,0.5035,6222586.73
1662336000,0.5035,0.5073,0.4956,0.4984,6087450.71
1662350400,0.4984,0.4994,0.4863,0.4883,6255902.34
1662364800,0.4883,0.489,0.4825,0.4863,4133678.58
1662379200,0.4863,0.494,0.4851,0.4922,6171744.15
1662393600,0.4922,0.4944,0.487,0.4885,4007107.03
1662408000,0.4885,0.5009,0.4884,0.4987,4656151.5600000005
1662422400,0.4987,0.5103,0.4874,0.4984,14165889.63
1662436800,0.4984,0.5118,0.4968,0.5034,7918605.63
1662451200,0.5034,0.5059,0.4966,0.5008,6026651.59
1662465600,0.5008,0.5019,0.4884,0.4961,9307854.9
1662480000,0.4961,0.497,0.4644,0.4668,24301003.99
1662494400,0.4668,0.4684,0.4603,0.4625,10811250.68
1662508800,0.4625,0.464,0.454,0.4599,10629865.59
1662523200,0.4599,0.4651,0.4572,0.4647,7724955.050000001
1662537600,0.4647,0.466,0.4602,0.4618,3151417.8
1662552000,0.4618,0.4685,0.4573,0.4673,8550463.81
1662566400,0.4673,0.4742,0.4669,0.4716,6272859.73
1662580800,0.4716,0.482,0.4712,0.4787,11300679.95
1662595200,0.4787,0.4807,0.4752,0.4767,6033444.5
1662609600,0.4767,0.4784,0.4663,0.4694,5903411.57
1662624000,0.4694,0.4737,0.4686,0.4717,2814534.8000000003
1662638400,0.4717,0.4756,0.4626,0.4703,7598453.630000001
1662652800,0.4703,0.4779,0.4663,0.4778,6206427.88
1662667200,0.4778,0.4832,0.4758,0.4791,5632182.29
1662681600,0.4791,0.4899,0.4784,0.4889,6637899.15
1662696000,0.4889,0.4962,0.4878,0.4926,8469272.93
1662710400,0.4926,0.4985,0.4908,0.4956,8204386.91
1662724800,0.4956,0.5047,0.4924,0.4931,12890088.14
1662739200,0.4931,0.4955,0.4875,0.4947,7120398.62
1662753600,0.4947,0.5038,0.4921,0.5024,8613250.85
1662768000,0.5024,0.5242,0.4948,0.5169,25522677.8
1662782400,0.5169,0.5212,0.5059,0.5066,12580716.59
1662796800,0.5066,0.5162,0.5066,0.5145,6291564.97
1662811200,0.5145,0.5218,0.5099,0.515,9848436.73
1662825600,0.515,0.5163,0.5078,0.5119,6471133.81
1662840000,0.5119,0.5168,0.5094,0.5123,6688486.8100000005
1662854400,0.5123,0.5181,0.5101,0.5126,6499771.31
1662868800,0.5126,0.5153,0.5018,0.5143,7285950.25
1662883200,0.5143,0.5191,0.5105,0.5162,10782656.3
1662897600,0.5162,0.5202,0.5082,0.5114,9967847.29
1662912000,0.5114,0.5169,0.5103,0.5117,4390689.96
1662926400,0.5117,0.5138,0.5002,0.5101,7900799.92
1662940800,0.5101,0.5166,0.4991,0.5029,11269542.7
1662955200,0.5029,0.5117,0.5018,0.511,5172187.07
1662969600,0.511,0.5185,0.5089,0.5158,10258238.28
1662984000,0.5158,0.5202,0.5023,0.5049,14050428.0
1662998400,0.5049,0.5081,0.496,0.5061,13028730.3
1663012800,0.5061,0.511,0.5003,0.5015,6931296.73
1663027200,0.5015,0.5018,0.4917,0.4984,8855347.91
1663041600,0.4984,0.5057,0.4964,0.5029,4459693.680000001
1663056000,0.5029,0.5066,0.5002,0.5045,4745755.87
1663070400,0.5045,0.5091,0.4645,0.47,27958704.08
1663084800,0.47,0.4766,0.4631,0.4708,11412607.91
1663099200,0.4708,0.4753,0.4615,0.4636,9332770.1
1663113600,0.4636,0.4742,0.4622,0.4726,8925482.91
1663128000,0.4726,0.4761,0.4689,0.4728,4419213.93
1663142400,0.4728,0.4747,0.4686,0.4722,4588967.39
1663156800,0.4722,0.4871,0.4686,0.4821,9053923.73
1663171200,0.4821,0.4851,0.4723,0.4804,9390477.21
1663185600,0.4804,0.4837,0.4775,0.4811,4126098.3
1663200000,0.4811,0.4812,0.4661,0.4705,6980567.97
1663214400,0.4705,0.482,0.4647,0.4775,8660975.34
1663228800,0.4775,0.4777,0.471,0.4746,3466011.57
1663243200,0.4746,0.4789,0.4623,0.4672,11141700.87
1663257600,0.4672,0.4712,0.4663,0.468,3973851.92
1663272000,0.468,0.47,0.4621,0.4661,3756524.33
1663286400,0.4661,0.4695,0.4617,0.4686,4676935.04
1663300800,0.4686,0.4702,0.4647,0.4653,1752459.49
1663315200,0.4653,0.4656,0.457,0.4647,4248887.45
1663329600,0.4647,0.4651,0.4543,0.4616,6221897.38
1663344000,0.4616,0.4627,0.4548,0.4617,4692014.32
1663358400,0.4617,0.4747,0.4614,0.4747,4178930.49
1663372800,0.4747,0.4832,0.4725,0.4774,5978611.61
1663387200,0.4774,0.4803,0.4734,0.4763,1895374.99
1663401600,0.4763,0.4773,0.4732,0.4767,1686222.91
1663416000,0.4767,0.4866,0.474,0.4811,4475552.73
1663430400,0.4811,0.4853,0.4798,0.4829,3347279.83
1663444800,0.4829,0.4883,0.4824,0.4862,2667129.71
1663459200,0.4862,0.4864,0.4807,0.4831,3758431.64
1663473600,0.4831,0.4901,0.4816,0.4895,2385731.14
1663488000,0.4895,0.4896,0.4744,0.4777,4484173.28
1663502400,0.4777,0.4789,0.4684,0.4693,5644738.23
1663516800,0.4693,0.4704,0.4629,0.4678,8290298.95
1663531200,0.4678,0.4678,0.4422,0.4477,13010694.329999998
1663545600,0.4477,0.4514,0.434,0.4376,12561296.81
1663560000,0.4376,0.4438,0.4332,0.437,8065771.489999999
1663574400,0.437,0.4439,0.433,0.4401,5036241.67
1663588800,0.4401,0.453,0.4386,0.4471,6707218.76
1663603200,0.4471,0.4553,0.4448,0.4552,4938593.83
1663617600,0.4552,0.4569,0.4511,0.4526,3683579.72
1663632000,0.4526,0.4544,0.4441,0.4477,4502121.71
1663646400,0.4477,0.4516,0.4455,0.4472,2435887.89
1663660800,0.4472,0.4487,0.4429,0.4446,2921999.18
1663675200,0.4446,0.4487,0.4376,0.4486,9842258.72
1663689600,0.4486,0.4489,0.4398,0.4429,5707532.84
1663704000,0.4429,0.4447,0.4376,0.4422,5413050.17
1663718400,0.4422,0.4634,0.4414,0.4555,14736987.22
1663732800,0.4555,0.4584,0.4416,0.4486,8575735.940000001
1663747200,0.4486,0.453,0.445,0.4521,5042220.48
1663761600,0.4521,0.4542,0.4424,0.4436,6315452.96
1663776000,0.4436,0.4638,0.4293,0.4466,31757964.61
1663790400,0.4466,0.4483,0.4311,0.439,14042000.0
1663804800,0.439,0.4442,0.4346,0.4438,7110470.38
1663819200,0.4438,0.4491,0.4412,0.4487,4129507.66
1663833600,0.4487,0.4574,0.4485,0.4563,6270483.22
1663848000,0.4563,0.4595,0.4446,0.4502,8889429.22
1663862400,0.4502,0.4665,0.4464,0.462,9089857.01
1663876800,0.462,0.465,0.4559,0.458,7220530.6
1663891200,0.458,0.4822,0.453,0.4781,11897392.9
1663905600,0.4781,0.4781,0.4592,0.4605,9014398.1
1663920000,0.4605,0.4639,0.4515,0.4542,8406821.82
1663934400,0.4542,0.4603,0.4461,0.4521,9812103.86
1663948800,0.4521,0.455,0.4469,0.4548,8122349.47
1663963200,0.4548,0.4665,0.4545,0.4618,7579374.59
1663977600,0.4618,0.4665,0.4586,0.4613,4363110.67
1663992000,0.4613,0.4663,0.4572,0.4585,4441627.91
1664006400,0.4585,0.4634,0.456,0.4614,2533558.35
1664020800,0.4614,0.4684,0.4596,0.4614,5023160.359999999
1664035200,0.4614,0.4637,0.4588,0.4601,5730658.13
1664049600,0.4601,0.4623,0.4503,0.4511,5974127.62
1664064000,0.4511,0.4569,0.4508,0.4569,3117845.34
1664078400,0.4569,0.4579,0.4535,0.4576,3838302.26
1664092800,0.4576,0.4611,0.4554,0.4592,3026152.9
1664107200,0.4592,0.4626,0.4505,0.4522,5234634.28
1664121600,0.4522,0.4551,0.4442,0.4498,6185538.489999999
1664136000,0.4498,0.4499,0.4386,0.4464,6085919.4
1664150400,0.4464,0.4495,0.4416,0.4438,7006693.8100000005
1664164800,0.4438,0.446,0.4368,0.442,5692206.0
1664179200,0.442,0.4508,0.4377,0.4409,7175818.18
1664193600,0.4409,0.4488,0.4387,0.4456,7600662.04
1664208000,0.4456,0.4482,0.4426,0.4461,4435513.91
1664222400,0.4461,0.4477,0.4434,0.4471,3697325.5
1664236800,0.4471,0.4616,0.4463,0.4583,8477082.02
1664251200,0.4583,0.4631,0.4558,0.4578,5541517.86
1664265600,0.4578,0.4585,0.4531,0.4544,3871141.84
1664280000,0.4544,0.4597,0.4518,0.453,7581675.4
1664294400,0.453,0.4537,0.4374,0.4424,11175640.47
1664308800,0.4424,0.4434,0.4392,0.4413,4436099.2
1664323200,0.4413,0.443,0.4253,0.4304,10494218.12
1664337600,0.4304,0.4332,0.4261,0.4307,3347935.93
1664352000,0.4307,0.4346,0.4255,0.4319,5207688.46
1664366400,0.4319,0.4378,0.4303,0.4367,5391877.21
1664380800,0.4367,0.4402,0.4335,0.4377,7025938.12
1664395200,0.4377,0.4407,0.436,0.4362,5323124.65
1664409600,0.4362,0.4384,0.4335,0.4365,3837216.69
1664424000,0.4365,0.4391,0.4296,0.4314,4782280.19
1664438400,0.4314,0.4382,0.4309,0.4349,2675750.5
1664452800,0.4349,0.4351,0.4278,0.4333,7393213.97
1664467200,0.4333,0.437,0.4305,0.434,5391971.92
1664481600,0.434,0.4387,0.4338,0.4381,4563341.1
1664496000,0.4381,0.441,0.4353,0.4364,5236494.95
1664510400,0.4364,0.438,0.4344,0.4368,1884904.7
1664524800,0.4368,0.4386,0.4321,0.4331,3440477.71
1664539200,0.4331,0.4413,0.4298,0.4355,10107550.03
1664553600,0.4355,0.4359,0.4302,0.4312,6039119.17
1664568000,0.4312,0.4366,0.4294,0.4348,4666944.75
1664582400,0.4348,0.4364,0.4321,0.4344,2651236.25
1664596800,0.4344,0.4348,0.4318,0.4333,1674657.61
1664611200,0.4333,0.4349,0.4305,0.4325,2211656.73
1664625600,0.4325,0.4325,0.4301,0.4317,2401313.68
1664640000,0.4317,0.4321,0.4278,0.4316,3723357.32
1664654400,0.4316,0.4316,0.4284,0.4301,1862849.93
1664668800,0.4301,0.4327,0.4296,0.4311,1938353.78
1664683200,0.4311,0.4323,0.4299,0.4304,1461517.65
1664697600,0.4304,0.4312,0.4208,0.4243,5511371.09
1664712000,0.4243,0.4248,0.4205,0.4235,3009259.57
1664726400,0.4235,0.4288,0.4232,0.4278,2983632.47
1664740800,0.4278,0.4292,0.418,0.4195,6249963.73
1664755200,0.4195,0.4244,0.4162,0.4223,4084758.09
1664769600,0.4223,0.4236,0.418,0.4217,3352135.77
1664784000,0.4217,0.4239,0.4203,0.4222,2456145.71
1664798400,0.4222,0.4283,0.4205,0.4245,6586219.460000001
1664812800,0.4245,0.429,0.4237,0.4269,5484821.86
1664827200,0.4269,0.4288,0.4262,0.4276,4569911.27
1664841600,0.4276,0.4293,0.4254,0.428,3007075.43
1664856000,0.428,0.435,0.4262,0.4325,4522468.1
1664870400,0.4325,0.4353,0.4284,0.4319,3883250.39
1664884800,0.4319,0.4348,0.4302,0.4319,5489559.48
1664899200,0.4319,0.437,0.4304,0.4357,7270341.13
1664913600,0.4357,0.4378,0.4341,0.4356,4581615.890000001
1664928000,0.4356,0.4367,0.4318,0.432,4315032.649999999
1664942400,0.432,0.4341,0.4309,0.4323,2260622.37
1664956800,0.4323,0.4326,0.4263,0.4273,4449351.47
1664971200,0.4273,0.4292,0.4236,0.4284,5066025.970000001
1664985600,0.4284,0.4341,0.4271,0.4298,7257731.25
1665000000,0.4298,0.4328,0.4283,0.431,4907582.55
1665014400,0.431,0.4371,0.431,0.435,6391372.16
1665028800,0.435,0.4357,0.4315,0.433,3019668.63
1665043200,0.433,0.4338,0.4283,0.4321,3893717.07
1665057600,0.4321,0.4336,0.4271,0.4294,5775002.31
1665072000,0.4294,0.4322,0.428,0.4284,4063688.17
1665086400,0.4284,0.4305,0.4258,0.4288,4969778.1
1665100800,0.4288,0.4305,0.4268,0.4283,2745498.92
1665115200,0.4283,0.4288,0.4258,0.4278,2330062.21
1665129600,0.4278,0.4292,0.4263,0.428,2693598.37
1665144000,0.428,0.4281,0.4217,0.4242,9174815.86
1665158400,0.4242,0.4254,0.4218,0.425,5138602.52
1665172800,0.425,0.4257,0.4234,0.4241,2313820.62
1665187200,0.4241,0.4259,0.4237,0.425,2431811.52
1665201600,0.425,0.427,0.4239,0.4264,2365591.06
1665216000,0.4264,0.4269,0.4248,0.4251,1514121.61
1665230400,0.4251,0.4256,0.4237,0.4249,1689427.99
1665244800,0.4249,0.4264,0.4223,0.4235,2665121.8
1665259200,0.4235,0.4243,0.4194,0.4221,3399343.12
1665273600,0.4221,0.4223,0.4192,0.4203,2681527.3
1665288000,0.4203,0.423,0.4198,0.4217,1666751.49
1665302400,0.4217,0.4234,0.4211,0.4232,1939906.76
1665316800,0.4232,0.4242,0.4226,0.4237,1974419.58
1665331200,0.4237,0.4242,0.4209,0.4225,2444658.54
1665345600,0.4225,0.4239,0.421,0.423,2917064.31
1665360000,0.423,0.4268,0.4221,0.4238,2897880.77
1665374400,0.4238,0.4246,0.4207,0.4216,2246444.68
1665388800,0.4216,0.4217,0.4125,0.4162,7537782.77
1665403200,0.4162,0.4182,0.4144,0.4158,4933555.85
1665417600,0.4158,0.4163,0.4126,0.4141,4455619.12
1665432000,0.4141,0.4145,0.3996,0.4011,13344026.12
1665446400,0.4011,0.4012,0.384,0.3957,18856691.61
1665460800,0.3957,0.3988,0.3953,0.3964,5104828.05
1665475200,0.3964,0.3989,0.3944,0.3987,3579725.17
1665489600,0.3987,0.4008,0.3934,0.3991,9053046.99
1665504000,0.3991,0.4014,0.3917,0.3921,8073238.54
1665518400,0.3921,0.3942,0.3882,0.3906,5272116.69
1665532800,0.3906,0.3938,0.3898,0.391,3972421.0
1665547200,0.391,0.395,0.3908,0.3937,2470325.19
1665561600,0.3937,0.3955,0.3926,0.3927,2030117.78
1665576000,0.3927,0.3931,0.3886,0.3918,5544525.649999999
1665590400,0.3918,0.3918,0.3835,0.3864,6962878.13
1665604800,0.3864,0.3871,0.3761,0.3813,7648670.279999999
1665619200,0.3813,0.3822,0.3708,0.3748,7633274.58
1665633600,0.3748,0.3749,0.356,0.3623,16787798.15
1665648000,0.3623,0.3646,0.3501,0.3613,15971404.67
1665662400,0.3613,0.3778,0.3529,0.3762,20966705.69
1665676800,0.3762,0.3803,0.3712,0.3754,18022173.02
1665691200,0.3754,0.3823,0.3752,0.377,6763211.94
1665705600,0.377,0.3889,0.3759,0.3869,8946270.280000001
1665720000,0.3869,0.388,0.381,0.3819,4569324.99
1665734400,0.3819,0.3835,0.379,0.379,3390416.48
1665748800,0.379,0.384,0.3713,0.3723,9203306.3
1665763200,0.3723,0.373,0.3645,0.3655,7299858.76
1665777600,0.3655,0.3674,0.3608,0.3668,5165565.87
1665792000,0.3668,0.37,0.3656,0.369,4246073.55
1665806400,0.369,0.3697,0.3661,0.3675,2592904.56
1665820800,0.3675,0.368,0.3623,0.3679,4536009.42
1665835200,0.3679,0.3693,0.3652,0.3667,3784108.56
1665849600,0.3667,0.3671,0.3639,0.3671,4037503.16
1665864000,0.3671,0.3674,0.3613,0.3642,3786222.07
1665878400,0.3642,0.3681,0.3638,0.3656,2409016.02
1665892800,0.3656,0.368,0.3654,0.3667,1696442.63
1665907200,0.3667,0.3696,0.3667,0.3676,2005025.23
1665921600,0.3676,0.3676,0.3651,0.3662,2196073.95
1665936000,0.3662,0.3737,0.3643,0.3735,4632001.24
1665950400,0.3735,0.3749,0.3662,0.3704,3910510.35
1665964800,0.3704,0.3716,0.3664,0.3669,2084213.77
1665979200,0.3669,0.3693,0.3661,0.3683,2172305.62
1665993600,0.3683,0.3725,0.3672,0.3717,2331094.83
1666008000,0.3717,0.3759,0.3701,0.3725,4106669.03
1666022400,0.3725,0.3739,0.3699,0.3707,3447273.46
1666036800,0.3707,0.3736,0.3695,0.3726,3554568.02
1666051200,0.3726,0.3743,0.3666,0.3708,4182262.16
1666065600,0.3708,0.3722,0.3691,0.3716,2535553.03
1666080000,0.3716,0.3716,0.3637,0.3684,3603740.87
1666094400,0.3684,0.3698,0.363,0.3649,4723513.890000001
1666108800,0.3649,0.3664,0.3584,0.3622,5555478.68
1666123200,0.3622,0.3657,0.3572,0.3623,4091803.64
1666137600,0.3623,0.3624,0.3571,0.3597,4473706.32
1666152000,0.3597,0.3604,0.3552,0.3577,2923344.47
1666166400,0.3577,0.3594,0.3527,0.3555,3325669.24
1666180800,0.3555,0.3585,0.3534,0.358,4511955.19
1666195200,0.358,0.359,0.3556,0.3577,3469302.48
1666209600,0.3577,0.359,0.3474,0.3497,7068873.859999999
1666224000,0.3497,0.3526,0.3473,0.3522,3985782.83
1666238400,0.3522,0.3558,0.352,0.3533,3280583.18
1666252800,0.3533,0.3542,0.3518,0.3532,2710301.3000000003
1666267200,0.3532,0.3557,0.3509,0.3527,5941969.15
1666281600,0.3527,0.3528,0.3415,0.3415,16522163.11
1666296000,0.3415,0.3423,0.3365,0.34,10651761.76
1666310400,0.34,0.3414,0.3347,0.3399,5428832.38
1666324800,0.3399,0.341,0.3373,0.3376,2737498.32
1666339200,0.3376,0.3384,0.3324,0.3343,6437814.220000001
1666353600,0.3343,0.3434,0.3301,0.3432,7351320.4
1666368000,0.3432,0.349,0.3407,0.348,7100413.68
1666382400,0.348,0.3499,0.347,0.3492,2596096.6
1666396800,0.3492,0.3521,0.3451,0.3469,3505211.18
1666411200,0.3469,0.3477,0.3431,0.3471,2268957.86
1666425600,0.3471,0.3538,0.3469,0.3514,5393730.87
1666440000,0.3514,0.353,0.3493,0.3501,2914149.68
1666454400,0.3501,0.3504,0.3477,0.3498,2286801.61
1666468800,0.3498,0.3545,0.3492,0.3514,3235698.09
1666483200,0.3514,0.3566,0.35,0.3536,5364703.95
1666497600,0.3536,0.3546,0.351,0.3511,2943401.54
1666512000,0.3511,0.352,0.3461,0.347,3532697.4
1666526400,0.347,0.3523,0.3462,0.3513,2418554.5300000003
1666540800,0.3513,0.3556,0.3495,0.3547,4765960.31
1666555200,0.3547,0.3637,0.3533,0.3622,5683458.58
1666569600,0.3622,0.3649,0.3559,0.3562,3894003.57
1666584000,0.3562,0.362,0.3549,0.3586,4126465.0
1666598400,0.3586,0.3651,0.3582,0.3637,3177986.31
1666612800,0.3637,0.364,0.3534,0.3579,5517118.69
1666627200,0.3579,0.362,0.3566,0.3603,4056494.57
1666641600,0.3603,0.3617,0.3571,0.3573,3549043.95
1666656000,0.3573,0.3631,0.3573,0.3618,3318456.91
1666670400,0.3618,0.3627,0.359,0.3601,2015549.21
1666684800,0.3601,0.3618,0.357,0.361,2702154.26
1666699200,0.361,0.376,0.3607,0.3736,9904112.79
1666713600,0.3736,0.4245,0.3736,0.4138,65210079.67
1666728000,0.4138,0.416,0.3997,0.4,22052118.22
1666742400,0.4,0.4042,0.3948,0.3993,8959666.120000001
1666756800,0.3993,0.4092,0.3985,0.4006,8311455.11
1666771200,0.4006,0.4105,0.3998,0.4052,6569073.95
1666785600,0.4052,0.412,0.3977,0.4075,12379830.84
1666800000,0.4075,0.4091,0.4001,0.4029,6989530.720000001
1666814400,0.4029,0.4057,0.4016,0.4031,4560945.6
1666828800,0.4031,0.4127,0.4024,0.4071,9151092.46
1666843200,0.4071,0.4186,0.4051,0.4065,10392385.83
1666857600,0.4065,0.4091,0.403,0.4041,5594466.029999999
1666872000,0.4041,0.409,0.3984,0.3992,12330237.72
1666886400,0.3992,0.4037,0.3968,0.4019,5519053.66
1666900800,0.4019,0.4022,0.3864,0.3883,12424551.1
1666915200,0.3883,0.3899,0.382,0.3857,7868336.600000001
1666929600,0.3857,0.3872,0.379,0.38,4659902.1
1666944000,0.38,0.3855,0.3798,0.3828,4417774.23
1666958400,0.3828,0.3967,0.3782,0.3967,12890894.81
1666972800,0.3967,0.4071,0.3966,0.4036,12284193.56
1666987200,0.4036,0.4114,0.4029,0.4045,7982965.939999999
1667001600,0.4045,0.4091,0.4017,0.4083,6371069.33
1667016000,0.4083,0.4087,0.4048,0.4083,3509497.23
1667030400,0.4083,0.4132,0.4029,0.4051,8115840.46
1667044800,0.4051,0.4095,0.4012,0.4087,7310018.33
1667059200,0.4087,0.4399,0.4071,0.4185,29309568.07
1667073600,0.4185,0.424,0.413,0.4205,8990142.0
1667088000,0.4205,0.4211,0.4133,0.4188,5554853.83
1667102400,0.4188,0.4216,0.4152,0.4209,5146323.390000001
1667116800,0.4209,0.421,0.4103,0.4135,8644580.14
1667131200,0.4135,0.4145,0.4018,0.403,9954197.92
1667145600,0.403,0.408,0.4013,0.4065,6818385.82
1667160000,0.4065,0.4099,0.3984,0.4058,7138175.800000001
1667174400,0.4058,0.41,0.3978,0.4035,6137720.65
1667188800,0.4035,0.4038,0.3992,0.4025,5061646.0600000005
1667203200,0.4025,0.4163,0.3977,0.4126,11944049.68
1667217600,0.4126,0.414,0.3981,0.4049,12504340.83
1667232000,0.4049,0.4075,0.4016,0.404,6735555.8
1667246400,0.404,0.4073,0.4017,0.4056,5142323.7
1667260800,0.4056,0.4102,0.404,0.4062,5050434.64
1667275200,0.4062,0.4134,0.405,0.4109,4333066.79
1667289600,0.4109,0.415,0.4071,0.4103,6573432.64
1667304000,0.4103,0.4105,0.4008,0.4032,9010065.42
1667318400,0.4032,0.4045,0.3985,0.4017,5559773.93
1667332800,0.4017,0.4023,0.3993,0.4012,4479594.66
1667347200,0.4012,0.4014,0.3956,0.3995,9268687.45
1667361600,0.3995,0.4015,0.3908,0.3946,5651116.609999999
1667376000,0.3946,0.4005,0.3875,0.3925,9796888.06
1667390400,0.3925,0.396,0.3909,0.3937,5347004.75
1667404800,0.3937,0.4098,0.3891,0.3902,25484407.64
1667419200,0.3902,0.3918,0.3801,0.3857,12179374.03
1667433600,0.3857,0.396,0.3843,0.3942,6304305.81
1667448000,0.3942,0.399,0.3942,0.3948,5253849.97
1667462400,0.3948,0.3982,0.3893,0.3911,4900476.6
1667476800,0.3911,0.3971,0.3878,0.3935,8624463.08
1667491200,0.3935,0.3967,0.3932,0.3956,4208742.36
1667505600,0.3956,0.396,0.3882,0.3894,5074743.01
1667520000,0.3894,0.4082,0.3881,0.4065,15814081.74
1667534400,0.4065,0.4122,0.4037,0.4105,14102183.659999998
1667548800,0.4105,0.4147,0.4041,0.4052,8685140.370000001
1667563200,0.4052,0.4217,0.4011,0.4098,19598110.92
1667577600,0.4098,0.4253,0.4064,0.4241,19918268.96
1667592000,0.4241,0.4263,0.42,0.4216,7085905.11
1667606400,0.4216,0.4353,0.4202,0.4291,13149356.04
1667620800,0.4291,0.4312,0.4248,0.43,6222624.68
1667635200,0.43,0.4309,0.4224,0.4289,7256203.88
1667649600,0.4289,0.4349,0.4212,0.4288,10053063.44
1667664000,0.4288,0.4376,0.4247,0.4259,9600673.86
1667678400,0.4259,0.4323,0.4226,0.4265,7634277.48
1667692800,0.4265,0.431,0.4208,0.4264,7968042.19
1667707200,0.4264,0.4266,0.4177,0.4225,4772042.46
1667721600,0.4225,0.4253,0.4194,0.422,3713213.9
1667736000,0.422,0.4253,0.4199,0.4242,5184759.95
1667750400,0.4242,0.4267,0.4173,0.4192,8814248.879999999
1667764800,0.4192,0.4203,0.4017,0.4021,10354154.01
1667779200,0.4021,0.4105,0.4011,0.4074,9441518.72
1667793600,0.4074,0.4103,0.3977,0.3988,6614413.59
1667808000,0.3988,0.4089,0.3978,0.4083,6348452.89
1667822400,0.4083,0.4128,0.4046,0.4096,7522506.870000001
1667836800,0.4096,0.4149,0.4063,0.414,6443586.47
1667851200,0.414,0.4162,0.3984,0.4041,10609986.12
1667865600,0.4041,0.4061,0.3864,0.388,14758765.52
1667880000,0.388,0.3914,0.3726,0.3865,19004254.17
1667894400,0.3865,0.3884,0.3816,0.3839,7490344.43
1667908800,0.3839,0.3992,0.3831,0.398,12978899.79
1667923200,0.398,0.4152,0.3474,0.3698,52794849.32
1667937600,0.3698,0.3775,0.3614,0.3723,21799881.9
1667952000,0.3723,0.3756,0.3553,0.3639,17828856.83
1667966400,0.3639,0.3762,0.3612,0.372,12329266.71
1667980800,0.372,0.3727,0.3437,0.3583,20912107.48
1667995200,0.3583,0.3666,0.3503,0.3524,21955088.72
1668009600,0.3524,0.3585,0.3352,0.3408,19673288.61
1668024000,0.3408,0.3437,0.3101,0.3171,29963663.46
1668038400,0.3171,0.3503,0.3117,0.3416,19437319.38
1668052800,0.3416,0.3575,0.34,0.3493,15310045.5
1668067200,0.3493,0.3558,0.3405,0.3442,16870632.47
1668081600,0.3442,0.3772,0.3429,0.3713,26097116.37
1668096000,0.3713,0.376,0.3555,0.365,19416831.45
1668110400,0.365,0.3726,0.3612,0.3678,12307486.97
1668124800,0.3678,0.3731,0.3545,0.3574,9385339.3
1668139200,0.3574,0.3654,0.3547,0.3628,5114619.62
1668153600,0.3628,0.367,0.3584,0.3594,5829713.24
1668168000,0.3594,0.3665,0.3419,0.348,14304426.5
1668182400,0.348,0.3516,0.3416,0.3503,8652623.52
1668196800,0.3503,0.3552,0.3461,0.3545,6694194.6
1668211200,0.3545,0.3558,0.3431,0.3459,6267886.35
1668225600,0.3459,0.3462,0.3356,0.3427,7537492.470000001
1668240000,0.3427,0.3445,0.3401,0.3431,4065660.32
1668254400,0.3431,0.3489,0.3415,0.3443,5065527.55
1668268800,0.3443,0.3456,0.3416,0.3439,5417930.2
1668283200,0.3439,0.3443,0.3372,0.3392,5018314.8100000005
1668297600,0.3392,0.3445,0.3375,0.3438,4733207.48
1668312000,0.3438,0.345,0.3305,0.3344,5292299.79
1668326400,0.3344,0.3349,0.3265,0.3324,5952570.470000001
1668340800,0.3324,0.3392,0.3312,0.3361,5943156.0
1668355200,0.3361,0.3367,0.3303,0.3337,6693600.79
1668369600,0.3337,0.334,0.325,0.3294,7427176.24
1668384000,0.3294,0.3327,0.3156,0.3212,8902541.18
1668398400,0.3212,0.3322,0.3139,0.3319,8944971.67
1668412800,0.3319,0.3363,0.3309,0.3329,5375295.73
1668427200,0.3329,0.3413,0.3257,0.3293,7371956.510000001
1668441600,0.3293,0.3303,0.3215,0.3222,5234373.52
1668456000,0.3222,0.3331,0.3212,0.3317,7047875.36
1668470400,0.3317,0.3357,0.3288,0.3331,5966669.19
1668484800,0.3331,0.3385,0.3321,0.3384,3570232.06
1668499200,0.3384,0.3414,0.3365,0.3381,4186620.94
1668513600,0.3381,0.3443,0.3372,0.3423,6753113.8
1668528000,0.3423,0.344,0.3321,0.3362,9943490.66
1668542400,0.3362,0.3375,0.3341,0.3369,3830590.92
1668556800,0.3369,0.344,0.3354,0.3436,4617320.57
1668571200,0.3436,0.3439,0.3388,0.34,2726079.75
1668585600,0.34,0.3401,0.3321,0.3331,4778590.57
1668600000,0.3331,0.3336,0.3236,0.3262,7088980.21
1668614400,0.3262,0.3312,0.3241,0.3286,4354909.75
1668628800,0.3286,0.3337,0.327,0.3317,4933833.5600000005
1668643200,0.3317,0.3341,0.3275,0.3283,3658416.68
1668657600,0.3283,0.3311,0.325,0.3273,4778315.640000001
1668672000,0.3273,0.3286,0.3215,0.3248,3205505.45
1668686400,0.3248,0.3257,0.3184,0.3217,6327572.5200000005
1668700800,0.3217,0.3272,0.3211,0.3242,3780404.82
1668715200,0.3242,0.3264,0.3234,0.3248,2904549.36
1668729600,0.3248,0.3318,0.3243,0.3285,3301392.53
1668744000,0.3285,0.33,0.3271,0.3282,1814496.25
1668758400,0.3282,0.3322,0.326,0.3305,4557895.3
1668772800,0.3305,0.3313,0.3257,0.3262,4127663.94
1668787200,0.3262,0.3269,0.3204,0.3235,4706313.11
1668801600,0.3235,0.3265,0.3231,0.3256,2297530.1
1668816000,0.3256,0.3263,0.3223,0.3254,2463636.15
1668830400,0.3254,0.3255,0.3213,0.3232,2232773.69
1668844800,0.3232,0.3249,0.3225,0.3249,1295884.7
1668859200,0.3249,0.326,0.323,0.3255,2284596.27
1668873600,0.3255,0.3288,0.3255,0.3278,2831067.45
1668888000,0.3278,0.332,0.3275,0.3278,2772835.69
1668902400,0.3278,0.3309,0.3272,0.3284,2076697.54
1668916800,0.3284,0.3299,0.3277,0.3286,1346740.26
1668931200,0.3286,0.3289,0.3185,0.3193,4296804.57
1668945600,0.3193,0.3204,0.3169,0.3189,2848038.73
1668960000,0.3189,0.3197,0.3152,0.3191,3892901.6
1668974400,0.3191,0.3194,0.3095,0.3118,7196321.75
1668988800,0.3118,0.313,0.3012,0.3051,8479013.04
1669003200,0.3051,0.3088,0.3022,0.3039,3891581.08
1669017600,0.3039,0.3065,0.3015,0.3048,2922330.34
1669032000,0.3048,0.3119,0.304,0.3096,4780450.01
1669046400,0.3096,0.3097,0.2953,0.2986,10731389.36
1669060800,0.2986,0.3064,0.2983,0.3043,9695890.3
1669075200,0.3043,0.3087,0.3034,0.3063,5050821.25
1669089600,0.3063,0.3068,0.2996,0.3021,4170621.19
1669104000,0.3021,0.3021,0.2979,0.2996,3917530.7
1669118400,0.2996,0.3164,0.2981,0.3149,9274071.01
1669132800,0.3149,0.3154,0.3079,0.3106,4569317.19
1669147200,0.3106,0.313,0.3084,0.3122,3113943.4
1669161600,0.3122,0.3171,0.3089,0.3166,5555922.73
1669176000,0.3166,0.3189,0.3146,0.3162,3395250.24
1669190400,0.3162,0.3186,0.313,0.3154,2832449.66
1669204800,0.3154,0.3159,0.3101,0.3125,3202908.6
1669219200,0.3125,0.3199,0.3107,0.3171,4298304.16
1669233600,0.3171,0.3192,0.3154,0.3182,3105776.24
1669248000,0.3182,0.3209,0.3156,0.3199,3844334.51
1669262400,0.3199,0.32,0.3162,0.3165,2147703.46
1669276800,0.3165,0.3171,0.3113,0.3127,2533386.8
1669291200,0.3127,0.3164,0.3119,0.3149,3021010.38
1669305600,0.3149,0.3165,0.3129,0.3162,1976546.51
1669320000,0.3162,0.3171,0.3134,0.316,2226066.44
1669334400,0.316,0.3161,0.3074,0.3094,3076710.03
1669348800,0.3094,0.3127,0.3086,0.3123,1548516.91
1669363200,0.3123,0.316,0.3097,0.314,2614590.38
1669377600,0.314,0.3158,0.3118,0.3149,2001750.98
1669392000,0.3149,0.3162,0.3117,0.3158,3268070.16
1669406400,0.3158,0.317,0.3138,0.3145,1971866.81
1669420800,0.3145,0.3221,0.3144,0.3184,3328781.88
1669435200,0.3184,0.3192,0.3165,0.3178,1362203.52
1669449600,0.3178,0.3213,0.3176,0.3195,1253299.1
1669464000,0.3195,0.3225,0.3146,0.3163,3536807.86
1669478400,0.3163,0.3176,0.3123,0.3145,2547406.57
1669492800,0.3145,0.3152,0.3109,0.3134,1806214.72
1669507200,0.3134,0.316,0.3127,0.315,1279693.11
1669521600,0.315,0.3176,0.3148,0.3172,1496473.98
1669536000,0.3172,0.3194,0.3157,0.3167,1725811.54
1669550400,0.3167,0.3185,0.3157,0.3185,1799084.3
1669564800,0.3185,0.3191,0.3166,0.3175,1175167.77
1669579200,0.3175,0.3191,0.3116,0.3123,4228082.04
1669593600,0.3123,0.3138,0.3,0.3047,8368756.1
1669608000,0.3047,0.3069,0.3033,0.3065,1543398.03
1669622400,0.3065,0.3066,0.3039,0.3048,1549280.4
1669636800,0.3048,0.3082,0.3033,0.3043,2610181.8200000003
1669651200,0.3043,0.3108,0.3019,0.3064,5901329.0
1669665600,0.3064,0.3071,0.3051,0.3064,2182936.87
1669680000,0.3064,0.309,0.3042,0.3079,3468979.55
1669694400,0.3079,0.3122,0.3078,0.3109,2804847.22
1669708800,0.3109,0.3125,0.3104,0.3106,1522534.87
1669723200,0.3106,0.3113,0.3069,0.3092,2306005.77
1669737600,0.3092,0.3092,0.3054,0.3078,4626113.15
1669752000,0.3078,0.3115,0.3078,0.309,3334639.46
1669766400,0.309,0.3191,0.3084,0.3125,9296237.44
1669780800,0.3125,0.3152,0.3125,0.3152,2152306.35
1669795200,0.3152,0.3159,0.3127,0.3147,2085652.76
1669809600,0.3147,0.3153,0.3123,0.3152,4957183.53
1669824000,0.3152,0.3164,0.3087,0.3144,9558473.26
1669838400,0.3144,0.3209,0.3142,0.3189,6525166.1
1669852800,0.3189,0.3197,0.3156,0.3174,3555422.81
1669867200,0.3174,0.3185,0.3143,0.3146,2389876.93
1669881600,0.3146,0.318,0.3141,0.3176,1482201.86
1669896000,0.3176,0.3199,0.3126,0.3159,4664912.99
1669910400,0.3159,0.3169,0.3137,0.3149,2873998.58
1669924800,0.3149,0.3157,0.313,0.3144,3013581.5
1669939200,0.3144,0.3162,0.3107,0.3126,3341170.39
1669953600,0.3126,0.3143,0.3109,0.3138,2080244.71
1669968000,0.3138,0.3184,0.3136,0.3169,1962088.34
1669982400,0.3169,0.318,0.3135,0.3168,2943961.39
1669996800,0.3168,0.3199,0.3158,0.3197,2673390.52
1670011200,0.3197,0.32,0.3185,0.3192,2106310.98
1670025600,0.3192,0.3213,0.3173,0.3194,3011150.83
1670040000,0.3194,0.3199,0.3164,0.3181,2415812.48
1670054400,0.3181,0.3263,0.3174,0.3236,3817461.22
1670068800,0.3236,0.3261,0.3214,0.3256,3649350.29
1670083200,0.3256,0.3258,0.3225,0.3234,1790484.25
1670097600,0.3234,0.3234,0.3171,0.3197,2847270.45
1670112000,0.3197,0.3238,0.3195,0.3221,2024942.04
1670126400,0.3221,0.3233,0.3194,0.3195,1926470.87
1670140800,0.3195,0.321,0.3183,0.3194,1337200.15
1670155200,0.3194,0.3227,0.3184,0.322,2268511.04
1670169600,0.322,0.3241,0.3211,0.3235,3474275.53
1670184000,0.3235,0.3239,0.3219,0.3225,2476776.49
1670198400,0.3225,0.3252,0.3215,0.3238,3092808.83
1670212800,0.3238,0.327,0.3237,0.3256,3053236.7
1670227200,0.3256,0.329,0.3256,0.3272,2286373.51
1670241600,0.3272,0.3272,0.3208,0.3216,3181149.89
1670256000,0.3216,0.3222,0.3164,0.3175,3317196.8200000003
1670270400,0.3175,0.32,0.3171,0.3195,2233505.05
1670284800,0.3195,0.321,0.3192,0.3196,2236187.08
1670299200,0.3196,0.3197,0.3174,0.3179,1133150.71
1670313600,0.3179,0.3189,0.3144,0.3162,1774029.54
1670328000,0.3162,0.3175,0.3147,0.3168,2018599.17
1670342400,0.3168,0.3172,0.3139,0.3151,2977255.01
1670356800,0.3151,0.3188,0.3147,0.3182,2236396.46
1670371200,0.3182,0.3198,0.3168,0.3172,2115935.19
1670385600,0.3172,0.3177,0.3076,0.3087,5460952.1
1670400000,0.3087,0.3109,0.3071,0.3095,3281052.76
1670414400,0.3095,0.3126,0.3093,0.311,2266170.68
1670428800,0.311,0.3112,0.3076,0.3085,3705242.47
1670443200,0.3085,0.311,0.3071,0.3103,2797629.38
1670457600,0.3103,0.3108,0.3073,0.3094,3413518.79
1670472000,0.3094,0.3121,0.308,0.3117,1704780.33
1670486400,0.3117,0.312,0.3079,0.3104,2267603.44
1670500800,0.3104,0.3126,0.3091,0.3113,2826048.95
1670515200,0.3113,0.3157,0.3103,0.3152,3394255.47
1670529600,0.3152,0.3158,0.3136,0.3144,2080526.73
1670544000,0.3144,0.3161,0.3136,0.3142,2117767.67
1670558400,0.3142,0.3153,0.3135,0.3149,1160969.99
1670572800,0.3149,0.3166,0.3142,0.3143,1176418.66
1670587200,0.3143,0.3158,0.3117,0.3129,3934607.18
1670601600,0.3129,0.313,0.3097,0.3105,3855115.74
1670616000,0.3105,0.312,0.3084,0.3118,8091669.68
1670630400,0.3118,0.3128,0.3111,0.3118,1399268.8199999998
1670644800,0.3118,0.3123,0.3111,0.3121,1117437.44
1670659200,0.3121,0.3133,0.3108,0.3132,898292.75
1670673600,0.3132,0.3148,0.3123,0.3145,1376092.09
1670688000,0.3145,0.3148,0.3118,0.3124,1229531.58
1670702400,0.3124,0.313,0.3117,0.3126,1237483.5
1670716800,0.3126,0.3143,0.3123,0.3137,1172478.23
1670731200,0.3137,0.3138,0.3123,0.3129,963122.82
1670745600,0.3129,0.3131,0.3115,0.3121,947775.89
1670760000,0.3121,0.3129,0.3117,0.3127,1038667.98
1670774400,0.3127,0.315,0.3124,0.3133,2016257.6
1670788800,0.3133,0.3133,0.3055,0.3075,4803998.0
1670803200,0.3075,0.308,0.3008,0.303,5032394.46
1670817600,0.303,0.3044,0.3022,0.3041,1788057.7
1670832000,0.3041,0.3064,0.3031,0.3062,1679994.47
1670846400,0.3062,0.3067,0.303,0.3044,2664491.93
1670860800,0.3044,0.3048,0.3033,0.3045,2443574.78
1670875200,0.3045,0.3078,0.3041,0.307,3601020.5
1670889600,0.307,0.3076,0.3041,0.3043,2861892.2800000003
1670904000,0.3043,0.3051,0.2995,0.3029,5171609.74
1670918400,0.3029,0.3086,0.3005,0.3086,4673727.239999999
1670932800,0.3086,0.3188,0.3066,0.313,10854337.23
1670947200,0.313,0.3147,0.3072,0.3102,4616623.3
1670961600,0.3102,0.314,0.31,0.314,2466137.82
1670976000,0.314,0.3155,0.3127,0.313,3283002.44
1670990400,0.313,0.3132,0.3058,0.3101,4319518.5
1671004800,0.3101,0.3117,0.3093,0.3104,2803759.97
1671019200,0.3104,0.3139,0.3099,0.3131,4394137.48
1671033600,0.3131,0.3141,0.3057,0.3076,7693530.07
1671048000,0.3076,0.3092,0.3058,0.308,5424832.71
1671062400,0.308,0.3086,0.3012,0.3046,3672684.58
1671076800,0.3046,0.3048,0.3015,0.3016,2312827.1100000003
1671091200,0.3016,0.3022,0.3005,0.302,2404208.73
1671105600,0.302,0.303,0.3011,0.3017,3047234.33
1671120000,0.3017,0.3023,0.297,0.3017,4920355.4
1671134400,0.3017,0.302,0.2982,0.3003,2872439.98
1671148800,0.3003,0.3006,0.2989,0.3003,2005980.29
1671163200,0.3003,0.3013,0.2988,0.3009,1964769.38
1671177600,0.3009,0.3009,0.2834,0.2866,8846513.34
1671192000,0.2866,0.2873,0.283,0.2848,6221752.46
1671206400,0.2848,0.2849,0.2806,0.2844,8874861.68
1671220800,0.2844,0.2859,0.2597,0.2634,13762610.27
1671235200,0.2634,0.2667,0.259,0.2606,9833109.36
1671249600,0.2606,0.2653,0.2601,0.2651,8398729.600000001
1671264000,0.2651,0.2679,0.2647,0.2665,3634492.33
1671278400,0.2665,0.267,0.264,0.2647,3731899.39
1671292800,0.2647,0.2661,0.2616,0.2637,4364272.779999999
1671307200,0.2637,0.2679,0.2633,0.2675,4403963.1
1671321600,0.2675,0.2718,0.2675,0.2688,4531716.57
1671336000,0.2688,0.2702,0.2674,0.2678,1502820.17
1671350400,0.2678,0.2679,0.263,0.265,4504669.71
1671364800,0.265,0.2662,0.2641,0.2642,2190478.52
1671379200,0.2642,0.2683,0.2636,0.2674,3347639.99
1671393600,0.2674,0.2687,0.2655,0.2661,2964966.88
1671408000,0.2661,0.2695,0.2634,0.2649,2633262.34
1671422400,0.2649,0.2659,0.2627,0.2636,1591798.6
1671436800,0.2636,0.2647,0.2627,0.2633,1922591.58
1671451200,0.2633,0.2651,0.2618,0.2634,2925018.76
1671465600,0.2634,0.2636,0.2511,0.255,10550972.32
1671480000,0.255,0.2574,0.2498,0.2529,5597065.48
1671494400,0.2529,0.2578,0.2514,0.2552,4366742.43
1671508800,0.2552,0.2582,0.2549,0.2577,2510726.44
1671523200,0.2577,0.2593,0.2573,0.2589,1541241.2
1671537600,0.2589,0.2621,0.2563,0.2603,4452843.49
1671552000,0.2603,0.2603,0.2578,0.2584,2060876.07
1671566400,0.2584,0.2598,0.2579,0.2588,3146479.85
1671580800,0.2588,0.2592,0.254,0.2544,3966290.59
1671595200,0.2544,0.2544,0.248,0.2531,6087131.13
1671609600,0.2531,0.2551,0.2516,0.2537,3756424.01
1671624000,0.2537,0.2542,0.251,0.2523,3122253.93
1671638400,0.2523,0.2524,0.2494,0.2499,3514587.39
1671652800,0.2499,0.2535,0.2495,0.2534,2073765.1
1671667200,0.2534,0.2542,0.2525,0.2536,2017004.21
1671681600,0.2536,0.2539,0.2511,0.2522,1657946.18
1671696000,0.2522,0.2536,0.2519,0.2527,2098461.0
1671710400,0.2527,0.2537,0.2469,0.2484,4412714.88
1671724800,0.2484,0.2521,0.2481,0.2507,3273383.33
1671739200,0.2507,0.2569,0.2506,0.2566,3929284.4
1671753600,0.2566,0.264,0.2555,0.2616,6256798.92
1671768000,0.2616,0.2618,0.2583,0.2601,3001226.13
1671782400,0.2601,0.2611,0.2582,0.2585,2482224.47
1671796800,0.2585,0.2594,0.2561,0.2578,4616065.33
1671811200,0.2578,0.2605,0.2577,0.2595,2763055.5
1671825600,0.2595,0.2603,0.2585,0.2595,1734886.22
1671840000,0.2595,0.2604,0.2591,0.2601,1063107.41
1671854400,0.2601,0.2604,0.2585,0.2591,1684884.61
1671868800,0.2591,0.2591,0.2567,0.2577,1924604.25
1671883200,0.2577,0.2589,0.2575,0.2585,1251849.22
1671897600,0.2585,0.2594,0.2577,0.2588,1802009.79
1671912000,0.2588,0.26,0.2582,0.2592,1941827.35
1671926400,0.2592,0.2599,0.2588,0.2592,1392286.5699999998
1671940800,0.2592,0.2598,0.2583,0.259,1457670.46
1671955200,0.259,0.2592,0.2573,0.258,1688500.2599999998
1671969600,0.258,0.2589,0.2555,0.2566,2492985.29
1671984000,0.2566,0.2569,0.2547,0.2569,3086262.05
1671998400,0.2569,0.2598,0.256,0.2592,2406410.75
1672012800,0.2592,0.2625,0.2576,0.2613,4638485.36
1672027200,0.2613,0.2616,0.2587,0.2594,1742320.78
1672041600,0.2594,0.2613,0.2588,0.2608,1451833.59
1672056000,0.2608,0.2632,0.2608,0.2612,4180857.6
1672070400,0.2612,0.2635,0.2608,0.2626,2737650.48
1672084800,0.2626,0.2656,0.2624,0.2652,3283477.35
1672099200,0.2652,0.2664,0.2635,0.2639,2611895.48
1672113600,0.2639,0.2642,0.263,0.2638,2120357.0
1672128000,0.2638,0.265,0.262,0.2628,2597056.94
1672142400,0.2628,0.263,0.2593,0.2604,3104718.17
1672156800,0.2604,0.2605,0.2563,0.2589,3596865.79
1672171200,0.2589,0.2608,0.2586,0.2603,2443821.93
1672185600,0.2603,0.2609,0.2539,0.2558,4053974.45
1672200000,0.2558,0.2558,0.2501,0.2514,5420254.99
1672214400,0.2514,0.2524,0.2503,0.252,3258356.71
1672228800,0.252,0.2549,0.2503,0.2503,4907478.98
1672243200,0.2503,0.2527,0.25,0.251,3656997.43
1672257600,0.251,0.2516,0.2468,0.2483,5330136.44
1672272000,0.2483,0.2483,0.2421,0.2458,7238972.55
1672286400,0.2458,0.2462,0.2442,0.2453,2436925.2800000003
1672300800,0.2453,0.2467,0.2434,0.2457,2797315.25
1672315200,0.2457,0.2466,0.2448,0.246,3405440.69
1672329600,0.246,0.2464,0.2427,0.2435,4628711.13
1672344000,0.2435,0.2448,0.2404,0.244,6692621.49
1672358400,0.244,0.2454,0.2433,0.2441,3614449.97
1672372800,0.2441,0.2447,0.2393,0.2405,4105276.67
1672387200,0.2405,0.2423,0.2403,0.2415,2325845.42
1672401600,0.2415,0.2437,0.2398,0.2434,6204545.45
1672416000,0.2434,0.2446,0.2434,0.2436,3924373.62
1672430400,0.2436,0.246,0.2436,0.2455,4486344.41
1672444800,0.2455,0.2457,0.2443,0.2448,2529435.0300000003
1672459200,0.2448,0.2449,0.244,0.2445,2032519.49
1672473600,0.2445,0.2473,0.2445,0.2463,2223675.66
1672488000,0.2463,0.2519,0.2463,0.2504,5684565.470000001
1672502400,0.2504,0.2504,0.2471,0.2485,4551148.33
1672516800,0.2485,0.2494,0.2451,0.2456,4706224.25
1672531200,0.2456,0.246,0.244,0.2452,4363317.03
1672545600,0.2452,0.2453,0.2442,0.245,3498241.48
1672560000,0.245,0.2458,0.2436,0.2458,3872790.55
1672574400,0.2458,0.2462,0.245,0.2462,1444731.97
1672588800,0.2462,0.2496,0.246,0.2485,2979507.06
1672603200,0.2485,0.2499,0.2481,0.2499,2030344.73
1672617600,0.2499,0.2505,0.2465,0.2498,2899012.56
1672632000,0.2498,0.2557,0.2491,0.2541,3349222.49
1672646400,0.2541,0.256,0.2531,0.254,2753681.59
1672660800,0.254,0.255,0.2525,0.2546,3569988.68
1672675200,0.2546,0.2554,0.254,0.2552,2931476.28
1672689600,0.2552,0.2562,0.2531,0.2537,2461684.58
1672704000,0.2537,0.2543,0.252,0.2533,1997442.19
1672718400,0.2533,0.2549,0.2524,0.2533,1903915.23
1672732800,0.2533,0.2548,0.2521,0.2536,1930841.63
1672747200,0.2536,0.2553,0.2523,0.2536,3834336.56
1672761600,0.2536,0.254,0.2502,0.2507,3549742.72
1672776000,0.2507,0.253,0.2506,0.2527,1666897.32
1672790400,0.2527,0.2656,0.2519,0.265,8485638.53
1672804800,0.265,0.2659,0.2627,0.2656,5480177.96
1672819200,0.2656,0.2675,0.2635,0.2643,3706850.95
1672833600,0.2643,0.2687,0.2634,0.2681,4282509.37
1672848000,0.2681,0.2703,0.2647,0.266,6376342.390000001
1672862400,0.266,0.2681,0.2621,0.268,3094232.3
1672876800,0.268,0.2688,0.2649,0.2651,2515898.8
1672891200,0.2651,0.2711,0.2648,0.2663,2711833.05
1672905600,0.2663,0.2669,0.2633,0.2662,1828414.99
1672920000,0.2662,0.2673,0.2647,0.2653,2659668.0
1672934400,0.2653,0.2695,0.2646,0.269,2111313.04
1672948800,0.269,0.2704,0.268,0.2692,2342691.34
1672963200,0.2692,0.277,0.2688,0.2735,7372059.8
1672977600,0.2735,0.275,0.2703,0.2715,4518414.82
1672992000,0.2715,0.2727,0.2685,0.2703,4440747.85
1673006400,0.2703,0.2743,0.2672,0.2733,5949468.2
1673020800,0.2733,0.2764,0.272,0.2762,5222213.87
1673035200,0.2762,0.2798,0.273,0.2786,4704596.890000001
1673049600,0.2786,0.2805,0.2763,0.2767,3349200.14
1673064000,0.2767,0.2781,0.276,0.2765,2108121.28
1673078400,0.2765,0.2766,0.2734,0.2748,2148991.46
1673092800,0.2748,0.2753,0.2724,0.2753,2935647.05
1673107200,0.2753,0.2778,0.2739,0.2773,2162660.12
1673121600,0.2773,0.2782,0.276,0.2768,2121338.44
1673136000,0.2768,0.2788,0.2746,0.2759,3496004.8200000003
1673150400,0.2759,0.2776,0.2753,0.2766,1891207.31
1673164800,0.2766,0.2877,0.2762,0.2855,8241820.01
1673179200,0.2855,0.2896,0.2854,0.288,7736732.75
1673193600,0.288,0.2932,0.2859,0.29,8248817.29
1673208000,0.29,0.2984,0.2898,0.2973,9389028.32
1673222400,0.2973,0.3453,0.2959,0.3293,35561088.02
1673236800,0.3293,0.3325,0.3237,0.3258,9356844.98
1673251200,0.3258,0.3288,0.3214,0.3215,8277818.550000001
1673265600,0.3215,0.3256,0.3166,0.3206,13945743.17
1673280000,0.3206,0.3247,0.3141,0.3156,14773592.11
1673294400,0.3156,0.3183,0.3105,0.3167,13903811.68
1673308800,0.3167,0.3218,0.3068,0.3137,12746821.57
1673323200,0.3137,0.3165,0.3122,0.315,4761019.57
1673337600,0.315,0.3205,0.3139,0.3178,5225799.07
1673352000,0.3178,0.3216,0.3133,0.3201,10935276.41
1673366400,0.3201,0.3245,0.3156,0.3236,8396087.04
1673380800,0.3236,0.325,0.3209,0.3223,5733740.5
1673395200,0.3223,0.3232,0.3126,0.3145,7318005.109999999
1673409600,0.3145,0.3167,0.3122,0.3157,3287748.3600000003
1673424000,0.3157,0.3161,0.3127,0.3148,2214191.15
1673438400,0.3148,0.3148,0.3076,0.3091,5594614.16
1673452800,0.3091,0.3179,0.3079,0.3178,5767184.35
1673467200,0.3178,0.3234,0.3138,0.3231,8878995.83
1673481600,0.3231,0.3288,0.3204,0.3274,10767734.54
1673496000,0.3274,0.3299,0.3226,0.3246,4810658.19
1673510400,0.3246,0.3246,0.3204,0.3217,3568370.22
1673524800,0.3217,0.3346,0.3163,0.3224,17058256.49
1673539200,0.3224,0.3321,0.3216,0.3309,10846654.41
1673553600,0.3309,0.3318,0.3278,0.3295,5923936.73
1673568000,0.3295,0.3306,0.3237,0.3288,5056005.24
1673582400,0.3288,0.3305,0.3266,0.3277,3050970.92
1673596800,0.3277,0.3349,0.3277,0.3309,4574589.99
1673611200,0.3309,0.3323,0.3261,0.3322,6452390.37
1673625600,0.3322,0.3347,0.328,0.3344,5441375.53
1673640000,0.3344,0.3507,0.3331,0.3458,14595945.160000002
1673654400,0.3458,0.3637,0.3454,0.3577,20445340.54
1673668800,0.3577,0.3698,0.3523,0.3636,10182121.78
1673683200,0.3636,0.3694,0.3346,0.3503,17869342.81
1673697600,0.3503,0.3562,0.3442,0.3516,9694024.57
1673712000,0.3516,0.3536,0.3476,0.3487,5686823.07
1673726400,0.3487,0.3541,0.3461,0.3526,5177314.4
1673740800,0.3526,0.354,0.342,0.3471,8569083.620000001
1673755200,0.3471,0.3487,0.3429,0.3463,2416407.5700000003
1673769600,0.3463,0.3468,0.3388,0.3453,5120607.96
1673784000,0.3453,0.3518,0.3433,0.3509,4659131.96
1673798400,0.3509,0.3536,0.3463,0.3491,6206742.66
1673812800,0.3491,0.3515,0.3474,0.3507,3939772.93
1673827200,0.3507,0.3611,0.3481,0.3569,10102296.5
1673841600,0.3569,0.3639,0.3563,0.3576,4694803.95
1673856000,0.3576,0.3578,0.3469,0.3496,5451368.44
1673870400,0.3496,0.3505,0.3384,0.347,8061962.92
1673884800,0.347,0.3557,0.3463,0.3536,5574425.48
1673899200,0.3536,0.3546,0.348,0.3504,4416433.54
1673913600,0.3504,0.3532,0.3433,0.3482,4837393.68
1673928000,0.3482,0.3511,0.3475,0.3509,1757525.67
1673942400,0.3509,0.3537,0.3498,0.3537,2762355.81
1673956800,0.3537,0.3574,0.3507,0.353,6103070.24
1673971200,0.353,0.3538,0.3502,0.3526,3309292.4600000004
1673985600,0.3526,0.3536,0.3445,0.3455,4886777.83
1674000000,0.3455,0.3527,0.3445,0.3503,5315973.34
1674014400,0.3503,0.3525,0.3491,0.3506,2604536.77
1674028800,0.3506,0.351,0.3442,0.3471,3987348.79
1674043200,0.3471,0.3554,0.3315,0.3385,9775999.02
1674057600,0.3385,0.3406,0.3244,0.3347,16864516.36
1674072000,0.3347,0.3356,0.326,0.3266,8697399.280000001
1674086400,0.3266,0.3334,0.3259,0.3297,3377462.56
1674100800,0.3297,0.3335,0.3296,0.3306,1759779.6
1674115200,0.3306,0.3373,0.3299,0.331,2124100.01
1674129600,0.331,0.336,0.3273,0.3346,4971506.75
1674144000,0.3346,0.3408,0.3332,0.34,4808424.07
1674158400,0.34,0.3432,0.3366,0.3381,2907331.1100000003
1674172800,0.3381,0.3411,0.3357,0.3397,2692055.51
1674187200,0.3397,0.3405,0.3337,0.3355,2525533.48
1674201600,0.3355,0.3375,0.3346,0.3352,1328979.19
1674216000,0.3352,0.3424,0.3348,0.3415,4261233.33
1674230400,0.3415,0.3508,0.3405,0.3508,7619981.05
1674244800,0.3508,0.3656,0.3458,0.3652,17175398.63
1674259200,0.3652,0.3683,0.3576,0.3594,7156987.29
1674273600,0.3594,0.3661,0.3594,0.3635,5065919.79
1674288000,0.3635,0.3737,0.3577,0.3638,11938013.29
1674302400,0.3638,0.3795,0.3638,0.3705,11870751.29
1674316800,0.3705,0.3807,0.3705,0.376,9230556.33
1674331200,0.376,0.3761,0.3662,0.3687,6380503.43
1674345600,0.3687,0.3761,0.3633,0.3646,5279060.88
1674360000,0.3646,0.3752,0.3635,0.3733,4048349.37
1674374400,0.3733,0.3866,0.3714,0.381,10135140.52
1674388800,0.381,0.3858,0.375,0.3808,7611967.9
1674403200,0.3808,0.3869,0.3773,0.3822,9697410.59
1674417600,0.3822,0.3836,0.3715,0.3765,9586222.53
1674432000,0.3765,0.3836,0.3688,0.3707,10911984.39
1674446400,0.3707,0.3767,0.3705,0.3745,5309889.89
1674460800,0.3745,0.3804,0.373,0.3777,4381316.28
1674475200,0.3777,0.3804,0.3714,0.3768,6739672.26
1674489600,0.3768,0.3799,0.37,0.3741,6624709.57
1674504000,0.3741,0.3775,0.3735,0.375,3026033.46
1674518400,0.375,0.3797,0.3728,0.3789,4422075.7
1674532800,0.3789,0.3829,0.3773,0.3824,3951383.07
1674547200,0.3824,0.3826,0.3761,0.378,2568558.9
1674561600,0.378,0.3782,0.3724,0.3762,4699900.01
1674576000,0.3762,0.3792,0.3719,0.379,2925789.71
1674590400,0.379,0.3806,0.3554,0.3589,10872285.7
1674604800,0.3589,0.3589,0.3475,0.3544,8666898.81
1674619200,0.3544,0.3598,0.3529,0.3598,3455690.9
1674633600,0.3598,0.3611,0.3544,0.3556,3014109.28
1674648000,0.3556,0.3617,0.3527,0.3552,5634348.130000001
1674662400,0.3552,0.3614,0.3541,0.3612,2861517.71
1674676800,0.3612,0.3797,0.361,0.3733,9292409.62
1674691200,0.3733,0.3888,0.3733,0.3792,12053834.04
1674705600,0.3792,0.3831,0.376,0.3764,5086526.510000001
1674720000,0.3764,0.3777,0.3713,0.3743,3308669.5200000005
1674734400,0.3743,0.3843,0.3728,0.3765,10652206.63
1674748800,0.3765,0.382,0.3732,0.3809,5723350.65
1674763200,0.3809,0.3827,0.3775,0.3798,4160563.14
1674777600,0.3798,0.3816,0.368,0.3719,6071057.15
1674792000,0.3719,0.3804,0.3716,0.3804,2275965.57
1674806400,0.3804,0.381,0.3759,0.3766,2184611.01
1674820800,0.3766,0.381,0.3731,0.3792,4942724.12
1674835200,0.3792,0.3838,0.3781,0.3831,5898746.67
1674849600,0.3831,0.3909,0.3814,0.3899,9734087.13
1674864000,0.3899,0.3982,0.387,0.3888,12718632.39
1674878400,0.3888,0.3943,0.3866,0.3888,5992028.84
1674892800,0.3888,0.3889,0.3842,0.387,3335822.46
1674907200,0.387,0.387,0.3778,0.384,6104303.99
1674921600,0.384,0.3868,0.3822,0.3839,2791355.56
1674936000,0.3839,0.3842,0.3788,0.382,3846517.77
1674950400,0.382,0.3904,0.377,0.3863,7030711.31
1674964800,0.3863,0.3875,0.3841,0.3862,2216726.19
1674979200,0.3862,0.391,0.3853,0.3909,3634166.73
1674993600,0.3909,0.3913,0.3871,0.3891,3938203.27
1675008000,0.3891,0.3984,0.388,0.3961,7673989.59
1675022400,0.3961,0.3991,0.3932,0.3975,6434629.63
1675036800,0.3975,0.3982,0.3894,0.3925,7178344.100000001
1675051200,0.3925,0.3935,0.3878,0.3894,3158320.79
1675065600,0.3894,0.3906,0.3737,0.3804,9118574.69
1675080000,0.3804,0.3857,0.3781,0.3821,4787324.99
1675094400,0.3821,0.3836,0.3681,0.3726,8251893.550000001
1675108800,0.3726,0.3732,0.366,0.3727,6231222.45
1675123200,0.3727,0.3737,0.3685,0.3718,3392158.46
1675137600,0.3718,0.3748,0.3686,0.3745,2518569.26
1675152000,0.3745,0.3752,0.3709,0.3725,2247377.14
1675166400,0.3725,0.3967,0.3724,0.3957,10936011.03
1675180800,0.3957,0.3999,0.3863,0.3937,10394542.06
1675195200,0.3937,0.3938,0.3831,0.3902,7256399.619999999
1675209600,0.3902,0.3914,0.3853,0.388,2972559.46
1675224000,0.388,0.3886,0.3804,0.3826,3529948.2
1675238400,0.3826,0.3831,0.3779,0.3822,3013479.97
1675252800,0.3822,0.3833,0.3737,0.3754,5423983.28
1675267200,0.3754,0.3917,0.3715,0.3877,12959931.46
1675281600,0.3877,0.4017,0.3867,0.3968,13418286.31
1675296000,0.3968,0.4099,0.3968,0.4063,14147338.04
1675310400,0.4063,0.408,0.3994,0.4,4536836.95
1675324800,0.4,0.4067,0.3976,0.4061,5551345.44
1675339200,0.4061,0.4075,0.3991,0.4049,7955126.58
1675353600,0.4049,0.4137,0.4032,0.4053,10088768.9
1675368000,0.4053,0.4077,0.3927,0.3981,9504247.88
1675382400,0.3981,0.404,0.3962,0.3998,5082509.22
1675396800,0.3998,0.4028,0.3981,0.3994,3028275.85
1675411200,0.3994,0.4036,0.3981,0.4033,2703882.16
1675425600,0.4033,0.4057,0.3946,0.4036,9710860.06
1675440000,0.4036,0.4072,0.4025,0.4032,6835738.21
1675454400,0.4032,0.4054,0.4006,0.4037,5250057.68
1675468800,0.4037,0.4039,0.3993,0.4003,4202891.18
1675483200,0.4003,0.4015,0.3976,0.401,2375432.8400000003
1675497600,0.401,0.4023,0.399,0.4007,1656502.0
1675512000,0.4007,0.4055,0.4001,0.4038,3247081.32
1675526400,0.4038,0.4055,0.4013,0.4047,4171290.63
1675540800,0.4047,0.4049,0.3984,0.3993,3153806.46
1675555200,0.3993,0.4001,0.3942,0.3969,4458941.5
1675569600,0.3969,0.4015,0.396,0.4011,2165421.13
1675584000,0.4011,0.402,0.3986,0.3994,1994833.85
1675598400,0.3994,0.4002,0.3889,0.3909,6799282.77
1675612800,0.3909,0.3914,0.3822,0.3864,7898072.970000001
1675627200,0.3864,0.3935,0.3849,0.3925,4430240.300000001
1675641600,0.3925,0.4035,0.391,0.392,7040894.57
1675656000,0.392,0.3937,0.3861,0.3926,3496647.56
1675670400,0.3926,0.3945,0.3884,0.3915,3370000.13
1675684800,0.3915,0.3944,0.3882,0.3944,4577322.26
1675699200,0.3944,0.3966,0.3909,0.3927,4703180.85
1675713600,0.3927,0.3931,0.3796,0.3822,6186596.0
1675728000,0.3822,0.3873,0.3815,0.3864,3472239.61
1675742400,0.3864,0.3888,0.3853,0.3858,2833994.05
1675756800,0.3858,0.3917,0.3835,0.3886,3272641.15
1675771200,0.3886,0.3915,0.3841,0.3856,4248428.59
1675785600,0.3856,0.3973,0.3831,0.3923,8863235.61
1675800000,0.3923,0.3998,0.3908,0.3992,5222015.83
1675814400,0.3992,0.4038,0.3976,0.3988,6414587.57
1675828800,0.3988,0.4013,0.3964,0.4002,4362997.630000001
1675843200,0.4002,0.4003,0.3962,0.3985,2525636.72
1675857600,0.3985,0.4003,0.3923,0.3925,4502863.1
1675872000,0.3925,0.3954,0.3856,0.3936,6254635.35
1675886400,0.3936,0.3953,0.3897,0.3944,2834503.77
1675900800,0.3944,0.3957,0.3778,0.3819,7511720.6
1675915200,0.3819,0.388,0.379,0.3874,4368224.82
1675929600,0.3874,0.3892,0.3847,0.3862,2777261.19
1675944000,0.3862,0.3906,0.3841,0.3861,4546007.38
1675958400,0.3861,0.3874,0.3671,0.3721,12140075.74
1675972800,0.3721,0.3722,0.3544,0.3622,16157396.63
1675987200,0.3622,0.3639,0.3588,0.3612,5751096.5200000005
1676001600,0.3612,0.3649,0.354,0.3648,4486542.61
1676016000,0.3648,0.3652,0.3596,0.3599,3703130.07
1676030400,0.3599,0.3642,0.3574,0.3602,6064579.78
1676044800,0.3602,0.3656,0.357,0.3649,5916474.99
1676059200,0.3649,0.3652,0.3547,0.3584,7367376.44
1676073600,0.3584,0.3618,0.357,0.3618,4384300.53
1676088000,0.3618,0.362,0.3583,0.3596,2575184.07
1676102400,0.3596,0.3611,0.3589,0.3603,2566931.98
1676116800,0.3603,0.3628,0.359,0.3623,3671400.91
1676131200,0.3623,0.3625,0.3598,0.3621,3243712.66
1676145600,0.3621,0.3703,0.3615,0.3686,4549050.720000001
1676160000,0.3686,0.3695,0.3658,0.3659,1951504.41
1676174400,0.3659,0.3669,0.3645,0.3662,1754222.17
1676188800,0.3662,0.3701,0.3661,0.369,2699873.29
1676203200,0.369,0.3708,0.3664,0.3699,3823570.82
1676217600,0.3699,0.3734,0.3688,0.3728,5226400.3
1676232000,0.3728,0.3738,0.3597,0.3641,5596222.32
1676246400,0.3641,0.3657,0.3567,0.3622,3996957.11
1676260800,0.3622,0.3648,0.3615,0.3631,2593135.18
1676275200,0.3631,0.3633,0.3472,0.352,8733775.69
1676289600,0.352,0.3552,0.3512,0.3519,4884762.78
1676304000,0.3519,0.3549,0.3454,0.3539,7803927.67
1676318400,0.3539,0.3604,0.3528,0.3596,5101915.67
1676332800,0.3596,0.3597,0.3555,0.3563,2001764.97
1676347200,0.3563,0.3599,0.3548,0.3599,1769712.69
1676361600,0.3599,0.3625,0.3578,0.3621,2658451.0300000003
1676376000,0.3621,0.383,0.3568,0.381,17863068.400000002
1676390400,0.381,0.3934,0.377,0.3894,18648614.06
1676404800,0.3894,0.3906,0.3852,0.3868,4744192.33
1676419200,0.3868,0.3901,0.3828,0.3861,4211275.36
1676433600,0.3861,0.387,0.3836,0.384,2822204.56
1676448000,0.384,0.3898,0.3821,0.3898,2688576.74
1676462400,0.3898,0.3955,0.3893,0.3912,6870129.14
1676476800,0.3912,0.3984,0.3875,0.398,6502248.58
1676491200,0.398,0.4205,0.3973,0.4198,25169929.07
1676505600,0.4198,0.4218,0.409,0.4115,10565858.02
1676520000,0.4115,0.4117,0.4051,0.4064,4428336.96
1676534400,0.4064,0.4084,0.4036,0.405,2965090.01
1676548800,0.405,0.4132,0.3977,0.4127,8618386.8
1676563200,0.4127,0.4144,0.4027,0.4045,10116427.82
1676577600,0.4045,0.4045,0.3864,0.3872,11532185.7
1676592000,0.3872,0.3982,0.3858,0.3969,4594001.11
1676606400,0.3969,0.3983,0.3926,0.3943,3027473.01
1676620800,0.3943,0.3961,0.3926,0.3961,2829666.02
1676635200,0.3961,0.402,0.395,0.4009,6261368.69
1676649600,0.4009,0.4072,0.3966,0.407,5153436.6
1676664000,0.407,0.4098,0.3975,0.4037,7479739.66
1676678400,0.4037,0.4067,0.4025,0.4039,3090764.86
1676692800,0.4039,0.405,0.3999,0.401,2038934.72
1676707200,0.401,0.4027,0.3979,0.3989,1857166.4
1676721600,0.3989,0.4049,0.3981,0.4047,3018385.41
1676736000,0.4047,0.4181,0.4031,0.4053,8620711.57
1676750400,0.4053,0.407,0.4022,0.4061,1981689.78
1676764800,0.4061,0.4065,0.4009,0.4023,3101999.52
1676779200,0.4023,0.4053,0.4014,0.4018,3163144.43
1676793600,0.4018,0.4058,0.4012,0.4056,2232426.26
1676808000,0.4056,0.4125,0.4056,0.4108,6441392.19
1676822400,0.4108,0.4122,0.3996,0.4016,7953296.67
1676836800,0.4016,0.4034,0.3973,0.3998,4914305.84
1676851200,0.3998,0.4021,0.3895,0.4016,5771459.48
1676865600,0.4016,0.4089,0.401,0.4077,4554310.95
1676880000,0.4077,0.4096,0.4031,0.4073,3471642.32
1676894400,0.4073,0.4088,0.4038,0.4069,4375920.0
1676908800,0.4069,0.4073,0.4014,0.4056,5826732.95
1676923200,0.4056,0.4077,0.4022,0.4036,5307906.0200000005
1676937600,0.4036,0.4054,0.4004,0.4018,4918565.57
1676952000,0.4018,0.4051,0.4006,0.404,2218913.25
1676966400,0.404,0.4059,0.3931,0.3946,7632637.25
1676980800,0.3946,0.397,0.3897,0.3931,5689766.62
1676995200,0.3931,0.3965,0.39,0.3941,5425911.62
1677009600,0.3941,0.3959,0.3855,0.3925,6934791.86
1677024000,0.3925,0.3929,0.3808,0.3883,7997564.45
1677038400,0.3883,0.3885,0.3814,0.3848,6435577.42
1677052800,0.3848,0.3873,0.3787,0.386,4602979.12
1677067200,0.386,0.3877,0.377,0.3799,6971161.46
1677081600,0.3799,0.3862,0.3778,0.3829,7877609.26
1677096000,0.3829,0.3891,0.3819,0.3889,3885542.61
1677110400,0.3889,0.3949,0.388,0.3917,4336300.14
1677124800,0.3917,0.394,0.3897,0.3936,2372132.0700000003
1677139200,0.3936,0.3938,0.3832,0.3845,3432522.31
1677153600,0.3845,0.3905,0.3814,0.3853,3894403.16
1677168000,0.3853,0.3853,0.3798,0.3835,5514932.13
1677182400,0.3835,0.3855,0.3796,0.3823,3383779.64
1677196800,0.3823,0.3854,0.3801,0.3801,3241223.7800000003
1677211200,0.3801,0.382,0.3785,0.3812,3236758.12
1677225600,0.3812,0.384,0.3791,0.3837,1892447.59
1677240000,0.3837,0.3852,0.3707,0.372,8324351.1
1677254400,0.372,0.372,0.3612,0.3667,11529082.44
1677268800,0.3667,0.3697,0.3586,0.3657,5769702.44
1677283200,0.3657,0.3676,0.3636,0.3639,2370536.87
1677297600,0.3639,0.3664,0.3617,0.3664,1316048.8
1677312000,0.3664,0.3673,0.3613,0.3626,2838139.41
1677326400,0.3626,0.365,0.3599,0.3641,3085217.09
1677340800,0.3641,0.3657,0.3558,0.3584,5792621.359999999
1677355200,0.3584,0.3623,0.3519,0.362,7218457.71
1677369600,0.362,0.3622,0.3578,0.3615,4099521.560000001
1677384000,0.3615,0.3623,0.36,0.362,993102.78
1677398400,0.362,0.3646,0.3608,0.3643,1176934.15
1677412800,0.3643,0.3649,0.3615,0.3624,2363017.98
1677427200,0.3624,0.3679,0.3586,0.3673,5351259.0600000005
1677441600,0.3673,0.3702,0.3655,0.3691,3810910.86
1677456000,0.3691,0.3692,0.3656,0.3664,2839972.6
1677470400,0.3664,0.3668,0.3622,0.3629,1963785.52
1677484800,0.3629,0.3637,0.3596,0.3636,1835490.09
1677499200,0.3636,0.3702,0.3613,0.3662,4354612.94
1677513600,0.3662,0.3668,0.3577,0.3599,4703807.23
1677528000,0.3599,0.3651,0.3579,0.3646,2640170.96
1677542400,0.3646,0.368,0.3624,0.3668,2510152.18
1677556800,0.3668,0.3673,0.3601,0.3603,1555296.96
1677571200,0.3603,0.3634,0.3594,0.3628,1354600.81
1677585600,0.3628,0.3645,0.3604,0.3628,2264666.92
1677600000,0.3628,0.3639,0.3546,0.3547,3329893.93
1677614400,0.3547,0.3553,0.3488,0.3518,5991075.42
1677628800,0.3518,0.3586,0.3494,0.3577,4214345.529999999
1677643200,0.3577,0.3636,0.3568,0.3603,4430270.85
1677657600,0.3603,0.3637,0.3594,0.3629,4109528.34
1677672000,0.3629,0.3643,0.3601,0.3614,3172239.5300000003
1677686400,0.3614,0.362,0.3558,0.3565,4286908.779999999
1677700800,0.3565,0.3607,0.3557,0.3602,3223941.06
1677715200,0.3602,0.3613,0.3536,0.3558,3325157.93
1677729600,0.3558,0.3575,0.3539,0.3551,2437731.79
1677744000,0.3551,0.3553,0.3487,0.3512,4550253.98
1677758400,0.3512,0.3525,0.3466,0.348,3368171.02
1677772800,0.348,0.3504,0.3446,0.3499,4837141.59
1677787200,0.3499,0.3517,0.3488,0.3505,3755844.25
1677801600,0.3505,0.3508,0.3227,0.3303,17358125.5
1677816000,0.3303,0.3375,0.3299,0.3371,4677072.22
1677830400,0.3371,0.3401,0.3367,0.3389,2343546.92
1677844800,0.3389,0.3403,0.3353,0.3375,6978166.32
1677859200,0.3375,0.3414,0.3367,0.3396,3830221.81
1677873600,0.3396,0.3436,0.3376,0.3431,3553457.26
1677888000,0.3431,0.3447,0.3408,0.341,1611039.3
1677902400,0.341,0.3422,0.3392,0.3418,989308.39
1677916800,0.3418,0.3423,0.3406,0.3418,842070.98
1677931200,0.3418,0.3422,0.3396,0.3397,1198688.71
1677945600,0.3397,0.3402,0.3356,0.3358,1080033.75
1677960000,0.3358,0.3367,0.3308,0.3367,2737390.77
1677974400,0.3367,0.3429,0.335,0.34,3291043.17
1677988800,0.34,0.3414,0.3389,0.339,911153.24
1678003200,0.339,0.3399,0.3374,0.3384,1277056.85
1678017600,0.3384,0.3412,0.3384,0.3387,1212194.3199999998
1678032000,0.3387,0.3389,0.3358,0.337,1601552.11
1678046400,0.337,0.3403,0.3348,0.3369,2682490.6500000004
1678060800,0.3369,0.3386,0.3308,0.3352,3550586.92
1678075200,0.3352,0.3362,0.3324,0.3333,1932155.44
1678089600,0.3333,0.3345,0.3309,0.3313,1673399.0699999998
1678104000,0.3313,0.3363,0.3294,0.3359,3572594.53
1678118400,0.3359,0.3369,0.3309,0.3315,4583488.17
1678132800,0.3315,0.3321,0.3294,0.3306,5032475.63
1678147200,0.3306,0.3348,0.3285,0.333,4764507.890000001
1678161600,0.333,0.3333,0.3309,0.331,1540879.88
1678176000,0.331,0.3318,0.3258,0.3262,2635455.44
1678190400,0.3262,0.329,0.3211,0.3276,5965991.96
1678204800,0.3276,0.3329,0.3249,0.3309,5693639.6
1678219200,0.3309,0.3315,0.325,0.3305,3520746.71
1678233600,0.3305,0.3326,0.3267,0.3284,2991157.13
1678248000,0.3284,0.3295,0.3218,0.3225,3614298.09
1678262400,0.3225,0.3255,0.3214,0.324,2893425.15
1678276800,0.324,0.3258,0.3168,0.3253,7654727.21
1678291200,0.3253,0.3268,0.3193,0.3219,3092081.67
1678305600,0.3219,0.3249,0.3138,0.3175,5030508.92
1678320000,0.3175,0.3194,0.3151,0.3194,4015863.65
1678334400,0.3194,0.3199,0.3158,0.3163,3200482.87
1678348800,0.3163,0.3176,0.3133,0.3174,3182268.33
1678363200,0.3174,0.322,0.3147,0.3185,3850949.49
1678377600,0.3185,0.3197,0.3077,0.3096,9385106.69
1678392000,0.3096,0.3107,0.3031,0.3104,17383562.88
1678406400,0.3104,0.3104,0.3048,0.3086,6163320.72
1678420800,0.3086,0.3091,0.305,0.3066,6359548.81
1678435200,0.3066,0.3079,0.2978,0.3039,8884058.370000001
1678449600,0.3039,0.3179,0.3017,0.3133,12527553.05
1678464000,0.3133,0.3172,0.3081,0.3109,6657347.82
1678478400,0.3109,0.3188,0.3092,0.3159,5851458.44
1678492800,0.3159,0.3266,0.3157,0.3189,11390366.87
1678507200,0.3189,0.3197,0.3095,0.3102,6096307.01
1678521600,0.3102,0.3145,0.3072,0.3094,4637970.01
1678536000,0.3094,0.3096,0.3055,0.3056,3678348.62
1678550400,0.3056,0.3094,0.3046,0.307,6037286.37
1678564800,0.307,0.3094,0.3034,0.3072,4318395.88
1678579200,0.3072,0.3087,0.3042,0.3081,3083045.5700000003
1678593600,0.3081,0.3117,0.3037,0.3051,2890333.93
1678608000,0.3051,0.309,0.3047,0.3086,1945226.5
1678622400,0.3086,0.3102,0.3051,0.3059,3777375.97
1678636800,0.3059,0.3221,0.3055,0.3164,8204765.32
1678651200,0.3164,0.3329,0.3163,0.3322,9147886.76
1678665600,0.3322,0.3441,0.3318,0.3384,10466749.61
1678680000,0.3384,0.3432,0.3373,0.341,5156441.5200000005
1678694400,0.341,0.3413,0.3306,0.3322,5877366.96
1678708800,0.3322,0.353,0.3282,0.3475,13901081.510000002
1678723200,0.3475,0.3506,0.343,0.3437,8087979.28
1678737600,0.3437,0.3482,0.3416,0.3449,4487074.07
1678752000,0.3449,0.3463,0.3431,0.3463,3324549.5
1678766400,0.3463,0.3489,0.3416,0.3424,3019531.19
1678780800,0.3424,0.3444,0.3397,0.3434,3535691.25
1678795200,0.3434,0.3691,0.3408,0.3655,24694029.49
1678809600,0.3655,0.3662,0.3457,0.351,15629208.62
1678824000,0.351,0.3518,0.3378,0.3444,8362840.859999999
1678838400,0.3444,0.3469,0.3406,0.3445,4514811.23
1678852800,0.3445,0.3483,0.3424,0.3453,3008057.95
1678867200,0.3453,0.3455,0.3338,0.3388,5525757.52
1678881600,0.3388,0.3423,0.3253,0.3277,12285722.82
1678896000,0.3277,0.3298,0.3168,0.3279,11823522.3
1678910400,0.3279,0.3295,0.3228,0.3254,4716013.25
1678924800,0.3254,0.3276,0.3186,0.3247,3831576.66
1678939200,0.3247,0.3289,0.3211,0.3283,3446831.63
1678953600,0.3283,0.3298,0.3235,0.3284,3519982.5900000003
1678968000,0.3284,0.3286,0.3205,0.3276,4679959.8
1678982400,0.3276,0.329,0.3222,0.3265,7596719.37
1678996800,0.3265,0.3265,0.32,0.3254,6965088.81
1679011200,0.3254,0.3381,0.322,0.3316,6996895.41
1679025600,0.3316,0.3362,0.3297,0.3339,2488027.48
1679040000,0.3339,0.3488,0.3329,0.3471,6422329.09
1679054400,0.3471,0.3474,0.3317,0.335,6080128.27
1679068800,0.335,0.3425,0.3337,0.3408,3415258.16
1679083200,0.3408,0.351,0.337,0.3502,6950964.89
1679097600,0.3502,0.357,0.3453,0.3531,6415296.81
1679112000,0.3531,0.354,0.3505,0.3525,2377594.5700000003
1679126400,0.3525,0.3566,0.347,0.3557,2285945.4
1679140800,0.3557,0.357,0.3435,0.3458,3774380.64
1679155200,0.3458,0.3483,0.3363,0.3451,6226123.37
1679169600,0.3451,0.3472,0.3363,0.3379,3791798.67
1679184000,0.3379,0.345,0.3376,0.3442,1854567.12
1679198400,0.3442,0.3451,0.3379,0.3402,1476625.78
1679212800,0.3402,0.3449,0.3387,0.3443,1397034.82
1679227200,0.3443,0.3501,0.3428,0.3468,2904214.81
1679241600,0.3468,0.3534,0.3459,0.35,6132526.779999999
1679256000,0.35,0.3513,0.3443,0.3456,4356786.03
1679270400,0.3456,0.3469,0.3377,0.3387,4670113.92
1679284800,0.3387,0.345,0.3358,0.3444,2982808.8
1679299200,0.3444,0.3468,0.3427,0.3442,3363037.17
1679313600,0.3442,0.3448,0.3396,0.3399,4259308.38
1679328000,0.3399,0.3411,0.3327,0.3343,5100367.04
1679342400,0.3343,0.3377,0.3316,0.3333,2778880.7
1679356800,0.3333,0.3404,0.3328,0.3402,2151778.12
1679371200,0.3402,0.3447,0.3306,0.3332,2962558.12
1679385600,0.3332,0.3416,0.3324,0.34,2745218.1
1679400000,0.34,0.3555,0.3395,0.3514,8801914.82
1679414400,0.3514,0.3649,0.3502,0.3636,8480584.2
1679428800,0.3636,0.3865,0.3636,0.3708,17570272.15
1679443200,0.3708,0.3785,0.3668,0.3735,8570144.25
1679457600,0.3735,0.3879,0.3735,0.3749,11638009.69
1679472000,0.3749,0.3771,0.3678,0.3709,4661854.34
1679486400,0.3709,0.385,0.37,0.3779,7185398.970000001
1679500800,0.3779,0.3817,0.3502,0.3512,16932649.29
1679515200,0.3512,0.3631,0.3504,0.3604,7868097.69
1679529600,0.3604,0.3633,0.3544,0.3567,4154509.87
1679544000,0.3567,0.3714,0.3558,0.3711,3201918.44
1679558400,0.3711,0.3757,0.3707,0.3734,3655008.14
1679572800,0.3734,0.3858,0.3671,0.3803,7678587.939999999
1679587200,0.3803,0.3816,0.3699,0.3754,8266849.18
1679601600,0.3754,0.3754,0.3681,0.3723,3610734.77
1679616000,0.3723,0.3732,0.3656,0.3665,3276005.44
1679630400,0.3665,0.3685,0.3643,0.3681,2312856.85
1679644800,0.3681,0.3685,0.3583,0.3594,5244998.64
1679659200,0.3594,0.3641,0.3572,0.3627,5957202.0600000005
1679673600,0.3627,0.3648,0.3584,0.3637,4219756.22
1679688000,0.3637,0.3641,0.3558,0.3601,4164290.16
1679702400,0.3601,0.3615,0.359,0.3603,1381993.56
1679716800,0.3603,0.3632,0.3577,0.362,1208342.35
1679731200,0.362,0.3625,0.359,0.3597,703630.31
1679745600,0.3597,0.3612,0.3535,0.3601,2037665.5
1679760000,0.3601,0.3612,0.3493,0.3499,3579968.0700000003
1679774400,0.3499,0.3537,0.3493,0.3518,1541396.53
1679788800,0.3518,0.3561,0.349,0.3548,2990689.76
1679803200,0.3548,0.3579,0.3542,0.3555,958105.36
1679817600,0.3555,0.3596,0.3555,0.3585,1790180.79
1679832000,0.3585,0.3615,0.3554,0.3562,2779364.27
1679846400,0.3562,0.3564,0.3522,0.3553,2286170.74
1679860800,0.3553,0.3576,0.3519,0.3562,1582656.43
1679875200,0.3562,0.3574,0.3493,0.3526,1983922.58
1679889600,0.3526,0.3531,0.3468,0.3492,1460534.64
1679904000,0.3492,0.3534,0.3477,0.3531,1644059.67
1679918400,0.3531,0.3568,0.3373,0.3435,7919208.220000001
1679932800,0.3435,0.3461,0.3399,0.3403,3292307.5
1679947200,0.3403,0.346,0.3392,0.3458,2264371.74
1679961600,0.3458,0.3489,0.3392,0.3463,1829568.93
1679976000,0.3463,0.3523,0.3454,0.349,1737550.89
1679990400,0.349,0.3534,0.3453,0.3521,2356916.23
1680004800,0.3521,0.3607,0.3508,0.3585,4255880.94
1680019200,0.3585,0.3638,0.3545,0.3625,3523144.97
1680033600,0.3625,0.3701,0.3595,0.3683,4101233.21
1680048000,0.3683,0.3783,0.3668,0.3773,6402861.2700000005
1680062400,0.3773,0.382,0.3757,0.3812,5272808.07
1680076800,0.3812,0.3898,0.3812,0.3889,11075015.63
1680091200,0.3889,0.3898,0.3787,0.3844,6980345.68
1680105600,0.3844,0.3882,0.381,0.3863,4236401.609999999
1680120000,0.3863,0.3868,0.381,0.3812,2591922.67
1680134400,0.3812,0.3882,0.3734,0.3809,8033138.84
1680148800,0.3809,0.3809,0.3752,0.38,2562008.06
1680163200,0.38,0.3821,0.3747,0.3818,2376744.7800000003
1680177600,0.3818,0.3825,0.375,0.376,3705934.27
1680192000,0.376,0.3778,0.3698,0.377,5656142.23
1680206400,0.377,0.3786,0.3747,0.3762,3762459.09
1680220800,0.3762,0.3801,0.3743,0.3783,2106603.52
1680235200,0.3783,0.3849,0.3757,0.3845,2698558.04
1680249600,0.3845,0.3976,0.3813,0.3935,7456659.48
1680264000,0.3935,0.4082,0.3917,0.4066,14926039.27
1680278400,0.4066,0.4087,0.4005,0.4018,6468943.95
1680292800,0.4018,0.4048,0.3981,0.3987,5265376.71
1680307200,0.3987,0.3999,0.3938,0.3983,3276843.2
1680321600,0.3983,0.4024,0.3894,0.3916,3457669.24
1680336000,0.3916,0.3923,0.3887,0.3901,2217679.82
1680350400,0.3901,0.3934,0.3888,0.393,2291655.66
1680364800,0.393,0.3958,0.3894,0.3943,2562949.33
1680379200,0.3943,0.3964,0.392,0.3921,2656771.49
1680393600,0.3921,0.393,0.3816,0.3872,4412143.49
1680408000,0.3872,0.3892,0.3864,0.3875,1235391.84
1680422400,0.3875,0.3875,0.3832,0.3837,1308169.08
1680436800,0.3837,0.3851,0.3782,0.3802,3292556.5
1680451200,0.3802,0.3841,0.3764,0.3776,2691224.99
1680465600,0.3776,0.3827,0.3772,0.3818,2213462.57
1680480000,0.3818,0.382,0.3716,0.3782,2877867.0
1680494400,0.3782,0.3952,0.3771,0.3946,4175705.39
1680508800,0.3946,0.4048,0.3946,0.3964,9151045.65
1680523200,0.3964,0.3976,0.3844,0.3849,6562749.95
1680537600,0.3849,0.3978,0.3815,0.3899,8898398.89
1680552000,0.3899,0.3905,0.3757,0.387,8318500.05
1680566400,0.387,0.3906,0.3847,0.3906,2447444.2
1680580800,0.3906,0.3954,0.3894,0.3902,2749296.54
1680595200,0.3902,0.399,0.3896,0.398,3547614.82
1680609600,0.398,0.3999,0.3889,0.3901,8079198.01
1680624000,0.3901,0.3927,0.3884,0.3925,3219341.07
1680638400,0.3925,0.3943,0.3879,0.3897,3226058.52
1680652800,0.3897,0.3984,0.3871,0.3954,4089079.6
1680667200,0.3954,0.398,0.3947,0.3962,1792784.87
1680681600,0.3962,0.3999,0.3938,0.3982,2129598.54
1680696000,0.3982,0.4001,0.3886,0.3927,4711902.84
1680710400,0.3927,0.3947,0.3893,0.393,2109754.13
1680724800,0.393,0.3937,0.3909,0.3922,2708339.82
1680739200,0.3922,0.3922,0.3848,0.3901,3513771.79
1680753600,0.3901,0.3903,0.3832,0.3837,1464273.83
1680768000,0.3837,0.3861,0.3767,0.3817,4480004.62
1680782400,0.3817,0.3852,0.3795,0.3846,4551045.01
1680796800,0.3846,0.3867,0.3826,0.3838,2043387.0
1680811200,0.3838,0.3853,0.3809,0.383,1898477.16
1680825600,0.383,0.3844,0.3791,0.3807,1833786.69
1680840000,0.3807,0.3826,0.3763,0.3769,2092177.88
1680854400,0.3769,0.3808,0.376,0.3789,1256155.81
1680868800,0.3789,0.3841,0.3774,0.3836,2216604.56
1680883200,0.3836,0.3846,0.3798,0.381,1770152.06
1680897600,0.381,0.3846,0.3777,0.3825,2759518.56
1680912000,0.3825,0.3882,0.3799,0.3852,1610199.7
1680926400,0.3852,0.3902,0.3852,0.3883,1623609.01
1680940800,0.3883,0.3902,0.3879,0.3888,1340555.91
1680955200,0.3888,0.389,0.386,0.3876,2712341.54
1680969600,0.3876,0.389,0.3837,0.3844,2127697.05
1680984000,0.3844,0.3867,0.3827,0.3855,1291513.4
1680998400,0.3855,0.3898,0.3854,0.388,1938782.61
1681012800,0.388,0.3893,0.3848,0.3864,1481980.87
1681027200,0.3864,0.3879,0.3846,0.3878,1020764.14
1681041600,0.3878,0.39,0.387,0.3883,2192537.95
1681056000,0.3883,0.3931,0.387,0.3908,2549914.43
1681070400,0.3908,0.3929,0.3889,0.3896,1817211.94
1681084800,0.3896,0.3909,0.385,0.387,2069249.73
1681099200,0.387,0.3889,0.3854,0.3871,1031326.86
1681113600,0.3871,0.3889,0.3868,0.3872,1150291.27
1681128000,0.3872,0.3896,0.3861,0.3888,2044608.56
1681142400,0.3888,0.3937,0.3872,0.391,5743203.35
1681156800,0.391,0.3979,0.3881,0.3971,5509570.6
1681171200,0.3971,0.4012,0.396,0.4006,6114114.52
1681185600,0.4006,0.4116,0.3999,0.4114,6056932.8100000005
1681200000,0.4114,0.4129,0.4071,0.4078,3889923.54
1681214400,0.4078,0.4097,0.4033,0.4056,11018559.47
1681228800,0.4056,0.4058,0.3974,0.401,4793766.27
1681243200,0.401,0.4026,0.398,0.4018,3108936.59
1681257600,0.4018,0.4047,0.389,0.391,6401572.63
1681272000,0.391,0.396,0.39,0.3949,2622568.38
1681286400,0.3949,0.3965,0.3939,0.3946,1880650.45
1681300800,0.3946,0.4063,0.3946,0.4016,8745083.7
1681315200,0.4016,0.4046,0.4002,0.4033,5483433.66
1681329600,0.4033,0.4069,0.4013,0.405,3562626.64
1681344000,0.405,0.4098,0.4032,0.4071,3637064.25
1681358400,0.4071,0.4082,0.4005,0.4029,3146993.0
1681372800,0.4029,0.4169,0.4022,0.4116,8021161.25
1681387200,0.4116,0.4158,0.4096,0.4139,6288428.3
1681401600,0.4139,0.4244,0.4111,0.4214,12716522.9
1681416000,0.4214,0.4291,0.4207,0.4256,7576957.12
1681430400,0.4256,0.4435,0.4237,0.4378,18474635.590000004
1681444800,0.4378,0.4437,0.434,0.4347,7348110.92
1681459200,0.4347,0.444,0.4346,0.4438,5879299.69
1681473600,0.4438,0.4444,0.4251,0.4274,18850470.89
1681488000,0.4274,0.4338,0.4267,0.4338,6309890.87
1681502400,0.4338,0.4402,0.4333,0.4385,5735132.79
1681516800,0.4385,0.4394,0.4315,0.4369,4477062.63
1681531200,0.4369,0.4487,0.4343,0.4467,5542830.3
1681545600,0.4467,0.458,0.4457,0.456,12412970.98
1681560000,0.456,0.4614,0.4549,0.4562,13385327.32
1681574400,0.4562,0.4571,0.4471,0.4504,8861892.24
1681588800,0.4504,0.4569,0.4489,0.4528,5306692.01
1681603200,0.4528,0.4579,0.4477,0.4495,6134804.21
1681617600,0.4495,0.4533,0.4486,0.4514,2868667.85
1681632000,0.4514,0.4532,0.4441,0.4446,3792001.6
1681646400,0.4446,0.4486,0.4427,0.4477,3689268.46
1681660800,0.4477,0.4546,0.4461,0.4507,4882196.87
1681675200,0.4507,0.4543,0.4468,0.4516,5241592.75
1681689600,0.4516,0.4519,0.4389,0.4449,7980876.86
1681704000,0.4449,0.4456,0.4387,0.4389,4515120.62
1681718400,0.4389,0.4459,0.4379,0.4431,6130577.5
1681732800,0.4431,0.4468,0.4328,0.4343,10827470.01
1681747200,0.4343,0.4392,0.4338,0.4377,3403171.95
1681761600,0.4377,0.438,0.4319,0.4345,3106118.27
1681776000,0.4345,0.4357,0.4283,0.4348,4048081.38
1681790400,0.4348,0.4447,0.4336,0.4422,4058539.56
1681804800,0.4422,0.4479,0.4397,0.4476,4959305.14
1681819200,0.4476,0.4481,0.4402,0.4416,7999924.050000001
1681833600,0.4416,0.443,0.436,0.4398,5689663.1
1681848000,0.4398,0.4441,0.4383,0.4436,3850108.57
1681862400,0.4436,0.4436,0.436,0.4373,5326503.31
1681876800,0.4373,0.4392,0.4336,0.4344,4733989.68
1681891200,0.4344,0.4344,0.4107,0.4197,23716179.5
1681905600,0.4197,0.4254,0.4179,0.4211,11051816.94
1681920000,0.4211,0.4237,0.4162,0.4173,5809204.8
1681934400,0.4173,0.42,0.4082,0.4165,6228144.93
1681948800,0.4165,0.4222,0.4126,0.4188,4633395.31
1681963200,0.4188,0.4212,0.4165,0.417,4656221.02
1681977600,0.417,0.4201,0.4116,0.4119,5667727.79
1681992000,0.4119,0.418,0.4061,0.4067,7238261.42
1682006400,0.4067,0.4067,0.3959,0.3981,11462423.96
1682020800,0.3981,0.4055,0.3964,0.4006,3859736.86
1682035200,0.4006,0.404,0.399,0.4036,2724354.43
1682049600,0.4036,0.4066,0.3992,0.4056,3704232.16
1682064000,0.4056,0.407,0.3996,0.4003,3287515.64
1682078400,0.4003,0.4044,0.3962,0.3979,7227156.89
1682092800,0.3979,0.3986,0.3801,0.3818,15406297.92
1682107200,0.3818,0.3837,0.3792,0.3825,6003994.1
1682121600,0.3825,0.3863,0.3812,0.3862,2141502.8
1682136000,0.3862,0.3886,0.3849,0.3853,1285248.29
1682150400,0.3853,0.3898,0.3844,0.3892,1489235.53
1682164800,0.3892,0.3983,0.3892,0.3965,3091539.33
1682179200,0.3965,0.399,0.3945,0.3949,3347645.08
1682193600,0.3949,0.3977,0.3929,0.3959,2789813.7
1682208000,0.3959,0.3959,0.3884,0.392,2127905.17
1682222400,0.392,0.3945,0.391,0.3942,878475.12
1682236800,0.3942,0.3951,0.3902,0.3913,1639026.25
1682251200,0.3913,0.393,0.384,0.3858,2070469.31
1682265600,0.3858,0.3891,0.3804,0.3838,2576077.74
1682280000,0.3838,0.39,0.3828,0.3889,2129230.45
1682294400,0.3889,0.3973,0.3857,0.3919,2178372.46
1682308800,0.3919,0.3921,0.3832,0.385,1459480.23
1682323200,0.385,0.3899,0.3823,0.3895,1642648.11
1682337600,0.3895,0.3941,0.3855,0.3864,2028674.17
1682352000,0.3864,0.3879,0.3798,0.383,2789052.71
1682366400,0.383,0.3852,0.3814,0.3838,1847377.34
1682380800,0.3838,0.3847,0.3768,0.3784,1999025.23
1682395200,0.3784,0.3833,0.3774,0.3795,1043559.87
1682409600,0.3795,0.3811,0.3773,0.3798,1994915.68
1682424000,0.3798,0.383,0.3778,0.38,3043899.95
1682438400,0.38,0.3854,0.3795,0.3834,3588420.47
1682452800,0.3834,0.3953,0.383,0.3948,4555880.42
1682467200,0.3948,0.3972,0.393,0.3952,2930023.44
1682481600,0.3952,0.398,0.395,0.3968,1157561.84
1682496000,0.3968,0.4073,0.3967,0.4056,4132396.06
1682510400,0.4056,0.417,0.4056,0.4151,7526065.97
1682524800,0.4151,0.4164,0.3842,0.3869,9361468.2
1682539200,0.3869,0.4053,0.3788,0.4015,8981483.43
1682553600,0.4015,0.412,0.4011,0.4044,3930167.79
1682568000,0.4044,0.4133,0.4043,0.4089,2336640.71
1682582400,0.4089,0.4109,0.4046,0.405,1943249.72
1682596800,0.405,0.4152,0.4036,0.4136,5065416.4
1682611200,0.4136,0.4182,0.4099,0.4127,5994810.630000001
1682625600,0.4127,0.4135,0.4062,0.4101,3612807.06
1682640000,0.4101,0.411,0.4067,0.4082,1460121.22
1682654400,0.4082,0.4108,0.408,0.4105,1568909.08
1682668800,0.4105,0.4107,0.4023,0.4028,2377233.81
1682683200,0.4028,0.4059,0.3974,0.4017,4979860.12
1682697600,0.4017,0.4066,0.4013,0.4051,1492174.49
1682712000,0.4051,0.4061,0.4034,0.4048,1335224.06
1682726400,0.4048,0.406,0.403,0.4051,1134542.95
1682740800,0.4051,0.4063,0.4032,0.4044,710290.47
1682755200,0.4044,0.4049,0.4023,0.4039,789499.21
1682769600,0.4039,0.4079,0.4028,0.4053,1559771.69
1682784000,0.4053,0.4055,0.4004,0.4045,1970183.21
1682798400,0.4045,0.4047,0.4012,0.4026,887799.3
1682812800,0.4026,0.4028,0.3987,0.4002,1642362.3199999998
1682827200,0.4002,0.403,0.3995,0.4013,644228.85
1682841600,0.4013,0.4021,0.3992,0.3994,591185.08
1682856000,0.3994,0.4088,0.3991,0.4071,2319763.94
1682870400,0.4071,0.4151,0.4001,0.401,4537814.13
1682884800,0.401,0.401,0.3954,0.3959,2530602.95
1682899200,0.3959,0.3981,0.387,0.3908,3903736.84
1682913600,0.3908,0.3918,0.3894,0.3904,1086037.25
1682928000,0.3904,0.3914,0.3889,0.389,1965056.4
1682942400,0.389,0.3912,0.3849,0.3869,2907589.5300000003
1682956800,0.3869,0.387,0.3807,0.3823,5857376.45
1682971200,0.3823,0.3879,0.3822,0.3869,2337143.23
1682985600,0.3869,0.3876,0.384,0.3875,1700098.66
1683000000,0.3875,0.3882,0.3853,0.3868,984630.49
1683014400,0.3868,0.3879,0.3846,0.3858,1345142.25
1683028800,0.3858,0.3913,0.3821,0.3902,3357068.5700000003
1683043200,0.3902,0.395,0.3881,0.3933,3621141.65
1683057600,0.3933,0.3934,0.3908,0.392,2447902.8600000003
1683072000,0.392,0.3921,0.3852,0.3866,2344431.83
1683086400,0.3866,0.3885,0.3839,0.3851,1415899.52
1683100800,0.3851,0.3862,0.3814,0.3817,1694437.0099999998
1683115200,0.3817,0.3823,0.3787,0.3813,3147739.64
1683129600,0.3813,0.3861,0.3805,0.3829,4428018.7
1683144000,0.3829,0.3965,0.3821,0.3942,5126548.050000001
1683158400,0.3942,0.3944,0.3904,0.3917,1386737.55
1683172800,0.3917,0.3964,0.3914,0.3927,2051222.21
1683187200,0.3927,0.3955,0.3915,0.3933,1062859.46
1683201600,0.3933,0.3942,0.3885,0.3894,2267404.05
1683216000,0.3894,0.3907,0.3857,0.3875,2044462.77
1683230400,0.3875,0.3881,0.3852,0.3876,1152582.7
1683244800,0.3876,0.3934,0.387,0.391,2189155.66
1683259200,0.391,0.3928,0.3888,0.3889,1169034.9
1683273600,0.3889,0.3901,0.3875,0.3891,1047107.15
1683288000,0.3891,0.3931,0.3835,0.3929,4188941.26
1683302400,0.3929,0.3973,0.3915,0.3944,4325110.38
1683316800,0.3944,0.3956,0.3937,0.3946,1349660.41
1683331200,0.3946,0.3971,0.3894,0.3897,2601656.02
1683345600,0.3897,0.3912,0.3878,0.3881,1217513.46
1683360000,0.3881,0.3881,0.3846,0.3874,1662470.98
1683374400,0.3874,0.3875,0.3749,0.377,4973748.72
1683388800,0.377,0.3832,0.3763,0.3811,2717894.43
1683403200,0.3811,0.3814,0.3786,0.38,1422871.96
1683417600,0.38,0.3833,0.3788,0.38,2213647.87
1683432000,0.38,0.3824,0.3799,0.3819,858947.3400000001
1683446400,0.3819,0.3825,0.38,0.3811,1085005.16
1683460800,0.3811,0.3839,0.3808,0.3817,1187340.3
1683475200,0.3817,0.3823,0.379,0.3803,1757601.57
1683489600,0.3803,0.3816,0.3753,0.3772,2754339.83
1683504000,0.3772,0.3808,0.3647,0.373,7157808.609999999
1683518400,0.373,0.373,0.364,0.367,2334147.63
1683532800,0.367,0.3709,0.3645,0.37,2187340.6
1683547200,0.37,0.3763,0.3692,0.3748,2607164.76
1683561600,0.3748,0.3757,0.3551,0.3622,6805321.98
1683576000,0.3622,0.367,0.3613,0.3662,2758350.31
1683590400,0.3662,0.3711,0.3649,0.3651,2355020.15
1683604800,0.3651,0.3667,0.3622,0.3662,1704418.08
1683619200,0.3662,0.3663,0.3627,0.3656,1562813.9
1683633600,0.3656,0.3685,0.3612,0.362,2916844.07
1683648000,0.362,0.3663,0.3608,0.3647,2041195.28
1683662400,0.3647,0.3662,0.3607,0.3637,2100571.13
1683676800,0.3637,0.3665,0.3636,0.3647,2926303.13
1683691200,0.3647,0.3664,0.3614,0.3616,1206981.33
1683705600,0.3616,0.3621,0.3548,0.3585,3243212.49
1683720000,0.3585,0.3721,0.3567,0.3709,7768246.53
1683734400,0.3709,0.3734,0.3601,0.37,10420721.17
1683748800,0.37,0.3726,0.3667,0.3697,3586681.58
1683763200,0.3697,0.3701,0.3639,0.366,1889803.29
1683777600,0.366,0.3672,0.3639,0.3647,2116454.5300000003
1683792000,0.3647,0.3648,0.3594,0.3595,2313309.74
1683806400,0.3595,0.3624,0.3514,0.355,6317005.2
1683820800,0.355,0.3565,0.3499,0.3539,5242234.58
1683835200,0.3539,0.3611,0.3533,0.3602,2203564.91
1683849600,0.3602,0.3616,0.3546,0.3569,2897561.83
1683864000,0.3569,0.3636,0.3561,0.3613,3199641.56
1683878400,0.3613,0.3674,0.3597,0.3647,3007528.18
1683892800,0.3647,0.3676,0.3592,0.3596,3519187.1
1683907200,0.3596,0.362,0.3538,0.361,4141697.76
1683921600,0.361,0.371,0.3597,0.3706,3459272.64
1683936000,0.3706,0.3711,0.3668,0.367,1910337.32
1683950400,0.367,0.3685,0.3658,0.3685,769288.39
1683964800,0.3685,0.3686,0.3643,0.3649,922755.97
1683979200,0.3649,0.3663,0.3627,0.3638,1208469.76
1683993600,0.3638,0.3661,0.3628,0.3645,1533795.01
1684008000,0.3645,0.3665,0.3642,0.3648,1112422.75
1684022400,0.3648,0.368,0.363,0.3675,1459863.0699999998
1684036800,0.3675,0.3692,0.3673,0.3675,802457.31
1684051200,0.3675,0.3681,0.3665,0.3672,421090.01
1684065600,0.3672,0.3731,0.3663,0.3725,1971004.05
1684080000,0.3725,0.373,0.3676,0.368,1666242.39
1684094400,0.368,0.3712,0.3673,0.371,1505980.04
1684108800,0.371,0.3758,0.3665,0.3717,3281096.34
1684123200,0.3717,0.3751,0.3707,0.3741,1735485.8
1684137600,0.3741,0.3743,0.3691,0.3697,1001822.76
1684152000,0.3697,0.3715,0.3678,0.371,1910680.29
1684166400,0.371,0.3724,0.3689,0.3701,2572962.97
1684180800,0.3701,0.3704,0.3661,0.367,1631185.57
1684195200,0.367,0.3689,0.3617,0.3651,2673777.02
1684209600,0.3651,0.3689,0.364,0.3685,1403718.74
1684224000,0.3685,0.3706,0.3663,0.3669,4197875.15
1684238400,0.3669,0.3679,0.3639,0.3674,2656388.24
1684252800,0.3674,0.3679,0.3646,0.3652,2647837.1100000003
1684267200,0.3652,0.3685,0.3645,0.3683,2023241.12
1684281600,0.3683,0.3771,0.3665,0.373,4850860.94
1684296000,0.373,0.3741,0.3662,0.3666,2120412.33
1684310400,0.3666,0.3678,0.3648,0.3651,2916064.51
1684324800,0.3651,0.3687,0.3647,0.3669,2486499.45
1684339200,0.3669,0.3805,0.3659,0.3779,6208754.54
1684353600,0.3779,0.3789,0.3745,0.3756,3140481.52
1684368000,0.3756,0.3791,0.3738,0.3772,3046999.1
1684382400,0.3772,0.3792,0.3752,0.378,1771752.7999999998
1684396800,0.378,0.3802,0.375,0.3792,2508614.86
1684411200,0.3792,0.3792,0.3729,0.3739,3246572.8600000003
1684425600,0.3739,0.3756,0.3658,0.3708,5097437.83
1684440000,0.3708,0.3756,0.3697,0.3713,2397705.8
1684454400,0.3713,0.3728,0.3662,0.3692,2160150.22
1684468800,0.3692,0.3716,0.3684,0.3696,766423.3300000001
1684483200,0.3696,0.3714,0.3684,0.3689,832623.3200000001
1684497600,0.3689,0.3729,0.3675,0.3697,2440052.0
1684512000,0.3697,0.3708,0.3664,0.3681,1595045.97
1684526400,0.3681,0.3689,0.367,0.3683,1181681.13
1684540800,0.3683,0.3684,0.364,0.3657,1721347.04
1684555200,0.3657,0.3662,0.3637,0.3646,1261792.5
1684569600,0.3646,0.3661,0.3643,0.3654,511995.84
1684584000,0.3654,0.3665,0.3643,0.3662,965817.41
1684598400,0.3662,0.3671,0.3641,0.366,1550552.54
1684612800,0.366,0.3665,0.3647,0.3665,760968.8400000001
1684627200,0.3665,0.3676,0.3647,0.3656,948122.51
1684641600,0.3656,0.3661,0.3649,0.3653,385557.5
1684656000,0.3653,0.3653,0.3605,0.3615,1057634.95
1684670400,0.3615,0.3648,0.3584,0.3602,2438121.73
1684684800,0.3602,0.3615,0.3587,0.361,1405516.97
1684699200,0.361,0.3616,0.3576,0.3604,1332851.08
1684713600,0.3604,0.362,0.3567,0.3609,1905753.43
1684728000,0.3609,0.3645,0.3602,0.3631,881675.87
1684742400,0.3631,0.3739,0.3624,0.3682,4002030.66
1684756800,0.3682,0.3701,0.3663,0.3675,2007611.81
1684771200,0.3675,0.3694,0.3671,0.3683,2056896.26
1684785600,0.3683,0.3706,0.3673,0.3678,1737175.78
1684800000,0.3678,0.3754,0.366,0.3742,3262625.58
1684814400,0.3742,0.3748,0.3698,0.3708,1276426.13
1684828800,0.3708,0.3711,0.3691,0.3708,1129414.41
1684843200,0.3708,0.3716,0.3691,0.3709,1973772.4
1684857600,0.3709,0.3719,0.3689,0.3714,2180545.6
1684872000,0.3714,0.3725,0.37,0.3703,972426.23
1684886400,0.3703,0.3706,0.3621,0.3634,2257046.76
1684900800,0.3634,0.3686,0.3623,0.3663,2149333.65
1684915200,0.3663,0.3693,0.3648,0.3653,1477675.59
1684929600,0.3653,0.3659,0.3605,0.3619,3874516.2
1684944000,0.3619,0.3642,0.3605,0.3635,2464089.7800000003
1684958400,0.3635,0.3652,0.3631,0.364,1338279.34
1684972800,0.364,0.3647,0.3554,0.3606,3218721.49
1684987200,0.3606,0.3615,0.356,0.3567,1990050.95
1685001600,0.3567,0.3584,0.3566,0.3582,1125294.78
1685016000,0.3582,0.3602,0.3558,0.3564,1874778.76
1685030400,0.3564,0.3609,0.3552,0.3584,3265687.63
1685044800,0.3584,0.3594,0.3572,0.3582,1852886.57
1685059200,0.3582,0.3586,0.3539,0.3565,2570931.24
1685073600,0.3565,0.3584,0.3555,0.3584,1332549.12
1685088000,0.3584,0.3586,0.3566,0.3571,947824.32
1685102400,0.3571,0.363,0.356,0.3607,4352232.71
1685116800,0.3607,0.367,0.3586,0.3644,3468457.8400000003
1685131200,0.3644,0.3655,0.3624,0.3629,1455667.82
1685145600,0.3629,0.3671,0.3616,0.3661,1825434.55
1685160000,0.3661,0.3665,0.3636,0.3641,645519.53
1685174400,0.3641,0.3645,0.3625,0.3635,493615.17
1685188800,0.3635,0.3645,0.3612,0.3637,1098194.1
1685203200,0.3637,0.3651,0.3624,0.3649,909197.11
1685217600,0.3649,0.3675,0.3648,0.3669,1130171.1
1685232000,0.3669,0.3742,0.3663,0.3729,3116728.81
1685246400,0.3729,0.3744,0.3721,0.3737,1105960.76
1685260800,0.3737,0.3785,0.3674,0.3756,3825138.94
1685275200,0.3756,0.3793,0.3749,0.3761,2019275.37
1685289600,0.3761,0.3793,0.3756,0.377,2038781.49
1685304000,0.377,0.3842,0.3769,0.3828,4094694.31
1685318400,0.3828,0.3863,0.3801,0.3802,4073252.58
1685332800,0.3802,0.3815,0.3786,0.379,1412353.62
1685347200,0.379,0.3802,0.378,0.3796,1071126.37
1685361600,0.3796,0.381,0.3757,0.3776,4397261.859999999
1685376000,0.3776,0.3805,0.3759,0.3786,2407468.2
1685390400,0.3786,0.3797,0.3775,0.3788,1225472.69
1685404800,0.3788,0.3832,0.378,0.3815,1428836.43
1685419200,0.3815,0.3819,0.3789,0.3796,1136616.81
1685433600,0.3796,0.3834,0.3791,0.3822,1509853.81
1685448000,0.3822,0.3822,0.3749,0.3768,3834322.52
1685462400,0.3768,0.3796,0.376,0.379,2246252.58
1685476800,0.379,0.3793,0.3766,0.378,1469172.34
1685491200,0.378,0.3808,0.3765,0.3793,2434255.63
1685505600,0.3793,0.3805,0.3728,0.3758,3455742.99
1685520000,0.3758,0.3761,0.3726,0.3735,1729583.98
1685534400,0.3735,0.3756,0.3713,0.3719,2210517.8600000003
1685548800,0.3719,0.376,0.3702,0.3758,3657466.45
1685563200,0.3758,0.3773,0.3733,0.3744,1627288.96
1685577600,0.3744,0.3758,0.3632,0.3653,4914210.79
1685592000,0.3653,0.3658,0.3634,0.3637,1329065.02
1685606400,0.3637,0.3656,0.361,0.3635,2448879.92
1685620800,0.3635,0.3653,0.3624,0.3646,2363729.0
1685635200,0.3646,0.3673,0.3633,0.3657,4463771.359999999
1685649600,0.3657,0.3673,0.3638,0.3645,1783816.4500000002
1685664000,0.3645,0.3747,0.3622,0.372,2817233.43
1685678400,0.372,0.3736,0.3708,0.3722,1616938.37
1685692800,0.3722,0.3779,0.372,0.3753,2537507.39
1685707200,0.3753,0.3777,0.3726,0.3753,3149650.36
1685721600,0.3753,0.3794,0.3745,0.3788,1824986.49
1685736000,0.3788,0.3794,0.3769,0.3783,1434260.13
1685750400,0.3783,0.3783,0.3752,0.3769,811268.72
1685764800,0.3769,0.3783,0.3763,0.3766,610140.7
1685779200,0.3766,0.3772,0.3752,0.376,614142.95
1685793600,0.376,0.3774,0.3754,0.3774,696303.1599999999
1685808000,0.3774,0.3781,0.3733,0.374,1385572.96
1685822400,0.374,0.3762,0.3739,0.3762,684012.79
1685836800,0.3762,0.3798,0.3749,0.3788,1319923.22
1685851200,0.3788,0.3808,0.3787,0.3803,1202873.11
1685865600,0.3803,0.3819,0.3796,0.38,990592.43
1685880000,0.38,0.3819,0.3796,0.3801,893311.82
1685894400,0.3801,0.3819,0.3799,0.3804,1542199.49
1685908800,0.3804,0.3818,0.3772,0.3774,1440244.47
1685923200,0.3774,0.3792,0.3737,0.3742,1444076.19
1685937600,0.3742,0.3758,0.3734,0.3752,799334.25
1685952000,0.3752,0.3754,0.3728,0.3738,884187.84
1685966400,0.3738,0.3738,0.3569,0.3569,4344554.07
1685980800,0.3569,0.3592,0.3471,0.3506,13433012.13
1685995200,0.3506,0.3528,0.3479,0.3517,4031920.51
1686009600,0.3517,0.3521,0.3474,0.3507,2629607.1
1686024000,0.3507,0.3531,0.3502,0.3524,890771.62
1686038400,0.3524,0.355,0.3518,0.3524,1356792.09
1686052800,0.3524,0.353,0.3367,0.3497,10860252.96
1686067200,0.3497,0.3568,0.3496,0.3558,4068553.23
1686081600,0.3558,0.3565,0.3518,0.3534,3385831.59
1686096000,0.3534,0.3534,0.3445,0.3454,3945004.47
1686110400,0.3454,0.3476,0.3411,0.3414,3254270.94
1686124800,0.3414,0.3514,0.3349,0.3377,4542396.82
1686139200,0.3377,0.3392,0.3249,0.325,7910463.859999999
1686153600,0.325,0.3281,0.3184,0.3231,12434507.61
1686168000,0.3231,0.3239,0.3196,0.3222,4080291.93
1686182400,0.3222,0.3263,0.3203,0.322,3178832.74
1686196800,0.322,0.3285,0.3215,0.3279,1273602.37
1686211200,0.3279,0.3279,0.3253,0.3268,984907.64
1686225600,0.3268,0.3307,0.3261,0.329,2429226.9
1686240000,0.329,0.329,0.3201,0.3233,2480474.08
1686254400,0.3233,0.3257,0.3224,0.3229,1279745.37
1686268800,0.3229,0.3238,0.3177,0.3206,1394571.27
1686283200,0.3206,0.3207,0.313,0.3139,3447219.3
1686297600,0.3139,0.3186,0.3129,0.318,2843106.7
1686312000,0.318,0.3236,0.311,0.3112,5578921.8100000005
1686326400,0.3112,0.3126,0.2983,0.2991,11468681.62
1686340800,0.2991,0.3026,0.2903,0.2951,10242345.51
1686355200,0.2951,0.2951,0.2737,0.2764,10983576.89
1686369600,0.2764,0.2767,0.2265,0.2407,23990311.02
1686384000,0.2407,0.2525,0.2365,0.2511,10371352.23
1686398400,0.2511,0.2576,0.2468,0.2548,10353853.74
1686412800,0.2548,0.2679,0.2525,0.2664,8465859.09
1686427200,0.2664,0.2808,0.2635,0.2752,6552518.74
1686441600,0.2752,0.2756,0.263,0.2637,5885890.16
1686456000,0.2637,0.2675,0.26,0.2623,2667739.78
1686470400,0.2623,0.2745,0.2593,0.2693,3234191.24
1686484800,0.2693,0.2712,0.2641,0.2642,2979172.38
1686499200,0.2642,0.2767,0.2641,0.2747,3855216.3
1686513600,0.2747,0.28,0.2709,0.2724,3031383.13
1686528000,0.2724,0.2757,0.2656,0.2679,2257643.68
1686542400,0.2679,0.2817,0.2678,0.2783,2642540.15
1686556800,0.2783,0.2865,0.2775,0.2824,3130297.38
1686571200,0.2824,0.2833,0.2765,0.2772,2744334.24
1686585600,0.2772,0.2785,0.2727,0.2745,2905241.8
1686600000,0.2745,0.2781,0.2735,0.2748,2451991.7
1686614400,0.2748,0.2799,0.2732,0.278,2276002.23
1686628800,0.278,0.2809,0.2751,0.2796,1199182.31
1686643200,0.2796,0.2856,0.2796,0.2855,1773338.5299999998
1686657600,0.2855,0.2893,0.2685,0.2697,6614379.390000001
1686672000,0.2697,0.2758,0.2694,0.2749,2006449.77
1686686400,0.2749,0.2765,0.2726,0.2752,1801250.97
1686700800,0.2752,0.2773,0.2738,0.276,1201942.74
1686715200,0.276,0.2766,0.2698,0.2709,1165621.8
1686729600,0.2709,0.2758,0.2706,0.2751,1022617.78
1686744000,0.2751,0.2773,0.2724,0.2733,2369397.52
1686758400,0.2733,0.275,0.2693,0.2705,2303320.02
1686772800,0.2705,0.271,0.2567,0.2633,5076668.13
1686787200,0.2633,0.2656,0.2597,0.2622,1499546.26
1686801600,0.2622,0.2634,0.2534,0.2556,2518892.46
1686816000,0.2556,0.2591,0.2526,0.2587,2105187.18
1686830400,0.2587,0.2611,0.2572,0.2577,1516183.04
1686844800,0.2577,0.2622,0.2523,0.2614,3297376.94
1686859200,0.2614,0.2655,0.2588,0.2618,1961438.24
1686873600,0.2618,0.264,0.2597,0.2632,991235.06
1686888000,0.2632,0.2643,0.262,0.2627,845254.54
1686902400,0.2627,0.2635,0.2555,0.2568,1345880.0699999998
1686916800,0.2568,0.2599,0.2538,0.2592,2080739.9
1686931200,0.2592,0.2672,0.2584,0.2637,2786353.45
1686945600,0.2637,0.2643,0.2616,0.2631,1451243.18
1686960000,0.2631,0.2632,0.2606,0.2622,892158.04
1686974400,0.2622,0.2734,0.2618,0.2697,1930831.52
1686988800,0.2697,0.2719,0.2673,0.2679,832048.04
1687003200,0.2679,0.2686,0.2648,0.2656,1337940.14
1687017600,0.2656,0.2693,0.2649,0.2673,763374.99
1687032000,0.2673,0.2684,0.266,0.2667,898220.74
1687046400,0.2667,0.2685,0.2637,0.2672,658634.99
1687060800,0.2672,0.269,0.2652,0.2666,520042.2
1687075200,0.2666,0.2679,0.2655,0.2664,445560.74
1687089600,0.2664,0.2674,0.2658,0.2673,550458.15
1687104000,0.2673,0.269,0.2669,0.2679,842163.54
1687118400,0.2679,0.2681,0.2592,0.2609,2161063.94
1687132800,0.2609,0.262,0.2572,0.2606,1003160.3
1687147200,0.2606,0.2623,0.26,0.2601,669429.31
1687161600,0.2601,0.2607,0.258,0.2607,467521.88
1687176000,0.2607,0.2619,0.2578,0.259,1266084.74
1687190400,0.259,0.2634,0.2571,0.2613,1635565.47
1687204800,0.2613,0.2635,0.2605,0.2633,1244182.62
1687219200,0.2633,0.2647,0.2595,0.2597,1760604.14
1687233600,0.2597,0.2606,0.2582,0.2593,1114998.77
1687248000,0.2593,0.26,0.2574,0.26,653355.9199999999
1687262400,0.26,0.2601,0.2524,0.2572,3231449.52
1687276800,0.2572,0.2671,0.2567,0.2663,4217944.32
1687291200,0.2663,0.2707,0.2657,0.2706,2220405.87
1687305600,0.2706,0.283,0.2689,0.281,3801029.65
1687320000,0.281,0.2819,0.2772,0.2782,1846547.31
1687334400,0.2782,0.2801,0.276,0.2788,1650650.49
1687348800,0.2788,0.2834,0.2758,0.2823,5496187.220000001
1687363200,0.2823,0.2882,0.2815,0.286,6067157.68
1687377600,0.286,0.289,0.2832,0.2864,2558893.47
1687392000,0.2864,0.3012,0.2858,0.2979,4527719.21
1687406400,0.2979,0.304,0.2935,0.3023,3136067.73
1687420800,0.3023,0.3049,0.2901,0.2927,3885130.1
1687435200,0.2927,0.2974,0.2875,0.2906,3536767.68
1687449600,0.2906,0.2935,0.2896,0.2935,1895628.52
1687464000,0.2935,0.2947,0.2887,0.2901,1460693.45
1687478400,0.2901,0.2938,0.2897,0.2927,732088.94
1687492800,0.2927,0.2941,0.291,0.2937,957008.06
1687507200,0.2937,0.2962,0.2922,0.2928,720961.24
1687521600,0.2928,0.2996,0.2872,0.2996,3680299.66
1687536000,0.2996,0.3027,0.2954,0.2983,5174735.25
1687550400,0.2983,0.3006,0.2932,0.2967,1866275.26
1687564800,0.2967,0.2968,0.2923,0.2954,1711862.99
1687579200,0.2954,0.2977,0.2933,0.2938,689529.58
1687593600,0.2938,0.2965,0.293,0.2952,706446.15
1687608000,0.2952,0.2966,0.2858,0.2871,1399852.33
1687622400,0.2871,0.2942,0.2846,0.2919,2642014.5
1687636800,0.2919,0.2919,0.2878,0.2896,1207407.57
1687651200,0.2896,0.2978,0.2887,0.297,1351997.24
1687665600,0.297,0.2981,0.2943,0.2975,1350180.33
1687680000,0.2975,0.3048,0.2962,0.2981,2098371.47
1687694400,0.2981,0.2986,0.2918,0.2935,1677114.31
1687708800,0.2935,0.2949,0.2915,0.2931,1299703.12
1687723200,0.2931,0.2943,0.2908,0.2923,807705.14
1687737600,0.2923,0.2923,0.286,0.2879,1877911.43
1687752000,0.2879,0.2913,0.2861,0.2905,854260.48
1687766400,0.2905,0.291,0.286,0.2892,1067376.26
1687780800,0.2892,0.2919,0.2869,0.2894,1554050.88
1687795200,0.2894,0.2895,0.2771,0.2818,4437395.84
1687809600,0.2818,0.282,0.2774,0.2806,1492459.81
1687824000,0.2806,0.2832,0.279,0.2821,1208461.23
1687838400,0.2821,0.2833,0.2788,0.2829,799209.13
1687852800,0.2829,0.2845,0.2807,0.2844,1391844.25
1687867200,0.2844,0.286,0.28,0.2802,1942769.15
1687881600,0.2802,0.2857,0.2793,0.2851,1919347.88
1687896000,0.2851,0.2895,0.2845,0.2868,2477868.33
1687910400,0.2868,0.2871,0.2781,0.2804,2592951.89
1687924800,0.2804,0.2804,0.2723,0.2756,1591341.31
1687939200,0.2756,0.2766,0.2734,0.2743,2070327.85
1687953600,0.2743,0.2761,0.2713,0.2749,2849445.93
1687968000,0.2749,0.2761,0.2608,0.2675,4533833.91
1687982400,0.2675,0.2704,0.2662,0.2669,1815847.08
1687996800,0.2669,0.2713,0.2665,0.27,1231245.78
1688011200,0.27,0.2739,0.2694,0.2731,891747.77
1688025600,0.2731,0.2781,0.2724,0.2774,1527282.9
1688040000,0.2774,0.2781,0.2727,0.2742,1654446.87
1688054400,0.2742,0.2756,0.2728,0.2751,1441505.02
1688068800,0.2751,0.2772,0.273,0.2751,1160311.29
1688083200,0.2751,0.2844,0.2728,0.2835,1564919.4
1688097600,0.2835,0.2878,0.2805,0.2839,1734532.79
1688112000,0.2839,0.2996,0.2839,0.2951,3953468.86
1688126400,0.2951,0.2987,0.2676,0.2774,8806157.59
1688140800,0.2774,0.29,0.2752,0.2857,3087722.75
1688155200,0.2857,0.2886,0.2846,0.2868,1454882.67
1688169600,0.2868,0.2899,0.2851,0.2857,2288407.73
1688184000,0.2857,0.2864,0.2812,0.2863,1002231.14
1688198400,0.2863,0.2886,0.2852,0.2881,754526.52
1688212800,0.2881,0.2934,0.2875,0.2885,1999244.9
1688227200,0.2885,0.2895,0.2867,0.2881,1047159.85
1688241600,0.2881,0.2924,0.2879,0.2924,1043501.05
1688256000,0.2924,0.2938,0.288,0.289,1267830.22
1688270400,0.289,0.2908,0.2881,0.2893,530981.84
1688284800,0.2893,0.2906,0.287,0.2905,435872.08
1688299200,0.2905,0.2916,0.2856,0.2893,1575523.16
1688313600,0.2893,0.2912,0.2872,0.2893,1194902.57
1688328000,0.2893,0.2934,0.2884,0.2918,1153673.09
1688342400,0.2918,0.2965,0.2905,0.2951,1656322.58
1688356800,0.2951,0.2962,0.291,0.2944,847161.49
1688371200,0.2944,0.2958,0.2925,0.2949,965334.0
1688385600,0.2949,0.2957,0.2908,0.2953,1886479.62
1688400000,0.2953,0.2995,0.2917,0.2985,2763022.13
1688414400,0.2985,0.2992,0.2948,0.2966,1087471.14
1688428800,0.2966,0.3,0.2948,0.2997,1572090.82
1688443200,0.2997,0.3017,0.2948,0.2953,1595582.9
1688457600,0.2953,0.2984,0.2926,0.2968,1381494.98
1688472000,0.2968,0.2971,0.2926,0.2938,1298957.91
1688486400,0.2938,0.2953,0.2894,0.2922,1868744.88
1688500800,0.2922,0.2968,0.2919,0.2924,856204.6799999999
1688515200,0.2924,0.2944,0.2915,0.2944,852641.54
1688529600,0.2944,0.2963,0.2932,0.2951,888467.26
1688544000,0.2951,0.2957,0.2831,0.286,2821528.45
1688558400,0.286,0.2867,0.2802,0.2824,2517059.0700000003
1688572800,0.2824,0.2857,0.2815,0.2828,1509252.26
1688587200,0.2828,0.2851,0.2817,0.284,995709.54
1688601600,0.284,0.2854,0.2815,0.285,1128125.71
1688616000,0.285,0.2917,0.2834,0.2882,1358072.02
1688630400,0.2882,0.2937,0.2867,0.2878,1444280.75
1688644800,0.2878,0.2884,0.2765,0.2825,4345372.71
1688659200,0.2825,0.2878,0.2805,0.2837,2454199.08
1688673600,0.2837,0.2848,0.2786,0.2786,1915041.97
1688688000,0.2786,0.2825,0.276,0.2819,1465134.24
1688702400,0.2819,0.2824,0.279,0.2795,970921.76
1688716800,0.2795,0.2835,0.2786,0.2822,1063863.16
1688731200,0.2822,0.2853,0.2812,0.2842,2128770.82
1688745600,0.2842,0.2853,0.2813,0.2831,1785691.9300000002
1688760000,0.2831,0.2852,0.2828,0.2846,1023055.6
1688774400,0.2846,0.2867,0.2831,0.2833,953683.52
1688788800,0.2833,0.2875,0.2818,0.2847,1431517.52
1688803200,0.2847,0.2872,0.2844,0.2861,1041356.62
1688817600,0.2861,0.2905,0.2851,0.2892,2788559.1100000003
1688832000,0.2892,0.2931,0.2869,0.2895,1372301.26
1688846400,0.2895,0.2909,0.2878,0.2907,1373315.69
1688860800,0.2907,0.2917,0.2897,0.2901,939743.22
1688875200,0.2901,0.2903,0.2856,0.2863,1266637.89
1688889600,0.2863,0.2869,0.2856,0.2865,1134588.75
1688904000,0.2865,0.2887,0.2849,0.2863,1444166.3299999998
1688918400,0.2863,0.2865,0.2841,0.2853,947486.59
1688932800,0.2853,0.2856,0.2832,0.2846,782514.48
1688947200,0.2846,0.2862,0.2782,0.2843,2807180.0300000003
1688961600,0.2843,0.2865,0.2817,0.2832,1133016.93
1688976000,0.2832,0.2863,0.2805,0.285,1480622.65
1688990400,0.285,0.289,0.285,0.2879,1680456.79
1689004800,0.2879,0.2914,0.2863,0.2914,2736318.21
1689019200,0.2914,0.2927,0.2865,0.2878,2474981.8400000003
1689033600,0.2878,0.2914,0.2877,0.2904,961718.68
1689048000,0.2904,0.2939,0.2895,0.2917,1329614.91
1689062400,0.2917,0.2934,0.2896,0.2914,1626997.8199999998
1689076800,0.2914,0.2924,0.2899,0.2907,1517330.65
1689091200,0.2907,0.2922,0.2884,0.2897,2412524.69
1689105600,0.2897,0.2929,0.2897,0.2927,1085368.6
1689120000,0.2927,0.2951,0.2925,0.2932,1983927.45
1689134400,0.2932,0.2946,0.2926,0.2937,1075036.07
1689148800,0.2937,0.2938,0.2917,0.2925,757852.43
1689163200,0.2925,0.2946,0.2904,0.2907,2548193.56
1689177600,0.2907,0.2907,0.2851,0.2863,2508690.81
1689192000,0.2863,0.289,0.2858,0.289,680038.33
1689206400,0.289,0.289,0.2858,0.2866,929866.17
1689220800,0.2866,0.2881,0.286,0.2864,674698.39
1689235200,0.2864,0.2895,0.2861,0.2891,943517.15
1689249600,0.2891,0.3133,0.2878,0.3111,7953458.66
1689264000,0.3111,0.3669,0.3102,0.3479,30602691.0
1689278400,0.3479,0.36,0.3356,0.3567,12479868.6
1689292800,0.3567,0.3792,0.3545,0.3614,13398871.19
1689307200,0.3614,0.3665,0.3514,0.3525,3789524.95
1689321600,0.3525,0.3549,0.3447,0.3515,5531159.859999999
1689336000,0.3515,0.3516,0.3445,0.3475,4924844.77
1689350400,0.3475,0.3477,0.317,0.3214,12123204.85
1689364800,0.3214,0.3302,0.3187,0.328,2816300.75
1689379200,0.328,0.3282,0.3243,0.3266,1620382.34
1689393600,0.3266,0.3363,0.3265,0.3349,1877014.41
1689408000,0.3349,0.3377,0.3325,0.3325,1146112.66
1689422400,0.3325,0.3354,0.329,0.3313,1318347.71
1689436800,0.3313,0.3323,0.3283,0.3296,1403183.18
1689451200,0.3296,0.3296,0.3247,0.3262,1146577.3
1689465600,0.3262,0.3279,0.3178,0.3205,3578064.68
1689480000,0.3205,0.3214,0.3175,0.321,1324003.03
1689494400,0.321,0.3264,0.3201,0.3227,1975929.83
1689508800,0.3227,0.3246,0.3192,0.3213,1731934.12
1689523200,0.3213,0.3231,0.315,0.3154,2532865.85
1689537600,0.3154,0.3198,0.3125,0.3147,1885116.28
1689552000,0.3147,0.3187,0.3122,0.3185,1318060.32
1689566400,0.3185,0.3198,0.3165,0.3167,1384993.24
1689580800,0.3167,0.3189,0.306,0.3115,1995618.01
1689595200,0.3115,0.3162,0.3088,0.3133,1618664.5499999998
1689609600,0.3133,0.3159,0.3057,0.3101,3424779.29
1689624000,0.3101,0.3138,0.3079,0.312,2480290.26
1689638400,0.312,0.3141,0.3091,0.3095,1627658.88
1689652800,0.3095,0.3103,0.3046,0.3064,1483577.87
1689667200,0.3064,0.309,0.3033,0.3037,1589319.71
1689681600,0.3037,0.3065,0.3021,0.3048,1856653.91
1689696000,0.3048,0.3079,0.3001,0.3038,2331103.56
1689710400,0.3038,0.3095,0.302,0.3093,1841973.66
1689724800,0.3093,0.3238,0.307,0.3204,3634436.83
1689739200,0.3204,0.3206,0.315,0.316,1911511.91
1689753600,0.316,0.3179,0.3127,0.3168,1307682.65
1689768000,0.3168,0.3186,0.3108,0.3127,1761387.64
1689782400,0.3127,0.326,0.3103,0.3242,3825606.99
1689796800,0.3242,0.3259,0.3196,0.3228,2650002.94
1689811200,0.3228,0.3324,0.3218,0.3278,4965734.6
1689825600,0.3278,0.3303,0.3243,0.3255,1258606.13
1689840000,0.3255,0.3277,0.3228,0.3254,1804102.84
1689854400,0.3254,0.3279,0.3167,0.3178,4513825.26
1689868800,0.3178,0.3193,0.3132,0.3166,2729977.82
1689883200,0.3166,0.319,0.3123,0.3161,4662206.49
1689897600,0.3161,0.3184,0.313,0.3171,860596.62
1689912000,0.3171,0.3173,0.3118,0.3121,721537.55
1689926400,0.3121,0.3134,0.3106,0.3131,1015377.26
1689940800,0.3131,0.3154,0.3131,0.3138,1462568.06
1689955200,0.3138,0.3175,0.312,0.3141,2757198.11
1689969600,0.3141,0.3144,0.3119,0.3131,1840273.93
1689984000,0.3131,0.315,0.3122,0.3134,1012874.86
1689998400,0.3134,0.3143,0.312,0.313,531370.38
1690012800,0.313,0.314,0.3068,0.3117,1208328.26
1690027200,0.3117,0.3138,0.3111,0.3137,862327.92
1690041600,0.3137,0.3137,0.3101,0.3119,637488.19
1690056000,0.3119,0.3135,0.3067,0.3101,1585004.04
1690070400,0.3101,0.3173,0.3075,0.3152,1446902.96
1690084800,0.3152,0.3168,0.3144,0.3159,554014.0
1690099200,0.3159,0.3169,0.3144,0.3145,591068.95
1690113600,0.3145,0.316,0.3137,0.3145,940738.99
1690128000,0.3145,0.319,0.3144,0.3164,1293086.87
1690142400,0.3164,0.3178,0.3151,0.3172,638759.36
1690156800,0.3172,0.319,0.3117,0.3121,1467273.87
1690171200,0.3121,0.3153,0.3099,0.3148,527535.27
1690185600,0.3148,0.315,0.3023,0.3063,2114665.72
1690200000,0.3063,0.3076,0.3,0.3027,3073740.67
1690214400,0.3027,0.3058,0.3005,0.3033,1712226.42
1690228800,0.3033,0.3062,0.3026,0.3054,2048401.79
1690243200,0.3054,0.3061,0.3027,0.3032,1152864.33
1690257600,0.3032,0.305,0.3021,0.3034,654618.3400000001
1690272000,0.3034,0.3066,0.3028,0.3032,976659.36
1690286400,0.3032,0.3077,0.3026,0.3045,1656212.19
1690300800,0.3045,0.3058,0.3028,0.3031,1027128.63
1690315200,0.3031,0.305,0.3016,0.3037,1180663.4300000002
1690329600,0.3037,0.3052,0.3009,0.3036,1020853.3
1690344000,0.3036,0.3036,0.3007,0.3018,992344.45
1690358400,0.3018,0.3029,0.3003,0.3012,503836.13
1690372800,0.3012,0.3057,0.3008,0.3056,1123314.56
1690387200,0.3056,0.3091,0.3031,0.3073,2279117.98
1690401600,0.3073,0.3106,0.3058,0.3069,1603455.46
1690416000,0.3069,0.3111,0.3055,0.3101,1049140.5
1690430400,0.3101,0.3132,0.31,0.3107,848865.96
1690444800,0.3107,0.3134,0.3103,0.3109,1255535.2200000002
1690459200,0.3109,0.3114,0.3066,0.3087,1750535.56
1690473600,0.3087,0.3097,0.3054,0.307,1364552.65
1690488000,0.307,0.3084,0.3065,0.3078,1304780.1
1690502400,0.3078,0.3107,0.3076,0.3083,839006.3300000001
1690516800,0.3083,0.309,0.3061,0.3079,495177.44
1690531200,0.3079,0.3123,0.3072,0.3109,1274288.09
1690545600,0.3109,0.313,0.3101,0.3111,1413483.11
1690560000,0.3111,0.3121,0.3094,0.3112,847826.23
1690574400,0.3112,0.3115,0.3098,0.31,769922.62
1690588800,0.31,0.3119,0.3094,0.3114,458538.25
1690603200,0.3114,0.3134,0.3105,0.3108,734374.94
1690617600,0.3108,0.3112,0.3088,0.3091,365203.71
1690632000,0.3091,0.3113,0.3089,0.3108,594304.78
1690646400,0.3108,0.3131,0.3103,0.3128,2174795.27
1690660800,0.3128,0.3144,0.312,0.3129,816933.03
1690675200,0.3129,0.3141,0.3121,0.3137,801658.81
1690689600,0.3137,0.3182,0.3136,0.3149,2079895.14
1690704000,0.3149,0.3161,0.3143,0.3146,495437.37
1690718400,0.3146,0.3159,0.3123,0.3139,768221.28
1690732800,0.3139,0.3152,0.3086,0.3092,1471690.93
1690747200,0.3092,0.3161,0.3056,0.3157,1159405.87
1690761600,0.3157,0.3186,0.3138,0.315,806601.94
1690776000,0.315,0.3156,0.3118,0.3125,757195.4
1690790400,0.3125,0.3142,0.3124,0.3135,390059.05
1690804800,0.3135,0.3151,0.3103,0.3116,1785420.64
1690819200,0.3116,0.3128,0.3084,0.3093,1337927.37
1690833600,0.3093,0.3103,0.3064,0.3071,1693131.7
1690848000,0.3071,0.3084,0.2951,0.3016,2979524.72
1690862400,0.3016,0.3061,0.3007,0.3049,1846089.95
1690876800,0.3049,0.3065,0.304,0.3046,988275.37
1690891200,0.3046,0.3063,0.3,0.3051,1675767.0
1690905600,0.3051,0.3077,0.3033,0.3065,1902889.75
1690920000,0.3065,0.3104,0.3058,0.3102,1440297.84
1690934400,0.3102,0.3119,0.3072,0.3074,1077819.28
1690948800,0.3074,0.3076,0.3052,0.3057,940403.5
1690963200,0.3057,0.3082,0.3048,0.308,563721.21
1690977600,0.308,0.3081,0.3013,0.303,1830013.45
1690992000,0.303,0.3036,0.2981,0.302,2329765.09
1691006400,0.302,0.3024,0.2985,0.2992,1656935.99
1691020800,0.2992,0.3012,0.2981,0.2994,1066443.62
1691035200,0.2994,0.2994,0.2943,0.2951,1172267.75
1691049600,0.2951,0.2961,0.2927,0.2956,1176692.73
1691064000,0.2956,0.2976,0.2933,0.2963,1694135.39
1691078400,0.2963,0.2981,0.2946,0.2953,1256542.28
1691092800,0.2953,0.2965,0.2891,0.2923,1539553.36
1691107200,0.2923,0.2941,0.2915,0.2939,825082.3
1691121600,0.2939,0.2946,0.2918,0.2925,591779.9199999999
1691136000,0.2925,0.2939,0.2922,0.2928,572661.26
1691150400,0.2928,0.2964,0.2922,0.2958,1473276.16
1691164800,0.2958,0.297,0.2916,0.293,1223060.73
1691179200,0.293,0.2942,0.2902,0.2933,1124825.21
1691193600,0.2933,0.2938,0.2903,0.2923,610201.61
1691208000,0.2923,0.2924,0.2903,0.2908,455961.41
1691222400,0.2908,0.2927,0.2902,0.2914,297778.97
1691236800,0.2914,0.2921,0.29,0.2909,690521.14
1691251200,0.2909,0.2937,0.2901,0.2925,670855.51
1691265600,0.2925,0.2939,0.292,0.2936,687275.1
1691280000,0.2936,0.2953,0.293,0.2949,671031.05
1691294400,0.2949,0.2955,0.2937,0.2942,368127.1
1691308800,0.2942,0.2952,0.2935,0.2946,300069.21
1691323200,0.2946,0.2949,0.2905,0.2908,533428.34
1691337600,0.2908,0.2927,0.2903,0.2916,559022.9099999999
1691352000,0.2916,0.2939,0.2915,0.2918,583010.78
1691366400,0.2918,0.2955,0.2906,0.294,910403.58
1691380800,0.294,0.2946,0.2904,0.2919,409524.42
1691395200,0.2919,0.2929,0.2915,0.2925,450583.25
1691409600,0.2925,0.2946,0.2875,0.2889,1809410.88
1691424000,0.2889,0.2896,0.2822,0.2888,2872809.1
1691438400,0.2888,0.2907,0.2884,0.2907,1035491.36
1691452800,0.2907,0.2919,0.2894,0.2911,713199.37
1691467200,0.2911,0.293,0.2901,0.2905,837953.13
1691481600,0.2905,0.2932,0.29,0.2931,435914.01
1691496000,0.2931,0.2961,0.2923,0.2953,1321356.55
1691510400,0.2953,0.3024,0.295,0.2993,2667031.57
1691524800,0.2993,0.3024,0.2964,0.2973,8590144.27
1691539200,0.2973,0.299,0.2959,0.2972,932165.29
1691553600,0.2972,0.2994,0.2967,0.2993,470309.05
1691568000,0.2993,0.2995,0.2978,0.2985,612049.4299999999
1691582400,0.2985,0.3015,0.2969,0.298,1760213.39
1691596800,0.298,0.2997,0.2969,0.2986,860430.54
1691611200,0.2986,0.3021,0.2974,0.3011,1258238.87
1691625600,0.3011,0.3015,0.3001,0.3008,1162850.94
1691640000,0.3008,0.3008,0.2968,0.297,764947.22
1691654400,0.297,0.2984,0.2969,0.2971,479239.27
1691668800,0.2971,0.3009,0.297,0.2973,1693067.04
1691683200,0.2973,0.298,0.2959,0.2969,965372.25
1691697600,0.2969,0.2974,0.2956,0.296,1217321.16
1691712000,0.296,0.2972,0.2946,0.2959,820839.6599999999
1691726400,0.2959,0.2971,0.2958,0.2959,621871.64
1691740800,0.2959,0.2963,0.2948,0.2963,577082.25
1691755200,0.2963,0.2966,0.2934,0.2939,1667487.94
1691769600,0.2939,0.2947,0.2926,0.293,2471597.19
1691784000,0.293,0.2935,0.2918,0.2931,2233981.06
1691798400,0.2931,0.2941,0.2923,0.2929,593158.24
1691812800,0.2929,0.2941,0.2924,0.2939,238332.68
1691827200,0.2939,0.2944,0.2935,0.294,329176.76
1691841600,0.294,0.2944,0.2932,0.2936,648291.1699999999
1691856000,0.2936,0.2936,0.291,0.2913,2710563.38
1691870400,0.2913,0.2923,0.2905,0.2919,1361857.52
1691884800,0.2919,0.2924,0.2903,0.291,1316413.82
1691899200,0.291,0.291,0.2895,0.2904,1358334.77
1691913600,0.2904,0.2906,0.2898,0.2901,1259075.48
1691928000,0.2901,0.292,0.2898,0.2907,732801.29
1691942400,0.2907,0.2933,0.2903,0.2929,680154.23
1691956800,0.2929,0.2932,0.2868,0.2892,1392214.99
1691971200,0.2892,0.2901,0.2869,0.29,1908103.49
1691985600,0.29,0.291,0.2895,0.2901,1269849.96
1692000000,0.2901,0.2909,0.2895,0.29,847671.64
1692014400,0.29,0.2923,0.2892,0.2913,925469.74
1692028800,0.2913,0.292,0.2876,0.2894,1237714.5
1692043200,0.2894,0.2912,0.2891,0.2904,751256.8400000001
1692057600,0.2904,0.2908,0.2891,0.2894,569640.98
1692072000,0.2894,0.2899,0.2884,0.2899,325520.93
1692086400,0.2899,0.2904,0.288,0.2881,1014613.31
1692100800,0.2881,0.2894,0.2876,0.2877,1048818.53
1692115200,0.2877,0.2889,0.2757,0.2814,4371731.01
1692129600,0.2814,0.284,0.2804,0.2819,1822316.03
1692144000,0.2819,0.2826,0.2806,0.2809,1470167.34
1692158400,0.2809,0.2823,0.2782,0.2792,1351450.67
1692172800,0.2792,0.2796,0.2756,0.2776,2303261.94
1692187200,0.2776,0.2777,0.2711,0.2734,4067411.59
1692201600,0.2734,0.277,0.2723,0.2748,2511360.81
1692216000,0.2748,0.2756,0.2656,0.2745,4806989.7
1692230400,0.2745,0.2778,0.2694,0.2765,1699714.85
1692244800,0.2765,0.2781,0.276,0.2765,940909.47
1692259200,0.2765,0.2769,0.2746,0.2753,880550.86
1692273600,0.2753,0.2778,0.2681,0.2686,4671409.300000001
1692288000,0.2686,0.2741,0.2667,0.2738,3464750.06
1692302400,0.2738,0.2738,0.2473,0.2559,12623468.83
1692316800,0.2559,0.2624,0.2553,0.2598,4898787.51
1692331200,0.2598,0.2655,0.2568,0.264,3231800.15
1692345600,0.264,0.2669,0.2621,0.2664,2133217.0
1692360000,0.2664,0.2673,0.2625,0.2626,3805762.58
1692374400,0.2626,0.2662,0.2585,0.2629,3459522.79
1692388800,0.2629,0.2655,0.2626,0.264,1209904.67
1692403200,0.264,0.2642,0.2611,0.2622,832793.5599999999
1692417600,0.2622,0.263,0.2604,0.263,944744.98
1692432000,0.263,0.2646,0.2627,0.2635,778091.3799999999
1692446400,0.2635,0.2698,0.2634,0.2688,1210348.57
1692460800,0.2688,0.2692,0.2667,0.2683,869948.78
1692475200,0.2683,0.2695,0.2667,0.2688,869529.0700000001
1692489600,0.2688,0.2705,0.2664,0.2665,445868.73
1692504000,0.2665,0.2673,0.2651,0.2657,477307.39
1692518400,0.2657,0.269,0.2648,0.2683,572309.24
1692532800,0.2683,0.2699,0.2667,0.269,1162580.2
1692547200,0.269,0.273,0.2681,0.272,1114034.67
1692561600,0.272,0.2729,0.2702,0.2704,717804.7
1692576000,0.2704,0.2724,0.2698,0.2703,615905.14
1692590400,0.2703,0.2713,0.2671,0.2675,888475.31
1692604800,0.2675,0.2676,0.2647,0.2673,828946.02
1692619200,0.2673,0.2687,0.2588,0.2615,1739017.7
1692633600,0.2615,0.2656,0.2612,0.2647,1469546.98
1692648000,0.2647,0.2654,0.2628,0.2628,825659.51
1692662400,0.2628,0.2633,0.261,0.2619,697651.37
1692676800,0.2619,0.2619,0.2599,0.2618,627047.62
1692691200,0.2618,0.2621,0.2579,0.2592,1086557.36
1692705600,0.2592,0.2607,0.2555,0.256,1505027.48
1692720000,0.256,0.2574,0.2518,0.2536,2778702.78
1692734400,0.2536,0.2592,0.2503,0.2586,2115406.71
1692748800,0.2586,0.2602,0.258,0.2583,1184306.01
1692763200,0.2583,0.2612,0.2582,0.2599,493510.94
1692777600,0.2599,0.2612,0.2594,0.2598,458295.58
1692792000,0.2598,0.2631,0.2585,0.2629,1362695.21
1692806400,0.2629,0.2697,0.2625,0.2685,1721962.95
1692820800,0.2685,0.2691,0.2653,0.268,1484361.35
1692835200,0.268,0.2701,0.268,0.2687,941926.58
1692849600,0.2687,0.2713,0.2683,0.2688,632918.2
1692864000,0.2688,0.269,0.2664,0.2671,513213.86
1692878400,0.2671,0.2671,0.2623,0.2625,1435885.4
1692892800,0.2625,0.2669,0.2624,0.2645,1061419.91
1692907200,0.2645,0.2663,0.2629,0.2658,648633.78
1692921600,0.2658,0.2705,0.2613,0.263,2348651.39
1692936000,0.263,0.2634,0.2598,0.2617,1179954.1
1692950400,0.2617,0.2637,0.2616,0.2629,656186.1
1692964800,0.2629,0.2655,0.2593,0.2603,1856660.84
1692979200,0.2603,0.2619,0.2591,0.2597,1267675.05
1692993600,0.2597,0.2613,0.2593,0.2611,582407.86
1693008000,0.2611,0.2611,0.2592,0.2601,690210.76
1693022400,0.2601,0.2605,0.2591,0.2602,389140.65
1693036800,0.2602,0.2602,0.2579,0.2589,548929.92
1693051200,0.2589,0.2609,0.2582,0.2605,574572.13
1693065600,0.2605,0.2614,0.2601,0.2607,548296.52
1693080000,0.2607,0.2618,0.2605,0.261,520981.62
1693094400,0.261,0.2615,0.26,0.2607,573628.85
1693108800,0.2607,0.2634,0.2607,0.263,540347.45
1693123200,0.263,0.264,0.2628,0.2631,359082.47
1693137600,0.2631,0.2652,0.2626,0.2635,681245.02
1693152000,0.2635,0.2641,0.262,0.2623,639707.06
1693166400,0.2623,0.2636,0.2615,0.2633,564913.51
1693180800,0.2633,0.2635,0.2605,0.2608,566301.03
1693195200,0.2608,0.2608,0.2582,0.2597,590325.64
1693209600,0.2597,0.2604,0.2577,0.2603,807943.9299999999
1693224000,0.2603,0.2668,0.2602,0.2654,1430542.01
1693238400,0.2654,0.2672,0.2636,0.265,1509868.04
1693252800,0.265,0.2677,0.2643,0.2675,824636.97
1693267200,0.2675,0.2682,0.2651,0.2652,920900.85
1693281600,0.2652,0.2653,0.2625,0.2627,762876.57
1693296000,0.2627,0.263,0.2602,0.2609,593582.83
1693310400,0.2609,0.2797,0.2601,0.2737,5511305.16
1693324800,0.2737,0.2788,0.2737,0.2759,3058173.12
1693339200,0.2759,0.2773,0.2716,0.2727,2079536.81
1693353600,0.2727,0.2729,0.2658,0.2672,987301.59
1693368000,0.2672,0.2672,0.2646,0.2659,1267256.88
1693382400,0.2659,0.2666,0.264,0.2646,841653.77
1693396800,0.2646,0.2653,0.2607,0.2628,1688488.09
1693411200,0.2628,0.2646,0.2621,0.264,1487655.12
1693425600,0.264,0.2665,0.264,0.2655,930343.51
1693440000,0.2655,0.2659,0.2638,0.2647,1145228.2
1693454400,0.2647,0.2657,0.2645,0.2653,867865.04
1693468800,0.2653,0.2665,0.264,0.2654,551757.86
1693483200,0.2654,0.2654,0.2575,0.2591,1870577.4
1693497600,0.2591,0.2595,0.25,0.2544,3599526.0500000003
1693512000,0.2544,0.2555,0.2515,0.2553,1999834.85
1693526400,0.2553,0.2581,0.2551,0.2564,1213853.83
1693540800,0.2564,0.2576,0.2558,0.256,985231.62
1693555200,0.256,0.2584,0.2556,0.2582,471369.62
1693569600,0.2582,0.2587,0.2546,0.2555,1464602.25
1693584000,0.2555,0.2565,0.2514,0.2536,2553417.94
1693598400,0.2536,0.2569,0.2536,0.2552,1283716.41
1693612800,0.2552,0.2566,0.2543,0.2565,643112.5800000001
1693627200,0.2565,0.2567,0.2551,0.2554,385760.16
1693641600,0.2554,0.2557,0.2545,0.2548,574426.63
1693656000,0.2548,0.2574,0.2547,0.2563,621301.6699999999
1693670400,0.2563,0.2568,0.2537,0.2555,596755.8
1693684800,0.2555,0.2565,0.2548,0.2562,391048.33
1693699200,0.2562,0.2565,0.2548,0.2556,356667.05
1693713600,0.2556,0.2568,0.2547,0.2557,406403.14
1693728000,0.2557,0.2557,0.2543,0.2549,458662.94
1693742400,0.2549,0.2559,0.2533,0.2541,597877.76
1693756800,0.2541,0.2559,0.2532,0.2555,619810.65
1693771200,0.2555,0.2562,0.2543,0.2559,880153.47
1693785600,0.2559,0.2599,0.2556,0.2577,642533.83
1693800000,0.2577,0.2584,0.2561,0.257,574826.03
1693814400,0.257,0.2579,0.2553,0.2554,543767.74
1693828800,0.2554,0.2574,0.254,0.2557,752649.4
1693843200,0.2557,0.2575,0.255,0.2558,933895.85
1693857600,0.2558,0.2563,0.2534,0.2561,753835.41
1693872000,0.2561,0.2563,0.2539,0.2555,951591.6
1693886400,0.2555,0.2576,0.2555,0.2569,685184.94
1693900800,0.2569,0.2574,0.2556,0.2571,266943.14
1693915200,0.2571,0.2585,0.2551,0.2577,1491176.28
1693929600,0.2577,0.2584,0.2561,0.2566,1220591.4
1693944000,0.2566,0.2578,0.2561,0.2577,684676.16
1693958400,0.2577,0.2593,0.2575,0.2585,872003.69
1693972800,0.2585,0.2586,0.2553,0.2559,873893.03
1693987200,0.2559,0.2567,0.2554,0.2559,366435.65
1694001600,0.2559,0.2569,0.2541,0.2551,915196.35
1694016000,0.2551,0.2605,0.2522,0.2566,1855084.73
1694030400,0.2566,0.2582,0.2564,0.2576,500057.57
1694044800,0.2576,0.2583,0.2562,0.2573,809865.68
1694059200,0.2573,0.2576,0.2564,0.2566,450139.82
1694073600,0.2566,0.2566,0.2539,0.2539,1119574.6800000002
1694088000,0.2539,0.2552,0.2531,0.2548,925701.79
1694102400,0.2548,0.2561,0.2538,0.256,907094.07
1694116800,0.256,0.2595,0.2558,0.258,1495845.1
1694131200,0.258,0.2594,0.2565,0.2574,1169584.64
1694145600,0.2574,0.2584,0.257,0.2582,392923.89
1694160000,0.2582,0.2582,0.2527,0.2538,1003838.62
1694174400,0.2538,0.2552,0.2533,0.2541,823357.06
1694188800,0.2541,0.2544,0.2529,0.2534,818473.8999999999
1694203200,0.2534,0.2547,0.2526,0.2542,718601.6
1694217600,0.2542,0.2555,0.2536,0.2547,546859.89
1694232000,0.2547,0.2556,0.2542,0.2553,251771.4
1694246400,0.2553,0.2558,0.2544,0.2549,280224.84
1694260800,0.2549,0.255,0.2535,0.2542,710434.03
1694275200,0.2542,0.2546,0.2531,0.2535,414311.91
1694289600,0.2535,0.2539,0.2531,0.2532,568860.25
1694304000,0.2532,0.2533,0.2502,0.2509,1079457.0799999998
1694318400,0.2509,0.251,0.2453,0.2496,3262935.49
1694332800,0.2496,0.251,0.249,0.2505,352587.24
1694347200,0.2505,0.2509,0.2464,0.2479,893015.19
1694361600,0.2479,0.2488,0.2445,0.2483,1402774.03
1694376000,0.2483,0.2501,0.2477,0.2491,1146760.2
1694390400,0.2491,0.2495,0.2463,0.2479,780223.7
1694404800,0.2479,0.2486,0.2461,0.2465,295203.24
1694419200,0.2465,0.2466,0.2392,0.2432,2040473.89
1694433600,0.2432,0.2458,0.2414,0.2425,2299167.35
1694448000,0.2425,0.2431,0.2369,0.238,2535177.44
1694462400,0.238,0.2421,0.2374,0.2421,1320451.44
1694476800,0.2421,0.2496,0.2408,0.2469,1476862.0
1694491200,0.2469,0.2477,0.2447,0.2459,724301.9299999999
1694505600,0.2459,0.2524,0.2452,0.2486,1297344.6
1694520000,0.2486,0.2505,0.2478,0.2488,1188146.07
1694534400,0.2488,0.251,0.2457,0.2471,1470806.44
1694548800,0.2471,0.2478,0.2453,0.2456,629493.73
1694563200,0.2456,0.2472,0.2435,0.2441,781967.16
1694577600,0.2441,0.2494,0.2437,0.2452,1067408.09
1694592000,0.2452,0.2488,0.2451,0.2484,681702.6
1694606400,0.2484,0.2499,0.2471,0.2486,1384918.11
1694620800,0.2486,0.2499,0.2471,0.2478,1451017.17
1694635200,0.2478,0.2496,0.2478,0.2487,501573.09
1694649600,0.2487,0.2519,0.2471,0.2483,1930558.22
1694664000,0.2483,0.2486,0.2466,0.2476,825772.15
1694678400,0.2476,0.2494,0.247,0.2491,518075.11
1694692800,0.2491,0.2519,0.2482,0.2507,1627228.16
1694707200,0.2507,0.2526,0.25,0.252,1833953.29
1694721600,0.252,0.2524,0.2501,0.2514,833511.05
1694736000,0.2514,0.2552,0.2507,0.2543,851526.89
1694750400,0.2543,0.2548,0.251,0.251,798075.95
1694764800,0.251,0.2519,0.2489,0.249,756635.39
1694779200,0.249,0.2497,0.2466,0.2481,1944332.92
1694793600,0.2481,0.2482,0.2452,0.2477,1155035.94
1694808000,0.2477,0.2524,0.2473,0.2506,1348229.58
1694822400,0.2506,0.2539,0.2499,0.2514,1097644.74
1694836800,0.2514,0.2531,0.2502,0.2507,574689.21
1694851200,0.2507,0.2514,0.2499,0.2512,580150.14
1694865600,0.2512,0.2517,0.249,0.2499,578463.24
1694880000,0.2499,0.2505,0.2483,0.2487,601189.12
1694894400,0.2487,0.2506,0.2485,0.2504,463876.98
1694908800,0.2504,0.2505,0.2471,0.2495,806070.05
1694923200,0.2495,0.2497,0.2482,0.2486,411748.88
1694937600,0.2486,0.2507,0.2484,0.2503,377039.06
1694952000,0.2503,0.2512,0.2498,0.2499,465822.8
1694966400,0.2499,0.2501,0.2466,0.2478,840411.75
1694980800,0.2478,0.2479,0.2447,0.2472,811158.95
1694995200,0.2472,0.2496,0.2445,0.2496,768940.6
1695009600,0.2496,0.2501,0.2481,0.2484,400234.64
1695024000,0.2484,0.2545,0.2481,0.254,1285000.72
1695038400,0.254,0.2556,0.2533,0.2543,1161768.38
1695052800,0.2543,0.256,0.2507,0.2523,1722412.96
1695067200,0.2523,0.2531,0.2513,0.2516,568933.85
1695081600,0.2516,0.2551,0.2509,0.2547,911340.91
1695096000,0.2547,0.2553,0.2519,0.2526,936779.98
1695110400,0.2526,0.2578,0.2525,0.2562,1239665.66
1695124800,0.2562,0.2573,0.2542,0.257,1409825.69
1695139200,0.257,0.2574,0.2549,0.2559,923011.33
1695153600,0.2559,0.2562,0.2544,0.2549,714971.4199999999
1695168000,0.2549,0.2559,0.2528,0.2536,826931.62
1695182400,0.2536,0.2548,0.2525,0.2532,617476.47
1695196800,0.2532,0.254,0.2512,0.2528,764782.84
1695211200,0.2528,0.2554,0.2514,0.2553,1177151.92
1695225600,0.2553,0.2565,0.2503,0.2513,1939679.77
1695240000,0.2513,0.2527,0.2507,0.2517,1033182.1
1695254400,0.2517,0.2532,0.2499,0.2513,970343.13
1695268800,0.2513,0.2513,0.249,0.2497,790559.0900000001
1695283200,0.2497,0.2502,0.2463,0.2481,1175964.75
1695297600,0.2481,0.2489,0.246,0.2484,1183081.0
1695312000,0.2484,0.2487,0.247,0.2472,1438847.44
1695326400,0.2472,0.2472,0.2449,0.245,1383183.46
1695340800,0.245,0.2464,0.2436,0.2462,994222.16
1695355200,0.2462,0.2465,0.2448,0.2458,503891.21
1695369600,0.2458,0.2462,0.2445,0.245,994760.96
1695384000,0.245,0.2457,0.2439,0.2445,944468.48
1695398400,0.2445,0.2447,0.2428,0.2437,1124377.2
1695412800,0.2437,0.2454,0.2432,0.245,989602.51
1695427200,0.245,0.2461,0.2437,0.2447,836211.19
1695441600,0.2447,0.246,0.244,0.2455,333742.92000000004
1695456000,0.2455,0.2468,0.2452,0.2466,257685.1
1695470400,0.2466,0.2468,0.2445,0.2454,450937.63
1695484800,0.2454,0.2466,0.2446,0.2465,579521.46
1695499200,0.2465,0.2468,0.2454,0.2462,369511.4
1695513600,0.2462,0.2462,0.245,0.245,347917.56999999995
1695528000,0.245,0.2455,0.2445,0.2455,218313.97
1695542400,0.2455,0.2461,0.2449,0.2456,329454.15
1695556800,0.2456,0.2462,0.2448,0.2452,384422.17
1695571200,0.2452,0.2463,0.2439,0.2443,914623.77
1695585600,0.2443,0.2454,0.2418,0.2428,645661.11
1695600000,0.2428,0.2455,0.2406,0.244,874770.44
1695614400,0.244,0.2455,0.2434,0.245,551046.07
1695628800,0.245,0.2454,0.243,0.2431,745133.8200000001
1695643200,0.2431,0.2455,0.2429,0.245,899485.63
1695657600,0.245,0.2461,0.2444,0.2449,1083194.71
1695672000,0.2449,0.246,0.244,0.2459,638529.3099999999
1695686400,0.2459,0.2477,0.2455,0.2463,798763.6799999999
1695700800,0.2463,0.2465,0.2455,0.2461,763379.3300000001
1695715200,0.2461,0.2468,0.2454,0.2457,604993.64
1695729600,0.2457,0.2461,0.2445,0.2448,799738.18
1695744000,0.2448,0.2459,0.2438,0.2445,768890.47
1695758400,0.2445,0.2456,0.2432,0.2453,668850.4400000001
1695772800,0.2453,0.2462,0.2445,0.2457,430498.9
1695787200,0.2457,0.2459,0.2442,0.2446,479787.35
1695801600,0.2446,0.2481,0.2441,0.2474,816480.93
1695816000,0.2474,0.248,0.2428,0.244,1464117.06
1695830400,0.244,0.2449,0.2425,0.2443,837176.74
1695844800,0.2443,0.2453,0.244,0.2445,561992.8
1695859200,0.2445,0.2456,0.2435,0.2436,1486801.51
1695873600,0.2436,0.2453,0.2432,0.245,595074.91
1695888000,0.245,0.2473,0.2441,0.2465,882934.08
1695902400,0.2465,0.2493,0.2457,0.2492,1271592.07
1695916800,0.2492,0.2505,0.2471,0.2492,2203479.64
1695931200,0.2492,0.2502,0.2481,0.249,1129015.81
1695945600,0.249,0.2513,0.2484,0.2506,918463.76
1695960000,0.2506,0.2526,0.2497,0.2523,660557.1799999999
1695974400,0.2523,0.2533,0.2512,0.2515,595877.51
1695988800,0.2515,0.2557,0.2511,0.2549,2404770.13
1696003200,0.2549,0.2554,0.2486,0.2487,1768603.83
1696017600,0.2487,0.2502,0.2477,0.2494,837312.5
1696032000,0.2494,0.2509,0.249,0.2509,1145744.56
1696046400,0.2509,0.2514,0.2502,0.2504,441479.67
1696060800,0.2504,0.252,0.2501,0.2511,454435.75
1696075200,0.2511,0.2531,0.2499,0.2529,1353107.18
1696089600,0.2529,0.2549,0.2526,0.254,984083.57
1696104000,0.254,0.2547,0.2532,0.254,725611.6900000001
1696118400,0.254,0.256,0.2537,0.2554,1123896.71
1696132800,0.2554,0.2564,0.2552,0.2558,872325.01
1696147200,0.2558,0.2636,0.2551,0.2626,3323972.7800000003
1696161600,0.2626,0.263,0.2596,0.2604,1712139.83
1696176000,0.2604,0.2606,0.2581,0.2603,983213.54
1696190400,0.2603,0.2678,0.2594,0.266,2352411.85
1696204800,0.266,0.2666,0.2637,0.2648,1145411.74
1696219200,0.2648,0.2663,0.2629,0.2663,1411527.15
1696233600,0.2663,0.2708,0.2656,0.2672,2629922.95
1696248000,0.2672,0.2686,0.2636,0.2641,3172699.7
1696262400,0.2641,0.2653,0.2595,0.2618,2368468.6900000004
1696276800,0.2618,0.2618,0.2578,0.2593,1598847.06
1696291200,0.2593,0.2634,0.2585,0.2627,751087.12
1696305600,0.2627,0.264,0.261,0.2629,777749.9299999999
1696320000,0.2629,0.2645,0.2602,0.261,943443.07
1696334400,0.261,0.264,0.2599,0.2617,1575715.87
1696348800,0.2617,0.2634,0.2591,0.2594,1686893.11
1696363200,0.2594,0.2622,0.2575,0.261,1435396.04
1696377600,0.261,0.2612,0.2528,0.2558,2420274.29
1696392000,0.2558,0.2575,0.2543,0.2564,736202.91
1696406400,0.2564,0.2584,0.2559,0.2565,821498.14
1696420800,0.2565,0.2572,0.2547,0.2553,1500280.42
1696435200,0.2553,0.2582,0.2552,0.2567,1011071.86
1696449600,0.2567,0.2601,0.2562,0.2589,747240.12
1696464000,0.2589,0.26,0.2574,0.2581,463153.17
1696478400,0.2581,0.259,0.257,0.2579,368632.07
1696492800,0.2579,0.2622,0.2565,0.2612,736510.72
1696507200,0.2612,0.264,0.259,0.26,1339125.23
1696521600,0.26,0.2636,0.259,0.2621,2220218.45
1696536000,0.2621,0.2631,0.2594,0.2603,980568.83
1696550400,0.2603,0.2641,0.2603,0.2621,582094.33
1696564800,0.2621,0.2639,0.2611,0.2637,528092.83
1696579200,0.2637,0.2653,0.2633,0.2637,1017877.33
1696593600,0.2637,0.2652,0.2608,0.2644,1211414.56
1696608000,0.2644,0.2666,0.264,0.2658,939275.39
1696622400,0.2658,0.267,0.2642,0.2648,708794.28
1696636800,0.2648,0.2658,0.2631,0.2636,530035.99
1696651200,0.2636,0.264,0.2604,0.2606,678817.69
1696665600,0.2606,0.2623,0.2576,0.2578,758451.16
1696680000,0.2578,0.2595,0.2574,0.2591,968356.7
1696694400,0.2591,0.26,0.2568,0.2571,880817.03
1696708800,0.2571,0.2589,0.2571,0.2588,356481.0
1696723200,0.2588,0.2592,0.2579,0.2591,315720.06
1696737600,0.2591,0.2592,0.256,0.2564,644356.95
1696752000,0.2564,0.2568,0.2556,0.2561,321163.31
1696766400,0.2561,0.2579,0.2559,0.2573,434727.2
1696780800,0.2573,0.2577,0.2564,0.2567,319712.3
1696795200,0.2567,0.2576,0.2561,0.2566,485293.5
1696809600,0.2566,0.2576,0.2544,0.2574,443489.03
1696824000,0.2574,0.2588,0.2566,0.2569,497112.45
1696838400,0.2569,0.2572,0.2504,0.251,1111441.5499999998
1696852800,0.251,0.2522,0.2503,0.2506,1351978.27
1696867200,0.2506,0.2539,0.2489,0.2526,2401101.37
1696881600,0.2526,0.2532,0.2513,0.2513,921337.67
1696896000,0.2513,0.2524,0.2499,0.2514,614284.31
1696910400,0.2514,0.253,0.251,0.2525,536652.0700000001
1696924800,0.2525,0.2533,0.2495,0.2496,800915.49
1696939200,0.2496,0.2504,0.2477,0.2478,2239156.85
1696953600,0.2478,0.2492,0.2473,0.2486,1594609.49
1696968000,0.2486,0.2497,0.2468,0.2491,634836.28
1696982400,0.2491,0.2495,0.2451,0.2457,851211.87
1696996800,0.2457,0.2476,0.2454,0.2457,943331.3
1697011200,0.2457,0.2484,0.245,0.2475,647525.25
1697025600,0.2475,0.2488,0.2453,0.2466,886464.02
1697040000,0.2466,0.2471,0.2454,0.2467,965099.9
1697054400,0.2467,0.248,0.2462,0.2478,715551.3300000001
1697068800,0.2478,0.2481,0.2455,0.2462,806700.5900000001
1697083200,0.2462,0.2474,0.2456,0.2458,440337.47
1697097600,0.2458,0.2465,0.2433,0.2456,677883.44
1697112000,0.2456,0.2461,0.244,0.2445,1468666.7000000002
1697126400,0.2445,0.2449,0.2424,0.2437,972556.33
1697140800,0.2437,0.2464,0.2434,0.2459,435999.3
1697155200,0.2459,0.2469,0.2449,0.2453,331417.51
1697169600,0.2453,0.2468,0.2452,0.2464,243411.84
1697184000,0.2464,0.2468,0.2453,0.246,341342.63
1697198400,0.246,0.2478,0.2458,0.2465,682943.53
1697212800,0.2465,0.2477,0.2457,0.246,538318.74
1697227200,0.246,0.2495,0.2456,0.2458,978899.42
1697241600,0.2458,0.2468,0.2458,0.2463,295189.86
1697256000,0.2463,0.2468,0.2449,0.2451,265126.84
1697270400,0.2451,0.2467,0.2451,0.2464,281972.05
1697284800,0.2464,0.2476,0.2461,0.2476,394308.19
1697299200,0.2476,0.2477,0.2467,0.2469,402904.83
1697313600,0.2469,0.2474,0.2463,0.2471,451680.46
1697328000,0.2471,0.248,0.2464,0.2473,388162.8
1697342400,0.2473,0.2478,0.2469,0.2475,164958.09
1697356800,0.2475,0.2483,0.2466,0.2466,241202.95
1697371200,0.2466,0.2468,0.2454,0.2462,582464.23
1697385600,0.2462,0.2475,0.2459,0.2468,474540.39
1697400000,0.2468,0.2484,0.2464,0.2474,635561.88
1697414400,0.2474,0.249,0.2472,0.2486,536085.85
1697428800,0.2486,0.253,0.2484,0.252,1072758.57
1697443200,0.252,0.2527,0.2513,0.2523,500647.85
1697457600,0.2523,0.2599,0.2495,0.2501,3613538.86
1697472000,0.2501,0.2531,0.2501,0.2514,910799.66
1697486400,0.2514,0.2523,0.2501,0.2514,453277.4
1697500800,0.2514,0.2515,0.2501,0.2501,864844.3300000001
1697515200,0.2501,0.2508,0.2496,0.2506,299821.25
1697529600,0.2506,0.2519,0.2506,0.2511,370041.38
1697544000,0.2511,0.2512,0.2451,0.2475,1437637.56
1697558400,0.2475,0.2478,0.2458,0.2468,760135.12
1697572800,0.2468,0.2471,0.246,0.2465,591932.9299999999
1697587200,0.2465,0.2465,0.245,0.2459,637181.92
1697601600,0.2459,0.2483,0.2457,0.2465,509766.22
1697616000,0.2465,0.2472,0.245,0.2468,443667.1
1697630400,0.2468,0.2472,0.2447,0.245,636293.67
1697644800,0.245,0.2461,0.244,0.2442,859652.01
1697659200,0.2442,0.2443,0.2423,0.243,833231.01
1697673600,0.243,0.2445,0.2398,0.241,1349531.93
1697688000,0.241,0.243,0.2407,0.2422,448336.77
1697702400,0.2422,0.2425,0.2412,0.2425,472751.6
1697716800,0.2425,0.2459,0.2423,0.2453,1041204.98
1697731200,0.2453,0.2466,0.2431,0.2448,892126.26
1697745600,0.2448,0.2471,0.2445,0.2471,766482.77
1697760000,0.2471,0.25,0.2455,0.2486,998280.64
1697774400,0.2486,0.2494,0.2477,0.2485,1004440.16
1697788800,0.2485,0.2534,0.2484,0.2504,1602172.25
1697803200,0.2504,0.2509,0.2489,0.2508,975240.65
1697817600,0.2508,0.2516,0.2496,0.2514,1067112.84
1697832000,0.2514,0.2521,0.2509,0.2514,512616.75
1697846400,0.2514,0.2522,0.2497,0.2506,429451.02
1697860800,0.2506,0.2528,0.2499,0.2526,503907.29
1697875200,0.2526,0.257,0.2523,0.2566,900300.81
1697889600,0.2566,0.2599,0.2558,0.2599,2379711.85
1697904000,0.2599,0.2628,0.2587,0.2609,2150582.25
1697918400,0.2609,0.2611,0.2579,0.2588,969997.78
1697932800,0.2588,0.2609,0.2584,0.259,865231.3300000001
1697947200,0.259,0.2633,0.2558,0.2576,1307424.11
1697961600,0.2576,0.2589,0.2565,0.257,565938.23
1697976000,0.257,0.2586,0.2565,0.2575,819974.86
1697990400,0.2575,0.2623,0.2571,0.2605,1212348.9500000002
1698004800,0.2605,0.2644,0.2598,0.2641,1091020.35
1698019200,0.2641,0.2687,0.263,0.2666,2495409.3600000003
1698033600,0.2666,0.2687,0.2624,0.2634,2130975.17
1698048000,0.2634,0.2658,0.2617,0.2649,1200188.75
1698062400,0.2649,0.2654,0.2618,0.2643,1638981.08
1698076800,0.2643,0.27,0.2639,0.2698,2583391.08
1698091200,0.2698,0.2814,0.2688,0.2809,7390392.859999999
1698105600,0.2809,0.2898,0.2781,0.2825,5665444.51
1698120000,0.2825,0.2847,0.2771,0.2801,2262410.26
1698134400,0.2801,0.2867,0.2796,0.2866,1591400.3199999998
1698148800,0.2866,0.2939,0.2736,0.2779,5916816.85
1698163200,0.2779,0.2803,0.274,0.2784,3270580.08
1698177600,0.2784,0.2807,0.275,0.2791,1910802.9
1698192000,0.2791,0.2849,0.2786,0.2803,1450504.43
1698206400,0.2803,0.2832,0.2767,0.2784,1181643.77
1698220800,0.2784,0.2823,0.2765,0.2798,948703.68
1698235200,0.2798,0.289,0.2796,0.2886,2711606.37
1698249600,0.2886,0.2899,0.2799,0.2806,2779156.78
1698264000,0.2806,0.2813,0.2783,0.2809,1551833.49
1698278400,0.2809,0.2906,0.2803,0.2905,4430929.109999999
1698292800,0.2905,0.2961,0.2866,0.2955,3823682.24
1698307200,0.2955,0.2974,0.2872,0.2893,3226632.62
1698321600,0.2893,0.2965,0.2833,0.2857,4487801.2
1698336000,0.2857,0.288,0.2819,0.2841,2394865.9
1698350400,0.2841,0.2888,0.2832,0.2872,1936661.09
1698364800,0.2872,0.2875,0.2808,0.2851,1123089.47
1698379200,0.2851,0.287,0.2818,0.282,1015628.78
1698393600,0.282,0.2868,0.2818,0.2854,782650.12
1698408000,0.2854,0.2926,0.2845,0.2918,2920839.7
1698422400,0.2918,0.2926,0.2833,0.2895,2077659.71
1698436800,0.2895,0.2903,0.2879,0.2895,707499.44
1698451200,0.2895,0.2962,0.2889,0.2962,1355173.34
1698465600,0.2962,0.2976,0.2934,0.2934,1690652.19
1698480000,0.2934,0.2955,0.2926,0.2926,1017558.02
1698494400,0.2926,0.2935,0.2894,0.2933,1041142.91
1698508800,0.2933,0.2933,0.2901,0.2902,834974.5800000001
1698523200,0.2902,0.2918,0.29,0.2911,882814.27
1698537600,0.2911,0.2932,0.2885,0.2904,746934.4400000001
1698552000,0.2904,0.2926,0.2899,0.2922,298640.13
1698566400,0.2922,0.2958,0.2922,0.2954,528942.91
1698580800,0.2954,0.298,0.2945,0.2967,1839608.63
1698595200,0.2967,0.2988,0.2957,0.2965,2162542.81
1698609600,0.2965,0.2981,0.2945,0.2955,1932941.56
1698624000,0.2955,0.2968,0.2935,0.2938,1022029.87
1698638400,0.2938,0.2952,0.2923,0.2937,705890.73
1698652800,0.2937,0.301,0.2932,0.3008,2175022.92
1698667200,0.3008,0.3023,0.2978,0.3019,4066322.37
1698681600,0.3019,0.3019,0.2952,0.3012,2789675.79
1698696000,0.3012,0.3032,0.299,0.3031,3005165.77
1698710400,0.3031,0.3048,0.2997,0.2999,1944051.34
1698724800,0.2999,0.3023,0.2965,0.2968,1114590.79
1698739200,0.2968,0.3019,0.2949,0.3009,2479537.48
1698753600,0.3009,0.302,0.285,0.2895,4597493.83
1698768000,0.2895,0.2942,0.2888,0.2923,2116485.38
1698782400,0.2923,0.2947,0.2902,0.2931,1630650.96
1698796800,0.2931,0.2943,0.289,0.2891,1496276.43
1698811200,0.2891,0.2894,0.2844,0.2876,2189057.65
1698825600,0.2876,0.2884,0.2852,0.2879,1161138.75
1698840000,0.2879,0.2942,0.2865,0.2887,2985361.65
1698854400,0.2887,0.3021,0.2887,0.3011,3528106.94
1698868800,0.3011,0.3089,0.3009,0.3074,4985473.0200000005
1698883200,0.3074,0.3126,0.306,0.31,3794839.1
1698897600,0.31,0.3105,0.3034,0.3072,1591403.5699999998
1698912000,0.3072,0.3117,0.3042,0.3106,1540672.98
1698926400,0.3106,0.3126,0.3003,0.3003,4004950.19
1698940800,0.3003,0.3295,0.2986,0.3242,10629388.08
1698955200,0.3242,0.3274,0.3188,0.3231,3950285.11
1698969600,0.3231,0.3268,0.3145,0.3164,3925217.71
1698984000,0.3164,0.3255,0.3116,0.3232,5006790.87
1698998400,0.3232,0.3233,0.3149,0.3185,3218184.24
1699012800,0.3185,0.3219,0.3159,0.3207,2741436.81
1699027200,0.3207,0.325,0.3148,0.3228,3914521.27
1699041600,0.3228,0.3296,0.3226,0.3293,3355518.79
1699056000,0.3293,0.3303,0.3253,0.3265,2430790.71
1699070400,0.3265,0.3276,0.3242,0.3254,1481159.77
1699084800,0.3254,0.3282,0.3243,0.3255,1141692.79
1699099200,0.3255,0.3258,0.3211,0.3221,1914885.61
1699113600,0.3221,0.3264,0.3215,0.3243,1319941.2
1699128000,0.3243,0.3306,0.3241,0.3281,1413133.8
1699142400,0.3281,0.3323,0.3264,0.3318,1392489.22
1699156800,0.3318,0.3366,0.3314,0.3352,3153074.06
1699171200,0.3352,0.3445,0.3321,0.3434,2814161.9
1699185600,0.3434,0.3459,0.3351,0.3421,4389548.5600000005
1699200000,0.3421,0.3503,0.3406,0.3451,3859212.87
1699214400,0.3451,0.3467,0.3406,0.3421,2192058.93
1699228800,0.3421,0.3498,0.3417,0.3459,2690779.63
1699243200,0.3459,0.3467,0.3382,0.3454,2212707.39
1699257600,0.3454,0.3544,0.3419,0.3521,2844102.8600000003
1699272000,0.3521,0.3561,0.3505,0.352,4741318.97
1699286400,0.352,0.3681,0.3496,0.3679,6176226.32
1699300800,0.3679,0.3757,0.3621,0.3626,7912532.09
1699315200,0.3626,0.3656,0.3547,0.3566,4518451.01
1699329600,0.3566,0.3574,0.3501,0.3531,2942532.15
1699344000,0.3531,0.3544,0.3431,0.3453,2900872.29
1699358400,0.3453,0.3479,0.3375,0.3403,4711115.3
1699372800,0.3403,0.3529,0.3336,0.3517,9124417.53
1699387200,0.3517,0.3563,0.3481,0.3513,5143611.09
1699401600,0.3513,0.3561,0.3489,0.3548,3015199.93
1699416000,0.3548,0.3587,0.3521,0.3562,2072879.05
1699430400,0.3562,0.3596,0.3538,0.3553,1627601.65
1699444800,0.3553,0.3561,0.3509,0.3555,4253918.34
1699459200,0.3555,0.3592,0.3544,0.3575,3767142.66
1699473600,0.3575,0.3606,0.354,0.358,3653814.57
1699488000,0.358,0.3661,0.3562,0.3661,4185121.84
1699502400,0.3661,0.3702,0.3647,0.3663,4010718.67
1699516800,0.3663,0.3746,0.3662,0.3738,3683085.96
1699531200,0.3738,0.3866,0.3718,0.3778,10288403.74
1699545600,0.3778,0.3805,0.3509,0.3619,12584270.1
1699560000,0.3619,0.3688,0.3511,0.3685,5437800.8
1699574400,0.3685,0.3762,0.3664,0.3722,4494753.92
1699588800,0.3722,0.3755,0.3702,0.3752,3143713.58
1699603200,0.3752,0.38,0.3679,0.3783,6206066.720000001
1699617600,0.3783,0.3785,0.3638,0.3674,7627198.939999999
1699632000,0.3674,0.3757,0.3667,0.3736,5149318.38
1699646400,0.3736,0.3885,0.3714,0.3862,8241447.539999999
1699660800,0.3862,0.3889,0.3744,0.3744,5660047.24
1699675200,0.3744,0.3808,0.3701,0.3785,3123336.88
1699689600,0.3785,0.3851,0.377,0.3793,2406216.38
1699704000,0.3793,0.3899,0.377,0.3878,8022381.21
1699718400,0.3878,0.3953,0.387,0.3906,7282470.540000001
1699732800,0.3906,0.3906,0.3803,0.3844,5114231.73
1699747200,0.3844,0.3853,0.3712,0.3808,4724068.2
1699761600,0.3808,0.3888,0.3774,0.3882,2874765.21
1699776000,0.3882,0.3913,0.3844,0.3868,2599693.31
1699790400,0.3868,0.3874,0.38,0.3861,3516614.79
1699804800,0.3861,0.3869,0.3783,0.3807,3194701.09
1699819200,0.3807,0.388,0.3796,0.3835,3181606.67
1699833600,0.3835,0.3888,0.3761,0.3767,4368332.11
1699848000,0.3767,0.3796,0.3724,0.3774,3750093.5
1699862400,0.3774,0.3797,0.3653,0.3681,3306465.8600000003
1699876800,0.3681,0.372,0.3603,0.3697,7126411.07
1699891200,0.3697,0.3734,0.3624,0.3681,4525525.33
1699905600,0.3681,0.3706,0.3532,0.3569,5967069.47
1699920000,0.3569,0.36,0.3501,0.3589,5033266.5600000005
1699934400,0.3589,0.3684,0.3573,0.3677,2290507.16
1699948800,0.3677,0.3696,0.3549,0.357,2638351.61
1699963200,0.357,0.3719,0.3551,0.3636,6038589.7
1699977600,0.3636,0.3688,0.3409,0.3497,8595581.68
1699992000,0.3497,0.3598,0.3491,0.3579,2969276.3200000003
1700006400,0.3579,0.3606,0.3537,0.3537,2307069.5
1700020800,0.3537,0.3638,0.3537,0.3628,2685164.25
1700035200,0.3628,0.3731,0.3621,0.3723,2876492.67
1700049600,0.3723,0.3725,0.3662,0.3718,5833829.8
1700064000,0.3718,0.3765,0.3671,0.3759,6374755.08
1700078400,0.3759,0.3796,0.373,0.3789,4864533.23
1700092800,0.3789,0.3843,0.378,0.3817,5316195.37
1700107200,0.3817,0.3982,0.3802,0.3962,7660615.77
1700121600,0.3962,0.4095,0.3907,0.3926,12106196.08
1700136000,0.3926,0.3953,0.3788,0.383,9590306.37
1700150400,0.383,0.3847,0.3593,0.3669,15549000.21
1700164800,0.3669,0.3729,0.3634,0.3708,5271457.09
1700179200,0.3708,0.3778,0.3694,0.3752,4486806.73
1700193600,0.3752,0.3759,0.3672,0.3675,2015542.31
1700208000,0.3675,0.3736,0.3635,0.3731,2054814.62
1700222400,0.3731,0.375,0.3537,0.3548,5872035.6
1700236800,0.3548,0.3685,0.3531,0.3639,4379912.07
1700251200,0.3639,0.3687,0.3615,0.3673,2626806.81
1700265600,0.3673,0.3673,0.3594,0.3599,3227834.63
1700280000,0.3599,0.3624,0.3498,0.3573,3307326.81
1700294400,0.3573,0.3607,0.3555,0.3586,1093023.18
1700308800,0.3586,0.3672,0.3549,0.367,1816215.42
1700323200,0.367,0.3745,0.3664,0.3739,4586900.38
1700337600,0.3739,0.3779,0.372,0.3776,3323854.48
1700352000,0.3776,0.3791,0.369,0.377,3203133.28
1700366400,0.377,0.3775,0.3714,0.3751,1241554.0
1700380800,0.3751,0.3783,0.3716,0.375,1197054.72
1700395200,0.375,0.3775,0.3732,0.3772,1431363.89
1700409600,0.3772,0.3842,0.3759,0.3837,2676447.91
1700424000,0.3837,0.3855,0.3792,0.3842,3489667.29
1700438400,0.3842,0.3849,0.3808,0.3819,4426435.16
1700452800,0.3819,0.3877,0.3815,0.3874,5672530.88
1700467200,0.3874,0.4004,0.3869,0.3928,13445188.51
1700481600,0.3928,0.3951,0.3848,0.3924,4353988.03
1700496000,0.3924,0.3938,0.3828,0.3857,6485135.41
1700510400,0.3857,0.3873,0.3785,0.3805,3603565.92
1700524800,0.3805,0.3884,0.3793,0.385,5417997.02
1700539200,0.385,0.39,0.3824,0.383,1741557.47
1700553600,0.383,0.3845,0.3784,0.3788,1833118.18
1700568000,0.3788,0.3801,0.3647,0.3758,5674819.17
1700582400,0.3758,0.3795,0.3607,0.3694,6446190.74
1700596800,0.3694,0.3751,0.3558,0.3569,5496838.13
1700611200,0.3569,0.3708,0.3558,0.3705,2462102.06
1700625600,0.3705,0.3724,0.3676,0.3684,2719565.73
1700640000,0.3684,0.3721,0.3683,0.3687,1066169.07
1700654400,0.3687,0.3731,0.3663,0.3696,3095664.22
1700668800,0.3696,0.3795,0.3668,0.378,4482077.52
1700683200,0.378,0.3876,0.378,0.3804,5087381.99
1700697600,0.3804,0.3836,0.3782,0.3801,1609865.08
1700712000,0.3801,0.3835,0.3795,0.3811,1173138.07
1700726400,0.3811,0.3874,0.3809,0.3829,2814821.11
1700740800,0.3829,0.3858,0.3764,0.378,1800748.74
1700755200,0.378,0.3842,0.3779,0.3799,3678912.21
1700769600,0.3799,0.3873,0.3797,0.3873,3037419.7
1700784000,0.3873,0.3977,0.3858,0.3949,6361297.92
1700798400,0.3949,0.3966,0.3898,0.3921,2734246.1
1700812800,0.3921,0.3927,0.3868,0.3906,3713554.91
1700827200,0.3906,0.3935,0.3871,0.3924,2750661.1
1700841600,0.3924,0.3946,0.3856,0.3864,3591640.95
1700856000,0.3864,0.389,0.3841,0.3862,1770011.34
1700870400,0.3862,0.3922,0.3849,0.3909,1708922.1
1700884800,0.3909,0.3936,0.3889,0.3932,1388096.75
1700899200,0.3932,0.3936,0.3872,0.3885,1141686.21
1700913600,0.3885,0.3962,0.3884,0.3932,2179555.34
1700928000,0.3932,0.3953,0.3917,0.395,2897820.4
1700942400,0.395,0.396,0.3931,0.3944,1707814.81
1700956800,0.3944,0.3959,0.3903,0.3912,1419745.46
1700971200,0.3912,0.3952,0.3907,0.3952,904302.11
1700985600,0.3952,0.3952,0.3909,0.3914,1509089.13
1701000000,0.3914,0.3929,0.3856,0.3864,3446001.68
1701014400,0.3864,0.387,0.3788,0.3848,2954557.4
1701028800,0.3848,0.3929,0.3837,0.3877,3397244.73
1701043200,0.3877,0.3921,0.3812,0.384,1846406.35
1701057600,0.384,0.3868,0.3801,0.3833,1132422.42
1701072000,0.3833,0.3863,0.3785,0.3805,1317964.47
1701086400,0.3805,0.3816,0.3742,0.3747,3732791.53
1701100800,0.3747,0.3804,0.3721,0.3741,2451163.01
1701115200,0.3741,0.3783,0.3712,0.3778,4683518.66
1701129600,0.3778,0.3804,0.3755,0.3761,2100764.12
1701144000,0.3761,0.3777,0.3702,0.3739,1579932.19
1701158400,0.3739,0.3784,0.3695,0.3777,1450308.88
1701172800,0.3777,0.3823,0.3751,0.381,2256112.96
1701187200,0.381,0.3884,0.3809,0.3872,3630449.26
1701201600,0.3872,0.388,0.3829,0.3858,1412004.49
1701216000,0.3858,0.3876,0.3839,0.3849,1838034.28
1701230400,0.3849,0.3871,0.3838,0.3855,1141003.84
1701244800,0.3855,0.3892,0.3814,0.3844,1658295.97
1701259200,0.3844,0.3863,0.3778,0.3798,2208262.96
1701273600,0.3798,0.3875,0.3795,0.3855,4583264.05
1701288000,0.3855,0.3858,0.381,0.3816,1880462.53
1701302400,0.3816,0.3828,0.3784,0.3817,2021760.26
1701316800,0.3817,0.3826,0.3765,0.3768,1166372.98
1701331200,0.3768,0.3771,0.3723,0.3768,3443884.23
1701345600,0.3768,0.3771,0.372,0.3748,3474471.03
1701360000,0.3748,0.3772,0.3738,0.3751,2037905.95
1701374400,0.3751,0.3769,0.3744,0.376,1743405.25
1701388800,0.376,0.3812,0.3738,0.3792,2318285.34
1701403200,0.3792,0.3808,0.3774,0.379,1258739.26
1701417600,0.379,0.3833,0.3786,0.382,2076339.22
1701432000,0.382,0.3831,0.3791,0.3813,4123770.97
1701446400,0.3813,0.3851,0.381,0.3849,4393530.05
1701460800,0.3849,0.3857,0.3822,0.3843,1996327.74
1701475200,0.3843,0.3863,0.383,0.3863,1059187.14
1701489600,0.3863,0.3872,0.3855,0.3867,1230521.62
1701504000,0.3867,0.3912,0.3866,0.3891,1933780.83
1701518400,0.3891,0.3905,0.3858,0.3893,2514831.0300000003
1701532800,0.3893,0.3945,0.3871,0.3936,3454658.47
1701547200,0.3936,0.3981,0.393,0.3979,3450183.12
1701561600,0.3979,0.4031,0.396,0.3969,4415531.82
1701576000,0.3969,0.3978,0.3943,0.3968,1242252.58
1701590400,0.3968,0.3973,0.3922,0.394,1398854.62
1701604800,0.394,0.3941,0.3881,0.3908,2465214.62
1701619200,0.3908,0.3921,0.3882,0.3901,1726778.52
1701633600,0.3901,0.398,0.3901,0.395,3211874.47
1701648000,0.395,0.4076,0.3946,0.4031,6499052.790000001
1701662400,0.4031,0.4127,0.4031,0.4085,5703537.59
1701676800,0.4085,0.415,0.3925,0.4039,6531496.39
1701691200,0.4039,0.4071,0.3967,0.3974,6391397.2
1701705600,0.3974,0.4031,0.3973,0.4011,7277463.91
1701720000,0.4011,0.4074,0.4001,0.4068,4072106.07
1701734400,0.4068,0.4108,0.4019,0.4053,3678163.76
1701748800,0.4053,0.4059,0.397,0.3992,2589207.34
1701763200,0.3992,0.402,0.3976,0.3994,1849871.49
1701777600,0.3994,0.4038,0.3975,0.4033,2842949.53
1701792000,0.4033,0.4243,0.4013,0.4218,13800829.51
1701806400,0.4218,0.426,0.4168,0.4259,6565965.29
1701820800,0.4259,0.4294,0.4201,0.4253,4920615.53
1701835200,0.4253,0.4319,0.4168,0.4299,5454047.71
1701849600,0.4299,0.4379,0.4207,0.437,7728254.199999999
1701864000,0.437,0.4508,0.4336,0.4508,12800563.84
1701878400,0.4508,0.4509,0.4432,0.4479,7186934.52
1701892800,0.4479,0.455,0.4408,0.4428,6496881.26
1701907200,0.4428,0.4553,0.4413,0.4443,6334758.22
1701921600,0.4443,0.4533,0.4438,0.4465,3140783.8200000003
1701936000,0.4465,0.4474,0.4315,0.4352,6752714.25
1701950400,0.4352,0.4453,0.4336,0.4437,5127604.93
1701964800,0.4437,0.4594,0.4426,0.4523,9380191.57
1701979200,0.4523,0.4593,0.452,0.4558,6273318.8100000005
1701993600,0.4558,0.4647,0.4524,0.464,4433029.26
1702008000,0.464,0.4896,0.4623,0.475,9143854.47
1702022400,0.475,0.5293,0.4742,0.52,16750024.11
1702036800,0.52,0.5499,0.5113,0.5497,24748402.17
1702051200,0.5497,0.5885,0.5322,0.533,32448984.82
1702065600,0.533,0.5523,0.5329,0.5457,13124968.69
1702080000,0.5457,0.5795,0.544,0.5779,16082135.44
1702094400,0.5779,0.6273,0.5759,0.6243,24947468.6
1702108800,0.6243,0.6475,0.6071,0.6234,30965145.7
1702123200,0.6234,0.6366,0.6006,0.6129,20426224.09
1702137600,0.6129,0.6151,0.5685,0.5913,23879993.15
1702152000,0.5913,0.5959,0.5707,0.5791,11475074.16
1702166400,0.5791,0.6056,0.5775,0.5924,14488645.58
1702180800,0.5924,0.6018,0.5844,0.5901,5958086.21
1702195200,0.5901,0.5956,0.57,0.5907,9260576.19
1702209600,0.5907,0.5988,0.5832,0.5943,9517699.09
1702224000,0.5943,0.6056,0.5867,0.5994,9859497.11
1702238400,0.5994,0.6144,0.5891,0.5948,14020800.17
1702252800,0.5948,0.5984,0.5132,0.5592,24463920.49
1702267200,0.5592,0.5634,0.5399,0.5551,14488454.03
1702281600,0.5551,0.5624,0.5493,0.5523,7983023.939999999
1702296000,0.5523,0.5559,0.5354,0.5451,12330073.06
1702310400,0.5451,0.5512,0.5215,0.5322,15206669.73
1702324800,0.5322,0.5606,0.5244,0.5506,14034583.77
1702339200,0.5506,0.5664,0.5506,0.5628,8040620.35
1702353600,0.5628,0.5946,0.555,0.5929,14754096.38
1702368000,0.5929,0.6063,0.5834,0.5916,13363337.96
1702382400,0.5916,0.6042,0.5776,0.5823,13942901.72
1702396800,0.5823,0.5837,0.5558,0.5722,13576286.19
1702411200,0.5722,0.5783,0.5595,0.5783,5463490.48
1702425600,0.5783,0.5872,0.5506,0.5562,10655933.45
1702440000,0.5562,0.5633,0.5424,0.5574,5299913.43
1702454400,0.5574,0.5868,0.5574,0.5776,5876194.79
1702468800,0.5776,0.6327,0.575,0.6254,28230068.58
1702483200,0.6254,0.6516,0.6065,0.6436,20351436.64
1702497600,0.6436,0.6809,0.6317,0.6674,32628446.6
1702512000,0.6674,0.6904,0.6475,0.656,22948798.2
1702526400,0.656,0.6621,0.6466,0.6561,14984640.79
1702540800,0.6561,0.6613,0.6364,0.6574,8186818.01
1702555200,0.6574,0.6624,0.6118,0.6358,18857392.12
1702569600,0.6358,0.6473,0.632,0.638,10924392.7
1702584000,0.638,0.6498,0.6315,0.6436,8270495.109999999
1702598400,0.6436,0.6541,0.6352,0.6375,7313608.16
1702612800,0.6375,0.6405,0.6274,0.6296,5244694.87
1702627200,0.6296,0.6509,0.628,0.6385,6507280.97
1702641600,0.6385,0.6425,0.6127,0.6224,10792501.03
1702656000,0.6224,0.6281,0.6126,0.6149,11983310.55
1702670400,0.6149,0.6212,0.6001,0.6005,9486853.09
1702684800,0.6005,0.6153,0.5866,0.6151,10929723.63
1702699200,0.6151,0.616,0.6056,0.6113,2313533.95
1702713600,0.6113,0.6166,0.6085,0.616,2243130.7
1702728000,0.616,0.6246,0.6098,0.6217,5178584.97
1702742400,0.6217,0.6254,0.6054,0.6099,7501579.77
1702756800,0.6099,0.6155,0.6028,0.6076,3333886.36
1702771200,0.6076,0.6142,0.601,0.6141,2627846.51
1702785600,0.6141,0.6177,0.5913,0.5932,4300315.98
1702800000,0.5932,0.6026,0.5912,0.6006,1673745.57
1702814400,0.6006,0.6013,0.5848,0.5928,5071872.55
1702828800,0.5928,0.6097,0.587,0.5932,7434327.58
1702843200,0.5932,0.5977,0.5767,0.5799,6410839.75
1702857600,0.5799,0.5857,0.5611,0.5731,7618850.689999999
1702872000,0.5731,0.5772,0.5669,0.5682,3838407.49
1702886400,0.5682,0.5701,0.5436,0.559,8903640.040000001
1702900800,0.559,0.574,0.5545,0.5666,5561971.27
1702915200,0.5666,0.5793,0.5636,0.5779,4203676.08
1702929600,0.5779,0.6031,0.5734,0.6023,9420429.9
1702944000,0.6023,0.616,0.5965,0.6105,8622699.02
1702958400,0.6105,0.6167,0.6053,0.6085,4945860.94
1702972800,0.6085,0.6092,0.5929,0.5935,4659451.22
1702987200,0.5935,0.5973,0.576,0.5812,6072217.49
1703001600,0.5812,0.5844,0.5661,0.5787,7903035.34
1703016000,0.5787,0.5827,0.5715,0.5761,3980583.09
1703030400,0.5761,0.5827,0.5687,0.5787,3459925.04
1703044800,0.5787,0.5918,0.5769,0.5917,4420602.65
1703059200,0.5917,0.5941,0.5855,0.5911,3514001.94
1703073600,0.5911,0.607,0.5881,0.6002,9214039.95
1703088000,0.6002,0.6099,0.5908,0.5945,9405453.63
1703102400,0.5945,0.5964,0.5811,0.5897,6310213.949999999
1703116800,0.5897,0.5982,0.582,0.5938,5087401.21
1703131200,0.5938,0.6047,0.5861,0.5982,3361635.67
1703145600,0.5982,0.6144,0.5966,0.6102,5109326.890000001
1703160000,0.6102,0.6127,0.5933,0.5971,5124193.55
1703174400,0.5971,0.6247,0.597,0.6142,14297495.47
1703188800,0.6142,0.6394,0.6139,0.6352,14144158.87
1703203200,0.6352,0.6513,0.6258,0.6279,16274875.85
1703217600,0.6279,0.6392,0.6081,0.6145,10763649.36
1703232000,0.6145,0.6206,0.6064,0.6181,4659186.17
1703246400,0.6181,0.6199,0.6069,0.6196,4996534.96
1703260800,0.6196,0.6249,0.6116,0.6176,5110393.550000001
1703275200,0.6176,0.6255,0.6174,0.6232,4285398.4
1703289600,0.6232,0.6235,0.5981,0.6004,7509438.369999999
1703304000,0.6004,0.6077,0.5974,0.6039,2594141.49
1703318400,0.6039,0.6089,0.6019,0.6045,2644449.46
1703332800,0.6045,0.6093,0.6024,0.6039,2347547.26
1703347200,0.6039,0.6076,0.6005,0.6043,3337868.4
1703361600,0.6043,0.617,0.6003,0.6132,5381622.279999999
1703376000,0.6132,0.6272,0.6066,0.6196,10739438.53
1703390400,0.6196,0.6285,0.6049,0.615,6649551.22
1703404800,0.615,0.6214,0.6049,0.6144,5162284.0200000005
1703419200,0.6144,0.6227,0.6095,0.6156,3800168.5
1703433600,0.6156,0.6192,0.6106,0.6183,5956382.97
1703448000,0.6183,0.621,0.5876,0.5923,13723853.49
1703462400,0.5923,0.606,0.5898,0.6045,4618975.67
1703476800,0.6045,0.6099,0.6012,0.6028,2410948.76
1703491200,0.6028,0.6108,0.6001,0.6066,2943158.26
1703505600,0.6066,0.6202,0.6057,0.6175,5672229.24
1703520000,0.6175,0.6267,0.6172,0.6201,6549649.87
1703534400,0.6201,0.635,0.6124,0.6243,5510788.17
1703548800,0.6243,0.6277,0.615,0.6184,3789540.68
1703563200,0.6184,0.6197,0.5943,0.6042,7911435.12
1703577600,0.6042,0.6143,0.6005,0.6139,3355222.09
1703592000,0.6139,0.6234,0.6071,0.6079,7039437.28
1703606400,0.6079,0.615,0.5649,0.5897,16406181.1
1703620800,0.5897,0.6115,0.5888,0.6088,7213567.84
1703635200,0.6088,0.6095,0.5842,0.5901,5377499.87
1703649600,0.5901,0.6016,0.5899,0.5966,3009897.29
1703664000,0.5966,0.616,0.5952,0.6124,4858107.1
1703678400,0.6124,0.6232,0.6083,0.6205,8517936.24
1703692800,0.6205,0.6403,0.6197,0.637,14707173.69
1703707200,0.637,0.6434,0.6299,0.6338,11601698.21
1703721600,0.6338,0.6616,0.6327,0.6603,19617590.4
1703736000,0.6603,0.6777,0.641,0.6616,18619042.04
1703750400,0.6616,0.6633,0.644,0.6456,5726134.66
1703764800,0.6456,0.6497,0.6103,0.6171,15755427.489999998
1703779200,0.6171,0.6365,0.6106,0.6259,9827087.08
1703793600,0.6259,0.6259,0.6137,0.6162,5483308.77
1703808000,0.6162,0.6204,0.5992,0.614,7426433.32
1703822400,0.614,0.6208,0.607,0.6082,3749327.44
1703836800,0.6082,0.6255,0.6082,0.6223,3837702.42
1703851200,0.6223,0.6259,0.5991,0.6041,9684879.37
1703865600,0.6041,0.6095,0.5966,0.6089,7385466.01
1703880000,0.6089,0.6092,0.5919,0.6084,3951021.63
1703894400,0.6084,0.6132,0.6027,0.6045,3877129.77
1703908800,0.6045,0.6099,0.6025,0.6032,1743035.35
1703923200,0.6032,0.6038,0.5934,0.5992,2862258.14
1703937600,0.5992,0.6115,0.5983,0.6095,2967839.09
1703952000,0.6095,0.6127,0.6063,0.6074,3273816.0
1703966400,0.6074,0.6094,0.5985,0.601,4458004.92
1703980800,0.601,0.6053,0.5952,0.6008,2732741.63
1703995200,0.6008,0.6098,0.6002,0.6072,2057687.96
1704009600,0.6072,0.6096,0.6035,0.6047,1732646.16
1704024000,0.6047,0.6089,0.6,0.6003,2609843.61
1704038400,0.6003,0.6037,0.5985,0.5995,3215197.82
1704052800,0.5995,0.604,0.5801,0.5938,6276157.359999999
1704067200,0.5938,0.6027,0.5915,0.5956,3061818.51
1704081600,0.5956,0.5997,0.5905,0.5991,2469921.0500000003
1704096000,0.5991,0.6044,0.5975,0.6032,1226870.96
1704110400,0.6032,0.607,0.6003,0.6059,2369030.39
1704124800,0.6059,0.6189,0.6017,0.6187,5613097.4
1704139200,0.6187,0.6242,0.6138,0.6234,4374666.32
1704153600,0.6234,0.6372,0.6221,0.6304,7863040.939999999
1704168000,0.6304,0.6308,0.6221,0.6277,4256445.97
1704182400,0.6277,0.6347,0.6231,0.6265,3515011.43
1704196800,0.6265,0.6287,0.6083,0.6144,4329929.5
1704211200,0.6144,0.6187,0.6108,0.6149,4588405.94
1704225600,0.6149,0.618,0.6022,0.6052,5127794.74
1704240000,0.6052,0.6135,0.6031,0.6093,3151147.79
1704254400,0.6093,0.6178,0.6088,0.61,2307107.11
1704268800,0.61,0.6187,0.5948,0.5955,4978682.03
1704283200,0.5955,0.5962,0.5346,0.5655,30174885.54
1704297600,0.5655,0.5712,0.5454,0.5549,9342524.62
1704312000,0.5549,0.5633,0.5541,0.5572,3919660.7
1704326400,0.5572,0.5654,0.5499,0.5604,3367007.8200000003
1704340800,0.5604,0.5664,0.5562,0.5562,2588076.9
1704355200,0.5562,0.5707,0.5519,0.5585,4978047.71
1704369600,0.5585,0.5776,0.557,0.5753,7074593.449999999
1704384000,0.5753,0.5764,0.5681,0.5729,4466036.970000001
1704398400,0.5729,0.579,0.5686,0.5704,4890192.0600000005
1704412800,0.5704,0.5731,0.5417,0.5529,6411265.09
1704427200,0.5529,0.5574,0.5491,0.5532,3180419.54
1704441600,0.5532,0.5589,0.541,0.5423,3511395.73
1704456000,0.5423,0.5461,0.5268,0.5309,9584083.36
1704470400,0.5309,0.5342,0.5226,0.5282,5132043.54
1704484800,0.5282,0.5422,0.528,0.5419,3935495.37
1704499200,0.5419,0.5433,0.5333,0.5345,1893179.31
1704513600,0.5345,0.5358,0.5075,0.5183,6625994.62
1704528000,0.5183,0.5235,0.5144,0.5208,3234116.04
1704542400,0.5208,0.5297,0.5179,0.5258,2260668.2800000003
1704556800,0.5258,0.5299,0.5202,0.5226,3064579.83
1704571200,0.5226,0.5283,0.5154,0.5231,3059383.88
1704585600,0.5231,0.5296,0.5174,0.5213,2321717.04
1704600000,0.5213,0.5295,0.5213,0.5272,1567770.51
1704614400,0.5272,0.5303,0.5171,0.5206,2194728.32
1704628800,0.5206,0.5256,0.5125,0.5149,3024321.65
1704643200,0.5149,0.5196,0.5086,0.5174,2609902.26
1704657600,0.5174,0.5185,0.4883,0.4946,8537018.59
1704672000,0.4946,0.4999,0.465,0.4744,10230081.28
1704686400,0.4744,0.4944,0.4717,0.4896,5239170.86
1704700800,0.4896,0.5002,0.485,0.4999,3084100.4
1704715200,0.4999,0.515,0.4999,0.5121,8071619.64
1704729600,0.5121,0.5441,0.5071,0.5428,10817023.38
1704744000,0.5428,0.5448,0.5332,0.5416,5533952.9
1704758400,0.5416,0.5438,0.5261,0.5273,4197856.65
1704772800,0.5273,0.5359,0.5263,0.5299,2092344.61
1704787200,0.5299,0.5303,0.5144,0.5222,3430821.67
1704801600,0.5222,0.5253,0.5027,0.5099,7556613.17
1704816000,0.5099,0.5125,0.5008,0.5055,4515854.85
1704830400,0.5055,0.5168,0.4966,0.5123,8704692.7
1704844800,0.5123,0.5193,0.5101,0.5132,2632338.43
1704859200,0.5132,0.5188,0.506,0.5073,2864896.92
1704873600,0.5073,0.5224,0.4993,0.5142,4075951.3
1704888000,0.5142,0.5154,0.4879,0.5062,5176311.23
1704902400,0.5062,0.5217,0.499,0.5188,7058583.63
1704916800,0.5188,0.5897,0.5065,0.5662,27068993.38
1704931200,0.5662,0.5829,0.5614,0.5819,8490182.39
1704945600,0.5819,0.5854,0.5608,0.5766,7237799.939999999
1704960000,0.5766,0.6003,0.5751,0.5995,7186380.84
1704974400,0.5995,0.619,0.5785,0.5833,17900149.5
1704988800,0.5833,0.5896,0.5681,0.5837,9208725.19
1705003200,0.5837,0.5884,0.5739,0.5821,5045166.37
1705017600,0.5821,0.5841,0.5704,0.5775,3132190.6
1705032000,0.5775,0.5887,0.576,0.5788,3738489.29
1705046400,0.5788,0.5854,0.5714,0.5811,2354422.08
1705060800,0.5811,0.5876,0.5632,0.5662,7133523.16
1705075200,0.5662,0.5708,0.5405,0.5578,9154544.58
1705089600,0.5578,0.5657,0.5267,0.5476,7943225.1
1705104000,0.5476,0.5503,0.5311,0.5455,2906098.32
1705118400,0.5455,0.5535,0.5445,0.5483,2659776.6
1705132800,0.5483,0.5521,0.5453,0.5487,1359039.54
1705147200,0.5487,0.5523,0.5431,0.5506,3043752.5
1705161600,0.5506,0.5507,0.5403,0.5466,2248096.1
1705176000,0.5466,0.5514,0.5457,0.5489,2560461.47
1705190400,0.5489,0.5494,0.5421,0.5439,1722925.88
1705204800,0.5439,0.5499,0.5404,0.5466,1494411.29
1705219200,0.5466,0.5489,0.5432,0.5442,942858.5
1705233600,0.5442,0.5472,0.5411,0.5455,1342892.27
1705248000,0.5455,0.5484,0.5342,0.5353,2519657.95
1705262400,0.5353,0.5398,0.5235,0.5248,5214885.44
1705276800,0.5248,0.539,0.5241,0.5376,2449282.54
1705291200,0.5376,0.5413,0.5338,0.5366,1686925.91
1705305600,0.5366,0.5396,0.5351,0.5359,717098.02
1705320000,0.5359,0.5442,0.5233,0.5243,3882212.07
1705334400,0.5243,0.5361,0.524,0.5335,2451584.6
1705348800,0.5335,0.5369,0.5215,0.5274,1797286.78
1705363200,0.5274,0.5353,0.5274,0.5353,1769987.87
1705377600,0.5353,0.5356,0.5296,0.5321,662372.72
1705392000,0.5321,0.5377,0.5309,0.5369,846718.67
1705406400,0.5369,0.5446,0.5252,0.542,3768018.22
1705420800,0.542,0.548,0.5359,0.5399,3192809.96
1705435200,0.5399,0.5449,0.5347,0.5354,2393875.59
1705449600,0.5354,0.5394,0.5337,0.5346,1524896.75
1705464000,0.5346,0.536,0.5271,0.5281,1738134.88
1705478400,0.5281,0.5347,0.5259,0.5319,1741457.9200000002
1705492800,0.5319,0.5341,0.5252,0.5257,2173894.18
1705507200,0.5257,0.5291,0.5208,0.5274,2517915.7
1705521600,0.5274,0.53,0.5222,0.5278,2218070.47
1705536000,0.5278,0.5278,0.5176,0.5206,2602726.8200000003
1705550400,0.5206,0.5247,0.5189,0.5246,978737.06
1705564800,0.5246,0.5253,0.5145,0.5166,1315066.85
1705579200,0.5166,0.5221,0.5104,0.5198,3991143.23
1705593600,0.5198,0.5227,0.4954,0.4986,8296512.01
1705608000,0.4986,0.5055,0.4959,0.5019,4847233.01
1705622400,0.5019,0.5042,0.4872,0.4939,4175380.92
1705636800,0.4939,0.5008,0.4934,0.4991,4042294.22
1705651200,0.4991,0.5014,0.4971,0.5003,979170.87
1705665600,0.5003,0.5003,0.4869,0.488,3217786.5
1705680000,0.488,0.498,0.4709,0.4975,7426215.31
1705694400,0.4975,0.5048,0.4941,0.5041,4384630.79
1705708800,0.5041,0.5094,0.4984,0.5054,2060830.28
1705723200,0.5054,0.5174,0.5047,0.5142,2364784.75
1705737600,0.5142,0.5171,0.5089,0.5158,2109072.39
1705752000,0.5158,0.5172,0.5094,0.5104,2859058.5300000003
1705766400,0.5104,0.5126,0.5064,0.5103,1813700.75
1705780800,0.5103,0.5163,0.5094,0.5157,2080707.69
1705795200,0.5157,0.5197,0.5123,0.5175,1438650.47
1705809600,0.5175,0.5199,0.5136,0.5154,1958082.17
1705824000,0.5154,0.5199,0.5143,0.5171,1183322.6
1705838400,0.5171,0.5199,0.5127,0.5138,1881273.82
1705852800,0.5138,0.5144,0.5094,0.5112,2844148.93
1705867200,0.5112,0.5123,0.5021,0.5027,2054160.3
1705881600,0.5027,0.5057,0.494,0.4961,3058416.31
1705896000,0.4961,0.5018,0.4911,0.4974,1882297.17
1705910400,0.4974,0.4984,0.485,0.4932,2342177.3400000003
1705924800,0.4932,0.4992,0.487,0.4948,3057080.11
1705939200,0.4948,0.4972,0.4751,0.4816,5816811.23
1705953600,0.4816,0.489,0.4765,0.4781,4124692.63
1705968000,0.4781,0.4857,0.4773,0.4824,2111290.73
1705982400,0.4824,0.4855,0.4719,0.4746,2048647.83
1705996800,0.4746,0.4759,0.4521,0.4579,5543373.75
1706011200,0.4579,0.4789,0.4474,0.4677,10338148.24
1706025600,0.4677,0.4717,0.4622,0.4629,3955198.11
1706040000,0.4629,0.4774,0.4627,0.477,2665560.04
1706054400,0.477,0.4785,0.464,0.4648,7893138.02
1706068800,0.4648,0.4721,0.4641,0.4697,1905330.32
1706083200,0.4697,0.4799,0.4671,0.4749,3286288.09
1706097600,0.4749,0.4772,0.468,0.4725,2719541.17
1706112000,0.4725,0.4781,0.4681,0.4721,2618972.08
1706126400,0.4721,0.4776,0.4682,0.4762,1659560.06
1706140800,0.4762,0.4772,0.4691,0.4715,1831433.27
1706155200,0.4715,0.4745,0.4658,0.4743,1742392.57
1706169600,0.4743,0.4836,0.469,0.4794,3886627.78
1706184000,0.4794,0.4809,0.4647,0.467,3103012.63
1706198400,0.467,0.4699,0.4585,0.4686,2592458.7
1706212800,0.4686,0.469,0.4646,0.4663,1613004.8
1706227200,0.4663,0.4709,0.463,0.4692,1046681.35
1706241600,0.4692,0.4724,0.4674,0.4676,1129662.06
1706256000,0.4676,0.4839,0.4676,0.4832,2174761.41
1706270400,0.4832,0.487,0.4783,0.4853,2571059.62
1706284800,0.4853,0.4901,0.482,0.4829,2958956.85
1706299200,0.4829,0.4866,0.4806,0.4848,1632771.28
1706313600,0.4848,0.4881,0.4846,0.4871,1209055.67
1706328000,0.4871,0.4878,0.4784,0.4794,853311.23
1706342400,0.4794,0.4821,0.4754,0.4815,686199.4
1706356800,0.4815,0.4862,0.4813,0.4853,847097.01
1706371200,0.4853,0.4887,0.4831,0.4879,958831.64
1706385600,0.4879,0.4899,0.4846,0.4861,2379056.74
1706400000,0.4861,0.4963,0.4855,0.496,2249215.32
1706414400,0.496,0.5004,0.4926,0.4928,2751674.69
1706428800,0.4928,0.4999,0.4913,0.4956,996637.54
1706443200,0.4956,0.4967,0.4888,0.4915,1429357.3199999998
1706457600,0.4915,0.4941,0.4841,0.4863,1929775.02
1706472000,0.4863,0.4921,0.4834,0.4902,1219297.71
1706486400,0.4902,0.4976,0.4869,0.4938,1677309.14
1706500800,0.4938,0.494,0.4868,0.4872,1760402.2599999998
1706515200,0.4872,0.4905,0.4858,0.4878,831987.26
1706529600,0.4878,0.4977,0.4839,0.4976,1655081.82
1706544000,0.4976,0.524,0.4965,0.5206,7651469.69
1706558400,0.5206,0.5279,0.5206,0.5259,4901438.05
1706572800,0.5259,0.5369,0.523,0.5306,7315124.390000001
1706587200,0.5306,0.5322,0.5264,0.5287,2439608.41
1706601600,0.5287,0.5313,0.5268,0.53,2394326.5300000003
1706616000,0.53,0.5314,0.5152,0.522,5095406.78
1706630400,0.522,0.5237,0.5158,0.5204,2935440.3000000003
1706644800,0.5204,0.5289,0.5124,0.5137,2942684.26
1706659200,0.5137,0.5157,0.5054,0.5124,5006056.91
1706673600,0.5124,0.5126,0.5082,0.5123,1530050.54
1706688000,0.5123,0.5127,0.4973,0.5018,2649520.1
1706702400,0.5018,0.5094,0.4952,0.508,2740037.01
1706716800,0.508,0.5202,0.5054,0.5122,4524093.26
1706731200,0.5122,0.5128,0.4933,0.4974,4629605.98
1706745600,0.4974,0.4993,0.4855,0.4916,3560658.93
1706760000,0.4916,0.4926,0.4874,0.4905,932150.55
1706774400,0.4905,0.4959,0.4882,0.4884,1383597.62
1706788800,0.4884,0.4979,0.4862,0.493,1855040.37
1706803200,0.493,0.5001,0.4872,0.4995,2136113.3200000003
1706817600,0.4995,0.5082,0.4983,0.5075,2587624.62
1706832000,0.5075,0.5122,0.5055,0.5067,1961520.1
1706846400,0.5067,0.5103,0.5039,0.51,1488774.64
1706860800,0.51,0.524,0.5073,0.5178,3680902.54
1706875200,0.5178,0.5201,0.5064,0.5176,3959633.29
1706889600,0.5176,0.5196,0.508,0.5104,3581448.31
1706904000,0.5104,0.5148,0.5082,0.5143,2210146.85
1706918400,0.5143,0.5227,0.5143,0.5156,2616823.79
1706932800,0.5156,0.5198,0.5146,0.5169,746706.64
1706947200,0.5169,0.5254,0.5169,0.5215,2854351.51
1706961600,0.5215,0.5238,0.5117,0.5158,1592718.17
1706976000,0.5158,0.5191,0.5141,0.5175,789887.54
1706990400,0.5175,0.5175,0.5116,0.5123,903357.51
1707004800,0.5123,0.5124,0.5082,0.51,992407.74
1707019200,0.51,0.51,0.5015,0.5038,1537934.74
1707033600,0.5038,0.5082,0.5019,0.5068,931344.32
1707048000,0.5068,0.5087,0.5037,0.5046,851795.11
1707062400,0.5046,0.5048,0.4975,0.4997,1718546.73
1707076800,0.4997,0.504,0.4931,0.4932,2034100.67
1707091200,0.4932,0.4974,0.4882,0.4971,1933710.67
1707105600,0.4971,0.5021,0.4952,0.5013,1245934.97
1707120000,0.5013,0.5045,0.4997,0.5033,1051298.0
1707134400,0.5033,0.5056,0.4935,0.4945,1707523.96
1707148800,0.4945,0.4959,0.4914,0.4932,2238712.96
1707163200,0.4932,0.4938,0.4868,0.4938,2269103.24
1707177600,0.4938,0.4978,0.4904,0.494,2390545.98
1707192000,0.494,0.4943,0.4901,0.4925,1011634.51
1707206400,0.4925,0.4979,0.4909,0.4918,1420349.27
1707220800,0.4918,0.497,0.4886,0.4964,1630877.09
1707235200,0.4964,0.5026,0.4955,0.5025,2504298.62
1707249600,0.5025,0.5039,0.498,0.4982,1929777.29
1707264000,0.4982,0.5008,0.4884,0.4889,5165864.46
1707278400,0.4889,0.491,0.4805,0.4826,3819604.25
1707292800,0.4826,0.4838,0.4738,0.475,9812738.32
1707307200,0.475,0.4848,0.4741,0.4822,3741559.1
1707321600,0.4822,0.4934,0.4817,0.4914,4024652.93
1707336000,0.4914,0.5022,0.4914,0.5021,4504059.44
1707350400,0.5021,0.5129,0.502,0.5113,8487504.620000001
1707364800,0.5113,0.5272,0.5097,0.5272,5928986.68
1707379200,0.5272,0.5353,0.5214,0.5315,7194291.94
1707393600,0.5315,0.5364,0.5232,0.532,8075039.79
1707408000,0.532,0.5329,0.5218,0.5296,4879925.34
1707422400,0.5296,0.532,0.5258,0.5303,1995021.32
1707436800,0.5303,0.541,0.528,0.534,4836981.25
1707451200,0.534,0.5399,0.5303,0.5357,3664438.3
1707465600,0.5357,0.5444,0.5356,0.5433,3744497.62
1707480000,0.5433,0.5476,0.5335,0.5423,9173125.59
1707494400,0.5423,0.5449,0.537,0.5425,3932761.91
1707508800,0.5425,0.5487,0.5396,0.5409,3284553.0
1707523200,0.5409,0.5499,0.5409,0.542,4133442.17
1707537600,0.542,0.5422,0.5346,0.5349,2537955.72
1707552000,0.5349,0.5372,0.5285,0.5334,2227461.84
1707566400,0.5334,0.5383,0.531,0.5382,2297185.21
1707580800,0.5382,0.5441,0.5353,0.5416,2596271.91
1707595200,0.5416,0.5582,0.5404,0.5517,7098605.510000001
1707609600,0.5517,0.5639,0.549,0.5625,8012747.779999999
1707624000,0.5625,0.5655,0.5566,0.5603,6453167.0200000005
1707638400,0.5603,0.561,0.5506,0.554,2420405.2800000003
1707652800,0.554,0.5545,0.5425,0.5429,3604579.82
1707667200,0.5429,0.5466,0.5383,0.5406,3752569.44
1707681600,0.5406,0.5427,0.5357,0.5418,2839180.23
1707696000,0.5418,0.5472,0.5336,0.5389,2625846.43
1707710400,0.5389,0.5391,0.5314,0.537,2272685.94
1707724800,0.537,0.5405,0.531,0.5349,1452191.99
1707739200,0.5349,0.5578,0.5336,0.5564,4048675.99
1707753600,0.5564,0.5672,0.5518,0.5542,10049462.56
1707768000,0.5542,0.5634,0.5541,0.5596,5426402.02
1707782400,0.5596,0.5646,0.549,0.5497,5843239.27
1707796800,0.5497,0.5613,0.5497,0.5598,2074483.35
1707811200,0.5598,0.5614,0.5508,0.554,2229297.48
1707825600,0.554,0.5545,0.5342,0.5398,6276299.34
1707840000,0.5398,0.5449,0.5355,0.5398,3421619.17
1707854400,0.5398,0.5471,0.5394,0.5452,2355939.2
1707868800,0.5452,0.5482,0.5401,0.5463,2120182.06
1707883200,0.5463,0.5531,0.5463,0.5524,2164987.1
1707897600,0.5524,0.5783,0.5507,0.5732,7198192.18
1707912000,0.5732,0.5831,0.571,0.5747,7815513.189999999
1707926400,0.5747,0.5765,0.5657,0.5757,4735026.02
1707940800,0.5757,0.5795,0.5734,0.5775,3821646.81
1707955200,0.5775,0.5829,0.572,0.5829,4589110.91
1707969600,0.5829,0.5829,0.5714,0.5781,2355136.65
1707984000,0.5781,0.5954,0.5747,0.5896,4199742.69
1707998400,0.5896,0.6121,0.5881,0.5999,12027558.61
1708012800,0.5999,0.6122,0.5944,0.6028,9278849.53
1708027200,0.6028,0.6097,0.5902,0.6094,6433559.63
1708041600,0.6094,0.6124,0.6014,0.6088,4379101.92
1708056000,0.6088,0.6121,0.5974,0.5981,4368000.65
1708070400,0.5981,0.6016,0.5915,0.5991,4825578.149999999
1708084800,0.5991,0.6141,0.5825,0.5898,10890833.18
1708099200,0.5898,0.5991,0.5862,0.5895,3525545.31
1708113600,0.5895,0.6,0.5887,0.5992,4647729.16
1708128000,0.5992,0.6,0.5872,0.5916,2372715.82
1708142400,0.5916,0.5946,0.5876,0.5925,1037261.03
1708156800,0.5925,0.5927,0.581,0.5865,2552627.73
1708171200,0.5865,0.5892,0.5692,0.579,5442503.100000001
1708185600,0.579,0.588,0.576,0.587,2888800.09
1708200000,0.587,0.6107,0.5864,0.6097,6690807.18
1708214400,0.6097,0.6241,0.6095,0.6209,9310122.34
1708228800,0.6209,0.6277,0.617,0.6244,5657422.08
1708243200,0.6244,0.6389,0.624,0.6346,6384853.86
1708257600,0.6346,0.6371,0.6196,0.6217,5859026.25
1708272000,0.6217,0.6244,0.6166,0.6205,3778955.23
1708286400,0.6205,0.6256,0.6138,0.6195,4089094.49
1708300800,0.6195,0.6273,0.619,0.6196,3626729.39
1708315200,0.6196,0.63,0.6189,0.6294,2714257.34
1708329600,0.6294,0.6386,0.6227,0.6288,3413817.2
1708344000,0.6288,0.6295,0.6188,0.6244,4006719.97
1708358400,0.6244,0.6295,0.6152,0.6218,4928445.96
1708372800,0.6218,0.6354,0.6194,0.6308,4731063.48
1708387200,0.6308,0.6413,0.6198,0.6256,7209999.9
1708401600,0.6256,0.6346,0.623,0.6287,2641019.26
1708416000,0.6287,0.6356,0.6158,0.6298,3967167.58
1708430400,0.6298,0.6408,0.5992,0.6096,9022451.49
1708444800,0.6096,0.6182,0.5958,0.6178,6593416.21
1708459200,0.6178,0.6298,0.6118,0.622,5016120.83
1708473600,0.622,0.6236,0.6066,0.612,3641068.52
1708488000,0.612,0.6132,0.5911,0.5944,3407666.1900000004
1708502400,0.5944,0.5993,0.5809,0.5858,3202686.49
1708516800,0.5858,0.5943,0.5813,0.5889,4382947.7
1708531200,0.5889,0.5907,0.5749,0.583,6409356.220000001
1708545600,0.583,0.5988,0.5814,0.5988,5422551.13
1708560000,0.5988,0.5989,0.5807,0.587,3741219.07
1708574400,0.587,0.6043,0.5829,0.6017,2412018.06
1708588800,0.6017,0.6078,0.5969,0.5994,3952245.72
1708603200,0.5994,0.6018,0.5846,0.5961,3019752.21
1708617600,0.5961,0.6,0.5881,0.5938,2922324.79
1708632000,0.5938,0.6032,0.5847,0.5855,3735812.66
1708646400,0.5855,0.5948,0.5817,0.5854,2985976.35
1708660800,0.5854,0.5918,0.5815,0.5832,1452302.27
1708675200,0.5832,0.5872,0.5783,0.5841,1593917.69
1708689600,0.5841,0.5895,0.5775,0.5782,3043651.13
1708704000,0.5782,0.5916,0.5684,0.5913,5996634.78
1708718400,0.5913,0.5936,0.5768,0.5823,3871476.62
1708732800,0.5823,0.585,0.5695,0.5754,7390025.96
1708747200,0.5754,0.5865,0.5743,0.5853,2831437.87
1708761600,0.5853,0.5895,0.5826,0.5874,2487102.72
1708776000,0.5874,0.593,0.5848,0.5885,2213345.81
1708790400,0.5885,0.5973,0.5873,0.5934,2010113.19
1708804800,0.5934,0.5998,0.5898,0.5969,3758355.63
1708819200,0.5969,0.6004,0.5894,0.5962,2375123.3200000003
1708833600,0.5962,0.5988,0.5926,0.594,890949.94
1708848000,0.594,0.5948,0.5873,0.5892,1481871.19
1708862400,0.5892,0.5905,0.5828,0.5841,3782133.23
1708876800,0.5841,0.5886,0.5805,0.5879,3101562.62
1708891200,0.5879,0.5934,0.5866,0.5913,2634046.26
1708905600,0.5913,0.5917,0.5812,0.5851,2854146.66
1708920000,0.5851,0.5916,0.5827,0.584,1522747.22
1708934400,0.584,0.5861,0.5735,0.5794,2621041.52
1708948800,0.5794,0.6088,0.5755,0.6059,6444179.279999999
1708963200,0.6059,0.6182,0.6055,0.6182,10707234.68
1708977600,0.6182,0.6227,0.6143,0.6197,6552835.43
1708992000,0.6197,0.6309,0.6158,0.6217,9364752.09
1709006400,0.6217,0.6266,0.615,0.6154,5855758.64
1709020800,0.6154,0.6274,0.6153,0.6204,5166277.0
1709035200,0.6204,0.629,0.611,0.6135,6925101.8100000005
1709049600,0.6135,0.629,0.608,0.6265,9535140.86
1709064000,0.6265,0.6297,0.6194,0.6242,4453063.85
1709078400,0.6242,0.6297,0.6157,0.6174,3044067.19
1709092800,0.6174,0.6282,0.6171,0.6282,2298476.2800000003
1709107200,0.6282,0.6448,0.6212,0.6252,10916590.33
1709121600,0.6252,0.6499,0.6244,0.6395,12098209.88
1709136000,0.6395,0.6614,0.5982,0.6184,24929170.08
1709150400,0.6184,0.6368,0.6114,0.6294,8839145.64
1709164800,0.6294,0.6493,0.6235,0.6425,11341462.8
1709179200,0.6425,0.6982,0.6396,0.6834,21063002.46
1709193600,0.6834,0.7086,0.6829,0.6906,17554304.01
1709208000,0.6906,0.7033,0.683,0.693,10887479.26
1709222400,0.693,0.6959,0.6632,0.6769,16365454.11
1709236800,0.6769,0.6794,0.6404,0.6551,12194739.29
1709251200,0.6551,0.6837,0.6536,0.673,7772009.85
1709265600,0.673,0.6761,0.6638,0.6644,4349896.58
1709280000,0.6644,0.6905,0.6625,0.6857,6002601.67
1709294400,0.6857,0.6949,0.6768,0.6793,8930356.86
1709308800,0.6793,0.6956,0.6749,0.6915,8135211.0
1709323200,0.6915,0.7207,0.6894,0.7201,10994101.89
1709337600,0.7201,0.7643,0.7179,0.7565,27060177.2
1709352000,0.7565,0.7628,0.7288,0.7351,12219449.29
1709366400,0.7351,0.7512,0.7204,0.7343,7123290.41
1709380800,0.7343,0.7466,0.7243,0.7315,6186182.16
1709395200,0.7315,0.7448,0.7266,0.7419,7327056.32
1709409600,0.7419,0.7426,0.7299,0.7419,5434108.79
1709424000,0.7419,0.7424,0.7264,0.74,5729434.24
1709438400,0.74,0.7424,0.6896,0.7123,10742228.22
1709452800,0.7123,0.7298,0.7048,0.7274,3682617.84
1709467200,0.7274,0.7336,0.7194,0.7231,2783513.7
1709481600,0.7231,0.7356,0.7206,0.7261,4763403.57
1709496000,0.7261,0.7397,0.7245,0.7284,4652268.38
1709510400,0.7284,0.7593,0.7239,0.7556,15405147.94
1709524800,0.7556,0.7957,0.7426,0.7818,15562741.47
1709539200,0.7818,0.7991,0.7727,0.7838,12183244.94
1709553600,0.7838,0.7906,0.7658,0.7884,12779493.95
1709568000,0.7884,0.7896,0.7578,0.7775,18684260.07
1709582400,0.7775,0.7816,0.7646,0.7711,11991163.93
1709596800,0.7711,0.7823,0.7565,0.7684,12640165.47
1709611200,0.7684,0.7752,0.7435,0.7543,11932452.26
1709625600,0.7543,0.7831,0.7475,0.7685,6411553.57
1709640000,0.7685,0.7804,0.7527,0.7544,11684788.22
1709654400,0.7544,0.7593,0.5806,0.6347,38237474.98
1709668800,0.6347,0.7093,0.6304,0.6935,31724289.99
1709683200,0.6935,0.6975,0.6658,0.6772,9321279.99
1709697600,0.6772,0.7384,0.6772,0.7376,13294151.4
1709712000,0.7376,0.7568,0.7238,0.7325,8773814.34
1709726400,0.7325,0.7364,0.7022,0.7178,9108248.72
1709740800,0.7178,0.7315,0.714,0.7282,7691566.82
1709755200,0.7282,0.7382,0.7222,0.7353,8678183.16
1709769600,0.7353,0.7511,0.7319,0.7373,9060555.88
1709784000,0.7373,0.7443,0.7191,0.7368,5689778.24
1709798400,0.7368,0.7416,0.7302,0.739,4472448.5
1709812800,0.739,0.7527,0.7255,0.7445,9351463.84
1709827200,0.7445,0.7559,0.7354,0.7527,7641746.09
1709841600,0.7527,0.7543,0.7413,0.7439,5890540.41
1709856000,0.7439,0.7554,0.7347,0.7398,7216516.64
1709870400,0.7398,0.743,0.7303,0.7321,4830943.67
1709884800,0.7321,0.7374,0.7277,0.7369,3821032.66
1709899200,0.7369,0.7433,0.7071,0.7203,12845221.52
1709913600,0.7203,0.7336,0.7001,0.7239,10850925.77
1709928000,0.7239,0.7282,0.7196,0.7243,7912211.5
1709942400,0.7243,0.7315,0.722,0.7302,4912493.44
1709956800,0.7302,0.7414,0.729,0.7383,3694593.84
1709971200,0.7383,0.7403,0.7227,0.732,3532444.7
1709985600,0.732,0.7398,0.7296,0.7378,5523038.98
1710000000,0.7378,0.7463,0.7332,0.7395,5048847.8
1710014400,0.7395,0.7471,0.7388,0.7431,3597994.14
1710028800,0.7431,0.7455,0.7351,0.7365,4976721.890000001
1710043200,0.7365,0.7402,0.7318,0.7379,2743935.45
1710057600,0.7379,0.7395,0.7278,0.7293,3683975.77
1710072000,0.7293,0.7316,0.7105,0.7163,6868459.17
1710086400,0.7163,0.7271,0.7157,0.7211,3770304.54
1710100800,0.7211,0.7225,0.7013,0.7173,5479862.92
1710115200,0.7173,0.7199,0.6873,0.7133,8838614.68
1710129600,0.7133,0.7432,0.707,0.734,8204879.59
1710144000,0.734,0.7444,0.7319,0.7381,8246726.91
1710158400,0.7381,0.7614,0.7282,0.7585,12253840.26
1710172800,0.7585,0.7787,0.7536,0.7738,21725201.27
1710187200,0.7738,0.7882,0.7709,0.7751,14311604.87
1710201600,0.7751,0.776,0.7557,0.7573,8404177.690000001
1710216000,0.7573,0.7658,0.7463,0.7522,7395334.44
1710230400,0.7522,0.7538,0.7336,0.7485,6809576.23
1710244800,0.7485,0.7572,0.7334,0.747,8224855.84
1710259200,0.747,0.749,0.7051,0.7473,15000863.85
1710273600,0.7473,0.7487,0.7341,0.7483,4935225.38
1710288000,0.7483,0.7551,0.7458,0.7527,7902385.18
1710302400,0.7527,0.7695,0.7493,0.7636,5233781.57
1710316800,0.7636,0.7735,0.7565,0.7592,7885067.12
1710331200,0.7592,0.7649,0.7374,0.7473,10468052.16
1710345600,0.7473,0.755,0.7425,0.7531,5708160.9
1710360000,0.7531,0.7666,0.7466,0.7646,5934805.66
1710374400,0.7646,0.7763,0.7461,0.7594,8856406.68
1710388800,0.7594,0.7926,0.745,0.7836,12959641.36
1710403200,0.7836,0.81,0.7742,0.7954,21274152.29
1710417600,0.7954,0.802,0.7413,0.7469,23384249.75
1710432000,0.7469,0.7612,0.7134,0.7262,15286165.21
1710446400,0.7262,0.7543,0.7257,0.7505,7310994.77
1710460800,0.7505,0.7638,0.7064,0.72,15544466.48
1710475200,0.72,0.7261,0.704,0.7202,7363144.609999999
1710489600,0.7202,0.7216,0.671,0.7005,14645365.78
1710504000,0.7005,0.7243,0.6967,0.7171,7388999.720000001
1710518400,0.7171,0.7397,0.7072,0.7192,7075018.2
1710532800,0.7192,0.7299,0.6991,0.7273,7089887.7
1710547200,0.7273,0.7299,0.7164,0.7221,2753465.62
1710561600,0.7221,0.734,0.7077,0.7337,3280462.04
1710576000,0.7337,0.7346,0.7121,0.7184,3761889.76
1710590400,0.7184,0.7194,0.6921,0.7038,5710493.99
1710604800,0.7038,0.7044,0.66,0.6663,13055293.47
1710619200,0.6663,0.6759,0.6504,0.6586,8601824.89
1710633600,0.6586,0.673,0.65,0.6726,6197664.21
1710648000,0.6726,0.6729,0.6288,0.6452,6202859.77
1710662400,0.6452,0.6827,0.6436,0.6765,4699055.85
1710676800,0.6765,0.6853,0.6623,0.6836,5688456.25
1710691200,0.6836,0.6858,0.6753,0.6841,6243798.35
1710705600,0.6841,0.6947,0.6736,0.6808,8697087.95
1710720000,0.6808,0.6809,0.6563,0.6704,6435057.05
1710734400,0.6704,0.6985,0.6644,0.687,5181739.35
1710748800,0.687,0.6874,0.6703,0.6815,4481898.95
1710763200,0.6815,0.6857,0.6496,0.6599,7752351.07
1710777600,0.6599,0.6675,0.6422,0.6491,6960975.08
1710792000,0.6491,0.6661,0.649,0.6603,4428911.47
1710806400,0.6603,0.6657,0.6202,0.6353,9557258.12
1710820800,0.6353,0.6375,0.6006,0.6265,8019522.69
1710835200,0.6265,0.6265,0.5915,0.6164,10059246.22
1710849600,0.6164,0.6302,0.6075,0.6257,8732139.61
1710864000,0.6257,0.6289,0.6108,0.6155,6648256.97
1710878400,0.6155,0.617,0.58,0.5862,12060062.26
1710892800,0.5862,0.6047,0.584,0.5879,7163249.569999999
1710907200,0.5879,0.611,0.5691,0.609,7763277.7
1710921600,0.609,0.6135,0.6007,0.6109,4301571.75
1710936000,0.6109,0.616,0.5967,0.5989,6036477.01
1710950400,0.5989,0.6344,0.576,0.6318,8458118.04
1710964800,0.6318,0.6445,0.6295,0.6398,9969171.28
1710979200,0.6398,0.6461,0.6331,0.6356,5797310.5600000005
1710993600,0.6356,0.6386,0.6208,0.6308,3185811.89
1711008000,0.6308,0.6379,0.6284,0.6323,2981492.43
1711022400,0.6323,0.6381,0.6285,0.6357,5469244.84
1711036800,0.6357,0.6481,0.6178,0.6332,6127400.2
1711051200,0.6332,0.6404,0.6246,0.6316,2677808.09
1711065600,0.6316,0.6347,0.6203,0.6341,3785372.08
1711080000,0.6341,0.6425,0.6318,0.64,1618759.02
1711094400,0.64,0.6424,0.6165,0.6187,3032280.17
1711108800,0.6187,0.6245,0.5991,0.618,8791010.37
1711123200,0.618,0.618,0.6078,0.6135,4001611.07
1711137600,0.6135,0.6152,0.6001,0.6148,2772626.04
1711152000,0.6148,0.6259,0.6105,0.6172,2428212.32
1711166400,0.6172,0.631,0.6167,0.6276,2239592.98
1711180800,0.6276,0.6319,0.6246,0.6301,1486731.5
1711195200,0.6301,0.6393,0.6291,0.6332,3152431.8
1711209600,0.6332,0.6351,0.6288,0.6298,1973752.67
1711224000,0.6298,0.6332,0.6225,0.6231,1533845.15
1711238400,0.6231,0.6356,0.6226,0.6275,1587240.83
1711252800,0.6275,0.6387,0.6247,0.6382,1832788.73
1711267200,0.6382,0.6403,0.6345,0.636,2024687.76
1711281600,0.636,0.6448,0.6344,0.6351,2494414.74
1711296000,0.6351,0.6358,0.6252,0.6333,2725425.08
1711310400,0.6333,0.6481,0.6316,0.6466,3923858.95
1711324800,0.6466,0.6475,0.6386,0.6468,3483311.91
1711339200,0.6468,0.6556,0.6421,0.6423,2831942.73
1711353600,0.6423,0.6517,0.6416,0.6424,2181306.18
1711368000,0.6424,0.6643,0.6384,0.6619,8214657.890000001
1711382400,0.6619,0.6682,0.659,0.666,6694541.8
1711396800,0.666,0.6669,0.6539,0.6566,4920492.93
1711411200,0.6566,0.6672,0.6543,0.6663,3580475.3400000003
1711425600,0.6663,0.6807,0.6659,0.6722,4037315.79
1711440000,0.6722,0.6837,0.6701,0.6764,3479231.48
1711454400,0.6764,0.6779,0.6528,0.6629,8531485.55
1711468800,0.6629,0.6653,0.6517,0.6574,4230808.99
1711483200,0.6574,0.6682,0.6571,0.665,4629364.05
1711497600,0.665,0.6709,0.6616,0.6626,2228486.72
1711512000,0.6626,0.6638,0.6468,0.6483,5083867.54
1711526400,0.6483,0.6572,0.6394,0.6572,5242583.76
1711540800,0.6572,0.6653,0.6332,0.6335,11327392.96
1711555200,0.6335,0.6455,0.6301,0.6451,9652045.8
1711569600,0.6451,0.6598,0.6447,0.6476,11465248.09
1711584000,0.6476,0.6527,0.635,0.6393,3211964.14
1711598400,0.6393,0.6522,0.6392,0.651,3119238.14
1711612800,0.651,0.6538,0.6473,0.6513,2944281.21
1711627200,0.6513,0.6581,0.6432,0.6548,5462721.12
1711641600,0.6548,0.6558,0.6491,0.6506,3816337.45
1711656000,0.6506,0.6535,0.6465,0.651,2373418.84
1711670400,0.651,0.6519,0.642,0.6475,3155281.72
1711684800,0.6475,0.6512,0.6353,0.6378,1244794.52
1711699200,0.6378,0.657,0.6373,0.6522,1734238.88
1711713600,0.6522,0.6677,0.6457,0.6496,8259476.319999999
1711728000,0.6496,0.6555,0.6451,0.6481,3984457.38
1711742400,0.6481,0.6666,0.643,0.6645,8632178.86
1711756800,0.6645,0.6696,0.6581,0.6584,3587507.64
1711771200,0.6584,0.6616,0.6512,0.6513,1555350.42
1711785600,0.6513,0.6594,0.6479,0.6586,1659705.17
1711800000,0.6586,0.6589,0.6502,0.651,3017684.42
1711814400,0.651,0.6524,0.6463,0.6506,3625626.78
1711828800,0.6506,0.652,0.642,0.6439,3169223.16
1711843200,0.6439,0.6482,0.6421,0.6451,1750447.97
1711857600,0.6451,0.6536,0.6444,0.6505,1564447.78
1711872000,0.6505,0.6513,0.6465,0.6473,917891.13
1711886400,0.6473,0.6482,0.6451,0.6463,2483066.57
1711900800,0.6463,0.6488,0.6427,0.6474,2993767.5
1711915200,0.6474,0.6514,0.6447,0.65,3179567.01
1711929600,0.65,0.6515,0.6439,0.645,2410427.98
1711944000,0.645,0.6468,0.6192,0.6311,5713560.4
1711958400,0.6311,0.634,0.6217,0.6275,3926949.09
1711972800,0.6275,0.6303,0.6054,0.6089,6730307.21
1711987200,0.6089,0.6203,0.6058,0.6202,4493270.600000001
1712001600,0.6202,0.6231,0.6164,0.6217,2973599.42
1712016000,0.6217,0.6217,0.5888,0.5965,6353187.859999999
1712030400,0.5965,0.6015,0.5893,0.5967,2830658.55
1712044800,0.5967,0.5979,0.5738,0.5852,4609891.59
1712059200,0.5852,0.5923,0.5748,0.5813,7814479.1
1712073600,0.5813,0.5887,0.5773,0.587,4013062.92
1712088000,0.587,0.5896,0.5776,0.5808,3801889.47
1712102400,0.5808,0.5874,0.563,0.5868,3826900.14
1712116800,0.5868,0.5909,0.5844,0.5881,2175468.75
1712131200,0.5881,0.5949,0.583,0.5854,2360944.56
1712145600,0.5854,0.5893,0.578,0.5817,3203199.01
1712160000,0.5817,0.5867,0.5736,0.5775,2451076.92
1712174400,0.5775,0.5777,0.568,0.5693,4180457.71
1712188800,0.5693,0.578,0.566,0.5666,3534578.16
1712203200,0.5666,0.5787,0.5593,0.5759,3294077.74
1712217600,0.5759,0.5845,0.5752,0.5811,1589165.44
1712232000,0.5811,0.5918,0.5805,0.588,4194792.51
1712246400,0.588,0.5971,0.5844,0.5853,3415310.49
1712260800,0.5853,0.5859,0.5736,0.5833,4057102.35
1712275200,0.5833,0.5851,0.5686,0.5776,2484793.71
1712289600,0.5776,0.5776,0.5631,0.5719,1776231.59
1712304000,0.5719,0.5795,0.5629,0.5631,2932134.05
1712318400,0.5631,0.5781,0.5599,0.578,4215570.96
1712332800,0.578,0.5785,0.5717,0.5747,2598448.79
1712347200,0.5747,0.5788,0.5742,0.5742,1605807.56
1712361600,0.5742,0.5819,0.5716,0.5807,1427519.04
1712376000,0.5807,0.5833,0.5791,0.5819,953638.98
1712390400,0.5819,0.5856,0.5786,0.581,1043218.02
1712404800,0.581,0.5851,0.577,0.5842,1559790.9700000002
1712419200,0.5842,0.586,0.5806,0.5812,1699531.7
1712433600,0.5812,0.5895,0.5801,0.5837,1954551.75
1712448000,0.5837,0.5904,0.5819,0.5888,1607936.68
1712462400,0.5888,0.5914,0.5877,0.5901,1074271.4
1712476800,0.5901,0.5951,0.5875,0.5934,1788327.83
1712491200,0.5934,0.5963,0.5896,0.5899,2162167.06
1712505600,0.5899,0.5971,0.583,0.5838,2987095.05
1712520000,0.5838,0.5901,0.5819,0.5889,1815909.32
1712534400,0.5889,0.5893,0.5801,0.582,1808418.09
1712548800,0.582,0.5969,0.5794,0.5946,1354644.12
1712563200,0.5946,0.6118,0.5941,0.6079,5277648.4
1712577600,0.6079,0.6104,0.6024,0.6073,3449542.6500000004
1712592000,0.6073,0.615,0.6065,0.6145,3943976.29
1712606400,0.6145,0.6167,0.6119,0.6139,2566411.16
1712620800,0.6139,0.6154,0.6066,0.6078,2289137.81
1712635200,0.6078,0.6128,0.6008,0.6027,2397469.92
1712649600,0.6027,0.6117,0.5949,0.6117,2248873.88
1712664000,0.6117,0.6239,0.5922,0.6054,7509749.970000001
1712678400,0.6054,0.6066,0.5951,0.5997,3044208.86
1712692800,0.5997,0.6026,0.59,0.5911,2314263.91
1712707200,0.5911,0.5938,0.5752,0.5821,3780997.47
1712721600,0.5821,0.5898,0.5799,0.5844,2179876.58
1712736000,0.5844,0.5845,0.5738,0.5776,2205177.3
1712750400,0.5776,0.5787,0.5582,0.5726,7241741.31
1712764800,0.5726,0.5851,0.5705,0.5827,3469207.55
1712779200,0.5827,0.5897,0.5798,0.5862,2232860.66
1712793600,0.5862,0.59,0.5838,0.5887,1948443.37
1712808000,0.5887,0.5938,0.5834,0.5919,1398276.72
1712822400,0.5919,0.5944,0.5806,0.5813,1564166.58
1712836800,0.5813,0.5895,0.576,0.5818,2286032.88
1712851200,0.5818,0.5842,0.5755,0.583,2790256.76
1712865600,0.583,0.5907,0.5826,0.5858,1944976.4
1712880000,0.5858,0.5916,0.5854,0.591,1735701.14
1712894400,0.591,0.5924,0.5804,0.5817,1999429.68
1712908800,0.5817,0.5893,0.5804,0.5851,4152898.0
1712923200,0.5851,0.5852,0.5613,0.5641,8733080.04
1712937600,0.5641,0.5659,0.4642,0.4833,32394716.48
1712952000,0.4833,0.5058,0.4814,0.503,13483433.31
1712966400,0.503,0.5041,0.4856,0.5036,5937694.75
1712980800,0.5036,0.5129,0.4998,0.5059,4849207.07
1712995200,0.5059,0.5165,0.5025,0.5098,2718796.66
1713009600,0.5098,0.5142,0.5022,0.5029,3366976.99
1713024000,0.5029,0.5037,0.444,0.4521,13068692.57
1713038400,0.4521,0.4554,0.403,0.4457,25436295.48
1713052800,0.4457,0.4492,0.4335,0.4476,6368351.33
1713067200,0.4476,0.4736,0.4436,0.4725,6359914.74
1713081600,0.4725,0.4782,0.456,0.4574,5890026.44
1713096000,0.4574,0.4678,0.4488,0.4546,4921360.08
1713110400,0.4546,0.4647,0.4388,0.4511,7005197.28
1713124800,0.4511,0.4738,0.4427,0.4682,6572525.16
1713139200,0.4682,0.47,0.4574,0.4637,3783425.12
1713153600,0.4637,0.4913,0.4591,0.4904,7777367.119999999
1713168000,0.4904,0.4955,0.4846,0.4857,3541345.3200000003
1713182400,0.4857,0.4901,0.4608,0.4681,5091538.87
1713196800,0.4681,0.4706,0.4396,0.456,8088830.15
1713211200,0.456,0.4626,0.4489,0.4611,5435990.35
1713225600,0.4611,0.4674,0.4538,0.4567,2914187.82
1713240000,0.4567,0.4783,0.446,0.4744,3888514.28
1713254400,0.4744,0.4751,0.4526,0.4652,3695778.8
1713268800,0.4652,0.4652,0.442,0.4429,5698358.88
1713283200,0.4429,0.4584,0.4397,0.4489,4383330.87
1713297600,0.4489,0.4628,0.4485,0.4586,2093486.19
1713312000,0.4586,0.4607,0.4529,0.458,1354612.05
1713326400,0.458,0.4648,0.4528,0.4576,1879734.14
1713340800,0.4576,0.4594,0.4468,0.4468,1567983.05
1713355200,0.4468,0.4511,0.4305,0.4328,5950399.699999999
1713369600,0.4328,0.4548,0.4277,0.4471,4158141.93
1713384000,0.4471,0.4526,0.442,0.4442,1881419.58
1713398400,0.4442,0.4533,0.4364,0.4507,2173458.62
1713412800,0.4507,0.4531,0.438,0.4391,1592639.79
1713427200,0.4391,0.4548,0.4346,0.4511,2687876.41
1713441600,0.4511,0.4612,0.4423,0.4546,3623525.53
1713456000,0.4546,0.458,0.444,0.4545,2879145.05
1713470400,0.4545,0.4599,0.4526,0.4583,1602137.81
1713484800,0.4583,0.4583,0.4233,0.4419,6000303.0
1713499200,0.4419,0.4642,0.4404,0.4564,1972360.11
1713513600,0.4564,0.4715,0.4562,0.4681,4779880.27
1713528000,0.4681,0.476,0.4655,0.4718,4700330.85
1713542400,0.4718,0.474,0.4647,0.4733,3854370.35
1713556800,0.4733,0.475,0.4619,0.4683,3591442.43
1713571200,0.4683,0.4847,0.4649,0.4783,3889464.99
1713585600,0.4783,0.4992,0.4769,0.4969,4446609.09
1713600000,0.4969,0.4969,0.4756,0.4764,3296657.34
1713614400,0.4764,0.4923,0.4762,0.4912,3416930.17
1713628800,0.4912,0.5085,0.4882,0.5025,5406669.6
1713643200,0.5025,0.5079,0.5018,0.5073,2864244.61
1713657600,0.5073,0.5125,0.4981,0.5064,4675277.8
1713672000,0.5064,0.5103,0.503,0.5056,2415074.38
1713686400,0.5056,0.507,0.4988,0.5045,1361860.35
1713700800,0.5045,0.5051,0.4944,0.4982,3699620.67
1713715200,0.4982,0.4998,0.4879,0.4967,2544137.08
1713729600,0.4967,0.5051,0.4957,0.4992,1842780.63
1713744000,0.4992,0.5102,0.4952,0.5075,2889924.84
1713758400,0.5075,0.5164,0.5063,0.5063,4246694.23
1713772800,0.5063,0.5147,0.505,0.5103,2715587.22
1713787200,0.5103,0.5186,0.5084,0.5162,3285879.36
1713801600,0.5162,0.5204,0.5111,0.5185,4662074.6
1713816000,0.5185,0.5226,0.5158,0.517,3525665.74
1713830400,0.517,0.5195,0.5096,0.5104,2814335.38
1713844800,0.5104,0.5169,0.5059,0.5089,2482990.89
1713859200,0.5089,0.5215,0.5065,0.5151,4160131.83
1713873600,0.5151,0.5159,0.5032,0.5051,8710715.6
1713888000,0.5051,0.5085,0.5013,0.5051,4478869.34
1713902400,0.5051,0.5058,0.4972,0.5,2693431.34
1713916800,0.5,0.5058,0.4983,0.5013,2215506.33
1713931200,0.5013,0.5106,0.5004,0.5044,2453997.58
1713945600,0.5044,0.5053,0.4937,0.4984,2764259.93
1713960000,0.4984,0.4993,0.4757,0.477,6051455.23
1713974400,0.477,0.4819,0.4714,0.4798,3383879.23
1713988800,0.4798,0.4805,0.469,0.4746,2404366.47
1714003200,0.4746,0.4796,0.4698,0.4729,2328583.61
1714017600,0.4729,0.4784,0.4668,0.4723,1664627.9300000002
1714032000,0.4723,0.4739,0.4631,0.4694,2205771.38
1714046400,0.4694,0.4743,0.4623,0.4733,3248798.95
1714060800,0.4733,0.475,0.4704,0.4741,2946436.84
1714075200,0.4741,0.4787,0.4698,0.4705,2058936.37
1714089600,0.4705,0.4747,0.4617,0.473,1489685.49
1714104000,0.473,0.4788,0.4685,0.4688,2441473.17
1714118400,0.4688,0.4714,0.4655,0.4683,1216925.71
1714132800,0.4683,0.4755,0.4625,0.4661,1917982.99
1714147200,0.4661,0.4679,0.4629,0.4651,1483842.59
1714161600,0.4651,0.4687,0.4607,0.4628,1344340.56
1714176000,0.4628,0.4659,0.446,0.4588,3284563.5300000003
1714190400,0.4588,0.4615,0.4541,0.4541,1182888.71
1714204800,0.4541,0.4567,0.4503,0.4527,986901.45
1714219200,0.4527,0.4623,0.4519,0.457,1307456.34
1714233600,0.457,0.4696,0.4558,0.4658,1908775.86
1714248000,0.4658,0.4684,0.4636,0.4671,1133704.65
1714262400,0.4671,0.4767,0.4666,0.4748,1271962.2000000002
1714276800,0.4748,0.4779,0.4701,0.4747,1562695.4500000002
1714291200,0.4747,0.4758,0.4668,0.4676,862428.35
1714305600,0.4676,0.4725,0.4668,0.4671,1141903.72
1714320000,0.4671,0.4724,0.4662,0.4694,1236661.75
1714334400,0.4694,0.4703,0.4582,0.4597,2259359.63
1714348800,0.4597,0.4634,0.4521,0.4523,2394554.76
1714363200,0.4523,0.4561,0.4466,0.4509,2332137.11
1714377600,0.4509,0.4554,0.4477,0.4533,1047163.52
1714392000,0.4533,0.459,0.4493,0.4571,1925289.33
1714406400,0.4571,0.4574,0.4501,0.4527,2091242.56
1714420800,0.4527,0.4593,0.4504,0.457,1953817.08
1714435200,0.457,0.4629,0.4511,0.4571,2905528.88
1714449600,0.4571,0.4573,0.4513,0.4514,1411301.19
1714464000,0.4514,0.4526,0.4298,0.4318,3882148.83
1714478400,0.4318,0.4368,0.4257,0.4358,5272625.6
1714492800,0.4358,0.4372,0.4294,0.4318,3257467.44
1714507200,0.4318,0.444,0.4318,0.4409,2933379.8000000003
1714521600,0.4409,0.443,0.4343,0.4403,1810801.26
1714536000,0.4403,0.444,0.4237,0.4274,3552566.15
1714550400,0.4274,0.438,0.4181,0.4343,3606043.41
1714564800,0.4343,0.443,0.4321,0.4349,2910833.23
1714579200,0.4349,0.4572,0.4289,0.4413,6274804.43
1714593600,0.4413,0.4518,0.4386,0.4495,3091004.38
1714608000,0.4495,0.4506,0.4386,0.4449,3362405.97
1714622400,0.4449,0.4473,0.4411,0.4445,1672828.74
1714636800,0.4445,0.4558,0.4444,0.4529,4192622.97
1714651200,0.4529,0.4621,0.4507,0.4576,6965675.57
1714665600,0.4576,0.4579,0.4524,0.4557,1835404.28
1714680000,0.4557,0.46,0.4528,0.4578,1381673.86
1714694400,0.4578,0.463,0.4564,0.4605,1149839.72
1714708800,0.4605,0.4612,0.4509,0.4514,4101673.64
1714723200,0.4514,0.4529,0.4465,0.4482,2710602.79
1714737600,0.4482,0.4676,0.4472,0.4672,4455847.61
1714752000,0.4672,0.4688,0.4634,0.4663,1959782.32
1714766400,0.4663,0.4736,0.466,0.4675,1875858.88
1714780800,0.4675,0.4712,0.4652,0.4669,958196.0
1714795200,0.4669,0.4689,0.4653,0.4653,961296.68
1714809600,0.4653,0.4766,0.4653,0.4687,1916986.1
1714824000,0.4687,0.4712,0.4659,0.4678,3695253.5
1714838400,0.4678,0.4706,0.4662,0.4701,1245068.97
1714852800,0.4701,0.4707,0.4625,0.4632,2277481.54
1714867200,0.4632,0.4637,0.452,0.4549,2413805.88
1714881600,0.4549,0.4593,0.454,0.4585,1029228.01
1714896000,0.4585,0.4618,0.4565,0.4584,664759.02
1714910400,0.4584,0.4643,0.4551,0.4637,1321140.09
1714924800,0.4637,0.466,0.4572,0.4605,2205451.38
1714939200,0.4605,0.4614,0.4566,0.4581,1026608.38
1714953600,0.4581,0.4615,0.4544,0.4566,2626160.12
1714968000,0.4566,0.4667,0.4559,0.4665,1661398.07
1714982400,0.4665,0.475,0.4602,0.4655,3728688.24
1714996800,0.4655,0.4666,0.4516,0.4604,2909114.86
1715011200,0.4604,0.4639,0.4558,0.4606,2814705.47
1715025600,0.4606,0.4617,0.4536,0.454,1175675.69
1715040000,0.454,0.4558,0.4459,0.4494,2432994.02
1715054400,0.4494,0.4513,0.4461,0.4494,3595274.42
1715068800,0.4494,0.4562,0.448,0.4488,3633527.14
1715083200,0.4488,0.4551,0.4481,0.4521,2256934.43
1715097600,0.4521,0.4532,0.4465,0.4472,1940251.32
1715112000,0.4472,0.449,0.4408,0.4415,1645373.42
1715126400,0.4415,0.4452,0.4367,0.444,2005633.58
1715140800,0.444,0.445,0.4378,0.4385,1347824.16
1715155200,0.4385,0.4434,0.4376,0.4394,1648043.75
1715169600,0.4394,0.4684,0.4366,0.4613,6526578.3
1715184000,0.4613,0.4685,0.4582,0.4646,4887949.63
1715198400,0.4646,0.4661,0.4509,0.4516,2553225.15
1715212800,0.4516,0.4642,0.4513,0.463,2284068.19
1715227200,0.463,0.464,0.4524,0.4532,950564.94
1715241600,0.4532,0.4558,0.447,0.4513,1580847.48
1715256000,0.4513,0.4578,0.4478,0.4555,2208427.6500000004
1715270400,0.4555,0.4616,0.4536,0.4601,1772740.8
1715284800,0.4601,0.4644,0.4575,0.4635,1691344.1
1715299200,0.4635,0.4661,0.4607,0.4656,2749829.99
1715313600,0.4656,0.4684,0.4632,0.4653,1044832.54
1715328000,0.4653,0.4657,0.4617,0.4657,895569.5599999999
1715342400,0.4657,0.4665,0.4467,0.4495,3109593.51
1715356800,0.4495,0.4506,0.4433,0.4481,2512246.7800000003
1715371200,0.4481,0.4492,0.4443,0.4478,1229732.59
1715385600,0.4478,0.4509,0.4455,0.4463,1038310.0
1715400000,0.4463,0.4492,0.4455,0.4488,420070.8
1715414400,0.4488,0.4491,0.4405,0.4432,632514.63
1715428800,0.4432,0.4463,0.4413,0.443,1135165.49
1715443200,0.443,0.4439,0.4389,0.4408,4877422.970000001
1715457600,0.4408,0.4408,0.4378,0.4386,1096270.22
1715472000,0.4386,0.4414,0.4384,0.4404,987276.98
1715486400,0.4404,0.4418,0.4369,0.4378,681764.3300000001
1715500800,0.4378,0.4424,0.4369,0.4405,460590.48
1715515200,0.4405,0.4427,0.4398,0.4412,581194.01
1715529600,0.4412,0.443,0.4372,0.438,819322.4500000001
1715544000,0.438,0.4381,0.4332,0.4377,976600.46
1715558400,0.4377,0.44,0.4252,0.4299,1810311.99
1715572800,0.4299,0.4454,0.4255,0.4438,3687429.74
1715587200,0.4438,0.4528,0.4438,0.4483,1942474.46
1715601600,0.4483,0.4492,0.4421,0.445,3175880.0300000003
1715616000,0.445,0.4491,0.4389,0.4414,2344807.0700000003
1715630400,0.4414,0.4421,0.4359,0.4366,1042265.53
1715644800,0.4366,0.4382,0.4328,0.4347,1210891.03
1715659200,0.4347,0.4381,0.428,0.4372,1237698.1
1715673600,0.4372,0.4381,0.4327,0.4328,843852.72
1715688000,0.4328,0.4359,0.428,0.4355,2458055.37
1715702400,0.4355,0.4359,0.4288,0.4313,1096587.87
1715716800,0.4313,0.4313,0.4261,0.4281,1109399.09
1715731200,0.4281,0.4304,0.4262,0.4303,816792.06
1715745600,0.4303,0.4312,0.4272,0.4309,2217884.13
1715760000,0.4309,0.4362,0.4289,0.4309,1169328.98
1715774400,0.4309,0.448,0.4302,0.446,4894996.4
1715788800,0.446,0.4525,0.4453,0.4524,3551912.27
1715803200,0.4524,0.4551,0.451,0.4527,2991836.39
1715817600,0.4527,0.4585,0.4527,0.458,2296518.05
1715832000,0.458,0.4629,0.4567,0.4572,5508017.8
1715846400,0.4572,0.4578,0.4541,0.4553,2233593.3200000003
1715860800,0.4553,0.4558,0.4487,0.4557,3641855.07
1715875200,0.4557,0.4599,0.453,0.458,2296439.29
1715889600,0.458,0.4615,0.4542,0.4598,1467401.33
1715904000,0.4598,0.4613,0.4553,0.4601,3794868.6
1715918400,0.4601,0.4816,0.4601,0.481,6221902.88
1715932800,0.481,0.4907,0.4773,0.4878,5111422.6
1715947200,0.4878,0.4886,0.4786,0.4832,3772119.92
1715961600,0.4832,0.485,0.4801,0.4837,1680926.45
1715976000,0.4837,0.4844,0.4806,0.4823,1658216.85
1715990400,0.4823,0.4859,0.4794,0.4857,1709721.14
1716004800,0.4857,0.4859,0.4803,0.4806,740562.53
1716019200,0.4806,0.4859,0.4804,0.4843,882730.32
1716033600,0.4843,0.4843,0.4758,0.4812,3487756.38
1716048000,0.4812,0.4844,0.4812,0.4838,721245.6900000001
1716062400,0.4838,0.4838,0.4808,0.4823,1123894.49
1716076800,0.4823,0.4837,0.479,0.4823,1904190.48
1716091200,0.4823,0.4826,0.477,0.4803,727307.56
1716105600,0.4803,0.4803,0.4743,0.4776,2452564.02
1716120000,0.4776,0.4779,0.4689,0.4707,1520018.38
1716134400,0.4707,0.4715,0.4637,0.4686,4242523.07
1716148800,0.4686,0.4707,0.4652,0.4672,797776.5
1716163200,0.4672,0.4714,0.4614,0.4704,1973839.48
1716177600,0.4704,0.4775,0.4609,0.4672,5178021.2
1716192000,0.4672,0.4696,0.4662,0.4672,1065961.0
1716206400,0.4672,0.4684,0.464,0.4684,1135832.33
1716220800,0.4684,0.4905,0.4666,0.4899,12867738.33
1716235200,0.4899,0.503,0.4832,0.502,6884856.91
1716249600,0.502,0.51,0.4973,0.4986,3247396.33
1716264000,0.4986,0.5016,0.4945,0.501,1396118.34
1716278400,0.501,0.5046,0.5007,0.5012,2379695.83
1716292800,0.5012,0.5101,0.4956,0.4971,4637087.8100000005
1716307200,0.4971,0.5047,0.4929,0.4953,2592660.64
1716321600,0.4953,0.499,0.4907,0.4945,3664484.62
1716336000,0.4945,0.4951,0.4911,0.4917,1265821.34
1716350400,0.4917,0.4929,0.4817,0.4901,2939156.13
1716364800,0.4901,0.4914,0.4818,0.4821,1475783.01
1716379200,0.4821,0.4858,0.475,0.4837,3898674.31
1716393600,0.4837,0.4866,0.4765,0.4815,2020722.38
1716408000,0.4815,0.4842,0.4774,0.4832,1950683.22
1716422400,0.4832,0.4874,0.4811,0.4865,1677688.69
1716436800,0.4865,0.4877,0.4825,0.4851,1151856.04
1716451200,0.4851,0.4857,0.4757,0.485,1858165.83
1716465600,0.485,0.4883,0.4624,0.4677,6078159.68
1716480000,0.4677,0.4684,0.4542,0.4596,4078360.08
1716494400,0.4596,0.4678,0.4449,0.4656,5702174.58
1716508800,0.4656,0.4695,0.4626,0.4672,1255373.61
1716523200,0.4672,0.4686,0.4542,0.4614,1652579.39
1716537600,0.4614,0.4638,0.4547,0.4636,716700.0
1716552000,0.4636,0.4642,0.4567,0.459,3517271.52
1716566400,0.459,0.4637,0.4547,0.4609,1602271.01
1716580800,0.4609,0.462,0.4577,0.46,1755305.31
1716595200,0.46,0.4618,0.4575,0.4617,757040.8300000001
1716609600,0.4617,0.4643,0.4611,0.4624,567914.59
1716624000,0.4624,0.4645,0.4608,0.4617,911527.37
1716638400,0.4617,0.4617,0.4572,0.4596,1981945.28
1716652800,0.4596,0.4607,0.4585,0.4599,951560.65
1716667200,0.4599,0.4625,0.4587,0.462,607046.06
1716681600,0.462,0.4625,0.4582,0.4605,1004396.54
1716696000,0.4605,0.4616,0.4577,0.4609,1064765.05
1716710400,0.4609,0.4627,0.4574,0.461,669396.26
1716724800,0.461,0.4627,0.4572,0.4593,1582800.18
1716739200,0.4593,0.4605,0.4575,0.4583,914802.61
1716753600,0.4583,0.4602,0.4549,0.458,890740.59
1716768000,0.458,0.4641,0.4579,0.462,1549395.21
1716782400,0.462,0.4633,0.4564,0.4585,818684.8300000001
1716796800,0.4585,0.4618,0.4583,0.4609,614814.55
1716811200,0.4609,0.4722,0.4602,0.472,2198346.07
1716825600,0.472,0.4747,0.462,0.4641,2572003.41
1716840000,0.4641,0.4689,0.4638,0.4681,1138957.48
1716854400,0.4681,0.4689,0.4585,0.4606,1880013.07
1716868800,0.4606,0.4606,0.4533,0.4552,1188707.29
1716883200,0.4552,0.4628,0.4546,0.4592,942931.2
1716897600,0.4592,0.4602,0.4519,0.4574,1994652.84
1716912000,0.4574,0.4584,0.4517,0.4573,1418753.56
1716926400,0.4573,0.4586,0.4562,0.4572,1071544.15
1716940800,0.4572,0.4614,0.4567,0.4607,842607.61
1716955200,0.4607,0.4634,0.4591,0.4591,1164972.93
1716969600,0.4591,0.4639,0.4548,0.4599,1373179.89
1716984000,0.4599,0.4632,0.4548,0.4554,2490074.76
1716998400,0.4554,0.4564,0.4518,0.4523,1834468.53
1717012800,0.4523,0.4536,0.4503,0.4507,1316445.4
1717027200,0.4507,0.4549,0.4502,0.454,949195.97
1717041600,0.454,0.4551,0.4438,0.4457,3154344.1
1717056000,0.4457,0.4522,0.4431,0.448,2222455.7
1717070400,0.448,0.4519,0.4434,0.4502,2091586.92
1717084800,0.4502,0.4547,0.4495,0.4515,1557691.31
1717099200,0.4515,0.461,0.4452,0.4464,2079983.65
1717113600,0.4464,0.4506,0.4445,0.4496,1400108.3199999998
1717128000,0.4496,0.4502,0.4448,0.4482,494937.57
1717142400,0.4482,0.4515,0.4464,0.4507,643329.3200000001
1717156800,0.4507,0.4555,0.446,0.446,2200857.4
1717171200,0.446,0.4492,0.4434,0.4487,2327244.64
1717185600,0.4487,0.4503,0.4457,0.4466,1160001.73
1717200000,0.4466,0.4478,0.4446,0.4472,777142.64
1717214400,0.4472,0.4495,0.4465,0.448,703622.3300000001
1717228800,0.448,0.4489,0.4471,0.4483,382504.43
1717243200,0.4483,0.4502,0.448,0.4483,496238.22
1717257600,0.4483,0.4499,0.448,0.4493,709377.5
1717272000,0.4493,0.4529,0.4491,0.4495,805025.08
1717286400,0.4495,0.4528,0.4493,0.4519,882126.22
1717300800,0.4519,0.4537,0.4507,0.4519,454571.12
1717315200,0.4519,0.4529,0.4476,0.4524,666602.2
1717329600,0.4524,0.453,0.4492,0.4505,786737.1000000001
1717344000,0.4505,0.4509,0.4403,0.4449,1687826.25
1717358400,0.4449,0.4475,0.4421,0.4462,881974.65
1717372800,0.4462,0.4527,0.4433,0.4497,927934.25
1717387200,0.4497,0.4554,0.4475,0.4531,755639.23
1717401600,0.4531,0.4567,0.452,0.4531,547208.1
1717416000,0.4531,0.4556,0.448,0.453,1922247.84
1717430400,0.453,0.463,0.4492,0.4625,3068342.13
1717444800,0.4625,0.4632,0.4563,0.4573,1272369.16
1717459200,0.4573,0.4614,0.4561,0.461,1433386.49
1717473600,0.461,0.461,0.4551,0.4564,1005135.72
1717488000,0.4564,0.4572,0.4526,0.4556,1195675.37
1717502400,0.4556,0.4614,0.4545,0.4607,2127430.8
1717516800,0.4607,0.4659,0.4595,0.4633,3218298.23
1717531200,0.4633,0.4633,0.4595,0.4616,1913669.98
1717545600,0.4616,0.4654,0.461,0.463,1463854.21
1717560000,0.463,0.4642,0.4604,0.4624,1095436.42
1717574400,0.4624,0.4625,0.4592,0.4603,824608.42
1717588800,0.4603,0.4629,0.4572,0.4616,1986377.39
1717603200,0.4616,0.4631,0.4599,0.4631,1390129.99
1717617600,0.4631,0.4672,0.4598,0.4614,2001593.77
1717632000,0.4614,0.4621,0.4596,0.4598,879921.92
1717646400,0.4598,0.4604,0.4572,0.4591,905824.51
1717660800,0.4591,0.4594,0.4571,0.459,574483.21
1717675200,0.459,0.4619,0.4577,0.46,1489920.7
1717689600,0.46,0.4611,0.4496,0.4537,3981186.47
1717704000,0.4537,0.4588,0.4505,0.4581,3060506.01
1717718400,0.4581,0.4606,0.4564,0.458,1136650.46
1717732800,0.458,0.4644,0.4579,0.4613,1321723.98
1717747200,0.4613,0.487,0.4613,0.4838,6045371.109999999
1717761600,0.4838,0.4898,0.4746,0.4786,7246767.24
1717776000,0.4786,0.4795,0.4294,0.449,13639335.68
1717790400,0.449,0.4515,0.447,0.4492,2100481.87
1717804800,0.4492,0.4492,0.4436,0.4467,2111618.81
1717819200,0.4467,0.4473,0.4428,0.4454,1045789.34
1717833600,0.4454,0.4454,0.4336,0.4346,1885987.44
1717848000,0.4346,0.4388,0.4323,0.4358,2086928.0
1717862400,0.4358,0.4368,0.4326,0.4345,1411525.26
1717876800,0.4345,0.4369,0.4334,0.4368,1241546.69
1717891200,0.4368,0.4384,0.4341,0.4353,974187.74
1717905600,0.4353,0.4383,0.4318,0.4376,521248.2
1717920000,0.4376,0.4432,0.4364,0.4405,727401.1
1717934400,0.4405,0.4418,0.438,0.4398,852126.98
1717948800,0.4398,0.4456,0.4392,0.4449,1249600.66
1717963200,0.4449,0.4461,0.4435,0.444,955285.6
1717977600,0.444,0.4449,0.4405,0.4411,1071312.19
1717992000,0.4411,0.4421,0.435,0.4356,1053740.42
1718006400,0.4356,0.451,0.4356,0.4466,3372412.9
1718020800,0.4466,0.4486,0.4389,0.4473,3379566.45
1718035200,0.4473,0.4476,0.4402,0.4406,1542765.57
1718049600,0.4406,0.4411,0.4375,0.4404,1380638.34
1718064000,0.4404,0.4414,0.4296,0.4346,3569861.79
1718078400,0.4346,0.4346,0.4264,0.4317,2465327.44
1718092800,0.4317,0.433,0.4275,0.4291,2021746.07
1718107200,0.4291,0.43,0.4148,0.419,4905778.91
1718121600,0.419,0.4228,0.4129,0.4223,3358877.56
1718136000,0.4223,0.4226,0.4207,0.4219,1311170.04
1718150400,0.4219,0.4247,0.4146,0.4244,1275088.08
1718164800,0.4244,0.4258,0.4235,0.4257,2436143.0700000003
1718179200,0.4257,0.4288,0.4247,0.4252,911507.88
1718193600,0.4252,0.4432,0.4251,0.4406,4056217.82
1718208000,0.4406,0.4441,0.4315,0.4332,3427751.29
1718222400,0.4332,0.439,0.4319,0.4377,1177897.75
1718236800,0.4377,0.4388,0.4268,0.4311,1654531.15
1718251200,0.4311,0.4334,0.4289,0.4312,813413.07
1718265600,0.4312,0.4339,0.428,0.4293,1047505.65
1718280000,0.4293,0.4334,0.4199,0.4208,3064137.12
1718294400,0.4208,0.426,0.4191,0.4238,1763687.97
1718308800,0.4238,0.4248,0.4191,0.4209,1067061.75
1718323200,0.4209,0.4238,0.4184,0.4203,2013678.34
1718337600,0.4203,0.4244,0.4203,0.422,904008.29
1718352000,0.422,0.4239,0.4211,0.4223,602862.47
1718366400,0.4223,0.4237,0.4122,0.4135,1864238.22
1718380800,0.4135,0.4139,0.4001,0.4044,6260080.99
1718395200,0.4044,0.4144,0.4044,0.4119,1522285.37
1718409600,0.4119,0.4125,0.408,0.4119,796969.11
1718424000,0.4119,0.4154,0.41,0.4115,914318.54
1718438400,0.4115,0.4126,0.4097,0.411,424216.32
1718452800,0.411,0.4131,0.4094,0.4118,1299682.2
1718467200,0.4118,0.4149,0.4107,0.4136,966002.6
1718481600,0.4136,0.4142,0.411,0.4137,675737.27
1718496000,0.4137,0.4142,0.4102,0.4107,418718.9
1718510400,0.4107,0.4145,0.409,0.4123,539243.77
1718524800,0.4123,0.4151,0.4113,0.4145,401881.17
1718539200,0.4145,0.4173,0.414,0.4162,1362951.02
1718553600,0.4162,0.4163,0.4141,0.416,666199.7
1718568000,0.416,0.4188,0.415,0.4165,701920.43
1718582400,0.4165,0.4183,0.4117,0.4121,624573.54
1718596800,0.4121,0.4137,0.4061,0.4102,838790.88
1718611200,0.4102,0.4105,0.4007,0.4046,1980377.18
1718625600,0.4046,0.405,0.3988,0.3997,2783871.63
1718640000,0.3997,0.4205,0.3909,0.4123,6259763.51
1718654400,0.4123,0.4124,0.4008,0.4011,1178920.78
1718668800,0.4011,0.4024,0.3655,0.3791,9608207.44
1718683200,0.3791,0.3818,0.3766,0.3795,2693871.14
1718697600,0.3795,0.3813,0.3713,0.3747,2673542.63
1718712000,0.3747,0.3764,0.3663,0.3748,5122743.86
1718726400,0.3748,0.3752,0.3676,0.3739,4301027.6
1718740800,0.3739,0.3855,0.3735,0.3834,3996300.36
1718755200,0.3834,0.3936,0.3802,0.3927,3486452.38
1718769600,0.3927,0.3978,0.3925,0.3926,1948309.28
1718784000,0.3926,0.3926,0.3837,0.3854,4401055.14
1718798400,0.3854,0.3878,0.3809,0.3831,2295164.9
1718812800,0.3831,0.3899,0.3818,0.3862,1614341.27
1718827200,0.3862,0.3883,0.3824,0.3843,985608.13
1718841600,0.3843,0.3902,0.3825,0.3879,1908887.72
1718856000,0.3879,0.3946,0.3871,0.393,2119081.3
1718870400,0.393,0.3974,0.39,0.3938,3477275.4
1718884800,0.3938,0.3943,0.381,0.3814,4106254.88
1718899200,0.3814,0.3883,0.3771,0.387,2110614.96
1718913600,0.387,0.3877,0.3838,0.3841,962328.08
1718928000,0.3841,0.3873,0.3812,0.387,1511368.32
1718942400,0.387,0.3907,0.3846,0.3862,1793325.79
1718956800,0.3862,0.3876,0.3795,0.3846,3097947.47
1718971200,0.3846,0.3851,0.3755,0.3799,2724490.17
1718985600,0.3799,0.3821,0.3735,0.3782,1793359.83
1719000000,0.3782,0.3809,0.3755,0.3759,1040078.16
1719014400,0.3759,0.3772,0.3713,0.3733,1921487.6
1719028800,0.3733,0.3775,0.3728,0.3761,932440.39
1719043200,0.3761,0.3775,0.374,0.3771,552779.33
1719057600,0.3771,0.3906,0.3767,0.3858,5111152.04
1719072000,0.3858,0.3885,0.384,0.3855,1937823.03
1719086400,0.3855,0.3868,0.3843,0.3845,569065.93
1719100800,0.3845,0.3903,0.3834,0.3892,1283384.05
1719115200,0.3892,0.3908,0.3879,0.3885,690085.24
1719129600,0.3885,0.3928,0.3869,0.3874,882463.13
1719144000,0.3874,0.388,0.3844,0.3864,746180.56
1719158400,0.3864,0.3879,0.383,0.386,786506.36
1719172800,0.386,0.3861,0.3789,0.3799,1811179.27
1719187200,0.3799,0.3814,0.3757,0.3801,1874685.34
1719201600,0.3801,0.3802,0.3701,0.3737,1934592.42
1719216000,0.3737,0.3779,0.3639,0.3725,4385895.29
1719230400,0.3725,0.3798,0.3698,0.3705,2515315.87
1719244800,0.3705,0.3734,0.3657,0.3683,5220703.59
1719259200,0.3683,0.3783,0.3647,0.3776,2261167.81
1719273600,0.3776,0.3889,0.377,0.3871,3008710.81
1719288000,0.3871,0.3903,0.386,0.3891,1002464.55
1719302400,0.3891,0.3934,0.3863,0.3931,1281967.41
1719316800,0.3931,0.3958,0.3901,0.3946,2244074.01
1719331200,0.3946,0.3972,0.3929,0.3948,1687258.16
1719345600,0.3948,0.3952,0.391,0.3917,812683.76
1719360000,0.3917,0.395,0.3906,0.3919,883208.27
1719374400,0.3919,0.3925,0.3882,0.39,547341.6
1719388800,0.39,0.3919,0.387,0.3882,1031403.81
1719403200,0.3882,0.3962,0.3871,0.3881,5241832.18
1719417600,0.3881,0.3898,0.3829,0.3898,1504096.88
1719432000,0.3898,0.3922,0.3837,0.3847,950617.98
1719446400,0.3847,0.3856,0.3809,0.3816,1177269.32
1719460800,0.3816,0.3818,0.3776,0.3782,778401.9199999999
1719475200,0.3782,0.382,0.3776,0.38,805253.85
1719489600,0.38,0.3937,0.3799,0.386,3995472.78
1719504000,0.386,0.3925,0.3844,0.3907,1768222.8
1719518400,0.3907,0.3927,0.3896,0.3907,1352737.02
1719532800,0.3907,0.3956,0.3891,0.3916,1101273.88
1719547200,0.3916,0.3916,0.3849,0.3864,1071812.82
1719561600,0.3864,0.3918,0.3849,0.3899,720072.59
1719576000,0.3899,0.3941,0.385,0.3916,4143559.02
1719590400,0.3916,0.3962,0.3892,0.3929,2891153.63
1719604800,0.3929,0.3941,0.3848,0.3852,1087211.19
1719619200,0.3852,0.4032,0.385,0.4001,2075100.75
1719633600,0.4001,0.4013,0.3934,0.3941,1707695.64
1719648000,0.3941,0.398,0.3932,0.3973,621857.06
1719662400,0.3973,0.3975,0.3892,0.3903,771174.9000000001
1719676800,0.3903,0.3903,0.3857,0.3872,795087.7799999999
1719691200,0.3872,0.3879,0.3829,0.3836,1041046.67
1719705600,0.3836,0.3846,0.3782,0.381,1284342.68
1719720000,0.381,0.3883,0.3799,0.3872,970799.82
1719734400,0.3872,0.3885,0.3839,0.3846,441504.31
1719748800,0.3846,0.3868,0.3829,0.386,935294.53
1719763200,0.386,0.3866,0.3837,0.3862,719081.37
1719777600,0.3862,0.3938,0.3845,0.3919,1955483.42
1719792000,0.3919,0.4021,0.3911,0.3991,1581458.93
1719806400,0.3991,0.4004,0.3946,0.3975,1443599.1
1719820800,0.3975,0.4025,0.3964,0.3988,1120857.2
1719835200,0.3988,0.403,0.3974,0.4028,2263347.0300000003
1719849600,0.4028,0.4081,0.4019,0.4042,2118348.2
1719864000,0.4042,0.4063,0.4017,0.4028,890873.5
1719878400,0.4028,0.4088,0.4025,0.4076,1024085.06
1719892800,0.4076,0.4088,0.405,0.4066,908323.6
1719907200,0.4066,0.4156,0.406,0.4152,1816408.82
1719921600,0.4152,0.4183,0.4113,0.4126,2494166.5700000003
1719936000,0.4126,0.4185,0.411,0.4168,1722102.88
1719950400,0.4168,0.4191,0.4163,0.4179,876391.31
1719964800,0.4179,0.4228,0.4126,0.4155,3445849.32
1719979200,0.4155,0.4175,0.4098,0.4148,1081878.62
1719993600,0.4148,0.4165,0.4032,0.4073,2007113.43
1720008000,0.4073,0.4119,0.4017,0.4059,1903077.03
1720022400,0.4059,0.4098,0.4018,0.4035,2243727.86
1720036800,0.4035,0.4092,0.3999,0.4066,1950065.37
1720051200,0.4066,0.4134,0.3863,0.397,3167617.91
1720065600,0.397,0.397,0.3892,0.3932,1793770.09
1720080000,0.3932,0.3957,0.3882,0.3897,1633667.22
1720094400,0.3897,0.3897,0.3737,0.3861,4002047.98
1720108800,0.3861,0.3861,0.3752,0.3778,1664915.91
1720123200,0.3778,0.3802,0.3615,0.362,2506492.88
1720137600,0.362,0.3622,0.3202,0.3241,12238824.27
1720152000,0.3241,0.336,0.3182,0.3311,5915394.68
1720166400,0.3311,0.3496,0.3201,0.3487,5200023.15
1720180800,0.3487,0.3541,0.3424,0.3534,4796994.45
1720195200,0.3534,0.3557,0.3486,0.3506,2550730.58
1720209600,0.3506,0.3515,0.3474,0.3499,2518936.7800000003
1720224000,0.3499,0.3584,0.3468,0.3503,1592364.17
1720238400,0.3503,0.3552,0.3479,0.3535,1511469.67
1720252800,0.3535,0.3592,0.3494,0.3578,1614306.87
1720267200,0.3578,0.3621,0.3545,0.3598,2818638.07
1720281600,0.3598,0.38,0.3589,0.3726,3298906.56
1720296000,0.3726,0.373,0.3698,0.3708,993223.6
1720310400,0.3708,0.371,0.3659,0.3705,1458332.12
1720324800,0.3705,0.3713,0.3633,0.3653,1095253.47
1720339200,0.3653,0.3684,0.3643,0.3659,526005.73
1720353600,0.3659,0.3676,0.352,0.3564,2081745.71
1720368000,0.3564,0.3625,0.3558,0.3561,996207.23
1720382400,0.3561,0.3578,0.3448,0.3467,1749742.16
1720396800,0.3467,0.3477,0.3309,0.3441,3522197.39
1720411200,0.3441,0.3534,0.3425,0.351,2186512.02
1720425600,0.351,0.379,0.3505,0.377,3801830.07
1720440000,0.377,0.3799,0.3579,0.361,4249724.51
1720454400,0.361,0.3678,0.3587,0.3674,2090534.85
1720468800,0.3674,0.372,0.3662,0.3692,1310934.36
1720483200,0.3692,0.3722,0.3628,0.3703,1881649.73
1720497600,0.3703,0.3742,0.3696,0.3715,1416612.5
1720512000,0.3715,0.3766,0.3708,0.3743,960614.33
1720526400,0.3743,0.378,0.3687,0.3743,1398685.25
1720540800,0.3743,0.3806,0.3733,0.3806,2437072.17
1720555200,0.3806,0.3806,0.374,0.3754,848647.02
1720569600,0.3754,0.3788,0.372,0.3781,738288.6
1720584000,0.3781,0.3869,0.378,0.3826,2285125.18
1720598400,0.3826,0.3858,0.3811,0.3827,1394132.63
1720612800,0.3827,0.3865,0.3809,0.3851,2401916.79
1720627200,0.3851,0.3878,0.3839,0.3859,901434.12
1720641600,0.3859,0.39,0.3829,0.3887,1079665.16
1720656000,0.3887,0.3957,0.3847,0.3886,2315245.15
1720670400,0.3886,0.3932,0.3877,0.3928,633788.01
1720684800,0.3928,0.397,0.3917,0.396,1246647.51
1720699200,0.396,0.405,0.3922,0.3934,4813780.41
1720713600,0.3934,0.4005,0.3905,0.3958,1949168.54
1720728000,0.3958,0.3974,0.3919,0.3961,1598770.87
1720742400,0.3961,0.403,0.3934,0.3983,2157791.51
1720756800,0.3983,0.4022,0.3945,0.3991,1441047.25
1720771200,0.3991,0.4023,0.3975,0.3986,1676464.5799999998
1720785600,0.3986,0.4112,0.398,0.4093,4187147.8
1720800000,0.4093,0.418,0.4085,0.4156,2291916.22
1720814400,0.4156,0.4171,0.41,0.4166,2554423.0
1720828800,0.4166,0.4179,0.4121,0.4123,990684.8
1720843200,0.4123,0.4263,0.4119,0.4247,2833835.38
1720857600,0.4247,0.4257,0.4199,0.4202,1384249.04
1720872000,0.4202,0.4374,0.4198,0.4343,3698119.81
1720886400,0.4343,0.4466,0.4315,0.4459,3379272.43
1720900800,0.4459,0.446,0.436,0.4419,3301241.89
1720915200,0.4419,0.4453,0.4283,0.4287,2922319.51
1720929600,0.4287,0.4325,0.4283,0.4309,920395.54
1720944000,0.4309,0.4386,0.4298,0.4302,1943109.13
1720958400,0.4302,0.4313,0.4249,0.4306,1395835.8199999998
1720972800,0.4306,0.4336,0.4293,0.4336,1452839.42
1720987200,0.4336,0.4392,0.4315,0.432,1804253.27
1721001600,0.432,0.44,0.4315,0.435,2847920.38
1721016000,0.435,0.4422,0.4334,0.4381,2072105.95
1721030400,0.4381,0.4396,0.4315,0.4316,1787315.03
1721044800,0.4316,0.4437,0.4313,0.4355,5359928.37
1721059200,0.4355,0.4389,0.434,0.4358,3014498.24
1721073600,0.4358,0.4459,0.4356,0.4453,2755603.7
1721088000,0.4453,0.4528,0.4395,0.4521,3532544.29
1721102400,0.4521,0.4526,0.429,0.4311,2454959.39
1721116800,0.4311,0.4345,0.427,0.4322,1455562.25
1721131200,0.4322,0.4483,0.4304,0.4475,3470358.58
1721145600,0.4475,0.448,0.4392,0.4411,2464626.6
1721160000,0.4411,0.442,0.4346,0.4383,1451886.86
1721174400,0.4383,0.4481,0.4379,0.442,2137124.22
1721188800,0.442,0.4505,0.4419,0.4486,1626338.02
1721203200,0.4486,0.4499,0.441,0.4452,2087447.71
1721217600,0.4452,0.4567,0.4446,0.4469,3389139.44
1721232000,0.4469,0.4469,0.4377,0.4423,2301950.13
1721246400,0.4423,0.4436,0.4357,0.4361,1569514.34
1721260800,0.4361,0.4433,0.436,0.4411,1073280.59
1721275200,0.4411,0.4497,0.4347,0.4421,1540905.6
1721289600,0.4421,0.4428,0.4359,0.4401,1042206.46
1721304000,0.4401,0.4423,0.4248,0.4256,1933440.4
1721318400,0.4256,0.4288,0.4203,0.4218,2086506.58
1721332800,0.4218,0.4263,0.42,0.4234,1345475.58
1721347200,0.4234,0.4264,0.4147,0.4261,1866617.67
1721361600,0.4261,0.4286,0.4202,0.4219,1310902.27
1721376000,0.4219,0.4232,0.4162,0.4208,770151.12
1721390400,0.4208,0.4321,0.4189,0.4315,1936162.74
1721404800,0.4315,0.4411,0.4315,0.4406,2313877.37
1721419200,0.4406,0.4432,0.4373,0.4392,1379575.08
1721433600,0.4392,0.4395,0.4348,0.439,1357442.49
1721448000,0.439,0.442,0.4377,0.4392,554255.14
1721462400,0.4392,0.441,0.4323,0.4325,732664.61
1721476800,0.4325,0.4342,0.4279,0.4342,1235219.68
1721491200,0.4342,0.4401,0.4322,0.4355,1253544.51
1721505600,0.4355,0.4389,0.4346,0.4376,797129.28
1721520000,0.4376,0.4391,0.4343,0.4366,892220.66
1721534400,0.4366,0.4367,0.4289,0.4302,651242.12
1721548800,0.4302,0.4335,0.4295,0.4309,493573.53
1721563200,0.4309,0.4337,0.4262,0.4302,962150.04
1721577600,0.4302,0.4346,0.4172,0.4277,2322646.84
1721592000,0.4277,0.4488,0.4271,0.4469,2648445.33
1721606400,0.4469,0.4502,0.4386,0.4388,2290832.65
1721620800,0.4388,0.4403,0.4295,0.4342,1483391.8
1721635200,0.4342,0.4387,0.4315,0.438,1140096.25
1721649600,0.438,0.444,0.4288,0.4299,3179211.43
1721664000,0.4299,0.4333,0.4285,0.4333,2441275.83
1721678400,0.4333,0.4336,0.424,0.4264,1569867.22
1721692800,0.4264,0.4296,0.4249,0.4262,919792.26
1721707200,0.4262,0.4278,0.4179,0.4196,1596453.55
1721721600,0.4196,0.4274,0.4187,0.4256,1543128.39
1721736000,0.4256,0.4256,0.4151,0.4162,2838334.65
1721750400,0.4162,0.4162,0.4034,0.4096,2795256.99
1721764800,0.4096,0.4119,0.4085,0.4102,1301886.61
1721779200,0.4102,0.411,0.4055,0.4106,2983211.49
1721793600,0.4106,0.4199,0.4069,0.4197,1360224.94
1721808000,0.4197,0.4214,0.4159,0.4192,3189808.83
1721822400,0.4192,0.4206,0.4121,0.4121,1636573.86
1721836800,0.4121,0.4155,0.4075,0.411,2616321.39
1721851200,0.411,0.4148,0.4039,0.4064,2717290.81
1721865600,0.4064,0.4083,0.3909,0.3944,3633995.44
1721880000,0.3944,0.3983,0.3925,0.3964,1286148.14
1721894400,0.3964,0.3979,0.3931,0.3952,1225451.53
1721908800,0.3952,0.3969,0.3874,0.3928,3034310.77
1721923200,0.3928,0.3962,0.3836,0.3871,2956323.91
1721937600,0.3871,0.395,0.3817,0.3947,1957946.2
1721952000,0.3947,0.4091,0.3945,0.4061,1841843.15
1721966400,0.4061,0.4173,0.4059,0.4127,1941553.8
1721980800,0.4127,0.4154,0.4114,0.4119,823284.16
1721995200,0.4119,0.4159,0.4096,0.4148,1496162.7
1722009600,0.4148,0.4199,0.4135,0.4184,2767025.2800000003
1722024000,0.4184,0.4188,0.4149,0.4173,764650.8
1722038400,0.4173,0.4174,0.4133,0.4153,1131036.84
1722052800,0.4153,0.4184,0.4148,0.4166,1581764.17
1722067200,0.4166,0.4185,0.4158,0.4184,679791.16
1722081600,0.4184,0.427,0.4184,0.4229,2283495.31
1722096000,0.4229,0.4292,0.4186,0.423,2270326.39
1722110400,0.423,0.4246,0.4132,0.4175,2590166.45
1722124800,0.4175,0.4206,0.4137,0.4147,739811.5399999999
1722139200,0.4147,0.4153,0.409,0.4116,604745.54
1722153600,0.4116,0.4132,0.4094,0.4114,450114.79
1722168000,0.4114,0.4126,0.4069,0.4078,609736.02
1722182400,0.4078,0.4116,0.4075,0.4103,663997.3300000001
1722196800,0.4103,0.4105,0.4047,0.4073,898748.83
1722211200,0.4073,0.427,0.4069,0.4227,2347600.44
1722225600,0.4227,0.4253,0.4206,0.4225,977021.25
1722240000,0.4225,0.4236,0.4178,0.4181,1108902.4
1722254400,0.4181,0.4193,0.4061,0.4094,2150934.19
1722268800,0.4094,0.4137,0.4048,0.4076,1626813.03
1722283200,0.4076,0.4085,0.4032,0.4032,1281556.91
1722297600,0.4032,0.4075,0.3987,0.4045,1455976.6
1722312000,0.4045,0.4055,0.4017,0.4034,578387.8300000001
1722326400,0.4034,0.4054,0.4007,0.4042,1219892.52
1722340800,0.4042,0.4066,0.3991,0.4022,1925392.9
1722355200,0.4022,0.4061,0.3957,0.3998,1581202.71
1722369600,0.3998,0.4031,0.3942,0.4013,842964.99
1722384000,0.4013,0.4077,0.4002,0.4063,987510.12
1722398400,0.4063,0.4064,0.3991,0.4015,1882818.81
1722412800,0.4015,0.403,0.3992,0.403,778730.55
1722427200,0.403,0.4067,0.3998,0.4021,1929735.35
1722441600,0.4021,0.405,0.3921,0.3949,1850750.14
1722456000,0.3949,0.3952,0.3872,0.3881,2188675.24
1722470400,0.3881,0.3914,0.3847,0.3869,1709637.91
1722484800,0.3869,0.3881,0.3787,0.3852,1789341.17
1722499200,0.3852,0.3917,0.385,0.3915,1001420.06
1722513600,0.3915,0.3955,0.3775,0.3783,2437227.04
1722528000,0.3783,0.3787,0.3682,0.3778,4424065.07
1722542400,0.3778,0.3933,0.3763,0.3925,1835511.42
1722556800,0.3925,0.3949,0.3812,0.3849,1456604.65
1722571200,0.3849,0.386,0.3754,0.3837,1788437.53
1722585600,0.3837,0.3882,0.3811,0.3842,1771944.1
1722600000,0.3842,0.3859,0.3586,0.3681,6047060.0
1722614400,0.3681,0.3688,0.3624,0.366,2137880.92
1722628800,0.366,0.3689,0.3618,0.3633,2351485.32
1722643200,0.3633,0.3662,0.3539,0.3662,1939633.92
1722657600,0.3662,0.3726,0.3649,0.3694,746206.27
1722672000,0.3694,0.3702,0.3667,0.3693,662483.31
1722686400,0.3693,0.3721,0.3592,0.3595,915160.06
1722700800,0.3595,0.361,0.3491,0.3517,3941820.85
1722715200,0.3517,0.3646,0.3507,0.3645,1839762.84
1722729600,0.3645,0.3675,0.3611,0.3626,1660013.95
1722744000,0.3626,0.3629,0.3567,0.3574,588957.0900000001
1722758400,0.3574,0.3598,0.3556,0.3579,526490.1
1722772800,0.3579,0.36,0.3461,0.3473,1689871.48
1722787200,0.3473,0.3523,0.3339,0.3507,6017390.350000001
1722801600,0.3507,0.354,0.3432,0.344,2256106.24
1722816000,0.344,0.3456,0.3034,0.308,13517321.73
1722830400,0.308,0.3128,0.2771,0.3081,12199437.76
1722844800,0.3081,0.3089,0.2853,0.2958,5191270.83
1722859200,0.2958,0.3212,0.2821,0.3199,8061276.92
1722873600,0.3199,0.3248,0.3065,0.3103,4897063.99
1722888000,0.3103,0.3199,0.31,0.312,2254865.02
1722902400,0.312,0.3309,0.3116,0.3259,2948120.21
1722916800,0.3259,0.3348,0.3246,0.334,1434028.63
1722931200,0.334,0.334,0.3216,0.3244,1140522.42
1722945600,0.3244,0.337,0.3197,0.333,2409497.31
1722960000,0.333,0.3369,0.3308,0.3318,2106555.7800000003
1722974400,0.3318,0.336,0.3293,0.3312,1545363.9500000002
1722988800,0.3312,0.3397,0.3272,0.3372,1787780.68
1723003200,0.3372,0.3394,0.3334,0.3344,868661.87
1723017600,0.3344,0.341,0.3331,0.3332,1013980.32
1723032000,0.3332,0.3379,0.3158,0.324,3240717.73
1723046400,0.324,0.3249,0.3162,0.3207,1944779.14
1723060800,0.3207,0.3291,0.3174,0.324,2618915.93
1723075200,0.324,0.3395,0.3189,0.335,2367508.66
1723089600,0.335,0.3372,0.3334,0.3345,663677.36
1723104000,0.3345,0.3352,0.3324,0.3325,913964.25
1723118400,0.3325,0.34,0.3285,0.3398,2351928.96
1723132800,0.3398,0.3449,0.3394,0.3398,1310690.33
1723147200,0.3398,0.3535,0.3395,0.3518,2123451.09
1723161600,0.3518,0.3546,0.3486,0.3519,1782912.75
1723176000,0.3519,0.3522,0.3447,0.3477,1138627.36
1723190400,0.3477,0.3479,0.3407,0.3428,1203348.02
1723204800,0.3428,0.3462,0.3368,0.341,1944078.26
1723219200,0.341,0.3486,0.3406,0.348,1400283.85
1723233600,0.348,0.3498,0.3458,0.3485,1952970.58
1723248000,0.3485,0.3523,0.3455,0.3469,677548.18
1723262400,0.3469,0.3475,0.3448,0.3471,357207.94
1723276800,0.3471,0.3484,0.3458,0.3478,438587.83
1723291200,0.3478,0.3479,0.3445,0.3459,574056.0
1723305600,0.3459,0.3489,0.3459,0.348,630086.45
1723320000,0.348,0.3487,0.3453,0.3458,848334.09
1723334400,0.3458,0.3513,0.3451,0.3498,492602.95
1723348800,0.3498,0.3533,0.3495,0.3528,365038.57
1723363200,0.3528,0.3565,0.3469,0.3478,637928.28
1723377600,0.3478,0.3483,0.339,0.3404,1113949.5699999998
1723392000,0.3404,0.3428,0.3345,0.335,1589996.25
1723406400,0.335,0.335,0.3272,0.3277,1450389.93
1723420800,0.3277,0.3322,0.3267,0.3306,813423.35
1723435200,0.3306,0.3361,0.3275,0.335,606488.78
1723449600,0.335,0.3432,0.3324,0.3428,929668.25
1723464000,0.3428,0.3445,0.3296,0.3411,1484084.81
1723478400,0.3411,0.3424,0.3339,0.3361,1317968.89
1723492800,0.3361,0.3399,0.3321,0.3391,762895.33
1723507200,0.3391,0.341,0.3347,0.3355,884183.3300000001
1723521600,0.3355,0.3395,0.3339,0.3374,696049.3200000001
1723536000,0.3374,0.3376,0.331,0.3336,582470.05
1723550400,0.3336,0.3386,0.3336,0.3368,681589.87
1723564800,0.3368,0.3451,0.3367,0.342,1558264.99
1723579200,0.342,0.3433,0.3392,0.34,1163308.68
1723593600,0.34,0.3408,0.3365,0.3399,836603.5700000001
1723608000,0.3399,0.342,0.3388,0.3391,645080.86
1723622400,0.3391,0.3433,0.3384,0.3423,568639.99
1723636800,0.3423,0.3457,0.3313,0.3381,2357878.24
1723651200,0.3381,0.3381,0.3328,0.3351,1118353.01
1723665600,0.3351,0.3363,0.3324,0.3354,800521.99
1723680000,0.3354,0.3418,0.3354,0.3393,760597.55
1723694400,0.3393,0.3393,0.3339,0.3364,841134.99
1723708800,0.3364,0.3385,0.3342,0.3356,474554.49
1723723200,0.3356,0.3393,0.3337,0.3386,1386908.12
1723737600,0.3386,0.3391,0.3224,0.3236,3054701.7
1723752000,0.3236,0.3267,0.3207,0.3249,1768549.26
1723766400,0.3249,0.3262,0.3205,0.3226,724552.9099999999
1723780800,0.3226,0.3369,0.3222,0.3346,1852589.15
1723795200,0.3346,0.3453,0.3343,0.3343,2047018.76
1723809600,0.3343,0.3362,0.3209,0.3242,1889422.79
1723824000,0.3242,0.334,0.3239,0.3321,1235571.6800000002
1723838400,0.3321,0.3334,0.3298,0.3303,696031.74
1723852800,0.3303,0.3308,0.3276,0.3283,620281.46
1723867200,0.3283,0.3303,0.3281,0.3297,343975.78
1723881600,0.3297,0.3328,0.3294,0.3317,429134.91
1723896000,0.3317,0.3364,0.3317,0.3356,644605.68
1723910400,0.3356,0.3388,0.3337,0.3352,953741.54
1723924800,0.3352,0.3373,0.3334,0.3373,1292860.35
1723939200,0.3373,0.3376,0.3338,0.3338,651014.53
1723953600,0.3338,0.3359,0.333,0.3351,254464.61
1723968000,0.3351,0.3385,0.3344,0.3375,594293.59
1723982400,0.3375,0.3399,0.3372,0.3389,1049243.63
1723996800,0.3389,0.3399,0.3361,0.3393,1190342.12
1724011200,0.3393,0.3395,0.3341,0.3343,627678.99
1724025600,0.3343,0.3362,0.3325,0.3339,921638.91
1724040000,0.3339,0.335,0.3308,0.3311,361671.57
1724054400,0.3311,0.3343,0.328,0.3314,709779.37
1724068800,0.3314,0.3348,0.3292,0.3328,1089488.6
1724083200,0.3328,0.3377,0.3304,0.3358,1043518.68
1724097600,0.3358,0.3372,0.3347,0.3368,772394.9199999999
1724112000,0.3368,0.3437,0.336,0.3415,2169952.54
1724126400,0.3415,0.3461,0.3413,0.3445,1742319.78
1724140800,0.3445,0.345,0.3423,0.3444,628846.19
1724155200,0.3444,0.3465,0.3357,0.3393,1456307.25
1724169600,0.3393,0.3512,0.3388,0.3475,1850086.67
1724184000,0.3475,0.3483,0.3434,0.3436,1226070.05
1724198400,0.3436,0.349,0.3429,0.3487,1814829.08
1724212800,0.3487,0.3606,0.3487,0.359,2501386.52
1724227200,0.359,0.3602,0.3506,0.3511,3248904.31
1724241600,0.3511,0.3587,0.3496,0.3576,2478672.3600000003
1724256000,0.3576,0.3774,0.3569,0.3768,4828153.779999999
1724270400,0.3768,0.377,0.3674,0.369,2571892.33
1724284800,0.369,0.3744,0.3658,0.3695,1490448.06
1724299200,0.3695,0.3696,0.3645,0.3663,632715.8999999999
1724313600,0.3663,0.3745,0.365,0.3741,1457590.8
1724328000,0.3741,0.3759,0.3691,0.3699,2863397.23
1724342400,0.3699,0.3728,0.3685,0.3703,1248982.91
1724356800,0.3703,0.3776,0.3702,0.3764,2292372.72
1724371200,0.3764,0.3794,0.3745,0.375,2046834.81
1724385600,0.375,0.3837,0.374,0.3826,3223692.81
1724400000,0.3826,0.3878,0.3792,0.3798,1953961.44
1724414400,0.3798,0.3842,0.3746,0.3828,3345047.19
1724428800,0.3828,0.3907,0.3816,0.3896,3269499.67
1724443200,0.3896,0.3927,0.3876,0.3916,3032495.83
1724457600,0.3916,0.3943,0.3881,0.391,1334970.78
1724472000,0.391,0.3923,0.3884,0.3892,984761.99
1724486400,0.3892,0.3965,0.3884,0.3931,1164444.82
1724500800,0.3931,0.3969,0.392,0.395,1860393.56
1724515200,0.395,0.4015,0.3945,0.3987,2791402.2800000003
1724529600,0.3987,0.3991,0.3883,0.3939,2291808.59
1724544000,0.3939,0.3942,0.3831,0.3873,1869502.41
1724558400,0.3873,0.3878,0.3779,0.3792,1289866.53
1724572800,0.3792,0.3836,0.378,0.3817,856046.87
1724587200,0.3817,0.3914,0.3798,0.3879,2112342.1500000004
1724601600,0.3879,0.3908,0.3847,0.3866,1113693.35
1724616000,0.3866,0.3896,0.3841,0.385,1375701.8
1724630400,0.385,0.388,0.3789,0.3837,1286488.9899999998
1724644800,0.3837,0.3857,0.3771,0.3774,1246261.04
1724659200,0.3774,0.3816,0.3727,0.3757,1743210.0499999998
1724673600,0.3757,0.3758,0.3696,0.3731,2689426.4000000004
1724688000,0.3731,0.3745,0.3663,0.3676,2230791.21
1724702400,0.3676,0.37,0.3662,0.3662,1893342.51
1724716800,0.3662,0.3711,0.3662,0.368,1251031.8
1724731200,0.368,0.3728,0.3669,0.3684,763587.57
1724745600,0.3684,0.3694,0.3605,0.3636,1008584.64
1724760000,0.3636,0.3667,0.3615,0.3626,1335447.81
1724774400,0.3626,0.3678,0.3611,0.3644,1901401.73
1724788800,0.3644,0.3673,0.3425,0.3505,5651501.86
1724803200,0.3505,0.3531,0.3468,0.3526,1409902.3
1724817600,0.3526,0.3546,0.3466,0.3468,1482774.8
1724832000,0.3468,0.3592,0.3441,0.3581,1662172.63
1724846400,0.3581,0.3605,0.3491,0.3513,2450507.08
1724860800,0.3513,0.3566,0.3408,0.352,2759907.11
1724875200,0.352,0.357,0.3474,0.3501,1308349.39
1724889600,0.3501,0.3563,0.3493,0.3552,874476.53
1724904000,0.3552,0.3584,0.3537,0.3582,957245.21
1724918400,0.3582,0.3651,0.3581,0.3609,1411351.6
1724932800,0.3609,0.3676,0.3607,0.3647,1648163.96
1724947200,0.3647,0.3656,0.3472,0.3542,4334340.47
1724961600,0.3542,0.3581,0.3512,0.3579,1273652.26
1724976000,0.3579,0.3621,0.3537,0.3559,1039381.64
1724990400,0.3559,0.3578,0.3542,0.3557,998818.2
1725004800,0.3557,0.3596,0.351,0.3515,2527360.74
1725019200,0.3515,0.3545,0.3386,0.3398,4045848.7
1725033600,0.3398,0.3492,0.3378,0.3457,2283419.39
1725048000,0.3457,0.3482,0.3457,0.3471,720504.18
1725062400,0.3471,0.3484,0.3456,0.3475,716593.21
1725076800,0.3475,0.3504,0.3475,0.3479,423387.44
1725091200,0.3479,0.3495,0.3455,0.3483,412152.22
1725105600,0.3483,0.3496,0.3472,0.3492,625522.13
1725120000,0.3492,0.3493,0.345,0.3468,1147088.27
1725134400,0.3468,0.3472,0.3446,0.345,922509.61
1725148800,0.345,0.3457,0.3396,0.3448,950371.96
1725163200,0.3448,0.3449,0.3394,0.3443,1216000.8
1725177600,0.3443,0.3451,0.3401,0.343,818667.46
1725192000,0.343,0.3435,0.3356,0.3403,2724477.96
1725206400,0.3403,0.3418,0.3343,0.3397,1748481.64
1725220800,0.3397,0.3419,0.3274,0.3315,2210217.45
1725235200,0.3315,0.3345,0.3309,0.3314,1191350.55
1725249600,0.3314,0.3314,0.3251,0.3259,1446773.67
1725264000,0.3259,0.3363,0.3256,0.334,1651948.37
1725278400,0.334,0.3348,0.3271,0.3326,1229281.13
1725292800,0.3326,0.3341,0.3299,0.3309,940513.44
1725307200,0.3309,0.3373,0.3304,0.3363,1221171.02
1725321600,0.3363,0.3396,0.3344,0.3351,1086597.37
1725336000,0.3351,0.3355,0.3319,0.3334,747549.3300000001
1725350400,0.3334,0.3335,0.3282,0.3301,1115837.38
1725364800,0.3301,0.3319,0.3201,0.3204,2821209.9
1725379200,0.3204,0.3257,0.3199,0.3247,1972923.87
1725393600,0.3247,0.326,0.3175,0.3185,1313963.06
1725408000,0.3185,0.3201,0.3054,0.3158,5351078.02
1725422400,0.3158,0.322,0.3125,0.3212,2214332.58
1725436800,0.3212,0.3248,0.3157,0.3177,2311605.85
1725451200,0.3177,0.3262,0.3155,0.3261,2501464.74
1725465600,0.3261,0.3293,0.3212,0.3232,1802351.57
1725480000,0.3232,0.3264,0.322,0.3234,1820922.18
1725494400,0.3234,0.3255,0.32,0.3203,1407473.64
1725508800,0.3203,0.3245,0.3197,0.324,641078.29
1725523200,0.324,0.3274,0.3223,0.3273,820307.88
1725537600,0.3273,0.3399,0.3257,0.3259,3973050.86
1725552000,0.3259,0.3298,0.3201,0.3217,2127899.52
1725566400,0.3217,0.3257,0.3207,0.3251,1057799.19
1725580800,0.3251,0.3284,0.3235,0.3276,895177.8200000001
1725595200,0.3276,0.3317,0.3186,0.3199,1614053.0699999998
1725609600,0.3199,0.3226,0.3177,0.3217,1035205.93
1725624000,0.3217,0.3264,0.3136,0.3173,2745064.59
1725638400,0.3173,0.3178,0.3111,0.3131,1764469.93
1725652800,0.3131,0.3149,0.3035,0.3148,1967903.39
1725667200,0.3148,0.3196,0.3147,0.3188,735256.34
1725681600,0.3188,0.3242,0.3187,0.3237,826234.35
1725696000,0.3237,0.3242,0.3204,0.3235,615488.31
1725710400,0.3235,0.326,0.323,0.3244,791374.99
1725724800,0.3244,0.3279,0.3238,0.3272,839822.9299999999
1725739200,0.3272,0.3276,0.3227,0.3254,667293.5800000001
1725753600,0.3254,0.3311,0.3239,0.3306,887201.84
1725768000,0.3306,0.3358,0.3305,0.3348,756838.3500000001
1725782400,0.3348,0.3403,0.3334,0.3391,927493.61
1725796800,0.3391,0.3409,0.3322,0.3323,957983.77
1725811200,0.3323,0.3394,0.3315,0.3364,932587.96
1725825600,0.3364,0.3406,0.3341,0.3391,765729.16
1725840000,0.3391,0.3489,0.3391,0.3448,1379678.31
1725854400,0.3448,0.3457,0.3392,0.3424,1242133.09
1725868800,0.3424,0.3426,0.3404,0.3409,720903.41
1725883200,0.3409,0.3437,0.3376,0.3417,1638443.14
1725897600,0.3417,0.3448,0.3415,0.3447,2278852.7800000003
1725912000,0.3447,0.3488,0.343,0.3434,1428523.33
1725926400,0.3434,0.3436,0.3374,0.3391,1001246.92
1725940800,0.3391,0.343,0.3388,0.3428,330618.47
1725955200,0.3428,0.3443,0.3403,0.3439,697997.64
1725969600,0.3439,0.345,0.3397,0.3414,944929.29
1725984000,0.3414,0.3457,0.3413,0.3437,829908.1499999999
1725998400,0.3437,0.3443,0.3416,0.3431,631575.95
1726012800,0.3431,0.3435,0.3378,0.3397,889878.8200000001
1726027200,0.3397,0.3399,0.335,0.3398,1233853.02
1726041600,0.3398,0.3399,0.3344,0.3367,817981.24
1726056000,0.3367,0.3404,0.3301,0.3376,1925603.36
1726070400,0.3376,0.3481,0.3373,0.3478,1972415.39
1726084800,0.3478,0.3572,0.3454,0.3532,2530016.1
1726099200,0.3532,0.3586,0.3532,0.3552,1491920.88
1726113600,0.3552,0.3568,0.3535,0.3566,1375024.74
1726128000,0.3566,0.3608,0.3561,0.3578,1856943.09
1726142400,0.3578,0.3615,0.3546,0.3558,1915384.56
1726156800,0.3558,0.3571,0.3536,0.3542,1101544.91
1726171200,0.3542,0.3569,0.3522,0.3563,966638.54
1726185600,0.3563,0.3571,0.3535,0.3541,960406.01
1726200000,0.3541,0.3575,0.3541,0.3571,478484.23
1726214400,0.3571,0.3578,0.3527,0.3527,832142.72
1726228800,0.3527,0.3643,0.3504,0.3641,2178779.93
1726243200,0.3641,0.3649,0.3588,0.3588,1770036.9
1726257600,0.3588,0.363,0.3588,0.3609,1245115.55
1726272000,0.3609,0.362,0.3591,0.3593,939078.3
1726286400,0.3593,0.3603,0.3575,0.3594,477988.97
1726300800,0.3594,0.3596,0.3535,0.3539,987932.66
1726315200,0.3539,0.3562,0.3531,0.3547,933510.83
1726329600,0.3547,0.3558,0.3515,0.3531,1060672.49
1726344000,0.3531,0.3549,0.3523,0.3544,582320.54
1726358400,0.3544,0.3563,0.3531,0.3545,614745.2
1726372800,0.3545,0.3557,0.3524,0.3557,367273.44
1726387200,0.3557,0.3557,0.3481,0.3493,672814.33
1726401600,0.3493,0.3505,0.3458,0.3489,1904986.38
1726416000,0.3489,0.3489,0.3416,0.3422,1160997.38
1726430400,0.3422,0.3426,0.3343,0.3386,1405064.59
1726444800,0.3386,0.3386,0.33,0.3347,1680402.5
1726459200,0.3347,0.3371,0.3334,0.3366,621209.85
1726473600,0.3366,0.3376,0.3314,0.3328,875443.29
1726488000,0.3328,0.3332,0.3272,0.3311,1534874.0
1726502400,0.3311,0.3316,0.3273,0.3296,1141183.04
1726516800,0.3296,0.3311,0.3264,0.3303,695366.52
1726531200,0.3303,0.3325,0.3285,0.3323,700377.26
1726545600,0.3323,0.3357,0.3319,0.3337,545453.1699999999
1726560000,0.3337,0.3349,0.3308,0.3314,1451431.76
1726574400,0.3314,0.3431,0.3311,0.341,2397011.38
1726588800,0.341,0.3412,0.3317,0.3337,1341686.63
1726603200,0.3337,0.3356,0.3327,0.3338,761441.92
1726617600,0.3338,0.3386,0.3309,0.3369,794365.6599999999
1726632000,0.3369,0.3372,0.3334,0.3339,591395.24
1726646400,0.3339,0.3339,0.3284,0.3308,773086.19
1726660800,0.3308,0.3321,0.3274,0.3285,1695571.76
1726675200,0.3285,0.34,0.3273,0.3343,1715671.33
1726689600,0.3343,0.3443,0.3318,0.3442,805239.0
1726704000,0.3442,0.3515,0.3442,0.3489,2682708.91
1726718400,0.3489,0.3499,0.3453,0.3477,1362592.22
1726732800,0.3477,0.3495,0.3461,0.3494,1023318.44
1726747200,0.3494,0.3548,0.349,0.3522,3135855.87
1726761600,0.3522,0.3565,0.3521,0.3527,2177704.13
1726776000,0.3527,0.3546,0.3502,0.351,1523623.54
1726790400,0.351,0.3589,0.349,0.3588,1262793.91
1726804800,0.3588,0.3612,0.3565,0.3597,1824672.36
1726819200,0.3597,0.3601,0.356,0.3566,1619048.92
1726833600,0.3566,0.3587,0.3529,0.3546,1565503.89
1726848000,0.3546,0.3558,0.3497,0.3517,1287006.13
1726862400,0.3517,0.3539,0.3506,0.3523,961077.94
1726876800,0.3523,0.355,0.3506,0.3549,818477.83
1726891200,0.3549,0.3557,0.3512,0.3542,927819.89
1726905600,0.3542,0.3559,0.353,0.3538,546492.03
1726920000,0.3538,0.3581,0.3536,0.3558,1383465.54
1726934400,0.3558,0.3598,0.3557,0.3565,1615486.73
1726948800,0.3565,0.3592,0.3559,0.3585,620167.14
1726963200,0.3585,0.3593,0.3538,0.3552,1010177.39
1726977600,0.3552,0.3553,0.3516,0.3535,466231.07
1726992000,0.3535,0.3547,0.3503,0.3524,653874.72
1727006400,0.3524,0.3546,0.3472,0.3479,1519795.1800000002
1727020800,0.3479,0.3514,0.3454,0.3505,888986.78
1727035200,0.3505,0.353,0.3431,0.3517,1258245.85
1727049600,0.3517,0.3605,0.3457,0.3571,1877969.33
1727064000,0.3571,0.3585,0.3531,0.3533,1272115.57
1727078400,0.3533,0.3548,0.351,0.3538,836300.11
1727092800,0.3538,0.3578,0.3526,0.3567,2196164.55
1727107200,0.3567,0.3642,0.3542,0.3613,3213915.34
1727121600,0.3613,0.3657,0.3597,0.3638,2101542.6
1727136000,0.3638,0.3641,0.3586,0.3622,1362500.69
1727150400,0.3622,0.3691,0.3606,0.3684,1079065.85
1727164800,0.3684,0.371,0.368,0.3694,1424253.88
1727179200,0.3694,0.3772,0.3656,0.3721,4532829.78
1727193600,0.3721,0.3891,0.3721,0.3885,5390735.8
1727208000,0.3885,0.3916,0.3843,0.3877,4251744.87
1727222400,0.3877,0.3938,0.3877,0.3906,3024305.8600000003
1727236800,0.3906,0.3911,0.3799,0.3813,3399097.4
1727251200,0.3813,0.3837,0.3803,0.3828,1530217.87
1727265600,0.3828,0.3873,0.381,0.3836,2675719.1
1727280000,0.3836,0.3865,0.3812,0.3831,3067361.46
1727294400,0.3831,0.3846,0.379,0.381,1565578.97
1727308800,0.381,0.3864,0.3781,0.3856,2401938.83
1727323200,0.3856,0.3963,0.3838,0.3956,2296794.01
1727337600,0.3956,0.3987,0.3927,0.3969,3462161.56
1727352000,0.3969,0.404,0.3948,0.4018,4651667.3
1727366400,0.4018,0.4036,0.3973,0.3981,2973734.59
1727380800,0.3981,0.4036,0.3951,0.4018,1587892.56
1727395200,0.4018,0.4099,0.4017,0.4097,2542408.68
1727409600,0.4097,0.4157,0.4072,0.408,2977202.38
1727424000,0.408,0.4093,0.4005,0.4027,2206864.85
1727438400,0.4027,0.4097,0.4015,0.4044,2598851.0
1727452800,0.4044,0.4073,0.4007,0.401,2866600.99
1727467200,0.401,0.404,0.3996,0.4019,1661140.19
1727481600,0.4019,0.4061,0.4013,0.404,1517590.82
1727496000,0.404,0.405,0.3967,0.3972,1029969.49
1727510400,0.3972,0.4026,0.3924,0.4008,1412496.54
1727524800,0.4008,0.4042,0.3998,0.4017,1301726.89
1727539200,0.4017,0.4044,0.4004,0.4012,1017587.38
1727553600,0.4012,0.4015,0.3962,0.4006,953538.51
1727568000,0.4006,0.4013,0.3965,0.4003,704226.73
1727582400,0.4003,0.4003,0.3933,0.3942,408036.29
1727596800,0.3942,0.3979,0.394,0.3975,459616.97
1727611200,0.3975,0.4011,0.3929,0.4006,1370448.73
1727625600,0.4006,0.4043,0.3995,0.4038,1348456.75
1727640000,0.4038,0.4038,0.3962,0.3978,1201927.62
1727654400,0.3978,0.3978,0.3862,0.3897,2561150.83
1727668800,0.3897,0.3926,0.388,0.3906,854141.49
1727683200,0.3906,0.3906,0.3816,0.3852,1973418.75
1727697600,0.3852,0.386,0.3783,0.3784,2050578.81
1727712000,0.3784,0.3823,0.378,0.3794,1569483.29
1727726400,0.3794,0.382,0.3708,0.3733,2481713.52
1727740800,0.3733,0.3821,0.3711,0.3818,1520846.55
1727755200,0.3818,0.3855,0.3805,0.3839,708459.51
1727769600,0.3839,0.3881,0.3823,0.3844,1496591.22
1727784000,0.3844,0.3853,0.3557,0.3667,7287399.84
1727798400,0.3667,0.3677,0.3427,0.3532,7480651.95
1727812800,0.3532,0.3543,0.3461,0.3522,2862831.88
1727827200,0.3522,0.3626,0.35,0.3619,2073047.71
1727841600,0.3619,0.3623,0.3557,0.3593,1690188.18
1727856000,0.3593,0.3595,0.3486,0.3507,1812257.75
1727870400,0.3507,0.3531,0.3444,0.3519,3656279.98
1727884800,0.3519,0.3552,0.3358,0.3394,3088124.12
1727899200,0.3394,0.3456,0.3382,0.3433,1387552.04
1727913600,0.3433,0.3495,0.3408,0.3493,2074680.21
1727928000,0.3493,0.3494,0.3428,0.3428,1778637.2599999998
1727942400,0.3428,0.3431,0.332,0.3393,1711903.4500000002
1727956800,0.3393,0.3439,0.3334,0.3391,2499446.3600000003
1727971200,0.3391,0.3428,0.3337,0.3428,2570149.4
1727985600,0.3428,0.347,0.3391,0.3454,1879285.27
1728000000,0.3454,0.3488,0.3429,0.3454,1458639.77
1728014400,0.3454,0.3503,0.3452,0.3501,1288804.48
1728028800,0.3501,0.3535,0.349,0.3534,1016193.83
1728043200,0.3534,0.3561,0.3479,0.3528,2063498.29
1728057600,0.3528,0.3561,0.3509,0.3533,1445889.44
1728072000,0.3533,0.3533,0.3501,0.3516,692817.15
1728086400,0.3516,0.3548,0.3487,0.3496,718710.2
1728100800,0.3496,0.3557,0.3492,0.3555,641076.38
1728115200,0.3555,0.3556,0.3524,0.3532,682162.8899999999
1728129600,0.3532,0.3547,0.3504,0.353,503470.22
1728144000,0.353,0.3531,0.3476,0.348,652747.2
1728158400,0.348,0.3509,0.3455,0.3509,655613.67
1728172800,0.3509,0.3525,0.3484,0.3488,384689.83
1728187200,0.3488,0.3511,0.3482,0.3491,322641.74
1728201600,0.3491,0.351,0.3478,0.3494,341823.9
1728216000,0.3494,0.3542,0.3489,0.3533,814923.7
1728230400,0.3533,0.357,0.3517,0.3547,2069089.15
1728244800,0.3547,0.3585,0.3527,0.3573,1014276.45
1728259200,0.3573,0.3683,0.3565,0.3654,2650651.82
1728273600,0.3654,0.366,0.3623,0.3626,663986.8300000001
1728288000,0.3626,0.3644,0.3534,0.3576,1410572.92
1728302400,0.3576,0.3651,0.3549,0.3582,1913407.22
1728316800,0.3582,0.3611,0.3505,0.3569,2366459.45
1728331200,0.3569,0.3573,0.3504,0.3514,1261817.23
1728345600,0.3514,0.3568,0.3514,0.3556,1211731.73
1728360000,0.3556,0.3567,0.3493,0.352,1179979.68
1728374400,0.352,0.3531,0.35,0.3517,708536.02
1728388800,0.3517,0.3523,0.3418,0.3449,2160025.83
1728403200,0.3449,0.3579,0.3409,0.3439,2426221.24
1728417600,0.3439,0.3465,0.3426,0.3445,1152549.65
1728432000,0.3445,0.3471,0.342,0.3448,749298.11
1728446400,0.3448,0.3477,0.3437,0.3442,557194.59
1728460800,0.3442,0.3447,0.3409,0.3425,573722.24
1728475200,0.3425,0.3438,0.3373,0.3431,1357869.59
1728489600,0.3431,0.3431,0.338,0.3395,1442880.3
1728504000,0.3395,0.3405,0.3339,0.3392,1592549.7000000002
1728518400,0.3392,0.3415,0.3365,0.3398,742752.3200000001
1728532800,0.3398,0.3404,0.3371,0.3374,578741.73
1728547200,0.3374,0.3392,0.334,0.3388,762800.22
1728561600,0.3388,0.3389,0.3329,0.3372,1108436.49
1728576000,0.3372,0.3384,0.3313,0.3361,1531803.65
1728590400,0.3361,0.3398,0.3355,0.3394,805175.9
1728604800,0.3394,0.3416,0.338,0.3408,1051887.92
1728619200,0.3408,0.3459,0.3396,0.3447,796860.76
1728633600,0.3447,0.3472,0.3442,0.346,735471.28
1728648000,0.346,0.3504,0.3448,0.3502,1333525.11
1728662400,0.3502,0.3549,0.349,0.3532,1245259.42
1728676800,0.3532,0.3541,0.3506,0.3515,955299.05
1728691200,0.3515,0.3536,0.3509,0.3514,651305.12
1728705600,0.3514,0.3545,0.3514,0.3532,893669.5
1728720000,0.3532,0.3563,0.3524,0.3546,592018.26
1728734400,0.3546,0.3563,0.3534,0.3543,603981.98
1728748800,0.3543,0.3566,0.3514,0.3523,1051888.15
1728763200,0.3523,0.3541,0.3516,0.353,738925.15
1728777600,0.353,0.3555,0.3516,0.355,699462.6
1728792000,0.355,0.3595,0.3546,0.3585,630947.4299999999
1728806400,0.3585,0.359,0.3519,0.3521,885630.55
1728820800,0.3521,0.3537,0.3444,0.3455,1111468.65
1728835200,0.3455,0.3486,0.3444,0.3472,1126784.08
1728849600,0.3472,0.3496,0.3456,0.3486,1069129.71
1728864000,0.3486,0.3562,0.3422,0.3556,1407404.19
1728878400,0.3556,0.3569,0.3503,0.3554,2528375.12
1728892800,0.3554,0.3566,0.3526,0.3555,1444949.74
1728907200,0.3555,0.3638,0.3534,0.3632,3479087.7299999995
1728921600,0.3632,0.3653,0.3608,0.3636,2131016.68
1728936000,0.3636,0.3653,0.3619,0.3643,1912950.02
1728950400,0.3643,0.3659,0.3596,0.3598,1058994.68
1728964800,0.3598,0.362,0.3567,0.3592,1289807.18
1728979200,0.3592,0.3667,0.3537,0.3551,1748724.52
1728993600,0.3551,0.371,0.348,0.3554,4124938.92
1729008000,0.3554,0.3638,0.3552,0.3574,2309293.7800000003
1729022400,0.3574,0.359,0.3508,0.359,1572750.42
1729036800,0.359,0.3606,0.3552,0.3553,1185510.67
1729051200,0.3553,0.3574,0.3511,0.3522,1046876.4
1729065600,0.3522,0.3609,0.3511,0.3593,2404758.2800000003
1729080000,0.3593,0.3605,0.3529,0.3537,2186735.54
1729094400,0.3537,0.3558,0.3514,0.3534,2161745.22
1729108800,0.3534,0.3563,0.3518,0.352,1196384.79
1729123200,0.352,0.3587,0.3506,0.3529,3298011.61
1729137600,0.3529,0.3532,0.3469,0.3482,1079001.79
1729152000,0.3482,0.349,0.3422,0.3433,1305386.21
1729166400,0.3433,0.3494,0.3429,0.3487,2869081.0700000003
1729180800,0.3487,0.3487,0.3394,0.343,1478713.22
1729195200,0.343,0.3445,0.3417,0.3432,660457.13
1729209600,0.3432,0.35,0.3425,0.3461,1338130.87
1729224000,0.3461,0.3487,0.3445,0.3476,639602.09
1729238400,0.3476,0.3482,0.3461,0.3462,467169.55
1729252800,0.3462,0.3504,0.3439,0.3494,2706043.39
1729267200,0.3494,0.3529,0.3477,0.3482,1891791.83
1729281600,0.3482,0.3508,0.3473,0.3505,923405.61
1729296000,0.3505,0.357,0.3502,0.3548,737232.23
1729310400,0.3548,0.3562,0.3527,0.3532,362569.17
1729324800,0.3532,0.3555,0.3497,0.3497,609933.67
1729339200,0.3497,0.3536,0.3495,0.3516,688219.0800000001
1729353600,0.3516,0.3527,0.3492,0.3497,1295419.67
1729368000,0.3497,0.3527,0.3494,0.3514,839337.94
1729382400,0.3514,0.3522,0.3482,0.3498,642447.51
1729396800,0.3498,0.3514,0.3491,0.3506,391023.72
1729411200,0.3506,0.3539,0.3497,0.353,794224.63
1729425600,0.353,0.3598,0.3519,0.3597,1876830.63
1729440000,0.3597,0.362,0.3589,0.3598,1555862.24
1729454400,0.3598,0.3656,0.3595,0.3649,1904281.19
1729468800,0.3649,0.3692,0.3647,0.3664,2008511.63
1729483200,0.3664,0.3724,0.3648,0.366,2676037.53
1729497600,0.366,0.3676,0.3612,0.362,1322575.25
1729512000,0.362,0.3632,0.3541,0.3577,3048513.25
1729526400,0.3577,0.3603,0.3531,0.3594,1628624.64
1729540800,0.3594,0.366,0.3585,0.3607,1651371.4
1729555200,0.3607,0.3678,0.3567,0.3641,1603031.02
1729569600,0.3641,0.3675,0.3624,0.3657,687062.5
1729584000,0.3657,0.3657,0.3579,0.3616,1859297.99
1729598400,0.3616,0.3653,0.3549,0.3631,2356725.66
1729612800,0.3631,0.3666,0.3597,0.3634,2667514.96
1729627200,0.3634,0.3664,0.3617,0.3641,1262315.2
1729641600,0.3641,0.3656,0.3602,0.3627,647554.89
1729656000,0.3627,0.3688,0.3613,0.3642,1425804.15
1729670400,0.3642,0.3675,0.3536,0.3538,2464156.37
1729684800,0.3538,0.3562,0.3488,0.3499,2833870.79
1729699200,0.3499,0.3501,0.3421,0.3494,3044623.65
1729713600,0.3494,0.3514,0.3471,0.3494,880114.8
1729728000,0.3494,0.3546,0.3478,0.3512,676546.35
1729742400,0.3512,0.3528,0.3453,0.3453,1320343.66
1729756800,0.3453,0.3476,0.3395,0.3425,2264477.63
1729771200,0.3425,0.3453,0.3412,0.3433,2728984.45
1729785600,0.3433,0.3486,0.3416,0.3483,2310606.55
1729800000,0.3483,0.3507,0.3456,0.3463,1852481.69
1729814400,0.3463,0.3468,0.3418,0.3441,1264594.22
1729828800,0.3441,0.3446,0.3373,0.3392,1687393.42
1729843200,0.3392,0.345,0.3369,0.3428,898577.89
1729857600,0.3428,0.3469,0.3399,0.3418,3618239.86
1729872000,0.3418,0.3437,0.3313,0.3358,3510732.31
1729886400,0.3358,0.3442,0.3171,0.3258,5859857.94
1729900800,0.3258,0.3321,0.3205,0.3311,3117908.87
1729915200,0.3311,0.3332,0.3306,0.332,1339008.3
1729929600,0.332,0.3322,0.3291,0.3303,1026798.83
1729944000,0.3303,0.3307,0.3235,0.3252,1163358.23
1729958400,0.3252,0.3316,0.3251,0.3315,792676.82
1729972800,0.3315,0.3345,0.3313,0.3334,735903.28
1729987200,0.3334,0.3335,0.3305,0.3335,518959.72
1730001600,0.3335,0.334,0.332,0.3334,432164.8000000001
1730016000,0.3334,0.3339,0.3313,0.3334,505200.5500000001
1730030400,0.3334,0.3396,0.3334,0.3393,957236.4
1730044800,0.3393,0.3417,0.3381,0.3392,874510.14
1730059200,0.3392,0.3419,0.3387,0.3395,972007.46
1730073600,0.3395,0.341,0.3324,0.3331,960072.72
1730088000,0.3331,0.3372,0.3301,0.3361,1049261.17
1730102400,0.3361,0.3396,0.3346,0.3386,620268.97
1730116800,0.3386,0.3404,0.3333,0.3333,1927259.27
1730131200,0.3333,0.3434,0.3312,0.3422,2400439.41
1730145600,0.3422,0.3478,0.3412,0.3435,1631502.21
1730160000,0.3435,0.3507,0.3426,0.3489,2654122.79
1730174400,0.3489,0.3496,0.3446,0.3468,1058053.56
1730188800,0.3468,0.3481,0.3454,0.3477,1452812.2
1730203200,0.3477,0.3507,0.3463,0.3503,1893006.07
1730217600,0.3503,0.3562,0.3503,0.3529,3524316.58
1730232000,0.3529,0.3569,0.3493,0.3561,1718162.7
1730246400,0.3561,0.3637,0.3548,0.3587,3682473.78
1730260800,0.3587,0.3609,0.3561,0.3566,1861941.97
1730275200,0.3566,0.3588,0.3516,0.3518,1655861.72
1730289600,0.3518,0.3565,0.3507,0.3545,1687947.96
1730304000,0.3545,0.3577,0.3541,0.3551,1419614.59
1730318400,0.3551,0.3591,0.3543,0.3551,1201523.19
1730332800,0.3551,0.3597,0.3544,0.3577,975376.31
1730347200,0.3577,0.3585,0.3536,0.3557,718186.9400000001
1730361600,0.3557,0.3611,0.3526,0.3588,800250.6499999999
1730376000,0.3588,0.3611,0.3446,0.3446,3295991.26
1730390400,0.3446,0.3462,0.3402,0.3405,2092753.88
1730404800,0.3405,0.3435,0.3402,0.3413,1464039.98
1730419200,0.3413,0.3427,0.3338,0.3397,2253057.34
1730433600,0.3397,0.3428,0.3376,0.3424,569096.5
1730448000,0.3424,0.3492,0.3418,0.3471,767146.6799999999
1730462400,0.3471,0.3616,0.347,0.3522,3681786.88
1730476800,0.3522,0.3588,0.3517,0.353,3106998.2
1730491200,0.353,0.3582,0.3514,0.3574,2029853.32
1730505600,0.3574,0.3636,0.3572,0.361,2204248.45
1730520000,0.361,0.3626,0.3547,0.3568,1086331.21
1730534400,0.3568,0.3591,0.3542,0.3581,550838.34
1730548800,0.3581,0.3586,0.3486,0.3541,1102552.45
1730563200,0.3541,0.3566,0.3505,0.3518,965641.37
1730577600,0.3518,0.352,0.3452,0.348,1073961.72
1730592000,0.348,0.3481,0.3355,0.3406,1693894.54
1730606400,0.3406,0.3441,0.34,0.3408,544396.78
1730620800,0.3408,0.341,0.3355,0.3356,639474.03
1730635200,0.3356,0.3373,0.33,0.3334,2286701.82
1730649600,0.3334,0.3354,0.3276,0.3337,1792172.94
1730664000,0.3337,0.3363,0.3318,0.334,1126821.79
1730678400,0.334,0.3366,0.3305,0.3333,1178599.61
1730692800,0.3333,0.334,0.3291,0.3303,667612.5599999999
1730707200,0.3303,0.3337,0.3289,0.3325,856985.51
1730721600,0.3325,0.3346,0.3219,0.328,2660237.4000000004
1730736000,0.328,0.3293,0.3242,0.328,1471818.13
1730750400,0.328,0.329,0.3202,0.3262,1663166.21
1730764800,0.3262,0.3304,0.326,0.3299,1074295.65
1730779200,0.3299,0.3314,0.3294,0.3311,821710.73
1730793600,0.3311,0.333,0.3301,0.3313,519035.41
1730808000,0.3313,0.3366,0.3305,0.3337,2420329.5500000003
1730822400,0.3337,0.3382,0.329,0.3303,1908637.28
1730836800,0.3303,0.3367,0.3292,0.3335,1608328.14
1730851200,0.3335,0.361,0.3335,0.3585,5691001.640000001
1730865600,0.3585,0.3659,0.356,0.3598,7633070.529999999
1730880000,0.3598,0.3607,0.353,0.3582,2550616.98
1730894400,0.3582,0.36,0.3516,0.3535,3671045.01
1730908800,0.3535,0.3584,0.3521,0.3575,2925224.92
1730923200,0.3575,0.3656,0.3575,0.3633,3146588.84
1730937600,0.3633,0.3786,0.3617,0.3736,5493578.84
1730952000,0.3736,0.3737,0.3661,0.3689,3206988.59
1730966400,0.3689,0.3728,0.3686,0.37,1733851.99
1730980800,0.37,0.3885,0.37,0.3885,5035935.65
1730995200,0.3885,0.3949,0.3854,0.3935,9970821.59
1731009600,0.3935,0.407,0.3935,0.4069,8606469.969999999
1731024000,0.4069,0.4225,0.4044,0.4222,11871660.44
1731038400,0.4222,0.4435,0.4194,0.4285,15278997.94
1731052800,0.4285,0.4373,0.4223,0.4355,6178153.11
1731067200,0.4355,0.4509,0.434,0.4504,12859742.31
1731081600,0.4504,0.459,0.437,0.4447,11680083.37
1731096000,0.4447,0.4461,0.436,0.4449,6134370.17
1731110400,0.4449,0.445,0.4288,0.4299,4966741.52
1731124800,0.4299,0.4399,0.4277,0.4354,4015659.87
1731139200,0.4354,0.4419,0.4347,0.4418,1825130.28
1731153600,0.4418,0.4448,0.4316,0.438,2797454.85
1731168000,0.438,0.4435,0.4329,0.4396,3713070.81
1731182400,0.4396,0.4983,0.4396,0.4967,14237249.56
1731196800,0.4967,0.541,0.4883,0.5331,29203658.84
1731211200,0.5331,0.5971,0.5331,0.5841,40029562.17
1731225600,0.5841,0.5993,0.5744,0.5874,17640094.73
1731240000,0.5874,0.6795,0.5865,0.599,52203917.91
1731254400,0.599,0.6353,0.5966,0.6124,31229799.94
1731268800,0.6124,0.6158,0.5396,0.5903,38184183.55
1731283200,0.5903,0.6129,0.5854,0.5987,18532458.44
1731297600,0.5987,0.5996,0.5651,0.5739,14617462.03
1731312000,0.5739,0.5987,0.5734,0.5974,10139414.53
1731326400,0.5974,0.6248,0.582,0.6022,25434515.76
1731340800,0.6022,0.6099,0.5888,0.5985,21140223.91
1731355200,0.5985,0.6226,0.5941,0.6137,27010111.64
1731369600,0.6137,0.6139,0.5783,0.5941,17076462.740000002
1731384000,0.5941,0.6239,0.5818,0.6124,16374611.5
1731398400,0.6124,0.6544,0.5595,0.5862,36023912.09
1731412800,0.5862,0.5923,0.5565,0.5709,21078489.6
1731427200,0.5709,0.5835,0.5557,0.5773,12976028.71
1731441600,0.5773,0.588,0.5687,0.5716,14427933.93
1731456000,0.5716,0.5748,0.5356,0.5356,15012312.06
1731470400,0.5356,0.5476,0.5198,0.535,12626840.26
1731484800,0.535,0.5444,0.5276,0.5387,7002243.800000001
1731499200,0.5387,0.6105,0.5302,0.5967,28418842.37
1731513600,0.5967,0.6007,0.5635,0.5707,18359102.67
1731528000,0.5707,0.5817,0.5569,0.579,14664440.94
1731542400,0.579,0.5823,0.5642,0.5734,8816665.58
1731556800,0.5734,0.5971,0.5659,0.5816,6881948.91
1731571200,0.5816,0.5836,0.5574,0.5684,7465399.63
1731585600,0.5684,0.5734,0.542,0.5483,14075236.35
1731600000,0.5483,0.5651,0.5466,0.5651,9175085.68
1731614400,0.5651,0.6,0.5559,0.579,21437575.49
1731628800,0.579,0.6012,0.575,0.5945,12933996.63
1731643200,0.5945,0.6279,0.5768,0.5901,18414718.94
1731657600,0.5901,0.6293,0.5839,0.614,15572768.34
1731672000,0.614,0.698,0.6138,0.6466,70845004.84
1731686400,0.6466,0.6821,0.6424,0.678,34002101.36
1731700800,0.678,0.7073,0.6615,0.7071,33088359.3
1731715200,0.7071,0.75,0.7028,0.7465,41713019.46
1731729600,0.7465,0.7583,0.7145,0.7257,29056926.22
1731744000,0.7257,0.7841,0.7094,0.7531,36312687.86
1731758400,0.7531,0.8191,0.7339,0.7457,60992219.35
1731772800,0.7457,0.7744,0.7394,0.7591,27853518.16
1731787200,0.7591,0.7673,0.7317,0.742,20520829.33
1731801600,0.742,0.7737,0.6908,0.7154,32017337.56
1731816000,0.7154,0.7297,0.7063,0.7182,14178564.41
1731830400,0.7182,0.7293,0.7075,0.7076,9118906.27
1731844800,0.7076,0.7332,0.7064,0.7259,9325053.52
1731859200,0.7259,0.7482,0.7106,0.7162,12741484.38
1731873600,0.7162,0.721,0.698,0.7027,11571155.76
1731888000,0.7027,0.7437,0.701,0.7372,16360732.42
1731902400,0.7372,0.7796,0.7343,0.7614,27935216.11
1731916800,0.7614,0.7834,0.7305,0.7346,19659661.58
1731931200,0.7346,0.7692,0.7176,0.7653,23949056.33
1731945600,0.7653,0.7678,0.7232,0.7375,18790394.47
1731960000,0.7375,0.7508,0.7325,0.7332,9782926.72
1731974400,0.7332,0.7535,0.7296,0.7528,9852010.19
1731988800,0.7528,0.7653,0.7374,0.7557,10991125.7
1732003200,0.7557,0.7559,0.7309,0.7384,9819508.04
1732017600,0.7384,0.7564,0.7235,0.7303,14591620.9
1732032000,0.7303,0.7527,0.7264,0.7471,12868741.59
1732046400,0.7471,0.7622,0.7213,0.7396,13063346.84
1732060800,0.7396,0.7782,0.7394,0.7707,22787397.28
1732075200,0.7707,0.8042,0.7621,0.7896,24010119.95
1732089600,0.7896,0.8487,0.7877,0.8268,39310286.1
1732104000,0.8268,0.844,0.8107,0.8358,32496373.32
1732118400,0.8358,0.8433,0.7849,0.7995,31355828.02
1732132800,0.7995,0.8223,0.7923,0.8008,18352239.5
1732147200,0.8008,0.8196,0.7678,0.7768,21807667.6
1732161600,0.7768,0.8025,0.771,0.7859,16183906.65
1732176000,0.7859,0.7942,0.7717,0.7864,12231417.65
1732190400,0.7864,0.8097,0.7707,0.7797,20857399.85
1732204800,0.7797,0.8123,0.7785,0.7967,23347094.78
1732219200,0.7967,0.8245,0.7861,0.8227,16843028.71
1732233600,0.8227,0.8893,0.8136,0.8709,54992987.17
1732248000,0.8709,0.901,0.8543,0.8562,34758282.85
1732262400,0.8562,0.9181,0.8526,0.9144,24781254.34
1732276800,0.9144,0.9323,0.8798,0.9271,55046629.96
1732291200,0.9271,0.989,0.9248,0.9688,82298557.48
1732305600,0.9688,1.046,0.968,1.019,89593212.59
1732320000,1.019,1.154,1.017,1.093,124328295.51
1732334400,1.093,1.109,1.038,1.096,40484722.72
1732348800,1.096,1.11,1.068,1.086,28888626.78
1732363200,1.086,1.149,1.062,1.106,50796480.63
1732377600,1.106,1.132,1.025,1.068,66629138.120000005
1732392000,1.068,1.093,1.031,1.067,33152896.76
1732406400,1.067,1.099,1.053,1.083,31367015.87
1732420800,1.083,1.092,1.047,1.073,24187221.09
1732435200,1.073,1.079,0.9996,1.005,26250769.26
1732449600,1.005,1.021,0.9406,0.9489,62573767.42
1732464000,0.9489,1.005,0.9432,0.9834,38439171.49
1732478400,0.9834,1.04,0.979,1.024,28693298.8
1732492800,1.024,1.024,0.9743,1.014,20879324.67
1732507200,1.014,1.079,1.014,1.04,28737088.52
1732521600,1.04,1.074,1.038,1.05,17828734.97
1732536000,1.05,1.061,0.971,1.007,33322887.59
1732550400,1.007,1.019,0.9802,1.004,32100890.31
1732564800,1.004,1.011,0.9274,0.9435,41151097.77
1732579200,0.9435,0.9818,0.9384,0.9715,18447257.4
1732593600,0.9715,0.9905,0.9532,0.9597,10309050.87
1732608000,0.9597,0.9598,0.8728,0.9054,39914591.760000005
1732622400,0.9054,0.9361,0.8875,0.9072,31218871.9
1732636800,0.9072,0.9458,0.893,0.9413,24618178.41
1732651200,0.9413,0.9653,0.9317,0.9603,23064218.65
1732665600,0.9603,0.9723,0.9315,0.9482,12557239.52
1732680000,0.9482,0.9875,0.9463,0.9832,16306072.56
1732694400,0.9832,1.025,0.9683,1.007,24132937.43
1732708800,1.007,1.042,0.9777,1.035,29684549.73
1732723200,1.035,1.04,1.006,1.019,27509435.62
1732737600,1.019,1.04,1.002,1.013,20128063.34
1732752000,1.013,1.031,0.989,1.007,14872331.93
1732766400,1.007,1.027,0.9911,0.9966,8129502.84
1732780800,0.9966,1.003,0.9822,0.9976,8285325.02
1732795200,0.9976,1.01,0.9707,0.9774,12225898.74
1732809600,0.9774,1.007,0.9773,1.002,8622627.26
1732824000,1.002,1.049,0.9959,1.032,15921469.81
1732838400,1.032,1.062,1.028,1.049,20051670.12
1732852800,1.049,1.078,1.036,1.046,19452775.35
1732867200,1.046,1.087,1.044,1.065,15636963.74
1732881600,1.065,1.1,1.054,1.076,30286667.49
1732896000,1.076,1.083,1.039,1.052,25393226.05
1732910400,1.052,1.086,1.045,1.076,18754745.35
1732924800,1.076,1.088,1.051,1.07,22541853.44
1732939200,1.07,1.145,1.061,1.129,36507194.36
1732953600,1.129,1.15,1.078,1.096,25156925.61
1732968000,1.096,1.096,1.072,1.093,15375379.13
1732982400,1.093,1.095,1.08,1.087,11207144.79
1732996800,1.087,1.097,1.074,1.079,16857889.26
1733011200,1.079,1.085,1.038,1.051,20440478.11
1733025600,1.051,1.061,1.044,1.057,7629288.449999999
1733040000,1.057,1.079,1.056,1.072,8727101.969999999
1733054400,1.072,1.075,1.059,1.074,10945673.91
1733068800,1.074,1.098,1.057,1.094,22680564.16
1733083200,1.094,1.164,1.076,1.15,77085863.69
1733097600,1.15,1.191,1.128,1.141,66716588.33
1733112000,1.141,1.169,1.117,1.142,34311515.07
1733126400,1.142,1.158,1.057,1.073,33127807.5
1733140800,1.073,1.225,1.068,1.209,88204809.72
1733155200,1.209,1.243,1.156,1.219,96149643.83
1733169600,1.219,1.234,1.175,1.202,44748443.39
1733184000,1.202,1.327,1.184,1.299,109556141.23
1733198400,1.299,1.312,1.253,1.268,52279106.92
1733212800,1.268,1.304,1.232,1.285,34929228.68
1733227200,1.285,1.309,1.141,1.198,81728940.35
1733241600,1.198,1.226,1.169,1.189,38541489.31
1733256000,1.189,1.236,1.184,1.192,36265860.17
1733270400,1.192,1.22,1.181,1.21,26079643.45
1733284800,1.21,1.241,1.209,1.23,17484043.369999997
1733299200,1.23,1.242,1.218,1.224,15292247.17
1733313600,1.224,1.228,1.185,1.191,30756294.71
1733328000,1.191,1.198,1.141,1.192,54339986.6
1733342400,1.192,1.212,1.165,1.189,36375097.02
1733356800,1.189,1.24,1.117,1.183,67608662.02000001
1733371200,1.183,1.214,1.174,1.207,24062679.27
1733385600,1.207,1.238,1.206,1.225,22366640.99
1733400000,1.225,1.234,1.187,1.212,29551320.0
1733414400,1.212,1.246,1.186,1.189,34526875.69
1733428800,1.189,1.207,1.144,1.161,39529324.8
1733443200,1.161,1.194,1.153,1.189,21064125.03
1733457600,1.189,1.201,1.185,1.19,11235661.01
1733472000,1.19,1.194,1.15,1.163,16917987.58
1733486400,1.163,1.225,1.136,1.207,40077556.98
1733500800,1.207,1.232,1.198,1.227,33269766.29
1733515200,1.227,1.239,1.212,1.229,23358414.49
1733529600,1.229,1.238,1.2,1.204,18154106.81
1733544000,1.204,1.217,1.201,1.211,9588914.17
1733558400,1.211,1.218,1.19,1.207,12419408.87
1733572800,1.207,1.221,1.199,1.221,10519068.26
1733587200,1.221,1.229,1.195,1.209,18693513.48
1733601600,1.209,1.22,1.201,1.211,15636839.31
1733616000,1.211,1.225,1.203,1.21,15698003.84
1733630400,1.21,1.215,1.181,1.203,20008272.0
1733644800,1.203,1.22,1.174,1.208,14018687.29
1733659200,1.208,1.217,1.178,1.188,22952995.71
1733673600,1.188,1.197,1.176,1.182,17726572.83
1733688000,1.182,1.2,1.175,1.195,12622081.45
1733702400,1.195,1.195,1.151,1.164,19446236.46
1733716800,1.164,1.179,1.14,1.158,16283369.44
1733731200,1.158,1.158,1.099,1.103,38109901.73
1733745600,1.103,1.151,1.093,1.115,29690986.58
1733760000,1.115,1.133,1.105,1.106,17416239.04
1733774400,1.106,1.108,0.9062,1.005,144735561.49
1733788800,1.005,1.041,0.9441,0.9917,57420516.4
1733803200,0.9917,1.023,0.9654,1.015,26797103.37
1733817600,1.015,1.038,0.9977,1.02,31424197.18
1733832000,1.02,1.023,0.9479,0.9491,46773285.69
1733846400,0.9491,0.973,0.9102,0.9651,53796295.54
1733860800,0.9651,1.029,0.9603,1.022,38648849.46
1733875200,1.022,1.025,0.9722,1.011,25583591.74
1733889600,1.011,1.02,0.9945,0.9957,10734227.26
1733904000,0.9957,1.034,0.9955,1.024,11641356.96
1733918400,1.024,1.116,1.024,1.096,50689669.65
1733932800,1.096,1.103,1.07,1.082,31968430.05
1733947200,1.082,1.099,1.078,1.087,14179799.44
1733961600,1.087,1.14,1.073,1.131,25760841.58
1733976000,1.131,1.182,1.13,1.157,35517231.35
1733990400,1.157,1.179,1.131,1.14,17695796.2
1734004800,1.14,1.16,1.121,1.139,27415887.94
1734019200,1.139,1.155,1.105,1.108,26458977.94
1734033600,1.108,1.138,1.106,1.123,18320876.94
1734048000,1.123,1.131,1.092,1.108,15687893.85
1734062400,1.108,1.11,1.077,1.089,12205652.96
1734076800,1.089,1.108,1.081,1.095,8895385.95
1734091200,1.095,1.13,1.083,1.085,21333483.12
1734105600,1.085,1.112,1.082,1.104,15484480.58
1734120000,1.104,1.122,1.101,1.121,10152528.06
1734134400,1.121,1.129,1.108,1.117,9585217.12
1734148800,1.117,1.133,1.105,1.118,9316462.37
1734163200,1.118,1.125,1.095,1.098,6128721.34
1734177600,1.098,1.1,1.064,1.079,14353890.42
1734192000,1.079,1.079,1.051,1.06,12749892.580000002
1734206400,1.06,1.064,1.043,1.061,13003011.760000002
1734220800,1.061,1.076,1.05,1.062,6919872.53
1734235200,1.062,1.078,1.039,1.049,6413160.15
1734249600,1.049,1.096,1.048,1.078,7812640.109999999
1734264000,1.078,1.094,1.076,1.087,8001312.45
1734278400,1.087,1.095,1.08,1.086,7238433.2
1734292800,1.086,1.112,1.052,1.099,17779838.15
1734307200,1.099,1.118,1.068,1.073,18391406.93
1734321600,1.073,1.098,1.069,1.09,8436450.39
1734336000,1.09,1.097,1.05,1.054,9875608.18
1734350400,1.054,1.08,1.047,1.067,14554295.45
1734364800,1.067,1.121,1.067,1.104,31938881.03
1734379200,1.104,1.107,1.076,1.078,10179133.79
1734393600,1.078,1.079,1.061,1.076,10344658.55
1734408000,1.076,1.076,1.056,1.06,9301286.93
1734422400,1.06,1.111,1.059,1.098,14654946.74
1734436800,1.098,1.111,1.063,1.071,16761938.65
1734451200,1.071,1.098,1.064,1.073,12442465.91
1734465600,1.073,1.083,1.042,1.052,17559036.72
1734480000,1.052,1.061,1.036,1.037,11740901.72
1734494400,1.037,1.038,1.014,1.023,14536633.93
1734508800,1.023,1.05,1.017,1.05,7891344.619999999
1734523200,1.05,1.05,1.009,1.023,11665973.38
1734537600,1.023,1.058,1.01,1.01,17426773.98
1734552000,1.01,1.016,0.9637,0.9682,46834034.55
1734566400,0.9682,0.9807,0.9165,0.9773,34095529.8
1734580800,0.9773,0.9882,0.9706,0.9822,7209873.94
1734595200,0.9822,0.9884,0.9633,0.9852,9343443.08
1734609600,0.9852,0.9863,0.9215,0.9436,24945411.68
1734624000,0.9436,0.9499,0.8568,0.8753,57184245.83
1734638400,0.8753,0.9009,0.8464,0.8801,28594104.64
1734652800,0.8801,0.9174,0.8674,0.9042,18496724.38
1734667200,0.9042,0.9083,0.8706,0.8879,14170034.86
1734681600,0.8879,0.8882,0.7615,0.7615,62678587.25
1734696000,0.7615,0.8907,0.761,0.8754,42603710.65
1734710400,0.8754,0.9231,0.8695,0.9106,21638038.73
1734724800,0.9106,0.9589,0.9003,0.9496,32536261.6
1734739200,0.9496,0.9596,0.9358,0.9479,11485029.76
1734753600,0.9479,0.9975,0.9455,0.9885,15683015.1
1734768000,0.9885,0.9955,0.9513,0.9596,14212887.62
1734782400,0.9596,0.9596,0.8917,0.921,20983067.6
1734796800,0.921,0.9228,0.8861,0.9036,13646333.19
1734811200,0.9036,0.9294,0.8928,0.9046,14418005.44
1734825600,0.9046,0.9101,0.8818,0.8996,11660726.73
1734840000,0.8996,0.9029,0.8691,0.8896,8697718.129999999
1734854400,0.8896,0.9241,0.8891,0.912,5259140.15
1734868800,0.912,0.9177,0.8753,0.8871,7235300.199999999
1734883200,0.8871,0.902,0.8709,0.8741,9368238.86
1734897600,0.8741,0.898,0.8581,0.8825,12621977.37
1734912000,0.8825,0.9106,0.8614,0.908,14956275.3
1734926400,0.908,0.9148,0.8724,0.8846,7319448.859999999
1734940800,0.8846,0.9101,0.881,0.894,7671003.62
1734955200,0.894,0.9019,0.8628,0.8644,13581866.42
1734969600,0.8644,0.9019,0.8634,0.8898,14981134.32
1734984000,0.8898,0.9412,0.8891,0.9253,22625632.89
1734998400,0.9253,0.9297,0.8921,0.9103,8111048.66
1735012800,0.9103,0.9156,0.8942,0.8982,5971267.61
1735027200,0.8982,0.9081,0.8907,0.9027,3729282.81
1735041600,0.9027,0.9496,0.8935,0.9434,13508639.03
1735056000,0.9434,0.9489,0.9255,0.9255,13777721.14
1735070400,0.9255,0.9414,0.9137,0.9353,9897262.41
1735084800,0.9353,0.9392,0.9212,0.9243,7397711.95
1735099200,0.9243,0.9317,0.9146,0.9159,3835707.96
1735113600,0.9159,0.9391,0.9095,0.911,5224875.75
1735128000,0.911,0.922,0.9027,0.9118,6817166.4
1735142400,0.9118,0.9172,0.8992,0.9161,4096905.42
1735156800,0.9161,0.9202,0.904,0.9169,4030880.3
1735171200,0.9169,0.9273,0.8974,0.8998,6183349.140000001
1735185600,0.8998,0.8998,0.8825,0.8849,5841679.97
1735200000,0.8849,0.8863,0.8602,0.8711,5627125.21
1735214400,0.8711,0.8758,0.8623,0.8662,4912072.76
1735228800,0.8662,0.8755,0.8517,0.8641,9335283.07
1735243200,0.8641,0.866,0.8502,0.8602,6718094.63
1735257600,0.8602,0.8726,0.8545,0.8697,5690145.19
1735272000,0.8697,0.8825,0.8562,0.863,5337586.7
1735286400,0.863,0.9133,0.8628,0.9045,8512693.86
1735300800,0.9045,0.9069,0.8667,0.8732,9498950.34
1735315200,0.8732,0.8969,0.8636,0.8917,8923210.09
1735329600,0.8917,0.8933,0.8689,0.8758,5861321.45
1735344000,0.8758,0.8791,0.8652,0.8747,4511544.51
1735358400,0.8747,0.8817,0.8654,0.8668,2051193.0
1735372800,0.8668,0.8747,0.866,0.8726,1765984.8099999998
1735387200,0.8726,0.8905,0.8655,0.8743,3856169.38
1735401600,0.8743,0.8921,0.8718,0.8826,5097675.55
1735416000,0.8826,0.8981,0.8797,0.8881,3765360.59
1735430400,0.8881,0.891,0.8803,0.891,2694539.6
1735444800,0.891,0.8942,0.8815,0.8937,1710426.58
1735459200,0.8937,0.8981,0.8844,0.8942,2803970.5
1735473600,0.8942,0.9106,0.8823,0.8826,8065275.48
1735488000,0.8826,0.8827,0.8658,0.868,6992785.94
1735502400,0.868,0.8724,0.8501,0.8574,12067091.67
1735516800,0.8574,0.9028,0.8537,0.8708,10255002.37
1735531200,0.8708,0.8783,0.8597,0.8681,4852479.03
1735545600,0.8681,0.8757,0.862,0.87,2223234.55
1735560000,0.87,0.8778,0.8284,0.8391,13388697.0
1735574400,0.8391,0.8699,0.8284,0.8688,15927228.96
1735588800,0.8688,0.8802,0.8467,0.86,17383893.3
1735603200,0.86,0.8619,0.8453,0.8475,5938141.66
1735617600,0.8475,0.8535,0.8387,0.8451,6053594.8
1735632000,0.8451,0.8707,0.8444,0.8563,6009952.34
1735646400,0.8563,0.8775,0.8537,0.8685,7532369.81
1735660800,0.8685,0.871,0.8404,0.8478,6609017.68
1735675200,0.8478,0.8533,0.8407,0.8435,6222506.74
1735689600,0.8435,0.8589,0.842,0.8505,5057748.38
1735704000,0.8505,0.8575,0.8466,0.8499,4651865.390000001
1735718400,0.8499,0.8548,0.8368,0.8516,3071337.63
1735732800,0.8516,0.8766,0.8515,0.8753,5745792.67
1735747200,0.8753,0.9332,0.873,0.9156,24661975.26
1735761600,0.9156,0.9309,0.9096,0.9204,11871919.13
1735776000,0.9204,0.9545,0.9202,0.9402,13104730.46
1735790400,0.9402,0.9475,0.9231,0.9324,6951433.02
1735804800,0.9324,0.9716,0.9276,0.9699,9420767.02
1735819200,0.9699,0.9811,0.9484,0.9539,14158826.99
1735833600,0.9539,0.9642,0.9447,0.9565,11201967.18
1735848000,0.9565,0.9667,0.9546,0.9604,4752831.85
1735862400,0.9604,1.029,0.9563,1.026,15870484.42
1735876800,1.026,1.046,1.005,1.035,21939700.61
1735891200,1.035,1.087,1.034,1.073,22229866.11
1735905600,1.073,1.1,1.059,1.085,33419148.8
1735920000,1.085,1.112,1.078,1.096,31544799.78
1735934400,1.096,1.118,1.085,1.089,25572215.48
1735948800,1.089,1.114,1.076,1.091,14043782.67
1735963200,1.091,1.096,1.073,1.074,10499975.38
1735977600,1.074,1.076,1.056,1.061,10176327.96
1735992000,1.061,1.093,1.059,1.065,12622372.04
1736006400,1.065,1.078,1.063,1.073,6504280.92
1736020800,1.073,1.082,1.069,1.07,7113934.74
1736035200,1.07,1.076,1.052,1.058,8461552.03
1736049600,1.058,1.112,1.058,1.093,17345031.95
1736064000,1.093,1.096,1.072,1.073,11414418.01
1736078400,1.073,1.102,1.068,1.09,17018036.73
1736092800,1.09,1.098,1.078,1.092,12434782.3
1736107200,1.092,1.104,1.082,1.091,8993670.57
1736121600,1.091,1.108,1.075,1.09,15962700.44
1736136000,1.09,1.094,1.076,1.078,7480720.46
1736150400,1.078,1.086,1.072,1.085,9585180.52
1736164800,1.085,1.103,1.063,1.095,17341052.42
1736179200,1.095,1.116,1.088,1.108,21015554.11
1736193600,1.108,1.113,1.091,1.094,12615314.57
1736208000,1.094,1.101,1.081,1.088,15749195.97
1736222400,1.088,1.104,1.085,1.103,6504991.26
1736236800,1.103,1.151,1.103,1.134,26643505.32
1736251200,1.134,1.141,1.031,1.044,43120831.010000005
1736265600,1.044,1.064,1.003,1.009,28380598.62
1736280000,1.009,1.018,0.9878,0.9892,20751428.96
1736294400,0.9892,1.024,0.9855,0.998,17265520.39
1736308800,0.998,1.001,0.9621,0.9827,11055588.59
1736323200,0.9827,1.008,0.9744,0.9834,9667736.15
1736337600,0.9834,0.9992,0.961,0.9742,15390906.55
1736352000,0.9742,0.978,0.9102,0.913,36739398.29
1736366400,0.913,0.9538,0.9098,0.9468,21581885.46
1736380800,0.9468,0.9618,0.9336,0.9359,13455412.14
1736395200,0.9359,0.9417,0.909,0.9138,9571992.18
1736409600,0.9138,0.9267,0.897,0.9113,19767945.18
1736424000,0.9113,0.9363,0.8803,0.929,21296596.01
1736438400,0.929,0.9364,0.8953,0.8969,15770100.29
1736452800,0.8969,0.915,0.8835,0.9045,10999829.3
1736467200,0.9045,0.9268,0.9042,0.9211,6990796.220000001
1736481600,0.9211,0.9709,0.9143,0.9631,10143802.27
1736496000,0.9631,0.9739,0.9489,0.9547,11133913.84
1736510400,0.9547,0.9595,0.9047,0.9289,18934345.47
1736524800,0.9289,0.9567,0.9157,0.9424,11297907.51
1736539200,0.9424,0.9431,0.9254,0.9303,4245542.19
1736553600,0.9303,0.9319,0.9177,0.9186,4538365.390000001
1736568000,0.9186,0.9285,0.9159,0.9197,3713900.51
1736582400,0.9197,0.9497,0.9135,0.9438,5894343.140000001
1736596800,0.9438,0.9453,0.9293,0.9366,4946073.35
1736611200,0.9366,0.9565,0.9317,0.9551,10084165.19
1736625600,0.9551,1.016,0.9519,0.9948,23108503.99
1736640000,0.9948,1.036,0.9855,1.025,24653425.89
1736654400,1.025,1.026,0.9961,1.002,8952627.29
1736668800,1.002,1.008,0.9755,0.9883,9009251.19
1736683200,0.9883,1.004,0.9827,0.9929,8010498.479999999
1736697600,0.9929,0.9977,0.981,0.9855,5698839.970000001
1736712000,0.9855,0.9861,0.961,0.9672,7456728.02
1736726400,0.9672,0.9931,0.9432,0.9479,12808517.96
1736740800,0.9479,0.9618,0.9285,0.9356,7699230.07
1736755200,0.9356,0.9359,0.8923,0.8925,18050621.91
1736769600,0.8925,0.9418,0.8774,0.9261,38975444.65
1736784000,0.9261,0.9307,0.901,0.9121,11542296.7
1736798400,0.9121,0.9544,0.9071,0.9441,14264303.76
1736812800,0.9441,0.9546,0.9381,0.9495,6691291.94
1736827200,0.9495,0.9649,0.9438,0.9555,11097782.18
1736841600,0.9555,0.9901,0.9555,0.9653,12360737.59
1736856000,0.9653,0.9963,0.9552,0.9818,16996933.35
1736870400,0.9818,1.01,0.9685,0.9957,21658710.48
1736884800,0.9957,0.9994,0.986,0.9968,7602098.77
1736899200,0.9968,1.034,0.9832,1.022,19581079.09
1736913600,1.022,1.056,1.012,1.05,16204775.76
1736928000,1.05,1.057,0.9926,1.002,15943840.53
1736942400,1.002,1.076,0.9916,1.064,32653445.88
1736956800,1.064,1.082,1.05,1.063,21616136.26
1736971200,1.063,1.089,1.05,1.076,22457735.26
1736985600,1.076,1.078,1.036,1.051,20229060.11
1737000000,1.051,1.065,1.049,1.057,5813000.609999999
1737014400,1.057,1.067,1.027,1.066,13335099.34
1737028800,1.066,1.114,1.055,1.102,40602869.14
1737043200,1.102,1.145,1.101,1.136,39912202.15
1737057600,1.136,1.139,1.08,1.089,22125232.45
1737072000,1.089,1.127,1.086,1.117,18248529.45
1737086400,1.117,1.134,1.109,1.115,11069647.18
1737100800,1.115,1.136,1.107,1.125,13700409.47
1737115200,1.125,1.13,1.097,1.111,17936785.46
1737129600,1.111,1.15,1.107,1.139,25346109.62
1737144000,1.139,1.167,1.126,1.134,33492276.6
1737158400,1.134,1.147,1.097,1.106,17452807.75
1737172800,1.106,1.111,1.058,1.064,20734402.93
1737187200,1.064,1.074,1.05,1.071,15815041.09
1737201600,1.071,1.095,1.061,1.071,13125526.43
1737216000,1.071,1.075,1.05,1.072,17467511.0
1737230400,1.072,1.105,1.056,1.103,15450318.39
1737244800,1.103,1.151,1.084,1.087,33616492.94
1737259200,1.087,1.092,1.058,1.066,17105918.04
1737273600,1.066,1.066,1.005,1.018,35810601.01
1737288000,1.018,1.089,1.018,1.072,24774731.8
1737302400,1.072,1.087,1.065,1.079,17072534.87
1737316800,1.079,1.088,0.9625,0.9919,68638675.48
1737331200,0.9919,1.01,0.9602,1.006,31448650.16
1737345600,1.006,1.088,0.9929,1.076,26691214.57
1737360000,1.076,1.1,1.065,1.081,23578572.17
1737374400,1.081,1.085,1.036,1.047,31958874.3
1737388800,1.047,1.059,0.9777,1.033,43531610.23
1737403200,1.033,1.033,0.9953,1.008,19145599.94
1737417600,1.008,1.012,0.9795,0.9936,16904145.34
1737432000,0.9936,0.9943,0.9648,0.9754,16108074.72
1737446400,0.9754,1.001,0.9505,0.9995,22777802.25
1737460800,0.9995,1.009,0.9773,0.993,13595345.28
1737475200,0.993,1.029,0.9906,1.015,20383309.52
1737489600,1.015,1.017,0.9974,1.006,10025415.31
1737504000,1.006,1.02,0.9987,1.003,7902902.069999999
1737518400,1.003,1.007,0.9872,0.9902,7435349.35
1737532800,0.9902,1.015,0.9785,1.014,10069826.19
1737547200,1.014,1.02,0.9837,0.9908,13760972.88
1737561600,0.9908,1.004,0.9784,0.996,11579624.34
1737576000,0.996,1.005,0.9758,0.9821,11472532.7
1737590400,0.9821,0.9879,0.9604,0.9733,11892585.61
1737604800,0.9733,0.9746,0.9596,0.9713,8504011.36
1737619200,0.9713,0.973,0.951,0.966,11709018.65
1737633600,0.966,1.001,0.9532,0.9951,18884592.15
1737648000,0.9951,1.012,0.9651,0.9696,17317981.43
1737662400,0.9696,1.003,0.9628,0.9865,18182955.19
1737676800,0.9865,0.9899,0.9638,0.9832,12017635.02
1737691200,0.9832,1.009,0.9765,0.9977,13253398.84
1737705600,0.9977,1.005,0.9936,0.9996,5942582.5
1737720000,0.9996,1.007,0.987,0.9951,8749067.379999999
1737734400,0.9951,0.9995,0.9842,0.9882,10004030.88
1737748800,0.9882,0.9915,0.9671,0.9715,10651899.87
1737763200,0.9715,0.9881,0.9644,0.988,5898335.1
1737777600,0.988,0.9894,0.9705,0.976,4991994.18
1737792000,0.976,0.9811,0.9684,0.98,3863474.23
1737806400,0.98,0.9889,0.9724,0.987,5349102.18
1737820800,0.987,0.9915,0.9772,0.9843,6169004.76
1737835200,0.9843,0.9876,0.9749,0.9764,3991947.29
1737849600,0.9764,0.9862,0.9738,0.9831,5845513.220000001
1737864000,0.9831,0.9923,0.9816,0.9922,4747864.79
1737878400,0.9922,0.9942,0.979,0.9866,3500578.43
1737892800,0.9866,0.9947,0.9843,0.9922,4203015.35
1737907200,0.9922,1.0,0.9876,0.9989,7659352.07
1737921600,0.9989,0.9993,0.9517,0.9528,13958594.0
1737936000,0.9528,0.9583,0.9147,0.9283,23522471.33
1737950400,0.9283,0.9283,0.8566,0.8871,28090226.67
1737964800,0.8871,0.8923,0.8667,0.8804,15202711.6
1737979200,0.8804,0.9277,0.8801,0.9186,21511775.09
1737993600,0.9186,0.928,0.8939,0.9049,12795766.49
1738008000,0.9049,0.9461,0.9048,0.9343,9530539.69
1738022400,0.9343,0.9439,0.9244,0.942,6604820.27
1738036800,0.942,0.9639,0.9414,0.9575,10063932.92
1738051200,0.9575,0.9682,0.9446,0.9609,7160403.140000001
1738065600,0.9609,0.9679,0.9451,0.9589,9121277.67
1738080000,0.9589,0.9602,0.929,0.9345,12605861.24
1738094400,0.9345,0.9362,0.9028,0.9164,8781900.2
1738108800,0.9164,0.9411,0.9152,0.9395,6200247.82
1738123200,0.9395,0.9499,0.9359,0.9434,4939237.02
1738137600,0.9434,0.9462,0.9253,0.9325,6277063.29
1738152000,0.9325,0.9343,0.9119,0.9221,9193501.03
1738166400,0.9221,0.9522,0.9021,0.9352,22667419.68
1738180800,0.9352,0.9764,0.9252,0.9399,17671141.810000002
1738195200,0.9399,0.9683,0.9367,0.9674,6876406.76
1738209600,0.9674,0.9708,0.9548,0.9615,7003641.45
1738224000,0.9615,0.9672,0.9564,0.9637,2679520.12
1738238400,0.9637,0.9882,0.9506,0.976,11604487.77
1738252800,0.976,0.9805,0.962,0.9684,9002654.76
1738267200,0.9684,0.9704,0.9593,0.9596,6082765.25
1738281600,0.9596,0.9619,0.9382,0.9432,7815996.16
1738296000,0.9432,0.9644,0.9362,0.9517,4420784.8100000005
1738310400,0.9517,0.9759,0.944,0.9743,4498736.640000001
1738324800,0.9743,0.9833,0.9636,0.9795,9647662.51
1738339200,0.9795,0.9834,0.9437,0.9458,11043182.53
1738353600,0.9458,0.9501,0.9348,0.9423,11381293.67
1738368000,0.9423,0.957,0.9391,0.9449,4267865.94
1738382400,0.9449,0.955,0.9362,0.9373,3751403.96
1738396800,0.9373,0.9391,0.9187,0.9325,4810243.83
1738411200,0.9325,0.9363,0.9182,0.927,4549929.62
1738425600,0.927,0.9328,0.9082,0.9144,5716646.31
1738440000,0.9144,0.9187,0.8877,0.8946,14868385.41
1738454400,0.8946,0.9112,0.8666,0.8684,12263318.45
1738468800,0.8684,0.8958,0.8657,0.8796,10490316.69
1738483200,0.8796,0.8971,0.8638,0.8689,9072200.13
1738497600,0.8689,0.8825,0.8578,0.8698,18341552.75
1738512000,0.8698,0.8706,0.7855,0.8153,58356236.82000001
1738526400,0.8153,0.827,0.7524,0.8043,34625906.27
1738540800,0.8043,0.805,0.5455,0.6602,105441804.08
1738555200,0.6602,0.7219,0.6269,0.7196,37861791.16
1738569600,0.7196,0.7198,0.6844,0.7132,32720551.88
1738584000,0.7132,0.7726,0.6732,0.7674,51028764.35
1738598400,0.7674,0.8054,0.7571,0.8025,47616886.48
1738612800,0.8025,0.8266,0.7773,0.8129,23632965.87
1738627200,0.8129,0.8206,0.7861,0.7928,15785526.4
1738641600,0.7928,0.7954,0.7156,0.7175,25781752.11
1738656000,0.7175,0.7599,0.7175,0.7475,12073484.29
1738670400,0.7475,0.7795,0.7472,0.7588,22930952.41
1738684800,0.7588,0.7908,0.7505,0.7527,19470338.6
1738699200,0.7527,0.7617,0.7218,0.744,24099472.38
1738713600,0.744,0.7593,0.7387,0.7537,10563987.86
1738728000,0.7537,0.759,0.7413,0.7516,7991135.290000001
1738742400,0.7516,0.7699,0.7463,0.7687,6087872.83
1738756800,0.7687,0.7763,0.7537,0.7631,13986406.17
1738771200,0.7631,0.7655,0.7281,0.7486,14225135.02
1738785600,0.7486,0.7532,0.7252,0.7324,8343865.859999999
1738800000,0.7324,0.7528,0.7313,0.7498,5269235.95
1738814400,0.7498,0.7658,0.7484,0.7599,5306030.32
1738828800,0.7599,0.7658,0.7487,0.7561,3950822.03
1738843200,0.7561,0.7572,0.7034,0.711,13395962.47
1738857600,0.711,0.7249,0.6989,0.7022,14369237.07
1738872000,0.7022,0.7215,0.6987,0.7053,9604517.98
1738886400,0.7053,0.7329,0.7044,0.7231,8126401.02
1738900800,0.7231,0.729,0.7034,0.7141,4501540.92
1738915200,0.7141,0.7378,0.7112,0.7333,8248883.720000001
1738929600,0.7333,0.7533,0.7207,0.7313,15862456.239999998
1738944000,0.7313,0.735,0.7147,0.7149,8381480.38
1738958400,0.7149,0.7215,0.6906,0.7076,12911190.97
1738972800,0.7076,0.7171,0.6988,0.7011,6443523.470000001
1738987200,0.7011,0.7032,0.6874,0.6993,5248414.3
1739001600,0.6993,0.7011,0.6849,0.6912,4053182.58
1739016000,0.6912,0.7,0.6855,0.6891,5090422.29
1739030400,0.6891,0.7045,0.6817,0.6996,5475075.68
1739044800,0.6996,0.7063,0.6956,0.7008,2862880.73
1739059200,0.7008,0.7159,0.6963,0.7126,4882589.62
1739073600,0.7126,0.713,0.699,0.7044,4617414.07
1739088000,0.7044,0.7077,0.6967,0.6977,4440526.91
1739102400,0.6977,0.7004,0.6773,0.6946,9804558.9
1739116800,0.6946,0.6986,0.679,0.6822,4575465.4
1739131200,0.6822,0.6906,0.6503,0.6819,19986387.51
1739145600,0.6819,0.6977,0.6637,0.6873,9959278.99
1739160000,0.6873,0.7,0.684,0.6963,4455825.75
1739174400,0.6963,0.7058,0.6948,0.7008,2968842.58
1739188800,0.7008,0.7176,0.6924,0.6991,6519109.77
1739203200,0.6991,0.7063,0.6967,0.7,6066099.41
1739217600,0.7,0.7243,0.6986,0.7121,9719149.84
1739232000,0.7121,0.7592,0.7106,0.7512,25534954.06
1739246400,0.7512,0.8143,0.7469,0.8023,30283439.33
1739260800,0.8023,0.8224,0.792,0.8081,18785023.88
1739275200,0.8081,0.819,0.7815,0.7959,20526358.1
1739289600,0.7959,0.8028,0.7504,0.7643,25289362.32
1739304000,0.7643,0.7976,0.7592,0.7782,21247264.71
1739318400,0.7782,0.7873,0.7559,0.7637,12787913.29
1739332800,0.7637,0.7745,0.7534,0.7699,9689873.05
1739347200,0.7699,0.8,0.7666,0.7866,9017268.82
1739361600,0.7866,0.7991,0.747,0.7712,23125902.07
1739376000,0.7712,0.7926,0.7594,0.7878,13969273.08
1739390400,0.7878,0.8077,0.784,0.7999,10579325.49
1739404800,0.7999,0.8039,0.7859,0.7881,8176265.97
1739419200,0.7881,0.7888,0.7698,0.7847,9425887.22
1739433600,0.7847,0.7884,0.7735,0.7829,3711187.5
1739448000,0.7829,0.7929,0.7709,0.7886,8806693.39
1739462400,0.7886,0.8129,0.7755,0.7987,12167762.94
1739476800,0.7987,0.8307,0.7973,0.8107,14699629.14
1739491200,0.8107,0.8142,0.7968,0.8128,4748609.48
1739505600,0.8128,0.8151,0.7951,0.7997,5679577.02
1739520000,0.7997,0.828,0.7988,0.8066,10176009.37
1739534400,0.8066,0.8181,0.7968,0.8076,6823610.52
1739548800,0.8076,0.8289,0.8001,0.8172,11733326.17
1739563200,0.8172,0.8207,0.7901,0.8,9435507.69
1739577600,0.8,0.8137,0.7912,0.8079,5830679.43
1739592000,0.8079,0.8139,0.7934,0.7968,4519125.37
1739606400,0.7968,0.8045,0.7902,0.7939,2971020.6500000004
1739620800,0.7939,0.797,0.7802,0.7865,5379254.92
1739635200,0.7865,0.7914,0.7809,0.784,5436909.65
1739649600,0.784,0.7859,0.7749,0.7811,6056016.07
1739664000,0.7811,0.789,0.7721,0.7768,4378730.8
1739678400,0.7768,0.7889,0.7757,0.778,3662490.37
1739692800,0.778,0.784,0.7724,0.7835,2160484.3
1739707200,0.7835,0.7847,0.7621,0.7705,4637465.69
1739721600,0.7705,0.7773,0.7638,0.7719,4634588.96
1739736000,0.7719,0.7842,0.7687,0.7714,5460262.73
1739750400,0.7714,0.7991,0.7709,0.7948,9401203.26
1739764800,0.7948,0.8176,0.7878,0.7944,15488240.76
1739779200,0.7944,0.8093,0.7914,0.8006,8198751.72
1739793600,0.8006,0.8288,0.8002,0.8096,20376638.32
1739808000,0.8096,0.8141,0.7836,0.8066,15201395.03
1739822400,0.8066,0.8183,0.7981,0.809,9106024.52
1739836800,0.809,0.8131,0.7904,0.8075,7767095.87
1739851200,0.8075,0.8138,0.774,0.7773,10406264.98
1739865600,0.7773,0.7874,0.7661,0.7734,6176321.75
1739880000,0.7734,0.7984,0.7473,0.755,12355702.29
1739894400,0.755,0.76,0.7352,0.7474,17238848.48
1739908800,0.7474,0.7573,0.7402,0.7536,8071734.88
1739923200,0.7536,0.7577,0.7397,0.7524,7234053.95
1739937600,0.7524,0.7695,0.7322,0.763,6172937.08
1739952000,0.763,0.776,0.7556,0.7745,6510743.24
1739966400,0.7745,0.7747,0.7505,0.759,8536925.79
1739980800,0.759,0.7708,0.752,0.7603,8290087.050000001
1739995200,0.7603,0.776,0.7554,0.7738,7487234.689999999
1740009600,0.7738,0.788,0.7705,0.7827,6899492.61
1740024000,0.7827,0.7852,0.7763,0.7817,4006338.93
1740038400,0.7817,0.7951,0.7799,0.7913,6592631.19
1740052800,0.7913,0.7995,0.783,0.7842,7756306.01
1740067200,0.7842,0.8111,0.7834,0.8108,9361629.99
1740081600,0.8108,0.8112,0.7986,0.8038,5732398.790000001
1740096000,0.8038,0.807,0.7969,0.7993,3995843.51
1740110400,0.7993,0.8051,0.7958,0.7975,2847371.2
1740124800,0.7975,0.8135,0.7946,0.7984,3837507.23
1740139200,0.7984,0.8188,0.7804,0.8001,15136957.02
1740153600,0.8001,0.8119,0.7514,0.7538,19188303.64
1740168000,0.7538,0.7649,0.7502,0.7617,12499514.8
1740182400,0.7617,0.7768,0.7571,0.765,5663011.140000001
1740196800,0.765,0.7732,0.763,0.763,2234043.22
1740211200,0.763,0.7742,0.7585,0.769,3093942.38
1740225600,0.769,0.7758,0.7664,0.7737,3618430.8
1740240000,0.7737,0.7842,0.7721,0.7802,6447650.93
1740254400,0.7802,0.7812,0.7726,0.7737,2415649.27
1740268800,0.7737,0.7783,0.7667,0.7695,3652583.27
1740283200,0.7695,0.7881,0.765,0.7873,4867697.31
1740297600,0.7873,0.7882,0.7715,0.7731,2393240.5
1740312000,0.7731,0.7793,0.76,0.7617,5017053.68
1740326400,0.7617,0.7692,0.7609,0.7657,3374020.19
1740340800,0.7657,0.7737,0.7617,0.7696,4674587.17
1740355200,0.7696,0.7774,0.738,0.7387,8795325.07
1740369600,0.7387,0.7484,0.726,0.7456,8330940.89
1740384000,0.7456,0.7458,0.7261,0.7357,5458782.66
1740398400,0.7357,0.7418,0.7075,0.7183,9912932.52
1740412800,0.7183,0.7346,0.7097,0.7161,8395711.71
1740427200,0.7161,0.7268,0.6701,0.6814,28137962.52
1740441600,0.6814,0.6939,0.6659,0.681,16334338.86
1740456000,0.681,0.6903,0.6426,0.6599,16950325.27
1740470400,0.6599,0.6728,0.6304,0.6597,16757424.33
1740484800,0.6597,0.6665,0.6343,0.654,23559255.71
1740499200,0.654,0.6762,0.6423,0.6748,12067382.38
1740513600,0.6748,0.6944,0.6686,0.6825,13924866.58
1740528000,0.6825,0.6945,0.6753,0.689,7077601.18
1740542400,0.689,0.6934,0.676,0.6817,4748542.55
1740556800,0.6817,0.6897,0.6734,0.6798,4344459.140000001
1740571200,0.6798,0.687,0.6537,0.6763,16734074.13
1740585600,0.6763,0.6781,0.6358,0.6395,15197364.78
1740600000,0.6395,0.6641,0.6307,0.6463,13606192.46
1740614400,0.6463,0.6619,0.6406,0.6577,5421254.14
1740628800,0.6577,0.6716,0.6513,0.6685,4000714.12
1740643200,0.6685,0.6778,0.6616,0.6751,3388481.48
1740657600,0.6751,0.6791,0.6574,0.6656,7060608.21
1740672000,0.6656,0.6681,0.6433,0.6458,8109719.45
1740686400,0.6458,0.6493,0.625,0.645,9439410.8
1740700800,0.645,0.6462,0.5999,0.6017,17094571.57
1740715200,0.6017,0.6035,0.5812,0.5924,15326076.31
1740729600,0.5924,0.6077,0.5797,0.5992,6565451.25
1740744000,0.5992,0.6369,0.5943,0.6312,13646310.72
1740758400,0.6312,0.639,0.6248,0.6346,6695128.06
1740772800,0.6346,0.6366,0.6267,0.6327,5842085.99
1740787200,0.6327,0.6491,0.6286,0.6452,5480915.43
1740801600,0.6452,0.6547,0.639,0.6391,4841226.36
1740816000,0.6391,0.6497,0.6305,0.6359,2555826.51
1740830400,0.6359,0.6373,0.6251,0.6349,3594550.46
1740844800,0.6349,0.6448,0.6302,0.644,2573289.39
1740859200,0.644,0.6765,0.641,0.659,9667627.45
1740873600,0.659,0.6758,0.6541,0.6718,5994583.77
1740888000,0.6718,0.674,0.6598,0.663,3413311.25
1740902400,0.663,0.6676,0.6601,0.6627,2092694.88
1740916800,0.6627,0.9418,0.6448,0.9413,93067436.88
1740931200,0.9413,1.168,0.8769,1.041,369476135.11
1740945600,1.041,1.144,1.017,1.136,146811709.24
1740960000,1.136,1.172,1.042,1.07,117193922.98
1740974400,1.07,1.08,0.9859,1.014,52065137.13
1740988800,1.014,1.016,0.9268,0.9645,77147552.25
1741003200,0.9645,1.033,0.9322,0.9572,93373021.56
1741017600,0.9572,0.9878,0.824,0.8347,118224258.94
1741032000,0.8347,0.8806,0.8317,0.8571,67959529.77
1741046400,0.8571,0.8626,0.7577,0.8004,86225958.14
1741060800,0.8004,0.8334,0.793,0.8083,45601440.58
1741075200,0.8083,0.8348,0.7962,0.8132,24686405.54
1741089600,0.8132,0.909,0.782,0.8537,102891112.02
1741104000,0.8537,0.9558,0.8231,0.9261,136989312.18
1741118400,0.9261,0.9553,0.9024,0.9408,64100198.99
1741132800,0.9408,0.983,0.9139,0.9267,85738781.81
1741147200,0.9267,0.9427,0.9157,0.9396,36956359.03
1741161600,0.9396,1.027,0.9378,0.9812,43280365.01
1741176000,0.9812,1.011,0.9297,0.9413,63339421.12
1741190400,0.9413,0.9977,0.9314,0.9918,47995177.89
1741204800,0.9918,0.9989,0.9724,0.9742,44804968.22
1741219200,0.9742,0.9884,0.9487,0.9592,44155860.63
1741233600,0.9592,0.9684,0.9344,0.9392,32831377.67
1741248000,0.9392,0.9696,0.9382,0.9524,23288376.19
1741262400,0.9524,0.9526,0.9025,0.9327,43208188.38
1741276800,0.9327,0.9369,0.8854,0.9027,41659322.93
1741291200,0.9027,0.9284,0.9,0.9065,29817682.12
1741305600,0.9065,0.9205,0.8167,0.8531,72658949.59
1741320000,0.8531,0.8822,0.8515,0.8754,18017758.39
1741334400,0.8754,0.8898,0.8655,0.8799,28430576.6
1741348800,0.8799,0.8977,0.8445,0.8583,34226573.97
1741363200,0.8583,0.8666,0.8108,0.8528,51609930.64
1741377600,0.8528,0.8631,0.8066,0.8181,43857087.74
1741392000,0.8181,0.8387,0.8121,0.822,16935751.15
1741406400,0.822,0.8318,0.8142,0.8241,12122426.53
1741420800,0.8241,0.8262,0.7932,0.8003,13455688.96
1741435200,0.8003,0.825,0.798,0.8164,14195251.27
1741449600,0.8164,0.8232,0.7936,0.8202,13679079.7
1741464000,0.8202,0.8213,0.8008,0.8049,7666707.63
1741478400,0.8049,0.8168,0.7926,0.8011,11983094.56
1741492800,0.8011,0.8172,0.7981,0.8142,15217733.49
1741507200,0.8142,0.8151,0.7713,0.7808,14931254.41
1741521600,0.7808,0.7808,0.751,0.7564,21312152.76
1741536000,0.7564,0.7612,0.711,0.7314,37407649.24
1741550400,0.7314,0.7423,0.7089,0.721,27344765.3
1741564800,0.721,0.7528,0.7025,0.7411,27070965.94
1741579200,0.7411,0.75,0.7365,0.7461,14876928.07
1741593600,0.7461,0.7783,0.7299,0.7573,18496484.64
1741608000,0.7573,0.763,0.6852,0.7011,42166725.46
1741622400,0.7011,0.7041,0.6579,0.6883,37750326.33
1741636800,0.6883,0.6929,0.6686,0.6705,13894386.83
1741651200,0.6705,0.7046,0.6476,0.701,38197820.6
1741665600,0.701,0.7334,0.6986,0.7195,21520892.57
1741680000,0.7195,0.7383,0.7166,0.7311,19816827.55
1741694400,0.7311,0.7342,0.6969,0.7266,38832827.06
1741708800,0.7266,0.7448,0.7075,0.7316,26894152.8
1741723200,0.7316,0.7346,0.7193,0.7238,13103303.15
1741737600,0.7238,0.7472,0.7156,0.7167,18014358.03
1741752000,0.7167,0.7365,0.711,0.7344,9215168.17
1741766400,0.7344,0.75,0.728,0.7423,12929290.93
1741780800,0.7423,0.7684,0.7128,0.7298,39278851.93
1741795200,0.7298,0.7357,0.7172,0.73,19450845.42
1741809600,0.73,0.7368,0.7253,0.7357,12358372.07
1741824000,0.7357,0.7394,0.7237,0.7273,16653800.59
1741838400,0.7273,0.7295,0.7141,0.7174,13075593.39
1741852800,0.7174,0.7335,0.7087,0.7281,17333119.810000002
1741867200,0.7281,0.7401,0.7024,0.7062,28199838.62
1741881600,0.7062,0.7102,0.6955,0.6976,24808350.05
1741896000,0.6976,0.7096,0.6888,0.7026,12476119.19
1741910400,0.7026,0.7102,0.6963,0.7056,10697292.95
1741924800,0.7056,0.7176,0.7051,0.7115,11374518.67
1741939200,0.7115,0.7241,0.71,0.7193,6605651.390000001
1741953600,0.7193,0.7512,0.7147,0.74,19654494.51
1741968000,0.74,0.7455,0.7322,0.7367,13149270.0
1741982400,0.7367,0.747,0.7285,0.7372,13533687.38
1741996800,0.7372,0.754,0.735,0.7489,7162957.63
1742011200,0.7489,0.7578,0.7317,0.7341,8988122.86
1742025600,0.7341,0.7441,0.7311,0.7434,5374162.64
1742040000,0.7434,0.7532,0.7425,0.7494,8919746.56
1742054400,0.7494,0.7568,0.7443,0.7486,6602286.01
1742068800,0.7486,0.7594,0.7466,0.7467,7183789.54
1742083200,0.7467,0.7471,0.7333,0.7426,7120096.21
1742097600,0.7426,0.7448,0.7357,0.7392,2931911.47
1742112000,0.7392,0.7405,0.7045,0.706,7960179.84
1742126400,0.706,0.7137,0.696,0.7045,18825053.81
1742140800,0.7045,0.7165,0.6949,0.6989,14161415.5
1742155200,0.6989,0.7077,0.6958,0.7048,8103236.5
1742169600,0.7048,0.7198,0.704,0.7156,6971808.449999999
1742184000,0.7156,0.7236,0.7025,0.7214,12341366.32
1742198400,0.7214,0.7296,0.7182,0.7237,8737917.48
1742212800,0.7237,0.7296,0.7133,0.7244,12578213.94
1742227200,0.7244,0.7301,0.7172,0.7257,7961172.29
1742241600,0.7257,0.7263,0.715,0.7177,5038006.75
1742256000,0.7177,0.7183,0.7022,0.7048,7928244.96
1742270400,0.7048,0.7105,0.6987,0.7088,4710361.890000001
1742284800,0.7088,0.7125,0.7012,0.7016,2607509.48
1742299200,0.7016,0.704,0.6817,0.687,15024711.65
1742313600,0.687,0.6973,0.6818,0.6962,8226532.46
1742328000,0.6962,0.7058,0.6908,0.7016,5596269.79
1742342400,0.7016,0.7124,0.7003,0.712,3799771.75
1742356800,0.712,0.7126,0.7062,0.7084,3462378.0700000003
1742371200,0.7084,0.727,0.7084,0.7235,7675774.87
1742385600,0.7235,0.7456,0.7161,0.7408,29246299.910000004
1742400000,0.7408,0.7431,0.7191,0.7311,26347933.980000004
1742414400,0.7311,0.7474,0.7263,0.7439,14131980.78
1742428800,0.7439,0.7471,0.7271,0.7309,8567092.15
1742443200,0.7309,0.7323,0.7244,0.7309,3701979.88
1742457600,0.7309,0.7366,0.7201,0.7275,5278472.72
1742472000,0.7275,0.755,0.7243,0.7256,20317154.54
1742486400,0.7256,0.7305,0.7119,0.7189,10892190.68
1742500800,0.7189,0.7242,0.7127,0.7175,6066601.62
1742515200,0.7175,0.7274,0.7149,0.7172,5720412.77
1742529600,0.7172,0.7221,0.7105,0.7138,3894467.8
1742544000,0.7138,0.7158,0.7005,0.7072,10298849.5
1742558400,0.7072,0.7134,0.701,0.7033,13647166.77
1742572800,0.7033,0.7174,0.7003,0.7102,9326771.73
1742587200,0.7102,0.7161,0.7033,0.7047,5324729.87
1742601600,0.7047,0.7111,0.7036,0.7092,3624951.8
1742616000,0.7092,0.7148,0.7081,0.7109,2299141.91
1742630400,0.7109,0.7157,0.7099,0.7112,1562483.26
1742644800,0.7112,0.7112,0.6998,0.7032,10099999.34
1742659200,0.7032,0.7091,0.7011,0.7071,3441137.68
1742673600,0.7071,0.7084,0.6972,0.7012,3959733.47
1742688000,0.7012,0.7127,0.7007,0.7116,4617266.79
1742702400,0.7116,0.7148,0.7087,0.7127,3448302.02
1742716800,0.7127,0.7157,0.7079,0.7115,4305816.02
1742731200,0.7115,0.7133,0.7053,0.7087,4470720.319999999
1742745600,0.7087,0.7117,0.6918,0.699,8152032.75
1742760000,0.699,0.7106,0.6983,0.7104,5067529.6
1742774400,0.7104,0.7212,0.7057,0.7192,9356501.33
1742788800,0.7192,0.7287,0.7192,0.7225,7073922.18
1742803200,0.7225,0.7366,0.7224,0.7318,9057438.24
1742817600,0.7318,0.7418,0.725,0.733,13114543.18
1742832000,0.733,0.7419,0.726,0.7367,14170730.3
1742846400,0.7367,0.7459,0.7252,0.732,20088777.57
1742860800,0.732,0.738,0.7217,0.723,9430714.08
1742875200,0.723,0.7493,0.7211,0.735,18130109.78
1742889600,0.735,0.7629,0.7349,0.7571,14798232.1
1742904000,0.7571,0.7663,0.7475,0.7571,18390737.75
1742918400,0.7571,0.7603,0.745,0.7492,14312538.2
1742932800,0.7492,0.7523,0.7399,0.7448,9527876.1
1742947200,0.7448,0.7549,0.7388,0.7422,10306349.44
1742961600,0.7422,0.7701,0.7412,0.7681,6853880.06
1742976000,0.7681,0.7744,0.7639,0.7689,10073558.44
1742990400,0.7689,0.7715,0.7368,0.7405,13667177.07
1743004800,0.7405,0.7433,0.7196,0.7275,15903991.56
1743019200,0.7275,0.7346,0.7213,0.7289,6211878.09
1743033600,0.7289,0.7441,0.7263,0.7422,5819233.67
1743048000,0.7422,0.7428,0.7343,0.7383,2934251.45
1743062400,0.7383,0.743,0.7308,0.732,4943607.63
1743076800,0.732,0.7412,0.721,0.7337,8699655.530000001
1743091200,0.7337,0.7388,0.7297,0.7346,5815902.77
1743105600,0.7346,0.7429,0.7326,0.7379,4200884.18
1743120000,0.7379,0.746,0.7285,0.7317,5904549.53
1743134400,0.7317,0.7319,0.7004,0.7013,12191325.78
1743148800,0.7013,0.7052,0.6944,0.704,9577418.77
1743163200,0.704,0.7075,0.6951,0.6989,10694251.06
1743177600,0.6989,0.7011,0.6894,0.6956,7587964.77
1743192000,0.6956,0.7086,0.6955,0.7058,4957450.01
1743206400,0.7058,0.7117,0.6902,0.7016,5122552.41
1743220800,0.7016,0.7029,0.6779,0.6832,5734737.74
1743235200,0.6832,0.6877,0.66,0.6663,10463822.36
1743249600,0.6663,0.6774,0.6644,0.6711,6426726.42
1743264000,0.6711,0.6745,0.6588,0.673,7169678.26
1743278400,0.673,0.6747,0.6653,0.6729,3488654.94
1743292800,0.6729,0.6848,0.6677,0.6782,3828082.24
1743307200,0.6782,0.6846,0.6778,0.6813,2144250.59
1743321600,0.6813,0.6872,0.6737,0.6754,2655818.61
1743336000,0.6754,0.6771,0.666,0.6695,4079525.37
1743350400,0.6695,0.6749,0.6562,0.6673,7021320.44
1743364800,0.6673,0.6709,0.6513,0.661,5907574.05
1743379200,0.661,0.6622,0.6472,0.6497,8567200.47
1743393600,0.6497,0.6615,0.6416,0.6453,5110270.87
1743408000,0.6453,0.6513,0.6297,0.6439,8886527.559999999
1743422400,0.6439,0.663,0.6348,0.6568,16072190.69
1743436800,0.6568,0.6653,0.6505,0.6553,8529188.27
1743451200,0.6553,0.664,0.6545,0.6616,4601063.82
1743465600,0.6616,0.6725,0.6578,0.6678,6928755.4
1743480000,0.6678,0.6758,0.6665,0.669,6853874.58
1743494400,0.669,0.6842,0.6686,0.6733,4946552.74
1743508800,0.6733,0.6941,0.6672,0.6916,12124300.6
1743523200,0.6916,0.6935,0.6752,0.6782,4861033.699999999
1743537600,0.6782,0.6838,0.6734,0.6772,4565110.48
1743552000,0.6772,0.6773,0.6647,0.6728,5276360.56
1743566400,0.6728,0.6764,0.6632,0.6716,3769289.12
1743580800,0.6716,0.6843,0.6683,0.6768,5072055.18
1743595200,0.6768,0.6982,0.6748,0.6922,9730327.72
1743609600,0.6922,0.6966,0.6812,0.6897,6699621.13
1743624000,0.6897,0.7091,0.6347,0.6398,28794337.95
1743638400,0.6398,0.6573,0.6358,0.6516,8413924.58
1743652800,0.6516,0.6568,0.6444,0.6496,3916135.93
1743667200,0.6496,0.6541,0.638,0.643,4874711.35
1743681600,0.643,0.6441,0.6129,0.6281,23095618.59
1743696000,0.6281,0.643,0.6257,0.6377,8136060.33
1743710400,0.6377,0.6525,0.6372,0.6504,5866658.1
1743724800,0.6504,0.6529,0.6424,0.6514,4902090.58
1743739200,0.6514,0.6632,0.6457,0.6628,3848514.07
1743753600,0.6628,0.6662,0.6273,0.6363,10468717.56
1743768000,0.6363,0.6712,0.6293,0.6566,17522045.55
1743782400,0.6566,0.6663,0.6505,0.6604,7529854.71
1743796800,0.6604,0.6683,0.6557,0.6601,5175997.56
1743811200,0.6601,0.6672,0.6571,0.6572,2592903.26
1743825600,0.6572,0.6598,0.6527,0.6563,1728057.02
1743840000,0.6563,0.6641,0.6545,0.6611,1637064.25
1743854400,0.6611,0.6622,0.6447,0.6475,4842116.350000001
1743868800,0.6475,0.6534,0.6456,0.6465,2402338.04
1743883200,0.6465,0.6559,0.6453,0.6546,3988119.86
1743897600,0.6546,0.6549,0.6441,0.6466,3220396.17
1743912000,0.6466,0.6482,0.6373,0.6382,2453927.06
1743926400,0.6382,0.6415,0.6354,0.6383,2657389.7800000003
1743940800,0.6383,0.6387,0.6184,0.6274,9563319.85
1743955200,0.6274,0.6282,0.5823,0.5892,25986754.62
1743969600,0.5892,0.591,0.5597,0.5732,30212805.23
1743984000,0.5732,0.5857,0.5482,0.5564,14681773.12
1743998400,0.5564,0.564,0.5108,0.52,24100732.73
1744012800,0.52,0.5597,0.5185,0.5419,23462930.74
1744027200,0.5419,0.6042,0.5355,0.5738,51375596.93
1744041600,0.5738,0.5842,0.5604,0.5765,22012608.39
1744056000,0.5765,0.5947,0.5765,0.586,8213408.31
1744070400,0.586,0.6045,0.5798,0.5929,6618917.49
1744084800,0.5929,0.5992,0.5805,0.585,6288614.32
1744099200,0.585,0.6074,0.5774,0.6057,9867496.87
1744113600,0.6057,0.6198,0.5897,0.5925,32544062.96
1744128000,0.5925,0.5939,0.557,0.5594,20445108.14
1744142400,0.5594,0.5663,0.5524,0.5579,5408687.24
1744156800,0.5579,0.5643,0.5357,0.5488,18986065.14
1744171200,0.5488,0.5782,0.5476,0.5758,15314835.57
1744185600,0.5758,0.5775,0.5552,0.5586,10533303.19
1744200000,0.5586,0.5749,0.5544,0.5696,15575936.47
1744214400,0.5696,0.6435,0.5688,0.632,47428514.42
1744228800,0.632,0.6459,0.6257,0.6312,12144584.88
1744243200,0.6312,0.6333,0.6063,0.6142,11966960.1
1744257600,0.6142,0.627,0.6081,0.6197,5011283.12
1744272000,0.6197,0.6329,0.6157,0.6205,9002653.77
1744286400,0.6205,0.6309,0.5864,0.5897,26197524.64
1744300800,0.5897,0.6013,0.5855,0.5985,9287204.66
1744315200,0.5985,0.6111,0.598,0.6092,4161681.09
1744329600,0.6092,0.6263,0.6056,0.6232,6027863.16
1744344000,0.6232,0.6359,0.6217,0.6272,4894335.59
1744358400,0.6272,0.6445,0.621,0.6226,20207121.47
1744372800,0.6226,0.6312,0.6148,0.6213,11753316.17
1744387200,0.6213,0.6332,0.6169,0.6278,6394026.49
1744401600,0.6278,0.6334,0.6222,0.6238,3688755.95
1744416000,0.6238,0.6248,0.617,0.6217,2822169.18
1744430400,0.6217,0.6355,0.6215,0.6326,3478475.32
1744444800,0.6326,0.641,0.6294,0.637,7929964.31
1744459200,0.637,0.6669,0.6354,0.6598,14219690.39
1744473600,0.6598,0.6642,0.6469,0.6549,11740313.92
1744488000,0.6549,0.665,0.6541,0.6593,5407355.03
1744502400,0.6593,0.6631,0.647,0.6511,5305035.23
1744516800,0.6511,0.6511,0.6408,0.6438,3425203.92
1744531200,0.6438,0.6685,0.6405,0.6514,16017078.49
1744545600,0.6514,0.6543,0.6371,0.6436,5152557.6
1744560000,0.6436,0.6618,0.6322,0.6413,9582407.52
1744574400,0.6413,0.6477,0.6299,0.6377,6029239.6
1744588800,0.6377,0.6567,0.6357,0.6433,6686870.94
1744603200,0.6433,0.6552,0.6345,0.6414,9544140.81
1744617600,0.6414,0.6504,0.6353,0.6494,4421517.44
1744632000,0.6494,0.657,0.6309,0.6334,9341697.68
1744646400,0.6334,0.6434,0.628,0.6397,6740916.42
1744660800,0.6397,0.6403,0.6309,0.6351,3097663.49
1744675200,0.6351,0.6451,0.6313,0.6444,6164466.83
1744689600,0.6444,0.6456,0.6391,0.6456,2727422.47
1744704000,0.6456,0.6482,0.6345,0.6372,3034789.01
1744718400,0.6372,0.6459,0.619,0.6231,16104494.1
1744732800,0.6231,0.6258,0.6154,0.6189,5089617.68
1744747200,0.6189,0.6213,0.6071,0.6092,4697050.36
1744761600,0.6092,0.6176,0.6044,0.6118,3784824.44
1744776000,0.6118,0.612,0.6021,0.6035,3012043.85
1744790400,0.6035,0.6112,0.6001,0.6069,3008012.49
1744804800,0.6069,0.618,0.6014,0.6101,5610322.95
1744819200,0.6101,0.6171,0.5951,0.6152,10067091.06
1744833600,0.6152,0.6243,0.608,0.6107,3925851.92
1744848000,0.6107,0.617,0.609,0.6132,1900421.06
1744862400,0.6132,0.6237,0.6107,0.6194,2202702.86
1744876800,0.6194,0.6216,0.6129,0.6187,1680699.13
1744891200,0.6187,0.6225,0.6102,0.6195,5247726.859999999
1744905600,0.6195,0.6296,0.6149,0.6193,5711326.86
1744920000,0.6193,0.624,0.6159,0.6167,1934031.47
1744934400,0.6167,0.6175,0.6109,0.6131,2639183.87
1744948800,0.6131,0.6158,0.6104,0.6147,1304486.71
1744963200,0.6147,0.6183,0.6116,0.6162,1313799.7
1744977600,0.6162,0.6205,0.6135,0.6161,2533721.19
1744992000,0.6161,0.629,0.6158,0.6272,2746369.9
1745006400,0.6272,0.6318,0.6253,0.6273,3855843.19
1745020800,0.6273,0.6344,0.6273,0.6319,2499663.0900000003
1745035200,0.6319,0.6349,0.6278,0.6307,1789569.65
1745049600,0.6307,0.6322,0.6261,0.627,1052882.4
1745064000,0.627,0.6282,0.6217,0.6224,3688389.29
1745078400,0.6224,0.6292,0.619,0.6272,2602155.86
1745092800,0.6272,0.6316,0.6263,0.628,2008766.32
1745107200,0.628,0.6346,0.6278,0.6311,3114999.4
1745121600,0.6311,0.633,0.6225,0.6252,1448692.83
1745136000,0.6252,0.6256,0.6123,0.6149,2265819.1
1745150400,0.6149,0.6181,0.6106,0.6115,2533399.68
1745164800,0.6115,0.6195,0.61,0.6195,1374465.54
1745179200,0.6195,0.6258,0.6151,0.62,2205024.49
1745193600,0.62,0.6406,0.62,0.6366,7692980.23
1745208000,0.6366,0.648,0.6366,0.6431,3073496.51
1745222400,0.6431,0.6488,0.6375,0.6389,4274182.45
1745236800,0.6389,0.6505,0.6346,0.6359,4414000.12
1745251200,0.6359,0.6363,0.6161,0.6239,6549109.84
1745265600,0.6239,0.6245,0.6185,0.6242,2521431.66
1745280000,0.6242,0.6308,0.6158,0.6238,3666681.17
1745294400,0.6238,0.6346,0.622,0.633,2361024.69
1745308800,0.633,0.6432,0.6326,0.6403,4281119.8
1745323200,0.6403,0.6667,0.6371,0.6564,14048967.3
1745337600,0.6564,0.6598,0.6527,0.6571,6933808.19
1745352000,0.6571,0.6847,0.6539,0.6794,14559361.03
1745366400,0.6794,0.6938,0.6777,0.6938,6728379.57
1745380800,0.6938,0.701,0.6893,0.701,5598007.04
1745395200,0.701,0.7107,0.6961,0.7016,8315134.05
1745409600,0.7016,0.7179,0.6843,0.6984,16432743.45
1745424000,0.6984,0.7102,0.6946,0.6984,9174096.07
1745438400,0.6984,0.7018,0.6949,0.6979,3961336.28
1745452800,0.6979,0.6998,0.6806,0.6807,5142197.24
1745467200,0.6807,0.6893,0.6779,0.6787,2472924.45
1745481600,0.6787,0.691,0.6703,0.6874,5492496.34
1745496000,0.6874,0.7448,0.6851,0.7259,23476714.3
1745510400,0.7259,0.7459,0.7171,0.7285,11428021.78
1745524800,0.7285,0.7313,0.7128,0.7221,5928752.58
1745539200,0.7221,0.7259,0.7025,0.7114,7208270.529999999
1745553600,0.7114,0.7236,0.7071,0.7226,4277777.95
1745568000,0.7226,0.7232,0.7112,0.721,4643812.8
1745582400,0.721,0.729,0.7058,0.72,16179108.44
1745596800,0.72,0.7332,0.7108,0.7176,15917839.32
1745611200,0.7176,0.7183,0.7075,0.714,4814145.1
1745625600,0.714,0.7268,0.714,0.7215,3811911.63
1745640000,0.7215,0.7336,0.7124,0.7265,4083895.01
1745654400,0.7265,0.7345,0.7053,0.7078,4843859.640000001
1745668800,0.7078,0.7127,0.7003,0.7101,8612644.85
1745683200,0.7101,0.7105,0.7035,0.7072,2386252.61
1745697600,0.7072,0.713,0.7034,0.7073,3600496.7
1745712000,0.7073,0.7176,0.6954,0.7041,5239072.55
1745726400,0.7041,0.7043,0.6923,0.7,2095586.88
1745740800,0.7,0.7033,0.6972,0.6973,2130415.0
1745755200,0.6973,0.7086,0.6918,0.6959,7467718.28
1745769600,0.6959,0.716,0.6909,0.7158,6875140.94
1745784000,0.7158,0.7167,0.7028,0.7035,4285723.2
1745798400,0.7035,0.7085,0.6826,0.7071,9507627.94
1745812800,0.7071,0.7258,0.7069,0.7252,7337238.25
1745827200,0.7252,0.729,0.7132,0.7225,5911658.93
1745841600,0.7225,0.7232,0.6852,0.6904,13293747.62
1745856000,0.6904,0.7099,0.6852,0.707,10884061.35
1745870400,0.707,0.707,0.6958,0.7057,3339872.06
1745884800,0.7057,0.7101,0.6979,0.7038,3610067.16
1745899200,0.7038,0.7149,0.6973,0.7122,4743005.88
1745913600,0.7122,0.7173,0.7101,0.7142,2926810.0700000003
1745928000,0.7142,0.7183,0.7042,0.7086,5862440.24
1745942400,0.7086,0.7178,0.7076,0.7086,4823485.2
1745956800,0.7086,0.7096,0.6893,0.6961,6537778.73
1745971200,0.6961,0.7036,0.6918,0.7028,5737313.9
1745985600,0.7028,0.7035,0.6929,0.6948,1827361.09
1746000000,0.6948,0.7009,0.6927,0.7002,1387779.81
1746014400,0.7002,0.7005,0.6653,0.6765,13714096.19
1746028800,0.6765,0.6884,0.6742,0.6831,8419997.53
1746043200,0.6831,0.6905,0.6794,0.6818,6152738.88
1746057600,0.6818,0.693,0.6817,0.6888,5801768.42
1746072000,0.6888,0.6937,0.6851,0.6923,2287960.39
1746086400,0.6923,0.7089,0.6917,0.707,6761489.92
1746100800,0.707,0.71,0.695,0.7019,9488500.68
1746115200,0.7019,0.7098,0.7,0.7054,5458297.79
1746129600,0.7054,0.7146,0.7027,0.7053,6310463.279999999
1746144000,0.7053,0.7255,0.7016,0.7139,9916873.28
1746158400,0.7139,0.716,0.7011,0.7011,5888431.5
1746172800,0.7011,0.7104,0.7008,0.7062,4456455.09
1746187200,0.7062,0.7159,0.7034,0.7061,5598416.04
1746201600,0.7061,0.7143,0.6891,0.6912,11614840.8
1746216000,0.6912,0.7,0.6892,0.6985,4205077.39
1746230400,0.6985,0.6999,0.6921,0.6983,2396339.79
1746244800,0.6983,0.7021,0.6955,0.6992,1859468.57
1746259200,0.6992,0.7039,0.6943,0.6962,3475784.1
1746273600,0.6962,0.7297,0.6962,0.7217,18218965.73
1746288000,0.7217,0.7248,0.7043,0.7134,13939292.67
1746302400,0.7134,0.7151,0.6994,0.7,4950415.25
1746316800,0.7,0.7144,0.6949,0.698,6658868.57
1746331200,0.698,0.7061,0.694,0.6984,5710470.07
1746345600,0.6984,0.6986,0.6876,0.69,3699159.86
1746360000,0.69,0.6939,0.6829,0.6905,4549871.609999999
1746374400,0.6905,0.6937,0.6806,0.686,6242151.64
1746388800,0.686,0.6899,0.6723,0.6766,4605056.01
1746403200,0.6766,0.6805,0.6668,0.6733,4867972.45
1746417600,0.6733,0.6916,0.6728,0.6859,4170135.52
1746432000,0.6859,0.6891,0.6628,0.6642,5196709.88
1746446400,0.6642,0.6689,0.6549,0.658,11193524.16
1746460800,0.658,0.6727,0.657,0.6634,3830895.38
1746475200,0.6634,0.6694,0.6542,0.6625,2882378.11
1746489600,0.6625,0.666,0.6532,0.6614,5179093.11
1746504000,0.6614,0.6671,0.658,0.6615,2775601.73
1746518400,0.6615,0.6619,0.6441,0.6478,4703677.82
1746532800,0.6478,0.6571,0.6426,0.6521,6295928.02
1746547200,0.6521,0.6655,0.646,0.6642,5252358.34
1746561600,0.6642,0.6805,0.6537,0.6787,7784290.99
1746576000,0.6787,0.689,0.6719,0.678,5767373.37
1746590400,0.678,0.683,0.6734,0.6823,2993832.23
1746604800,0.6823,0.6872,0.6796,0.683,3116350.38
1746619200,0.683,0.6836,0.6646,0.6653,4283125.2
1746633600,0.6653,0.6699,0.6553,0.6593,6410625.54
1746648000,0.6593,0.6752,0.6557,0.6715,2681604.3
1746662400,0.6715,0.7038,0.6702,0.7028,10436282.28
1746676800,0.7028,0.712,0.6986,0.7078,8284438.77
1746691200,0.7078,0.7241,0.7078,0.7194,10172417.74
1746705600,0.7194,0.7433,0.7155,0.7316,15670142.82
1746720000,0.7316,0.7409,0.7285,0.7402,14415074.55
1746734400,0.7402,0.7706,0.7367,0.7694,19563301.93
1746748800,0.7694,0.7789,0.753,0.7554,16754683.510000002
1746763200,0.7554,0.7969,0.7542,0.7942,12110919.69
1746777600,0.7942,0.8179,0.7745,0.794,24982510.05
1746792000,0.794,0.7991,0.7719,0.7814,13564190.02
1746806400,0.7814,0.79,0.7727,0.7813,7492236.220000001
1746820800,0.7813,0.7839,0.7723,0.7774,4545174.94
1746835200,0.7774,0.791,0.7705,0.7807,6828024.53
1746849600,0.7807,0.802,0.7754,0.8009,7884247.62
1746864000,0.8009,0.8127,0.7878,0.7889,10405353.94
1746878400,0.7889,0.8137,0.7889,0.8017,9796918.71
1746892800,0.8017,0.8397,0.8016,0.8126,21759704.75
1746907200,0.8126,0.8437,0.8054,0.841,12950413.21
1746921600,0.841,0.8465,0.8068,0.8166,16591709.03
1746936000,0.8166,0.8217,0.784,0.792,8827835.21
1746950400,0.792,0.8045,0.7875,0.8041,6782966.8100000005
1746964800,0.8041,0.8059,0.7855,0.7903,9426727.83
1746979200,0.7903,0.8163,0.7818,0.8093,10366154.68
1746993600,0.8093,0.8139,0.8008,0.8052,6659093.109999999
1747008000,0.8052,0.8219,0.7968,0.8197,11364026.92
1747022400,0.8197,0.8446,0.8077,0.8244,12866835.01
1747036800,0.8244,0.8373,0.8141,0.8245,18249695.49
1747051200,0.8245,0.8641,0.8096,0.8221,44815543.94
1747065600,0.8221,0.834,0.7807,0.8074,20901809.68
1747080000,0.8074,0.8244,0.8007,0.8172,8848687.96
1747094400,0.8172,0.8174,0.7744,0.7744,13369107.64
1747108800,0.7744,0.7974,0.7722,0.7914,5179805.67
1747123200,0.7914,0.804,0.787,0.7986,6645551.36
1747137600,0.7986,0.8089,0.7914,0.8059,9561001.19
1747152000,0.8059,0.8419,0.805,0.8348,16061470.52
1747166400,0.8348,0.8359,0.8248,0.8302,11479938.9
1747180800,0.8302,0.8333,0.8127,0.8166,10618107.42
1747195200,0.8166,0.8317,0.8126,0.8244,5637296.42
1747209600,0.8244,0.8293,0.7994,0.8208,16284457.9
1747224000,0.8208,0.8285,0.7982,0.8075,16288966.29
1747238400,0.8075,0.8103,0.7887,0.8013,10506764.260000002
1747252800,0.8013,0.8034,0.7919,0.7988,4217907.140000001
1747267200,0.7988,0.8103,0.7855,0.7925,7372190.8
1747281600,0.7925,0.7963,0.7663,0.768,8572503.93
1747296000,0.768,0.7838,0.7594,0.7722,12607243.88
1747310400,0.7722,0.7789,0.7448,0.776,19069503.3
1747324800,0.776,0.7925,0.759,0.7696,20966188.76
1747339200,0.7696,0.7771,0.7492,0.7624,16748841.16
1747353600,0.7624,0.7834,0.76,0.7817,7863490.850000001
1747368000,0.7817,0.786,0.7733,0.7785,4700975.65
1747382400,0.7785,0.7853,0.7639,0.7793,7869399.96
1747396800,0.7793,0.785,0.7692,0.7788,6591731.7
1747411200,0.7788,0.7827,0.7669,0.7732,6683139.06
1747425600,0.7732,0.7732,0.751,0.759,6560756.58
1747440000,0.759,0.7615,0.7355,0.7558,11826573.06
1747454400,0.7558,0.7813,0.7543,0.7761,12716732.47
1747468800,0.7761,0.7769,0.7571,0.7605,5726446.72
1747483200,0.7605,0.7619,0.7461,0.7507,9354949.47
1747497600,0.7507,0.751,0.7274,0.7358,14002861.29
1747512000,0.7358,0.7538,0.7334,0.7431,6465564.87
1747526400,0.7431,0.746,0.7362,0.7382,4383482.96
1747540800,0.7382,0.7605,0.7381,0.7595,6186437.18
1747555200,0.7595,0.7662,0.7555,0.7559,3710537.33
1747569600,0.7559,0.7766,0.7513,0.7742,12485763.19
1747584000,0.7742,0.7762,0.7308,0.7312,17336346.02
1747598400,0.7312,0.7627,0.7184,0.76,13400987.22
1747612800,0.76,0.7649,0.727,0.7284,8839276.870000001
1747627200,0.7284,0.7315,0.7107,0.724,8010195.029999999
1747641600,0.724,0.7299,0.7169,0.7285,2863790.21
1747656000,0.7285,0.7394,0.7177,0.7361,6505036.72
1747670400,0.7361,0.7474,0.7309,0.7421,8043495.489999999
1747684800,0.7421,0.7448,0.7375,0.7427,4207955.73
1747699200,0.7427,0.7537,0.7404,0.7431,8370471.25
1747713600,0.7431,0.7468,0.7316,0.7333,3860170.86
1747728000,0.7333,0.7367,0.7245,0.7293,4398899.73
1747742400,0.7293,0.7339,0.723,0.7326,4460983.7
1747756800,0.7326,0.7415,0.7253,0.7398,6072177.13
1747771200,0.7398,0.7497,0.7365,0.7461,7027374.529999999
1747785600,0.7461,0.7548,0.7373,0.7522,6207577.18
1747800000,0.7522,0.7666,0.7513,0.7532,8867111.93
1747814400,0.7532,0.7637,0.7453,0.7558,5401693.49
1747828800,0.7558,0.7684,0.7484,0.7659,13636977.59
1747843200,0.7659,0.7843,0.7431,0.7616,19129966.38
1747857600,0.7616,0.7785,0.7579,0.7694,7889513.68
1747872000,0.7694,0.7921,0.7691,0.7886,10668401.53
1747886400,0.7886,0.7947,0.7836,0.7942,10138614.4
1747900800,0.7942,0.8104,0.7929,0.8026,9115618.77
1747915200,0.8026,0.8088,0.7962,0.8034,10344371.85
1747929600,0.8034,0.8087,0.7997,0.8021,7757575.54
1747944000,0.8021,0.8092,0.7977,0.8092,7118738.43
1747958400,0.8092,0.8392,0.807,0.838,14458749.52
1747972800,0.838,0.8413,0.8038,0.8084,14524154.03
1747987200,0.8084,0.8248,0.7779,0.7815,14131496.19
1748001600,0.7815,0.7907,0.761,0.7776,20942094.29
1748016000,0.7776,0.7851,0.7711,0.7736,8750795.55
1748030400,0.7736,0.7736,0.7434,0.7474,11847086.84
1748044800,0.7474,0.7633,0.7435,0.7619,7065349.06
1748059200,0.7619,0.7668,0.7554,0.7575,2717682.96
1748073600,0.7575,0.766,0.7537,0.7611,2432992.1
1748088000,0.7611,0.7623,0.7556,0.7587,2586290.29
1748102400,0.7587,0.7623,0.7525,0.755,2486820.38
1748116800,0.755,0.7551,0.7413,0.747,3794534.47
1748131200,0.747,0.7494,0.732,0.7445,5154010.62
1748145600,0.7445,0.7445,0.7348,0.7389,2504143.03
1748160000,0.7389,0.7396,0.7284,0.7391,3746967.59
1748174400,0.7391,0.7521,0.7313,0.7403,6462378.8
1748188800,0.7403,0.7513,0.7351,0.7486,3790266.56
1748203200,0.7486,0.7606,0.7418,0.7602,6597896.38
1748217600,0.7602,0.7658,0.7556,0.7632,4604458.83
1748232000,0.7632,0.7756,0.7609,0.7756,3644671.97
1748246400,0.7756,0.7773,0.7621,0.7672,3692384.06
1748260800,0.7672,0.7726,0.7577,0.7689,5075122.39
1748275200,0.7689,0.7699,0.752,0.7545,5397856.52
1748289600,0.7545,0.7629,0.7515,0.7603,2151010.52
1748304000,0.7603,0.7633,0.7438,0.7542,4207187.45
1748318400,0.7542,0.7665,0.7509,0.7651,2348530.23
1748332800,0.7651,0.7731,0.7651,0.7696,6458350.529999999
1748347200,0.7696,0.7756,0.7562,0.7677,7259938.479999999
1748361600,0.7677,0.7752,0.7629,0.764,8508898.58
1748376000,0.764,0.7666,0.7558,0.7586,5395096.83
1748390400,0.7586,0.7605,0.7507,0.755,3779880.17
1748404800,0.755,0.759,0.746,0.7509,5830165.34
1748419200,0.7509,0.7602,0.7482,0.7592,2223873.84
1748433600,0.7592,0.7611,0.7407,0.7416,6833419.08
1748448000,0.7416,0.7512,0.7329,0.733,6381754.5600000005
1748462400,0.733,0.7482,0.7324,0.7478,5237817.59
1748476800,0.7478,0.7652,0.7442,0.758,8313024.800000001
1748491200,0.758,0.7604,0.7455,0.7506,3109345.7
1748505600,0.7506,0.7568,0.7472,0.7564,3383794.49
1748520000,0.7564,0.7565,0.7341,0.7378,5253774.0
1748534400,0.7378,0.7398,0.7233,0.7275,9956171.96
1748548800,0.7275,0.7362,0.7202,0.7222,6234656.91
1748563200,0.7222,0.7279,0.6864,0.7094,15903638.28
1748577600,0.7094,0.713,0.6972,0.7001,4095438.53
1748592000,0.7001,0.7107,0.6947,0.7095,3417276.97
1748606400,0.7095,0.7116,0.6968,0.7021,6962292.18
1748620800,0.7021,0.7152,0.6828,0.7114,17962479.35
1748635200,0.7114,0.7124,0.6836,0.6893,5744170.02
1748649600,0.6893,0.6909,0.6599,0.662,12278539.36
1748664000,0.662,0.6715,0.6569,0.6664,6694608.52
1748678400,0.6664,0.6726,0.6633,0.6643,3761379.64
1748692800,0.6643,0.6868,0.6638,0.6802,5548646.78
1748707200,0.6802,0.6938,0.6798,0.6896,4619792.07
1748721600,0.6896,0.6953,0.6845,0.6862,4101664.88
1748736000,0.6862,0.6865,0.6723,0.6785,4372551.24
1748750400,0.6785,0.6848,0.6712,0.6737,3200156.93
1748764800,0.6737,0.6737,0.6552,0.6643,7870934.64
1748779200,0.6643,0.6759,0.6576,0.6754,6585415.91
1748793600,0.6754,0.6858,0.6703,0.6788,8808795.92
1748808000,0.6788,0.6881,0.6769,0.6856,3456075.39
1748822400,0.6856,0.6897,0.6745,0.6774,4208226.28
1748836800,0.6774,0.6843,0.6763,0.6791,2013853.35
1748851200,0.6791,0.6802,0.6642,0.6668,4546144.74
1748865600,0.6668,0.6767,0.6651,0.6745,4938780.99
1748880000,0.6745,0.6797,0.6699,0.6736,4453295.63
1748894400,0.6736,0.6922,0.6736,0.69,5740463.87
1748908800,0.69,0.7075,0.688,0.6943,6243575.02
1748923200,0.6943,0.6987,0.69,0.6936,2483850.02
1748937600,0.6936,0.6963,0.6887,0.6923,2791637.02
1748952000,0.6923,0.6973,0.6836,0.694,6279465.87
1748966400,0.694,0.6944,0.6856,0.6913,4666966.08
1748980800,0.6913,0.6916,0.6746,0.6842,5422321.81
1748995200,0.6842,0.7028,0.6833,0.6961,5698604.75
1749009600,0.6961,0.6993,0.6914,0.6965,2811163.25
1749024000,0.6965,0.702,0.6933,0.6935,2975873.41
1749038400,0.6935,0.694,0.6793,0.6886,4343350.6
1749052800,0.6886,0.6891,0.6717,0.6742,3447748.64
1749067200,0.6742,0.6743,0.6624,0.6657,5049036.94
1749081600,0.6657,0.676,0.6657,0.676,3177786.55
1749096000,0.676,0.6813,0.6727,0.6767,3314408.8
1749110400,0.6767,0.6844,0.6765,0.6815,3565020.24
1749124800,0.6815,0.69,0.6688,0.6747,6364275.2700000005
1749139200,0.6747,0.6747,0.6336,0.6424,18885825.23
1749153600,0.6424,0.6429,0.6193,0.6261,16537607.19
1749168000,0.6261,0.6381,0.6217,0.6375,6875143.99
1749182400,0.6375,0.6433,0.6353,0.6398,4011258.04
1749196800,0.6398,0.6532,0.6391,0.6511,4035681.29
1749211200,0.6511,0.6726,0.6511,0.6669,8353160.27
1749225600,0.6669,0.6726,0.6612,0.6634,5900183.95
1749240000,0.6634,0.6667,0.6535,0.6559,4286731.47
1749254400,0.6559,0.6628,0.6502,0.6624,3029760.77
1749268800,0.6624,0.6705,0.6578,0.6694,2124485.79
1749283200,0.6694,0.6708,0.6637,0.6683,1739654.57
1749297600,0.6683,0.6711,0.6666,0.6668,3088746.27
1749312000,0.6668,0.6675,0.6623,0.6642,4664417.17
1749326400,0.6642,0.67,0.6641,0.6649,1608830.7
1749340800,0.6649,0.6651,0.6562,0.6585,2741243.2
1749355200,0.6585,0.6662,0.6565,0.6623,1583595.37
1749369600,0.6623,0.6653,0.6523,0.6646,2668480.2800000003
1749384000,0.6646,0.6797,0.6637,0.6701,11128998.22
1749398400,0.6701,0.6779,0.67,0.6745,3099518.1
1749412800,0.6745,0.6793,0.6682,0.6702,3194166.99
1749427200,0.6702,0.6721,0.6613,0.6645,1828386.24
1749441600,0.6645,0.6645,0.657,0.6629,2586084.29
1749456000,0.6629,0.6777,0.6608,0.676,3245343.93
1749470400,0.676,0.6762,0.6662,0.6744,3774996.27
1749484800,0.6744,0.6868,0.6741,0.6819,6145496.15
1749499200,0.6819,0.708,0.6818,0.7051,13271969.6
1749513600,0.7051,0.7158,0.705,0.7061,5821250.37
1749528000,0.7061,0.707,0.6935,0.6967,4576791.17
1749542400,0.6967,0.7072,0.6867,0.7048,4844384.4
1749556800,0.7048,0.7125,0.6884,0.6961,8807154.62
1749571200,0.6961,0.7153,0.6957,0.7089,6371155.949999999
1749585600,0.7089,0.7204,0.7041,0.7167,7476122.939999999
1749600000,0.7167,0.7218,0.7094,0.72,5080061.279999999
1749614400,0.72,0.7276,0.7174,0.7237,4784890.52
1749628800,0.7237,0.7289,0.7115,0.7148,6220160.32
1749643200,0.7148,0.7314,0.7113,0.7257,9778331.96
1749657600,0.7257,0.7262,0.7024,0.7043,6930341.2
1749672000,0.7043,0.7099,0.6912,0.6982,6216256.279999999
1749686400,0.6982,0.7001,0.6891,0.6909,3535481.74
1749700800,0.6909,0.6945,0.686,0.6872,3619650.92
1749715200,0.6872,0.6888,0.6757,0.6774,4187268.57
1749729600,0.6774,0.6903,0.6765,0.6776,4607186.73
1749744000,0.6776,0.6885,0.6668,0.6688,5492755.2
1749758400,0.6688,0.6847,0.6573,0.6618,9085899.14
1749772800,0.6618,0.6619,0.618,0.6354,21908573.79
1749787200,0.6354,0.6372,0.6257,0.6358,6726368.72
1749801600,0.6358,0.6424,0.6307,0.642,4626347.8
1749816000,0.642,0.644,0.6282,0.6385,8078079.91
1749830400,0.6385,0.6452,0.6285,0.6321,6184388.34
1749844800,0.6321,0.6428,0.6314,0.6424,2776948.02
1749859200,0.6424,0.6429,0.6339,0.6367,2834248.88
1749873600,0.6367,0.6392,0.6329,0.6369,2053487.6
1749888000,0.6369,0.6381,0.6319,0.6364,1050905.94
1749902400,0.6364,0.6375,0.6267,0.6288,2475349.45
1749916800,0.6288,0.6303,0.6151,0.6193,5005430.45
1749931200,0.6193,0.6274,0.6136,0.6251,2547008.84
1749945600,0.6251,0.6303,0.624,0.6281,1543989.28
1749960000,0.6281,0.6351,0.6277,0.6283,1579294.86
1749974400,0.6283,0.6289,0.6217,0.6265,1570167.58
1749988800,0.6265,0.636,0.626,0.6306,3207890.35
1750003200,0.6306,0.6328,0.6277,0.6298,1803224.97
1750017600,0.6298,0.6349,0.6211,0.6334,2442602.13
1750032000,0.6334,0.641,0.625,0.637,3603598.21
1750046400,0.637,0.6505,0.6366,0.6492,4161586.87
1750060800,0.6492,0.6498,0.6394,0.6462,1749574.35
1750075200,0.6462,0.6541,0.6433,0.6494,5157542.57
1750089600,0.6494,0.6577,0.6487,0.6552,6329978.09
1750104000,0.6552,0.6565,0.6284,0.6303,7101260.6
1750118400,0.6303,0.6425,0.6193,0.6369,7537580.33
1750132800,0.6369,0.6377,0.6305,0.6327,2372841.11
1750147200,0.6327,0.633,0.6208,0.622,2766019.61
1750161600,0.622,0.6278,0.6069,0.6119,6708763.18
1750176000,0.6119,0.6221,0.6,0.6179,7916556.55
1750190400,0.6179,0.6194,0.6055,0.609,3666547.07
1750204800,0.609,0.6177,0.6086,0.6137,1996945.03
1750219200,0.6137,0.6216,0.6125,0.6155,1779982.42
1750233600,0.6155,0.6176,0.6,0.607,3219087.57
1750248000,0.607,0.6079,0.5899,0.595,10779562.17
1750262400,0.595,0.6009,0.5885,0.5913,8349537.55
1750276800,0.5913,0.6098,0.5898,0.6042,4235825.24
1750291200,0.6042,0.6116,0.599,0.6034,3592594.31
1750305600,0.6034,0.6079,0.597,0.5986,7672969.12
1750320000,0.5986,0.6036,0.5975,0.5989,1501469.85
1750334400,0.5989,0.601,0.5911,0.5913,2923968.29
1750348800,0.5913,0.6019,0.5901,0.5997,3587531.43
1750363200,0.5997,0.6038,0.598,0.6021,2316391.5300000003
1750377600,0.6021,0.6041,0.5981,0.5983,1732361.4
1750392000,0.5983,0.6034,0.5871,0.6027,3568846.25
1750406400,0.6027,0.6069,0.5995,0.6025,2580113.38
1750420800,0.6025,0.6054,0.5813,0.5833,4758938.109999999
1750435200,0.5833,0.5846,0.5615,0.5781,11568398.45
1750449600,0.5781,0.5841,0.5714,0.5776,2933165.13
1750464000,0.5776,0.5871,0.5772,0.5849,2394971.48
1750478400,0.5849,0.5883,0.5816,0.5826,1794485.16
1750492800,0.5826,0.5864,0.5817,0.5842,1668006.41
1750507200,0.5842,0.5855,0.5723,0.5757,2407510.93
1750521600,0.5757,0.5785,0.5641,0.5646,4197792.39
1750536000,0.5646,0.5698,0.5447,0.5565,11288892.44
1750550400,0.5565,0.5641,0.5454,0.5479,5161076.72
1750564800,0.5479,0.5581,0.5467,0.549,3423661.48
1750579200,0.549,0.5506,0.539,0.5464,4222111.23
1750593600,0.5464,0.5512,0.5207,0.5233,16973189.27
1750608000,0.5233,0.5359,0.5206,0.5246,7781189.16
1750622400,0.5246,0.5422,0.5102,0.542,12069974.66
1750636800,0.542,0.5485,0.5397,0.5457,4862082.32
1750651200,0.5457,0.5524,0.5441,0.5488,3353664.49
1750665600,0.5488,0.5506,0.5403,0.5435,2375510.21
1750680000,0.5435,0.557,0.5382,0.5427,8628840.27
1750694400,0.5427,0.5642,0.5291,0.5554,12531858.45
1750708800,0.5554,0.5867,0.5539,0.5827,14928289.78
1750723200,0.5827,0.5848,0.5768,0.5802,4344308.12
1750737600,0.5802,0.5939,0.5793,0.5825,5895139.92
1750752000,0.5825,0.5877,0.5777,0.5851,3263706.33
1750766400,0.5851,0.5888,0.58,0.5838,6802313.699999999
1750780800,0.5838,0.5929,0.5796,0.5829,4700037.39
1750795200,0.5829,0.5881,0.5813,0.5877,2644267.33
1750809600,0.5877,0.5909,0.5844,0.5844,3302340.5300000003
1750824000,0.5844,0.5866,0.5797,0.5853,2213525.62
1750838400,0.5853,0.5856,0.5749,0.5808,4092600.94
1750852800,0.5808,0.5858,0.5666,0.5676,11388107.39
1750867200,0.5676,0.5729,0.5641,0.5718,3472516.47
1750881600,0.5718,0.5747,0.5635,0.5673,3166067.23
1750896000,0.5673,0.5818,0.5665,0.574,4270275.67
1750910400,0.574,0.5753,0.5682,0.5728,2505315.73
1750924800,0.5728,0.5751,0.5633,0.5638,2541989.75
1750939200,0.5638,0.564,0.5502,0.5549,5697255.38
1750953600,0.5549,0.5583,0.5507,0.5562,3363550.7800000003
1750968000,0.5562,0.566,0.5515,0.5546,4215462.5
1750982400,0.5546,0.5615,0.5489,0.5602,2556329.7800000003
1750996800,0.5602,0.5605,0.5534,0.5542,1176702.81
1751011200,0.5542,0.5594,0.5529,0.5545,1970394.47
1751025600,0.5545,0.5565,0.5475,0.5558,4893246.220000001
1751040000,0.5558,0.563,0.5454,0.5513,5459077.14
1751054400,0.5513,0.5614,0.5506,0.5589,2795698.29
1751068800,0.5589,0.5633,0.5567,0.5602,3105768.69
1751083200,0.5602,0.5646,0.5587,0.5627,1713443.73
1751097600,0.5627,0.563,0.5588,0.5593,906309.07
1751112000,0.5593,0.5646,0.5557,0.5643,2214744.34
1751126400,0.5643,0.5688,0.5625,0.5641,2628580.7800000003
1751140800,0.5641,0.5678,0.5627,0.5658,1397711.41
1751155200,0.5658,0.5686,0.5629,0.5638,1569924.61
1751169600,0.5638,0.5642,0.5594,0.5613,1894812.39
1751184000,0.5613,0.5666,0.5608,0.5654,1498060.73
1751198400,0.5654,0.5668,0.5557,0.5562,3487119.19
1751212800,0.5562,0.5615,0.5553,0.559,3401881.15
1751227200,0.559,0.5856,0.5557,0.5775,10480819.45
1751241600,0.5775,0.5797,0.5663,0.5687,6410466.78
1751256000,0.5687,0.5701,0.5591,0.5668,3978611.94
1751270400,0.5668,0.5684,0.5624,0.5642,2745824.1
1751284800,0.5642,0.5716,0.5564,0.5674,7259935.13
1751299200,0.5674,0.5903,0.5655,0.59,10770265.02
1751313600,0.59,0.5905,0.5715,0.5725,6675208.64
1751328000,0.5725,0.5765,0.5651,0.5691,6770990.95
1751342400,0.5691,0.5692,0.559,0.5673,3013435.7
1751356800,0.5673,0.5673,0.5586,0.5603,2990406.86
1751371200,0.5603,0.5608,0.5436,0.5471,6914580.48
1751385600,0.5471,0.5548,0.5386,0.5395,5634346.899999999
1751400000,0.5395,0.5451,0.5369,0.5422,3437094.24
1751414400,0.5422,0.5493,0.539,0.5487,3874750.03
1751428800,0.5487,0.5584,0.5487,0.5568,5400813.54
1751443200,0.5568,0.5649,0.5567,0.5611,2785324.62
1751457600,0.5611,0.5789,0.5571,0.5781,5862448.82
1751472000,0.5781,0.5997,0.5781,0.5958,19430642.52
1751486400,0.5958,0.5992,0.5834,0.5841,6518124.46
1751500800,0.5841,0.5895,0.5829,0.5871,5720123.25
1751515200,0.5871,0.6092,0.5868,0.6086,7661197.75
1751529600,0.6086,0.6109,0.601,0.6039,5679967.1
1751544000,0.6039,0.6113,0.5871,0.5878,8789320.85
1751558400,0.5878,0.598,0.5877,0.596,4722729.91
1751572800,0.596,0.6033,0.5959,0.5994,2609490.12
1751587200,0.5994,0.6036,0.5912,0.5939,3370145.83
1751601600,0.5939,0.5944,0.5796,0.58,4671648.3
1751616000,0.58,0.5845,0.5745,0.5817,3779306.32
1751630400,0.5817,0.5833,0.5705,0.5714,4876105.33
1751644800,0.5714,0.5729,0.5632,0.5667,14347794.18
1751659200,0.5667,0.5763,0.5659,0.5726,2044784.25
1751673600,0.5726,0.5796,0.5692,0.5786,6421307.02
1751688000,0.5786,0.5834,0.5761,0.579,1699858.9
1751702400,0.579,0.5792,0.5708,0.5751,6113558.100000001
1751716800,0.5751,0.5761,0.5718,0.5757,1373873.04
1751731200,0.5757,0.5768,0.57,0.5738,1665536.9
1751745600,0.5738,0.5766,0.5717,0.5756,1263797.5699999998
1751760000,0.5756,0.5757,0.5711,0.5753,2899269.59
1751774400,0.5753,0.5769,0.5729,0.574,1075369.26
1751788800,0.574,0.5795,0.5724,0.5783,1672394.55
1751803200,0.5783,0.5906,0.5773,0.5854,6079813.6
1751817600,0.5854,0.5875,0.5787,0.5833,1935928.98
1751832000,0.5833,0.5929,0.583,0.5859,3305793.2800000003
1751846400,0.5859,0.5946,0.5822,0.5875,12965340.32
1751860800,0.5875,0.5908,0.5818,0.5904,7012841.35
1751875200,0.5904,0.591,0.5844,0.5878,2685236.23
1751889600,0.5878,0.5908,0.5801,0.5838,12701610.35
1751904000,0.5838,0.5886,0.5755,0.5806,10825570.83
1751918400,0.5806,0.5806,0.574,0.5805,2356355.99
1751932800,0.5805,0.5839,0.5729,0.5762,3492728.54
1751947200,0.5762,0.581,0.5723,0.5784,5336104.52
1751961600,0.5784,0.5874,0.5768,0.5846,2671289.8200000003
1751976000,0.5846,0.5886,0.5795,0.5813,6298367.33
1751990400,0.5813,0.592,0.58,0.5893,6301250.96
1752004800,0.5893,0.5899,0.5854,0.5885,2997517.07
1752019200,0.5885,0.589,0.5842,0.5852,7186719.220000001
1752033600,0.5852,0.5997,0.5845,0.5962,8153415.22
1752048000,0.5962,0.6107,0.5925,0.6093,11476535.79
1752062400,0.6093,0.6207,0.6011,0.6108,16701255.38
1752076800,0.6108,0.6248,0.606,0.6221,13154508.36
1752091200,0.6221,0.6276,0.615,0.6229,9446316.44
1752105600,0.6229,0.6265,0.6177,0.6217,3464045.79
1752120000,0.6217,0.6409,0.6187,0.6283,8357186.279999999
1752134400,0.6283,0.6342,0.6254,0.6319,5119461.8
1752148800,0.6319,0.6319,0.6218,0.6294,5530375.609999999
1752163200,0.6294,0.6601,0.6282,0.6526,18297826.44
1752177600,0.6526,0.6802,0.6521,0.6775,16811855.45
1752192000,0.6775,0.6911,0.6682,0.6878,11678151.86
1752206400,0.6878,0.7027,0.6831,0.6994,15066605.53
1752220800,0.6994,0.7373,0.6987,0.7275,25454503.94
1752235200,0.7275,0.7769,0.7275,0.737,64055725.65
1752249600,0.737,0.746,0.7232,0.7434,35246042.92
1752264000,0.7434,0.7434,0.6935,0.7094,23138232.45
1752278400,0.7094,0.737,0.6994,0.7288,15106036.95
1752292800,0.7288,0.733,0.7119,0.7154,8849207.78
1752307200,0.7154,0.7351,0.7116,0.7234,7594368.26
1752321600,0.7234,0.725,0.6885,0.6934,17274327.36
1752336000,0.6934,0.7095,0.6902,0.7075,6344204.91
1752350400,0.7075,0.7105,0.6958,0.7091,5723674.48
1752364800,0.7091,0.7229,0.7053,0.7191,7500974.96
1752379200,0.7191,0.7485,0.7164,0.7404,12783084.1
1752393600,0.7404,0.7435,0.7237,0.7295,13987183.42
1752408000,0.7295,0.7563,0.7278,0.7423,19698384.73
1752422400,0.7423,0.753,0.7327,0.7453,10690235.86
1752436800,0.7453,0.7503,0.727,0.737,12619263.42
1752451200,0.737,0.7683,0.7349,0.7602,24252994.41
1752465600,0.7602,0.7674,0.7457,0.7623,22673773.31
1752480000,0.7623,0.7648,0.7434,0.747,13190599.41
1752494400,0.747,0.7612,0.7279,0.734,19955658.37
1752508800,0.734,0.7456,0.7284,0.7314,10120917.87
1752523200,0.7314,0.7376,0.7214,0.7354,7095432.33
1752537600,0.7354,0.7394,0.7107,0.7186,15130216.66
1752552000,0.7186,0.7312,0.712,0.7199,9357704.56
1752566400,0.7199,0.7369,0.7138,0.7275,8220077.74
1752580800,0.7275,0.7398,0.7113,0.7242,19679086.09
1752595200,0.7242,0.7542,0.7207,0.7216,16955262.52
1752609600,0.7216,0.7495,0.7193,0.7469,10923391.05
1752624000,0.7469,0.7509,0.7333,0.7381,7970040.5
1752638400,0.7381,0.7497,0.7331,0.7471,4298313.4
1752652800,0.7471,0.7549,0.7422,0.7447,6502559.15
1752667200,0.7447,0.7612,0.7429,0.751,17164984.19
1752681600,0.751,0.7714,0.7482,0.7643,19084111.52
1752696000,0.7643,0.7849,0.7592,0.7648,19561978.55
1752710400,0.7648,0.7727,0.7404,0.7452,14095333.010000002
1752724800,0.7452,0.7796,0.7426,0.7737,9932675.16
1752739200,0.7737,0.8254,0.7686,0.8157,27993338.09
1752753600,0.8157,0.8191,0.7875,0.8031,22230380.23
1752768000,0.8031,0.8174,0.7857,0.7997,23433027.72
1752782400,0.7997,0.8391,0.7885,0.8224,33029906.8
1752796800,0.8224,0.8647,0.8199,0.8605,39968557.27
1752811200,0.8605,0.8959,0.8529,0.8542,36310181.16
1752825600,0.8542,0.8671,0.841,0.8511,20760336.76
1752840000,0.8511,0.8631,0.8118,0.8224,32430839.82
1752854400,0.8224,0.8354,0.8107,0.8178,15720905.93
1752868800,0.8178,0.823,0.7964,0.8165,16685820.97
1752883200,0.8165,0.8321,0.8026,0.8277,7681805.79
1752897600,0.8277,0.8378,0.8205,0.8259,7573856.97
1752912000,0.8259,0.8359,0.818,0.8197,6165929.71
1752926400,0.8197,0.8298,0.8109,0.8222,8263527.76
1752940800,0.8222,0.8353,0.8173,0.8298,6830779.27
1752955200,0.8298,0.8356,0.8172,0.8303,7397803.27
1752969600,0.8303,0.8458,0.8238,0.8409,10092752.79
1752984000,0.8409,0.8498,0.8314,0.8458,12301629.16
1752998400,0.8458,0.8625,0.8451,0.8514,11279625.69
1753012800,0.8514,0.8737,0.847,0.8714,16542446.4
1753027200,0.8714,0.8787,0.8567,0.8712,18152029.96
1753041600,0.8712,0.8785,0.8383,0.8585,21129164.44
1753056000,0.8585,0.8707,0.8418,0.8663,15649856.78
1753070400,0.8663,0.8979,0.8625,0.8943,21994004.8
1753084800,0.8943,0.9114,0.8802,0.9087,25917792.97
1753099200,0.9087,0.9342,0.9,0.9123,45749097.78
1753113600,0.9123,0.9138,0.8758,0.877,29220290.05
1753128000,0.877,0.8921,0.8731,0.8897,12337249.19
1753142400,0.8897,0.91,0.8657,0.8867,23393709.27
1753156800,0.8867,0.8867,0.8556,0.8711,15166324.1
1753171200,0.8711,0.8835,0.853,0.8785,10657111.93
1753185600,0.8785,0.8944,0.857,0.8807,20706161.94
1753200000,0.8807,0.8953,0.8734,0.878,19126376.59
1753214400,0.878,0.9046,0.8765,0.9039,10553617.58
1753228800,0.9039,0.9042,0.8796,0.8814,9794650.45
1753243200,0.8814,0.889,0.8666,0.8682,8428328.35
1753257600,0.8682,0.8742,0.8553,0.8629,8153634.89
1753272000,0.8629,0.863,0.809,0.8348,32128395.97
1753286400,0.8348,0.8348,0.7995,0.8138,20253364.35
1753300800,0.8138,0.8211,0.7861,0.8164,23615986.24
1753315200,0.8164,0.8256,0.8106,0.8168,8891527.17
1753329600,0.8168,0.8184,0.7623,0.7894,22158731.18
1753344000,0.7894,0.8173,0.7859,0.8161,25834016.97
1753358400,0.8161,0.8389,0.7975,0.8239,31283326.41
1753372800,0.8239,0.8282,0.8053,0.8174,19520550.24
1753387200,0.8174,0.8262,0.8015,0.8061,9264382.85
1753401600,0.8061,0.8122,0.7833,0.7956,12947589.22
1753416000,0.7956,0.8101,0.7859,0.7951,11336916.0
1753430400,0.7951,0.8173,0.7876,0.8107,10097712.53
1753444800,0.8107,0.8184,0.775,0.7841,20398016.52
1753459200,0.7841,0.7998,0.7799,0.7937,10588625.61
1753473600,0.7937,0.8178,0.7934,0.816,11004455.99
1753488000,0.816,0.8278,0.8123,0.8251,6640179.79
1753502400,0.8251,0.8275,0.8178,0.819,4730536.1
1753516800,0.819,0.8293,0.819,0.8239,4036650.74
1753531200,0.8239,0.8349,0.8217,0.833,7770978.98
1753545600,0.833,0.8388,0.8223,0.8295,6421936.640000001
1753560000,0.8295,0.8325,0.819,0.82,5149309.140000001
1753574400,0.82,0.8321,0.8176,0.829,5374520.84
1753588800,0.829,0.8395,0.8226,0.8239,4764349.16
1753603200,0.8239,0.832,0.8147,0.8237,6368552.71
1753617600,0.8237,0.8302,0.815,0.8219,6013803.33
1753632000,0.8219,0.8339,0.82,0.8251,6360805.61
1753646400,0.8251,0.8394,0.825,0.8323,8551903.469999999
1753660800,0.8323,0.8448,0.8245,0.8421,10513450.15
1753675200,0.8421,0.8559,0.8347,0.8384,10955129.7
1753689600,0.8384,0.8405,0.8241,0.8297,6951691.02
1753704000,0.8297,0.8345,0.8017,0.8059,17713468.17
1753718400,0.8059,0.8097,0.7916,0.7976,10771224.54
1753732800,0.7976,0.8147,0.7858,0.7931,9327448.81
1753747200,0.7931,0.8001,0.7801,0.7936,9583708.59
1753761600,0.7936,0.8096,0.7881,0.8084,6160213.15
1753776000,0.8084,0.8098,0.7898,0.7961,5876957.23
1753790400,0.7961,0.8053,0.7754,0.7815,12505550.22
1753804800,0.7815,0.7869,0.7691,0.777,9756829.37
1753819200,0.777,0.7849,0.7701,0.7828,5796854.87
1753833600,0.7828,0.7895,0.7736,0.7854,3578411.91
1753848000,0.7854,0.7878,0.7749,0.7791,3058744.01
1753862400,0.7791,0.7842,0.7524,0.7564,9191377.25
1753876800,0.7564,0.7776,0.7524,0.7736,9585140.53
1753891200,0.7736,0.7791,0.7307,0.7605,19390012.03
1753905600,0.7605,0.7674,0.7521,0.7633,5608322.16
1753920000,0.7633,0.7817,0.7623,0.7796,6791402.79
1753934400,0.7796,0.784,0.778,0.782,4224398.46
1753948800,0.782,0.7893,0.7756,0.7784,4437131.01
1753963200,0.7784,0.7792,0.7528,0.7619,9075640.5
1753977600,0.7619,0.7753,0.7498,0.7515,6336839.11
1753992000,0.7515,0.7549,0.736,0.739,7564073.46
1754006400,0.739,0.7409,0.7174,0.7347,31366772.26
1754020800,0.7347,0.7347,0.7185,0.7242,6004857.37
1754035200,0.7242,0.7277,0.7104,0.7271,10406692.29
1754049600,0.7271,0.7378,0.709,0.7329,19793673.75
1754064000,0.7329,0.7377,0.7163,0.7312,10254940.22
1754078400,0.7312,0.7329,0.6961,0.7143,13746639.95
1754092800,0.7143,0.7239,0.7112,0.7211,3954659.38
1754107200,0.7211,0.7273,0.7058,0.7227,3540733.5
1754121600,0.7227,0.7237,0.7069,0.7148,3043517.26
1754136000,0.7148,0.7171,0.6966,0.699,5882286.88
1754150400,0.699,0.7059,0.6843,0.694,16910280.41
1754164800,0.694,0.7051,0.692,0.6973,5082917.82
1754179200,0.6973,0.718,0.687,0.7164,11249889.1
1754193600,0.7164,0.7258,0.712,0.7219,4310631.51
1754208000,0.7219,0.7295,0.7213,0.7245,3160817.86
1754222400,0.7245,0.7273,0.718,0.7262,3651650.72
1754236800,0.7262,0.729,0.7223,0.7243,7651380.61
1754251200,0.7243,0.7309,0.7222,0.7271,2640577.56
1754265600,0.7271,0.7433,0.7252,0.7368,6035527.220000001
1754280000,0.7368,0.7427,0.7299,0.7416,6320790.42
1754294400,0.7416,0.7432,0.735,0.7384,7004823.590000001
1754308800,0.7384,0.7547,0.7366,0.7449,8268769.42
1754323200,0.7449,0.7591,0.7413,0.7437,10246663.22
1754337600,0.7437,0.7576,0.7429,0.7547,4106452.52
1754352000,0.7547,0.7598,0.746,0.7472,4131308.24
1754366400,0.7472,0.7514,0.734,0.7352,4782062.71
1754380800,0.7352,0.7582,0.7332,0.7513,4034781.19
1754395200,0.7513,0.7523,0.7196,0.7229,12585975.61
1754409600,0.7229,0.7297,0.7187,0.72,11648929.64
1754424000,0.72,0.7281,0.713,0.7257,4357708.42
1754438400,0.7257,0.7259,0.7125,0.7131,6341506.17
1754452800,0.7131,0.7298,0.7107,0.7267,9056667.02
1754467200,0.7267,0.729,0.7205,0.7262,2879919.97
1754481600,0.7262,0.7427,0.7201,0.742,8041799.64
1754496000,0.742,0.7481,0.7351,0.7425,4833435.17
1754510400,0.7425,0.7438,0.738,0.7415,2535453.57
1754524800,0.7415,0.746,0.7334,0.7344,3527241.68
1754539200,0.7344,0.7438,0.734,0.7412,2600078.12
1754553600,0.7412,0.77,0.7402,0.7676,8662436.88
1754568000,0.7676,0.7739,0.7579,0.763,7332756.84
1754582400,0.763,0.7663,0.7427,0.7657,7949469.71
1754596800,0.7657,0.7887,0.7643,0.7877,13373679.35
1754611200,0.7877,0.8015,0.7783,0.7958,41853914.69
1754625600,0.7958,0.8006,0.7874,0.7995,14220448.53
1754640000,0.7995,0.8054,0.7937,0.8001,5297297.73
1754654400,0.8001,0.807,0.7761,0.7819,12140354.38
1754668800,0.7819,0.8007,0.7801,0.7992,8691679.05
1754683200,0.7992,0.8007,0.7906,0.7912,3689363.64
1754697600,0.7912,0.8005,0.7902,0.7957,3514951.54
1754712000,0.7957,0.8171,0.7942,0.8073,7841729.86
1754726400,0.8073,0.8176,0.8054,0.807,6460799.5600000005
1754740800,0.807,0.8205,0.7969,0.8053,9684378.78
1754755200,0.8053,0.8211,0.8053,0.8158,8233629.38
1754769600,0.8158,0.8199,0.8017,0.803,7227972.33
1754784000,0.803,0.8248,0.8012,0.8239,8436741.8
1754798400,0.8239,0.8342,0.79,0.7946,15364689.07
1754812800,0.7946,0.8022,0.7845,0.7904,5121138.34
1754827200,0.7904,0.8055,0.7874,0.8011,5362619.87
1754841600,0.8011,0.8084,0.7995,0.8061,3022467.93
1754856000,0.8061,0.8063,0.7913,0.8017,6384387.66
1754870400,0.8017,0.8301,0.7972,0.8257,10334587.239999998
1754884800,0.8257,0.8334,0.8079,0.8097,13990511.42
1754899200,0.8097,0.8203,0.7864,0.7906,13112610.4
1754913600,0.7906,0.7996,0.7829,0.7961,12379007.39
1754928000,0.7961,0.8045,0.7801,0.785,11143438.94
1754942400,0.785,0.7857,0.7665,0.7734,10406959.97
1754956800,0.7734,0.7883,0.7719,0.7817,5165307.0600000005
1754971200,0.7817,0.7883,0.7716,0.782,4719994.96
1754985600,0.782,0.7842,0.7658,0.7751,6346514.97
1755000000,0.7751,0.815,0.7734,0.8143,17244171.29
1755014400,0.8143,0.849,0.8129,0.8484,30467108.89
1755028800,0.8484,0.8575,0.8374,0.8411,23274668.54
1755043200,0.8411,0.8589,0.8331,0.8556,11107414.86
1755057600,0.8556,0.862,0.8379,0.8591,11101098.95
1755072000,0.8591,0.8875,0.8586,0.88,17405416.32
1755086400,0.88,0.8933,0.8619,0.8726,24321623.1
1755100800,0.8726,0.8855,0.8669,0.8839,10002777.16
1755115200,0.8839,0.9223,0.8778,0.9044,26685359.68
1755129600,0.9044,0.9962,0.9042,0.9818,65495272.73
1755144000,0.9818,1.019,0.9749,0.9975,66871593.53
1755158400,0.9975,1.003,0.9604,0.9629,44596396.88
1755172800,0.9629,0.9757,0.8889,0.9256,95112727.86
1755187200,0.9256,0.9257,0.8888,0.9008,33821720.84
1755201600,0.9008,0.937,0.8788,0.9264,35037294.0
1755216000,0.9264,0.946,0.9117,0.9309,30567271.35
1755230400,0.9309,0.9652,0.9195,0.952,26320288.9
1755244800,0.952,0.9648,0.9383,0.943,17782501.799999997
1755259200,0.943,0.9596,0.9159,0.9244,49166403.55
1755273600,0.9244,0.9507,0.9111,0.9303,34519590.44
1755288000,0.9303,0.9633,0.9269,0.9461,26118265.32
1755302400,0.9461,0.9782,0.9447,0.9585,34128033.38
1755316800,0.9585,0.9705,0.9431,0.964,16427969.07
1755331200,0.964,0.9648,0.9019,0.9034,26817577.69
1755345600,0.9034,0.9198,0.9034,0.9104,14534509.12
1755360000,0.9104,0.9244,0.9093,0.9179,13293721.58
1755374400,0.9179,0.924,0.9151,0.9217,5831623.01
1755388800,0.9217,0.9443,0.9052,0.9385,12046712.49
1755403200,0.9385,0.9606,0.9379,0.9597,20421765.7
1755417600,0.9597,0.9875,0.9505,0.9724,23951683.02
1755432000,0.9724,0.9797,0.9617,0.9758,16785860.45
1755446400,0.9758,0.9766,0.9442,0.9515,19650585.12
1755460800,0.9515,0.9686,0.9505,0.9613,13236889.6
1755475200,0.9613,0.9684,0.9142,0.9223,34407539.49
1755489600,0.9223,0.9289,0.9074,0.9171,11743109.62
1755504000,0.9171,0.9245,0.892,0.898,15010557.05
1755518400,0.898,0.9184,0.8923,0.9183,21573010.78
1755532800,0.9183,0.9355,0.9045,0.92,15622858.8
1755547200,0.92,0.9334,0.9094,0.9238,15941448.99
1755561600,0.9238,0.9414,0.8998,0.9029,23015686.46
1755576000,0.9029,0.9323,0.8957,0.9288,19542891.41
1755590400,0.9288,0.9538,0.9169,0.9316,26406326.81
1755604800,0.9316,0.935,0.865,0.8713,40088224.6
1755619200,0.8713,0.8743,0.8506,0.8544,38786070.78
1755633600,0.8544,0.8639,0.8436,0.8463,16111576.16
1755648000,0.8463,0.8566,0.8426,0.8487,11841860.05
1755662400,0.8487,0.856,0.8467,0.848,8172576.779999999
1755676800,0.848,0.8644,0.8376,0.8493,23980523.67
1755691200,0.8493,0.8848,0.8392,0.8714,29752212.66
1755705600,0.8714,0.8927,0.8683,0.8912,19903253.35
1755720000,0.8912,0.8914,0.8781,0.8811,13723796.21
1755734400,0.8811,0.8924,0.8697,0.8853,10369859.93
1755748800,0.8853,0.8862,0.8682,0.8755,6057868.68
1755763200,0.8755,0.8792,0.8648,0.8674,6065138.970000001
1755777600,0.8674,0.8794,0.8576,0.8585,14268330.96
1755792000,0.8585,0.8684,0.8502,0.8522,10731454.94
1755806400,0.8522,0.864,0.8465,0.8516,7969715.89
1755820800,0.8516,0.8666,0.8445,0.8506,10192933.1
1755835200,0.8506,0.8623,0.848,0.857,5042382.02
1755849600,0.857,0.8633,0.8338,0.8341,7976202.12
1755864000,0.8341,0.917,0.8217,0.9047,66443619.34
1755878400,0.9047,0.9398,0.9047,0.9318,38012297.0
1755892800,0.9318,0.9414,0.9264,0.9309,19227831.96
1755907200,0.9309,0.9323,0.8908,0.9006,19744585.28
1755921600,0.9006,0.9382,0.9,0.9253,16799909.01
1755936000,0.9253,0.9289,0.9101,0.9151,7812599.21
1755950400,0.9151,0.9212,0.9079,0.9147,9306922.33
1755964800,0.9147,0.9153,0.908,0.9128,8241702.49
1755979200,0.9128,0.9172,0.9063,0.9136,5569925.16
1755993600,0.9136,0.9211,0.91,0.9151,7283825.89
1756008000,0.9151,0.9189,0.9022,0.9037,5705248.09
1756022400,0.9037,0.9091,0.8884,0.8923,7883366.3
1756036800,0.8923,0.9079,0.8917,0.8988,8956721.809999999
1756051200,0.8988,0.9638,0.8962,0.9221,57904796.61
1756065600,0.9221,0.9295,0.8976,0.9086,26838485.92
1756080000,0.9086,0.9331,0.8877,0.9188,23597368.07
1756094400,0.9188,0.922,0.8702,0.872,24156336.44
1756108800,0.872,0.8753,0.8553,0.8664,17475080.02
1756123200,0.8664,0.8772,0.8552,0.8654,13336253.21
1756137600,0.8654,0.8797,0.8493,0.8501,17366844.05
1756152000,0.8501,0.855,0.8301,0.8371,22741535.6
1756166400,0.8371,0.8457,0.8274,0.8363,13550207.94
1756180800,0.8363,0.8499,0.8351,0.8407,6194508.7
1756195200,0.8407,0.8473,0.8352,0.8385,6629779.359999999
1756209600,0.8385,0.8591,0.8319,0.8492,19119095.21
1756224000,0.8492,0.8747,0.8484,0.8734,16830845.22
1756238400,0.8734,0.8738,0.8629,0.8665,8771024.56
1756252800,0.8665,0.8739,0.8571,0.8693,7523214.91
1756267200,0.8693,0.8762,0.8532,0.8561,6780637.36
1756281600,0.8561,0.867,0.8537,0.8646,5565619.68
1756296000,0.8646,0.8782,0.8559,0.8725,15618021.66
1756310400,0.8725,0.8755,0.8581,0.8628,12420067.46
1756324800,0.8628,0.872,0.8469,0.8507,20092434.89
1756339200,0.8507,0.8611,0.8445,0.8589,8616251.709999999
1756353600,0.8589,0.8736,0.8567,0.8725,8891335.89
1756368000,0.8725,0.8796,0.8631,0.8677,6415651.16
1756382400,0.8677,0.8737,0.8548,0.859,13943243.58
1756396800,0.859,0.8652,0.8435,0.8435,10680451.79
1756411200,0.8435,0.8629,0.8417,0.8578,9979637.35
1756425600,0.8578,0.866,0.8399,0.853,10484020.39
1756440000,0.853,0.8549,0.8262,0.8279,13734316.43
1756454400,0.8279,0.8302,0.8157,0.8239,11172035.57
1756468800,0.8239,0.8474,0.816,0.8256,24580577.17
1756483200,0.8256,0.8261,0.812,0.8208,16033514.32
1756497600,0.8208,0.8297,0.8102,0.8266,9047385.93
1756512000,0.8266,0.8356,0.8134,0.834,6165749.71
1756526400,0.834,0.8442,0.8315,0.8369,6410994.359999999
1756540800,0.8369,0.8383,0.8252,0.8274,2985610.93
1756555200,0.8274,0.8275,0.806,0.8235,8781570.17
1756569600,0.8235,0.8238,0.8154,0.82,4095182.34
1756584000,0.82,0.824,0.8165,0.8222,3139807.91
1756598400,0.8222,0.8378,0.8222,0.8368,5802487.63
1756612800,0.8368,0.8374,0.8255,0.8265,3178251.0300000003
1756627200,0.8265,0.8321,0.8177,0.8241,3734636.99
1756641600,0.8241,0.8276,0.817,0.8268,4283459.22
1756656000,0.8268,0.8282,0.8209,0.8217,4062198.68
1756670400,0.8217,0.829,0.8097,0.8114,5119211.4
1756684800,0.8114,0.8144,0.8008,0.8093,11612015.43
1756699200,0.8093,0.8399,0.7946,0.8381,15012747.98
1756713600,0.8381,0.8449,0.818,0.8202,11217528.99
1756728000,0.8202,0.826,0.8078,0.81,7442977.199999999
1756742400,0.81,0.8121,0.8016,0.8116,6521788.38
1756756800,0.8116,0.8116,0.7821,0.8015,15133206.79
1756771200,0.8015,0.821,0.7981,0.8173,9633838.79
1756785600,0.8173,0.8224,0.8145,0.8173,4026797.15
1756800000,0.8173,0.8256,0.8144,0.8163,4368916.890000001
1756814400,0.8163,0.8279,0.7997,0.81,15215501.79
1756828800,0.81,0.8233,0.8077,0.8205,8241100.33
1756843200,0.8205,0.8356,0.8188,0.8349,9006663.75
1756857600,0.8349,0.8401,0.8267,0.8342,7453771.04
1756872000,0.8342,0.8358,0.826,0.8304,3433144.91
1756886400,0.8304,0.8368,0.8269,0.8323,4660154.93
1756900800,0.8323,0.8424,0.829,0.8408,8086232.029999999
1756915200,0.8408,0.8424,0.8348,0.8417,7119086.01
1756929600,0.8417,0.8439,0.8356,0.8368,4685946.95
1756944000,0.8368,0.842,0.824,0.8243,6042766.67
1756958400,0.8243,0.8273,0.8143,0.818,5821681.48
1756972800,0.818,0.8242,0.8161,0.8179,5342008.65
1756987200,0.8179,0.8215,0.8049,0.8082,11123921.38
1757001600,0.8082,0.8122,0.803,0.804,4135112.38
1757016000,0.804,0.8186,0.8036,0.8093,3979525.22
1757030400,0.8093,0.8182,0.8051,0.8178,4237672.85
1757044800,0.8178,0.8308,0.8149,0.8302,5310143.68
1757059200,0.8302,0.8319,0.8216,0.8319,6740618.37
1757073600,0.8319,0.8489,0.8185,0.8247,22150143.93
1757088000,0.8247,0.8358,0.8207,0.8358,5896210.12
1757102400,0.8358,0.8386,0.8278,0.8304,5498648.51
1757116800,0.8304,0.8358,0.8282,0.8335,2609325.96
1757131200,0.8335,0.8335,0.8236,0.8251,2372702.72
1757145600,0.8251,0.8262,0.8189,0.8233,1700914.19
1757160000,0.8233,0.8278,0.8213,0.8224,3526219.8600000003
1757174400,0.8224,0.8251,0.8145,0.8156,4453242.35
1757188800,0.8156,0.821,0.8153,0.8184,3071898.21
1757203200,0.8184,0.8294,0.8183,0.8283,3188050.21
1757217600,0.8283,0.8289,0.824,0.8263,1849762.46
1757232000,0.8263,0.8329,0.8259,0.8326,2602987.69
1757246400,0.8326,0.8381,0.8268,0.834,5875809.86
1757260800,0.834,0.8346,0.8229,0.8287,3699343.99
1757275200,0.8287,0.8416,0.8274,0.8351,4243025.79
1757289600,0.8351,0.8477,0.8299,0.8413,5541927.859999999
1757304000,0.8413,0.8456,0.8337,0.842,6344240.17
1757318400,0.842,0.8562,0.8415,0.8523,11234909.99
1757332800,0.8523,0.8682,0.8505,0.8655,16956679.32
1757347200,0.8655,0.8689,0.8584,0.8615,10671331.48
1757361600,0.8615,0.8686,0.8577,0.8651,6269756.34
1757376000,0.8651,0.8746,0.8556,0.8674,7739566.02
1757390400,0.8674,0.8939,0.8632,0.8884,15263755.57
1757404800,0.8884,0.8945,0.8823,0.8842,7977148.42
1757419200,0.8842,0.8924,0.8525,0.8575,17759633.509999998
1757433600,0.8575,0.8659,0.8566,0.8622,6222960.12
1757448000,0.8622,0.8677,0.8592,0.8651,4896733.11
1757462400,0.8651,0.8794,0.8596,0.8776,6285748.69
1757476800,0.8776,0.8826,0.8696,0.8803,3622405.49
1757491200,0.8803,0.8824,0.8718,0.8749,3697930.79
1757505600,0.8749,0.8965,0.8749,0.888,20276619.18
1757520000,0.888,0.8938,0.8727,0.877,15344889.64
1757534400,0.877,0.8877,0.8766,0.8852,10916157.14
1757548800,0.8852,0.8945,0.8829,0.8945,9540300.33
1757563200,0.8945,0.8945,0.8833,0.8874,16422747.06
1757577600,0.8874,0.8915,0.8825,0.8836,5974826.96
1757592000,0.8836,0.8968,0.8678,0.8768,24893643.31
1757606400,0.8768,0.8832,0.8764,0.8822,5723644.84
1757620800,0.8822,0.8967,0.8801,0.8941,6365972.48
1757635200,0.8941,0.9097,0.8913,0.901,17232446.31
1757649600,0.901,0.9063,0.8975,0.8995,8750816.02
1757664000,0.8995,0.9007,0.8878,0.8881,6864401.33
1757678400,0.8881,0.8959,0.8829,0.894,11438339.27
1757692800,0.894,0.9088,0.8924,0.9086,16319647.12
1757707200,0.9086,0.9183,0.9018,0.9176,14247742.66
1757721600,0.9176,0.9374,0.9172,0.9294,24692793.65
1757736000,0.9294,0.9303,0.9242,0.9263,7037734.21
1757750400,0.9263,0.9542,0.9259,0.9504,18556236.34
1757764800,0.9504,0.9522,0.9285,0.9379,15643621.26
1757779200,0.9379,0.943,0.915,0.9269,17295964.33
1757793600,0.9269,0.9359,0.9265,0.9299,5956249.01
1757808000,0.9299,0.9313,0.9138,0.9171,8070880.23
1757822400,0.9171,0.9238,0.9108,0.9161,4903814.0600000005
1757836800,0.9161,0.9197,0.9018,0.903,7983755.89
1757851200,0.903,0.9059,0.8797,0.8868,17921509.1
1757865600,0.8868,0.8973,0.8856,0.8896,8843608.47
1757880000,0.8896,0.8983,0.886,0.8885,6060044.21
1757894400,0.8885,0.8962,0.8802,0.8949,7217334.09
1757908800,0.8949,0.9028,0.8753,0.8786,9231857.12
1757923200,0.8786,0.8786,0.8536,0.8648,20472577.56
1757937600,0.8648,0.8703,0.8545,0.8597,12693713.92
1757952000,0.8597,0.8643,0.8534,0.8598,7536825.91
1757966400,0.8598,0.8664,0.8592,0.8637,4849372.93
1757980800,0.8637,0.8661,0.8588,0.8601,3177326.76
1757995200,0.8601,0.8669,0.8537,0.8659,3953030.18
1758009600,0.8659,0.875,0.8659,0.8704,7586362.44
1758024000,0.8704,0.8755,0.857,0.8706,9994248.92
1758038400,0.8706,0.8807,0.8668,0.8776,9076413.86
1758052800,0.8776,0.8842,0.8763,0.8805,3906063.81
1758067200,0.8805,0.8836,0.8739,0.8741,6305159.07
1758081600,0.8741,0.8873,0.8673,0.8826,5946885.74
1758096000,0.8826,0.8828,0.8696,0.8723,3906487.36
1758110400,0.8723,0.8741,0.864,0.8687,8850775.3
1758124800,0.8687,0.8847,0.8619,0.8831,22056860.11
1758139200,0.8831,0.9197,0.8761,0.9136,24522436.57
1758153600,0.9136,0.9255,0.9074,0.9177,14125843.72
1758168000,0.9177,0.9186,0.8998,0.908,11078843.36
1758182400,0.908,0.9206,0.9078,0.9137,7295660.51
1758196800,0.9137,0.9287,0.9087,0.9274,16334893.46
1758211200,0.9274,0.9388,0.9227,0.9299,15056188.29
1758225600,0.9299,0.9338,0.9161,0.9248,11527165.69
1758240000,0.9248,0.9374,0.9189,0.9195,9372483.52
1758254400,0.9195,0.9231,0.9028,0.9041,13910902.39
1758268800,0.9041,0.9118,0.8938,0.8965,10452379.06
1758283200,0.8965,0.9089,0.8916,0.8973,11520393.12
1758297600,0.8973,0.9055,0.8917,0.8952,11861367.48
1758312000,0.8952,0.8991,0.8858,0.8909,6622081.62
1758326400,0.8909,0.8977,0.8891,0.8944,4413852.31
1758340800,0.8944,0.9066,0.8921,0.9064,3900797.95
1758355200,0.9064,0.9067,0.8878,0.8957,4408994.62
1758369600,0.8957,0.9049,0.8921,0.9006,4044632.69
1758384000,0.9006,0.9036,0.8904,0.8918,4913340.92
1758398400,0.8918,0.8982,0.8912,0.8936,2295088.0
1758412800,0.8936,0.8991,0.8904,0.8991,2847524.81
1758427200,0.8991,0.9029,0.8967,0.9,3675387.86
1758441600,0.9,0.9007,0.8778,0.8831,8273972.38
1758456000,0.8831,0.8902,0.8823,0.8864,7412004.18
1758470400,0.8864,0.89,0.876,0.889,7081871.62
1758484800,0.889,0.8895,0.8805,0.8845,4261791.66
1758499200,0.8845,0.8879,0.8472,0.8562,22340716.55
1758513600,0.8562,0.8567,0.7967,0.8179,30961930.6
1758528000,0.8179,0.8285,0.8136,0.823,11542251.73
1758542400,0.823,0.8336,0.8199,0.821,16171125.81
1758556800,0.821,0.8277,0.8146,0.8156,11232705.5
1758571200,0.8156,0.828,0.8137,0.8262,6586273.94
1758585600,0.8262,0.8297,0.8039,0.823,9842127.79
1758600000,0.823,0.8295,0.8153,0.8245,7887221.42
1758614400,0.8245,0.8289,0.8196,0.8229,5146184.5
1758628800,0.8229,0.8266,0.8162,0.823,8766057.26
1758643200,0.823,0.8296,0.8069,0.8085,11509108.77
1758657600,0.8085,0.8161,0.8054,0.8063,5201729.19
1758672000,0.8063,0.8163,0.7983,0.8007,9609724.52
1758686400,0.8007,0.8173,0.7907,0.815,8042519.93
1758700800,0.815,0.8236,0.8134,0.8193,4027988.92
1758715200,0.8193,0.8305,0.8173,0.8208,8382711.039999999
1758729600,0.8208,0.8272,0.8193,0.8226,5089506.24
1758744000,0.8226,0.8231,0.8119,0.8129,4605959.029999999
1758758400,0.8129,0.8147,0.7933,0.8008,11906430.66
1758772800,0.8008,0.8032,0.7869,0.7905,11925584.5
1758787200,0.7905,0.7944,0.7805,0.7814,16964083.08
1758801600,0.7814,0.8003,0.7699,0.7913,21246394.33
1758816000,0.7913,0.7927,0.755,0.7715,25813330.79
1758830400,0.7715,0.7745,0.7583,0.7638,8839509.85
1758844800,0.7638,0.7817,0.7638,0.7772,9846288.03
1758859200,0.7772,0.7797,0.7689,0.7748,5358617.2
1758873600,0.7748,0.7783,0.7583,0.7641,6618686.8
1758888000,0.7641,0.7796,0.7581,0.7753,13505039.52
1758902400,0.7753,0.7969,0.7748,0.79,14336420.56
1758916800,0.79,0.794,0.7872,0.7924,5146313.25
1758931200,0.7924,0.7944,0.789,0.7928,2187676.64
1758945600,0.7928,0.7937,0.7823,0.7841,3524975.22
1758960000,0.7841,0.7862,0.777,0.7835,3164244.35
1758974400,0.7835,0.7872,0.7809,0.7857,2789901.05
1758988800,0.7857,0.7861,0.7777,0.7818,3389874.24
1759003200,0.7818,0.7884,0.7788,0.7813,2497633.6
1759017600,0.7813,0.7825,0.7725,0.7753,3685056.89
1759032000,0.7753,0.7767,0.7695,0.7735,1935822.61
1759046400,0.7735,0.7738,0.7659,0.769,2617014.87
1759060800,0.769,0.7817,0.7651,0.7817,6356300.8
1759075200,0.7817,0.7922,0.7815,0.7903,3921567.0
1759089600,0.7903,0.8119,0.7899,0.8088,10453266.86
1759104000,0.8088,0.8091,0.7985,0.8048,4501527.02
1759118400,0.8048,0.8058,0.793,0.7983,3765402.22
1759132800,0.7983,0.8043,0.7898,0.795,3564698.59
1759147200,0.795,0.8164,0.7884,0.8026,11976064.55
1759161600,0.8026,0.8061,0.7954,0.8052,8574854.01
1759176000,0.8052,0.815,0.804,0.8063,8491107.03
1759190400,0.8063,0.8086,0.797,0.7981,5225288.5
1759204800,0.7981,0.8055,0.7931,0.7943,5566549.63
1759219200,0.7943,0.7954,0.7847,0.7915,3867953.23
1759233600,0.7915,0.7961,0.7783,0.7833,8280584.98
1759248000,0.7833,0.8016,0.7801,0.8012,10180468.59
1759262400,0.8012,0.8129,0.799,0.8073,11010815.17
1759276800,0.8073,0.8114,0.7968,0.7982,8720499.07
1759291200,0.7982,0.8066,0.7974,0.805,3858222.2
1759305600,0.805,0.8378,0.8033,0.8367,21068930.58
1759320000,0.8367,0.843,0.8325,0.841,12085980.78
1759334400,0.841,0.848,0.8333,0.8462,12879455.51
1759348800,0.8462,0.8514,0.8391,0.8511,10663762.78
1759363200,0.8511,0.8605,0.8485,0.8554,12944232.1
1759377600,0.8554,0.8645,0.8508,0.8546,9487520.57
1759392000,0.8546,0.8579,0.8494,0.8507,5994717.65
1759406400,0.8507,0.857,0.8367,0.8544,14578148.32
1759420800,0.8544,0.8783,0.8532,0.875,18759728.75
1759435200,0.875,0.8758,0.8652,0.8712,10425403.28
1759449600,0.8712,0.8716,0.8555,0.8622,8267017.390000001
1759464000,0.8622,0.8677,0.8544,0.8576,4862974.1
1759478400,0.8576,0.8607,0.8521,0.8549,5135198.25
1759492800,0.8549,0.8746,0.8498,0.874,15259517.32
1759507200,0.874,0.8928,0.8586,0.8707,26794488.01
1759521600,0.8707,0.8744,0.8654,0.8659,4910590.14
1759536000,0.8659,0.8692,0.8502,0.855,7998112.73
1759550400,0.855,0.8592,0.8524,0.853,4380210.5600000005
1759564800,0.853,0.854,0.8414,0.8437,7529045.390000001
1759579200,0.8437,0.85,0.8336,0.8355,12355285.51
1759593600,0.8355,0.8426,0.8348,0.8386,4672773.76
1759608000,0.8386,0.8442,0.8381,0.8397,4529017.109999999
1759622400,0.8397,0.8635,0.8356,0.8552,11160723.010000002
1759636800,0.8552,0.8783,0.8552,0.8782,13849641.09
1759651200,0.8782,0.8828,0.858,0.8635,10160773.44
1759665600,0.8635,0.8635,0.8515,0.8539,8025891.67
1759680000,0.8539,0.8562,0.8276,0.8307,11256884.61
1759694400,0.8307,0.8405,0.8282,0.8375,6791054.17
1759708800,0.8375,0.8456,0.8326,0.8404,7756812.44
1759723200,0.8404,0.8504,0.8369,0.843,4456480.67
1759737600,0.843,0.8549,0.843,0.8513,6582022.69
1759752000,0.8513,0.8811,0.8513,0.8734,19295274.96
1759766400,0.8734,0.8808,0.8699,0.8779,14527802.95
1759780800,0.8779,0.8809,0.8672,0.8717,11951764.12
1759795200,0.8717,0.8781,0.8675,0.8686,5145537.11
1759809600,0.8686,0.8748,0.8548,0.8573,7198305.45
1759824000,0.8573,0.8613,0.8487,0.8602,4349893.3
1759838400,0.8602,0.8726,0.8293,0.8337,25185650.47
1759852800,0.8337,0.841,0.8239,0.8257,16692104.3
1759867200,0.8257,0.8355,0.8181,0.8204,10720306.36
1759881600,0.8204,0.8301,0.8105,0.8134,9945371.11
1759896000,0.8134,0.8186,0.8086,0.8177,5221028.98
1759910400,0.8177,0.8279,0.8169,0.822,5153548.11
1759924800,0.822,0.8299,0.813,0.8185,12055786.6
1759939200,0.8185,0.8516,0.8174,0.8398,17904254.27
1759953600,0.8398,0.8426,0.8347,0.839,5509096.9
1759968000,0.839,0.8397,0.8132,0.8212,8277845.58
1759982400,0.8212,0.8259,0.814,0.8149,4913143.21
1759996800,0.8149,0.8154,0.8023,0.8132,10144516.2
1760011200,0.8132,0.8214,0.7983,0.8045,14685986.76
1760025600,0.8045,0.8107,0.7949,0.8095,9827195.87
1760040000,0.8095,0.8192,0.8075,0.8157,3561905.77
1760054400,0.8157,0.8219,0.8093,0.8162,4621478.140000001
1760068800,0.8162,0.8224,0.8102,0.8106,5789078.470000001
1760083200,0.8106,0.8193,0.8087,0.8178,3456418.62
1760097600,0.8178,0.8244,0.778,0.7837,20557374.16
1760112000,0.7837,0.7901,0.7601,0.7677,19606010.71
1760126400,0.7677,0.7754,0.5514,0.655,121813133.94
1760140800,0.655,0.6755,0.6286,0.6488,41522821.66
1760155200,0.6488,0.6605,0.6425,0.653,18946903.94
1760169600,0.653,0.6836,0.6497,0.6669,15437631.05
1760184000,0.6669,0.667,0.6419,0.6555,15122101.35
1760198400,0.6555,0.6593,0.6255,0.6324,14993748.05
1760212800,0.6324,0.6357,0.6102,0.6324,23192593.970000003
1760227200,0.6324,0.6382,0.6185,0.6341,8617916.36
1760241600,0.6341,0.6516,0.6332,0.6476,8581010.77
1760256000,0.6476,0.6515,0.6388,0.6442,4529327.42
1760270400,0.6442,0.6844,0.6375,0.6809,24207471.02
1760284800,0.6809,0.7,0.679,0.6994,22652174.65
1760299200,0.6994,0.7098,0.6874,0.701,20505423.24
1760313600,0.701,0.7168,0.6961,0.7044,12355102.96
1760328000,0.7044,0.7259,0.6975,0.7177,11374542.36
1760342400,0.7177,0.7304,0.6937,0.7073,17120091.169999998
1760356800,0.7073,0.7272,0.7024,0.7166,19776757.38
1760371200,0.7166,0.7289,0.7092,0.725,17775738.11
1760385600,0.725,0.7363,0.7238,0.7292,6999129.42
1760400000,0.7292,0.7338,0.7113,0.7163,14692445.55
1760414400,0.7163,0.7186,0.6708,0.678,20755716.53
1760428800,0.678,0.6871,0.6633,0.6776,11815300.87
1760443200,0.6776,0.6973,0.6629,0.6965,20656113.54
1760457600,0.6965,0.7093,0.6866,0.6948,19983233.71
1760472000,0.6948,0.7019,0.6904,0.6992,6220121.94
1760486400,0.6992,0.7041,0.6877,0.6913,7265377.49
1760500800,0.6913,0.704,0.6886,0.7028,6069220.98
1760515200,0.7028,0.7161,0.6871,0.6914,6910808.14
1760529600,0.6914,0.6943,0.6693,0.673,17320672.439999998
1760544000,0.673,0.6769,0.6642,0.6696,11745204.06
1760558400,0.6696,0.6733,0.658,0.6688,8912290.27
1760572800,0.6688,0.6758,0.6664,0.6705,4988055.0600000005
1760587200,0.6705,0.6767,0.6653,0.6709,3545429.68
1760601600,0.6709,0.6816,0.6533,0.6804,10991710.65
1760616000,0.6804,0.6848,0.6493,0.6524,16790302.71
1760630400,0.6524,0.665,0.6392,0.6437,24146871.72
1760644800,0.6437,0.6463,0.6334,0.6453,8416023.06
1760659200,0.6453,0.6558,0.6436,0.6519,6056714.67
1760673600,0.6519,0.6524,0.6073,0.6093,20413194.01
1760688000,0.6093,0.6217,0.5925,0.617,37306884.15
1760702400,0.617,0.6257,0.608,0.6255,23562207.45
1760716800,0.6255,0.6339,0.6209,0.6241,12123803.89
1760731200,0.6241,0.6352,0.6229,0.6247,5562687.49
1760745600,0.6247,0.6369,0.6233,0.6324,4271495.03
1760760000,0.6324,0.6391,0.6253,0.632,3459102.31
1760774400,0.632,0.6385,0.6306,0.6383,3510841.12
1760788800,0.6383,0.6411,0.6273,0.6324,4414166.8100000005
1760803200,0.6324,0.6376,0.6263,0.6367,3107383.86
1760817600,0.6367,0.6393,0.632,0.6345,2355552.57
1760832000,0.6345,0.6365,0.628,0.6349,3768064.75
1760846400,0.6349,0.6357,0.627,0.6304,1583563.28
1760860800,0.6304,0.6498,0.6226,0.6429,10879723.44
1760875200,0.6429,0.6619,0.6385,0.6607,14581193.13
1760889600,0.6607,0.6654,0.6555,0.6597,9463726.81
1760904000,0.6597,0.6622,0.6515,0.653,5003786.22
1760918400,0.653,0.6649,0.6396,0.6628,8149846.99
1760932800,0.6628,0.6761,0.6611,0.6698,7475507.729999999
1760947200,0.6698,0.6746,0.663,0.6666,7883526.5
1760961600,0.6666,0.6714,0.6631,0.6646,6547593.970000001
1760976000,0.6646,0.6707,0.6549,0.6678,7032216.66
1760990400,0.6678,0.6707,0.6625,0.6628,4458899.7
1761004800,0.6628,0.6634,0.6494,0.651,6207769.41
1761019200,0.651,0.651,0.6385,0.644,8322563.08
1761033600,0.644,0.6488,0.6371,0.6459,4056101.5
1761048000,0.6459,0.6856,0.6443,0.6806,20445938.54
1761062400,0.6806,0.6841,0.6649,0.6693,17108595.060000002
1761076800,0.6693,0.67,0.6407,0.643,11886511.13
1761091200,0.643,0.6468,0.6381,0.6419,7123144.390000001
1761105600,0.6419,0.6449,0.6329,0.6379,5438196.92
1761120000,0.6379,0.641,0.6244,0.636,8389084.63
1761134400,0.636,0.6435,0.6286,0.6356,11063729.63
1761148800,0.6356,0.6377,0.6231,0.6276,8219594.99
1761163200,0.6276,0.629,0.6087,0.6239,12718792.75
1761177600,0.6239,0.63,0.623,0.6275,5239803.92
1761192000,0.6275,0.6431,0.6266,0.6396,5053580.0600000005
1761206400,0.6396,0.6434,0.6351,0.6363,2406824.88
1761220800,0.6363,0.6462,0.6313,0.643,10584959.33
1761235200,0.643,0.6542,0.6416,0.6456,7575840.52
1761249600,0.6456,0.6456,0.6373,0.643,4684351.529999999
1761264000,0.643,0.6472,0.6394,0.6408,3671903.82
1761278400,0.6408,0.655,0.6391,0.6497,5466850.8
1761292800,0.6497,0.6536,0.6437,0.6508,3457452.59
1761307200,0.6508,0.6627,0.6437,0.6452,12391216.97
1761321600,0.6452,0.6567,0.6428,0.655,5305628.07
1761336000,0.655,0.659,0.6545,0.6562,3707436.14
1761350400,0.6562,0.6593,0.6533,0.6536,2671598.35
1761364800,0.6536,0.6582,0.6514,0.6518,1971006.15
1761379200,0.6518,0.6549,0.6483,0.6541,1440753.66
1761393600,0.6541,0.657,0.6513,0.653,2879364.25
1761408000,0.653,0.6593,0.6522,0.6576,1219182.08
1761422400,0.6576,0.659,0.6535,0.6543,2162680.98
1761436800,0.6543,0.6563,0.6469,0.6479,3350356.41
1761451200,0.6479,0.6564,0.6478,0.6558,1573308.73
1761465600,0.6558,0.6733,0.6558,0.6733,4203134.41
1761480000,0.6733,0.6802,0.673,0.6778,7326188.8
1761494400,0.6778,0.6784,0.6723,0.673,4574533.68
1761508800,0.673,0.6868,0.6684,0.6813,8466918.55
1761523200,0.6813,0.6936,0.68,0.6848,6858080.61
1761537600,0.6848,0.6912,0.6779,0.6802,5230461.52
1761552000,0.6802,0.6835,0.672,0.6777,5381330.22
1761566400,0.6777,0.6779,0.6661,0.6744,8057312.3
1761580800,0.6744,0.6849,0.6742,0.6746,9013397.43
1761595200,0.6746,0.6747,0.6639,0.6671,6050848.58
1761609600,0.6671,0.672,0.662,0.6653,5059774.95
1761624000,0.6653,0.6712,0.6568,0.6634,6030861.67
1761638400,0.6634,0.6675,0.662,0.6626,2927256.83
1761652800,0.6626,0.6755,0.6534,0.6644,8258997.35
1761667200,0.6644,0.6714,0.6525,0.6545,6475881.73
1761681600,0.6545,0.6547,0.6369,0.6462,11456528.96
1761696000,0.6462,0.6476,0.6414,0.6424,3441511.68
1761710400,0.6424,0.6471,0.6419,0.6465,2849890.17
1761724800,0.6465,0.6511,0.6403,0.6503,2796171.7800000003
1761739200,0.6503,0.655,0.6369,0.6393,5895197.18
1761753600,0.6393,0.66,0.628,0.6504,16808404.919999998
1761768000,0.6504,0.6572,0.6374,0.6402,8001277.99
1761782400,0.6402,0.6485,0.6361,0.6448,3328621.95
1761796800,0.6448,0.6481,0.6216,0.6456,8881741.99
1761811200,0.6456,0.6456,0.6292,0.6295,3810390.97
1761825600,0.6295,0.6299,0.6016,0.6032,16837727.54
1761840000,0.6032,0.6079,0.5866,0.5881,16478384.9
1761854400,0.5881,0.6017,0.587,0.6017,9418216.38
1761868800,0.6017,0.6118,0.6006,0.6101,7200174.18
1761883200,0.6101,0.6157,0.6099,0.6111,4344936.140000001
1761897600,0.6111,0.6168,0.6084,0.6166,4461188.34
1761912000,0.6166,0.6197,0.6092,0.6125,11262212.59
1761926400,0.6125,0.6132,0.5977,0.6109,10941300.01
1761940800,0.6109,0.6111,0.6058,0.6091,2874004.22
1761955200,0.6091,0.6125,0.6032,0.6123,2557323.75
1761969600,0.6123,0.6139,0.607,0.6137,1574724.25
1761984000,0.6137,0.6173,0.6111,0.6123,1764618.44
1761998400,0.6123,0.6145,0.6052,0.6122,3591044.7800000003
1762012800,0.6122,0.6142,0.6097,0.6133,2421408.01
1762027200,0.6133,0.6154,0.608,0.6126,1784437.9
1762041600,0.6126,0.6127,0.6079,0.6086,1434123.12
1762056000,0.6086,0.6186,0.6081,0.6175,2134588.23
1762070400,0.6175,0.6182,0.6052,0.6141,3827236.92
1762084800,0.6141,0.6142,0.5972,0.5994,5997722.92
1762099200,0.5994,0.6013,0.5925,0.5968,3972993.06
1762113600,0.5968,0.6116,0.5956,0.6106,3966598.17
1762128000,0.6106,0.6121,0.5745,0.5755,11844389.68
1762142400,0.5755,0.5808,0.5669,0.5774,14362210.91
1762156800,0.5774,0.5852,0.5715,0.5757,7895155.9
1762171200,0.5757,0.5803,0.5324,0.5505,23851268.61
1762185600,0.5505,0.5689,0.547,0.5551,14804037.3
1762200000,0.5551,0.5563,0.5422,0.5526,12674989.12
1762214400,0.5526,0.5624,0.5465,0.5614,7363143.37
1762228800,0.5614,0.5631,0.5305,0.534,13360587.45
1762243200,0.534,0.5484,0.5325,0.5461,15079478.89
1762257600,0.5461,0.5535,0.5323,0.5424,12244491.0
1762272000,0.5424,0.5463,0.5082,0.5141,29862842.23
1762286400,0.5141,0.526,0.4905,0.5207,45413423.08
1762300800,0.5207,0.534,0.4949,0.5324,24236491.71
1762315200,0.5324,0.5376,0.5287,0.5344,7544704.68
1762329600,0.5344,0.536,0.5232,0.535,7352467.26
1762344000,0.535,0.5488,0.534,0.5488,12584528.81
1762358400,0.5488,0.5502,0.5421,0.5434,14534082.59
1762372800,0.5434,0.5485,0.5391,0.5452,9384034.58
1762387200,0.5452,0.5454,0.5346,0.5431,8089312.83
1762401600,0.5431,0.5446,0.533,0.5343,5022576.64
1762416000,0.5343,0.5389,0.5316,0.5351,6388044.44
1762430400,0.5351,0.539,0.5214,0.5235,11456825.8
1762444800,0.5235,0.5317,0.5167,0.5282,9000705.33
1762459200,0.5282,0.5343,0.5227,0.5315,7371776.4
1762473600,0.5315,0.5409,0.5289,0.5404,8316130.46
1762488000,0.5404,0.5478,0.5356,0.5476,6019497.93
1762502400,0.5476,0.5494,0.5259,0.5309,5702458.75
1762516800,0.5309,0.5467,0.5194,0.544,13934743.13
1762531200,0.544,0.5854,0.5417,0.5799,26646583.67
1762545600,0.5799,0.586,0.5754,0.5761,9506776.12
1762560000,0.5761,0.5927,0.5737,0.5822,8973099.92
1762574400,0.5822,0.5903,0.574,0.5823,6452997.36
1762588800,0.5823,0.5858,0.5717,0.5747,5380770.08
1762603200,0.5747,0.5778,0.5558,0.5572,7225501.75
1762617600,0.5572,0.564,0.5539,0.5608,5249902.71
1762632000,0.5608,0.5692,0.5586,0.5687,3233884.88
1762646400,0.5687,0.5688,0.5481,0.5502,5656771.85
1762660800,0.5502,0.5633,0.5502,0.5626,4048586.36
1762675200,0.5626,0.5634,0.55,0.5626,3387676.66
1762689600,0.5626,0.5789,0.5609,0.5754,8269858.07
1762704000,0.5754,0.583,0.5696,0.5829,7678592.63
1762718400,0.5829,0.5844,0.5733,0.5788,6645340.5
1762732800,0.5788,0.591,0.5739,0.5884,9117731.16
1762747200,0.5884,0.5917,0.5851,0.5893,4164514.68
1762761600,0.5893,0.6027,0.5839,0.5958,6197438.130000001
1762776000,0.5958,0.6008,0.5808,0.5847,11076924.48
1762790400,0.5847,0.5922,0.5781,0.5882,6700351.12
1762804800,0.5882,0.598,0.5839,0.5927,5998788.59
1762819200,0.5927,0.6068,0.5868,0.5985,13926107.26
1762833600,0.5985,0.6001,0.5756,0.5758,5653696.76
1762848000,0.5758,0.5835,0.5749,0.5802,4357792.0600000005
1762862400,0.5802,0.5841,0.5706,0.5722,7508578.040000001
1762876800,0.5722,0.5754,0.561,0.5622,7699579.25
1762891200,0.5622,0.5643,0.5534,0.5561,7304430.59
1762905600,0.5561,0.5617,0.5528,0.5605,4903318.33
1762920000,0.5605,0.5651,0.556,0.5567,4274681.7
1762934400,0.5567,0.5746,0.5567,0.5738,3530464.72
1762948800,0.5738,0.5808,0.5564,0.558,9683427.11
1762963200,0.558,0.5595,0.5393,0.5437,10263995.84
1762977600,0.5437,0.5508,0.5422,0.5456,3800513.36
1762992000,0.5456,0.5638,0.5439,0.5587,6034470.68
1763006400,0.5587,0.5707,0.5554,0.5645,5534951.5
1763020800,0.5645,0.5714,0.5622,0.5648,2419450.09
1763035200,0.5648,0.5685,0.5512,0.5539,8195459.390000001
1763049600,0.5539,0.5544,0.5191,0.5216,15410500.77
1763064000,0.5216,0.5345,0.5143,0.5295,10801317.24
1763078400,0.5295,0.5332,0.5236,0.5254,6824001.25
1763092800,0.5254,0.5274,0.507,0.5239,10405641.29
1763107200,0.5239,0.5239,0.5102,0.5129,5013438.5
1763121600,0.5129,0.5187,0.4998,0.5138,16742820.85
1763136000,0.5138,0.5203,0.507,0.5156,7971227.33
1763150400,0.5156,0.5158,0.49,0.498,9604023.33
1763164800,0.498,0.5143,0.4977,0.5113,6184441.37
1763179200,0.5113,0.515,0.5061,0.5098,4459945.03
1763193600,0.5098,0.5102,0.5,0.5016,3475187.26
1763208000,0.5016,0.5148,0.5005,0.5068,9170708.79
1763222400,0.5068,0.5109,0.5024,0.5076,4157589.77
1763236800,0.5076,0.5077,0.4987,0.5033,4708258.7
1763251200,0.5033,0.5059,0.4923,0.504,5276228.71
1763265600,0.504,0.5057,0.4996,0.505,3651248.98
1763280000,0.505,0.5089,0.496,0.4973,3621471.06
1763294400,0.4973,0.4996,0.4826,0.4836,9325063.33
1763308800,0.4836,0.4902,0.4754,0.4812,20059780.43
1763323200,0.4812,0.4875,0.4734,0.4844,13342362.89
1763337600,0.4844,0.4953,0.4789,0.4931,10557821.58
1763352000,0.4931,0.4974,0.49,0.4958,4975529.46
1763366400,0.4958,0.4985,0.491,0.4952,5935858.529999999
1763380800,0.4952,0.4983,0.4726,0.4754,18184333.84
1763395200,0.4754,0.4837,0.459,0.4602,19573633.08
1763409600,0.4602,0.466,0.4572,0.4658,11299858.57
1763424000,0.4658,0.4697,0.4557,0.4679,15157542.71
1763438400,0.4679,0.4711,0.4577,0.4644,10334214.18
1763452800,0.4644,0.4706,0.4637,0.4683,5022670.76
1763467200,0.4683,0.477,0.4595,0.4737,12641686.97
1763481600,0.4737,0.4821,0.4721,0.4781,11280623.6
1763496000,0.4781,0.4808,0.4714,0.4751,4408103.25
1763510400,0.4751,0.4771,0.4676,0.4685,4678136.29
1763524800,0.4685,0.4698,0.453,0.4681,5873497.37
1763539200,0.4681,0.4703,0.4632,0.4656,3599538.42
1763553600,0.4656,0.4731,0.4562,0.4564,11891131.04
1763568000,0.4564,0.4596,0.4377,0.441,21361973.95
1763582400,0.441,0.4638,0.44,0.4637,11923695.010000002
1763596800,0.4637,0.4694,0.4609,0.4663,5567746.96
1763611200,0.4663,0.4703,0.4631,0.4699,6125752.68
1763625600,0.4699,0.4704,0.4637,0.4658,2888358.01
1763640000,0.4658,0.4715,0.4547,0.4552,10701704.81
1763654400,0.4552,0.4558,0.4289,0.4354,23730073.42
1763668800,0.4354,0.4445,0.4306,0.4318,6891017.34
1763683200,0.4318,0.4388,0.4255,0.4298,14707179.58
1763697600,0.4298,0.4308,0.3955,0.4082,17925906.56
1763712000,0.4082,0.4171,0.3978,0.3983,13258954.29
1763726400,0.3983,0.4135,0.3871,0.4006,22759811.73
1763740800,0.4006,0.4172,0.3959,0.4096,17810218.59
1763755200,0.4096,0.414,0.3978,0.4091,8586382.09
1763769600,0.4091,0.413,0.4049,0.407,4329535.81
1763784000,0.407,0.4073,0.398,0.4056,3322025.12
1763798400,0.4056,0.4056,0.3959,0.4017,3156328.21
1763812800,0.4017,0.4017,0.3905,0.3982,4989932.779999999
1763827200,0.3982,0.4044,0.3976,0.4012,3471143.89
1763841600,0.4012,0.4108,0.3992,0.4045,3703120.68
1763856000,0.4045,0.4112,0.4015,0.4104,6767698.159999999
1763870400,0.4104,0.4154,0.4061,0.4087,3842986.11
1763884800,0.4087,0.4131,0.4063,0.4093,2907041.56
1763899200,0.4093,0.4184,0.4088,0.4169,6050200.83
1763913600,0.4169,0.4182,0.4086,0.4133,8576407.290000001
1763928000,0.4133,0.4169,0.408,0.4086,3635950.55
1763942400,0.4086,0.42,0.4042,0.4166,4300224.93
1763956800,0.4166,0.4216,0.4086,0.4132,3337582.37
1763971200,0.4132,0.4139,0.4051,0.4081,3150667.87
1763985600,0.4081,0.4151,0.402,0.4125,6766058.32
1764000000,0.4125,0.4301,0.4125,0.4271,11678591.45
1764014400,0.4271,0.4343,0.4271,0.4276,5849590.5
1764028800,0.4276,0.4291,0.4221,0.4242,4231391.31
1764043200,0.4242,0.4274,0.4182,0.4183,3024153.11
1764057600,0.4183,0.4195,0.4132,0.4149,4583031.08
1764072000,0.4149,0.4172,0.4047,0.4109,7493699.439999999
1764086400,0.4109,0.421,0.4105,0.4168,6581523.65
1764100800,0.4168,0.426,0.4135,0.4216,6814687.470000001
1764115200,0.4216,0.4282,0.4202,0.4207,4642975.88
1764129600,0.4207,0.4247,0.4184,0.4246,3433906.84
1764144000,0.4246,0.4248,0.4138,0.4152,2233095.72
1764158400,0.4152,0.418,0.4103,0.4127,4075950.86
1764172800,0.4127,0.4358,0.4126,0.4339,6845523.91
1764187200,0.4339,0.4371,0.4312,0.4357,3116111.11
1764201600,0.4357,0.4389,0.4325,0.4329,5060359.71
1764216000,0.4329,0.4354,0.4302,0.4339,4264312.86
1764230400,0.4339,0.437,0.4288,0.4304,2208532.9
1764244800,0.4304,0.4335,0.4266,0.4332,2504113.41
1764259200,0.4332,0.4374,0.4306,0.4359,3755706.58
1764273600,0.4359,0.439,0.4318,0.4332,1703865.98
1764288000,0.4332,0.4332,0.4218,0.4261,4520699.3100000005
1764302400,0.4261,0.4279,0.4227,0.4243,2304890.6
1764316800,0.4243,0.4367,0.4242,0.4259,4567779.48
1764331200,0.4259,0.4347,0.4231,0.4325,8003312.34
1764345600,0.4325,0.4328,0.415,0.4215,6693927.21
1764360000,0.4215,0.4229,0.4176,0.4201,2499083.87
1764374400,0.4201,0.422,0.4164,0.4165,1430837.31
1764388800,0.4165,0.4186,0.4138,0.4155,2801098.4
1764403200,0.4155,0.4191,0.414,0.4186,1030398.71
1764417600,0.4186,0.4211,0.4156,0.4203,1797372.44
1764432000,0.4203,0.4216,0.4118,0.4151,2826306.13
1764446400,0.4151,0.4184,0.4136,0.4148,3486242.33
1764460800,0.4148,0.4201,0.4138,0.42,1727765.85
1764475200,0.42,0.4203,0.4152,0.4187,1147184.97
1764489600,0.4187,0.4217,0.4171,0.4176,2260553.11
1764504000,0.4176,0.4263,0.4173,0.4231,2146986.68
1764518400,0.4231,0.4274,0.423,0.4251,2670920.27
1764532800,0.4251,0.4268,0.4144,0.4145,2721804.42
1764547200,0.4145,0.4156,0.3843,0.3863,17315325.74
1764561600,0.3863,0.389,0.3812,0.3887,6303461.640000001
1764576000,0.3887,0.3888,0.3823,0.3826,2583115.7800000003
1764590400,0.3826,0.3844,0.3712,0.3761,15168511.3
1764604800,0.3761,0.3791,0.3716,0.3764,7180872.38
1764619200,0.3764,0.3877,0.3764,0.3856,5639103.91
1764633600,0.3856,0.392,0.385,0.3914,3350434.9000000004
1764648000,0.3914,0.3937,0.3889,0.3895,2293249.84
1764662400,0.3895,0.3951,0.3856,0.394,2131434.24
1764676800,0.394,0.431,0.3931,0.4283,14588140.45
1764691200,0.4283,0.438,0.4262,0.4347,10035652.8
1764705600,0.4347,0.4388,0.4324,0.4337,8194386.42
1764720000,0.4337,0.4388,0.43,0.4382,8621228.040000001
1764734400,0.4382,0.4471,0.4357,0.4429,12172685.6
1764748800,0.4429,0.4468,0.4357,0.437,4365643.85
1764763200,0.437,0.4414,0.4243,0.4343,15924816.87
1764777600,0.4343,0.4453,0.4319,0.4449,6318813.34
1764792000,0.4449,0.454,0.4439,0.4501,8060604.12
1764806400,0.4501,0.4557,0.4473,0.4494,4311103.18
1764820800,0.4494,0.4537,0.4452,0.4518,4659951.29
1764835200,0.4518,0.4527,0.4445,0.4465,2086203.75
1764849600,0.4465,0.452,0.44,0.4506,6197237.66
1764864000,0.4506,0.4519,0.4349,0.4417,8078078.48
1764878400,0.4417,0.4438,0.4379,0.4395,3108298.76
1764892800,0.4395,0.4428,0.4384,0.4398,2701739.25
1764907200,0.4398,0.4423,0.4364,0.4418,3549968.65
1764921600,0.4418,0.4418,0.4283,0.4305,2944531.77
1764936000,0.4305,0.4323,0.4232,0.4261,8488963.809999999
1764950400,0.4261,0.4264,0.4095,0.4164,6800775.23
1764964800,0.4164,0.417,0.4131,0.4158,1970346.96
1764979200,0.4158,0.4177,0.4124,0.4167,1626408.57
1764993600,0.4167,0.4169,0.4108,0.4118,1087875.3
1765008000,0.4118,0.4153,0.4102,0.415,1301661.24
1765022400,0.415,0.4169,0.4121,0.4151,2404336.5300000003
1765036800,0.4151,0.4214,0.4125,0.4131,2811496.64
1765051200,0.4131,0.417,0.4113,0.4138,1705579.79
1765065600,0.4138,0.4197,0.4137,0.4194,1855648.79
1765080000,0.4194,0.4206,0.4149,0.4174,4283491.98
1765094400,0.4174,0.4196,0.4146,0.4151,1676144.47
1765108800,0.4151,0.4202,0.4064,0.4202,11297933.79
1765123200,0.4202,0.4349,0.4185,0.4318,12967859.53
1765137600,0.4318,0.433,0.4114,0.4175,4873178.47
1765152000,0.4175,0.4268,0.4145,0.423,2566802.14
1765166400,0.423,0.4301,0.4227,0.4291,2063863.53
1765180800,0.4291,0.4388,0.4286,0.4317,3737869.67
1765195200,0.4317,0.4398,0.4302,0.4354,6487193.960000001
1765209600,0.4354,0.4413,0.4303,0.4342,5988404.94
1765224000,0.4342,0.4375,0.4297,0.4329,3439593.36
1765238400,0.4329,0.4346,0.4269,0.4321,2540030.65
1765252800,0.4321,0.4326,0.4241,0.4275,4255527.859999999
1765267200,0.4275,0.4437,0.4239,0.438,7299777.67
1765281600,0.438,0.4696,0.437,0.467,22026349.9
1765296000,0.467,0.4839,0.467,0.4769,21634554.35
1765310400,0.4769,0.4815,0.4648,0.4698,10932755.54
1765324800,0.4698,0.4717,0.4621,0.4628,3858205.06
1765339200,0.4628,0.4657,0.4585,0.4614,4443824.16
1765353600,0.4614,0.4758,0.4597,0.4657,8474446.34
1765368000,0.4657,0.4663,0.4616,0.4621,9061033.91
1765382400,0.4621,0.4704,0.4597,0.465,10640649.17
1765396800,0.465,0.4747,0.4527,0.4536,9777974.5
1765411200,0.4536,0.455,0.4293,0.4301,8103174.0
1765425600,0.4301,0.4347,0.4252,0.4266,5823776.44
1765440000,0.4266,0.4267,0.4201,0.4207,5552426.8100000005
1765454400,0.4207,0.4217,0.4119,0.4177,13549626.260000002
1765468800,0.4177,0.4223,0.4097,0.4178,9112838.12
1765483200,0.4178,0.4282,0.4175,0.4254,6956164.54
1765497600,0.4254,0.4271,0.4179,0.4228,4839120.27
1765512000,0.4228,0.4292,0.4197,0.4264,3937098.16
1765526400,0.4264,0.4275,0.4215,0.4246,2582864.48
1765540800,0.4246,0.4272,0.4071,0.4085,7854526.91
1765555200,0.4085,0.4158,0.4037,0.4096,6658838.8100000005
1765569600,0.4096,0.4115,0.4081,0.4091,2563615.93
1765584000,0.4091,0.4118,0.4091,0.4092,2206980.12
1765598400,0.4092,0.412,0.4082,0.4105,2661012.74
1765612800,0.4105,0.4156,0.4101,0.4123,2003108.22
1765627200,0.4123,0.4147,0.4106,0.4132,1606714.71
1765641600,0.4132,0.4144,0.4091,0.4104,1795553.39
1765656000,0.4104,0.4115,0.4064,0.4107,2169247.25
1765670400,0.4107,0.4116,0.4089,0.4099,1345420.09
1765684800,0.4099,0.4101,0.4062,0.4079,1856796.11
1765699200,0.4079,0.4096,0.398,0.4036,3775189.6
1765713600,0.4036,0.405,0.3973,0.3995,6841509.94
1765728000,0.3995,0.4026,0.396,0.3987,5700374.04
1765742400,0.3987,0.4003,0.3922,0.3963,4684022.5
1765756800,0.3963,0.4075,0.3956,0.4014,3502038.47
1765771200,0.4014,0.4064,0.4014,0.4021,2002379.73
1765785600,0.4021,0.4058,0.4006,0.403,1736538.77
1765800000,0.403,0.4053,0.3822,0.3854,11281293.69
1765814400,0.3854,0.3903,0.3772,0.3848,11604104.53
1765828800,0.3848,0.3883,0.3799,0.3882,4145119.21
1765843200,0.3882,0.3899,0.38,0.3827,3435063.64
1765857600,0.3827,0.3852,0.3778,0.3803,3471757.95
1765872000,0.3803,0.3905,0.3801,0.3879,3182572.31
1765886400,0.3879,0.3915,0.3785,0.3901,9227762.47
1765900800,0.3901,0.3906,0.3838,0.387,3435610.13
1765915200,0.387,0.3882,0.3846,0.386,1848893.62
1765929600,0.386,0.3877,0.3822,0.3834,1939063.93
1765944000,0.3834,0.3836,0.3763,0.3809,2673052.21
1765958400,0.3809,0.3809,0.3767,0.3806,2314339.63
1765972800,0.3806,0.4,0.3783,0.3818,11174787.28
1765987200,0.3818,0.3848,0.3638,0.3687,12344861.86
1766001600,0.3687,0.3718,0.3645,0.3671,4703827.02
1766016000,0.3671,0.3686,0.3628,0.3647,3530773.11
1766030400,0.3647,0.3666,0.3605,0.3621,6740363.029999999
1766044800,0.3621,0.3658,0.3617,0.3646,2342659.8400000003
1766059200,0.3646,0.379,0.3636,0.3729,15813676.96
1766073600,0.3729,0.3732,0.3467,0.3476,11994398.65
1766088000,0.3476,0.3553,0.3465,0.3512,6587692.57
1766102400,0.3512,0.3626,0.3465,0.3593,6572403.16
1766116800,0.3593,0.3693,0.3593,0.3662,3534928.27
1766131200,0.3662,0.3672,0.3646,0.366,1583287.49
1766145600,0.366,0.3787,0.365,0.3709,4963293.13
1766160000,0.3709,0.3805,0.3691,0.3779,7187358.82
1766174400,0.3779,0.3804,0.375,0.3767,3477551.99
1766188800,0.3767,0.3769,0.3735,0.3742,1261669.82
1766203200,0.3742,0.3751,0.3721,0.3743,1066532.1
1766217600,0.3743,0.3802,0.3743,0.3784,1760829.18
1766232000,0.3784,0.3792,0.3744,0.3774,2157612.34
1766246400,0.3774,0.3778,0.375,0.3753,1829351.0
1766260800,0.3753,0.3762,0.3727,0.3729,1804254.39
1766275200,0.3729,0.3737,0.3675,0.3695,1660108.9
1766289600,0.3695,0.3695,0.367,0.3674,1161808.89
1766304000,0.3674,0.3743,0.3666,0.3699,1674373.79
1766318400,0.3699,0.3723,0.3578,0.3609,5412712.94
1766332800,0.3609,0.3656,0.36,0.365,5563403.09
1766347200,0.365,0.3682,0.359,0.366,3439086.54
1766361600,0.366,0.375,0.3619,0.3671,5025021.97
1766376000,0.3671,0.3693,0.3649,0.3682,1673067.53
1766390400,0.3682,0.372,0.3668,0.3708,2882284.6
1766404800,0.3708,0.382,0.3708,0.3792,6963784.76
1766419200,0.3792,0.3811,0.3678,0.3684,5524876.91
1766433600,0.3684,0.3732,0.3658,0.3709,3399878.67
1766448000,0.3709,0.374,0.3656,0.3684,2281319.7800000003
1766462400,0.3684,0.3692,0.3632,0.3639,2409976.27
1766476800,0.3639,0.3687,0.3621,0.3672,1576835.91
1766491200,0.3672,0.3672,0.3552,0.3607,6355512.11
1766505600,0.3607,0.365,0.3594,0.3612,4556688.74
1766520000,0.3612,0.3659,0.3604,0.3626,2197754.76
1766534400,0.3626,0.3649,0.3568,0.3599,7635243.039999999
1766548800,0.3599,0.3618,0.3539,0.3557,4006042.38
1766563200,0.3557,0.3594,0.3543,0.3585,2067757.98
1766577600,0.3585,0.3593,0.3522,0.3554,4268305.3
1766592000,0.3554,0.358,0.3538,0.3558,2653916.6
1766606400,0.3558,0.3586,0.3547,0.3564,3554229.86
1766620800,0.3564,0.3607,0.3546,0.3603,1702322.88
1766635200,0.3603,0.3614,0.3586,0.3589,1462583.86
1766649600,0.3589,0.3607,0.3497,0.351,2319197.6
1766664000,0.351,0.3591,0.3495,0.357,3851034.46
1766678400,0.357,0.3597,0.353,0.3595,3890801.69
1766692800,0.3595,0.3597,0.3405,0.3435,6008163.11
1766707200,0.3435,0.358,0.3418,0.353,5821858.53
1766721600,0.353,0.3571,0.3509,0.3518,2564402.81
1766736000,0.3518,0.356,0.3517,0.355,3021880.33
1766750400,0.355,0.3577,0.3453,0.3466,4188082.36
1766764800,0.3466,0.3507,0.344,0.3498,3801302.36
1766779200,0.3498,0.3509,0.3486,0.3494,2326914.67
1766793600,0.3494,0.3555,0.3485,0.3544,1692741.1
1766808000,0.3544,0.3547,0.3519,0.3521,1276502.67
1766822400,0.3521,0.3552,0.3519,0.355,1324929.16
1766836800,0.355,0.3586,0.355,0.3569,2488552.1
1766851200,0.3569,0.3579,0.3556,0.3575,1729823.17
1766865600,0.3575,0.3706,0.3575,0.3696,7395143.76
1766880000,0.3696,0.3706,0.3675,0.3697,3255882.7
1766894400,0.3697,0.3766,0.3688,0.3738,4264056.03
1766908800,0.3738,0.3749,0.3697,0.3712,2493040.0300000003
1766923200,0.3712,0.372,0.3683,0.3693,2107934.69
1766937600,0.3693,0.3711,0.3613,0.3625,5710069.09
1766952000,0.3625,0.3687,0.3613,0.3684,2686108.94
1766966400,0.3684,0.3822,0.3667,0.3808,7848927.31
1766980800,0.3808,0.3842,0.3734,0.3755,7365130.27
1766995200,0.3755,0.3771,0.3671,0.3689,4660928.41
1767009600,0.3689,0.3691,0.3618,0.3651,10917622.420000002
1767024000,0.3651,0.3652,0.3521,0.3522,21660655.41
1767038400,0.3522,0.3551,0.3501,0.3529,5915007.25
1767052800,0.3529,0.3548,0.3481,0.3523,5170611.450000001
1767067200,0.3523,0.353,0.3504,0.3516,2584734.47
1767081600,0.3516,0.3562,0.3516,0.3519,3542484.22
1767096000,0.3519,0.356,0.3501,0.354,4818053.7
1767110400,0.354,0.3553,0.3496,0.3511,4580893.68
1767124800,0.3511,0.3516,0.3487,0.3511,3648390.84
1767139200,0.3511,0.3534,0.3493,0.3513,3700605.76
1767153600,0.3513,0.3532,0.3503,0.3508,3472956.98
1767168000,0.3508,0.3521,0.3487,0.3518,2649824.09
1767182400,0.3518,0.3519,0.3405,0.342,8322731.67
1767196800,0.342,0.3422,0.3309,0.3317,15926308.24
1767211200,0.3317,0.3343,0.3301,0.3331,8895425.42
1767225600,0.3331,0.335,0.3318,0.3322,6813863.57
1767240000,0.3322,0.3379,0.3316,0.3362,6253902.890000001
1767254400,0.3362,0.3404,0.3359,0.3403,1989122.22
1767268800,0.3403,0.3488,0.3389,0.3469,4754391.8100000005
1767283200,0.3469,0.3578,0.3454,0.3577,8534142.28
1767297600,0.3577,0.3601,0.3551,0.3562,4672147.39
1767312000,0.3562,0.363,0.3543,0.3621,3739896.44
1767326400,0.3621,0.3637,0.355,0.3553,3756492.41
1767340800,0.3553,0.3666,0.3553,0.3605,5181705.57
1767355200,0.3605,0.3744,0.3585,0.3714,9362429.62
1767369600,0.3714,0.3934,0.3714,0.3882,21430861.29
1767384000,0.3882,0.3961,0.3847,0.3947,8419012.17
1767398400,0.3947,0.3989,0.3917,0.3984,5765701.09
1767412800,0.3984,0.3988,0.3831,0.3842,5723817.83
1767427200,0.3842,0.3889,0.3829,0.3845,4391303.67
1767441600,0.3845,0.3909,0.3836,0.3861,3235492.48
1767456000,0.3861,0.3897,0.3857,0.3884,1956721.11
1767470400,0.3884,0.3906,0.3859,0.3895,2382236.74
1767484800,0.3895,0.4001,0.3888,0.3997,6408198.21
1767499200,0.3997,0.4019,0.3941,0.3962,6911555.48
1767513600,0.3962,0.4056,0.3932,0.4014,6656086.66
1767528000,0.4014,0.4044,0.3962,0.3991,4342838.18
1767542400,0.3991,0.4042,0.3957,0.3987,5808575.77
1767556800,0.3987,0.4026,0.3971,0.4007,3422130.62
1767571200,0.4007,0.408,0.3983,0.4034,8841075.78
1767585600,0.4034,0.4035,0.3942,0.4011,4893724.13
1767600000,0.4011,0.404,0.3962,0.4,3778300.21
1767614400,0.4,0.4138,0.3972,0.4128,9428185.79
1767628800,0.4128,0.4197,0.4072,0.4177,16275930.67
1767643200,0.4177,0.4251,0.4174,0.4214,9606076.34
1767657600,0.4214,0.4309,0.4181,0.4262,9611739.84
1767672000,0.4262,0.4271,0.4142,0.4148,6355688.41
1767686400,0.4148,0.4225,0.4148,0.4223,3714706.22
1767700800,0.4223,0.4375,0.4179,0.42,13828599.13
1767715200,0.42,0.4209,0.4013,0.4074,12745441.59
1767729600,0.4074,0.422,0.4074,0.4195,8653192.28
1767744000,0.4195,0.4195,0.4092,0.4119,4045844.98
1767758400,0.4119,0.4185,0.4096,0.4185,3416506.48
1767772800,0.4185,0.4224,0.4093,0.4149,5637299.84
1767787200,0.4149,0.4155,0.4003,0.4027,10540514.79
1767801600,0.4027,0.4075,0.4003,0.4027,5646984.22
1767816000,0.4027,0.4042,0.3977,0.4022,4196491.8100000005
1767830400,0.4022,0.4044,0.3957,0.3976,4262920.37
1767844800,0.3976,0.4017,0.3892,0.3949,7899407.53
1767859200,0.3949,0.3966,0.3868,0.3902,4404000.93
1767873600,0.3902,0.395,0.3846,0.395,8237050.48
1767888000,0.395,0.3976,0.3903,0.393,5562697.24
1767902400,0.393,0.3987,0.3895,0.3955,5432544.33
1767916800,0.3955,0.4005,0.3945,0.3981,4269613.43
1767931200,0.3981,0.3994,0.3939,0.3968,4735405.59
1767945600,0.3968,0.3973,0.3894,0.3915,3301264.03
1767960000,0.3915,0.4048,0.3877,0.3967,11281249.64
1767974400,0.3967,0.404,0.3888,0.3898,6712601.48
1767988800,0.3898,0.3934,0.3893,0.3911,3182829.9
1768003200,0.3911,0.3911,0.3863,0.3886,2028293.6
1768017600,0.3886,0.3888,0.3843,0.3876,1694642.19
1768032000,0.3876,0.391,0.3867,0.3906,1640189.29
1768046400,0.3906,0.392,0.3884,0.3892,1555683.44
1768060800,0.3892,0.3914,0.3882,0.3908,1709777.01
1768075200,0.3908,0.391,0.3852,0.3881,2171082.04
1768089600,0.3881,0.3915,0.3873,0.3901,1559069.88
1768104000,0.3901,0.3915,0.3885,0.3909,1601762.33
1768118400,0.3909,0.3927,0.3893,0.3914,1265363.24
1768132800,0.3914,0.3966,0.3885,0.39,5046942.19
1768147200,0.39,0.3954,0.3898,0.392,3224461.17
1768161600,0.392,0.3923,0.3838,0.3905,5260791.56
1768176000,0.3905,0.403,0.3855,0.3969,7436689.39
1768190400,0.3969,0.4006,0.3895,0.3901,2539559.26
1768204800,0.3901,0.3923,0.3844,0.3871,4451744.44
1768219200,0.3871,0.3945,0.3813,0.3941,6702644.11
1768233600,0.3941,0.3991,0.3907,0.393,5496096.8
1768248000,0.393,0.3949,0.3836,0.3859,5346106.54
1768262400,0.3859,0.3886,0.3847,0.3864,2204133.88
1768276800,0.3864,0.3952,0.3861,0.3896,3745850.13
1768291200,0.3896,0.395,0.3894,0.392,2709137.0
1768305600,0.392,0.406,0.3906,0.4058,8788308.85
1768320000,0.4058,0.4109,0.405,0.41,10216766.97
1768334400,0.41,0.4264,0.4066,0.4216,12347872.0
1768348800,0.4216,0.4258,0.4198,0.4258,5527696.82
1768363200,0.4258,0.4269,0.4181,0.4237,7545238.28
1768377600,0.4237,0.4251,0.4133,0.4137,3805509.0
1768392000,0.4137,0.4232,0.4112,0.42,10864578.28
1768406400,0.42,0.424,0.4097,0.4149,12110997.5
1768420800,0.4149,0.4174,0.4105,0.4143,8754092.77
1768435200,0.4143,0.4143,0.3991,0.4002,7152240.029999999
1768449600,0.4002,0.4053,0.3996,0.4043,2454687.15
1768464000,0.4043,0.4065,0.4012,0.4047,3424827.47
1768478400,0.4047,0.4104,0.3933,0.3996,10011189.92
1768492800,0.3996,0.4008,0.3895,0.3924,8605270.68
1768507200,0.3924,0.3944,0.3892,0.3936,4177353.7
1768521600,0.3936,0.3942,0.3897,0.3914,2633797.89
1768536000,0.3914,0.3943,0.3885,0.3924,2395483.3
1768550400,0.3924,0.3937,0.3903,0.3925,1578026.08
1768564800,0.3925,0.3927,0.3791,0.3817,5429076.609999999
1768579200,0.3817,0.3879,0.3803,0.3868,3747693.75
1768593600,0.3868,0.3984,0.3848,0.3954,4762509.6
1768608000,0.3954,0.3972,0.3934,0.3945,2406546.55
1768622400,0.3945,0.3967,0.3936,0.3954,1187121.97
1768636800,0.3954,0.3968,0.3945,0.3946,1333966.34
1768651200,0.3946,0.4024,0.3945,0.4024,2400344.8
1768665600,0.4024,0.404,0.3987,0.4,2738188.88
1768680000,0.4,0.402,0.3949,0.3971,2002719.44
1768694400,0.3971,0.3986,0.3929,0.3954,2207004.1
1768708800,0.3954,0.3959,0.3933,0.3941,835922.83
1768723200,0.3941,0.3946,0.3921,0.3928,1467887.69
1768737600,0.3928,0.3951,0.3894,0.3922,2438898.09
1768752000,0.3922,0.396,0.3901,0.3924,2528721.14
1768766400,0.3924,0.397,0.3748,0.3756,5866507.32
1768780800,0.3756,0.3756,0.3479,0.3656,21143055.91
1768795200,0.3656,0.367,0.361,0.3639,6896082.3
1768809600,0.3639,0.3725,0.3633,0.369,6321316.34
1768824000,0.369,0.3703,0.3651,0.3667,4846264.62
1768838400,0.3667,0.3727,0.3664,0.3707,3203504.04
1768852800,0.3707,0.3723,0.3667,0.3701,4577671.15
1768867200,0.3701,0.3703,0.3653,0.3663,3265581.59
1768881600,0.3663,0.3684,0.3636,0.3656,5839947.03
1768896000,0.3656,0.3662,0.3572,0.3574,4228330.27
1768910400,0.3574,0.3636,0.3557,0.359,9693878.89
1768924800,0.359,0.3599,0.3495,0.352,8306344.65
1768939200,0.352,0.3538,0.3466,0.3503,4723430.97
1768953600,0.3503,0.3605,0.3501,0.3578,4613521.13
1768968000,0.3578,0.3626,0.3574,0.3593,3910789.08
1768982400,0.3593,0.3593,0.3541,0.3544,2041817.49
1768996800,0.3544,0.3635,0.3498,0.3621,5975427.5600000005
1769011200,0.3621,0.3673,0.3465,0.3673,8976135.33
1769025600,0.3673,0.3736,0.3624,0.3657,8057726.44
1769040000,0.3657,0.3687,0.363,0.3637,2102726.09
1769054400,0.3637,0.3671,0.3632,0.3633,2667493.54
1769068800,0.3633,0.3661,0.3626,0.3635,3195723.85
1769083200,0.3635,0.3658,0.3555,0.3583,4639846.84
1769097600,0.3583,0.363,0.3583,0.3612,4458273.9
1769112000,0.3612,0.3616,0.3574,0.359,3099641.51
1769126400,0.359,0.3629,0.3582,0.3616,1752194.71
1769140800,0.3616,0.3648,0.3588,0.3609,2959612.38
1769155200,0.3609,0.3611,0.3574,0.3596,2084143.49
1769169600,0.3596,0.3609,0.3522,0.36,4046285.18
1769184000,0.36,0.3702,0.3595,0.3611,5804956.07
1769198400,0.3611,0.3624,0.357,0.3599,2305683.85
1769212800,0.3599,0.3619,0.3581,0.3612,1274309.88
1769227200,0.3612,0.362,0.3591,0.3591,924586.66
1769241600,0.3591,0.3603,0.3583,0.3594,859886.9099999999
1769256000,0.3594,0.36,0.3571,0.3575,1622674.42
1769270400,0.3575,0.3593,0.356,0.3578,1397081.64
1769284800,0.3578,0.3596,0.3575,0.3579,1144365.37
1769299200,0.3579,0.359,0.3539,0.3553,1864997.78
1769313600,0.3553,0.3572,0.3538,0.3552,1602745.81
1769328000,0.3552,0.3596,0.3535,0.3561,1557742.14
1769342400,0.3561,0.3567,0.35,0.352,1958190.28
1769356800,0.352,0.352,0.3327,0.3342,12084194.87
1769371200,0.3342,0.3395,0.3329,0.3387,5800667.31
1769385600,0.3387,0.3491,0.3385,0.3446,4673361.81
1769400000,0.3446,0.3493,0.3446,0.3479,2094022.56
1769414400,0.3479,0.3512,0.3446,0.3469,1953458.28
1769428800,0.3469,0.358,0.3465,0.352,5222041.8
1769443200,0.352,0.3555,0.3493,0.3518,5228562.17
1769457600,0.3518,0.354,0.3486,0.3518,4069494.35
1769472000,0.3518,0.3548,0.3508,0.3522,2649705.93
1769486400,0.3522,0.3544,0.3506,0.3512,1500474.91
1769500800,0.3512,0.3524,0.3485,0.35,1610302.92
1769515200,0.35,0.3521,0.3474,0.3512,2803390.0
1769529600,0.3512,0.3573,0.3489,0.3551,6688280.95
1769544000,0.3551,0.363,0.3551,0.3602,5533243.17
1769558400,0.3602,0.3608,0.3556,0.3563,4509685.34
1769572800,0.3563,0.3588,0.3544,0.357,2658355.98
1769587200,0.357,0.3641,0.356,0.364,3709367.33
1769601600,0.364,0.3646,0.3543,0.3568,6490132.109999999
1769616000,0.3568,0.361,0.3549,0.3582,5425908.96
1769630400,0.3582,0.3609,0.3547,0.3579,4128487.22
1769644800,0.3579,0.3586,0.3491,0.3507,5280030.27
1769659200,0.3507,0.3519,0.3475,0.3509,3368647.48
1769673600,0.3509,0.3511,0.3455,0.346,2671128.85
1769688000,0.346,0.3466,0.3295,0.3329,10721477.37
1769702400,0.3329,0.3405,0.3268,0.3304,10898229.04
1769716800,0.3304,0.3358,0.3296,0.3341,3978918.08
1769731200,0.3341,0.3353,0.3194,0.3247,11616770.84
1769745600,0.3247,0.3294,0.3194,0.325,5147499.02
1769760000,0.325,0.3285,0.3201,0.3275,4081030.9
1769774400,0.3275,0.3279,0.3206,0.3254,7442126.869999999
1769788800,0.3254,0.3314,0.3158,0.3288,10432872.9
1769803200,0.3288,0.3288,0.3197,0.3203,7361388.59
1769817600,0.3203,0.3219,0.3178,0.3181,3556643.82
1769832000,0.3181,0.3187,0.3101,0.3118,8179068.06
1769846400,0.3118,0.3125,0.3066,0.3098,7378199.28
1769860800,0.3098,0.3104,0.2938,0.2959,20900592.5
1769875200,0.2959,0.2997,0.2709,0.2852,31443111.01
1769889600,0.2852,0.2955,0.2819,0.2934,10793443.65
1769904000,0.2934,0.2976,0.2916,0.2957,5878539.41
1769918400,0.2957,0.2988,0.2927,0.296,8835334.23
1769932800,0.296,0.2977,0.2916,0.2952,4830719.11
1769947200,0.2952,0.2965,0.2847,0.2893,13279327.82
1769961600,0.2893,0.2928,0.2846,0.2867,8293164.829999999
1769976000,0.2867,0.2908,0.279,0.2856,11116033.62
1769990400,0.2856,0.2932,0.2764,0.2861,12694083.03
1770004800,0.2861,0.2897,0.2758,0.2841,14532881.37
1770019200,0.2841,0.2947,0.2841,0.2925,10090251.44
1770033600,0.2925,0.3027,0.2925,0.3014,15708424.42
1770048000,0.3014,0.3034,0.2994,0.3006,8900144.290000001
1770062400,0.3006,0.3015,0.2978,0.2991,5769506.04
1770076800,0.2991,0.3004,0.2935,0.2993,4092505.93
1770091200,0.2993,0.3018,0.2958,0.2993,4322933.73
1770105600,0.2993,0.3005,0.2939,0.2971,3936974.27
1770120000,0.2971,0.3046,0.2932,0.3038,10449506.54
1770134400,0.3038,0.3039,0.2816,0.2947,16350487.08
1770148800,0.2947,0.3042,0.2894,0.2914,10865027.05
1770163200,0.2914,0.3013,0.2904,0.3008,4891247.88
1770177600,0.3008,0.3022,0.2961,0.2995,4365038.25
1770192000,0.2995,0.3022,0.2942,0.2969,7940638.5
1770206400,0.2969,0.2973,0.2832,0.2862,9319798.88
1770220800,0.2862,0.2927,0.2809,0.2919,12636679.97
1770235200,0.2919,0.2925,0.2797,0.2858,7155070.62
1770249600,0.2858,0.2891,0.2819,0.2823,7540780.960000001
1770264000,0.2823,0.286,0.2782,0.2788,7931663.14
1770278400,0.2788,0.2835,0.2669,0.2717,9208153.87
1770292800,0.2717,0.2773,0.2572,0.262,18160885.64
1770307200,0.262,0.267,0.2526,0.2532,20834280.82
1770321600,0.2532,0.2556,0.2433,0.2451,24573174.07
1770336000,0.2451,0.2537,0.2212,0.2487,32283105.83
1770350400,0.2487,0.259,0.2478,0.2511,13751064.57
1770364800,0.2511,0.2635,0.2486,0.2614,9398339.2
1770379200,0.2614,0.2747,0.2597,0.2735,15725914.06
1770393600,0.2735,0.2842,0.2729,0.2782,14036184.67
1770408000,0.2782,0.2806,0.2739,0.276,6110866.99
1770422400,0.276,0.2763,0.2709,0.2758,4308969.13
1770436800,0.2758,0.2778,0.2656,0.2682,8577617.42
1770451200,0.2682,0.2703,0.266,0.2671,4087809.83
1770465600,0.2671,0.2741,0.2668,0.2725,5409078.95
1770480000,0.2725,0.2792,0.2713,0.2743,10938644.37
1770494400,0.2743,0.2759,0.2702,0.2721,2745461.91
1770508800,0.2721,0.2734,0.2693,0.2696,2261491.12
1770523200,0.2696,0.2711,0.2685,0.2711,1844044.62
1770537600,0.2711,0.276,0.2695,0.2744,2648796.86
1770552000,0.2744,0.2754,0.2708,0.2727,3272234.76
1770566400,0.2727,0.2746,0.267,0.2744,3078001.39
1770580800,0.2744,0.2764,0.2682,0.27,4062514.34
1770595200,0.27,0.2738,0.2682,0.2734,2884131.48
1770609600,0.2734,0.2734,0.2689,0.2691,1768747.76
1770624000,0.2691,0.2698,0.2594,0.2614,4389807.06
1770638400,0.2614,0.2681,0.2614,0.2678,5842005.460000001
1770652800,0.2678,0.2733,0.2655,0.271,5086656.25
1770667200,0.271,0.2719,0.2679,0.2698,3090355.9
1770681600,0.2698,0.2703,0.2644,0.2661,2593203.71
1770696000,0.2661,0.268,0.2615,0.2628,2954045.46
1770710400,0.2628,0.2656,0.2627,0.2629,2285173.49
1770724800,0.2629,0.266,0.2612,0.2633,4285209.609999999
1770739200,0.2633,0.265,0.2598,0.2626,4920363.33
1770753600,0.2626,0.263,0.2606,0.2618,2088055.1
1770768000,0.2618,0.2647,0.2603,0.2624,2281030.7
1770782400,0.2624,0.2628,0.2546,0.2554,3594112.69
1770796800,0.2554,0.2558,0.2521,0.2553,2641059.3600000003
1770811200,0.2553,0.2632,0.2504,0.2531,6946037.13
1770825600,0.2531,0.2596,0.2512,0.2572,4776795.109999999
1770840000,0.2572,0.2598,0.2542,0.2558,3257281.37
1770854400,0.2558,0.2593,0.2558,0.2591,1604318.31
1770868800,0.2591,0.2628,0.257,0.2626,1576570.53
1770883200,0.2626,0.2694,0.2613,0.2676,3770895.92
1770897600,0.2676,0.2679,0.2623,0.2625,4415545.58
1770912000,0.2625,0.2644,0.2575,0.2616,4657995.07
1770926400,0.2616,0.2645,0.2581,0.2642,3149796.59
1770940800,0.2642,0.2652,0.2615,0.2627,3493338.77
1770955200,0.2627,0.2632,0.2582,0.2619,2569442.68
1770969600,0.2619,0.2641,0.2617,0.2638,1775293.61
1770984000,0.2638,0.2734,0.262,0.269,8429618.4
1770998400,0.269,0.2746,0.2684,0.2725,6653384.35
1771012800,0.2725,0.2742,0.2714,0.2728,2200719.32
1771027200,0.2728,0.2778,0.2726,0.2773,2198988.87
1771041600,0.2773,0.2775,0.2737,0.2757,2004523.9
1771056000,0.2757,0.2842,0.2757,0.2829,3485528.89
1771070400,0.2829,0.2868,0.2805,0.2861,5502445.19
1771084800,0.2861,0.2996,0.2848,0.2984,9302253.95
1771099200,0.2984,0.3005,0.2943,0.295,5946541.109999999
1771113600,0.295,0.2981,0.2925,0.2973,4222552.34
1771128000,0.2973,0.3009,0.2964,0.3007,4928431.1
1771142400,0.3007,0.3018,0.2897,0.2904,3760722.81
1771156800,0.2904,0.2909,0.2809,0.2842,6346816.37
1771171200,0.2842,0.2843,0.2774,0.279,5565585.46
1771185600,0.279,0.2827,0.2779,0.2816,2332491.01
1771200000,0.2816,0.2833,0.2794,0.2802,1496906.77
1771214400,0.2802,0.2825,0.2774,0.2801,2026855.25
1771228800,0.2801,0.2856,0.279,0.2829,3030365.54
1771243200,0.2829,0.289,0.2769,0.2791,6277412.0
1771257600,0.2791,0.2839,0.2785,0.2823,2700250.29
1771272000,0.2823,0.2875,0.2814,0.2858,3597446.65
1771286400,0.2858,0.2891,0.2829,0.2865,2609343.07
1771300800,0.2865,0.2896,0.2837,0.2865,3147681.89
1771315200,0.2865,0.2871,0.2794,0.2803,2692997.0300000003
1771329600,0.2803,0.2843,0.2774,0.2812,5677442.390000001
1771344000,0.2812,0.2866,0.2785,0.2831,4790115.17
1771358400,0.2831,0.2836,0.2803,0.2809,1627855.47
1771372800,0.2809,0.2839,0.279,0.2831,1803925.62
1771387200,0.2831,0.2849,0.2818,0.2845,1060649.4
1771401600,0.2845,0.2865,0.2806,0.2809,2837888.92
1771416000,0.2809,0.2873,0.2788,0.2841,2948613.54
1771430400,0.2841,0.2841,0.2715,0.2736,5182213.12
1771444800,0.2736,0.2758,0.2723,0.2735,2321933.71
1771459200,0.2735,0.2757,0.2722,0.2751,2801730.51
1771473600,0.2751,0.2772,0.2733,0.2763,1196601.11
1771488000,0.2763,0.2763,0.2721,0.2722,2655235.29
1771502400,0.2722,0.2737,0.2685,0.2701,5131293.529999999
1771516800,0.2701,0.2738,0.2672,0.2727,3382142.51
1771531200,0.2727,0.2733,0.2706,0.2728,1682158.7
1771545600,0.2728,0.275,0.2723,0.2738,1237617.07
1771560000,0.2738,0.276,0.2712,0.2736,2073264.76
1771574400,0.2736,0.2799,0.2734,0.2767,2292388.52
1771588800,0.2767,0.2887,0.2699,0.2886,8442694.739999998
1771603200,0.2886,0.2936,0.2802,0.2829,12134802.03
1771617600,0.2829,0.2859,0.2825,0.2848,2191749.17
1771632000,0.2848,0.2853,0.2822,0.283,1914652.12
1771646400,0.283,0.2842,0.2809,0.2814,1538413.85
1771660800,0.2814,0.2864,0.2812,0.2834,1306954.37
1771675200,0.2834,0.2849,0.2817,0.2825,1889708.25
1771689600,0.2825,0.2827,0.2796,0.2802,2962100.98
1771704000,0.2802,0.2814,0.2792,0.28,2223770.67
1771718400,0.28,0.28,0.2756,0.2772,1968301.72
1771732800,0.2772,0.2776,0.275,0.2759,1291854.83
1771747200,0.2759,0.2774,0.2751,0.2759,751482.12
1771761600,0.2759,0.276,0.2703,0.2719,2049775.24
1771776000,0.2719,0.2719,0.269,0.27,1665989.59
1771790400,0.27,0.2719,0.2688,0.2716,1687339.79
1771804800,0.2716,0.2718,0.2574,0.2612,8473307.14
1771819200,0.2612,0.2675,0.2597,0.2666,2478999.98
1771833600,0.2666,0.272,0.2649,0.2713,2015856.29
1771848000,0.2713,0.2753,0.2665,0.2669,5047115.79
1771862400,0.2669,0.2683,0.2603,0.262,4639596.93
1771876800,0.262,0.265,0.2607,0.2622,3124331.49
1771891200,0.2622,0.2644,0.2578,0.2585,3898074.61
1771905600,0.2585,0.259,0.2558,0.2575,2886558.34
1771920000,0.2575,0.2584,0.2561,0.2573,1783969.51
1771934400,0.2573,0.2611,0.2537,0.2597,4100169.63
1771948800,0.2597,0.2626,0.2594,0.2604,3277013.0300000003
1771963200,0.2604,0.261,0.2577,0.2587,1791738.69
1771977600,0.2587,0.2714,0.2579,0.266,8725100.56
1771992000,0.266,0.2667,0.2622,0.266,2638892.68
1772006400,0.266,0.2711,0.2657,0.271,2507070.65
1772020800,0.271,0.2926,0.271,0.2904,14274661.52
1772035200,0.2904,0.3035,0.2904,0.3026,15582651.55
1772049600,0.3026,0.3133,0.2943,0.2971,28652980.95
1772064000,0.2971,0.3008,0.294,0.2953,4559488.1
1772078400,0.2953,0.3,0.293,0.2932,3141919.44
1772092800,0.2932,0.2957,0.289,0.2894,6923322.6
1772107200,0.2894,0.2949,0.2891,0.2916,6612609.609999999
1772121600,0.2916,0.2916,0.2824,0.2886,8430401.03
1772136000,0.2886,0.2895,0.2842,0.287,4141217.19
1772150400,0.287,0.2906,0.285,0.2902,2283214.53
1772164800,0.2902,0.2962,0.2895,0.2904,3817813.77
1772179200,0.2904,0.2937,0.2815,0.2819,3503649.35
1772193600,0.2819,0.2847,0.2797,0.2808,6043951.67
1772208000,0.2808,0.2808,0.2745,0.2757,4514596.76
1772222400,0.2757,0.2784,0.2727,0.2777,3507127.03
1772236800,0.2777,0.2796,0.2766,0.2769,1874340.1
1772251200,0.2769,0.2776,0.2612,0.2651,13122694.19
1772265600,0.2651,0.2655,0.2595,0.2627,6892893.069999999
1772280000,0.2627,0.2718,0.2626,0.2679,6292863.2
1772294400,0.2679,0.278,0.2664,0.2755,5151469.609999999
1772308800,0.2755,0.2843,0.2745,0.2811,5643184.17
1772323200,0.2811,0.2922,0.2776,0.2869,7526668.470000001
1772337600,0.2869,0.2879,0.2817,0.2828,2793173.96
1772352000,0.2828,0.2834,0.2775,0.2781,2550308.64
1772366400,0.2781,0.2834,0.275,0.2803,4532359.5
1772380800,0.2803,0.282,0.2729,0.2736,5039647.76
1772395200,0.2736,0.2768,0.2692,0.2735,6257315.94
1772409600,0.2735,0.2803,0.2721,0.2771,3503092.47
1772424000,0.2771,0.2778,0.2692,0.2707,2753197.44
1772438400,0.2707,0.2743,0.2687,0.272,2891123.17
1772452800,0.272,0.2867,0.2697,0.2843,6718912.470000001
1772467200,0.2843,0.2884,0.2783,0.2805,8387680.38
1772481600,0.2805,0.2823,0.276,0.277,4334966.43
1772496000,0.277,0.2771,0.2717,0.2734,3412778.17
1772510400,0.2734,0.2737,0.2679,0.2688,3677788.39
1772524800,0.2688,0.27,0.2628,0.2648,3655431.38
1772539200,0.2648,0.2672,0.2615,0.2652,5263481.93
1772553600,0.2652,0.2721,0.2628,0.2637,6532948.220000001
1772568000,0.2637,0.2648,0.2606,0.2626,4017548.26
1772582400,0.2626,0.2662,0.261,0.2628,4133930.33
1772596800,0.2628,0.2655,0.2585,0.2651,4237427.91
1772611200,0.2651,0.2743,0.2639,0.2689,8034718.92
1772625600,0.2689,0.2813,0.2659,0.2809,12142111.510000002
1772640000,0.2809,0.2849,0.2772,0.2824,10760061.24
1772654400,0.2824,0.2829,0.2738,0.2763,4410016.430000001
1772668800,0.2763,0.2767,0.2728,0.2742,3207943.85
1772683200,0.2742,0.2764,0.2709,0.2721,2876285.29
1772697600,0.2721,0.2776,0.2704,0.2742,3180933.74
1772712000,0.2742,0.278,0.2699,0.2711,6213825.6
1772726400,0.2711,0.2719,0.2654,0.2694,6491178.08
1772740800,0.2694,0.272,0.2678,0.2692,2159441.58
1772755200,0.2692,0.2715,0.2672,0.2706,1927134.31
1772769600,0.2706,0.2719,0.2673,0.2715,1372484.26
1772784000,0.2715,0.2716,0.2658,0.2664,1895389.44
1772798400,0.2664,0.269,0.2559,0.2569,9765884.41
1772812800,0.2569,0.2604,0.2556,0.2585,5256552.550000001
1772827200,0.2585,0.2601,0.2573,0.259,2651561.32
1772841600,0.259,0.2609,0.2586,0.2589,1923309.23
1772856000,0.2589,0.2592,0.257,0.2583,1284011.19
1772870400,0.2583,0.2593,0.2575,0.2589,946939.28
1772884800,0.2589,0.2589,0.252,0.255,5767854.369999999
1772899200,0.255,0.2573,0.2535,0.2543,2628026.02
1772913600,0.2543,0.2556,0.253,0.2545,1593576.46
1772928000,0.2545,0.2548,0.2509,0.2521,1840613.7
1772942400,0.2521,0.2534,0.2498,0.2524,1885190.35
1772956800,0.2524,0.2573,0.251,0.2548,2034249.2
1772971200,0.2548,0.2552,0.2483,0.2497,3770100.1
1772985600,0.2497,0.2542,0.2486,0.2532,2205171.23
1773000000,0.2532,0.2546,0.2459,0.2492,6156278.14
1773014400,0.2492,0.2566,0.249,0.2536,5976740.75
1773028800,0.2536,0.2592,0.2526,0.2549,3841730.85
1773043200,0.2549,0.2586,0.2535,0.255,2394093.21
1773057600,0.255,0.26,0.2543,0.256,4963197.01
1773072000,0.256,0.2636,0.2552,0.2595,5115233.08
1773086400,0.2595,0.2601,0.2548,0.2552,3330165.95
1773100800,0.2552,0.2635,0.2551,0.2588,2972700.88
1773115200,0.2588,0.2618,0.2583,0.2603,1925781.83
1773129600,0.2603,0.2682,0.2603,0.2642,4536732.48
1773144000,0.2642,0.2736,0.2611,0.2713,7735572.81
1773158400,0.2713,0.2739,0.2621,0.2625,6835241.3100000005
1773172800,0.2625,0.2644,0.2605,0.2621,2845115.68
1773187200,0.2621,0.2626,0.2588,0.2597,2208557.48
1773201600,0.2597,0.2622,0.2567,0.2575,2246013.15
1773216000,0.2575,0.26,0.2572,0.2588,1860809.34
1773230400,0.2588,0.2678,0.2581,0.2625,6045867.16
1773244800,0.2625,0.2668,0.262,0.2652,3634726.56
1773259200,0.2652,0.266,0.2618,0.2625,2309777.79
1773273600,0.2625,0.263,0.2587,0.259,1938054.71
1773288000,0.259,0.261,0.258,0.2607,1526224.94
1773302400,0.2607,0.2638,0.2602,0.2621,1777709.22
1773316800,0.2621,0.2641,0.2585,0.2621,4415225.47
1773331200,0.2621,0.2636,0.2603,0.2631,2155363.92
1773345600,0.2631,0.2657,0.2617,0.2636,3245458.61
1773360000,0.2636,0.2728,0.2632,0.2716,5167709.87
1773374400,0.2716,0.2757,0.2702,0.2717,3207913.45
1773388800,0.2717,0.2757,0.2709,0.2744,2980122.0
1773403200,0.2744,0.2814,0.2708,0.2715,8913377.93
1773417600,0.2715,0.273,0.2663,0.2673,3659198.85
1773432000,0.2673,0.2689,0.2638,0.2657,2515581.5300000003
1773446400,0.2657,0.2661,0.2632,0.2654,2619972.18
1773460800,0.2654,0.2666,0.2613,0.2618,1654590.8199999998
1773475200,0.2618,0.2619,0.2595,0.261,2201543.32
1773489600,0.261,0.262,0.2601,0.2608,1315725.09
1773504000,0.2608,0.2617,0.2587,0.2593,1976940.96
1773518400,0.2593,0.264,0.259,0.2637,2896738.73
1773532800,0.2637,0.2662,0.2615,0.2649,2538512.49
1773547200,0.2649,0.2672,0.2633,0.2648,2255962.49
1773561600,0.2648,0.2664,0.2647,0.2657,1359519.7
1773576000,0.2657,0.2664,0.2625,0.2638,1873703.83
1773590400,0.2638,0.2655,0.2622,0.2638,1415831.37
1773604800,0.2638,0.2719,0.2627,0.2702,4876455.74
1773619200,0.2702,0.2804,0.2689,0.2773,6415239.880000001
1773633600,0.2773,0.2923,0.2773,0.2898,13025163.36
1773648000,0.2898,0.2934,0.2843,0.2854,6873161.23
1773662400,0.2854,0.2891,0.2825,0.2837,7195242.79
1773676800,0.2837,0.2896,0.2836,0.2882,5369585.88
1773691200,0.2882,0.2918,0.2867,0.2904,6513624.87
1773705600,0.2904,0.2932,0.2843,0.2857,7116609.75
1773720000,0.2857,0.2885,0.2821,0.2866,3728092.88
1773734400,0.2866,0.2885,0.2851,0.2869,2902286.91
1773748800,0.2869,0.2896,0.2838,0.2865,4217798.24
1773763200,0.2865,0.2915,0.286,0.2886,3398335.61
1773777600,0.2886,0.2922,0.288,0.289,2871176.38
1773792000,0.289,0.2937,0.2867,0.2918,2991813.42
1773806400,0.2918,0.2952,0.2875,0.2885,3537635.41
1773820800,0.2885,0.2914,0.2788,0.2797,3390140.96
1773835200,0.2797,0.2799,0.2697,0.2717,5693978.199999999
1773849600,0.2717,0.2752,0.2699,0.2725,3904933.46
1773864000,0.2725,0.2748,0.2703,0.2742,2387873.73
1773878400,0.2742,0.2766,0.2714,0.2747,1539143.62
1773892800,0.2747,0.2749,0.2664,0.2686,2960784.37
1773907200,0.2686,0.272,0.2676,0.2688,2288749.39
1773921600,0.2688,0.2688,0.2632,0.2657,4232909.62
1773936000,0.2657,0.2691,0.2626,0.2675,3648221.71
1773950400,0.2675,0.2688,0.2658,0.2674,2252481.7
1773964800,0.2674,0.2709,0.2674,0.2699,2342790.96
1773979200,0.2699,0.273,0.2679,0.2701,1899029.16
1773993600,0.2701,0.2725,0.2673,0.268,1454870.94
1774008000,0.268,0.269,0.2646,0.2666,2440420.34
1774022400,0.2666,0.2667,0.2617,0.2639,2933352.41
1774036800,0.2639,0.2677,0.2623,0.2661,2481411.87
1774051200,0.2661,0.2673,0.2656,0.266,1035381.18
1774065600,0.266,0.2669,0.2648,0.2649,1009753.58
1774080000,0.2649,0.2658,0.264,0.2647,1470390.91
1774094400,0.2647,0.2655,0.263,0.2648,1569938.88
1774108800,0.2648,0.2651,0.2637,0.265,2261442.74
1774123200,0.265,0.2663,0.2557,0.2575,3581071.55
1774137600,0.2575,0.2601,0.2528,0.2582,6402226.02
1774152000,0.2582,0.259,0.2567,0.2568,1417939.53
1774166400,0.2568,0.2574,0.255,0.2552,1532258.63
1774180800,0.2552,0.257,0.2551,0.2556,1851409.04
1774195200,0.2556,0.2558,0.2507,0.2517,3628233.85
1774209600,0.2517,0.2528,0.2481,0.2507,4097291.15
1774224000,0.2507,0.2541,0.2496,0.2512,2027866.12
1774238400,0.2512,0.2529,0.2478,0.2501,2302567.77
1774252800,0.2501,0.2642,0.2479,0.2585,10033330.5
1774267200,0.2585,0.2669,0.257,0.261,5140646.93
1774281600,0.261,0.2634,0.2586,0.2607,4020831.75
1774296000,0.2607,0.2644,0.2602,0.2616,1867106.96
1774310400,0.2616,0.2624,0.2582,0.2616,1677291.64
1774324800,0.2616,0.2658,0.2597,0.2656,2355854.37
1774339200,0.2656,0.2683,0.262,0.2637,2991067.2
1774353600,0.2637,0.2637,0.259,0.2609,2529193.49
1774368000,0.2609,0.2618,0.2581,0.2601,2585800.83
1774382400,0.2601,0.2667,0.2598,0.2662,3241705.58
1774396800,0.2662,0.269,0.2656,0.2677,3083942.11
1774411200,0.2677,0.2716,0.2669,0.2693,2642643.04
1774425600,0.2693,0.2746,0.2693,0.273,3812267.25
1774440000,0.273,0.2767,0.2687,0.2702,5268400.32
1774454400,0.2702,0.2724,0.2696,0.2703,1967375.15
1774468800,0.2703,0.2711,0.2681,0.2703,2346640.14
1774483200,0.2703,0.2705,0.2658,0.2663,1876883.2
1774497600,0.2663,0.2664,0.2609,0.262,1673227.59
1774512000,0.262,0.262,0.2568,0.2573,2728067.74
1774526400,0.2573,0.2596,0.2544,0.2559,3217235.26
1774540800,0.2559,0.2565,0.253,0.2536,2471683.42
1774555200,0.2536,0.2574,0.2525,0.2546,3572672.06
1774569600,0.2546,0.2561,0.2533,0.2543,1606305.48
1774584000,0.2543,0.2555,0.2524,0.2547,1200297.69
1774598400,0.2547,0.2551,0.2445,0.2474,7198118.640000001
1774612800,0.2474,0.2497,0.2459,0.2476,4707263.85
1774627200,0.2476,0.2484,0.2451,0.2464,2900636.55
1774641600,0.2464,0.247,0.2449,0.2459,2230322.1
1774656000,0.2459,0.2471,0.2443,0.2446,1868942.48
1774670400,0.2446,0.2483,0.244,0.2483,1335310.93
1774684800,0.2483,0.2491,0.2471,0.2484,1344969.53
1774699200,0.2484,0.2527,0.2466,0.2512,3507480.6100000003
1774713600,0.2512,0.2516,0.2491,0.2496,1410126.28
1774728000,0.2496,0.2504,0.245,0.2458,1386855.7999999998
1774742400,0.2458,0.247,0.245,0.2465,1348882.71
1774756800,0.2465,0.2465,0.243,0.245,3263732.49
1774771200,0.245,0.245,0.2416,0.2436,2611159.82
1774785600,0.2436,0.2436,0.2404,0.2413,2309329.91
1774800000,0.2413,0.242,0.2394,0.2398,2526021.63
1774814400,0.2398,0.2417,0.233,0.2396,5281662.33
1774828800,0.2396,0.2474,0.2393,0.2459,3274319.0300000003
1774843200,0.2459,0.2491,0.2456,0.2485,3535416.38
1774857600,0.2485,0.2524,0.2474,0.2503,4491989.51
1774872000,0.2503,0.2514,0.2471,0.2482,2304633.09
1774886400,0.2482,0.2485,0.2423,0.2434,2491190.69
1774900800,0.2434,0.246,0.2424,0.2432,1564098.64
1774915200,0.2432,0.249,0.2432,0.246,2610971.02
1774929600,0.246,0.2463,0.243,0.2434,2049036.02
1774944000,0.2434,0.2439,0.2395,0.2409,4665441.59
1774958400,0.2409,0.2452,0.2375,0.2377,2996001.94
1774972800,0.2414,0.242,0.2399,0.2407,768600.2
1774987200,0.2407,0.2423,0.2384,0.2416,2067462.38
1775001600,0.2416,0.2462,0.2411,0.2454,2822488.33
1775016000,0.2454,0.2544,0.244,0.2498,4772009.569999999
1775030400,0.2488,0.2489,0.2473,0.2482,928338.75
1775044800,0.2482,0.2507,0.2455,0.2491,5236941.04
1775059200,0.2485,0.25,0.2485,0.2494,784058.15
1775073600,0.2494,0.2504,0.2473,0.2483,2424769.54
1775088000,0.2483,0.2507,0.2378,0.2389,9774789.24
1775102400,0.2389,0.2392,0.2359,0.239,4126403.72
1775116800,0.239,0.2394,0.2364,0.2369,2959230.31
1775131200,0.2369,0.2431,0.2349,0.2396,6661533.140000001
1775145600,0.2396,0.2426,0.2379,0.2395,3553771.82
1775160000,0.2395,0.2408,0.2388,0.2394,1729420.32
1775174400,0.2394,0.2415,0.2389,0.2411,1936663.14
1775188800,0.2411,0.2451,0.2411,0.2434,3008110.1
1775203200,0.2434,0.2465,0.2428,0.2456,2837828.02
1775217600,0.2456,0.2511,0.2448,0.246,5869705.95
1775232000,0.2474,0.248,0.2459,0.2474,724315.61
1775246400,0.2474,0.2487,0.2452,0.2462,1588470.6
1775260800,0.2462,0.2469,0.2445,0.2468,1313220.51
1775275200,0.2468,0.2473,0.2441,0.2452,2234277.43
1775289600,0.2452,0.2459,0.2433,0.245,1308485.58
1775304000,0.245,0.2466,0.2435,0.2452,1808639.65
1775318400,0.2452,0.2498,0.245,0.2479,1861000.21
1775332800,0.2479,0.2485,0.2464,0.248,2975859.59
1775347200,0.248,0.2487,0.2466,0.2467,2292419.5900000003
1775361600,0.2467,0.2469,0.2415,0.242,1932789.22
1775376000,0.242,0.243,0.2401,0.2425,1739948.67
1775390400,0.2419,0.2457,0.2415,0.2435,1408247.51
1775404800,0.2435,0.2445,0.2427,0.2436,2458045.02
1775419200,0.2436,0.2509,0.242,0.2507,4519559.279999999
1775433600,0.2507,0.2591,0.2507,0.2568,9416825.97
1775448000,0.2568,0.2584,0.2544,0.2552,3014056.64
1775462400,0.2567,0.2568,0.2556,0.2556,456652.58
1775476800,0.2556,0.2568,0.2538,0.2543,3089966.99
1775491200,0.2543,0.2545,0.2512,0.2522,3026301.91
1775505600,0.2522,0.2528,0.245,0.2461,3004919.38
1775520000,0.2461,0.2463,0.2435,0.2452,2679430.73
1775534400,0.2452,0.2459,0.2425,0.2435,1508230.67
1775548800,0.2422,0.2428,0.2414,0.2422,642904.34
1775563200,0.2422,0.2436,0.2401,0.2422,3890248.01
1775577600,0.2422,0.2468,0.2417,0.2467,3948450.37
1775592000,0.2467,0.2662,0.2458,0.2627,13696862.27
1775606400,0.2627,0.2643,0.2596,0.2607,5860360.65
1775620800,0.2607,0.2636,0.2603,0.2612,2901632.76
1775635200,0.2612,0.2614,0.2559,0.2578,2126016.91
1775649600,0.2578,0.2597,0.252,0.2542,5791911.57
1775664000,0.2542,0.2561,0.2521,0.2529,2675127.7800000003
1775678400,0.2518,0.2518,0.25,0.2508,1104642.14
1775692800,0.2508,0.2508,0.2477,0.2492,1987857.98
1775707200,0.2492,0.2516,0.2485,0.2507,1122326.8
1775721600,0.2507,0.2523,0.2495,0.2507,1392656.04
1775736000,0.2507,0.2557,0.2489,0.2547,3488689.0
1775750400,0.2547,0.2569,0.253,0.2557,2821472.29
1775764800,0.2557,0.261,0.2535,0.2541,2735016.66
1775779200,0.2541,0.2549,0.2514,0.2517,2397820.14
1775793600,0.2517,0.2539,0.2499,0.2507,2719185.34
1775808000,0.2507,0.2519,0.2499,0.2512,2495670.17
1775822400,0.2554,0.2565,0.2535,0.2539,1523537.76
1775836800,0.2539,0.2583,0.2536,0.2581,3140718.13
1775851200,0.2581,0.259,0.2539,0.2543,2656765.98
1775865600,0.2543,0.2553,0.2524,0.2533,2035360.03
1775880000,0.2533,0.2542,0.25,0.2507,2065385.53
1775894400,0.2498,0.2502,0.2495,0.25,655650.77
1775908800,0.25,0.2506,0.2468,0.2483,2656968.46
1775923200,0.2483,0.2555,0.2481,0.2545,5119491.02
1775937600,0.2545,0.2549,0.2488,0.2496,3167542.13
1775952000,0.2496,0.2507,0.2426,0.244,4011304.32
1775966400,0.244,0.2441,0.2416,0.2417,2107243.76
1775980800,0.2417,0.2418,0.2389,0.2407,2698930.2
1775995200,0.2407,0.2412,0.2376,0.2385,2574950.57
1776009600,0.2385,0.2401,0.2379,0.2383,2431864.97
1776024000,0.2383,0.2399,0.2356,0.2362,3371753.69
1776038400,0.2362,0.2388,0.236,0.2383,1785458.06
1776052800,0.2383,0.24,0.2373,0.2382,1760573.34
1776067200,0.2382,0.2396,0.2375,0.2382,1460183.1
1776081600,0.2382,0.2433,0.238,0.2395,4757314.1
1776096000,0.2395,0.242,0.2377,0.2416,5047058.38
1776110400,0.2474,0.2491,0.2464,0.2487,1551016.71
1776124800,0.2487,0.2491,0.2439,0.2448,2301814.5900000003
1776139200,0.2448,0.2458,0.2413,0.2436,1978589.55
1776153600,0.2436,0.2452,0.2425,0.2436,2305842.34
1776168000,0.2485,0.2496,0.2435,0.2446,2816184.93
1776182400,0.2446,0.2462,0.239,0.2406,2944115.12
1776196800,0.2406,0.2417,0.2387,0.2397,1754207.64
1776211200,0.2397,0.2414,0.2392,0.2399,2053323.17
1776225600,0.2399,0.242,0.2383,0.2385,1671818.95
1776240000,0.2385,0.2426,0.2384,0.2417,1044019.81
1776254400,0.2417,0.244,0.24,0.2427,2562292.73
1776268800,0.2427,0.2504,0.2425,0.2489,4649763.39
1776283200,0.2489,0.2499,0.245,0.246,3063671.43
1776297600,0.246,0.2499,0.2439,0.2494,2344600.09
1776312000,0.2494,0.2517,0.2487,0.2501,3289585.6100000003
1776326400,0.2501,0.2506,0.2471,0.2484,1990797.72
1776340800,0.2484,0.2544,0.2454,0.2534,6389377.07
1776355200,0.2534,0.2607,0.2508,0.2604,7529007.56
1776369600,0.2604,0.2615,0.2568,0.2593,2781145.77
1776384000,0.2593,0.2598,0.254,0.2551,2284969.35
1776398400,0.2551,0.2564,0.2522,0.2563,2533973.96
1776412800,0.2563,0.2599,0.2545,0.2575,3918290.79
1776427200,0.2575,0.2681,0.257,0.2637,9608187.95
1776441600,0.2637,0.2662,0.2605,0.2613,4177428.2
1776456000,0.2613,0.262,0.2575,0.2588,2178900.32
1776470400,0.2588,0.2596,0.2565,0.257,1695446.17
1776484800,0.257,0.259,0.2561,0.2587,1146960.73
1776499200,0.2587,0.2588,0.2497,0.2512,2875343.29
1776513600,0.2512,0.2522,0.2499,0.2511,1849439.57
1776528000,0.2511,0.2511,0.2476,0.2489,2681821.25
1776542400,0.2489,0.2509,0.2481,0.2491,1333840.84
1776556800,0.2491,0.2499,0.2471,0.2482,2230991.74
1776571200,0.2482,0.249,0.2446,0.2462,3262567.8
1776585600,0.2462,0.2484,0.2448,0.2475,1141498.08
1776600000,0.2475,0.251,0.2464,0.2488,3139253.37
1776614400,0.2488,0.2496,0.2445,0.2468,2608936.89
1776628800,0.2468,0.2468,0.2411,0.2425,3959855.12
1776643200,0.2425,0.2464,0.2422,0.2461,2267259.82
1776657600,0.2461,0.2493,0.2438,0.2467,1577685.9
1776672000,0.2467,0.2487,0.2447,0.2467,1860356.49
1776686400,0.2467,0.2494,0.2449,0.2478,2446798.8
1776700800,0.2478,0.2503,0.2458,0.249,2575185.07
1776715200,0.249,0.2516,0.2477,0.248,2593889.55
1776729600,0.248,0.2497,0.2467,0.2472,1683132.5699999998
1776744000,0.2472,0.2504,0.247,0.2496,1735752.87
1776758400,0.2496,0.2524,0.2495,0.2501,1855938.95
1776772800,0.2488,0.2505,0.2477,0.2488,1584439.23
1776787200,0.2488,0.2494,0.2443,0.2448,3810269.98
1776801600,0.2448,0.2502,0.2447,0.2499,2497251.05
1776816000,0.2499,0.2555,0.2489,0.2542,4228882.71
1776830400,0.2542,0.2576,0.2534,0.2549,3355434.97
1776844800,0.2549,0.2564,0.2543,0.2557,1860322.72
1776859200,0.2557,0.2563,0.2541,0.2551,3537963.31
1776873600,0.2551,0.2557,0.2515,0.2526,2391559.38
1776888000,0.2526,0.2527,0.2482,0.2485,1730353.71
1776902400,0.2485,0.2496,0.2455,0.2464,3009660.96
1776916800,0.2464,0.2485,0.2462,0.247,1779857.58
1776931200,0.247,0.2481,0.245,0.2478,2091456.05
1776945600,0.2474,0.2509,0.2471,0.2504,1718523.4
1776960000,0.2504,0.2509,0.2448,0.2468,2940889.16
1776974400,0.2468,0.2504,0.2467,0.2499,1410083.13
1776988800,0.2499,0.2519,0.2483,0.2486,2317030.44
1777003200,0.2486,0.2497,0.2474,0.249,1195177.76
1777017600,0.249,0.252,0.2483,0.2512,2195539.86
1777032000,0.2505,0.2523,0.249,0.2523,1915556.87
1777046400,0.2523,0.2525,0.2508,0.2517,1509592.99
1777060800,0.2517,0.2529,0.2501,0.2504,1375355.02
1777075200,0.2504,0.2521,0.2497,0.2517,1792815.1
1777089600,0.2517,0.2528,0.2505,0.2515,1480770.68
1777104000,0.2515,0.2539,0.2514,0.2518,1397871.36
1777118400,0.2518,0.2537,0.2499,0.2503,2077724.6
1777132800,0.2503,0.2506,0.2483,0.2492,1742247.69
1777147200,0.2492,0.2506,0.249,0.2504,846471.52
1777161600,0.2504,0.2504,0.2486,0.2495,1298825.59
1777176000,0.2495,0.2521,0.2489,0.2516,812429.3300000001
1777190400,0.2516,0.2543,0.2503,0.2537,1838788.57
1777204800,0.2537,0.2538,0.2516,0.2529,1115371.99
1777219200,0.2529,0.2536,0.251,0.2525,1672036.21
1777233600,0.2525,0.2534,0.2508,0.2522,1828669.96
1777248000,0.2522,0.2561,0.2517,0.2541,2958754.2
1777262400,0.2541,0.2545,0.2465,0.2471,3516257.35
1777276800,0.2471,0.2482,0.2467,0.2479,1237558.57
1777291200,0.2479,0.2497,0.2432,0.2446,4845321.41
1777305600,0.2449,0.2461,0.2443,0.2453,1030849.24
1777320000,0.2453,0.2485,0.245,0.2481,1226159.19
1777334400,0.2481,0.2486,0.2466,0.2474,1120826.15
1777348800,0.2474,0.2488,0.2452,0.247,1349367.33
1777363200,0.247,0.2471,0.2451,0.2456,1155382.28
1777377600,0.2461,0.2467,0.2452,0.2465,438661.99
1777392000,0.2465,0.2476,0.2452,0.2473,1366128.99
1777406400,0.2473,0.2481,0.2463,0.2469,959152.65
1777420800,0.2469,0.2494,0.2462,0.249,1991881.23
1777435200,0.249,0.2504,0.2484,0.2495,4342624.3100000005
1777449600,0.2495,0.2539,0.2492,0.2513,4142795.66
1777464000,0.2513,0.2513,0.2433,0.2441,4365719.55
1777478400,0.2449,0.2452,0.2385,0.2416,6474182.98
1777492800,0.2416,0.245,0.2415,0.2445,1713551.86
1777507200,0.2445,0.2477,0.2445,0.2467,2037204.45
1777521600,0.2467,0.2469,0.2445,0.2467,1377265.75
1777536000,0.2467,0.2483,0.2455,0.2461,1396122.42
1777550400,0.2461,0.2481,0.245,0.2475,1729918.88
1777564800,0.2475,0.2475,0.2453,0.2462,1287785.86
1777579200,0.2462,0.2473,0.2454,0.2461,1378515.52
1777593600,0.2461,0.2503,0.2459,0.2486,2092459.3
1777608000,0.2486,0.2497,0.2479,0.2486,1330234.47
1777622400,0.2486,0.2496,0.2469,0.2478,983250.3
1777636800,0.2478,0.251,0.2477,0.2503,4031140.59
1777651200,0.2503,0.2508,0.2489,0.2497,1681811.31
1777665600,0.2497,0.2501,0.2475,0.2483,1465280.75
1777680000,0.2483,0.2488,0.2476,0.2481,973525.55
1777694400,0.2481,0.2483,0.247,0.2477,734246.5499999999
1777708800,0.2477,0.2491,0.2474,0.2483,435899.32
1777723200,0.2483,0.2501,0.2477,0.2501,800589.61
1777737600,0.2507,0.2513,0.2492,0.2511,898921.13
1777752000,0.2511,0.2527,0.25,0.2501,1667527.1
1777766400,0.2501,0.2504,0.2474,0.2481,1204888.0
1777780800,0.2481,0.2496,0.2475,0.2488,844785.4
1777795200,0.2486,0.2504,0.2483,0.2496,333000.61
1777809600,0.2498,0.2511,0.2496,0.2506,564303.5
1777824000,0.2506,0.2513,0.2504,0.2508,801449.0
1777838400,0.2508,0.2517,0.2484,0.2495,2090472.81
1777852800,0.2495,0.2543,0.2474,0.2536,4365005.16
1777867200,0.2536,0.2549,0.2509,0.2518,2195189.64
1777881600,0.2518,0.2533,0.247,0.2485,4430922.970000001
1777896000,0.2485,0.2532,0.2483,0.2507,3125351.56
1777910400,0.2505,0.2528,0.2504,0.2509,1942233.62
1777924800,0.2509,0.2515,0.2495,0.2498,1519006.94
1777939200,0.2498,0.2529,0.2497,0.2526,1695947.98
1777953600,0.2526,0.2581,0.252,0.2566,3458623.9
1777968000,0.2566,0.2598,0.2564,0.2586,4193499.85
1777982400,0.2586,0.2596,0.2558,0.2569,4294245.46
1777996800,0.2569,0.2588,0.2561,0.2586,1606741.89
1778011200,0.2586,0.2657,0.2584,0.2621,7675045.28
1778025600,0.2621,0.2642,0.2598,0.2639,2961387.79
1778040000,0.2639,0.2651,0.2621,0.2648,2103884.51
1778054400,0.2648,0.2737,0.2647,0.2717,7774074.91
1778068800,0.2717,0.2722,0.2629,0.2676,6119033.28
1778083200,0.2676,0.2681,0.2649,0.2663,2644970.56
1778097600,0.2663,0.2688,0.2644,0.2669,2071457.78
1778112000,0.2669,0.2673,0.2633,0.2636,2889869.24
1778126400,0.2636,0.2686,0.2634,0.2684,2434791.56
1778140800,0.2684,0.2687,0.2657,0.2678,1715266.47
1778155200,0.2678,0.2703,0.2611,0.2618,6069691.720000001
1778169600,0.2618,0.2642,0.2598,0.263,3568040.29
1778184000,0.263,0.2646,0.2608,0.2627,2017206.98
1778198400,0.2627,0.2632,0.2601,0.262,693623.46
1778212800,0.262,0.2626,0.2607,0.2621,498110.94
1778227200,0.2621,0.2647,0.2617,0.2644,1063224.81
1778241600,0.2644,0.2695,0.2628,0.2695,2120609.95
1778256000,0.2695,0.2733,0.2678,0.2717,4690757.1
1778270400,0.2717,0.2783,0.271,0.2735,3947430.71
1778284800,0.2735,0.2784,0.2732,0.2763,3797879.94
1778299200,0.2763,0.2778,0.2742,0.2751,1660480.65
1778313600,0.2751,0.2765,0.2722,0.2736,1835755.34
1778328000,0.2736,0.2741,0.2701,0.2704,3141135.87
1778342400,0.2704,0.273,0.2693,0.2726,3155590.72
1778356800,0.2726,0.2729,0.2703,0.271,1249137.47
1778371200,0.271,0.2719,0.2689,0.27,1534382.79
1778385600,0.27,0.2712,0.2684,0.2707,1052569.2
1778400000,0.2707,0.2736,0.2705,0.2728,1533218.9
1778414400,0.2728,0.2822,0.272,0.2814,3670125.8
1778428800,0.2814,0.2886,0.2803,0.2869,10834432.21
1778443200,0.2869,0.2881,0.2753,0.2824,8584611.43
1778457600,0.2824,0.2828,0.274,0.2765,5025789.94
1778472000,0.2765,0.2797,0.2753,0.2776,2621481.5700000003
1778486400,0.2776,0.2812,0.2758,0.2793,2269005.37
1778500800,0.2793,0.2833,0.2779,0.2824,10355747.84
1778515200,0.2824,0.2828,0.2794,0.2812,3715592.99
1778529600,0.2812,0.2819,0.2793,0.2804,2378248.97
1778544000,0.2804,0.2818,0.2763,0.2771,2879699.58
1778558400,0.2771,0.2783,0.2751,0.2767,1931917.22
1778572800,0.2767,0.2775,0.2734,0.2744,3961049.68
1778587200,0.2743,0.275381,0.268,0.269088,1967984.844848564
1778601600,0.268811,0.272378,0.267095,0.271964,560366.1018653953
1778616000,0.271964,0.272913,0.270802,0.27103,198530.5522865601
1778630400,0.271204,0.274249,0.270987,0.274183,416087.4067393023
1778644800,0.274217,0.274856,0.272449,0.273346,268695.8663406625
1778659200,0.2734,0.277525,0.270334,0.270739,354356.4406762071
1778673600,0.2706,0.271183,0.261306,0.261832,1007563.8028892572
1778688000,0.261982,0.265827,0.261982,0.26369,664063.7256426278
1778702400,0.263747,0.266363,0.262986,0.264558,446078.8302513103
1778716800,0.264699,0.266235,0.262517,0.262634,372815.536933822
1778731200,0.262786,0.266471,0.262468,0.264798,230624.2108868871
1778745600,0.264531,0.265571,0.263512,0.264181,95093.52953872662
1778760000,0.263981,0.270864,0.263981,0.270358,507688.31180033
1778774400,0.270598,0.280399,0.269664,0.273567,1488233.285395969
1778788800,0.273999,0.274199,0.269828,0.270395,644795.1042481178
1778803200,0.270541,0.272779,0.268364,0.269807,219738.40667887672
1778817600,0.269531,0.269948,0.265026,0.268404,237948.91106952683
1778832000,0.268411,0.268669,0.266198,0.26718,216708.77029311162
1778846400,0.267172,0.267172,0.256903,0.258121,759302.0123101966
1778860800,0.258143,0.262537,0.257755,0.260977,664282.8765421318
1778875200,0.260883,0.261935,0.2601,0.26162,165817.66326557053
1778889600,0.261271,0.26224,0.260573,0.261223,84740.27116028283
1778904000,0.261134,0.261258,0.253086,0.255306,844713.081562896
1778918400,0.255406,0.255992,0.252191,0.254044,534016.1631415347
1778932800,0.253986,0.256069,0.253648,0.255701,135065.84086350066
1778947200,0.2557,0.25658,0.254953,0.255103,100296.37854029171
1778961600,0.255103,0.255744,0.253997,0.255139,107505.2724281427
1778976000,0.254946,0.255376,0.252701,0.254315,122338.69769645175
1778990400,0.254311,0.256698,0.25425,0.2562,156668.48803043028
1779004800,0.256097,0.258097,0.255462,0.25663,275590.6193175267
1779019200,0.256605,0.257187,0.25345,0.25505,137616.13434187797
1779033600,0.255154,0.255358,0.253034,0.255094,252994.9916400308
1779048000,0.255064,0.255822,0.245429,0.252114,876870.0469345204
1779062400,0.252023,0.252775,0.248689,0.249976,572626.492679483
1779076800,0.25019,0.251834,0.247038,0.249317,682830.9533452395
1779091200,0.249344,0.251859,0.247899,0.250481,340200.8548711392
1779105600,0.250464,0.252246,0.2462,0.24807,622263.8562602719
1779120000,0.248025,0.251,0.246503,0.250637,477828.32442150725
1779134400,0.250788,0.252883,0.249618,0.251537,250336.04353875166
1779148800,0.25157,0.253245,0.250417,0.25143,150109.05555606342
1779163200,0.251416,0.252845,0.25064,0.252361,109337.48618619441
1779177600,0.25238,0.252381,0.247839,0.248627,864052.4576682898
1779192000,0.248388,0.250929,0.247,0.248017,362808.789152987
1779206400,0.248208,0.249658,0.2478,0.24808,220418.1265221801
1779220800,0.248081,0.249575,0.247465,0.248076,96705.4302701683
1779235200,0.248016,0.248569,0.2468,0.248201,1336226.9479200463
1779249600,0.248201,0.250702,0.247703,0.249035,1801877.667316892
1779264000,0.24896,0.25,0.248194,0.248577,339713.53734317585
1779278400,0.24857,0.251183,0.24716,0.249944,3426801.7339564282
1779292800,0.250092,0.251,0.247869,0.250071,303559.5011585778
1779307200,0.249991,0.250567,0.248103,0.24905,242542.39581795404
1779321600,0.249012,0.252056,0.248734,0.251885,434394.25426148705
1779336000,0.251934,0.252464,0.247427,0.248905,282541.25377415254
1779350400,0.249015,0.250162,0.245617,0.246506,674846.7213320767
1779364800,0.246414,0.249362,0.2461,0.248236,272705.9686521258
1779379200,0.248368,0.25333,0.247583,0.252213,3123471.6743840533
1779393600,0.252283,0.252933,0.249751,0.250304,244864.6172987182
1779408000,0.250453,0.251819,0.248883,0.251601,2216044.6887802184
1779422400,0.251601,0.252621,0.249205,0.251217,1059483.3552678642
1779436800,0.251322,0.252495,0.250577,0.252251,191925.60675725777
1779451200,0.25238,0.254209,0.247921,0.249539,1760755.301140773
1779465600,0.24941,0.249973,0.242264,0.244097,1252970.4312292044
1779480000,0.244131,0.246473,0.240729,0.2423,547892.4095981014
1779494400,0.24227,0.243913,0.2415,0.24346,286077.6919831176
1779508800,0.24346,0.24346,0.235776,0.237759,393163.24045536004
1779523200,0.237622,0.239172,0.23695,0.238206,1433388.058577483
1779537600,0.238204,0.243435,0.23767,0.241966,720649.4062481818
1779552000,0.242112,0.245054,0.241608,0.243841,741582.3709608822
1779566400,0.243869,0.250482,0.243567,0.245817,1246093.100807896
1779580800,0.245776,0.2465,0.244631,0.245104,146845.05807485245
1779595200,0.245187,0.246071,0.2448,0.244901,180222.0102573596
1779609600,0.245163,0.246305,0.244691,0.245447,212506.91601125343
1779624000,0.24547,0.24547,0.240954,0.242684,211414.02884620102
1779638400,0.242604,0.243296,0.241724,0.242301,149446.07482899155
1779652800,0.242301,0.242434,0.238439,0.242074,328594.30721120595
1779667200,0.242099,0.242806,0.240228,0.240813,116205.05089025434
1779681600,0.240816,0.244689,0.240441,0.24462,196144.72387204817
1779696000,0.244689,0.245894,0.243739,0.244618,256328.86455312592
1779710400,0.244815,0.247058,0.244206,0.245821,139445.52118447763
1779724800,0.245929,0.247584,0.244847,0.24514,567670.2592313035
1779739200,0.245139,0.245796,0.2422,0.243456,306361.4571053025
1779753600,0.243353,0.243432,0.239434,0.240676,321181.93863540725
1779768000,0.240763,0.242675,0.240327,0.241002,40233.925362035254
1779782400,0.241275,0.245216,0.241248,0.244138,212435.6264108051
1779796800,0.244009,0.247088,0.240887,0.242459,301991.390511116
1779811200,0.242097,0.242292,0.237898,0.23998,382459.7460100511
1779825600,0.239843,0.240564,0.239001,0.239756,109418.53389116877
1779840000,0.23977,0.241481,0.239001,0.239908,139604.40424740495
1779854400,0.239718,0.240303,0.236846,0.239987,252911.54877529122
1779868800,0.240067,0.24078,0.238649,0.239274,136781.76657688388
1779883200,0.239237,0.242934,0.237197,0.2411,365140.8221216197
1779897600,0.2411,0.241639,0.2375,0.240561,286430.58755290706
1779912000,0.240653,0.240843,0.235403,0.237104,362914.21747900103
1779926400,0.237028,0.238081,0.231271,0.232036,494148.89018632646
1779940800,0.231724,0.231958,0.227606,0.231058,1109925.4412777852
1779955200,0.231067,0.23174,0.229114,0.229811,171710.9334111212
1779969600,0.229992,0.233896,0.228892,0.232593,655388.3045607968
1779984000,0.232438,0.237406,0.231343,0.234144,3023101.9686559974
1779998400,0.234215,0.23605,0.233463,0.234658,185843.37579928446
1780012800,0.234706,0.235486,0.232611,0.233084,181117.28429919147
1780027200,0.233098,0.23663,0.232238,0.234386,237343.66187957735
1780041600,0.234831,0.235669,0.232442,0.233001,166660.68832020563
1780056000,0.233211,0.237816,0.229643,0.235347,937603.6563735213
1780070400,0.235392,0.235843,0.230448,0.232502,622188.2693456851
1780084800,0.232692,0.233623,0.231527,0.232643,514257.3734798074
1780099200,0.232676,0.239033,0.232395,0.236206,1666096.2720837486
1780113600,0.236206,0.236719,0.233597,0.234743,460840.7569384713
1780128000,0.234939,0.235176,0.233688,0.234854,87666.40314455066
1780142400,0.234966,0.2365,0.23469,0.236199,641344.4123422556
1780156800,0.236199,0.237549,0.236,0.237,2170388.26458565
1780171200,0.237137,0.238139,0.235082,0.235641,1795752.7560481476
1780185600,0.235919,0.238129,0.235435,0.237816,271635.96860185143
1780200000,0.237742,0.238394,0.236117,0.236431,149490.0296675173
1780214400,0.236394,0.237708,0.235413,0.236615,276630.5216708931
1780228800,0.236775,0.237628,0.233396,0.233543,660539.0280493521
1780243200,0.233507,0.23383,0.231652,0.232489,359308.3598878454
1780257600,0.232597,0.236627,0.232597,0.235375,350720.6675408053
1780272000,0.235404,0.237208,0.232434,0.236539,172823.5989545064
1780286400,0.236565,0.237211,0.23052,0.230718,1409325.5394721308
1780300800,0.230717,0.232016,0.229179,0.229861,280826.5615891906
1780315200,0.230359,0.231289,0.225212,0.226678,1758660.50422796
1780329600,0.226708,0.231581,0.225888,0.231109,990744.71011179
1780344000,0.231244,0.2314,0.228118,0.230663,317482.01512832445
1780358400,0.230776,0.230885,0.224278,0.227585,1279913.6972634098
1780372800,0.227631,0.228224,0.222484,0.22392,809352.7815082324
1780387200,0.223756,0.224242,0.222043,0.223079,145129.93223971134
1780401600,0.222661,0.223564,0.21372,0.214984,3099861.693260429
1780416000,0.214991,0.218834,0.211955,0.215459,2063663.6541023974
1780430400,0.215359,0.218102,0.2093,0.212582,1572212.219860517
1780444800,0.21277,0.214312,0.207161,0.208486,464515.2689470816
1780459200,0.2087,0.217784,0.2086,0.2169,623383.5969044205
1780473600,0.2169,0.218078,0.2152,0.215862,717950.6885572008
1780488000,0.215864,0.216157,0.2,0.211727,3257332.1193989487
1780502400,0.211666,0.211849,0.204056,0.20453,1533660.2459536963
1780516800,0.204464,0.206339,0.199681,0.200069,1990176.4625712477
1780531200,0.200182,0.201611,0.187521,0.19971,5576811.136460813
1780545600,0.199685,0.200916,0.194526,0.194526,1632528.3927056578
1780560000,0.194614,0.195412,0.186804,0.189881,3117337.974462063
1780574400,0.189992,0.192499,0.186924,0.188787,4557582.42360265
1780588800,0.18866,0.190195,0.185586,0.186323,1468953.3800088414
1780603200,0.186251,0.186251,0.1786,0.179631,3022248.060158943
1780617600,0.179521,0.179521,0.158033,0.15832,7088657.22757154
1780632000,0.158319,0.168901,0.158033,0.163198,5108107.376733117
1780646400,0.163062,0.166,0.158517,0.162426,2449843.855244037
1780660800,0.162257,0.16499,0.156484,0.157232,3396790.043351108
1780675200,0.157003,0.163534,0.154501,0.160515,2496601.123587846
1780689600,0.160958,0.163693,0.155079,0.156622,2638763.4852437777
1780704000,0.156914,0.162506,0.153906,0.155174,2759098.2841894985
1780718400,0.155176,0.158336,0.148677,0.157305,2254297.683548639
1780732800,0.157376,0.160135,0.153544,0.156145,1100980.2059816967
1780747200,0.156321,0.161601,0.154938,0.158653,2125974.1911608903
1780761600,0.158413,0.160139,0.156711,0.156813,913175.3694380318
1780776000,0.15677,0.158583,0.155511,0.15719,1392185.3426366257
1780790400,0.157388,0.162193,0.156795,0.161402,2263747.2952946657
1780804800,0.161369,0.162982,0.159823,0.162328,1515735.773269956
1780819200,0.162175,0.1668,0.161729,0.164608,1883335.6091722231
1780833600,0.164629,0.164791,0.160295,0.162027,954879.0011027565
1780848000,0.16224,0.163967,0.157926,0.15856,1619759.516425131
1780862400,0.158376,0.168793,0.158096,0.16506,1666655.3287228087
1780876800,0.165493,0.166503,0.16145,0.163851,546150.2766521021
1780891200,0.163983,0.164254,0.159905,0.163673,1134929.340883332
1780905600,0.163425,0.167999,0.162232,0.167725,1060434.4132668728
1780920000,0.167449,0.171517,0.164931,0.168998,1330893.0224902756
1780934400,0.169515,0.1725,0.167066,0.171876,1784462.7087332902
1780948800,0.171816,0.174475,0.16838,0.170237,1908233.0045888326
1780963200,0.170398,0.170655,0.165622,0.166411,1009788.1740040153
1780977600,0.166121,0.170968,0.165106,0.170264,779236.11913802
1780992000,0.170238,0.170323,0.166608,0.167439,724491.8516287846
1781006400,0.167281,0.169687,0.162676,0.163039,1316346.9142717253
1781020800,0.162741,0.169164,0.160688,0.168368,1507921.4365338967
1781035200,0.168452,0.169749,0.164749,0.165176,910953.4926552799
1781049600,0.165378,0.166664,0.161274,0.162201,597652.6410408757
1781064000,0.162357,0.162767,0.159598,0.161381,427419.89700696117
1781078400,0.161279,0.161502,0.158516,0.159437,615660.7090603092
1781092800,0.159395,0.166611,0.159087,0.164722,2069302.4546343936
1781107200,0.164894,0.165005,0.160164,0.1607,884067.805912188
1781121600,0.160879,0.161447,0.158228,0.160412,769858.0790376532
1781136000,0.160553,0.16684,0.160553,0.16636,1505517.3442503058
1781150400,0.166387,0.16741,0.163967,0.166664,1577758.3332348857
1781164800,0.166734,0.167758,0.165245,0.166737,574709.2343826971
1781179200,0.166723,0.167185,0.164144,0.165957,797478.4140975617
1781193600,0.1661,0.172528,0.163845,0.168983,3213552.162518339
1781208000,0.169187,0.171727,0.167397,0.170488,1175015.531954518
1781222400,0.170544,0.171643,0.168585,0.171643,646900.5101970241
1781236800,0.17165,0.17334,0.168,0.168952,812738.4098037888
1781251200,0.168983,0.172087,0.168967,0.171145,1518303.184336705
1781265600,0.171144,0.174123,0.167463,0.169789,3332832.977662567
1781280000,0.170327,0.1742,0.169419,0.170791,2319477.8560971757
1781294400,0.170753,0.171213,0.168565,0.16957,1329906.2362220914
1781308800,0.169617,0.1732,0.169414,0.170385,2408752.0005226694
1781323200,0.170298,0.174018,0.169023,0.173046,1059484.6024577892
1781337600,0.17308,0.173759,0.172057,0.173361,631608.1996534208
1781352000,0.1734,0.175661,0.173074,0.174766,1734685.3493595766
