time,open,high,low,close,volume
1640995200,0.1703,0.1729,0.17,0.1714,4635238.82
1641009600,0.1714,0.1725,0.1696,0.1713,5882422.03
1641024000,0.1713,0.1719,0.1702,0.1705,2121621.72
1641038400,0.1705,0.1732,0.1705,0.1722,2845051.07
1641052800,0.1722,0.1736,0.1718,0.1725,1768430.77
1641067200,0.1725,0.1732,0.172,0.1731,2912567.29
1641081600,0.1731,0.1732,0.1722,0.1727,2082986.36
1641096000,0.1727,0.1728,0.1706,0.1719,1971351.94
1641110400,0.1719,0.1738,0.1714,0.1731,1956452.73
1641124800,0.1731,0.1752,0.1725,0.1749,3168811.7800000003
1641139200,0.1749,0.1763,0.1723,0.1734,4777915.15
1641153600,0.1734,0.175,0.173,0.1744,1868870.07
1641168000,0.1744,0.1744,0.1714,0.1719,2880050.2
1641182400,0.1719,0.1724,0.1709,0.1723,2909792.26
1641196800,0.1723,0.1733,0.1712,0.1732,2368485.77
1641211200,0.1732,0.1733,0.17,0.1703,3384918.93
1641225600,0.1703,0.171,0.1684,0.1692,4725703.3
1641240000,0.1692,0.1705,0.1675,0.1701,5463731.05
1641254400,0.1701,0.1706,0.1682,0.1698,3388736.62
1641268800,0.1698,0.1717,0.1692,0.1715,3202101.45
1641283200,0.1715,0.1719,0.1702,0.1715,3323705.4
1641297600,0.1715,0.1725,0.1702,0.1708,5002149.8
1641312000,0.1708,0.1719,0.1667,0.1683,5232613.47
1641326400,0.1683,0.1695,0.168,0.1684,1970567.15
1641340800,0.1684,0.1704,0.1677,0.1698,2410318.42
1641355200,0.1698,0.1703,0.1693,0.1699,2326918.2
1641369600,0.1699,0.1709,0.1684,0.169,2539429.2800000003
1641384000,0.169,0.1703,0.168,0.1699,3601545.7
1641398400,0.1699,0.1704,0.1559,0.1598,15883142.73
1641412800,0.1598,0.1617,0.1475,0.1589,20703438.87
1641427200,0.1589,0.16,0.1545,0.1547,11153859.92
1641441600,0.1547,0.1581,0.1539,0.1578,7908478.12
1641456000,0.1578,0.1578,0.1546,0.1562,6656652.75
1641470400,0.1562,0.1591,0.1551,0.1578,11576611.5
1641484800,0.1578,0.1617,0.1573,0.161,11488482.21
1641499200,0.161,0.1621,0.1597,0.16,6440173.08
1641513600,0.16,0.1603,0.1519,0.1529,19693506.26
1641528000,0.1529,0.1543,0.1493,0.1536,21171446.2
1641542400,0.1536,0.1579,0.1532,0.156,9892399.64
1641556800,0.156,0.1569,0.15,0.1523,20580576.55
1641571200,0.1523,0.1564,0.1508,0.1536,14443476.63
1641585600,0.1536,0.1557,0.1527,0.155,9537582.33
1641600000,0.155,0.1574,0.1548,0.1566,6503734.15
1641614400,0.1566,0.1579,0.1558,0.157,5826441.37
1641628800,0.157,0.1578,0.1558,0.1563,4571407.78
1641643200,0.1563,0.1566,0.1522,0.1532,9523855.53
1641657600,0.1532,0.154,0.1455,0.1475,27226503.28
1641672000,0.1475,0.1548,0.1468,0.151,13396373.5
1641686400,0.151,0.1528,0.1498,0.1516,8330855.5
1641700800,0.1516,0.153,0.1514,0.152,4726089.42
1641715200,0.152,0.1523,0.149,0.1513,5742252.93
1641729600,0.1513,0.1514,0.1487,0.1498,6675928.699999999
1641744000,0.1498,0.1538,0.1493,0.1536,8419812.41
1641758400,0.1536,0.1538,0.1501,0.1504,7466583.590000001
1641772800,0.1504,0.152,0.1502,0.1512,4911637.22
1641787200,0.1512,0.1522,0.1509,0.1516,4941935.43
1641801600,0.1516,0.1518,0.1486,0.1489,5736689.45
1641816000,0.1489,0.1493,0.137,0.1426,33031903.57
1641830400,0.1426,0.1461,0.1405,0.1416,20802633.89
1641844800,0.1416,0.1443,0.1411,0.1432,7241396.28
1641859200,0.1432,0.1459,0.1417,0.1456,7595257.939999999
1641873600,0.1456,0.146,0.1437,0.1444,5849437.27
1641888000,0.1444,0.167,0.143,0.16,54618839.09
1641902400,0.16,0.1605,0.1481,0.1504,45002730.16
1641916800,0.1504,0.1532,0.1494,0.1522,15520778.66
1641931200,0.1522,0.1539,0.1512,0.1538,8770646.69
1641945600,0.1538,0.1553,0.1518,0.1532,10091187.73
1641960000,0.1532,0.1541,0.1513,0.1521,5977534.109999999
1641974400,0.1521,0.1584,0.152,0.1552,16511947.29
1641988800,0.1552,0.163,0.1547,0.1608,27176520.770000003
1642003200,0.1608,0.1621,0.1593,0.1599,15355698.91
1642017600,0.1599,0.1637,0.1583,0.163,14360547.87
1642032000,0.163,0.1678,0.1614,0.1665,32131433.35
1642046400,0.1665,0.1756,0.1658,0.1696,47587539.35
1642060800,0.1696,0.1763,0.1693,0.171,23805145.12
1642075200,0.171,0.1738,0.1632,0.1655,33103629.75
1642089600,0.1655,0.1676,0.1615,0.163,28442426.21
1642104000,0.163,0.1768,0.1627,0.1717,66867981.260000005
1642118400,0.1717,0.1813,0.1705,0.1759,69641311.8
1642132800,0.1759,0.2118,0.175,0.196,229503019.3
1642147200,0.196,0.2013,0.1857,0.1885,105733152.48
1642161600,0.1885,0.1969,0.1863,0.1942,78800173.61
1642176000,0.1942,0.1949,0.1853,0.1876,52002013.69
1642190400,0.1876,0.192,0.182,0.1834,46494213.86
1642204800,0.1834,0.1917,0.1817,0.1908,50237206.78
1642219200,0.1908,0.1947,0.188,0.1917,54647674.69
1642233600,0.1917,0.1923,0.1875,0.1903,22498308.57
1642248000,0.1903,0.1914,0.1855,0.19,26077775.450000003
1642262400,0.19,0.1902,0.1863,0.1873,15193743.6
1642276800,0.1873,0.1883,0.1832,0.1846,15335144.34
1642291200,0.1846,0.1848,0.1787,0.1803,24531781.06
1642305600,0.1803,0.1832,0.1795,0.1815,14350203.89
1642320000,0.1815,0.1843,0.1773,0.1788,19409620.47
1642334400,0.1788,0.1798,0.1754,0.1785,20828609.13
1642348800,0.1785,0.1793,0.1753,0.1755,14501668.55
1642363200,0.1755,0.1791,0.1735,0.1767,16487020.909999998
1642377600,0.1767,0.1783,0.1693,0.1696,22200603.47
1642392000,0.1696,0.1718,0.1689,0.1704,16217246.44
1642406400,0.1704,0.1718,0.1686,0.169,15750812.46
1642420800,0.169,0.1713,0.1667,0.1672,13995291.92
1642435200,0.1672,0.1697,0.1658,0.1693,12877474.01
1642449600,0.1693,0.1747,0.1658,0.171,31968386.46
1642464000,0.171,0.1743,0.1674,0.1687,24685145.24
1642478400,0.1687,0.1723,0.1674,0.1704,12278096.78
1642492800,0.1704,0.1705,0.1637,0.1652,20896156.1
1642507200,0.1652,0.1656,0.1617,0.1632,20389904.24
1642521600,0.1632,0.1646,0.1619,0.1642,12193256.22
1642536000,0.1642,0.1669,0.1626,0.1651,13729427.82
1642550400,0.1651,0.1696,0.1642,0.1662,17242463.11
1642564800,0.1662,0.1678,0.1593,0.16,21227170.46
1642579200,0.16,0.1652,0.1592,0.1648,16358411.06
1642593600,0.1648,0.1677,0.1633,0.1642,14744612.07
1642608000,0.1642,0.1655,0.1627,0.1632,11202772.14
1642622400,0.1632,0.1645,0.1611,0.1616,12024035.39
1642636800,0.1616,0.1663,0.1616,0.1652,11330201.29
1642651200,0.1652,0.1653,0.1635,0.1646,5800361.79
1642665600,0.1646,0.1651,0.1637,0.1649,3406698.9
1642680000,0.1649,0.1694,0.1637,0.1677,11925885.6
1642694400,0.1677,0.1681,0.1645,0.1654,14175906.77
1642708800,0.1654,0.1656,0.1542,0.1555,35076161.71
1642723200,0.1555,0.1577,0.1488,0.1499,38973977.47
1642737600,0.1499,0.1535,0.1498,0.1534,12865176.3
1642752000,0.1534,0.1548,0.1521,0.1536,8540719.56
1642766400,0.1536,0.1541,0.1473,0.1529,24365860.21
1642780800,0.1529,0.1535,0.1495,0.1497,13569028.14
1642795200,0.1497,0.1518,0.14,0.1421,48033532.2
1642809600,0.1421,0.1453,0.1412,0.1424,22998606.14
1642824000,0.1424,0.1438,0.1275,0.1308,43646382.21
1642838400,0.1308,0.1342,0.1203,0.1284,46518969.83
1642852800,0.1284,0.1359,0.1264,0.1268,26115318.16
1642867200,0.1268,0.1316,0.1253,0.1283,35322317.06
1642881600,0.1283,0.1348,0.1275,0.1332,22191741.43
1642896000,0.1332,0.1418,0.1321,0.1367,27646768.67
1642910400,0.1367,0.1421,0.1354,0.1398,14956738.24
1642924800,0.1398,0.1429,0.138,0.1386,16606763.18
1642939200,0.1386,0.1446,0.1348,0.1364,22460614.39
1642953600,0.1364,0.1406,0.1348,0.1359,19338228.02
1642968000,0.1359,0.1437,0.1356,0.1418,17248008.869999997
1642982400,0.1418,0.1419,0.1381,0.1394,12339159.15
1642996800,0.1394,0.1401,0.1342,0.1344,15086237.47
1643011200,0.1344,0.1368,0.1269,0.1293,32042081.56
1643025600,0.1293,0.1332,0.126,0.1317,34635135.19
1643040000,0.1317,0.1354,0.1279,0.1344,30318863.97
1643054400,0.1344,0.1397,0.1339,0.1375,22504837.42
1643068800,0.1375,0.141,0.1354,0.1365,15607570.53
1643083200,0.1365,0.1367,0.1325,0.1344,8759512.66
1643097600,0.1344,0.1377,0.1336,0.1358,8902900.26
1643112000,0.1358,0.1513,0.135,0.1397,50892412.89
1643126400,0.1397,0.1481,0.1395,0.1441,27984062.37
1643140800,0.1441,0.1445,0.1402,0.1429,18210937.99
1643155200,0.1429,0.1464,0.1415,0.1458,15257777.2
1643169600,0.1458,0.1472,0.1428,0.1442,12667055.72
1643184000,0.1442,0.1515,0.1442,0.1509,22081277.26
1643198400,0.1509,0.1527,0.1477,0.1499,22624691.71
1643212800,0.1499,0.1534,0.1459,0.1486,27119982.71
1643227200,0.1486,0.1486,0.141,0.1431,20299629.51
1643241600,0.1431,0.1449,0.1384,0.1399,13981192.41
1643256000,0.1399,0.1419,0.1394,0.141,6683385.71
1643270400,0.141,0.1433,0.1394,0.1429,5023667.720000001
1643284800,0.1429,0.146,0.1421,0.1431,9841419.15
1643299200,0.1431,0.1434,0.1389,0.14,10542847.7
1643313600,0.14,0.1416,0.1361,0.1415,15776063.16
1643328000,0.1415,0.1427,0.1391,0.1411,7417140.8
1643342400,0.1411,0.1424,0.1399,0.1399,4534526.34
1643356800,0.1399,0.1406,0.138,0.1388,5475187.6
1643371200,0.1388,0.1405,0.1378,0.14,9427934.05
1643385600,0.14,0.1419,0.1387,0.1403,6560918.1
1643400000,0.1403,0.1422,0.1398,0.1415,7480998.72
1643414400,0.1415,0.1429,0.1412,0.1422,4628067.99
1643428800,0.1422,0.1437,0.1415,0.1433,4486999.02
1643443200,0.1433,0.1438,0.1418,0.1427,3993112.24
1643457600,0.1427,0.144,0.1405,0.1423,10989744.66
1643472000,0.1423,0.143,0.1413,0.1425,6809377.51
1643486400,0.1425,0.1443,0.142,0.143,7838259.42
1643500800,0.143,0.1432,0.1414,0.1416,5706678.779999999
1643515200,0.1416,0.1436,0.1415,0.1431,3516291.45
1643529600,0.1431,0.1438,0.1421,0.1429,4086876.71
1643544000,0.1429,0.1433,0.14,0.1414,7309055.050000001
1643558400,0.1414,0.1417,0.1386,0.1393,6425137.34
1643572800,0.1393,0.1405,0.1382,0.1394,8177201.61
1643587200,0.1394,0.1394,0.1365,0.138,8451667.61
1643601600,0.138,0.1381,0.1364,0.1374,6515963.31
1643616000,0.1374,0.1391,0.137,0.1386,3858920.11
1643630400,0.1386,0.1407,0.1376,0.14,9947207.24
1643644800,0.14,0.1425,0.1399,0.1411,18217013.56
1643659200,0.1411,0.1419,0.1405,0.1417,5802825.0
1643673600,0.1417,0.144,0.1409,0.1438,9186492.84
1643688000,0.1438,0.1438,0.1421,0.1429,5920495.96
1643702400,0.1429,0.1444,0.1413,0.1425,7176432.32
1643716800,0.1425,0.1437,0.1414,0.1424,11148457.75
1643731200,0.1424,0.1437,0.1418,0.1418,10856273.06
1643745600,0.1418,0.1434,0.1418,0.1425,6223289.37
1643760000,0.1425,0.1433,0.1418,0.143,4445277.96
1643774400,0.143,0.1432,0.1421,0.1423,4093452.6
1643788800,0.1423,0.1464,0.142,0.1444,9017534.69
1643803200,0.1444,0.1453,0.1397,0.1399,12668332.47
1643817600,0.1399,0.1409,0.1384,0.1406,8266906.09
1643832000,0.1406,0.1407,0.1358,0.1371,10877634.71
1643846400,0.1371,0.1386,0.1368,0.1377,5523332.609999999
1643860800,0.1377,0.1389,0.1375,0.1383,2564254.46
1643875200,0.1383,0.1386,0.135,0.1361,9847737.58
1643889600,0.1361,0.1379,0.1348,0.1374,6295533.51
1643904000,0.1374,0.1382,0.1352,0.1357,4298680.53
1643918400,0.1357,0.1382,0.1353,0.138,4440906.07
1643932800,0.138,0.1387,0.137,0.1382,3936713.95
1643947200,0.1382,0.1412,0.1379,0.1402,9377135.86
1643961600,0.1402,0.141,0.1394,0.1395,5221813.28
1643976000,0.1395,0.1431,0.1379,0.1419,15590261.78
1643990400,0.1419,0.1445,0.1417,0.1437,13124059.42
1644004800,0.1437,0.1482,0.1431,0.148,12211938.42
1644019200,0.148,0.1499,0.1467,0.1479,10600325.19
1644033600,0.1479,0.1506,0.1478,0.1484,11049110.29
1644048000,0.1484,0.15,0.148,0.1493,5679084.640000001
1644062400,0.1493,0.1507,0.1475,0.149,8636830.09
1644076800,0.149,0.1493,0.1448,0.1475,10626811.89
1644091200,0.1475,0.1483,0.1468,0.1469,3699741.49
1644105600,0.1469,0.1493,0.1464,0.148,4037793.2
1644120000,0.148,0.1483,0.1467,0.148,2946645.48
1644134400,0.148,0.1482,0.1467,0.1472,2514929.17
1644148800,0.1472,0.1488,0.1447,0.1463,7116939.899999999
1644163200,0.1463,0.1538,0.1458,0.1505,11854694.77
1644177600,0.1505,0.1558,0.149,0.1541,31682769.73
1644192000,0.1541,0.1611,0.1515,0.1596,31283966.27
1644206400,0.1596,0.16,0.1562,0.1571,12031554.49
1644220800,0.1571,0.1579,0.1549,0.1573,7386751.689999999
1644235200,0.1573,0.1618,0.156,0.161,26755375.74
1644249600,0.161,0.1698,0.1608,0.1681,66266691.78
1644264000,0.1681,0.1733,0.1651,0.1653,43639982.78
1644278400,0.1653,0.1668,0.1608,0.1651,20004160.43
1644292800,0.1651,0.17,0.1645,0.1652,15528725.45
1644307200,0.1652,0.1685,0.1574,0.1598,23629370.28
1644321600,0.1598,0.1599,0.1531,0.1553,13974380.96
1644336000,0.1553,0.1566,0.1532,0.1551,12622857.42
1644350400,0.1551,0.1595,0.1548,0.1583,9574499.11
1644364800,0.1583,0.1603,0.1544,0.156,10247149.94
1644379200,0.156,0.1588,0.1544,0.1572,6778263.85
1644393600,0.1572,0.1583,0.1553,0.1579,4727699.74
1644408000,0.1579,0.1624,0.1573,0.1596,24051900.44
1644422400,0.1596,0.1609,0.1584,0.1594,19747624.79
1644436800,0.1594,0.1608,0.1586,0.1595,13535683.92
1644451200,0.1595,0.1609,0.1564,0.1577,14019875.71
1644465600,0.1577,0.1582,0.1562,0.1573,6983222.91
1644480000,0.1573,0.1606,0.1571,0.1595,6607706.59
1644494400,0.1595,0.1599,0.1502,0.156,27048426.36
1644508800,0.156,0.1581,0.1536,0.1537,12121304.4
1644523200,0.1537,0.1544,0.1511,0.1516,7505010.94
1644537600,0.1516,0.1524,0.1489,0.1523,13452207.14
1644552000,0.1523,0.1528,0.1508,0.1526,4430127.5
1644566400,0.1526,0.1534,0.1509,0.1525,3710789.28
1644580800,0.1525,0.1544,0.152,0.1527,5821301.05
1644595200,0.1527,0.1532,0.1459,0.1474,14394316.2
1644609600,0.1474,0.1478,0.1424,0.1448,17130353.09
1644624000,0.1448,0.1464,0.1436,0.1451,6629221.19
1644638400,0.1451,0.1458,0.1407,0.1433,7561062.109999999
1644652800,0.1433,0.1441,0.141,0.1432,5658013.5600000005
1644667200,0.1432,0.1437,0.1411,0.1434,5614226.12
1644681600,0.1434,0.1476,0.1426,0.1446,6091110.94
1644696000,0.1446,0.1454,0.1418,0.1445,6236782.909999999
1644710400,0.1445,0.1456,0.1437,0.1444,2896765.01
1644724800,0.1444,0.1459,0.1439,0.1457,4336309.77
1644739200,0.1457,0.156,0.145,0.1513,24318893.89
1644753600,0.1513,0.1579,0.1506,0.1538,32005463.51
1644768000,0.1538,0.1566,0.1507,0.1528,31480306.04
1644782400,0.1528,0.1559,0.1474,0.1482,33374324.54
1644796800,0.1482,0.1507,0.1436,0.1451,27406888.28
1644811200,0.1451,0.1469,0.1439,0.1459,8845671.67
1644825600,0.1459,0.1464,0.1429,0.1444,5697241.45
1644840000,0.1444,0.1476,0.1435,0.1461,10667266.91
1644854400,0.1461,0.1473,0.1431,0.1445,8566562.379999999
1644868800,0.1445,0.1467,0.1439,0.1458,4287013.73
1644883200,0.1458,0.1495,0.1448,0.1486,9259085.01
1644897600,0.1486,0.1496,0.1473,0.1493,3881346.77
1644912000,0.1493,0.1514,0.1491,0.1502,8343933.76
1644926400,0.1502,0.1507,0.1488,0.1494,6237095.79
1644940800,0.1494,0.1516,0.1489,0.1494,7742349.97
1644955200,0.1494,0.1525,0.1493,0.1518,5250818.96
1644969600,0.1518,0.1518,0.1497,0.1502,5140572.43
1644984000,0.1502,0.1505,0.1479,0.1503,4324435.87
1644998400,0.1503,0.1509,0.1484,0.1495,4045230.5
1645012800,0.1495,0.1497,0.1463,0.1472,6895144.0600000005
1645027200,0.1472,0.1502,0.1465,0.1501,6313549.95
1645041600,0.1501,0.1504,0.1485,0.1488,4251239.06
1645056000,0.1488,0.1501,0.1479,0.1479,2834489.59
1645070400,0.1479,0.15,0.1465,0.1492,5061801.9
1645084800,0.1492,0.1496,0.1463,0.1474,4247333.02
1645099200,0.1474,0.148,0.1432,0.1443,12079771.52
1645113600,0.1443,0.145,0.1392,0.141,16284423.25
1645128000,0.141,0.141,0.137,0.1385,10662034.46
1645142400,0.1385,0.1415,0.1378,0.141,5650468.09
1645156800,0.141,0.1423,0.1404,0.1415,2602841.93
1645171200,0.1415,0.1423,0.1395,0.1399,3525074.31
1645185600,0.1399,0.1417,0.1369,0.138,10403784.94
1645200000,0.138,0.1395,0.1361,0.1395,7966061.76
1645214400,0.1395,0.1397,0.1375,0.1386,4365254.33
1645228800,0.1386,0.143,0.1385,0.1413,10091511.44
1645243200,0.1413,0.1465,0.1411,0.1438,9353691.89
1645257600,0.1438,0.1441,0.1394,0.141,6495729.74
1645272000,0.141,0.1426,0.1398,0.1415,6652627.07
1645286400,0.1415,0.143,0.1402,0.1404,6470637.970000001
1645300800,0.1404,0.1413,0.1396,0.141,3761061.45
1645315200,0.141,0.1412,0.1377,0.1388,8185446.61
1645329600,0.1388,0.1391,0.1352,0.137,8544584.32
1645344000,0.137,0.1375,0.1355,0.1372,5092099.21
1645358400,0.1372,0.1382,0.1355,0.1372,4633681.06
1645372800,0.1372,0.1378,0.1367,0.1375,3503130.9
1645387200,0.1375,0.1385,0.136,0.1368,4867379.19
1645401600,0.1368,0.1401,0.136,0.1391,5385563.67
1645416000,0.1391,0.141,0.139,0.1408,4215363.86
1645430400,0.1408,0.1419,0.134,0.1351,9013253.19
1645444800,0.1351,0.139,0.1339,0.1377,10172336.9
1645459200,0.1377,0.1385,0.1341,0.1356,8658409.129999999
1645473600,0.1356,0.1359,0.1272,0.1282,24406675.720000003
1645488000,0.1282,0.1301,0.124,0.1257,13119096.85
1645502400,0.1257,0.1277,0.1247,0.127,7517824.05
1645516800,0.127,0.1304,0.1269,0.1294,4666492.04
1645531200,0.1294,0.1314,0.1283,0.13,9644084.12
1645545600,0.13,0.1309,0.1283,0.1306,5845833.62
1645560000,0.1306,0.1319,0.1297,0.1314,4574739.16
1645574400,0.1314,0.132,0.13,0.1306,6048917.859999999
1645588800,0.1306,0.1327,0.1303,0.1325,2821521.17
1645603200,0.1325,0.1351,0.1322,0.1341,4739928.18
1645617600,0.1341,0.1356,0.1322,0.1324,5985426.33
1645632000,0.1324,0.134,0.1294,0.1297,8440630.92
1645646400,0.1297,0.1298,0.1272,0.1274,6499849.19
1645660800,0.1274,0.1277,0.1136,0.1157,21990771.54
1645675200,0.1157,0.1175,0.1069,0.113,34207667.370000005
1645689600,0.113,0.115,0.1094,0.1119,13604651.75
1645704000,0.1119,0.1191,0.1103,0.1179,22708774.4
1645718400,0.1179,0.1233,0.1166,0.1233,22314136.97
1645732800,0.1233,0.1256,0.1205,0.1241,15753360.08
1645747200,0.1241,0.1249,0.1218,0.1237,8806084.32
1645761600,0.1237,0.1239,0.1212,0.1227,4112277.41
1645776000,0.1227,0.1241,0.1206,0.1239,5140084.32
1645790400,0.1239,0.1278,0.1235,0.1263,10669421.42
1645804800,0.1263,0.1274,0.1229,0.1243,12434205.59
1645819200,0.1243,0.1284,0.1237,0.1278,7389990.99
1645833600,0.1278,0.1305,0.1271,0.1289,10669103.49
1645848000,0.1289,0.1297,0.1264,0.1276,3363933.27
1645862400,0.1276,0.1285,0.1257,0.1267,5126770.140000001
1645876800,0.1267,0.1282,0.1259,0.1272,3643973.93
1645891200,0.1272,0.1279,0.1259,0.1272,3526766.87
1645905600,0.1272,0.1292,0.1264,0.1277,9840399.65
1645920000,0.1277,0.1284,0.1238,0.1249,7346963.79
1645934400,0.1249,0.1261,0.1241,0.1256,3024629.45
1645948800,0.1256,0.1277,0.1248,0.1274,2764205.54
1645963200,0.1274,0.1285,0.1241,0.1274,7068887.79
1645977600,0.1274,0.1277,0.1214,0.1217,10170463.26
1645992000,0.1217,0.1244,0.1212,0.1229,8382171.619999999
1646006400,0.1229,0.1243,0.1214,0.1232,4343236.58
1646020800,0.1232,0.1245,0.1216,0.1241,3001586.1100000003
1646035200,0.1241,0.125,0.1233,0.1241,3285127.0300000003
1646049600,0.1241,0.1297,0.1229,0.1291,14760133.65
1646064000,0.1291,0.1296,0.1268,0.1284,13289332.96
1646078400,0.1284,0.1349,0.1279,0.1334,12829726.2
1646092800,0.1334,0.1345,0.1313,0.1326,8377489.96
1646107200,0.1326,0.1332,0.1312,0.1326,4345015.47
1646121600,0.1326,0.1334,0.1299,0.1319,6283406.68
1646136000,0.1319,0.1389,0.1319,0.1338,23973038.96
1646150400,0.1338,0.1344,0.1318,0.1331,6315631.38
1646164800,0.1331,0.1345,0.1323,0.134,6927727.4
1646179200,0.134,0.1355,0.1321,0.1349,5579716.77
1646193600,0.1349,0.1353,0.1326,0.1336,4047216.26
1646208000,0.1336,0.137,0.1328,0.1348,6521171.98
1646222400,0.1348,0.1356,0.1307,0.1331,11428221.72
1646236800,0.1331,0.134,0.1317,0.1324,4156164.82
1646251200,0.1324,0.1343,0.1321,0.1332,3086593.49
1646265600,0.1332,0.1338,0.1312,0.132,3756173.36
1646280000,0.132,0.1327,0.1307,0.1319,3497205.2300000004
1646294400,0.1319,0.1327,0.1313,0.1321,2123592.35
1646308800,0.1321,0.1339,0.1286,0.1289,6957851.59
1646323200,0.1289,0.1298,0.1274,0.129,6817763.81
1646337600,0.129,0.1302,0.1279,0.1297,3172998.15
1646352000,0.1297,0.1302,0.1249,0.1261,9027030.69
1646366400,0.1261,0.1278,0.1252,0.1269,8079269.47
1646380800,0.1269,0.1285,0.1254,0.128,3248529.29
1646395200,0.128,0.1285,0.1254,0.1258,7441229.12
1646409600,0.1258,0.1272,0.1232,0.1234,6464989.52
1646424000,0.1234,0.1239,0.1202,0.1225,9538811.66
1646438400,0.1225,0.1231,0.1209,0.1227,4087934.05
1646452800,0.1227,0.1234,0.1218,0.123,2107603.74
1646467200,0.123,0.1241,0.1228,0.1238,1592187.04
1646481600,0.1238,0.1242,0.1226,0.1238,2165672.0
1646496000,0.1238,0.1255,0.1236,0.1251,3647274.68
1646510400,0.1251,0.1254,0.1244,0.125,2737973.74
1646524800,0.125,0.1256,0.1234,0.1238,2338532.56
1646539200,0.1238,0.1249,0.1224,0.1243,3830650.12
1646553600,0.1243,0.1243,0.1215,0.1225,3635805.07
1646568000,0.1225,0.1236,0.1221,0.1231,2170352.52
1646582400,0.1231,0.124,0.1208,0.1212,8580035.59
1646596800,0.1212,0.1226,0.1195,0.1207,5224919.17
1646611200,0.1207,0.1209,0.1182,0.1191,6296999.45
1646625600,0.1191,0.1201,0.1186,0.1191,2153817.74
1646640000,0.1191,0.1204,0.1187,0.1202,2030518.71
1646654400,0.1202,0.1226,0.1201,0.1212,4697775.59
1646668800,0.1212,0.1219,0.115,0.1153,8409598.49
1646683200,0.1153,0.118,0.1136,0.1169,9452870.24
1646697600,0.1169,0.1197,0.1163,0.1189,4722608.58
1646712000,0.1189,0.1195,0.1174,0.1188,3449127.62
1646726400,0.1188,0.12,0.1186,0.1191,2649427.55
1646740800,0.1191,0.1196,0.1159,0.1167,7675643.94
1646755200,0.1167,0.1194,0.1153,0.1175,9098384.65
1646769600,0.1175,0.1178,0.1156,0.1171,4810378.369999999
1646784000,0.1171,0.1217,0.1164,0.1211,6717237.02
1646798400,0.1211,0.1229,0.1205,0.1225,5966604.08
1646812800,0.1225,0.1243,0.1218,0.1231,6107674.83
1646827200,0.1231,0.1235,0.1211,0.1234,8176106.7
1646841600,0.1234,0.1236,0.1207,0.1213,5926971.53
1646856000,0.1213,0.1218,0.1199,0.1214,3376337.17
1646870400,0.1214,0.1218,0.1184,0.1189,5407963.04
1646884800,0.1189,0.1191,0.1155,0.1166,7000004.88
1646899200,0.1166,0.1169,0.1155,0.1167,2363992.0
1646913600,0.1167,0.1182,0.1147,0.117,13216633.079999998
1646928000,0.117,0.1176,0.1155,0.1168,8190305.65
1646942400,0.1168,0.1175,0.1161,0.1168,2101241.55
1646956800,0.1168,0.117,0.1146,0.1159,5245556.27
1646971200,0.1159,0.1173,0.1149,0.117,2988064.38
1646985600,0.117,0.1183,0.1157,0.1177,3311843.77
1647000000,0.1177,0.1185,0.1154,0.116,4420245.8100000005
1647014400,0.116,0.116,0.1147,0.1153,3093925.3
1647028800,0.1153,0.1166,0.1139,0.1154,3965521.0
1647043200,0.1154,0.1173,0.1154,0.1163,2529609.98
1647057600,0.1163,0.1171,0.116,0.1169,1279211.77
1647072000,0.1169,0.117,0.1157,0.1161,1131183.53
1647086400,0.1161,0.1167,0.1154,0.1161,1657531.92
1647100800,0.1161,0.1165,0.1157,0.1158,1753656.61
1647115200,0.1158,0.1161,0.1147,0.1149,3172272.5300000003
1647129600,0.1149,0.116,0.1142,0.1159,2697942.21
1647144000,0.1159,0.1163,0.1154,0.1155,1282660.31
1647158400,0.1155,0.1158,0.1146,0.1149,1714006.31
1647172800,0.1149,0.1153,0.1116,0.1148,10790565.51
1647187200,0.1148,0.1149,0.1136,0.1138,2120025.02
1647201600,0.1138,0.1138,0.1099,0.1116,10040135.16
1647216000,0.1116,0.1121,0.1103,0.1114,4322614.25
1647230400,0.1114,0.121,0.1113,0.1149,30474742.41
1647244800,0.1149,0.1164,0.1144,0.1149,4634525.75
1647259200,0.1149,0.1153,0.1125,0.1133,6685773.51
1647273600,0.1133,0.1135,0.1114,0.1122,8403317.57
1647288000,0.1122,0.1145,0.1118,0.114,4438470.42
1647302400,0.114,0.1143,0.1119,0.1126,5811940.53
1647316800,0.1126,0.1128,0.1103,0.1115,4113289.72
1647331200,0.1115,0.1123,0.1108,0.1116,3329745.77
1647345600,0.1116,0.1128,0.1109,0.112,5235993.0600000005
1647360000,0.112,0.1141,0.1117,0.113,6412552.29
1647374400,0.113,0.1138,0.1123,0.1126,3073504.36
1647388800,0.1126,0.1159,0.1122,0.1127,10943711.74
1647403200,0.1127,0.1137,0.1123,0.1136,2171126.98
1647417600,0.1136,0.1149,0.1136,0.1142,3609768.38
1647432000,0.1142,0.1161,0.1133,0.1147,10831248.92
1647446400,0.1147,0.116,0.1125,0.1157,9272750.07
1647460800,0.1157,0.1171,0.1156,0.1171,5708239.31
1647475200,0.1171,0.1178,0.1162,0.1169,7097035.15
1647489600,0.1169,0.1192,0.1166,0.1171,7772654.399999999
1647504000,0.1171,0.1176,0.116,0.1169,3421341.96
1647518400,0.1169,0.1181,0.1167,0.1171,5289723.94
1647532800,0.1171,0.1174,0.1164,0.1168,3319720.92
1647547200,0.1168,0.1173,0.1161,0.1164,3405365.92
1647561600,0.1164,0.1167,0.1148,0.1152,5494806.2700000005
1647576000,0.1152,0.1163,0.1148,0.1149,2913592.21
1647590400,0.1149,0.1154,0.1143,0.1148,3666272.15
1647604800,0.1148,0.1162,0.1145,0.1162,5033606.24
1647619200,0.1162,0.1194,0.1161,0.1189,7887930.37
1647633600,0.1189,0.1196,0.1182,0.1192,4327143.27
1647648000,0.1192,0.1206,0.1184,0.1189,6754120.2700000005
1647662400,0.1189,0.1196,0.1187,0.1195,2183838.25
1647676800,0.1195,0.1224,0.1194,0.1218,7666752.05
1647691200,0.1218,0.1251,0.1215,0.1243,17058934.83
1647705600,0.1243,0.1245,0.1227,0.1233,9427961.01
1647720000,0.1233,0.1244,0.1218,0.1237,6734686.71
1647734400,0.1237,0.1241,0.1218,0.1224,5590581.04
1647748800,0.1224,0.1231,0.1221,0.1225,2164803.89
1647763200,0.1225,0.1227,0.1202,0.1205,3739847.01
1647777600,0.1205,0.1206,0.1187,0.1189,6946401.74
1647792000,0.1189,0.1198,0.1175,0.1192,5004024.08
1647806400,0.1192,0.1199,0.1186,0.1193,3094518.52
1647820800,0.1193,0.1209,0.1178,0.1195,4920916.84
1647835200,0.1195,0.121,0.1193,0.1206,2736636.93
1647849600,0.1206,0.1217,0.1198,0.1206,2940088.63
1647864000,0.1206,0.1208,0.1181,0.1196,14559059.61
1647878400,0.1196,0.1198,0.1182,0.1195,7211554.17
1647892800,0.1195,0.1199,0.1189,0.1193,2844993.04
1647907200,0.1193,0.1226,0.1187,0.1217,6214794.33
1647921600,0.1217,0.1237,0.1217,0.1227,6930786.47
1647936000,0.1227,0.1245,0.1224,0.1239,7359325.49
1647950400,0.1239,0.1257,0.1229,0.1234,10547110.82
1647964800,0.1234,0.1236,0.1223,0.1224,4257790.51
1647979200,0.1224,0.1236,0.1221,0.1225,3970317.88
1647993600,0.1225,0.1234,0.1211,0.1219,3618197.93
1648008000,0.1219,0.1223,0.1211,0.1219,3045328.81
1648022400,0.1219,0.1226,0.1216,0.1225,1994090.42
1648036800,0.1225,0.1259,0.1218,0.1254,11485516.0
1648051200,0.1254,0.1317,0.1245,0.1272,45736040.05
1648065600,0.1272,0.13,0.1271,0.1299,11496870.15
1648080000,0.1299,0.1383,0.1278,0.1365,50083614.67
1648094400,0.1365,0.137,0.1345,0.1358,12296191.3
1648108800,0.1358,0.1412,0.1354,0.138,32999177.47
1648123200,0.138,0.1387,0.1328,0.1366,23076811.5
1648137600,0.1366,0.1387,0.1345,0.1368,18774005.13
1648152000,0.1368,0.138,0.1358,0.1368,6913768.84
1648166400,0.1368,0.1376,0.1346,0.1356,9874484.76
1648180800,0.1356,0.1373,0.1345,0.1349,6761101.93
1648195200,0.1349,0.1363,0.1325,0.1359,10194674.19
1648209600,0.1359,0.1377,0.1317,0.1323,18588928.86
1648224000,0.1323,0.1328,0.1281,0.1314,19114475.5
1648238400,0.1314,0.1318,0.1303,0.1309,3721955.8
1648252800,0.1309,0.132,0.1291,0.1314,7146043.92
1648267200,0.1314,0.1338,0.131,0.1331,5196110.73
1648281600,0.1331,0.1345,0.1325,0.1329,6316687.84
1648296000,0.1329,0.1336,0.1315,0.1326,8425451.09
1648310400,0.1326,0.137,0.132,0.1353,18472812.0
1648324800,0.1353,0.1366,0.1346,0.1361,5765985.76
1648339200,0.1361,0.1422,0.1355,0.1414,17716893.97
1648353600,0.1414,0.1431,0.1396,0.1401,14738717.93
1648368000,0.1401,0.1428,0.1389,0.1397,19996698.18
1648382400,0.1397,0.14,0.1363,0.1393,11008350.88
1648396800,0.1393,0.1434,0.139,0.1403,21230981.37
1648411200,0.1403,0.1456,0.1386,0.1448,22604510.66
1648425600,0.1448,0.1504,0.143,0.149,43482041.3
1648440000,0.149,0.1507,0.1478,0.1493,11881476.66
1648454400,0.1493,0.1512,0.1484,0.1493,24120467.03
1648468800,0.1493,0.1536,0.1481,0.1495,30744681.39
1648483200,0.1495,0.1523,0.1482,0.1508,16477562.52
1648497600,0.1508,0.1517,0.141,0.1424,34452857.04
1648512000,0.1424,0.1463,0.1423,0.1446,19575158.25
1648526400,0.1446,0.1474,0.1436,0.1454,7162318.3100000005
1648540800,0.1454,0.1478,0.1454,0.1476,6465102.1
1648555200,0.1476,0.1489,0.1432,0.1434,16976648.810000002
1648569600,0.1434,0.1462,0.141,0.1456,15067032.13
1648584000,0.1456,0.1459,0.1422,0.1444,9610121.09
1648598400,0.1444,0.1445,0.1384,0.1424,12301796.18
1648612800,0.1424,0.1448,0.1412,0.1443,6289584.64
1648627200,0.1443,0.1454,0.1426,0.1437,8282059.09
1648641600,0.1437,0.1439,0.1405,0.1425,13931843.6
1648656000,0.1425,0.1447,0.1416,0.1435,12029059.84
1648670400,0.1435,0.1439,0.1422,0.143,6018978.04
1648684800,0.143,0.1459,0.1425,0.1447,8166926.24
1648699200,0.1447,0.1474,0.1442,0.1473,7642125.59
1648713600,0.1473,0.1478,0.1445,0.1454,9383660.94
1648728000,0.1454,0.1463,0.1396,0.1411,21383663.69
1648742400,0.1411,0.1413,0.1375,0.1381,15531646.26
1648756800,0.1381,0.1397,0.1361,0.1381,7682322.49
1648771200,0.1381,0.1395,0.1323,0.1349,23622287.76
1648785600,0.1349,0.1366,0.1342,0.1364,6291950.02
1648800000,0.1364,0.1372,0.1358,0.1365,3651508.04
1648814400,0.1365,0.1406,0.1351,0.1399,10981083.15
1648828800,0.1399,0.1414,0.1387,0.1413,6654627.7
1648843200,0.1413,0.1429,0.1398,0.1413,7418706.19
1648857600,0.1413,0.1441,0.1405,0.1429,8591899.04
1648872000,0.1429,0.144,0.1428,0.1435,5103315.88
1648886400,0.1435,0.1439,0.1429,0.1432,3128588.14
1648900800,0.1432,0.1444,0.1394,0.1403,11491870.85
1648915200,0.1403,0.1416,0.1381,0.1397,9392239.96
1648929600,0.1397,0.1409,0.1382,0.1388,5993250.369999999
1648944000,0.1388,0.1402,0.1363,0.1392,11534656.27
1648958400,0.1392,0.1421,0.139,0.141,5601020.77
1648972800,0.141,0.1414,0.1397,0.1405,3554786.04
1648987200,0.1405,0.1495,0.1403,0.1455,29964027.5
1649001600,0.1455,0.1468,0.144,0.1454,11545656.21
1649016000,0.1454,0.1489,0.1451,0.1465,10041558.04
1649030400,0.1465,0.1468,0.1429,0.1447,12199065.96
1649044800,0.1447,0.1462,0.1438,0.1442,4405481.15
1649059200,0.1442,0.1565,0.1415,0.155,57054684.42
1649073600,0.155,0.1551,0.1431,0.1436,39192881.18
1649088000,0.1436,0.1457,0.1417,0.1446,17390104.65
1649102400,0.1446,0.1507,0.1442,0.1484,14778430.97
1649116800,0.1484,0.1525,0.1473,0.1503,21081440.11
1649131200,0.1503,0.1549,0.1495,0.153,17243519.2
1649145600,0.153,0.1555,0.1497,0.152,16255864.95
1649160000,0.152,0.1642,0.1515,0.1619,102456436.96
1649174400,0.1619,0.1796,0.1604,0.1668,145106647.57
1649188800,0.1668,0.1746,0.1633,0.1724,58701580.2
1649203200,0.1724,0.1743,0.158,0.1602,76553068.22
1649217600,0.1602,0.1664,0.1586,0.1609,24399616.62
1649232000,0.1609,0.1622,0.1513,0.1534,34940247.45
1649246400,0.1534,0.1549,0.1464,0.1498,45744713.370000005
1649260800,0.1498,0.1505,0.1418,0.1467,41699383.59
1649275200,0.1467,0.1475,0.1424,0.1434,26149866.7
1649289600,0.1434,0.1459,0.1401,0.1428,26328691.9
1649304000,0.1428,0.1469,0.1425,0.1458,11634806.07
1649318400,0.1458,0.1483,0.1446,0.1471,15221719.32
1649332800,0.1471,0.1475,0.1408,0.1427,18507185.05
1649347200,0.1427,0.1458,0.1415,0.1444,10418263.76
1649361600,0.1444,0.1468,0.1426,0.146,7423532.41
1649376000,0.146,0.1513,0.1451,0.1501,25033297.76
1649390400,0.1501,0.1534,0.149,0.1514,18738661.56
1649404800,0.1514,0.1522,0.1445,0.1452,14846351.3
1649419200,0.1452,0.1502,0.1431,0.1482,20791897.28
1649433600,0.1482,0.1487,0.1433,0.1456,13977336.15
1649448000,0.1456,0.1463,0.1406,0.1426,11000646.49
1649462400,0.1426,0.1435,0.1406,0.1422,6349404.52
1649476800,0.1422,0.1437,0.1419,0.1436,3507160.1
1649491200,0.1436,0.1438,0.1418,0.1429,3494277.31
1649505600,0.1429,0.1445,0.1423,0.1427,5902537.609999999
1649520000,0.1427,0.1444,0.1426,0.1431,4018793.32
1649534400,0.1431,0.1446,0.1427,0.1442,3515917.38
1649548800,0.1442,0.1519,0.1436,0.1499,32069552.58
1649563200,0.1499,0.1501,0.1472,0.1487,8751774.24
1649577600,0.1487,0.1505,0.1472,0.1496,7595565.39
1649592000,0.1496,0.1576,0.1486,0.1537,42527278.83
1649606400,0.1537,0.1575,0.1525,0.1565,18774522.17
1649620800,0.1565,0.1573,0.1473,0.1482,24525779.28
1649635200,0.1482,0.1514,0.145,0.1463,21171986.62
1649649600,0.1463,0.1477,0.1451,0.146,9337488.41
1649664000,0.146,0.1466,0.1393,0.1406,24290647.51
1649678400,0.1406,0.1425,0.1395,0.1399,17237244.22
1649692800,0.1399,0.1412,0.1372,0.1383,16801297.25
1649707200,0.1383,0.1387,0.133,0.1342,24217210.81
1649721600,0.1342,0.136,0.1332,0.1359,20593806.42
1649736000,0.1359,0.1394,0.1354,0.1391,6878984.21
1649750400,0.1391,0.1426,0.138,0.142,7259839.92
1649764800,0.142,0.1445,0.1376,0.1397,35933831.47
1649779200,0.1397,0.1405,0.1347,0.1351,13495477.37
1649793600,0.1351,0.1384,0.135,0.1381,22597183.340000004
1649808000,0.1381,0.1434,0.1371,0.1405,14757351.180000002
1649822400,0.1405,0.1416,0.1396,0.1406,4265084.89
1649836800,0.1406,0.1412,0.1373,0.1379,5467260.77
1649851200,0.1379,0.141,0.1363,0.1397,11750010.14
1649865600,0.1397,0.1415,0.1391,0.1398,7486350.67
1649880000,0.1398,0.1405,0.1393,0.1399,3167662.47
1649894400,0.1399,0.1424,0.1397,0.1412,6127259.2700000005
1649908800,0.1412,0.1415,0.1387,0.1399,5767278.449999999
1649923200,0.1399,0.1476,0.1366,0.1452,44676606.42
1649937600,0.1452,0.1459,0.1386,0.1391,25347545.91
1649952000,0.1391,0.1451,0.1388,0.1409,20324373.16
1649966400,0.1409,0.1451,0.1397,0.1441,15088798.170000002
1649980800,0.1441,0.1446,0.1418,0.144,9198714.12
1649995200,0.144,0.1473,0.1432,0.1465,13761779.07
1650009600,0.1465,0.1497,0.1451,0.1477,14850155.41
1650024000,0.1477,0.1483,0.1447,0.1468,13014644.88
1650038400,0.1468,0.147,0.1451,0.1454,7142441.2
1650052800,0.1454,0.1464,0.1441,0.146,6486700.29
1650067200,0.146,0.148,0.1457,0.1469,6955077.7
1650081600,0.1469,0.1471,0.1452,0.1453,3053689.46
1650096000,0.1453,0.146,0.1436,0.144,4698539.24
1650110400,0.144,0.1449,0.1414,0.142,8824501.11
1650124800,0.142,0.1427,0.1417,0.1423,3938682.82
1650139200,0.1423,0.1446,0.1421,0.1436,5265519.29
1650153600,0.1436,0.144,0.1423,0.1429,5052272.61
1650168000,0.1429,0.1446,0.1428,0.144,2539963.86
1650182400,0.144,0.1446,0.1435,0.1439,3544034.74
1650196800,0.1439,0.1449,0.1433,0.1442,3391495.34
1650211200,0.1442,0.1443,0.1406,0.142,7503057.35
1650225600,0.142,0.1449,0.1384,0.1393,12209528.55
1650240000,0.1393,0.1405,0.1389,0.14,4466707.58
1650254400,0.14,0.1401,0.1333,0.1348,18298665.46
1650268800,0.1348,0.1362,0.1339,0.1352,5374110.91
1650283200,0.1352,0.1372,0.1352,0.1359,6587571.89
1650297600,0.1359,0.1397,0.1343,0.1383,11628077.21
1650312000,0.1383,0.1405,0.1383,0.1402,6377519.43
1650326400,0.1402,0.1415,0.1392,0.1397,5209072.08
1650340800,0.1397,0.1404,0.1391,0.1393,3290029.0
1650355200,0.1393,0.1409,0.1393,0.1399,3109769.79
1650369600,0.1399,0.1446,0.1397,0.143,12938134.5
1650384000,0.143,0.1444,0.1414,0.1424,7982968.49
1650398400,0.1424,0.1429,0.1413,0.1427,4248137.93
1650412800,0.1427,0.1443,0.1408,0.1431,8057069.52
1650427200,0.1431,0.1467,0.1428,0.1447,17446838.29
1650441600,0.1447,0.1463,0.1444,0.1458,5928388.42
1650456000,0.1458,0.1461,0.1406,0.1414,10020647.96
1650470400,0.1414,0.1425,0.1391,0.1407,11692830.64
1650484800,0.1407,0.1424,0.1401,0.1407,7668804.71
1650499200,0.1407,0.142,0.1405,0.1409,5541220.49
1650513600,0.1409,0.1412,0.1388,0.1406,4889468.12
1650528000,0.1406,0.1419,0.1394,0.141,3920639.09
1650542400,0.141,0.143,0.1403,0.1407,7443496.75
1650556800,0.1407,0.1408,0.1375,0.1378,7818006.93
1650571200,0.1378,0.138,0.1343,0.1364,8543654.85
1650585600,0.1364,0.1372,0.1358,0.1366,4622959.03
1650600000,0.1366,0.1382,0.1364,0.1377,3403162.08
1650614400,0.1377,0.1378,0.1355,0.1371,2305841.02
1650628800,0.1371,0.1374,0.1347,0.1352,5443442.85
1650643200,0.1352,0.1367,0.1349,0.1358,3279510.92
1650657600,0.1358,0.137,0.1353,0.1363,2657049.16
1650672000,0.1363,0.1367,0.1346,0.1348,2513352.8
1650686400,0.1348,0.135,0.1333,0.1348,4642290.97
1650700800,0.1348,0.1357,0.1346,0.1353,1657509.69
1650715200,0.1353,0.1356,0.1346,0.1355,2723196.27
1650729600,0.1355,0.136,0.1349,0.1356,2373633.34
1650744000,0.1356,0.1358,0.1332,0.1339,3686179.78
1650758400,0.1339,0.1347,0.1335,0.1342,2659551.19
1650772800,0.1342,0.1347,0.134,0.1344,1797080.08
1650787200,0.1344,0.1345,0.1326,0.1328,2703483.65
1650801600,0.1328,0.1337,0.1314,0.1331,6641587.29
1650816000,0.1331,0.1333,0.131,0.1324,6956016.63
1650830400,0.1324,0.1327,0.1317,0.1319,2923997.66
1650844800,0.1319,0.132,0.125,0.1288,14887840.35
1650859200,0.1288,0.1289,0.1226,0.1241,7589919.56
1650873600,0.1241,0.1398,0.1233,0.1395,23733769.58
1650888000,0.1395,0.1418,0.1372,0.139,49495743.87
1650902400,0.139,0.1711,0.1387,0.1622,154317126.35
1650916800,0.1622,0.1672,0.1526,0.1581,101739932.1
1650931200,0.1581,0.1589,0.1493,0.1537,41252770.78
1650945600,0.1537,0.1629,0.1536,0.1611,59179708.54
1650960000,0.1611,0.1665,0.1574,0.1594,37569299.32
1650974400,0.1594,0.1614,0.1457,0.1466,48768408.73
1650988800,0.1466,0.1496,0.1387,0.1406,52096965.760000005
1651003200,0.1406,0.1427,0.1356,0.1377,34867105.32
1651017600,0.1377,0.1413,0.1352,0.1401,21633514.77
1651032000,0.1401,0.1444,0.1395,0.1443,15242976.5
1651046400,0.1443,0.1457,0.1377,0.1397,19532710.99
1651060800,0.1397,0.1436,0.1366,0.14,23207590.130000003
1651075200,0.14,0.1421,0.1381,0.1384,15048012.83
1651089600,0.1384,0.1402,0.1376,0.14,7499376.979999999
1651104000,0.14,0.1433,0.1392,0.1393,14922818.82
1651118400,0.1393,0.1407,0.1385,0.1397,6630235.44
1651132800,0.1397,0.1412,0.1392,0.1402,5444669.1
1651147200,0.1402,0.1406,0.1353,0.1377,15873560.61
1651161600,0.1377,0.1394,0.1369,0.1377,10064418.81
1651176000,0.1377,0.1388,0.1357,0.1376,15518870.83
1651190400,0.1376,0.1424,0.136,0.1416,13304701.43
1651204800,0.1416,0.1449,0.14,0.1408,24294463.61
1651219200,0.1408,0.1409,0.1355,0.1381,14932718.41
1651233600,0.1381,0.1412,0.1372,0.1384,15772541.61
1651248000,0.1384,0.1389,0.1332,0.1342,25170210.24
1651262400,0.1342,0.136,0.1335,0.135,11395787.15
1651276800,0.135,0.1362,0.1346,0.1358,6653677.53
1651291200,0.1358,0.1368,0.1352,0.1355,3592453.8
1651305600,0.1355,0.1357,0.1346,0.1349,3898960.68
1651320000,0.1349,0.1352,0.1312,0.1332,11069021.88
1651334400,0.1332,0.1344,0.1309,0.1326,8402326.68
1651348800,0.1326,0.1327,0.1243,0.1274,25255068.12
1651363200,0.1274,0.1308,0.1262,0.1302,16035106.66
1651377600,0.1302,0.1365,0.1289,0.1317,16227747.64
1651392000,0.1317,0.1326,0.1304,0.1309,5989239.17
1651406400,0.1309,0.1342,0.1305,0.1337,8568216.95
1651420800,0.1337,0.1346,0.1296,0.1305,11504511.08
1651435200,0.1305,0.1334,0.1295,0.1328,6802774.880000001
1651449600,0.1328,0.134,0.1314,0.1321,5403386.23
1651464000,0.1321,0.1338,0.1317,0.1319,4773174.04
1651478400,0.1319,0.1321,0.1297,0.13,4471755.74
1651492800,0.13,0.132,0.1287,0.1304,9836859.09
1651507200,0.1304,0.1312,0.1276,0.1308,7618890.48
1651521600,0.1308,0.1324,0.1302,0.1307,4358652.279999999
1651536000,0.1307,0.132,0.1303,0.1313,4456901.88
1651550400,0.1313,0.1319,0.1308,0.1312,2858870.08
1651564800,0.1312,0.1316,0.1297,0.1312,3738706.7
1651579200,0.1312,0.1313,0.1292,0.1302,5310593.02
1651593600,0.1302,0.1305,0.1264,0.1275,8187412.25
1651608000,0.1275,0.1299,0.127,0.1294,4448795.75
1651622400,0.1294,0.1307,0.1293,0.1297,3085674.76
1651636800,0.1297,0.1309,0.129,0.1308,4613082.77
1651651200,0.1308,0.1336,0.1305,0.1325,12382582.08
1651665600,0.1325,0.1326,0.1296,0.131,7093445.99
1651680000,0.131,0.1351,0.1298,0.1342,17075011.8
1651694400,0.1342,0.1362,0.1339,0.136,6706403.21
1651708800,0.136,0.1377,0.1352,0.1369,9320756.69
1651723200,0.1369,0.1369,0.1337,0.1346,5393850.5
1651737600,0.1346,0.1358,0.1335,0.1344,4596317.39
1651752000,0.1344,0.1374,0.1262,0.1275,27027764.48
1651766400,0.1275,0.1294,0.1262,0.1292,15789810.16
1651780800,0.1292,0.1301,0.1275,0.1281,6942464.86
1651795200,0.1281,0.1287,0.1269,0.1284,6126135.16
1651809600,0.1284,0.1295,0.1251,0.1273,5837034.25
1651824000,0.1273,0.1286,0.1252,0.1264,7034573.38
1651838400,0.1264,0.1282,0.1233,0.1265,13603313.69
1651852800,0.1265,0.1276,0.1258,0.1267,5039728.61
1651867200,0.1267,0.1298,0.1264,0.1277,7051150.73
1651881600,0.1277,0.1288,0.1262,0.1278,11967950.72
1651896000,0.1278,0.1282,0.1264,0.1276,4572166.13
1651910400,0.1276,0.1286,0.1271,0.128,5101078.51
1651924800,0.128,0.1322,0.1274,0.1318,9193841.34
1651939200,0.1318,0.1318,0.1284,0.1289,6556752.43
1651953600,0.1289,0.1293,0.1246,0.1275,13425597.83
1651968000,0.1275,0.1282,0.1243,0.1263,10162342.81
1651982400,0.1263,0.1268,0.1246,0.1259,3877672.53
1651996800,0.1259,0.1265,0.1247,0.1261,2305669.17
1652011200,0.1261,0.1265,0.1242,0.1252,4661828.07
1652025600,0.1252,0.1262,0.1227,0.1257,9962870.45
1652040000,0.1257,0.1261,0.1237,0.1241,3644190.01
1652054400,0.1241,0.1253,0.121,0.1219,10861559.71
1652068800,0.1219,0.123,0.1204,0.1212,4419997.88
1652083200,0.1212,0.1217,0.1147,0.1175,16698921.71
1652097600,0.1175,0.1191,0.1125,0.1139,19583363.29
1652112000,0.1139,0.1145,0.1052,0.1078,41655714.35
1652126400,0.1078,0.1113,0.1004,0.1017,17981242.58
1652140800,0.1017,0.1091,0.09949,0.1075,31820192.28
1652155200,0.1075,0.1159,0.1071,0.1127,19393594.05
1652169600,0.1127,0.1167,0.112,0.1155,10848566.37
1652184000,0.1155,0.1182,0.1097,0.1123,19766807.64
1652198400,0.1123,0.1141,0.1102,0.1109,13944272.7
1652212800,0.1109,0.1109,0.1051,0.108,17473672.7
1652227200,0.108,0.1108,0.1059,0.109,14215237.63
1652241600,0.109,0.1099,0.1013,0.1035,14953630.75
1652256000,0.1035,0.1088,0.1004,0.101,17943538.91
1652270400,0.101,0.1036,0.07482,0.08925,69331808.95
1652284800,0.08925,0.09093,0.08226,0.08362,26210894.74
1652299200,0.08362,0.08612,0.07794,0.08476,27299055.13
1652313600,0.08476,0.08954,0.07854,0.07857,20533943.24
1652328000,0.07857,0.07909,0.06542,0.07644,35378179.36
1652342400,0.07644,0.07983,0.07307,0.07699,17843397.56
1652356800,0.07699,0.08452,0.07438,0.08143,30447441.25
1652371200,0.08143,0.08815,0.08043,0.08207,26612298.44
1652385600,0.08207,0.08767,0.0786,0.08239,16766768.22
1652400000,0.08239,0.09474,0.08183,0.09318,23917874.23
1652414400,0.09318,0.09506,0.09005,0.09024,15632960.49
1652428800,0.09024,0.09594,0.08676,0.09295,20281077.96
1652443200,0.09295,0.0942,0.08885,0.08971,22384609.59
1652457600,0.08971,0.09107,0.08749,0.08983,10276087.68
1652472000,0.08983,0.09168,0.08719,0.08798,7657205.59
1652486400,0.08798,0.09182,0.08794,0.08977,6957619.31
1652500800,0.08977,0.09141,0.08811,0.08948,6283244.05
1652515200,0.08948,0.09027,0.08556,0.08704,8292191.05
1652529600,0.08704,0.08752,0.08344,0.08481,7994776.17
1652544000,0.08481,0.08849,0.08371,0.08697,7428887.23
1652558400,0.08697,0.08991,0.08669,0.08931,5325768.140000001
1652572800,0.08931,0.0905,0.08662,0.08724,4875777.05
1652587200,0.08724,0.08987,0.0864,0.088,5535697.1
1652601600,0.088,0.09009,0.08685,0.08973,4492243.95
1652616000,0.08973,0.0906,0.08763,0.08881,5052307.529999999
1652630400,0.08881,0.09096,0.08848,0.0909,4497323.31
1652644800,0.0909,0.0931,0.09022,0.0931,6684250.08
1652659200,0.0931,0.0931,0.08914,0.0901,6767366.22
1652673600,0.0901,0.09064,0.08644,0.08722,7018999.62
1652688000,0.08722,0.08846,0.0859,0.08765,4166904.89
1652702400,0.08765,0.08859,0.08576,0.08704,8027752.47
1652716800,0.08704,0.08797,0.08596,0.08704,4895941.21
1652731200,0.08704,0.08875,0.08692,0.08788,3836701.23
1652745600,0.08788,0.09012,0.08773,0.08975,6108043.99
1652760000,0.08975,0.09047,0.08881,0.08945,3605471.63
1652774400,0.08945,0.0907,0.08913,0.08927,3869749.65
1652788800,0.08927,0.09129,0.08823,0.08889,6111015.44
1652803200,0.08889,0.09025,0.08683,0.08934,11906856.9
1652817600,0.08934,0.09068,0.08913,0.09011,3177991.15
1652832000,0.09011,0.0909,0.08834,0.08863,5552730.609999999
1652846400,0.08863,0.08939,0.08811,0.0886,5692806.22
1652860800,0.0886,0.08918,0.08802,0.08851,4915545.43
1652875200,0.08851,0.08887,0.08432,0.08491,15656126.97
1652889600,0.08491,0.08589,0.08404,0.0856,6566261.3
1652904000,0.0856,0.08577,0.083,0.08321,5056738.18
1652918400,0.08321,0.0847,0.08131,0.0844,8866194.49
1652932800,0.0844,0.08545,0.08372,0.08447,5432683.12
1652947200,0.08447,0.08524,0.08254,0.08509,5203441.87
1652961600,0.08509,0.08732,0.08445,0.08688,10548859.24
1652976000,0.08688,0.08748,0.08568,0.08585,5595473.48
1652990400,0.08585,0.08722,0.08529,0.08659,3795157.01
1653004800,0.08659,0.0879,0.08592,0.08646,4384138.32
1653019200,0.08646,0.08697,0.08527,0.08606,4091079.62
1653033600,0.08606,0.08733,0.08579,0.08709,3705747.82
1653048000,0.08709,0.08722,0.08295,0.08339,8261051.25
1653062400,0.08339,0.08412,0.08242,0.08403,5490545.35
1653076800,0.08403,0.08457,0.08352,0.08375,3426956.88
1653091200,0.08375,0.08428,0.08228,0.08423,4361372.32
1653105600,0.08423,0.0846,0.08353,0.08425,2375732.08
1653120000,0.08425,0.08447,0.08351,0.08385,1547145.37
1653134400,0.08385,0.08533,0.08347,0.08506,2605196.97
1653148800,0.08506,0.08524,0.08413,0.08447,2510911.91
1653163200,0.08447,0.0847,0.0838,0.08432,1990841.23
1653177600,0.08432,0.08491,0.08419,0.08446,2035779.05
1653192000,0.08446,0.08449,0.08372,0.08443,1797783.24
1653206400,0.08443,0.08656,0.08436,0.0853,3321801.05
1653220800,0.0853,0.08638,0.08478,0.08505,3310188.34
1653235200,0.08505,0.08543,0.08433,0.08484,2199277.3
1653249600,0.08484,0.08635,0.08484,0.0858,2494643.5
1653264000,0.0858,0.08624,0.08514,0.0855,2686494.99
1653278400,0.0855,0.08834,0.08546,0.08779,3776492.42
1653292800,0.08779,0.08795,0.08669,0.0875,2583373.62
1653307200,0.0875,0.08828,0.08568,0.08716,7232035.56
1653321600,0.08716,0.08792,0.08356,0.08371,6384359.3100000005
1653336000,0.08371,0.08489,0.08204,0.08324,6080043.72
1653350400,0.08324,0.08422,0.08289,0.08415,2305210.0
1653364800,0.08415,0.08426,0.08336,0.08409,1728469.43
1653379200,0.08409,0.08409,0.08247,0.08356,3138689.15
1653393600,0.08356,0.0837,0.08007,0.08272,7815456.18
1653408000,0.08272,0.08335,0.08186,0.08282,4153654.9
1653422400,0.08282,0.08373,0.08261,0.08359,2654925.91
1653436800,0.08359,0.08439,0.08256,0.0839,3254153.14
1653451200,0.0839,0.08396,0.08241,0.08282,2740945.9
1653465600,0.08282,0.0834,0.08203,0.08239,2637441.4
1653480000,0.08239,0.08354,0.08212,0.08299,4677434.32
1653494400,0.08299,0.08352,0.08231,0.08278,3340518.35
1653508800,0.08278,0.08373,0.08273,0.08288,2426935.73
1653523200,0.08288,0.08364,0.08253,0.08297,2305979.18
1653537600,0.08297,0.08298,0.08005,0.0806,4696441.5
1653552000,0.0806,0.08065,0.07657,0.0778,7994872.5
1653566400,0.0778,0.07975,0.07512,0.07944,8907364.03
1653580800,0.07944,0.08047,0.07824,0.0783,4189516.12
1653595200,0.0783,0.08173,0.07775,0.07782,5724753.88
1653609600,0.07782,0.07876,0.07647,0.07828,6285830.42
1653624000,0.07828,0.07858,0.07601,0.07749,5018063.359999999
1653638400,0.07749,0.07834,0.07692,0.07769,3386055.37
1653652800,0.07769,0.08975,0.07724,0.08319,32881253.130000003
1653667200,0.08319,0.08443,0.07858,0.08006,23836507.98
1653681600,0.08006,0.08264,0.07978,0.08142,8420895.61
1653696000,0.08142,0.08304,0.0808,0.08205,9104329.45
1653710400,0.08205,0.08322,0.08165,0.08209,5157221.5
1653724800,0.08209,0.08247,0.0808,0.08115,4786090.2
1653739200,0.08115,0.08249,0.08087,0.08186,4850844.81
1653753600,0.08186,0.0826,0.08122,0.08166,4482665.9
1653768000,0.08166,0.08224,0.08114,0.08179,3189689.22
1653782400,0.08179,0.08216,0.07977,0.08061,4810053.24
1653796800,0.08061,0.08128,0.0805,0.08106,2019025.42
1653811200,0.08106,0.08245,0.08092,0.0822,2976379.14
1653825600,0.0822,0.08324,0.08172,0.08191,4658859.51
1653840000,0.08191,0.08234,0.08149,0.08166,2579658.73
1653854400,0.08166,0.08299,0.08159,0.08266,2549624.91
1653868800,0.08266,0.08507,0.08204,0.08446,5945717.99
1653883200,0.08446,0.0864,0.08394,0.08565,7251165.91
1653897600,0.08565,0.08583,0.08464,0.08527,6075961.59
1653912000,0.08527,0.08573,0.08388,0.08495,5896781.53
1653926400,0.08495,0.08555,0.08475,0.08506,4088111.18
1653940800,0.08506,0.08845,0.08487,0.08793,13383598.45
1653955200,0.08793,0.08844,0.08654,0.08757,8245158.0
1653969600,0.08757,0.08777,0.08532,0.08632,6252114.6
1653984000,0.08632,0.08686,0.0855,0.08619,4894272.83
1653998400,0.08619,0.08636,0.08302,0.08555,11112711.45
1654012800,0.08555,0.08703,0.08483,0.08597,17235272.3
1654027200,0.08597,0.08647,0.08557,0.08581,3920722.2
1654041600,0.08581,0.08703,0.08529,0.08551,5490570.49
1654056000,0.08551,0.08605,0.08518,0.08526,4754987.26
1654070400,0.08526,0.08931,0.08522,0.08674,7593335.85
1654084800,0.08674,0.08773,0.08392,0.08394,9759078.41
1654099200,0.08394,0.08408,0.08117,0.08173,11119423.61
1654113600,0.08173,0.08188,0.07881,0.08094,7947919.49
1654128000,0.08094,0.08108,0.07999,0.08057,3901505.77
1654142400,0.08057,0.08156,0.08022,0.08126,3374891.34
1654156800,0.08126,0.08218,0.08078,0.08208,2547541.15
1654171200,0.08208,0.08226,0.08017,0.08182,4944525.79
1654185600,0.08182,0.08263,0.08156,0.08213,3265390.1100000003
1654200000,0.08213,0.08307,0.08203,0.0827,5046945.41
1654214400,0.0827,0.08287,0.08221,0.08271,3355281.44
1654228800,0.08271,0.08272,0.08183,0.08196,3326381.68
1654243200,0.08196,0.08217,0.0798,0.08067,5795349.76
1654257600,0.08067,0.08147,0.07926,0.07994,11199347.28
1654272000,0.07994,0.08066,0.07954,0.08059,3775893.14
1654286400,0.08059,0.08108,0.08001,0.0802,4719171.15
1654300800,0.0802,0.08074,0.07926,0.07979,9168082.35
1654315200,0.07979,0.08226,0.07973,0.08188,7951229.689999999
1654329600,0.08188,0.08245,0.08103,0.08123,4857384.21
1654344000,0.08123,0.08184,0.08053,0.08154,7372953.98
1654358400,0.08154,0.08168,0.08102,0.08138,4003828.72
1654372800,0.08138,0.08216,0.08126,0.08181,4103577.7
1654387200,0.08181,0.08195,0.08068,0.08095,6213669.89
1654401600,0.08095,0.08146,0.08054,0.08113,3952736.83
1654416000,0.08113,0.08192,0.0811,0.08154,3913346.71
1654430400,0.08154,0.08199,0.0812,0.08179,3344081.65
1654444800,0.08179,0.08216,0.08131,0.08178,3913370.34
1654459200,0.08178,0.08204,0.08089,0.08098,4372311.109999999
1654473600,0.08098,0.08356,0.0808,0.08301,9786068.72
1654488000,0.08301,0.08384,0.08235,0.08349,6680891.73
1654502400,0.08349,0.08467,0.08325,0.08355,8398657.969999999
1654516800,0.08355,0.08418,0.08216,0.08304,12056632.73
1654531200,0.08304,0.08304,0.08151,0.08188,8289496.02
1654545600,0.08188,0.08255,0.08132,0.08245,3795929.69
1654560000,0.08245,0.08249,0.07766,0.07928,14116230.79
1654574400,0.07928,0.08008,0.07901,0.07999,5069758.859999999
1654588800,0.07999,0.08024,0.07935,0.07952,4744639.17
1654603200,0.07952,0.08046,0.07918,0.08036,6448637.85
1654617600,0.08036,0.08178,0.0797,0.08137,4814757.15
1654632000,0.08137,0.08199,0.07961,0.08031,6686466.3
1654646400,0.08031,0.08156,0.07888,0.0795,7673406.390000001
1654660800,0.0795,0.08048,0.07934,0.08014,3573647.73
1654675200,0.08014,0.08041,0.07976,0.07994,2312602.66
1654689600,0.07994,0.08079,0.07927,0.08005,4534411.0600000005
1654704000,0.08005,0.08031,0.07872,0.07933,2544712.04
1654718400,0.07933,0.08004,0.07904,0.07923,3326458.57
1654732800,0.07923,0.07988,0.07886,0.07983,3177577.77
1654747200,0.07983,0.08038,0.07976,0.08035,2400955.84
1654761600,0.08035,0.08101,0.07975,0.07982,3103931.54
1654776000,0.07982,0.0801,0.07928,0.07995,4105921.98
1654790400,0.07995,0.08017,0.07893,0.07897,2781278.61
1654804800,0.07897,0.07945,0.07884,0.07931,2174160.15
1654819200,0.07931,0.07966,0.07776,0.07935,3317981.83
1654833600,0.07935,0.07952,0.07893,0.07905,1808372.84
1654848000,0.07905,0.0792,0.07824,0.07884,1626067.09
1654862400,0.07884,0.07915,0.07569,0.07674,7818821.06
1654876800,0.07674,0.07682,0.07418,0.07503,5697251.859999999
1654891200,0.07503,0.07595,0.07472,0.0753,2577153.21
1654905600,0.0753,0.07591,0.07515,0.07572,1907999.22
1654920000,0.07572,0.07641,0.07567,0.07637,1895779.69
1654934400,0.07637,0.07643,0.07204,0.07234,7788843.9
1654948800,0.07234,0.07274,0.06788,0.06912,15963859.77
1654963200,0.06912,0.07121,0.06835,0.07077,6872930.45
1654977600,0.07077,0.07103,0.06918,0.0698,4111453.2
1654992000,0.0698,0.07027,0.06444,0.06603,13285507.32
1655006400,0.06603,0.06663,0.06423,0.066,6957369.06
1655020800,0.066,0.06677,0.06504,0.06592,3033532.89
1655035200,0.06592,0.06849,0.06338,0.06736,9272429.97
1655049600,0.06736,0.06949,0.06611,0.06632,6134259.859999999
1655064000,0.06632,0.06661,0.06342,0.06349,5695435.800000001
1655078400,0.06349,0.06608,0.05888,0.05978,22912818.83
1655092800,0.05978,0.06237,0.05591,0.05692,12799468.61
1655107200,0.05692,0.0573,0.05265,0.05408,16242443.06
1655121600,0.05408,0.05545,0.05226,0.05437,16426905.04
1655136000,0.05437,0.05652,0.05389,0.05569,10206967.88
1655150400,0.05569,0.05738,0.05273,0.05419,9758268.46
1655164800,0.05419,0.05552,0.04974,0.05533,15714584.3
1655179200,0.05533,0.05832,0.05446,0.05761,14194888.28
1655193600,0.05761,0.05762,0.05488,0.05543,6644697.92
1655208000,0.05543,0.05729,0.05449,0.05723,9603947.89
1655222400,0.05723,0.05738,0.05477,0.05554,5406931.37
1655236800,0.05554,0.05569,0.05291,0.05551,7137914.16
1655251200,0.05551,0.05633,0.05346,0.05357,9713372.86
1655265600,0.05357,0.05357,0.05114,0.05149,11136614.34
1655280000,0.05149,0.05368,0.05035,0.05342,10579107.94
1655294400,0.05342,0.05529,0.05297,0.05441,6458944.33
1655308800,0.05441,0.06059,0.05189,0.05852,19150871.75
1655323200,0.05852,0.06386,0.05776,0.06269,16672991.079999998
1655337600,0.06269,0.06281,0.05982,0.06015,7815387.06
1655352000,0.06015,0.06079,0.05757,0.05797,4955263.59
1655366400,0.05797,0.05845,0.0552,0.05588,6945311.88
1655380800,0.05588,0.05751,0.05502,0.05698,13150369.09
1655395200,0.05698,0.05923,0.05534,0.05578,16094833.36
1655409600,0.05578,0.05682,0.05415,0.05514,7877554.3
1655424000,0.05514,0.05687,0.05455,0.05578,6648208.5
1655438400,0.05578,0.05763,0.05565,0.05723,4381018.28
1655452800,0.05723,0.05804,0.05665,0.05737,5360223.62
1655467200,0.05737,0.05757,0.05581,0.05656,7734070.02
1655481600,0.05656,0.05688,0.05601,0.05634,8511730.8
1655496000,0.05634,0.05754,0.05624,0.05679,5154335.24
1655510400,0.05679,0.05779,0.05593,0.05637,5246461.65
1655524800,0.05637,0.05693,0.05211,0.05272,10543997.94
1655539200,0.05272,0.05503,0.05161,0.05412,13468908.62
1655553600,0.05412,0.05498,0.05257,0.05267,9036052.52
1655568000,0.05267,0.05331,0.05019,0.05022,10707236.19
1655582400,0.05022,0.05408,0.04909,0.05282,15192564.3
1655596800,0.05282,0.05364,0.05109,0.05189,8655810.82
1655611200,0.05189,0.05849,0.05111,0.0559,28041970.95
1655625600,0.0559,0.05939,0.05499,0.0574,20170647.11
1655640000,0.0574,0.05912,0.05643,0.05862,12215563.8
1655654400,0.05862,0.06165,0.05695,0.06037,17968849.92
1655668800,0.06037,0.06285,0.05953,0.06042,15966915.67
1655683200,0.06042,0.06062,0.05738,0.05833,8390034.58
1655697600,0.05833,0.05928,0.05747,0.05805,5499507.25
1655712000,0.05805,0.0614,0.05802,0.06072,10509452.38
1655726400,0.06072,0.06099,0.05906,0.0603,9332378.23
1655740800,0.0603,0.06033,0.0582,0.05902,8351006.49
1655755200,0.05902,0.0605,0.05865,0.05996,6040071.6
1655769600,0.05996,0.06037,0.05895,0.06033,6726298.24
1655784000,0.06033,0.0621,0.05971,0.061,9367425.85
1655798400,0.061,0.06719,0.06083,0.06353,22832546.1
1655812800,0.06353,0.06981,0.06338,0.06743,30436058.38
1655827200,0.06743,0.06832,0.06508,0.06528,19099899.34
1655841600,0.06528,0.06657,0.06444,0.0657,11852331.3
1655856000,0.0657,0.06576,0.06256,0.06273,15225770.33
1655870400,0.06273,0.06447,0.06112,0.06132,12312800.82
1655884800,0.06132,0.06362,0.06101,0.06301,10419336.95
1655899200,0.06301,0.06473,0.06168,0.06253,13421183.2
1655913600,0.06253,0.06306,0.06111,0.06219,9690040.11
1655928000,0.06219,0.06269,0.06109,0.06162,5559415.24
1655942400,0.06162,0.06373,0.06153,0.06274,7882291.67
1655956800,0.06274,0.06468,0.06248,0.06379,6604441.98
1655971200,0.06379,0.06452,0.06341,0.06371,6501505.08
1655985600,0.06371,0.06445,0.06235,0.06267,8100521.6
1656000000,0.06267,0.06384,0.06183,0.06374,6432873.6
1656014400,0.06374,0.06444,0.06333,0.06395,5490223.51
1656028800,0.06395,0.0664,0.0639,0.06524,9910809.11
1656043200,0.06524,0.06567,0.06431,0.06494,5367478.57
1656057600,0.06494,0.06672,0.06474,0.06616,6897969.33
1656072000,0.06616,0.06848,0.06553,0.06585,13875214.39
1656086400,0.06585,0.06719,0.06512,0.06718,5507296.640000001
1656100800,0.06718,0.06821,0.06683,0.06689,5535805.66
1656115200,0.06689,0.06784,0.06621,0.06767,8340639.24
1656129600,0.06767,0.06854,0.06683,0.06829,5931692.51
1656144000,0.06829,0.06931,0.06742,0.06758,5643959.68
1656158400,0.06758,0.06786,0.06508,0.06524,8183807.3
1656172800,0.06524,0.06793,0.06505,0.0674,5132853.3
1656187200,0.0674,0.06889,0.06727,0.06848,6720804.26
1656201600,0.06848,0.06879,0.06715,0.06789,5119183.95
1656216000,0.06789,0.07135,0.0676,0.07051,9129004.07
1656230400,0.07051,0.07342,0.06967,0.07323,18030918.0
1656244800,0.07323,0.07483,0.07154,0.07432,26871100.16
1656259200,0.07432,0.07535,0.07227,0.07285,15257899.97
1656273600,0.07285,0.07764,0.07276,0.07295,21225924.45
1656288000,0.07295,0.07654,0.0729,0.075,21497295.8
1656302400,0.075,0.07793,0.07451,0.07686,17498577.47
1656316800,0.07686,0.07869,0.07619,0.07644,16081750.57
1656331200,0.07644,0.07655,0.07154,0.07166,21674546.73
1656345600,0.07166,0.07291,0.0705,0.07194,15364649.169999998
1656360000,0.07194,0.07307,0.0717,0.07204,5452259.65
1656374400,0.07204,0.07284,0.06872,0.07018,10832104.44
1656388800,0.07018,0.07219,0.06973,0.07158,6466006.34
1656403200,0.07158,0.07325,0.07104,0.07159,7746420.75
1656417600,0.07159,0.0723,0.06828,0.06847,10768771.86
1656432000,0.06847,0.07157,0.0672,0.06757,12237649.23
1656446400,0.06757,0.06773,0.06533,0.06602,7181141.79
1656460800,0.06602,0.06747,0.0655,0.06663,6665624.51
1656475200,0.06663,0.06703,0.06404,0.06567,8777931.14
1656489600,0.06567,0.06681,0.06496,0.06601,5969426.61
1656504000,0.06601,0.06812,0.06532,0.06676,11043636.65
1656518400,0.06676,0.0705,0.06599,0.06994,16054458.72
1656532800,0.06994,0.07148,0.06893,0.06941,11270567.6
1656547200,0.06941,0.06961,0.06725,0.06853,9765640.53
1656561600,0.06853,0.06883,0.06461,0.0651,11781618.57
1656576000,0.0651,0.0651,0.06239,0.06302,8410366.26
1656590400,0.06302,0.06593,0.06225,0.06502,13160186.2
1656604800,0.06502,0.06602,0.06343,0.06414,8624104.85
1656619200,0.06414,0.06663,0.06268,0.06635,12584764.18
1656633600,0.06635,0.06843,0.06552,0.06599,12040894.13
1656648000,0.06599,0.06645,0.06409,0.06615,10764304.05
1656662400,0.06615,0.06675,0.06381,0.06473,7157575.43
1656676800,0.06473,0.06624,0.06429,0.06511,7459575.21
1656691200,0.06511,0.06684,0.06499,0.06631,6074603.81
1656705600,0.06631,0.06755,0.06571,0.06634,6146236.3
1656720000,0.06634,0.06773,0.06545,0.06646,10957440.44
1656734400,0.06646,0.06713,0.06605,0.06645,4064652.04
1656748800,0.06645,0.06748,0.06608,0.06709,4296660.21
1656763200,0.06709,0.06789,0.06629,0.06678,4160829.44
1656777600,0.06678,0.06718,0.06627,0.06668,3342570.01
1656792000,0.06668,0.0673,0.06634,0.06657,2361078.57
1656806400,0.06657,0.06676,0.06538,0.06622,3046141.29
1656820800,0.06622,0.06718,0.06498,0.06592,5332216.96
1656835200,0.06592,0.066,0.06496,0.06549,2692765.43
1656849600,0.06549,0.06564,0.06476,0.06529,3024428.75
1656864000,0.06529,0.06695,0.06526,0.06686,2464356.02
1656878400,0.06686,0.06743,0.06663,0.06712,5376978.24
1656892800,0.06712,0.06901,0.06612,0.0665,8881654.46
1656907200,0.0665,0.06658,0.0656,0.06604,2213645.17
1656921600,0.06604,0.06804,0.06593,0.06797,4032901.6
1656936000,0.06797,0.06904,0.06719,0.06814,7326708.21
1656950400,0.06814,0.06867,0.0677,0.06793,3258827.45
1656964800,0.06793,0.06968,0.06773,0.0693,5611417.24
1656979200,0.0693,0.06993,0.06851,0.06942,5540377.72
1656993600,0.06942,0.06986,0.0684,0.06877,3539601.6
1657008000,0.06877,0.06877,0.06608,0.06627,5061680.12
1657022400,0.06627,0.06645,0.06543,0.06632,5494965.73
1657036800,0.06632,0.06851,0.06615,0.06804,4632537.18
1657051200,0.06804,0.06903,0.06685,0.06713,5702094.55
1657065600,0.06713,0.06776,0.06611,0.06699,5783869.46
1657080000,0.06699,0.06797,0.06688,0.06746,5105251.82
1657094400,0.06746,0.06795,0.06707,0.0674,2683508.48
1657108800,0.0674,0.06786,0.06663,0.06682,4014018.4
1657123200,0.06682,0.06898,0.06676,0.06804,11791273.6
1657137600,0.06804,0.0692,0.06789,0.06838,4177818.84
1657152000,0.06838,0.0694,0.06815,0.06864,4422890.68
1657166400,0.06864,0.06869,0.06783,0.06826,2692239.33
1657180800,0.06826,0.06965,0.06821,0.06931,4491458.38
1657195200,0.06931,0.07079,0.06881,0.07,7948152.27
1657209600,0.07,0.07117,0.06979,0.07114,8877754.98
1657224000,0.07114,0.07117,0.07007,0.07056,4207065.85
1657238400,0.07056,0.07338,0.07013,0.07208,8890377.209999999
1657252800,0.07208,0.07236,0.07006,0.07043,5723258.02
1657267200,0.07043,0.07072,0.06876,0.06919,4909547.27
1657281600,0.06919,0.0703,0.06821,0.07013,10269762.73
1657296000,0.07013,0.07043,0.06935,0.07006,3413992.54
1657310400,0.07006,0.07057,0.06862,0.06907,4938464.84
1657324800,0.06907,0.06978,0.06881,0.0693,4001681.83
1657339200,0.0693,0.0699,0.06901,0.06987,1872070.75
1657353600,0.06987,0.07009,0.06897,0.06904,1913125.28
1657368000,0.06904,0.06964,0.06887,0.06948,2797511.27
1657382400,0.06948,0.07011,0.06921,0.06973,3032739.63
1657396800,0.06973,0.06991,0.06925,0.06945,1700242.06
1657411200,0.06945,0.06947,0.06783,0.06806,5105141.77
1657425600,0.06806,0.06858,0.06757,0.06827,2231816.02
1657440000,0.06827,0.06834,0.06759,0.06801,1570553.67
1657454400,0.06801,0.06818,0.06627,0.06675,5900227.89
1657468800,0.06675,0.0672,0.06625,0.0672,5616603.41
1657483200,0.0672,0.06768,0.06687,0.06721,3622885.88
1657497600,0.06721,0.06724,0.06563,0.06601,4958058.0
1657512000,0.06601,0.06607,0.06466,0.06511,5776879.850000001
1657526400,0.06511,0.06533,0.06434,0.06439,3961117.6
1657540800,0.06439,0.06505,0.0631,0.06387,8914062.18
1657555200,0.06387,0.06451,0.06359,0.0639,2763694.35
1657569600,0.0639,0.06397,0.06114,0.06169,6320585.74
1657584000,0.06169,0.06244,0.06132,0.06204,4197552.46
1657598400,0.06204,0.06302,0.06125,0.06174,4021421.47
1657612800,0.06174,0.06188,0.06032,0.06125,3223463.13
1657627200,0.06125,0.0621,0.06108,0.06159,4078185.35
1657641600,0.06159,0.06201,0.06,0.06015,5110082.12
1657656000,0.06015,0.06084,0.05967,0.05975,3503667.0
1657670400,0.05975,0.06073,0.05907,0.06034,5208715.37
1657684800,0.06034,0.06148,0.06028,0.06141,3670941.65
1657699200,0.06141,0.06176,0.06121,0.06158,2639422.93
1657713600,0.06158,0.06227,0.0576,0.05925,18883177.69
1657728000,0.05925,0.0607,0.0588,0.06006,6168817.569999999
1657742400,0.06006,0.06209,0.06001,0.06191,4865446.17
1657756800,0.06191,0.06214,0.06109,0.06141,4353860.98
1657771200,0.06141,0.06158,0.06028,0.0605,3152468.23
1657785600,0.0605,0.06061,0.05945,0.05982,3566471.79
1657800000,0.05982,0.06143,0.05957,0.06103,7146885.6
1657814400,0.06103,0.06268,0.06074,0.06182,8368403.439999999
1657828800,0.06182,0.06276,0.06171,0.06242,3479394.56
1657843200,0.06242,0.06326,0.06158,0.06248,5562202.27
1657857600,0.06248,0.06347,0.06191,0.06318,3914946.31
1657872000,0.06318,0.06438,0.06302,0.06316,5971401.9
1657886400,0.06316,0.0639,0.0629,0.06307,5991723.64
1657900800,0.06307,0.0638,0.06226,0.0638,4083885.28
1657915200,0.0638,0.06414,0.06274,0.06293,3855468.0
1657929600,0.06293,0.06307,0.06226,0.06255,2752363.67
1657944000,0.06255,0.0626,0.06173,0.06184,2795948.7800000003
1657958400,0.06184,0.06234,0.06179,0.0621,2583983.51
1657972800,0.0621,0.06331,0.06197,0.06328,3558532.6100000003
1657987200,0.06328,0.06481,0.0632,0.06393,12191860.64
1658001600,0.06393,0.06455,0.06355,0.06438,3987102.11
1658016000,0.06438,0.06486,0.06363,0.06435,4886838.29
1658030400,0.06435,0.0655,0.06411,0.06463,5839762.409999999
1658044800,0.06463,0.06493,0.06396,0.06419,2909886.13
1658059200,0.06419,0.06438,0.06321,0.0638,4612858.54
1658073600,0.0638,0.06483,0.06337,0.06392,5483567.73
1658088000,0.06392,0.06448,0.06289,0.063,2665509.5300000003
1658102400,0.063,0.06496,0.06298,0.06475,4684989.26
1658116800,0.06475,0.06656,0.06467,0.06612,9449449.69
1658131200,0.06612,0.06746,0.06592,0.06646,7809255.3
1658145600,0.06646,0.06854,0.06572,0.06797,12352965.27
1658160000,0.06797,0.06891,0.06521,0.06562,12385254.92
1658174400,0.06562,0.06797,0.06552,0.06754,5268829.45
1658188800,0.06754,0.06863,0.06605,0.06617,10532382.78
1658203200,0.06617,0.0669,0.0654,0.06599,4432835.29
1658217600,0.06599,0.06727,0.06571,0.06679,3279017.29
1658232000,0.06679,0.06887,0.06679,0.06832,10727153.64
1658246400,0.06832,0.07026,0.06823,0.06922,11603781.47
1658260800,0.06922,0.07004,0.06831,0.06906,5944760.02
1658275200,0.06906,0.07006,0.06772,0.06964,6679092.91
1658289600,0.06964,0.07658,0.06962,0.07553,24708567.02
1658304000,0.07553,0.0769,0.0727,0.07342,19941293.32
1658318400,0.07342,0.07461,0.07241,0.07383,12169568.91
1658332800,0.07383,0.07392,0.07005,0.07115,11573752.35
1658347200,0.07115,0.07381,0.06774,0.07015,21057145.82
1658361600,0.07015,0.07091,0.06698,0.06825,10353346.24
1658376000,0.06825,0.0692,0.06744,0.06876,5627115.44
1658390400,0.06876,0.0693,0.06779,0.06839,3926353.07
1658404800,0.06839,0.06936,0.06717,0.06847,6636993.25
1658419200,0.06847,0.0699,0.06841,0.06987,5461345.02
1658433600,0.06987,0.07023,0.06917,0.07,4501946.21
1658448000,0.07,0.07092,0.0692,0.06953,4579066.18
1658462400,0.06953,0.07053,0.06893,0.06993,3334545.27
1658476800,0.06993,0.07142,0.06985,0.07108,4306655.34
1658491200,0.07108,0.07139,0.0683,0.06856,8731869.19
1658505600,0.06856,0.06888,0.06675,0.06704,6850190.67
1658520000,0.06704,0.0679,0.06681,0.06746,3966253.05
1658534400,0.06746,0.06857,0.06689,0.06816,2985833.35
1658548800,0.06816,0.06949,0.06815,0.06882,3148458.76
1658563200,0.06882,0.0692,0.06634,0.06642,5497754.23
1658577600,0.06642,0.06761,0.06618,0.0675,3976839.17
1658592000,0.0675,0.06763,0.06597,0.06691,3971205.82
1658606400,0.06691,0.06823,0.06684,0.06805,2880205.6
1658620800,0.06805,0.06857,0.06763,0.06775,4537650.28
1658635200,0.06775,0.06893,0.06766,0.06859,3037243.88
1658649600,0.06859,0.06888,0.0678,0.06849,3158582.88
1658664000,0.06849,0.06874,0.06771,0.0687,2801509.8
1658678400,0.0687,0.06871,0.06777,0.06798,2345566.83
1658692800,0.06798,0.06891,0.06726,0.06756,4016659.69
1658707200,0.06756,0.06801,0.06414,0.06462,11870766.54
1658721600,0.06462,0.06528,0.06418,0.06519,3123399.73
1658736000,0.06519,0.06562,0.0649,0.06519,2129113.72
1658750400,0.06519,0.06526,0.06422,0.06491,3384801.02
1658764800,0.06491,0.06516,0.06325,0.0639,3655985.16
1658779200,0.0639,0.06524,0.06179,0.06188,6818625.1
1658793600,0.06188,0.06224,0.06119,0.0617,6410835.59
1658808000,0.0617,0.06209,0.06121,0.06132,2731400.77
1658822400,0.06132,0.06193,0.06114,0.06164,2232510.41
1658836800,0.06164,0.062,0.06013,0.06026,5021160.64
1658851200,0.06026,0.06119,0.06018,0.06091,2795216.12
1658865600,0.06091,0.06267,0.06062,0.06251,3585373.8200000003
1658880000,0.06251,0.06273,0.06181,0.06183,2729364.23
1658894400,0.06183,0.06324,0.0618,0.06275,3235326.4000000004
1658908800,0.06275,0.06304,0.06201,0.06214,2759371.51
1658923200,0.06214,0.06323,0.06199,0.06294,4002370.6
1658937600,0.06294,0.06588,0.06244,0.06552,12834765.74
1658952000,0.06552,0.06723,0.06526,0.06723,7627719.75
1658966400,0.06723,0.06741,0.06586,0.06669,5265499.41
1658980800,0.06669,0.06728,0.06634,0.06652,3031623.3
1658995200,0.06652,0.067,0.06565,0.06693,4898928.08
1659009600,0.06693,0.06851,0.06525,0.06814,12542103.34
1659024000,0.06814,0.06997,0.06793,0.06996,15959572.95
1659038400,0.06996,0.07087,0.06873,0.06913,10687715.44
1659052800,0.06913,0.07198,0.06834,0.07168,10617186.98
1659067200,0.07168,0.07246,0.06957,0.07007,11482987.12
1659081600,0.07007,0.07156,0.06848,0.06891,7361932.58
1659096000,0.06891,0.07004,0.06706,0.0691,15905587.93
1659110400,0.0691,0.06936,0.06736,0.06897,6832733.640000001
1659124800,0.06897,0.0704,0.06849,0.06878,6187155.55
1659139200,0.06878,0.07011,0.06825,0.06879,8869678.29
1659153600,0.06879,0.06987,0.06793,0.06979,4736792.93
1659168000,0.06979,0.07448,0.06977,0.07161,23280949.84
1659182400,0.07161,0.07289,0.07077,0.0724,12785212.36
1659196800,0.0724,0.07306,0.07035,0.07055,10910623.5
1659211200,0.07055,0.07081,0.06858,0.06965,6360223.71
1659225600,0.06965,0.07065,0.06903,0.07041,5978319.640000001
1659240000,0.07041,0.07158,0.07021,0.07051,4986021.21
1659254400,0.07051,0.07097,0.06926,0.07058,4446845.52
1659268800,0.07058,0.07119,0.06972,0.07065,4951979.6
1659283200,0.07065,0.07222,0.06926,0.07074,8984166.02
1659297600,0.07074,0.07091,0.06785,0.06811,7294440.279999999
1659312000,0.06811,0.07131,0.06795,0.07006,7621656.8
1659326400,0.07006,0.07064,0.0685,0.0695,5120105.0
1659340800,0.0695,0.06955,0.06768,0.06857,4914161.69
1659355200,0.06857,0.06969,0.06761,0.06904,4627793.52
1659369600,0.06904,0.06932,0.06685,0.06767,9738302.73
1659384000,0.06767,0.06884,0.06746,0.06848,3477518.59
1659398400,0.06848,0.0691,0.06571,0.06599,4705175.21
1659412800,0.06599,0.06672,0.06551,0.06658,2447981.93
1659427200,0.06658,0.06692,0.0656,0.06665,2236522.42
1659441600,0.06665,0.06761,0.06588,0.06735,4934789.44
1659456000,0.06735,0.06846,0.06685,0.06706,4933233.71
1659470400,0.06706,0.06757,0.06638,0.06653,2545164.12
1659484800,0.06653,0.06685,0.06514,0.06648,5635260.74
1659499200,0.06648,0.06749,0.06645,0.067,2076700.92
1659513600,0.067,0.06811,0.067,0.06787,2321446.5300000003
1659528000,0.06787,0.06841,0.06747,0.0679,3985710.5
1659542400,0.0679,0.06817,0.06756,0.06783,1985713.62
1659556800,0.06783,0.06791,0.06574,0.06625,2712796.54
1659571200,0.06625,0.06744,0.06613,0.06705,1871289.71
1659585600,0.06705,0.06757,0.06628,0.06675,1335097.27
1659600000,0.06675,0.06694,0.0663,0.06648,1468050.63
1659614400,0.06648,0.06736,0.06607,0.06702,3378774.2
1659628800,0.06702,0.06726,0.06574,0.06626,3406236.76
1659643200,0.06626,0.06761,0.06621,0.06725,2475266.77
1659657600,0.06725,0.0685,0.0672,0.06843,2912564.94
1659672000,0.06843,0.06968,0.06792,0.06905,3921394.76
1659686400,0.06905,0.07017,0.06885,0.07015,4372860.72
1659700800,0.07015,0.07029,0.06818,0.06859,5899920.49
1659715200,0.06859,0.06908,0.06823,0.06903,1999377.94
1659729600,0.06903,0.06997,0.06896,0.06979,3676672.61
1659744000,0.06979,0.0713,0.06906,0.07004,7262534.45
1659758400,0.07004,0.07044,0.06962,0.06985,2584621.6
1659772800,0.06985,0.07018,0.0694,0.06967,1794764.64
1659787200,0.06967,0.07009,0.06963,0.0698,1612535.1
1659801600,0.0698,0.07021,0.06875,0.06939,2949309.28
1659816000,0.06939,0.06947,0.06843,0.06864,2220060.74
1659830400,0.06864,0.06906,0.06742,0.06836,2854525.27
1659844800,0.06836,0.06878,0.06823,0.06863,1199091.96
1659859200,0.06863,0.06897,0.06815,0.06893,1410056.75
1659873600,0.06893,0.06931,0.06882,0.06891,1816841.23
1659888000,0.06891,0.06987,0.06882,0.06938,2263157.53
1659902400,0.06938,0.07002,0.0686,0.06896,3075871.16
1659916800,0.06896,0.07031,0.06886,0.06987,3952716.24
1659931200,0.06987,0.07099,0.06974,0.07058,3189393.31
1659945600,0.07058,0.0715,0.07044,0.07116,4215331.09
1659960000,0.07116,0.07254,0.06988,0.07034,9664417.03
1659974400,0.07034,0.07038,0.06947,0.07007,5109964.49
1659988800,0.07007,0.07083,0.06906,0.07013,3876564.73
1660003200,0.07013,0.07083,0.06966,0.07074,3750772.76
1660017600,0.07074,0.07422,0.07053,0.07321,13111987.21
1660032000,0.07321,0.07331,0.06965,0.06982,11414564.22
1660046400,0.06982,0.07061,0.06782,0.06858,10863851.82
1660060800,0.06858,0.06912,0.06844,0.06849,3367036.05
1660075200,0.06849,0.06961,0.06848,0.06906,3084120.24
1660089600,0.06906,0.06907,0.06674,0.06791,6935580.59
1660104000,0.06791,0.0684,0.06754,0.06817,1956313.62
1660118400,0.06817,0.0688,0.06807,0.06871,2421246.43
1660132800,0.06871,0.07148,0.06838,0.07115,13271567.55
1660147200,0.07115,0.0714,0.06978,0.07013,5203984.72
1660161600,0.07013,0.07148,0.07012,0.07128,3833451.91
1660176000,0.07128,0.07246,0.07105,0.0719,6594736.859999999
1660190400,0.0719,0.07247,0.07097,0.07132,4582809.21
1660204800,0.07132,0.07205,0.071,0.07178,3532439.65
1660219200,0.07178,0.07546,0.07125,0.0715,14041770.84
1660233600,0.0715,0.07202,0.07076,0.07143,3107607.68
1660248000,0.07143,0.07167,0.0705,0.0709,2999412.64
1660262400,0.0709,0.07151,0.06994,0.0714,2754671.74
1660276800,0.0714,0.07146,0.07069,0.07104,1786021.51
1660291200,0.07104,0.07232,0.06973,0.07011,4597037.68
1660305600,0.07011,0.07124,0.07006,0.07093,2906129.13
1660320000,0.07093,0.07198,0.07073,0.07173,3263740.68
1660334400,0.07173,0.07275,0.0715,0.07234,4284333.71
1660348800,0.07234,0.07335,0.07187,0.0731,5986646.37
1660363200,0.0731,0.07536,0.07265,0.07338,9993783.6
1660377600,0.07338,0.07377,0.07243,0.07294,4493000.38
1660392000,0.07294,0.07368,0.07263,0.07334,3522494.0300000003
1660406400,0.07334,0.07464,0.07319,0.07325,4587397.33
1660420800,0.07325,0.07376,0.07262,0.07296,3015937.18
1660435200,0.07296,0.07451,0.07265,0.07409,4792016.62
1660449600,0.07409,0.07831,0.07409,0.07691,22359995.86
1660464000,0.07691,0.08032,0.07649,0.07799,22297129.37
1660478400,0.07799,0.08148,0.07685,0.08105,20622317.1
1660492800,0.08105,0.08462,0.07851,0.0801,34843528.15
1660507200,0.0801,0.08254,0.07941,0.08168,14755261.22
1660521600,0.08168,0.08203,0.07977,0.08043,15793417.02
1660536000,0.08043,0.08047,0.07591,0.07599,16916167.09
1660550400,0.07599,0.07672,0.07496,0.07572,8912362.5
1660564800,0.07572,0.07751,0.07474,0.0774,11961634.8
1660579200,0.0774,0.07854,0.07693,0.07707,11864934.04
1660593600,0.07707,0.07768,0.07537,0.07665,7989390.37
1660608000,0.07665,0.08033,0.07618,0.07934,19095686.04
1660622400,0.07934,0.082,0.07848,0.08183,20515762.14
1660636800,0.08183,0.08899,0.08138,0.08572,50765879.39
1660651200,0.08572,0.08968,0.08373,0.08446,41159381.29
1660665600,0.08446,0.08585,0.08341,0.08511,22865412.3
1660680000,0.08511,0.08783,0.08486,0.08679,15764819.94
1660694400,0.08679,0.08803,0.0845,0.08504,16639436.75
1660708800,0.08504,0.08895,0.08415,0.08417,19059974.56
1660723200,0.08417,0.08499,0.08326,0.0839,10715148.17
1660737600,0.0839,0.08416,0.08056,0.0813,22577532.85
1660752000,0.0813,0.08361,0.08101,0.08176,13140955.23
1660766400,0.08176,0.0824,0.07938,0.08015,9507424.78
1660780800,0.08015,0.08149,0.07961,0.08089,6314448.98
1660795200,0.08089,0.08227,0.0798,0.08122,6350018.33
1660809600,0.08122,0.08155,0.08035,0.08074,5382134.18
1660824000,0.08074,0.08183,0.08015,0.0811,6631386.63
1660838400,0.0811,0.08136,0.07752,0.07795,11732347.78
1660852800,0.07795,0.07829,0.07351,0.07477,12702197.41
1660867200,0.07477,0.07527,0.07216,0.07388,15154530.71
1660881600,0.07388,0.07451,0.06924,0.07037,13900333.54
1660896000,0.07037,0.07045,0.06763,0.06892,15218889.8
1660910400,0.06892,0.06976,0.06791,0.06922,8105371.72
1660924800,0.06922,0.07132,0.06857,0.06954,10667462.01
1660939200,0.06954,0.06981,0.06705,0.06778,11585710.78
1660953600,0.06778,0.06979,0.06775,0.06953,7445571.53
1660968000,0.06953,0.07117,0.06917,0.0706,8545378.959999999
1660982400,0.0706,0.07063,0.06975,0.06994,4643675.85
1660996800,0.06994,0.07047,0.06895,0.06954,4952813.6
1661011200,0.06954,0.06976,0.06764,0.06863,7578972.3
1661025600,0.06863,0.07034,0.06809,0.06934,7717043.21
1661040000,0.06934,0.0701,0.06831,0.06852,4528285.15
1661054400,0.06852,0.06892,0.06742,0.06866,6492931.38
1661068800,0.06866,0.07,0.06862,0.06971,4561459.140000001
1661083200,0.06971,0.07021,0.06861,0.0692,3519064.84
1661097600,0.0692,0.06976,0.06877,0.06941,3143872.45
1661112000,0.06941,0.07075,0.06836,0.06933,6485506.24
1661126400,0.06933,0.06941,0.06821,0.06832,4625294.13
1661140800,0.06832,0.06865,0.06589,0.06603,7411265.86
1661155200,0.06603,0.06714,0.0652,0.06669,6854239.95
1661169600,0.06669,0.06746,0.06574,0.06734,5242795.720000001
1661184000,0.06734,0.06767,0.06599,0.06666,3097477.48
1661198400,0.06666,0.06845,0.06666,0.0684,4255406.390000001
1661212800,0.0684,0.069,0.06821,0.06852,3739885.31
1661227200,0.06852,0.06863,0.06687,0.06799,3320672.34
1661241600,0.06799,0.06879,0.06782,0.06865,3524620.41
1661256000,0.06865,0.06922,0.06804,0.06861,3908458.61
1661270400,0.06861,0.06894,0.06787,0.06824,3669309.98
1661284800,0.06824,0.06913,0.06819,0.06877,2517149.18
1661299200,0.06877,0.06918,0.06704,0.06722,4640628.36
1661313600,0.06722,0.06805,0.06707,0.06736,2358866.46
1661328000,0.06736,0.06814,0.06731,0.06806,2495275.08
1661342400,0.06806,0.06903,0.06766,0.06893,2975082.6100000003
1661356800,0.06893,0.06962,0.06882,0.06911,5284225.0
1661371200,0.06911,0.06942,0.06762,0.0679,3253376.88
1661385600,0.0679,0.06885,0.06783,0.06832,2850907.33
1661400000,0.06832,0.06943,0.06825,0.06924,3082356.43
1661414400,0.06924,0.07177,0.06866,0.07099,7637716.65
1661428800,0.07099,0.07106,0.06766,0.06833,6430795.57
1661443200,0.06833,0.06899,0.06789,0.06894,3031138.61
1661457600,0.06894,0.06942,0.06862,0.06902,2380779.55
1661472000,0.06902,0.06938,0.0682,0.06902,3328089.42
1661486400,0.06902,0.06921,0.06722,0.06796,4234960.12
1661500800,0.06796,0.06941,0.06664,0.06745,6187411.0
1661515200,0.06745,0.0699,0.06499,0.06591,15276089.51
1661529600,0.06591,0.0661,0.0645,0.0654,6363474.71
1661544000,0.0654,0.06591,0.06275,0.06354,7850833.99
1661558400,0.06354,0.06413,0.06329,0.0638,4849064.52
1661572800,0.0638,0.064,0.06228,0.06387,5937415.54
1661587200,0.06387,0.06408,0.06358,0.0638,2966558.25
1661601600,0.0638,0.064,0.06246,0.06311,3674362.24
1661616000,0.06311,0.06337,0.06233,0.06307,2915248.6
1661630400,0.06307,0.06372,0.0626,0.06351,2663841.68
1661644800,0.06351,0.06416,0.06309,0.06326,3267184.96
1661659200,0.06326,0.06395,0.06303,0.0638,1743692.06
1661673600,0.0638,0.06427,0.06344,0.06388,2945206.24
1661688000,0.06388,0.06405,0.06295,0.06379,2975610.42
1661702400,0.06379,0.06432,0.06366,0.06387,1896952.03
1661716800,0.06387,0.06418,0.06132,0.0618,4831572.52
1661731200,0.0618,0.06214,0.06087,0.06188,4997919.52
1661745600,0.06188,0.06199,0.0613,0.06179,1475258.56
1661760000,0.06179,0.06185,0.06129,0.06185,1800011.76
1661774400,0.06185,0.06468,0.0618,0.06345,5031119.4
1661788800,0.06345,0.06365,0.06279,0.06303,2708091.68
1661803200,0.06303,0.06403,0.06294,0.06386,2215597.02
1661817600,0.06386,0.06428,0.06316,0.06354,2643922.9
1661832000,0.06354,0.06448,0.06354,0.06399,2492064.84
1661846400,0.06399,0.06424,0.06363,0.0639,1285730.08
1661860800,0.0639,0.06405,0.06121,0.06168,5195572.32
1661875200,0.06168,0.06222,0.06007,0.06156,5689011.05
1661889600,0.06156,0.06211,0.06125,0.06153,2136535.71
1661904000,0.06153,0.06347,0.06152,0.06324,5437023.21
1661918400,0.06324,0.06339,0.06245,0.06259,2277224.95
1661932800,0.06259,0.06339,0.06212,0.06292,1823991.25
1661947200,0.06292,0.06326,0.06149,0.06218,3387598.8200000003
1661961600,0.06218,0.06227,0.06104,0.06186,4248496.6
1661976000,0.06186,0.06243,0.06073,0.06136,2266291.62
1661990400,0.06136,0.06184,0.0603,0.06065,2927125.26
1662004800,0.06065,0.06113,0.0599,0.06041,3196270.42
1662019200,0.06041,0.06161,0.06021,0.06148,2314073.07
1662033600,0.06148,0.0619,0.06016,0.06119,6426128.529999999
1662048000,0.06119,0.06218,0.06089,0.0618,3051890.1100000003
1662062400,0.0618,0.06261,0.06179,0.06237,2316312.47
1662076800,0.06237,0.0628,0.06177,0.06252,1998291.48
1662091200,0.06252,0.06278,0.06183,0.06188,1732440.36
1662105600,0.06188,0.06211,0.06111,0.06159,1624380.78
1662120000,0.06159,0.06277,0.06129,0.06251,4590929.28
1662134400,0.06251,0.06254,0.06072,0.06112,4678991.16
1662148800,0.06112,0.06175,0.06093,0.06166,1675551.48
1662163200,0.06166,0.06175,0.06126,0.06135,1204734.56
1662177600,0.06135,0.06403,0.06116,0.06151,6075032.93
1662192000,0.06151,0.06214,0.06138,0.0619,1509417.97
1662206400,0.0619,0.06307,0.06187,0.06265,4343577.13
1662220800,0.06265,0.06289,0.06153,0.06202,2780937.5300000003
1662235200,0.06202,0.06274,0.06198,0.06272,2025520.19
1662249600,0.06272,0.06308,0.06242,0.06258,2152696.05
1662264000,0.06258,0.06288,0.06207,0.0621,1457641.46
1662278400,0.0621,0.0639,0.06188,0.06334,4136017.01
1662292800,0.06334,0.06367,0.06261,0.06324,2559901.51
1662307200,0.06324,0.06337,0.06285,0.0633,1726124.17
1662321600,0.0633,0.0634,0.06262,0.06323,1928029.7
1662336000,0.06323,0.06374,0.06293,0.06315,1746546.06
1662350400,0.06315,0.06325,0.06173,0.06198,2199100.38
1662364800,0.06198,0.06221,0.06094,0.06169,3295810.83
1662379200,0.06169,0.06248,0.06145,0.06232,2857230.72
1662393600,0.06232,0.06239,0.06175,0.06196,1327328.73
1662408000,0.06196,0.06304,0.06189,0.06274,2990675.84
1662422400,0.06274,0.06524,0.06244,0.06334,8966592.91
1662436800,0.06334,0.06382,0.06308,0.06331,2239235.3
1662451200,0.06331,0.06348,0.06285,0.06329,1555251.88
1662465600,0.06329,0.06363,0.06184,0.06264,4493739.19
1662480000,0.06264,0.0627,0.05829,0.05905,10396436.74
1662494400,0.05905,0.05944,0.05812,0.05889,3872695.14
1662508800,0.05889,0.059,0.05741,0.05842,5738648.25
1662523200,0.05842,0.05926,0.05828,0.05916,1821597.21
1662537600,0.05916,0.05954,0.05907,0.05938,2107744.66
1662552000,0.05938,0.06055,0.05912,0.06004,3570576.0700000003
1662566400,0.06004,0.06092,0.05988,0.0604,2464442.53
1662580800,0.0604,0.06154,0.0604,0.06098,3705148.16
1662595200,0.06098,0.06132,0.0607,0.06094,1895167.69
1662609600,0.06094,0.06118,0.06016,0.06047,2365146.76
1662624000,0.06047,0.06098,0.06013,0.06074,1695968.04
1662638400,0.06074,0.06115,0.05965,0.06065,4940206.2700000005
1662652800,0.06065,0.0609,0.0601,0.0609,2176874.25
1662667200,0.0609,0.06142,0.06066,0.06096,1305037.26
1662681600,0.06096,0.06255,0.0609,0.06226,4131316.08
1662696000,0.06226,0.06342,0.06208,0.06288,6629537.03
1662710400,0.06288,0.06487,0.06286,0.06384,6073557.54
1662724800,0.06384,0.06454,0.0631,0.06368,4944528.75
1662739200,0.06368,0.06386,0.06265,0.0633,4711894.53
1662753600,0.0633,0.06446,0.06297,0.06389,3902981.43
1662768000,0.06389,0.06417,0.06319,0.06379,4006278.31
1662782400,0.06379,0.06495,0.06322,0.06342,8535536.719999999
1662796800,0.06342,0.06429,0.06342,0.06397,2902761.34
1662811200,0.06397,0.06436,0.06349,0.0639,4077556.69
1662825600,0.0639,0.06457,0.06366,0.06425,3312936.2800000003
1662840000,0.06425,0.06547,0.06374,0.06471,4873423.95
1662854400,0.06471,0.06533,0.06421,0.06431,3227932.83
1662868800,0.06431,0.06449,0.06293,0.06393,3002866.41
1662883200,0.06393,0.06402,0.06363,0.06394,2091509.03
1662897600,0.06394,0.06469,0.06364,0.0642,4144661.74
1662912000,0.0642,0.06467,0.06377,0.06385,3301597.3
1662926400,0.06385,0.06413,0.06265,0.06372,3648840.61
1662940800,0.06372,0.06454,0.06262,0.06292,4784540.65
1662955200,0.06292,0.06398,0.0629,0.06391,1805127.72
1662969600,0.06391,0.06474,0.06377,0.06473,3214928.94
1662984000,0.06473,0.06544,0.06332,0.06344,5602357.07
1662998400,0.06344,0.06406,0.06281,0.06387,3483230.51
1663012800,0.06387,0.06422,0.06362,0.06397,1980127.02
1663027200,0.06397,0.06399,0.06273,0.06358,3551602.1
1663041600,0.06358,0.06392,0.06334,0.06371,1881142.63
1663056000,0.06371,0.06405,0.06333,0.06391,2236194.45
1663070400,0.06391,0.06413,0.06009,0.06031,11809208.75
1663084800,0.06031,0.06072,0.05924,0.06014,4543765.92
1663099200,0.06014,0.061,0.05933,0.05966,6121551.92
1663113600,0.05966,0.06066,0.05923,0.06055,3974391.11
1663128000,0.06055,0.06148,0.05961,0.06016,4014462.69
1663142400,0.06016,0.06094,0.05986,0.06064,4050842.98
1663156800,0.06064,0.06133,0.06012,0.06093,5127616.12
1663171200,0.06093,0.06138,0.06005,0.06101,5818483.86
1663185600,0.06101,0.06149,0.06087,0.06116,3510520.87
1663200000,0.06116,0.06122,0.05985,0.06027,6739819.47
1663214400,0.06027,0.06116,0.05966,0.06084,8275847.449999999
1663228800,0.06084,0.06085,0.0602,0.0605,2616069.52
1663243200,0.0605,0.06084,0.05866,0.05881,6035077.63
1663257600,0.05881,0.05959,0.05872,0.05947,3375090.49
1663272000,0.05947,0.05972,0.0585,0.05863,3595518.99
1663286400,0.05863,0.05952,0.05812,0.05952,4189835.48
1663300800,0.05952,0.05982,0.05941,0.05953,2632002.27
1663315200,0.05953,0.06011,0.05891,0.06003,2654140.3200000003
1663329600,0.06003,0.06005,0.05893,0.05967,4165445.06
1663344000,0.05967,0.05981,0.05882,0.05967,3348733.19
1663358400,0.05967,0.06053,0.05964,0.06048,2920141.54
1663372800,0.06048,0.06098,0.06043,0.06055,2922147.93
1663387200,0.06055,0.06069,0.06025,0.06056,2191793.35
1663401600,0.06056,0.06095,0.0605,0.06074,2389130.64
1663416000,0.06074,0.06235,0.06061,0.06225,4282888.5
1663430400,0.06225,0.0624,0.06135,0.06168,3782045.04
1663444800,0.06168,0.06236,0.06156,0.06219,1526374.42
1663459200,0.06219,0.06224,0.06124,0.0614,1752942.37
1663473600,0.0614,0.06169,0.06135,0.06143,876118.46
1663488000,0.06143,0.06161,0.06035,0.06079,2043086.93
1663502400,0.06079,0.06101,0.06033,0.06051,1392716.76
1663516800,0.06051,0.06068,0.05939,0.05986,2891986.19
1663531200,0.05986,0.05987,0.05685,0.05743,5728270.01
1663545600,0.05743,0.05821,0.05628,0.0568,4406240.51
1663560000,0.0568,0.05718,0.05591,0.05655,2834076.5200000005
1663574400,0.05655,0.05697,0.05598,0.05691,1580905.68
1663588800,0.05691,0.05813,0.05678,0.05755,2854336.46
1663603200,0.05755,0.05847,0.05713,0.05843,3429677.42
1663617600,0.05843,0.05884,0.05834,0.05857,3716245.82
1663632000,0.05857,0.0588,0.05797,0.05861,3274460.67
1663646400,0.05861,0.05909,0.05822,0.05854,3000368.93
1663660800,0.05854,0.05872,0.05807,0.05835,2906231.82
1663675200,0.05835,0.06062,0.0576,0.06011,6540425.38
1663689600,0.06011,0.06039,0.05841,0.05894,4629398.73
1663704000,0.05894,0.05926,0.05806,0.05842,3969727.42
1663718400,0.05842,0.05965,0.05825,0.05927,4514807.32
1663732800,0.05927,0.05979,0.0578,0.05853,3729619.65
1663747200,0.05853,0.05904,0.05815,0.05895,2969966.52
1663761600,0.05895,0.0593,0.05811,0.0584,3268432.83
1663776000,0.0584,0.06089,0.05765,0.05841,12552138.5
1663790400,0.05841,0.05852,0.05609,0.05718,5464150.54
1663804800,0.05718,0.05758,0.05685,0.05748,3297993.6
1663819200,0.05748,0.05858,0.05738,0.05853,2629379.69
1663833600,0.05853,0.05949,0.05849,0.05928,3828721.71
1663848000,0.05928,0.05953,0.05854,0.05905,4066367.37
1663862400,0.05905,0.05944,0.05858,0.05913,2702746.79
1663876800,0.05913,0.06007,0.05894,0.0596,3040589.49
1663891200,0.0596,0.06148,0.05947,0.06147,4742537.05
1663905600,0.06147,0.0626,0.06064,0.06067,7389348.05
1663920000,0.06067,0.06091,0.05973,0.06018,5232410.93
1663934400,0.06018,0.06153,0.05912,0.06117,8905730.11
1663948800,0.06117,0.06426,0.06037,0.06362,13840318.09
1663963200,0.06362,0.06404,0.0626,0.06335,8297745.04
1663977600,0.06335,0.06822,0.06284,0.06594,21452637.66
1663992000,0.06594,0.06676,0.06512,0.0654,8951534.26
1664006400,0.0654,0.06681,0.06473,0.06562,7275277.02
1664020800,0.06562,0.06666,0.0651,0.06606,9355617.25
1664035200,0.06606,0.06616,0.06409,0.0642,6381198.51
1664049600,0.0642,0.06458,0.06267,0.0631,5129598.67
1664064000,0.0631,0.06345,0.06247,0.06339,3058531.26
1664078400,0.06339,0.06368,0.06258,0.06311,2257572.41
1664092800,0.06311,0.06315,0.06241,0.06294,2127733.91
1664107200,0.06294,0.06389,0.06159,0.06223,6279081.73
1664121600,0.06223,0.06264,0.06134,0.06178,4146236.41
1664136000,0.06178,0.06206,0.06008,0.06119,4051610.49
1664150400,0.06119,0.06187,0.06074,0.06136,3199789.27
1664164800,0.06136,0.06169,0.05978,0.06074,3986680.7
1664179200,0.06074,0.06174,0.06004,0.0605,4286991.75
1664193600,0.0605,0.06143,0.06024,0.06104,3797414.61
1664208000,0.06104,0.06117,0.06038,0.06093,2998470.01
1664222400,0.06093,0.06137,0.06036,0.06113,3255541.06
1664236800,0.06113,0.06282,0.06101,0.06254,7635792.51
1664251200,0.06254,0.06307,0.06208,0.06272,3894077.48
1664265600,0.06272,0.06284,0.06188,0.06234,3283458.64
1664280000,0.06234,0.06294,0.06176,0.06179,5002302.73
1664294400,0.06179,0.06195,0.05977,0.06048,6588498.22
1664308800,0.06048,0.06074,0.06019,0.06051,1632201.13
1664323200,0.06051,0.06096,0.05854,0.05937,6178475.130000001
1664337600,0.05937,0.05959,0.05906,0.05956,2119412.72
1664352000,0.05956,0.05991,0.05912,0.05988,2868654.26
1664366400,0.05988,0.06085,0.05987,0.06085,3160716.78
1664380800,0.06085,0.06112,0.06021,0.06077,3366565.87
1664395200,0.06077,0.0611,0.06038,0.06051,2201451.06
1664409600,0.06051,0.06093,0.06029,0.06075,1918120.99
1664424000,0.06075,0.06106,0.05991,0.06015,1536336.74
1664438400,0.06015,0.06059,0.05997,0.06039,1496320.23
1664452800,0.06039,0.06041,0.05929,0.06008,3207143.37
1664467200,0.06008,0.0604,0.05968,0.06001,2022489.47
1664481600,0.06001,0.06083,0.06,0.06083,1810236.04
1664496000,0.06083,0.06098,0.06028,0.0604,2611687.56
1664510400,0.0604,0.06105,0.06038,0.0609,1162174.64
1664524800,0.0609,0.061,0.06013,0.06032,1771736.33
1664539200,0.06032,0.0617,0.05964,0.06085,7693545.38
1664553600,0.06085,0.06089,0.06008,0.06032,5078023.41
1664568000,0.06032,0.06223,0.06013,0.06167,7185901.17
1664582400,0.06167,0.06312,0.06131,0.06164,9726208.23
1664596800,0.06164,0.0617,0.06094,0.06132,2472514.23
1664611200,0.06132,0.06207,0.06117,0.06156,3972418.71
1664625600,0.06156,0.06179,0.06115,0.06141,2796931.32
1664640000,0.06141,0.06148,0.06027,0.06065,5307202.12
1664654400,0.06065,0.0608,0.06038,0.0606,1560494.51
1664668800,0.0606,0.06095,0.06054,0.06074,830174.0900000001
1664683200,0.06074,0.06092,0.06036,0.0606,1081559.94
1664697600,0.0606,0.06071,0.0595,0.05997,3436380.29
1664712000,0.05997,0.06013,0.05966,0.05987,1659957.4
1664726400,0.05987,0.06035,0.05976,0.06012,2297061.22
1664740800,0.06012,0.06019,0.05891,0.05927,3692633.82
1664755200,0.05927,0.05994,0.05886,0.05945,2004837.42
1664769600,0.05945,0.05985,0.05904,0.05966,2210057.86
1664784000,0.05966,0.06025,0.05959,0.06018,2182797.49
1664798400,0.06018,0.06038,0.05956,0.06005,3542872.49
1664812800,0.06005,0.06049,0.05978,0.05997,2843645.54
1664827200,0.05997,0.06056,0.05997,0.06035,2099637.19
1664841600,0.06035,0.06051,0.05995,0.06029,1592048.89
1664856000,0.06029,0.06079,0.06002,0.06072,2087949.28
1664870400,0.06072,0.06097,0.06026,0.06068,2252219.93
1664884800,0.06068,0.06112,0.0605,0.06065,3712845.77
1664899200,0.06065,0.06626,0.06065,0.06481,53571167.01
1664913600,0.06481,0.0664,0.06453,0.06585,15898606.85
1664928000,0.06585,0.0666,0.06468,0.06498,13899057.7
1664942400,0.06498,0.06541,0.06473,0.06525,5016982.9
1664956800,0.06525,0.06528,0.06395,0.06434,5917727.19
1664971200,0.06434,0.06446,0.06271,0.06387,13102899.19
1664985600,0.06387,0.0654,0.06357,0.06503,13441546.28
1665000000,0.06503,0.06531,0.06409,0.06479,4718015.72
1665014400,0.06479,0.06685,0.06473,0.0661,7031489.82
1665028800,0.0661,0.06645,0.06508,0.0654,5737125.88
1665043200,0.0654,0.06552,0.06477,0.06548,4032023.09
1665057600,0.06548,0.0657,0.06406,0.06421,9206491.55
1665072000,0.06421,0.06433,0.06358,0.06397,6664370.03
1665086400,0.06397,0.06412,0.06297,0.06343,6884164.41
1665100800,0.06343,0.06362,0.06312,0.06348,4819841.22
1665115200,0.06348,0.06383,0.06294,0.06323,3132183.1
1665129600,0.06323,0.06352,0.06314,0.06333,2451757.74
1665144000,0.06333,0.06349,0.06187,0.06217,8287302.83
1665158400,0.06217,0.06217,0.06145,0.06205,7380721.35
1665172800,0.06205,0.06246,0.06193,0.06237,2122276.08
1665187200,0.06237,0.06266,0.06217,0.06248,1955689.48
1665201600,0.06248,0.06251,0.06206,0.06237,1588488.99
1665216000,0.06237,0.06246,0.06208,0.06226,1395082.05
1665230400,0.06226,0.06238,0.06194,0.06228,1766825.3199999998
1665244800,0.06228,0.06254,0.06203,0.06217,1621054.86
1665259200,0.06217,0.06222,0.06121,0.06165,2811150.7800000003
1665273600,0.06165,0.06181,0.06139,0.06147,1528762.77
1665288000,0.06147,0.06173,0.06118,0.06171,2004653.15
1665302400,0.06171,0.06211,0.06161,0.06209,1657446.6
1665316800,0.06209,0.06225,0.06184,0.06221,1352529.19
1665331200,0.06221,0.06226,0.06177,0.06204,1342140.25
1665345600,0.06204,0.06239,0.06175,0.06212,2030664.99
1665360000,0.06212,0.06251,0.06195,0.06225,1413841.34
1665374400,0.06225,0.06238,0.06177,0.06179,1889968.29
1665388800,0.06179,0.06179,0.06009,0.06093,5318359.83
1665403200,0.06093,0.06113,0.06036,0.06069,2630003.49
1665417600,0.06069,0.06078,0.06006,0.06053,2925248.76
1665432000,0.06053,0.06067,0.05935,0.0594,5791968.18
1665446400,0.0594,0.0594,0.05752,0.05899,8523185.79
1665460800,0.05899,0.0594,0.05887,0.05929,2219958.14
1665475200,0.05929,0.06003,0.05894,0.05984,2635538.56
1665489600,0.05984,0.06086,0.05935,0.06039,3688219.96
1665504000,0.06039,0.0607,0.05973,0.05995,2630325.51
1665518400,0.05995,0.06066,0.05984,0.06023,3645165.84
1665532800,0.06023,0.06098,0.05989,0.06049,3555139.48
1665547200,0.06049,0.06069,0.06016,0.0603,1744535.92
1665561600,0.0603,0.06057,0.06009,0.06012,1199803.57
1665576000,0.06012,0.06023,0.05942,0.06004,3186613.49
1665590400,0.06004,0.06006,0.05933,0.05986,1739718.27
1665604800,0.05986,0.06026,0.05978,0.05982,1583506.61
1665619200,0.05982,0.05994,0.05839,0.05892,3463627.5500000003
1665633600,0.05892,0.05908,0.05675,0.05764,4860508.76
1665648000,0.05764,0.05786,0.0551,0.05687,8222189.380000001
1665662400,0.05687,0.05852,0.05551,0.05828,10687043.78
1665676800,0.05828,0.06018,0.05819,0.05955,6607297.2
1665691200,0.05955,0.06025,0.05945,0.05967,4326214.38
1665705600,0.05967,0.06102,0.05952,0.06048,4672864.87
1665720000,0.06048,0.06062,0.0599,0.06009,2593835.68
1665734400,0.06009,0.0605,0.05996,0.06001,2738507.08
1665748800,0.06001,0.06087,0.05925,0.05927,5371094.79
1665763200,0.05927,0.05939,0.05851,0.05857,5171236.66
1665777600,0.05857,0.05879,0.05806,0.05866,2114203.11
1665792000,0.05866,0.05904,0.05853,0.05898,1186535.64
1665806400,0.05898,0.05903,0.05855,0.05877,1308407.64
1665820800,0.05877,0.05897,0.05799,0.05886,2089351.0
1665835200,0.05886,0.05978,0.05858,0.05915,3925308.55
1665849600,0.05915,0.05948,0.05846,0.05896,2670283.04
1665864000,0.05896,0.05901,0.05843,0.05858,1414031.81
1665878400,0.05858,0.05941,0.05854,0.05894,1550121.82
1665892800,0.05894,0.05921,0.05888,0.05903,847051.15
1665907200,0.05903,0.05928,0.0588,0.05906,626210.8300000001
1665921600,0.05906,0.05907,0.0587,0.05889,1179347.11
1665936000,0.05889,0.05938,0.05854,0.05935,1937122.85
1665950400,0.05935,0.05946,0.05848,0.05891,2333477.25
1665964800,0.05891,0.05911,0.05856,0.05877,895603.08
1665979200,0.05877,0.05941,0.05867,0.05932,1076704.8
1665993600,0.05932,0.05985,0.05904,0.05958,1681636.86
1666008000,0.05958,0.06004,0.05935,0.05988,2270249.5
1666022400,0.05988,0.06002,0.05933,0.05954,2157293.99
1666036800,0.05954,0.06018,0.05954,0.05997,1527312.75
1666051200,0.05997,0.06029,0.05927,0.05996,1977499.88
1666065600,0.05996,0.06008,0.0597,0.0599,1429832.79
1666080000,0.0599,0.05995,0.05907,0.05934,1190803.34
1666094400,0.05934,0.0596,0.05853,0.0589,2807835.96
1666108800,0.0589,0.0611,0.05863,0.05912,6109580.08
1666123200,0.05912,0.06001,0.05905,0.05976,1988292.14
1666137600,0.05976,0.06019,0.05942,0.05986,1672288.79
1666152000,0.05986,0.06,0.05901,0.05952,1715378.42
1666166400,0.05952,0.05953,0.05883,0.05908,1216657.66
1666180800,0.05908,0.05938,0.05859,0.05911,2400255.83
1666195200,0.05911,0.06074,0.05867,0.06067,6708621.19
1666209600,0.06067,0.06078,0.05824,0.05869,7237220.81
1666224000,0.05869,0.05942,0.05825,0.05923,4483451.4
1666238400,0.05923,0.06002,0.05911,0.05977,4361180.23
1666252800,0.05977,0.06014,0.0595,0.05988,4100277.94
1666267200,0.05988,0.06035,0.05951,0.05993,3675677.81
1666281600,0.05993,0.06037,0.05895,0.05986,4903394.37
1666296000,0.05986,0.05992,0.05925,0.05943,2980248.0300000003
1666310400,0.05943,0.0595,0.05874,0.0589,1658520.23
1666324800,0.0589,0.059,0.05849,0.05862,1696610.07
1666339200,0.05862,0.05864,0.05745,0.05789,4161419.29
1666353600,0.05789,0.05899,0.05716,0.05897,5247410.93
1666368000,0.05897,0.05939,0.05882,0.05924,2686028.29
1666382400,0.05924,0.05949,0.05913,0.05933,1578803.89
1666396800,0.05933,0.05991,0.05929,0.05944,2672826.86
1666411200,0.05944,0.05946,0.05912,0.05923,1437318.47
1666425600,0.05923,0.05955,0.05923,0.05942,1103779.97
1666440000,0.05942,0.05978,0.05929,0.05959,2832599.71
1666454400,0.05959,0.05967,0.0593,0.05944,1457666.83
1666468800,0.05944,0.05988,0.05941,0.05971,1482978.8
1666483200,0.05971,0.05985,0.05949,0.05964,2166898.44
1666497600,0.05964,0.0597,0.05927,0.05937,931364.06
1666512000,0.05937,0.05961,0.05884,0.05895,1835138.62
1666526400,0.05895,0.05944,0.05871,0.05932,1814194.44
1666540800,0.05932,0.05993,0.05911,0.05982,2595876.59
1666555200,0.05982,0.06048,0.0597,0.06038,4900697.109999999
1666569600,0.06038,0.06091,0.05975,0.0598,3723782.66
1666584000,0.0598,0.05981,0.05917,0.05937,3243642.85
1666598400,0.05937,0.05986,0.05932,0.05981,2037471.89
1666612800,0.05981,0.05986,0.05869,0.05917,5568539.38
1666627200,0.05917,0.05978,0.05897,0.05955,3730024.36
1666641600,0.05955,0.05967,0.05919,0.05947,1640515.18
1666656000,0.05947,0.06087,0.05917,0.06041,4782733.94
1666670400,0.06041,0.06047,0.05984,0.06007,3147116.42
1666684800,0.06007,0.06014,0.05946,0.06002,2682791.49
1666699200,0.06002,0.06164,0.05972,0.0611,7650158.95
1666713600,0.0611,0.06436,0.06096,0.06382,16345978.75
1666728000,0.06382,0.06383,0.06219,0.06303,7011610.69
1666742400,0.06303,0.06695,0.06264,0.0658,10098383.09
1666756800,0.0658,0.06689,0.06549,0.06554,8239230.609999999
1666771200,0.06554,0.06899,0.06545,0.0676,12591103.91
1666785600,0.0676,0.06953,0.0662,0.06786,12716861.16
1666800000,0.06786,0.07324,0.06716,0.07264,23962785.270000003
1666814400,0.07264,0.07364,0.07157,0.07276,14828844.27
1666828800,0.07276,0.07689,0.07176,0.07626,26161079.15
1666843200,0.07626,0.08098,0.07616,0.07808,31814800.12
1666857600,0.07808,0.07869,0.07477,0.07569,17507990.09
1666872000,0.07569,0.07879,0.07494,0.07767,25096272.6
1666886400,0.07767,0.08546,0.07601,0.08294,29592011.64
1666900800,0.08294,0.08309,0.07623,0.07689,34570494.02
1666915200,0.07689,0.07748,0.07252,0.07409,25367907.19
1666929600,0.07409,0.0756,0.07298,0.0741,13830490.89
1666944000,0.0741,0.08327,0.07385,0.08168,62829400.46
1666958400,0.08168,0.08653,0.08044,0.08525,67654127.67
1666972800,0.08525,0.08853,0.08271,0.08481,51908112.62
1666987200,0.08481,0.08785,0.08336,0.08387,30315164.14
1667001600,0.08387,0.08806,0.0828,0.08626,36101842.92
1667016000,0.08626,0.09296,0.08422,0.09264,49079764.52
1667030400,0.09264,0.1094,0.09263,0.1022,132677389.1
1667044800,0.1022,0.1459,0.1015,0.132,146956787.03
1667059200,0.132,0.151,0.1225,0.1279,234384290.4
1667073600,0.1279,0.1319,0.116,0.1218,99816840.65
1667088000,0.1218,0.1307,0.1147,0.1282,72531616.5
1667102400,0.1282,0.1436,0.1274,0.1303,104885684.24
1667116800,0.1303,0.131,0.1212,0.1291,58780465.73
1667131200,0.1291,0.132,0.1117,0.1129,72171747.09
1667145600,0.1129,0.1187,0.1114,0.1151,55142177.2
1667160000,0.1151,0.1198,0.1134,0.1177,38565328.18
1667174400,0.1177,0.1261,0.1167,0.122,68918371.17
1667188800,0.122,0.1248,0.1145,0.1177,52515778.63
1667203200,0.1177,0.1261,0.1139,0.1223,57906147.61
1667217600,0.1223,0.131,0.1155,0.1271,73481359.42
1667232000,0.1271,0.1314,0.1234,0.1259,75266751.22
1667246400,0.1259,0.1282,0.1223,0.1269,37123767.39
1667260800,0.1269,0.1305,0.1245,0.1276,49525308.74
1667275200,0.1276,0.1492,0.1256,0.1456,168551985.56
1667289600,0.1456,0.1587,0.14,0.1421,128059857.87
1667304000,0.1421,0.1435,0.134,0.1391,102267671.75
1667318400,0.1391,0.1413,0.1335,0.1387,72437084.96000001
1667332800,0.1387,0.1446,0.1374,0.1422,43720680.15
1667347200,0.1422,0.145,0.1357,0.1414,82030116.7
1667361600,0.1414,0.1479,0.1356,0.1374,68934822.77
1667376000,0.1374,0.1398,0.1281,0.1317,59434367.75
1667390400,0.1317,0.1325,0.1273,0.13,43853007.71
1667404800,0.13,0.1392,0.1287,0.1311,102606118.69
1667419200,0.1311,0.1321,0.1221,0.1277,58697182.78
1667433600,0.1277,0.1354,0.1265,0.1338,48213707.58
1667448000,0.1338,0.137,0.1304,0.1309,36686213.54
1667462400,0.1309,0.136,0.128,0.1298,41931895.9
1667476800,0.1298,0.132,0.1267,0.1313,40396962.69
1667491200,0.1313,0.1317,0.1259,0.1284,29259674.4
1667505600,0.1284,0.13,0.1197,0.1226,42729381.24
1667520000,0.1226,0.1231,0.1155,0.1195,58694321.47
1667534400,0.1195,0.1243,0.1172,0.1229,49784059.79
1667548800,0.1229,0.124,0.118,0.1191,33138504.35
1667563200,0.1191,0.1291,0.117,0.1229,73640111.56
1667577600,0.1229,0.1258,0.1211,0.1256,36729207.27
1667592000,0.1256,0.1286,0.1246,0.1262,24449878.08
1667606400,0.1262,0.1276,0.1226,0.1249,22273576.43
1667620800,0.1249,0.1359,0.1244,0.1321,50032266.11
1667635200,0.1321,0.1321,0.1264,0.1286,24631765.42
1667649600,0.1286,0.1294,0.1252,0.1266,22915553.39
1667664000,0.1266,0.1287,0.1259,0.1271,17664975.48
1667678400,0.1271,0.1278,0.1206,0.1245,18329914.91
1667692800,0.1245,0.1257,0.1219,0.125,17387893.32
1667707200,0.125,0.1256,0.1229,0.1238,11080973.84
1667721600,0.1238,0.125,0.1225,0.1232,10259012.85
1667736000,0.1232,0.1276,0.1226,0.1246,15058552.47
1667750400,0.1246,0.1246,0.1184,0.1201,23353729.14
1667764800,0.1201,0.1209,0.1121,0.1149,33404992.67
1667779200,0.1149,0.1187,0.1142,0.1183,29555480.36
1667793600,0.1183,0.119,0.1127,0.1133,22751732.08
1667808000,0.1133,0.1175,0.1121,0.1165,13512542.52
1667822400,0.1165,0.1187,0.1151,0.1164,19773552.11
1667836800,0.1164,0.1176,0.1141,0.1173,15227589.06
1667851200,0.1173,0.118,0.1075,0.1112,33944556.120000005
1667865600,0.1112,0.1125,0.1014,0.1022,34654976.66
1667880000,0.1022,0.1037,0.0959,0.1028,46316572.25
1667894400,0.1028,0.1036,0.09953,0.101,16205725.61
1667908800,0.101,0.1023,0.09635,0.09939,28273255.24
1667923200,0.09939,0.1127,0.07755,0.08786,101278767.78
1667937600,0.08786,0.08983,0.08471,0.08824,32190447.89
1667952000,0.08824,0.08995,0.08156,0.08508,24207166.62
1667966400,0.08508,0.08943,0.0843,0.08677,13680107.05
1667980800,0.08677,0.08702,0.07902,0.08651,23825276.62
1667995200,0.08651,0.09219,0.08354,0.08384,31358063.98
1668009600,0.08384,0.08671,0.07781,0.08331,39352887.15
1668024000,0.08331,0.08429,0.07035,0.07421,37819308.99
1668038400,0.07421,0.08115,0.07294,0.07941,20774961.17
1668052800,0.07941,0.08503,0.07844,0.08276,25196434.84
1668067200,0.08276,0.08522,0.07942,0.08057,15405118.69
1668081600,0.08057,0.09387,0.08036,0.09116,37043462.08
1668096000,0.09116,0.09239,0.0851,0.08968,19253287.75
1668110400,0.08968,0.09198,0.08798,0.08957,12418048.81
1668124800,0.08957,0.093,0.08221,0.08408,18283256.1
1668139200,0.08408,0.08826,0.08372,0.08774,8901211.09
1668153600,0.08774,0.08903,0.08613,0.08771,6311700.109999999
1668168000,0.08771,0.08952,0.07986,0.08287,20605423.12
1668182400,0.08287,0.084,0.08048,0.08308,11885806.47
1668196800,0.08308,0.08556,0.08111,0.08488,9024966.23
1668211200,0.08488,0.08514,0.0816,0.08206,7416857.390000001
1668225600,0.08206,0.08993,0.0783,0.08735,20127474.25
1668240000,0.08735,0.09484,0.08381,0.09359,28496405.83
1668254400,0.09359,0.09441,0.08806,0.09166,15771704.88
1668268800,0.09166,0.09202,0.08867,0.09076,11189929.55
1668283200,0.09076,0.09223,0.08608,0.08803,11380716.85
1668297600,0.08803,0.09138,0.08672,0.09072,10454399.13
1668312000,0.09072,0.09092,0.0854,0.08742,9762930.95
1668326400,0.08742,0.08788,0.08445,0.08725,8785886.94
1668340800,0.08725,0.08874,0.08571,0.08652,11564447.74
1668355200,0.08652,0.08684,0.0846,0.08577,9638914.99
1668369600,0.08577,0.08611,0.08263,0.08488,8629080.56
1668384000,0.08488,0.08551,0.07911,0.08184,13459659.0
1668398400,0.08184,0.08828,0.08046,0.08761,13478490.75
1668412800,0.08761,0.08897,0.08589,0.08744,9729340.63
1668427200,0.08744,0.09117,0.0844,0.0854,15017977.46
1668441600,0.0854,0.0862,0.0834,0.08377,8751395.23
1668456000,0.08377,0.08674,0.08354,0.0858,6973453.79
1668470400,0.0858,0.08764,0.08475,0.08666,6966368.319999999
1668484800,0.08666,0.08798,0.08575,0.0879,4785184.24
1668499200,0.0879,0.08828,0.0862,0.08688,5036192.13
1668513600,0.08688,0.08948,0.0864,0.0883,9466824.53
1668528000,0.0883,0.08876,0.08496,0.08655,14640433.35
1668542400,0.08655,0.08703,0.08581,0.08694,5385772.47
1668556800,0.08694,0.08811,0.08593,0.08795,4895284.03
1668571200,0.08795,0.09102,0.08706,0.08878,9048499.87
1668585600,0.08878,0.0892,0.08606,0.08647,5164219.86
1668600000,0.08647,0.08676,0.08348,0.08419,9013153.66
1668614400,0.08419,0.08562,0.0833,0.08474,4384774.45
1668628800,0.08474,0.08577,0.08438,0.08544,3164516.85
1668643200,0.08544,0.08722,0.08494,0.08526,6051116.27
1668657600,0.08526,0.08577,0.08372,0.08577,3846355.5
1668672000,0.08577,0.08606,0.08407,0.08499,2775202.6
1668686400,0.08499,0.08602,0.08242,0.08404,10664542.87
1668700800,0.08404,0.08482,0.0838,0.08437,3895390.15
1668715200,0.08437,0.08542,0.08412,0.08458,3779162.73
1668729600,0.08458,0.08669,0.08442,0.08571,5648800.4
1668744000,0.08571,0.08596,0.08493,0.08512,2478458.84
1668758400,0.08512,0.08575,0.08474,0.08526,1670701.98
1668772800,0.08526,0.08577,0.08435,0.08478,3278396.82
1668787200,0.08478,0.08493,0.0835,0.08428,6385697.0
1668801600,0.08428,0.08468,0.08382,0.08461,2456555.73
1668816000,0.08461,0.08475,0.08372,0.08428,2354839.3000000003
1668830400,0.08428,0.08449,0.08296,0.0835,2651284.77
1668844800,0.0835,0.08422,0.08299,0.08416,1810191.31
1668859200,0.08416,0.08428,0.08353,0.08414,1975862.32
1668873600,0.08414,0.08423,0.08374,0.08396,1723680.32
1668888000,0.08396,0.08488,0.08387,0.08441,3241954.28
1668902400,0.08441,0.08538,0.0842,0.08486,2691496.11
1668916800,0.08486,0.08573,0.08486,0.08511,2760365.8
1668931200,0.08511,0.08518,0.08073,0.08166,5805990.94
1668945600,0.08166,0.08219,0.08104,0.08192,4603899.19
1668960000,0.08192,0.0821,0.07939,0.0806,7059466.02
1668974400,0.0806,0.08084,0.07624,0.07692,11943893.16
1668988800,0.07692,0.07725,0.07358,0.07535,11994970.54
1669003200,0.07535,0.07716,0.07526,0.07575,5426511.25
1669017600,0.07575,0.07638,0.07497,0.0757,3476577.93
1669032000,0.0757,0.07728,0.07526,0.0759,5173410.05
1669046400,0.0759,0.07615,0.0712,0.0723,11401229.39
1669060800,0.0723,0.07517,0.07226,0.0746,9472397.87
1669075200,0.0746,0.07669,0.07427,0.0759,7215415.88
1669089600,0.0759,0.07617,0.07308,0.07446,6002810.94
1669104000,0.07446,0.07475,0.07301,0.0743,5724432.92
1669118400,0.0743,0.07942,0.07406,0.07864,12619195.91
1669132800,0.07864,0.07891,0.07662,0.07754,5121159.95
1669147200,0.07754,0.07868,0.07753,0.07856,7602931.07
1669161600,0.07856,0.08213,0.07771,0.08166,11004051.8
1669176000,0.08166,0.08339,0.081,0.08169,7884532.31
1669190400,0.08169,0.08238,0.08105,0.08181,4926266.19
1669204800,0.08181,0.08184,0.0794,0.08018,8477892.55
1669219200,0.08018,0.08168,0.07911,0.08096,4675499.09
1669233600,0.08096,0.08205,0.0805,0.08186,3414879.2
1669248000,0.08186,0.08414,0.08076,0.08279,7691544.73
1669262400,0.08279,0.08305,0.08177,0.08195,3038067.36
1669276800,0.08195,0.08209,0.08045,0.08091,3343848.58
1669291200,0.08091,0.08175,0.08067,0.08128,2489102.85
1669305600,0.08128,0.08171,0.08068,0.08118,2951797.49
1669320000,0.08118,0.08153,0.08079,0.08142,1904220.68
1669334400,0.08142,0.0832,0.08048,0.08207,7998079.02
1669348800,0.08207,0.08247,0.0809,0.08224,4931271.19
1669363200,0.08224,0.09168,0.08166,0.08788,23538171.56
1669377600,0.08788,0.08896,0.0862,0.08812,14034083.8
1669392000,0.08812,0.09081,0.08725,0.08947,14650444.78
1669406400,0.08947,0.08997,0.08817,0.08941,7972393.92
1669420800,0.08941,0.09545,0.08894,0.09249,24249475.97
1669435200,0.09249,0.09352,0.0908,0.09208,10781321.14
1669449600,0.09208,0.09335,0.09142,0.09206,6187766.02
1669464000,0.09206,0.09468,0.09029,0.09092,13307934.63
1669478400,0.09092,0.09179,0.08914,0.09003,8117259.24
1669492800,0.09003,0.09039,0.08713,0.08885,6474906.66
1669507200,0.08885,0.08976,0.08878,0.08922,3076712.6900000004
1669521600,0.08922,0.09861,0.08909,0.09681,30233463.11
1669536000,0.09681,0.1077,0.09609,0.1047,36531447.79
1669550400,0.1047,0.1062,0.1011,0.1032,25854684.43
1669564800,0.1032,0.1051,0.1024,0.1046,21198309.45
1669579200,0.1046,0.1062,0.09753,0.09856,28607083.96
1669593600,0.09856,0.09959,0.09183,0.09505,34350193.81
1669608000,0.09505,0.09595,0.09261,0.09562,14918820.12
1669622400,0.09562,0.09643,0.0938,0.09432,12468106.84
1669636800,0.09432,0.09565,0.09249,0.09319,12137115.18
1669651200,0.09319,0.09759,0.09059,0.09504,21614942.71
1669665600,0.09504,0.09578,0.09389,0.09511,8431351.79
1669680000,0.09511,0.1032,0.09359,0.1011,28949418.85
1669694400,0.1011,0.105,0.1009,0.1023,19006704.41
1669708800,0.1023,0.1055,0.1011,0.1038,13737136.4
1669723200,0.1038,0.1043,0.1001,0.1015,19027499.74
1669737600,0.1015,0.1023,0.09917,0.1017,16388544.92
1669752000,0.1017,0.103,0.1013,0.1014,11748796.67
1669766400,0.1014,0.1099,0.1009,0.106,38547549.93
1669780800,0.106,0.1069,0.1052,0.1062,16898390.93
1669795200,0.1062,0.1073,0.1041,0.1051,12789367.95
1669809600,0.1051,0.1062,0.1033,0.1042,15612671.05
1669824000,0.1042,0.1054,0.09943,0.1039,21517763.6
1669838400,0.1039,0.1095,0.1035,0.1068,20171217.66
1669852800,0.1068,0.1077,0.1037,0.1045,15068875.420000002
1669867200,0.1045,0.105,0.1024,0.1026,9720330.08
1669881600,0.1026,0.1042,0.102,0.1041,6270984.98
1669896000,0.1041,0.1059,0.1003,0.102,20317025.6
1669910400,0.102,0.1026,0.1012,0.1023,7369116.18
1669924800,0.1023,0.1024,0.1006,0.1017,6684309.800000001
1669939200,0.1017,0.1036,0.09656,0.09851,17047025.85
1669953600,0.09851,0.09962,0.09694,0.09944,6603682.03
1669968000,0.09944,0.1003,0.0984,0.09978,5150142.61
1669982400,0.09978,0.1006,0.09678,0.09891,10188911.15
1669996800,0.09891,0.09963,0.09824,0.09939,7325574.35
1670011200,0.09939,0.1025,0.09916,0.1022,10835177.46
1670025600,0.1022,0.1031,0.1006,0.101,8417830.67
1670040000,0.101,0.1017,0.09848,0.09904,9211295.46
1670054400,0.09904,0.09964,0.09811,0.09944,4984462.8100000005
1670068800,0.09944,0.1027,0.09906,0.1016,11361742.86
1670083200,0.1016,0.1022,0.1009,0.1017,7663237.77
1670097600,0.1017,0.1018,0.09912,0.0996,9737197.53
1670112000,0.0996,0.1027,0.09955,0.1016,10842796.29
1670126400,0.1016,0.1049,0.1016,0.1035,10140568.27
1670140800,0.1035,0.1057,0.1023,0.1032,10665225.95
1670155200,0.1032,0.1039,0.1021,0.1035,6379811.37
1670169600,0.1035,0.1042,0.1026,0.104,7290397.61
1670184000,0.104,0.1049,0.1034,0.1041,5948920.21
1670198400,0.1041,0.1051,0.1037,0.104,6700345.31
1670212800,0.104,0.1055,0.1034,0.104,6795547.22
1670227200,0.104,0.1117,0.1037,0.1067,22046047.99
1670241600,0.1067,0.1067,0.1021,0.103,13164150.38
1670256000,0.103,0.1034,0.09929,0.1006,14821314.12
1670270400,0.1006,0.1015,0.1004,0.1015,8956719.89
1670284800,0.1015,0.1028,0.1015,0.1021,6711439.08
1670299200,0.1021,0.1022,0.1001,0.1009,6049099.19
1670313600,0.1009,0.1014,0.09946,0.1006,6472032.58
1670328000,0.1006,0.1014,0.09931,0.09985,8641271.33
1670342400,0.09985,0.1004,0.09816,0.09915,10022088.95
1670356800,0.09915,0.1005,0.09886,0.1002,5539917.92
1670371200,0.1002,0.101,0.09952,0.0997,4366607.91
1670385600,0.0997,0.1012,0.093,0.09509,14622444.510000002
1670400000,0.09509,0.09651,0.09479,0.09582,7681354.84
1670414400,0.09582,0.09677,0.0955,0.09613,7856748.58
1670428800,0.09613,0.09616,0.09484,0.0955,5449773.58
1670443200,0.0955,0.09593,0.09426,0.09576,5140485.74
1670457600,0.09576,0.0978,0.09516,0.09669,5296521.48
1670472000,0.09669,0.09757,0.09539,0.09701,3455387.35
1670486400,0.09701,0.09714,0.09475,0.09616,4961395.29
1670500800,0.09616,0.09736,0.09566,0.09698,6487070.38
1670515200,0.09698,0.0987,0.09637,0.0984,8193960.14
1670529600,0.0984,0.09916,0.09761,0.09851,4697777.8100000005
1670544000,0.09851,0.09939,0.09783,0.0981,5122684.66
1670558400,0.0981,0.09863,0.09803,0.09824,2564985.2800000003
1670572800,0.09824,0.09873,0.09791,0.09822,2404150.66
1670587200,0.09822,0.09873,0.0962,0.09725,9892850.96
1670601600,0.09725,0.09725,0.09605,0.09661,4719139.63
1670616000,0.09661,0.09688,0.09564,0.09669,5051046.05
1670630400,0.09669,0.09729,0.09641,0.09664,4253980.92
1670644800,0.09664,0.09706,0.09635,0.0966,3604443.36
1670659200,0.0966,0.09695,0.09604,0.09693,2961618.58
1670673600,0.09693,0.09738,0.09658,0.09727,3047635.3600000003
1670688000,0.09727,0.09739,0.09663,0.0968,1512618.98
1670702400,0.0968,0.09736,0.09608,0.09629,4177068.77
1670716800,0.09629,0.09704,0.09627,0.0969,1991827.96
1670731200,0.0969,0.09714,0.09675,0.09691,2149966.02
1670745600,0.09691,0.09708,0.09673,0.09692,1420803.26
1670760000,0.09692,0.09695,0.09623,0.09628,2828382.58
1670774400,0.09628,0.09691,0.09572,0.09651,3077862.42
1670788800,0.09651,0.09653,0.09181,0.0927,12135788.03
1670803200,0.0927,0.09298,0.08515,0.08748,24892544.840000004
1670817600,0.08748,0.08847,0.08679,0.08805,13035649.85
1670832000,0.08805,0.08947,0.08748,0.08906,10545308.87
1670846400,0.08906,0.08957,0.08789,0.08854,9910534.58
1670860800,0.08854,0.08875,0.08787,0.08868,6363848.37
1670875200,0.08868,0.09047,0.08853,0.09029,9099281.67
1670889600,0.09029,0.09178,0.08944,0.08951,8566847.0
1670904000,0.08951,0.08992,0.08706,0.08843,9069401.37
1670918400,0.08843,0.09031,0.08807,0.08981,8022792.17
1670932800,0.08981,0.09541,0.08961,0.09196,24276923.78
1670947200,0.09196,0.0924,0.08886,0.09014,11820974.57
1670961600,0.09014,0.09138,0.08991,0.09102,5155478.55
1670976000,0.09102,0.09191,0.09071,0.09161,5545466.67
1670990400,0.09161,0.09193,0.09058,0.09099,3322436.13
1671004800,0.09099,0.09141,0.09027,0.09094,3748696.69
1671019200,0.09094,0.09245,0.09033,0.09168,7707060.46
1671033600,0.09168,0.09238,0.0874,0.0888,22062838.86
1671048000,0.0888,0.08953,0.08777,0.0883,9598575.62
1671062400,0.0883,0.08883,0.08618,0.08752,8957242.84
1671076800,0.08752,0.08803,0.08732,0.08766,2896162.81
1671091200,0.08766,0.08801,0.08703,0.08794,2694145.33
1671105600,0.08794,0.08797,0.08676,0.08716,6602632.56
1671120000,0.08716,0.08723,0.08484,0.0861,7988303.439999999
1671134400,0.0861,0.08626,0.08407,0.08484,8612651.08
1671148800,0.08484,0.08667,0.08461,0.08653,5013849.29
1671163200,0.08653,0.08682,0.08575,0.08652,3150332.8
1671177600,0.08652,0.08653,0.0811,0.08299,15608133.87
1671192000,0.08299,0.08299,0.08081,0.0816,15176256.07
1671206400,0.0816,0.08168,0.07968,0.08126,17514586.0
1671220800,0.08126,0.0817,0.07408,0.07555,23913691.74
1671235200,0.07555,0.0773,0.07546,0.07691,15877373.98
1671249600,0.07691,0.07843,0.07673,0.078,11921819.8
1671264000,0.078,0.07812,0.077,0.07723,6129130.68
1671278400,0.07723,0.07839,0.07668,0.07775,7124107.38
1671292800,0.07775,0.07779,0.07676,0.07757,6094970.5600000005
1671307200,0.07757,0.0795,0.07752,0.07923,7084114.88
1671321600,0.07923,0.07946,0.07824,0.07929,5784256.12
1671336000,0.07929,0.08006,0.07918,0.07928,4249057.01
1671350400,0.07928,0.07934,0.07767,0.07816,4114158.02
1671364800,0.07816,0.07873,0.07758,0.07788,3074723.39
1671379200,0.07788,0.07954,0.0778,0.07867,5239909.54
1671393600,0.07867,0.07985,0.07831,0.07847,5576435.279999999
1671408000,0.07847,0.07951,0.07663,0.07738,9246358.38
1671422400,0.07738,0.07805,0.07728,0.07763,4374891.48
1671436800,0.07763,0.07826,0.07692,0.07723,4894668.73
1671451200,0.07723,0.07775,0.07617,0.07629,13721699.509999998
1671465600,0.07629,0.07636,0.07135,0.07233,27360996.05
1671480000,0.07233,0.07298,0.06987,0.07135,14766129.14
1671494400,0.07135,0.0747,0.07108,0.07388,10772011.84
1671508800,0.07388,0.07549,0.07365,0.07433,7242382.689999999
1671523200,0.07433,0.07469,0.07376,0.07443,4177728.85
1671537600,0.07443,0.0756,0.07317,0.07463,9539259.51
1671552000,0.07463,0.07464,0.07355,0.07447,4886580.46
1671566400,0.07447,0.07514,0.07401,0.07485,4339821.609999999
1671580800,0.07485,0.07503,0.07269,0.07301,9342913.67
1671595200,0.07301,0.07304,0.07137,0.07264,8907586.84
1671609600,0.07264,0.07371,0.07227,0.07352,5584910.46
1671624000,0.07352,0.07394,0.07282,0.07341,7037745.84
1671638400,0.07341,0.07342,0.07257,0.0729,5001087.58
1671652800,0.0729,0.07378,0.07269,0.07375,4474080.25
1671667200,0.07375,0.07428,0.0734,0.07377,3906742.14
1671681600,0.07377,0.07393,0.07328,0.07361,3268289.7
1671696000,0.07361,0.07693,0.0734,0.07619,8821004.08
1671710400,0.07619,0.07772,0.07411,0.07454,20372977.27
1671724800,0.07454,0.07573,0.07413,0.07555,7471366.06
1671739200,0.07555,0.07747,0.07542,0.07686,10974812.72
1671753600,0.07686,0.07878,0.0766,0.07788,10387081.71
1671768000,0.07788,0.07898,0.07761,0.07847,6753147.86
1671782400,0.07847,0.0785,0.07727,0.07756,4353659.9
1671796800,0.07756,0.07849,0.07642,0.07717,11740865.99
1671811200,0.07717,0.07757,0.07685,0.07757,3574375.64
1671825600,0.07757,0.07768,0.07658,0.0772,3197561.35
1671840000,0.0772,0.07756,0.07684,0.07739,2570497.73
1671854400,0.07739,0.07756,0.07664,0.07748,3618195.47
1671868800,0.07748,0.07748,0.07701,0.07722,1992939.28
1671883200,0.07722,0.07746,0.077,0.07726,2034030.7
1671897600,0.07726,0.07815,0.07718,0.07788,3725054.48
1671912000,0.07788,0.07794,0.07736,0.07753,2281163.01
1671926400,0.07753,0.07765,0.0771,0.07719,2502470.43
1671940800,0.07719,0.07726,0.07666,0.07694,2526973.44
1671955200,0.07694,0.07714,0.07621,0.07645,2931049.52
1671969600,0.07645,0.07664,0.07327,0.0749,12124161.16
1671984000,0.0749,0.07607,0.0738,0.07565,12629388.49
1671998400,0.07565,0.07611,0.07497,0.07596,5190759.6
1672012800,0.07596,0.07659,0.07532,0.07625,3605233.64
1672027200,0.07625,0.07633,0.07539,0.07552,2286511.85
1672041600,0.07552,0.07593,0.0751,0.07578,2235305.91
1672056000,0.07578,0.07594,0.07533,0.07554,2259717.72
1672070400,0.07554,0.07589,0.07527,0.0753,2426398.99
1672084800,0.0753,0.07591,0.07432,0.07568,5148605.08
1672099200,0.07568,0.07611,0.0749,0.07517,6214117.25
1672113600,0.07517,0.07527,0.07479,0.0749,1683601.66
1672128000,0.0749,0.07515,0.07443,0.07501,2770239.74
1672142400,0.07501,0.07501,0.07354,0.07412,4829910.7
1672156800,0.07412,0.0742,0.07266,0.07323,7680893.91
1672171200,0.07323,0.07373,0.07313,0.07369,2889801.98
1672185600,0.07369,0.07384,0.07075,0.07183,12478021.94
1672200000,0.07183,0.07198,0.06929,0.07104,14432413.24
1672214400,0.07104,0.07145,0.0705,0.07119,4640418.42
1672228800,0.07119,0.07264,0.07076,0.07126,12610728.16
1672243200,0.07126,0.07159,0.07068,0.07102,4501352.79
1672257600,0.07102,0.07135,0.06965,0.07036,7695957.45
1672272000,0.07036,0.07088,0.06969,0.07063,5177491.83
1672286400,0.07063,0.07098,0.07033,0.07085,2648008.78
1672300800,0.07085,0.07111,0.07013,0.07078,2523306.58
1672315200,0.07078,0.07135,0.07053,0.07107,3841359.46
1672329600,0.07107,0.07135,0.07053,0.0708,4430606.51
1672344000,0.0708,0.07158,0.06929,0.07092,9082104.24
1672358400,0.07092,0.07139,0.07015,0.07042,4313519.74
1672372800,0.07042,0.07054,0.06674,0.06773,10531941.34
1672387200,0.06773,0.06844,0.06757,0.06771,6142646.14
1672401600,0.06771,0.06809,0.06593,0.06765,13454130.09
1672416000,0.06765,0.06858,0.06734,0.06841,6279567.12
1672430400,0.06841,0.06874,0.06755,0.06836,3955923.9
1672444800,0.06836,0.06875,0.06791,0.06831,2948793.25
1672459200,0.06831,0.06997,0.06803,0.0692,3953167.73
1672473600,0.0692,0.07058,0.06908,0.07028,7240272.79
1672488000,0.07028,0.07128,0.06974,0.07061,9094402.97
1672502400,0.07061,0.07075,0.06987,0.07048,4334518.67
1672516800,0.07048,0.07078,0.0699,0.07013,4394711.75
1672531200,0.07013,0.07031,0.0694,0.06974,4541327.79
1672545600,0.06974,0.06982,0.06901,0.06947,6010007.57
1672560000,0.06947,0.06986,0.06921,0.06963,4981992.99
1672574400,0.06963,0.06979,0.06938,0.06969,1911552.45
1672588800,0.06969,0.07079,0.06953,0.07028,3698176.55
1672603200,0.07028,0.0708,0.06988,0.0702,2742484.52
1672617600,0.0702,0.07032,0.06902,0.06998,5028736.44
1672632000,0.06998,0.07368,0.06982,0.07176,10019879.62
1672646400,0.07176,0.07249,0.07137,0.07178,6511055.87
1672660800,0.07178,0.07273,0.07158,0.07233,6434376.140000001
1672675200,0.07233,0.07243,0.07184,0.07213,2678351.03
1672689600,0.07213,0.07265,0.07086,0.07135,5037598.630000001
1672704000,0.07135,0.0718,0.0711,0.07171,2952549.9
1672718400,0.07171,0.07228,0.07136,0.07192,3749686.51
1672732800,0.07192,0.07197,0.07131,0.07142,2197310.6
1672747200,0.07142,0.07186,0.07041,0.07094,6632094.890000001
1672761600,0.07094,0.07114,0.06946,0.06995,7800987.899999999
1672776000,0.06995,0.07054,0.0698,0.07045,2699164.89
1672790400,0.07045,0.07287,0.07017,0.0727,11233049.37
1672804800,0.0727,0.07299,0.07196,0.07256,3873901.79
1672819200,0.07256,0.07295,0.07179,0.07196,3269938.68
1672833600,0.07196,0.07248,0.07151,0.07234,5577160.58
1672848000,0.07234,0.07318,0.07188,0.07229,7615984.19
1672862400,0.07229,0.07353,0.07155,0.07312,3950400.38
1672876800,0.07312,0.07451,0.07258,0.07289,9482518.54
1672891200,0.07289,0.07527,0.07289,0.0738,9623495.81
1672905600,0.0738,0.07386,0.07259,0.07347,5394239.75
1672920000,0.07347,0.07348,0.07204,0.07231,7309514.45
1672934400,0.07231,0.07275,0.07187,0.07262,3577751.09
1672948800,0.07262,0.07279,0.07056,0.07148,6301536.43
1672963200,0.07148,0.07219,0.07116,0.07135,3965556.02
1672977600,0.07135,0.07144,0.07034,0.07095,4138333.1
1672992000,0.07095,0.07108,0.06961,0.07049,5129351.55
1673006400,0.07049,0.0716,0.07007,0.07145,7898556.55
1673020800,0.07145,0.07264,0.07125,0.07253,5059298.13
1673035200,0.07253,0.07274,0.07192,0.07243,3352522.3600000003
1673049600,0.07243,0.07299,0.07221,0.07243,2376379.41
1673064000,0.07243,0.07273,0.07203,0.07264,2032796.84
1673078400,0.07264,0.07265,0.07187,0.07196,1680033.83
1673092800,0.07196,0.07232,0.07167,0.07225,2098326.93
1673107200,0.07225,0.07247,0.07187,0.07218,1777296.6700000002
1673121600,0.07218,0.0724,0.07191,0.07217,1478774.25
1673136000,0.07217,0.07237,0.07124,0.07183,3488639.39
1673150400,0.07183,0.07202,0.07175,0.07179,1274696.42
1673164800,0.07179,0.07209,0.07162,0.07168,1697525.67
1673179200,0.07168,0.07263,0.07149,0.07243,2992162.05
1673193600,0.07243,0.07267,0.07165,0.07189,2805586.16
1673208000,0.07189,0.07393,0.07181,0.07358,9420118.1
1673222400,0.07358,0.07564,0.07296,0.07489,13587448.0
1673236800,0.07489,0.07616,0.07451,0.07493,6918046.07
1673251200,0.07493,0.07884,0.07466,0.0778,12039887.89
1673265600,0.0778,0.07903,0.07617,0.07818,19770664.99
1673280000,0.07818,0.07956,0.07666,0.07685,15068614.4
1673294400,0.07685,0.07708,0.07502,0.07562,10999160.08
1673308800,0.07562,0.07738,0.07389,0.07582,10973290.91
1673323200,0.07582,0.07622,0.07539,0.07569,4859943.44
1673337600,0.07569,0.07758,0.0756,0.07701,9669700.56
1673352000,0.07701,0.07702,0.07553,0.07661,10473314.36
1673366400,0.07661,0.07724,0.07572,0.0771,5378813.03
1673380800,0.0771,0.07788,0.0768,0.0778,5620544.32
1673395200,0.0778,0.07836,0.07595,0.07654,7957497.119999999
1673409600,0.07654,0.07717,0.07623,0.07707,3384843.51
1673424000,0.07707,0.07722,0.07651,0.07675,2389688.81
1673438400,0.07675,0.07677,0.07474,0.0751,7430658.27
1673452800,0.0751,0.07746,0.07492,0.07729,6265159.3100000005
1673467200,0.07729,0.07855,0.07636,0.07813,8842092.46
1673481600,0.07813,0.08125,0.07775,0.08,14382629.71
1673496000,0.08,0.08048,0.07871,0.07912,7082756.77
1673510400,0.07912,0.07912,0.07788,0.07851,4095419.64
1673524800,0.07851,0.07921,0.07542,0.07732,17814010.73
1673539200,0.07732,0.08041,0.07703,0.07982,15301072.83
1673553600,0.07982,0.08075,0.07939,0.08028,8047672.71
1673568000,0.08028,0.08125,0.07918,0.0807,6525252.19
1673582400,0.0807,0.08158,0.07973,0.08,5623746.8100000005
1673596800,0.08,0.08097,0.07961,0.07982,6835022.91
1673611200,0.07982,0.08044,0.07865,0.08041,7292702.0
1673625600,0.08041,0.0807,0.07936,0.08059,5921780.6
1673640000,0.08059,0.08521,0.08023,0.08452,18594643.67
1673654400,0.08452,0.09009,0.08417,0.08777,31993814.82
1673668800,0.08777,0.09004,0.08639,0.08908,15645170.2
1673683200,0.08908,0.09254,0.08346,0.08616,27838035.89
1673697600,0.08616,0.08829,0.08511,0.08698,13163426.59
1673712000,0.08698,0.0875,0.08565,0.08605,9196826.93
1673726400,0.08605,0.0878,0.08577,0.0873,6850002.0600000005
1673740800,0.0873,0.08794,0.08398,0.08492,12922774.59
1673755200,0.08492,0.0853,0.08354,0.0844,5109507.52
1673769600,0.0844,0.08449,0.08283,0.08439,6021943.0600000005
1673784000,0.08439,0.0861,0.08395,0.08586,5935409.01
1673798400,0.08586,0.08655,0.08426,0.08524,9188234.62
1673812800,0.08524,0.08681,0.08484,0.0861,6802202.76
1673827200,0.0861,0.08827,0.08527,0.08655,13427624.98
1673841600,0.08655,0.08754,0.08616,0.0863,5732491.5600000005
1673856000,0.0863,0.08636,0.08326,0.08398,7548025.66
1673870400,0.08398,0.08474,0.08151,0.08356,9940228.71
1673884800,0.08356,0.08505,0.08317,0.08477,8058410.06
1673899200,0.08477,0.08501,0.08331,0.08366,6071704.03
1673913600,0.08366,0.08422,0.08202,0.08351,8440194.42
1673928000,0.08351,0.0844,0.0834,0.08419,3103668.63
1673942400,0.08419,0.08453,0.08377,0.08444,3002358.56
1673956800,0.08444,0.08502,0.08306,0.0836,6329520.97
1673971200,0.0836,0.08428,0.08287,0.08406,3589476.71
1673985600,0.08406,0.08434,0.08266,0.08285,3799047.87
1674000000,0.08285,0.08845,0.08274,0.08695,19392420.7
1674014400,0.08695,0.08918,0.0864,0.08704,9475803.94
1674028800,0.08704,0.08712,0.08538,0.08656,6667060.99
1674043200,0.08656,0.08965,0.08358,0.08471,14393695.93
1674057600,0.08471,0.08475,0.07756,0.08186,24261964.81
1674072000,0.08186,0.08232,0.07969,0.08004,10590074.91
1674086400,0.08004,0.08131,0.07976,0.08103,5783813.16
1674100800,0.08103,0.08157,0.08069,0.08095,3224081.22
1674115200,0.08095,0.08151,0.08032,0.08068,4760087.470000001
1674129600,0.08068,0.08142,0.08,0.08097,7152919.3
1674144000,0.08097,0.0821,0.08032,0.0819,5777115.15
1674158400,0.0819,0.08216,0.08119,0.08159,3368331.97
1674172800,0.08159,0.08192,0.08086,0.08137,4745436.37
1674187200,0.08137,0.08189,0.08065,0.08087,3931668.95
1674201600,0.08087,0.08109,0.08061,0.08097,2895795.91
1674216000,0.08097,0.08176,0.08081,0.08154,4979916.32
1674230400,0.08154,0.08347,0.0815,0.08343,7914482.83
1674244800,0.08343,0.08701,0.08343,0.08621,18281831.92
1674259200,0.08621,0.08683,0.08528,0.08603,9674172.39
1674273600,0.08603,0.08809,0.08579,0.0869,7045032.369999999
1674288000,0.0869,0.08908,0.08497,0.08684,15391654.29
1674302400,0.08684,0.08788,0.08607,0.08627,10324832.21
1674316800,0.08627,0.08786,0.08627,0.08779,7454046.239999999
1674331200,0.08779,0.08784,0.08427,0.08463,9874198.26
1674345600,0.08463,0.08575,0.08441,0.08524,8079957.37
1674360000,0.08524,0.08596,0.08515,0.08567,4156975.35
1674374400,0.08567,0.08634,0.08517,0.08571,4715819.29
1674388800,0.08571,0.08803,0.08505,0.08661,9821661.98
1674403200,0.08661,0.09336,0.08605,0.08927,32069894.06
1674417600,0.08927,0.08949,0.086,0.08823,14666366.97
1674432000,0.08823,0.09147,0.08791,0.08971,13286234.89
1674446400,0.08971,0.0908,0.08888,0.08927,6981060.390000001
1674460800,0.08927,0.09003,0.08857,0.0899,7863838.38
1674475200,0.0899,0.08994,0.08644,0.0882,16294565.34
1674489600,0.0882,0.08927,0.08711,0.08758,11225502.16
1674504000,0.08758,0.08883,0.08752,0.08848,6056240.8
1674518400,0.08848,0.09079,0.08798,0.09072,9966819.0
1674532800,0.09072,0.09079,0.08942,0.08993,4775238.720000001
1674547200,0.08993,0.09018,0.08842,0.08883,5519363.970000001
1674561600,0.08883,0.08936,0.08762,0.08859,7775285.42
1674576000,0.08859,0.08879,0.08697,0.08861,6626561.68
1674590400,0.08861,0.08869,0.08237,0.08389,16900354.439999998
1674604800,0.08389,0.08423,0.08176,0.08417,10730807.34
1674619200,0.08417,0.08508,0.08405,0.08486,4627790.53
1674633600,0.08486,0.08513,0.08346,0.08368,3669404.44
1674648000,0.08368,0.08498,0.08273,0.0838,8979055.93
1674662400,0.0838,0.08557,0.08358,0.0854,7359009.62
1674676800,0.0854,0.08815,0.08502,0.08653,14497557.93
1674691200,0.08653,0.08706,0.08606,0.08638,3683222.58
1674705600,0.08638,0.08744,0.0859,0.08618,6028041.23
1674720000,0.08618,0.08642,0.08509,0.0858,4117543.52
1674734400,0.0858,0.08771,0.08464,0.08572,10675770.94
1674748800,0.08572,0.08636,0.08486,0.08624,5304170.0
1674763200,0.08624,0.08663,0.08547,0.08637,4413287.93
1674777600,0.08637,0.08678,0.08367,0.0847,8478921.47
1674792000,0.0847,0.08588,0.08464,0.08588,3300199.06
1674806400,0.08588,0.08593,0.08506,0.0855,2752763.19
1674820800,0.0855,0.08638,0.08458,0.08577,8231410.36
1674835200,0.08577,0.08713,0.08563,0.08713,7273862.229999999
1674849600,0.08713,0.08801,0.08645,0.08723,8566218.92
1674864000,0.08723,0.08842,0.08721,0.08776,4821775.45
1674878400,0.08776,0.09356,0.08776,0.09008,20515624.19
1674892800,0.09008,0.09012,0.08879,0.08945,5234695.8
1674907200,0.08945,0.08945,0.08685,0.08857,9210967.68
1674921600,0.08857,0.08884,0.08766,0.08818,3742560.52
1674936000,0.08818,0.08822,0.08687,0.08777,3079141.44
1674950400,0.08777,0.08975,0.08733,0.08888,5813497.73
1674964800,0.08888,0.08915,0.08822,0.08857,2960610.64
1674979200,0.08857,0.09097,0.08838,0.08988,6324070.96
1674993600,0.08988,0.09043,0.08937,0.08985,5623853.08
1675008000,0.08985,0.09099,0.08866,0.09051,10621932.59
1675022400,0.09051,0.09056,0.08955,0.09012,5587074.5
1675036800,0.09012,0.09087,0.08874,0.08927,5011765.68
1675051200,0.08927,0.0897,0.08784,0.08831,4631773.63
1675065600,0.08831,0.08853,0.08497,0.08579,13117348.25
1675080000,0.08579,0.08775,0.08555,0.08667,7228283.29
1675094400,0.08667,0.09311,0.08486,0.08709,23144834.33
1675108800,0.08709,0.08864,0.08575,0.08837,9126234.18
1675123200,0.08837,0.09476,0.08827,0.09151,34089353.17
1675137600,0.09151,0.09552,0.09077,0.09503,21429261.71
1675152000,0.09503,0.0955,0.09107,0.0921,12139369.81
1675166400,0.0921,0.09449,0.09185,0.09319,20018758.46
1675180800,0.09319,0.09776,0.09245,0.09711,28614684.54
1675195200,0.09711,0.09779,0.09348,0.09614,16631593.17
1675209600,0.09614,0.09709,0.09249,0.09307,15249948.23
1675224000,0.09307,0.09335,0.09141,0.0925,8475641.129999999
1675238400,0.0925,0.09266,0.09088,0.09205,6172485.64
1675252800,0.09205,0.09213,0.08909,0.08949,15777635.82
1675267200,0.08949,0.09322,0.08826,0.092,24829442.1
1675281600,0.092,0.09489,0.09191,0.094,21221680.94
1675296000,0.094,0.09595,0.09373,0.09379,17144398.12
1675310400,0.09379,0.09447,0.09292,0.09308,6523876.78
1675324800,0.09308,0.09439,0.09291,0.09402,3865704.44
1675339200,0.09402,0.09426,0.09109,0.09319,12533308.57
1675353600,0.09319,0.09452,0.09228,0.09287,11624050.53
1675368000,0.09287,0.09334,0.09015,0.09093,11707487.49
1675382400,0.09093,0.09163,0.09035,0.09147,4512133.54
1675396800,0.09147,0.09247,0.0912,0.09125,4002733.66
1675411200,0.09125,0.09246,0.09085,0.09232,3961741.46
1675425600,0.09232,0.09257,0.09066,0.09228,10605727.7
1675440000,0.09228,0.0931,0.09159,0.0921,7146069.28
1675454400,0.0921,0.09333,0.09125,0.09292,8361776.84
1675468800,0.09292,0.09525,0.09253,0.09384,14906727.74
1675483200,0.09384,0.09446,0.09265,0.09368,7115503.45
1675497600,0.09368,0.09463,0.09316,0.09423,4325081.63
1675512000,0.09423,0.09491,0.0936,0.09407,7260468.75
1675526400,0.09407,0.09979,0.09333,0.09753,37281781.870000005
1675540800,0.09753,0.098,0.0951,0.09568,13977075.01
1675555200,0.09568,0.09605,0.0935,0.09495,12942540.72
1675569600,0.09495,0.0961,0.09461,0.09562,6522887.6
1675584000,0.09562,0.0969,0.09488,0.0951,7830807.74
1675598400,0.0951,0.09526,0.09108,0.09204,19160118.21
1675612800,0.09204,0.09226,0.0905,0.09183,10158065.0
1675627200,0.09183,0.09252,0.09067,0.0921,5957127.15
1675641600,0.0921,0.0929,0.09103,0.09158,7052843.609999999
1675656000,0.09158,0.09323,0.09059,0.0931,4095643.32
1675670400,0.0931,0.0932,0.09165,0.09235,2265369.19
1675684800,0.09235,0.09245,0.09095,0.09236,5229364.6
1675699200,0.09236,0.09275,0.09175,0.09202,5280832.04
1675713600,0.09202,0.09208,0.08851,0.08954,12080759.98
1675728000,0.08954,0.09096,0.08946,0.09085,4200021.11
1675742400,0.09085,0.09102,0.09057,0.09084,2987030.57
1675756800,0.09084,0.09175,0.09036,0.09141,4691907.82
1675771200,0.09141,0.0917,0.0904,0.09054,5572446.32
1675785600,0.09054,0.09238,0.08968,0.09137,12115758.94
1675800000,0.09137,0.09277,0.09124,0.0926,6328252.54
1675814400,0.0926,0.09334,0.09228,0.09256,5952265.68
1675828800,0.09256,0.09264,0.0918,0.09213,2565053.89
1675843200,0.09213,0.09221,0.09135,0.09213,2844974.88
1675857600,0.09213,0.09244,0.09014,0.09018,7664454.85
1675872000,0.09018,0.09058,0.08854,0.08966,8841765.6
1675886400,0.08966,0.09037,0.08902,0.09015,5320672.0
1675900800,0.09015,0.0909,0.085,0.08656,14233671.18
1675915200,0.08656,0.08834,0.0861,0.08786,6068468.01
1675929600,0.08786,0.08856,0.0877,0.08817,5427299.95
1675944000,0.08817,0.08911,0.08778,0.08784,8170081.9
1675958400,0.08784,0.08799,0.08092,0.08348,18791044.700000003
1675972800,0.08348,0.08352,0.07897,0.08145,17255681.009999998
1675987200,0.08145,0.08231,0.08117,0.08181,5507818.81
1676001600,0.08181,0.08241,0.08078,0.08235,5466258.0600000005
1676016000,0.08235,0.08287,0.08142,0.08156,5763231.82
1676030400,0.08156,0.08266,0.08073,0.08156,6287741.13
1676044800,0.08156,0.08284,0.08066,0.08283,6849841.42
1676059200,0.08283,0.08301,0.07945,0.08093,9118729.04
1676073600,0.08093,0.08233,0.0807,0.08211,2631458.19
1676088000,0.08211,0.08216,0.08131,0.08171,1819085.95
1676102400,0.08171,0.08175,0.08119,0.08138,1661600.52
1676116800,0.08138,0.08234,0.08137,0.08217,2400095.81
1676131200,0.08217,0.0822,0.08121,0.08182,2701452.87
1676145600,0.08182,0.08258,0.08165,0.08227,2394594.7
1676160000,0.08227,0.0823,0.08181,0.08191,1385424.09
1676174400,0.08191,0.082,0.08163,0.08174,1470966.0499999998
1676188800,0.08174,0.08579,0.08172,0.08457,11225884.71
1676203200,0.08457,0.08475,0.08332,0.08405,6585635.11
1676217600,0.08405,0.08478,0.08385,0.08444,3987438.0
1676232000,0.08444,0.08465,0.0812,0.08218,7710608.62
1676246400,0.08218,0.08272,0.08036,0.08177,4908553.56
1676260800,0.08177,0.08639,0.08169,0.08403,14580685.96
1676275200,0.08403,0.08406,0.07965,0.08114,12715653.6
1676289600,0.08114,0.08206,0.08104,0.08107,5609655.48
1676304000,0.08107,0.08161,0.07955,0.08149,7797283.93
1676318400,0.08149,0.08244,0.08109,0.08213,4406612.96
1676332800,0.08213,0.08233,0.08133,0.08138,2880582.41
1676347200,0.08138,0.08194,0.08122,0.08183,1928886.3
1676361600,0.08183,0.08221,0.08118,0.08167,2740154.44
1676376000,0.08167,0.08369,0.08026,0.08284,15253525.88
1676390400,0.08284,0.08362,0.08222,0.0835,6920738.52
1676404800,0.0835,0.08371,0.08301,0.0836,4133453.38
1676419200,0.0836,0.08769,0.08268,0.08509,15234530.44
1676433600,0.08509,0.08749,0.08493,0.08604,13468175.04
1676448000,0.08604,0.08667,0.08584,0.0865,6348532.37
1676462400,0.0865,0.08729,0.08562,0.08604,10271490.36
1676476800,0.08604,0.08794,0.08574,0.0877,8059654.64
1676491200,0.0877,0.08957,0.0873,0.08926,15412761.23
1676505600,0.08926,0.09096,0.08882,0.08996,12757248.69
1676520000,0.08996,0.0903,0.08842,0.08898,8476170.870000001
1676534400,0.08898,0.08961,0.0882,0.08857,4304698.35
1676548800,0.08857,0.08926,0.08658,0.08919,10048388.59
1676563200,0.08919,0.09192,0.08748,0.089,18417809.29
1676577600,0.089,0.08903,0.08472,0.08488,15767231.57
1676592000,0.08488,0.08653,0.08433,0.08633,6299032.64
1676606400,0.08633,0.08678,0.08564,0.08628,2936457.34
1676620800,0.08628,0.08679,0.08595,0.08659,3019164.76
1676635200,0.08659,0.08746,0.08608,0.08697,6483312.62
1676649600,0.08697,0.08787,0.08618,0.08772,7223116.56
1676664000,0.08772,0.08851,0.08651,0.08774,7238017.45
1676678400,0.08774,0.0886,0.08773,0.08802,3579634.06
1676692800,0.08802,0.08841,0.0873,0.08753,2582419.35
1676707200,0.08753,0.08774,0.0868,0.08714,2469806.52
1676721600,0.08714,0.08802,0.08705,0.08783,2529526.24
1676736000,0.08783,0.09045,0.08752,0.08796,10606470.68
1676750400,0.08796,0.08971,0.08751,0.08884,3386897.06
1676764800,0.08884,0.08917,0.08824,0.08862,3370845.9
1676779200,0.08862,0.0893,0.088,0.08808,3954933.77
1676793600,0.08808,0.08889,0.08806,0.0887,4535454.04
1676808000,0.0887,0.08998,0.08845,0.08921,6344632.29
1676822400,0.08921,0.09002,0.08645,0.08683,12126643.65
1676836800,0.08683,0.0874,0.08567,0.08706,7198486.95
1676851200,0.08706,0.08767,0.0853,0.08764,8470585.719999999
1676865600,0.08764,0.08818,0.08749,0.08805,3307224.7
1676880000,0.08805,0.08872,0.08746,0.08853,7893538.609999999
1676894400,0.08853,0.08865,0.08777,0.08824,8148544.49
1676908800,0.08824,0.08829,0.08723,0.08804,7007405.26
1676923200,0.08804,0.08836,0.08764,0.0883,4462126.01
1676937600,0.0883,0.08884,0.08781,0.08801,5945529.3100000005
1676952000,0.08801,0.08841,0.08753,0.088,2651248.8200000003
1676966400,0.088,0.08867,0.08598,0.08626,10487514.51
1676980800,0.08626,0.08677,0.08553,0.08603,6902343.96
1676995200,0.08603,0.08687,0.08533,0.08625,3719149.25
1677009600,0.08625,0.08643,0.0843,0.08544,6492977.21
1677024000,0.08544,0.08575,0.0832,0.08495,7864877.06
1677038400,0.08495,0.08503,0.08377,0.08438,4496953.02
1677052800,0.08438,0.08844,0.08289,0.08595,18656585.14
1677067200,0.08595,0.08631,0.08293,0.08327,9791830.1
1677081600,0.08327,0.08486,0.08317,0.08435,7979861.0
1677096000,0.08435,0.08554,0.08398,0.08548,4217115.53
1677110400,0.08548,0.08641,0.08513,0.0858,5171081.27
1677124800,0.0858,0.08627,0.08538,0.08566,2199638.94
1677139200,0.08566,0.08585,0.08374,0.08432,5015306.2
1677153600,0.08432,0.0853,0.08392,0.08475,7149385.1
1677168000,0.08475,0.0849,0.08386,0.08444,3723413.47
1677182400,0.08444,0.08469,0.08351,0.08422,3087145.98
1677196800,0.08422,0.08498,0.08406,0.08429,2046607.53
1677211200,0.08429,0.08484,0.084,0.08465,1508184.79
1677225600,0.08465,0.08489,0.08374,0.0843,1486784.58
1677240000,0.0843,0.08463,0.08138,0.08183,8354734.529999999
1677254400,0.08183,0.08183,0.07983,0.081,12389171.96
1677268800,0.081,0.0814,0.07929,0.08091,4224352.57
1677283200,0.08091,0.08206,0.08089,0.08126,2090198.67
1677297600,0.08126,0.08163,0.08088,0.08163,1185045.8199999998
1677312000,0.08163,0.08169,0.08073,0.08118,1973920.22
1677326400,0.08118,0.0815,0.08034,0.08122,3710312.89
1677340800,0.08122,0.08156,0.07965,0.08018,5221790.17
1677355200,0.08018,0.08084,0.07861,0.08076,7275286.87
1677369600,0.08076,0.08136,0.0804,0.08124,2610084.63
1677384000,0.08124,0.08129,0.08088,0.0811,2401898.39
1677398400,0.0811,0.08156,0.08088,0.08137,1843946.15
1677412800,0.08137,0.08157,0.08104,0.0815,1718282.89
1677427200,0.0815,0.08242,0.08105,0.08216,2740185.06
1677441600,0.08216,0.08259,0.08148,0.08218,2425743.53
1677456000,0.08218,0.0822,0.08162,0.082,3386114.51
1677470400,0.082,0.08206,0.08114,0.08118,2905806.15
1677484800,0.08118,0.08136,0.08068,0.08108,2526521.56
1677499200,0.08108,0.08227,0.08069,0.08136,4100215.57
1677513600,0.08136,0.0815,0.07996,0.08055,3830633.53
1677528000,0.08055,0.08138,0.08018,0.08135,1960534.73
1677542400,0.08135,0.08296,0.08126,0.08218,4239032.71
1677556800,0.08218,0.08292,0.08109,0.08114,6308692.47
1677571200,0.08114,0.08175,0.08094,0.08155,2668970.29
1677585600,0.08155,0.08217,0.08139,0.08195,4563134.02
1677600000,0.08195,0.08305,0.081,0.08126,6634472.41
1677614400,0.08126,0.08128,0.0799,0.08084,5631720.3100000005
1677628800,0.08084,0.082,0.08028,0.08198,2424387.75
1677643200,0.08198,0.08252,0.08179,0.08233,2987006.76
1677657600,0.08233,0.08285,0.08187,0.08226,3130744.12
1677672000,0.08226,0.08233,0.08172,0.08201,2721941.23
1677686400,0.08201,0.08201,0.08105,0.0811,3215944.14
1677700800,0.0811,0.08214,0.08106,0.08193,3094419.64
1677715200,0.08193,0.08223,0.08058,0.08093,4472002.21
1677729600,0.08093,0.08112,0.08048,0.08085,1616003.28
1677744000,0.08085,0.08092,0.08042,0.08067,1228365.37
1677758400,0.08067,0.08076,0.07963,0.08029,4121087.69
1677772800,0.08029,0.08085,0.07984,0.08081,2505086.01
1677787200,0.08081,0.08085,0.08032,0.08053,2763006.97
1677801600,0.08053,0.08059,0.07312,0.07512,24275626.96
1677816000,0.07512,0.07601,0.07503,0.07578,3817995.19
1677830400,0.07578,0.0761,0.07566,0.07598,1898877.83
1677844800,0.07598,0.07644,0.07551,0.07609,3622565.55
1677859200,0.07609,0.07674,0.07596,0.07649,3393431.91
1677873600,0.07649,0.07689,0.07583,0.07683,4169769.76
1677888000,0.07683,0.07726,0.0766,0.07667,1950946.37
1677902400,0.07667,0.07679,0.07608,0.07643,1368552.39
1677916800,0.07643,0.07646,0.07605,0.07635,822160.85
1677931200,0.07635,0.0764,0.07573,0.07574,1466336.35
1677945600,0.07574,0.07598,0.07464,0.07483,1054521.8199999998
1677960000,0.07483,0.07486,0.0726,0.07463,4475713.24
1677974400,0.07463,0.07604,0.0743,0.07541,3966012.55
1677988800,0.07541,0.07587,0.07525,0.07535,1280037.49
1678003200,0.07535,0.07573,0.07506,0.07551,1413242.41
1678017600,0.07551,0.0756,0.0753,0.07536,1719541.5
1678032000,0.07536,0.07541,0.07497,0.07511,1396767.98
1678046400,0.07511,0.07585,0.0744,0.07477,2579548.37
1678060800,0.07477,0.075,0.0734,0.07407,6064016.01
1678075200,0.07407,0.07426,0.07346,0.07394,1746832.66
1678089600,0.07394,0.07421,0.07354,0.07367,2249331.35
1678104000,0.07367,0.07486,0.07323,0.0748,3278717.47
1678118400,0.0748,0.07512,0.0744,0.07458,2033228.67
1678132800,0.07458,0.07501,0.07429,0.07478,2513589.78
1678147200,0.07478,0.07595,0.07446,0.07545,5686588.78
1678161600,0.07545,0.07577,0.07486,0.0749,1721527.39
1678176000,0.0749,0.07502,0.07384,0.07396,2743628.83
1678190400,0.07396,0.07429,0.07238,0.07384,7315941.42
1678204800,0.07384,0.07419,0.0732,0.07369,3106164.46
1678219200,0.07369,0.07409,0.07269,0.07406,3022327.26
1678233600,0.07406,0.07427,0.07334,0.07363,2647107.54
1678248000,0.07363,0.0738,0.07251,0.07273,3238037.15
1678262400,0.07273,0.07383,0.07247,0.07364,2824157.47
1678276800,0.07364,0.07373,0.07209,0.07358,7446366.75
1678291200,0.07358,0.07381,0.07174,0.07234,3825084.63
1678305600,0.07234,0.07292,0.07011,0.07112,11225592.2
1678320000,0.07112,0.07212,0.07099,0.07189,5764629.86
1678334400,0.07189,0.0721,0.07137,0.07149,3267184.99
1678348800,0.07149,0.0718,0.07109,0.07171,4159804.75
1678363200,0.07171,0.07226,0.07126,0.07175,3476606.3200000003
1678377600,0.07175,0.072,0.06805,0.06845,14771801.48
1678392000,0.06845,0.06846,0.06406,0.06603,20783008.04
1678406400,0.06603,0.06612,0.0645,0.06577,5830841.0600000005
1678420800,0.06577,0.06618,0.06495,0.06558,4715233.73
1678435200,0.06558,0.06567,0.06256,0.06409,7240297.81
1678449600,0.06409,0.06588,0.06382,0.06499,6760788.199999999
1678464000,0.06499,0.06573,0.06452,0.06561,4913298.84
1678478400,0.06561,0.06619,0.06473,0.06597,4529411.82
1678492800,0.06597,0.06903,0.06584,0.06712,7456089.41
1678507200,0.06712,0.06714,0.06377,0.06443,6789527.21
1678521600,0.06443,0.06568,0.06424,0.06505,4264551.87
1678536000,0.06505,0.06528,0.06446,0.06448,2728950.83
1678550400,0.06448,0.06602,0.06428,0.06591,4479442.78
1678564800,0.06591,0.06683,0.06568,0.06659,3329606.22
1678579200,0.06659,0.0668,0.06594,0.06661,2341630.52
1678593600,0.06661,0.06725,0.06613,0.06644,2909581.94
1678608000,0.06644,0.06675,0.06625,0.06647,1971099.96
1678622400,0.06647,0.06659,0.06596,0.06618,2345659.05
1678636800,0.06618,0.06884,0.06602,0.06797,6528754.85
1678651200,0.06797,0.07142,0.06794,0.07099,8411450.370000001
1678665600,0.07099,0.07205,0.07012,0.07022,8015420.53
1678680000,0.07022,0.07112,0.07016,0.07074,2754474.1
1678694400,0.07074,0.07083,0.06847,0.06902,3265543.87
1678708800,0.06902,0.07395,0.06833,0.07267,11183427.0
1678723200,0.07267,0.07362,0.0721,0.07294,5491471.05
1678737600,0.07294,0.07377,0.07241,0.07309,4808711.92
1678752000,0.07309,0.07316,0.07246,0.0731,2698706.46
1678766400,0.0731,0.07356,0.07209,0.07234,2665303.53
1678780800,0.07234,0.07274,0.07153,0.07256,2548562.73
1678795200,0.07256,0.07789,0.07198,0.07727,15616777.33
1678809600,0.07727,0.07742,0.07358,0.07506,8997066.1
1678824000,0.07506,0.07529,0.07325,0.0748,7270523.33
1678838400,0.0748,0.07588,0.07392,0.07562,7057505.43
1678852800,0.07562,0.07629,0.07507,0.07568,2850762.55
1678867200,0.07568,0.07571,0.07244,0.0737,6670858.25
1678881600,0.0737,0.07459,0.06949,0.0698,8972501.57
1678896000,0.0698,0.06992,0.06758,0.06912,12786540.69
1678910400,0.06912,0.07006,0.06881,0.06995,5758076.69
1678924800,0.06995,0.07093,0.069,0.07023,4248914.58
1678939200,0.07023,0.07094,0.0696,0.07072,4183378.65
1678953600,0.07072,0.07123,0.06994,0.07107,4518380.53
1678968000,0.07107,0.07121,0.06935,0.07108,5091391.600000001
1678982400,0.07108,0.07147,0.07018,0.07114,4818200.62
1678996800,0.07114,0.0742,0.06978,0.07269,7965011.97
1679011200,0.07269,0.0743,0.07164,0.07367,6875592.3
1679025600,0.07367,0.07576,0.07312,0.07488,5012984.96
1679040000,0.07488,0.07593,0.07447,0.0757,4611196.5200000005
1679054400,0.0757,0.07572,0.07291,0.07376,5547266.67
1679068800,0.07376,0.07511,0.07347,0.07501,4463158.32
1679083200,0.07501,0.07739,0.07445,0.07657,4994925.92
1679097600,0.07657,0.07896,0.0758,0.07798,10979837.98
1679112000,0.07798,0.07815,0.07721,0.07792,2581710.6100000003
1679126400,0.07792,0.07837,0.07624,0.0781,3226960.98
1679140800,0.0781,0.07823,0.07448,0.07519,7914716.97
1679155200,0.07519,0.07558,0.07279,0.07483,7496143.34
1679169600,0.07483,0.07542,0.07268,0.07311,5027249.93
1679184000,0.07311,0.07513,0.07311,0.07507,1829393.88
1679198400,0.07507,0.07523,0.07358,0.07419,1584358.93
1679212800,0.07419,0.07473,0.07355,0.07468,1494196.7
1679227200,0.07468,0.07564,0.07415,0.07522,2481256.96
1679241600,0.07522,0.07672,0.07505,0.07606,4395793.75
1679256000,0.07606,0.0763,0.07434,0.07471,3806693.48
1679270400,0.07471,0.07576,0.07336,0.07372,2770835.48
1679284800,0.07372,0.07513,0.07287,0.07499,2091549.01
1679299200,0.07499,0.07539,0.07349,0.0739,3198492.33
1679313600,0.0739,0.07415,0.07323,0.07354,3612371.87
1679328000,0.07354,0.07395,0.07058,0.07129,6110809.4
1679342400,0.07129,0.07243,0.07123,0.0716,3051777.55
1679356800,0.0716,0.0726,0.07137,0.07223,1871468.6
1679371200,0.07223,0.07249,0.07062,0.07138,2499549.25
1679385600,0.07138,0.07254,0.07065,0.07247,2560962.4
1679400000,0.07247,0.07574,0.07229,0.07434,6874682.13
1679414400,0.07434,0.07801,0.07408,0.07661,8748222.17
1679428800,0.07661,0.07804,0.07605,0.07683,11300593.86
1679443200,0.07683,0.07688,0.07508,0.0765,6263306.720000001
1679457600,0.0765,0.07669,0.07564,0.07612,3273326.36
1679472000,0.07612,0.07642,0.07467,0.07485,3935017.28
1679486400,0.07485,0.07798,0.07452,0.07751,10032973.37
1679500800,0.07751,0.0782,0.0717,0.07226,15577778.88
1679515200,0.07226,0.07479,0.07198,0.07406,7952674.33
1679529600,0.07406,0.07453,0.07313,0.07387,3110830.74
1679544000,0.07387,0.07582,0.07365,0.07554,2234451.35
1679558400,0.07554,0.07859,0.07513,0.07782,11422670.21
1679572800,0.07782,0.07926,0.07592,0.07814,10653598.04
1679587200,0.07814,0.07864,0.07626,0.07722,6814341.18
1679601600,0.07722,0.07773,0.07651,0.07747,2677596.35
1679616000,0.07747,0.07759,0.0766,0.07667,2143598.59
1679630400,0.07667,0.07691,0.07632,0.07667,1942085.13
1679644800,0.07667,0.0768,0.07389,0.07422,5671998.21
1679659200,0.07422,0.07535,0.07398,0.07465,7494555.45
1679673600,0.07465,0.07553,0.07301,0.07549,4414524.5600000005
1679688000,0.07549,0.07585,0.07421,0.07465,3643101.32
1679702400,0.07465,0.07602,0.07434,0.0757,1923109.79
1679716800,0.0757,0.0758,0.07447,0.0749,1694292.66
1679731200,0.0749,0.07517,0.07425,0.07495,1272504.02
1679745600,0.07495,0.07555,0.07449,0.07529,1711834.44
1679760000,0.07529,0.07541,0.07264,0.07283,3679045.6
1679774400,0.07283,0.07414,0.07278,0.0741,1803440.24
1679788800,0.0741,0.07501,0.0738,0.07441,1685398.72
1679803200,0.07441,0.07477,0.07431,0.07452,844537.47
1679817600,0.07452,0.07503,0.07433,0.07497,1795894.81
1679832000,0.07497,0.07545,0.07399,0.07418,2297572.29
1679846400,0.07418,0.07472,0.07394,0.07419,2203933.5
1679860800,0.07419,0.07467,0.07344,0.07442,1955856.49
1679875200,0.07442,0.07462,0.07332,0.07374,1586948.69
1679889600,0.07374,0.07412,0.07303,0.07344,1457500.6800000002
1679904000,0.07344,0.07403,0.07324,0.07399,1261755.13
1679918400,0.07399,0.07615,0.07135,0.07284,12591392.08
1679932800,0.07284,0.07328,0.07149,0.07212,3814440.19
1679947200,0.07212,0.07304,0.07193,0.07291,1760348.14
1679961600,0.07291,0.07327,0.07208,0.07222,2313458.75
1679976000,0.07222,0.07302,0.07206,0.07242,1876213.87
1679990400,0.07242,0.073,0.07172,0.07283,1716739.01
1680004800,0.07283,0.07299,0.07207,0.07278,1772735.15
1680019200,0.07278,0.0739,0.07213,0.07375,3254632.15
1680033600,0.07375,0.07403,0.07323,0.07384,2740002.82
1680048000,0.07384,0.07427,0.07352,0.07398,2543345.74
1680062400,0.07398,0.07643,0.07393,0.07626,5140623.49
1680076800,0.07626,0.07683,0.07565,0.07598,3511019.21
1680091200,0.07598,0.0763,0.07503,0.07579,3005433.23
1680105600,0.07579,0.07616,0.07519,0.07597,2395300.5
1680120000,0.07597,0.07624,0.07518,0.07559,2665269.13
1680134400,0.07559,0.07684,0.07411,0.07507,6254869.51
1680148800,0.07507,0.07568,0.0749,0.07539,1632110.83
1680163200,0.07539,0.0755,0.07446,0.07519,1377292.1
1680177600,0.07519,0.07523,0.07442,0.07484,3366154.19
1680192000,0.07484,0.07484,0.07339,0.07443,4254669.43
1680206400,0.07443,0.07482,0.07367,0.07422,1815176.1
1680220800,0.07422,0.07512,0.07405,0.07474,1408840.77
1680235200,0.07474,0.07492,0.07349,0.07423,1444558.07
1680249600,0.07423,0.07466,0.07404,0.07458,1302821.82
1680264000,0.07458,0.07614,0.07456,0.0756,3903420.71
1680278400,0.0756,0.07667,0.0756,0.07654,2983959.34
1680292800,0.07654,0.07789,0.07617,0.07696,4517123.98
1680307200,0.07696,0.07861,0.07666,0.07776,5028801.36
1680321600,0.07776,0.07826,0.07625,0.07717,3107938.51
1680336000,0.07717,0.07727,0.07621,0.0763,1501814.34
1680350400,0.0763,0.07699,0.07594,0.07688,1900689.28
1680364800,0.07688,0.08257,0.07639,0.08206,15075360.36
1680379200,0.08206,0.08335,0.08127,0.08186,10513922.64
1680393600,0.08186,0.08559,0.0818,0.08429,13300616.78
1680408000,0.08429,0.0853,0.08335,0.08417,5469202.29
1680422400,0.08417,0.08425,0.08207,0.08211,4455752.87
1680436800,0.08211,0.08219,0.07842,0.07892,8802484.18
1680451200,0.07892,0.08031,0.07845,0.07905,4280170.89
1680465600,0.07905,0.07993,0.07738,0.07908,4696687.180000001
1680480000,0.07908,0.07926,0.07614,0.0773,7233920.94
1680494400,0.0773,0.07837,0.07725,0.07816,4354070.85
1680508800,0.07816,0.07932,0.07803,0.07817,3136557.75
1680523200,0.07817,0.07846,0.07669,0.07714,4502936.19
1680537600,0.07714,0.1043,0.07647,0.09708,124223942.73
1680552000,0.09708,0.09733,0.08919,0.09608,69935563.86
1680566400,0.09608,0.09932,0.0924,0.09688,40931984.24
1680580800,0.09688,0.1014,0.0947,0.09843,31074618.27
1680595200,0.09843,0.1034,0.09739,0.1002,32470579.11
1680609600,0.1002,0.1019,0.0955,0.09647,35127530.44
1680624000,0.09647,0.09746,0.0946,0.09671,25065640.83
1680638400,0.09671,0.09919,0.09407,0.09516,24498354.03
1680652800,0.09516,0.09878,0.09284,0.09817,27191705.49
1680667200,0.09817,0.09867,0.09608,0.09684,11359381.41
1680681600,0.09684,0.09913,0.09617,0.09775,11422654.24
1680696000,0.09775,0.0985,0.09436,0.09548,21166893.71
1680710400,0.09548,0.09606,0.09084,0.09331,23344778.85
1680724800,0.09331,0.09369,0.09228,0.0927,7479509.2
1680739200,0.0927,0.09277,0.08982,0.09243,14114582.02
1680753600,0.09243,0.09265,0.09077,0.09092,6767986.9
1680768000,0.09092,0.09211,0.08778,0.08937,14994413.94
1680782400,0.08937,0.09072,0.08779,0.0902,14955483.64
1680796800,0.0902,0.09256,0.0891,0.09102,13374456.4
1680811200,0.09102,0.09153,0.0843,0.08544,32514778.41
1680825600,0.08544,0.08622,0.08421,0.08492,10849294.88
1680840000,0.08492,0.08549,0.08166,0.08308,16051096.48
1680854400,0.08308,0.08319,0.0816,0.08201,8598931.32
1680868800,0.08201,0.08298,0.08139,0.08247,8318213.859999999
1680883200,0.08247,0.08261,0.08167,0.08196,5840103.46
1680897600,0.08196,0.08291,0.08169,0.08229,4743279.03
1680912000,0.08229,0.08367,0.08185,0.08333,5625483.6
1680926400,0.08333,0.08388,0.08292,0.08308,4548288.72
1680940800,0.08308,0.08337,0.0828,0.08318,1843909.38
1680955200,0.08318,0.0835,0.08307,0.08312,2896310.22
1680969600,0.08312,0.08332,0.08065,0.08119,6413219.94
1680984000,0.08119,0.08179,0.08077,0.08139,3948316.95
1680998400,0.08139,0.08239,0.08136,0.08207,3587118.21
1681012800,0.08207,0.08245,0.08128,0.08152,3080771.1
1681027200,0.08152,0.08192,0.08117,0.08178,1819634.83
1681041600,0.08178,0.0838,0.08157,0.08327,6059612.890000001
1681056000,0.08327,0.0836,0.08258,0.08329,4252143.720000001
1681070400,0.08329,0.08387,0.08298,0.08325,2756760.84
1681084800,0.08325,0.08371,0.08241,0.08316,4740661.15
1681099200,0.08316,0.0835,0.08262,0.08279,2360278.3000000003
1681113600,0.08279,0.08324,0.08277,0.08297,1378293.97
1681128000,0.08297,0.08346,0.08233,0.08322,5202231.11
1681142400,0.08322,0.08453,0.08296,0.08404,9371760.43
1681156800,0.08404,0.08543,0.08355,0.08481,6163536.220000001
1681171200,0.08481,0.08525,0.08427,0.08467,5887108.78
1681185600,0.08467,0.08586,0.08427,0.08542,5688615.34
1681200000,0.08542,0.08565,0.08472,0.08535,4068202.25
1681214400,0.08535,0.08552,0.08456,0.08499,4705838.19
1681228800,0.08499,0.08521,0.08419,0.08423,4946399.11
1681243200,0.08423,0.08448,0.08371,0.08416,2981698.6
1681257600,0.08416,0.08448,0.08101,0.08152,11027469.579999998
1681272000,0.08152,0.0825,0.08112,0.08225,5830446.69
1681286400,0.08225,0.08228,0.0817,0.0821,3784528.13
1681300800,0.0821,0.08334,0.08172,0.08238,9028527.56
1681315200,0.08238,0.08379,0.08203,0.08253,6111091.66
1681329600,0.08253,0.0846,0.08251,0.0835,6132355.42
1681344000,0.0835,0.08361,0.08292,0.08338,2580672.55
1681358400,0.08338,0.0836,0.08295,0.08326,1796099.76
1681372800,0.08326,0.08887,0.08323,0.08653,23974886.31
1681387200,0.08653,0.08765,0.08649,0.08733,11200247.75
1681401600,0.08733,0.08815,0.08682,0.08715,9328689.51
1681416000,0.08715,0.08765,0.0866,0.08741,5283782.01
1681430400,0.08741,0.09105,0.08728,0.09023,19894389.21
1681444800,0.09023,0.0914,0.08949,0.08953,9839470.66
1681459200,0.08953,0.09051,0.08942,0.09023,7687379.38
1681473600,0.09023,0.09031,0.08542,0.08581,20530636.67
1681488000,0.08581,0.08954,0.08568,0.08854,16489129.43
1681502400,0.08854,0.08914,0.08804,0.08873,4351966.41
1681516800,0.08873,0.08945,0.08727,0.08836,6338192.17
1681531200,0.08836,0.0895,0.08793,0.08926,2723268.07
1681545600,0.08926,0.09059,0.08873,0.08983,4302846.49
1681560000,0.08983,0.09015,0.0888,0.08883,3479478.2
1681574400,0.08883,0.0898,0.08835,0.08879,4192087.44
1681588800,0.08879,0.08916,0.08799,0.08897,3151293.65
1681603200,0.08897,0.08977,0.08778,0.08924,4269774.13
1681617600,0.08924,0.09099,0.08917,0.09027,5250434.11
1681632000,0.09027,0.09031,0.08857,0.08883,2998456.93
1681646400,0.08883,0.08952,0.08854,0.08942,3367745.41
1681660800,0.08942,0.09156,0.0891,0.09032,8507490.41
1681675200,0.09032,0.09186,0.08963,0.09048,7999899.47
1681689600,0.09048,0.09073,0.08821,0.08933,5989398.38
1681704000,0.08933,0.09448,0.08881,0.09313,13108753.75
1681718400,0.09313,0.09485,0.09271,0.09334,20768650.99
1681732800,0.09334,0.09458,0.08988,0.08999,24762662.39
1681747200,0.08999,0.09246,0.08964,0.092,7910852.63
1681761600,0.092,0.0924,0.09111,0.09143,4597507.45
1681776000,0.09143,0.0918,0.08983,0.09118,7249926.33
1681790400,0.09118,0.09373,0.09109,0.09289,8399595.61
1681804800,0.09289,0.09372,0.09219,0.0936,5791025.46
1681819200,0.0936,0.09485,0.09262,0.09375,13497574.35
1681833600,0.09375,0.09425,0.09172,0.09311,10983980.7
1681848000,0.09311,0.09416,0.09274,0.09411,7870485.79
1681862400,0.09411,0.09411,0.09295,0.09328,9291091.06
1681876800,0.09328,0.09369,0.09233,0.09292,7589598.87
1681891200,0.09292,0.09292,0.0854,0.0885,26355678.57
1681905600,0.0885,0.09207,0.08797,0.09091,18635306.71
1681920000,0.09091,0.09128,0.08795,0.08915,20184203.94
1681934400,0.08915,0.08988,0.08583,0.08793,14691009.77
1681948800,0.08793,0.09189,0.08774,0.08976,17869831.04
1681963200,0.08976,0.09222,0.08955,0.09162,12922091.8
1681977600,0.09162,0.09261,0.09051,0.09077,12686378.5
1681992000,0.09077,0.09345,0.08624,0.08655,40767953.940000005
1682006400,0.08655,0.08661,0.08257,0.08362,28661933.72
1682020800,0.08362,0.08418,0.08319,0.08391,7113170.71
1682035200,0.08391,0.08463,0.08327,0.08426,6832332.35
1682049600,0.08426,0.08466,0.08319,0.08454,5733392.21
1682064000,0.08454,0.08468,0.0832,0.08362,5899026.64
1682078400,0.08362,0.08445,0.08299,0.0834,8066859.34
1682092800,0.0834,0.08357,0.07885,0.07892,13751077.51
1682107200,0.07892,0.07912,0.07669,0.07848,9794730.0
1682121600,0.07848,0.07902,0.07819,0.07899,3105995.33
1682136000,0.07899,0.07941,0.07872,0.07878,1999809.66
1682150400,0.07878,0.0793,0.07874,0.07905,1551907.14
1682164800,0.07905,0.08058,0.079,0.0803,3410399.72
1682179200,0.0803,0.08099,0.07982,0.08011,2633481.24
1682193600,0.08011,0.08051,0.07985,0.08033,2603896.75
1682208000,0.08033,0.0805,0.07918,0.08042,3236762.19
1682222400,0.08042,0.08076,0.07989,0.08053,1260234.19
1682236800,0.08053,0.08061,0.07993,0.08029,908864.9
1682251200,0.08029,0.08046,0.07897,0.07933,2149965.98
1682265600,0.07933,0.0797,0.07676,0.0779,4959940.64
1682280000,0.0779,0.07904,0.07765,0.07883,3154030.35
1682294400,0.07883,0.08006,0.07833,0.07946,3063377.08
1682308800,0.07946,0.07948,0.07822,0.07873,2087140.38
1682323200,0.07873,0.07932,0.0783,0.07932,1703453.21
1682337600,0.07932,0.08006,0.07822,0.07834,4522716.02
1682352000,0.07834,0.0791,0.07726,0.07826,4208776.85
1682366400,0.07826,0.07892,0.07816,0.07879,2296105.02
1682380800,0.07879,0.07922,0.07821,0.07836,1942261.6
1682395200,0.07836,0.07901,0.07824,0.07842,1593767.12
1682409600,0.07842,0.07882,0.07804,0.07872,2724823.6
1682424000,0.07872,0.079,0.07772,0.07805,2728287.77
1682438400,0.07805,0.07895,0.0776,0.07859,3778818.32
1682452800,0.07859,0.07996,0.07859,0.07977,3150662.7
1682467200,0.07977,0.08037,0.07959,0.07987,2399360.06
1682481600,0.07987,0.08045,0.07986,0.08001,2873383.51
1682496000,0.08001,0.08213,0.07997,0.08164,6275698.260000001
1682510400,0.08164,0.08359,0.08163,0.08259,8544284.11
1682524800,0.08259,0.08287,0.07637,0.07735,11866434.0
1682539200,0.07735,0.07888,0.07504,0.07864,12089881.1
1682553600,0.07864,0.0805,0.07844,0.07989,6053716.91
1682568000,0.07989,0.08041,0.07898,0.07976,4924377.41
1682582400,0.07976,0.08,0.0794,0.07962,3928480.85
1682596800,0.07962,0.08056,0.07899,0.08015,9048252.89
1682611200,0.08015,0.081,0.07973,0.08042,4523538.35
1682625600,0.08042,0.08063,0.0797,0.08016,2389983.26
1682640000,0.08016,0.08032,0.07988,0.07998,1871616.7
1682654400,0.07998,0.08066,0.07995,0.0805,1696148.59
1682668800,0.0805,0.0805,0.07983,0.07998,1577193.01
1682683200,0.07998,0.08035,0.07916,0.07994,4306191.74
1682697600,0.07994,0.08049,0.07983,0.08011,2346032.33
1682712000,0.08011,0.08053,0.08011,0.08038,1581755.66
1682726400,0.08038,0.0811,0.08026,0.08091,1266855.06
1682740800,0.08091,0.08125,0.08078,0.08084,1380235.55
1682755200,0.08084,0.08116,0.08061,0.08116,891553.1499999999
1682769600,0.08116,0.08144,0.0809,0.08106,1481938.94
1682784000,0.08106,0.08195,0.08073,0.08176,2484804.46
1682798400,0.08176,0.08196,0.08121,0.0816,2107869.96
1682812800,0.0816,0.08162,0.08077,0.08106,1501954.76
1682827200,0.08106,0.08164,0.08102,0.0812,889016.23
1682841600,0.0812,0.08148,0.08079,0.08091,1007430.16
1682856000,0.08091,0.08176,0.08076,0.08127,1580450.76
1682870400,0.08127,0.08159,0.07982,0.08015,2365748.3200000003
1682884800,0.08015,0.08019,0.07934,0.07953,2458439.0700000003
1682899200,0.07953,0.08006,0.07775,0.07853,7971104.279999999
1682913600,0.07853,0.07928,0.07842,0.07891,2338331.84
1682928000,0.07891,0.07902,0.0787,0.07887,874898.1
1682942400,0.07887,0.07905,0.0781,0.07834,2982761.31
1682956800,0.07834,0.07884,0.07737,0.07781,4381531.880000001
1682971200,0.07781,0.07891,0.07777,0.07884,1869793.05
1682985600,0.07884,0.07906,0.07832,0.0786,1363085.67
1683000000,0.0786,0.07882,0.07836,0.07855,892445.69
1683014400,0.07855,0.07872,0.07811,0.07832,1370937.4
1683028800,0.07832,0.07896,0.0776,0.07872,5902412.36
1683043200,0.07872,0.07909,0.07836,0.0788,2956339.06
1683057600,0.0788,0.07906,0.07876,0.0788,2779125.88
1683072000,0.0788,0.07882,0.07807,0.07834,3105473.3400000003
1683086400,0.07834,0.0786,0.07821,0.07829,1003721.19
1683100800,0.07829,0.07849,0.07776,0.07778,1183606.97
1683115200,0.07778,0.07799,0.07717,0.07774,2876478.98
1683129600,0.07774,0.0786,0.07763,0.07779,5135864.27
1683144000,0.07779,0.08064,0.07778,0.07964,4435393.72
1683158400,0.07964,0.0798,0.07921,0.07949,3735512.02
1683172800,0.07949,0.07954,0.07923,0.07935,1275644.87
1683187200,0.07935,0.07956,0.07897,0.079,1687521.22
1683201600,0.079,0.07913,0.078,0.07824,4689340.74
1683216000,0.07824,0.07898,0.07812,0.07858,4832118.359999999
1683230400,0.07858,0.07858,0.07817,0.07841,1540179.84
1683244800,0.07841,0.07924,0.07819,0.07857,2221908.13
1683259200,0.07857,0.07889,0.07853,0.07874,1065886.21
1683273600,0.07874,0.07877,0.07851,0.07864,862669.1
1683288000,0.07864,0.07913,0.07754,0.07865,6419073.17
1683302400,0.07865,0.07962,0.07865,0.07947,6986907.62
1683316800,0.07947,0.08153,0.07925,0.08033,6072692.66
1683331200,0.08033,0.08056,0.07889,0.07922,2643287.43
1683345600,0.07922,0.07938,0.07879,0.07886,1525179.01
1683360000,0.07886,0.07886,0.0778,0.07822,5577152.28
1683374400,0.07822,0.07823,0.07598,0.07661,8338574.03
1683388800,0.07661,0.07761,0.07656,0.07715,2363927.57
1683403200,0.07715,0.07729,0.07667,0.07692,1332425.9
1683417600,0.07692,0.07734,0.07664,0.07692,1799734.11
1683432000,0.07692,0.07714,0.07684,0.07712,816362.01
1683446400,0.07712,0.07725,0.07692,0.077,898764.47
1683460800,0.077,0.07755,0.07687,0.07743,1622571.53
1683475200,0.07743,0.07759,0.07694,0.07722,2012701.18
1683489600,0.07722,0.07762,0.07635,0.07669,3062078.9
1683504000,0.07669,0.07725,0.07371,0.07548,7182308.5600000005
1683518400,0.07548,0.07552,0.07399,0.07459,2732076.0300000003
1683532800,0.07459,0.07521,0.07423,0.07508,2172710.59
1683547200,0.07508,0.0752,0.07414,0.07455,3222439.95
1683561600,0.07455,0.07464,0.07015,0.07209,13847857.14
1683576000,0.07209,0.07259,0.07175,0.07255,3836673.89
1683590400,0.07255,0.07304,0.07224,0.0726,2315133.77
1683604800,0.0726,0.07305,0.07229,0.07299,2165113.31
1683619200,0.07299,0.07317,0.07243,0.07313,1471404.66
1683633600,0.07313,0.0735,0.07264,0.0727,2117244.98
1683648000,0.0727,0.07342,0.07249,0.07304,3519340.54
1683662400,0.07304,0.07327,0.07271,0.07318,1766252.06
1683676800,0.07318,0.07356,0.07306,0.07326,1352041.98
1683691200,0.07326,0.07351,0.0729,0.07291,1023201.18
1683705600,0.07291,0.07298,0.07253,0.07293,1202993.59
1683720000,0.07293,0.07479,0.07253,0.07399,5510684.49
1683734400,0.07399,0.07423,0.07059,0.07335,15196089.44
1683748800,0.07335,0.0739,0.07282,0.07318,3189436.57
1683763200,0.07318,0.07323,0.07235,0.0725,2913595.23
1683777600,0.0725,0.07284,0.07241,0.07243,1835869.52
1683792000,0.07243,0.07243,0.07137,0.07194,2856825.36
1683806400,0.07194,0.07249,0.07045,0.07091,6989938.71
1683820800,0.07091,0.07161,0.06928,0.07038,10388582.37
1683835200,0.07038,0.07298,0.07029,0.07197,3779103.5
1683849600,0.07197,0.07204,0.07042,0.07078,2407577.49
1683864000,0.07078,0.07162,0.0694,0.07027,4396315.47
1683878400,0.07027,0.07274,0.0702,0.07171,3335217.04
1683892800,0.07171,0.07211,0.07091,0.0711,3147083.89
1683907200,0.0711,0.0716,0.06977,0.07132,5852713.5600000005
1683921600,0.07132,0.07265,0.07105,0.07238,2945549.39
1683936000,0.07238,0.07243,0.0719,0.07215,1298457.0
1683950400,0.07215,0.0722,0.07177,0.07205,666226.74
1683964800,0.07205,0.07223,0.07184,0.07192,705126.28
1683979200,0.07192,0.07206,0.07137,0.07165,1046836.18
1683993600,0.07165,0.07222,0.07151,0.0717,977043.21
1684008000,0.0717,0.07211,0.07166,0.0717,1370830.7
1684022400,0.0717,0.0721,0.07125,0.07192,1699204.93
1684036800,0.07192,0.07228,0.07183,0.07213,1600027.92
1684051200,0.07213,0.0722,0.07194,0.07199,693506.0700000001
1684065600,0.07199,0.07265,0.07189,0.07251,1657861.02
1684080000,0.07251,0.07255,0.07137,0.07161,1669622.12
1684094400,0.07161,0.07208,0.07148,0.07197,934704.33
1684108800,0.07197,0.07363,0.07093,0.07274,9087212.48
1684123200,0.07274,0.0733,0.07263,0.07313,2006502.35
1684137600,0.07313,0.07315,0.07247,0.07249,1520637.74
1684152000,0.07249,0.07284,0.07211,0.07263,2098545.73
1684166400,0.07263,0.07287,0.07199,0.07231,2700275.69
1684180800,0.07231,0.0725,0.07181,0.07194,1369892.23
1684195200,0.07194,0.07229,0.07091,0.07174,4779223.69
1684209600,0.07174,0.07234,0.07162,0.07223,818856.46
1684224000,0.07223,0.07237,0.07192,0.07203,1150498.76
1684238400,0.07203,0.07229,0.07155,0.07206,5082332.0
1684252800,0.07206,0.07235,0.07178,0.07188,2693005.5300000003
1684267200,0.07188,0.07322,0.07182,0.07275,2748869.26
1684281600,0.07275,0.07355,0.07243,0.07321,2744928.33
1684296000,0.07321,0.07335,0.07248,0.0726,2383999.92
1684310400,0.0726,0.0745,0.07231,0.07265,5305870.82
1684324800,0.07265,0.07411,0.0726,0.07325,3645274.46
1684339200,0.07325,0.07543,0.07307,0.07502,8654801.31
1684353600,0.07502,0.07537,0.07477,0.07483,2663712.39
1684368000,0.07483,0.0749,0.07446,0.07454,1840874.87
1684382400,0.07454,0.07459,0.07365,0.07405,2259316.25
1684396800,0.07405,0.07462,0.07376,0.07454,2370651.62
1684411200,0.07454,0.07458,0.07346,0.07365,4174697.02
1684425600,0.07365,0.07419,0.07167,0.07246,5892690.239999999
1684440000,0.07246,0.07486,0.0723,0.07341,4406912.28
1684454400,0.07341,0.07371,0.07302,0.07351,2046027.41
1684468800,0.07351,0.07396,0.07348,0.07357,1486413.69
1684483200,0.07357,0.07381,0.07332,0.0734,840417.8
1684497600,0.0734,0.07405,0.07315,0.07364,2722625.1
1684512000,0.07364,0.07393,0.07328,0.07357,1558879.81
1684526400,0.07357,0.07374,0.07341,0.07353,997806.36
1684540800,0.07353,0.07356,0.07309,0.07343,980616.82
1684555200,0.07343,0.0735,0.07329,0.07336,474356.84
1684569600,0.07336,0.07351,0.07319,0.07324,409547.7
1684584000,0.07324,0.07346,0.07317,0.07343,612297.9
1684598400,0.07343,0.07388,0.07315,0.07363,1361086.51
1684612800,0.07363,0.07386,0.07353,0.07364,753344.1
1684627200,0.07364,0.07401,0.07363,0.07379,916125.05
1684641600,0.07379,0.07393,0.07364,0.07369,412064.68
1684656000,0.07369,0.07377,0.07309,0.07323,549333.73
1684670400,0.07323,0.07343,0.07202,0.07225,1589130.64
1684684800,0.07225,0.07243,0.07206,0.07235,1128600.62
1684699200,0.07235,0.07241,0.07198,0.07214,1046216.33
1684713600,0.07214,0.07239,0.07078,0.07148,3104664.23
1684728000,0.07148,0.07203,0.07146,0.07171,1105293.17
1684742400,0.07171,0.074,0.07171,0.0732,3694241.63
1684756800,0.0732,0.07337,0.07272,0.07284,2641590.4
1684771200,0.07284,0.07315,0.07248,0.07295,1685037.58
1684785600,0.07295,0.07324,0.0729,0.07291,1322931.09
1684800000,0.07291,0.07393,0.07273,0.07378,1796720.92
1684814400,0.07378,0.07384,0.07296,0.07328,1071910.94
1684828800,0.07328,0.07344,0.07297,0.07311,922159.46
1684843200,0.07311,0.07313,0.07256,0.07292,2539236.13
1684857600,0.07292,0.07294,0.07245,0.0727,1527937.42
1684872000,0.0727,0.0729,0.07261,0.0729,864313.72
1684886400,0.0729,0.0729,0.07128,0.07138,2236948.84
1684900800,0.07138,0.07147,0.07092,0.0711,2463357.75
1684915200,0.0711,0.07137,0.07093,0.071,1027056.65
1684929600,0.071,0.07124,0.06948,0.07051,4852541.75
1684944000,0.07051,0.07087,0.07002,0.07068,1450159.24
1684958400,0.07068,0.07115,0.07062,0.07063,1169987.14
1684972800,0.07063,0.07079,0.06872,0.07021,4615017.739999999
1684987200,0.07021,0.07077,0.07018,0.07024,1573158.62
1685001600,0.07024,0.0706,0.07021,0.07052,926599.17
1685016000,0.07052,0.07104,0.06988,0.06999,1890208.3
1685030400,0.06999,0.07104,0.06992,0.07073,2188471.2
1685044800,0.07073,0.07103,0.07062,0.07088,817343.74
1685059200,0.07088,0.07103,0.07046,0.0707,1541553.98
1685073600,0.0707,0.07093,0.07038,0.07088,753799.32
1685088000,0.07088,0.07095,0.07067,0.07088,1037053.35
1685102400,0.07088,0.07138,0.07067,0.07113,2610253.4
1685116800,0.07113,0.07115,0.07045,0.07106,2540861.02
1685131200,0.07106,0.07122,0.07088,0.07099,1032915.54
1685145600,0.07099,0.07143,0.07085,0.07141,685291.47
1685160000,0.07141,0.0719,0.07132,0.07151,988312.33
1685174400,0.07151,0.07158,0.07128,0.07132,483408.61
1685188800,0.07132,0.07154,0.07085,0.07131,1166904.84
1685203200,0.07131,0.07168,0.07111,0.07163,989550.78
1685217600,0.07163,0.07342,0.07155,0.0726,2493134.99
1685232000,0.0726,0.07335,0.07241,0.07288,1930176.03
1685246400,0.07288,0.07305,0.07257,0.07277,692644.4
1685260800,0.07277,0.0728,0.07188,0.07249,2518103.67
1685275200,0.07249,0.07261,0.07217,0.07259,1291674.9600000002
1685289600,0.07259,0.07316,0.07242,0.07281,1578519.94
1685304000,0.07281,0.07398,0.07281,0.07355,2473074.41
1685318400,0.07355,0.07401,0.07318,0.07323,2673861.16
1685332800,0.07323,0.0734,0.07293,0.0732,789988.3400000001
1685347200,0.0732,0.0734,0.07295,0.0733,513341.56
1685361600,0.0733,0.07352,0.07286,0.0729,1865152.15
1685376000,0.0729,0.07334,0.0727,0.07314,942268.06
1685390400,0.07314,0.07333,0.07281,0.07315,841532.1799999999
1685404800,0.07315,0.07332,0.07289,0.07323,1049099.41
1685419200,0.07323,0.07329,0.07201,0.0724,4716379.08
1685433600,0.0724,0.07346,0.07239,0.07326,2638129.87
1685448000,0.07326,0.0733,0.07212,0.07246,2856890.84
1685462400,0.07246,0.0726,0.07213,0.07234,2191556.33
1685476800,0.07234,0.07259,0.07218,0.07232,1327255.56
1685491200,0.07232,0.07269,0.07161,0.07242,2479957.47
1685505600,0.07242,0.07244,0.07114,0.07154,3555406.53
1685520000,0.07154,0.0717,0.07125,0.07134,1350053.91
1685534400,0.07134,0.07147,0.07058,0.07119,3415639.77
1685548800,0.07119,0.07171,0.07103,0.07155,1318329.79
1685563200,0.07155,0.07171,0.07121,0.07166,939652.21
1685577600,0.07166,0.07198,0.07074,0.07134,3202496.1
1685592000,0.07134,0.07191,0.07128,0.0715,1634649.4300000002
1685606400,0.0715,0.07188,0.0714,0.07184,666277.9299999999
1685620800,0.07184,0.07194,0.0715,0.07169,1537492.37
1685635200,0.07169,0.07218,0.07139,0.0719,2035932.61
1685649600,0.0719,0.07193,0.0713,0.07145,884467.66
1685664000,0.07145,0.07199,0.07095,0.07196,1409486.91
1685678400,0.07196,0.07223,0.07184,0.07206,980923.42
1685692800,0.07206,0.07233,0.07198,0.07215,851326.04
1685707200,0.07215,0.07223,0.07157,0.07222,2165521.19
1685721600,0.07222,0.0733,0.07197,0.07294,2255804.6
1685736000,0.07294,0.07297,0.07238,0.07257,1077628.94
1685750400,0.07257,0.07261,0.07222,0.07242,687201.88
1685764800,0.07242,0.07272,0.07239,0.07257,646732.8200000001
1685779200,0.07257,0.07261,0.07239,0.07254,474712.32
1685793600,0.07254,0.07282,0.07252,0.0728,872042.13
1685808000,0.0728,0.073,0.07228,0.0724,1152471.46
1685822400,0.0724,0.07274,0.07226,0.07271,569407.97
1685836800,0.07271,0.07292,0.07244,0.0726,795251.66
1685851200,0.0726,0.07297,0.07258,0.07288,666849.81
1685865600,0.07288,0.07308,0.07276,0.07288,697280.56
1685880000,0.07288,0.07301,0.07266,0.0727,771627.12
1685894400,0.0727,0.07299,0.07263,0.07291,1055055.47
1685908800,0.07291,0.07331,0.07238,0.07249,1316127.92
1685923200,0.07249,0.0727,0.07134,0.07158,1723614.35
1685937600,0.07158,0.07179,0.07148,0.07177,1188091.26
1685952000,0.07177,0.07189,0.07163,0.07182,610415.55
1685966400,0.07182,0.07184,0.06824,0.06829,5238436.59
1685980800,0.06829,0.0684,0.06371,0.06668,15119392.3
1685995200,0.06668,0.06692,0.06537,0.0665,3523074.17
1686009600,0.0665,0.06682,0.06617,0.06671,1559789.14
1686024000,0.06671,0.06681,0.06653,0.06657,1292931.22
1686038400,0.06657,0.06691,0.06646,0.06676,1397847.11
1686052800,0.06676,0.06899,0.06594,0.06836,10028707.59
1686067200,0.06836,0.07198,0.06829,0.07109,6938062.01
1686081600,0.07109,0.07114,0.06991,0.07029,3805864.19
1686096000,0.07029,0.07036,0.06936,0.06963,2898550.79
1686110400,0.06963,0.07012,0.06941,0.06944,2585781.31
1686124800,0.06944,0.06956,0.06764,0.06833,2155175.5300000003
1686139200,0.06833,0.06848,0.06704,0.06734,2943236.47
1686153600,0.06734,0.06797,0.06712,0.06768,2404847.08
1686168000,0.06768,0.06771,0.06671,0.06731,1611113.91
1686182400,0.06731,0.06781,0.06703,0.06739,1084597.08
1686196800,0.06739,0.06815,0.06724,0.06779,945445.23
1686211200,0.06779,0.06809,0.0675,0.06799,956355.74
1686225600,0.06799,0.06848,0.0678,0.0681,2494101.1
1686240000,0.0681,0.06814,0.0674,0.06811,954794.38
1686254400,0.06811,0.06816,0.0677,0.06796,1177509.41
1686268800,0.06796,0.0681,0.06735,0.06787,1195052.98
1686283200,0.06787,0.06799,0.06757,0.06778,756381.6499999999
1686297600,0.06778,0.06813,0.06769,0.06798,877177.1
1686312000,0.06798,0.07115,0.06798,0.06885,6923451.75
1686326400,0.06885,0.06898,0.06828,0.06836,2198016.59
1686340800,0.06836,0.06969,0.06828,0.06948,2715513.14
1686355200,0.06948,0.07122,0.06758,0.06777,12038303.5
1686369600,0.06777,0.06817,0.05581,0.06019,25519120.73
1686384000,0.06019,0.06048,0.05929,0.06003,5318665.38
1686398400,0.06003,0.06044,0.05877,0.06026,5963180.23
1686412800,0.06026,0.06264,0.06012,0.06137,7407819.01
1686427200,0.06137,0.06238,0.06118,0.0618,3092491.25
1686441600,0.0618,0.06195,0.06127,0.06167,2532917.51
1686456000,0.06167,0.06291,0.06118,0.06189,3278702.68
1686470400,0.06189,0.06231,0.06158,0.06204,2060405.45
1686484800,0.06204,0.06229,0.0612,0.06128,2389610.34
1686499200,0.06128,0.06234,0.06125,0.06201,3322046.68
1686513600,0.06201,0.06259,0.06099,0.06154,2537669.24
1686528000,0.06154,0.06161,0.05991,0.06064,4725913.53
1686542400,0.06064,0.06117,0.06045,0.06061,1865317.86
1686556800,0.06061,0.0617,0.06046,0.0613,1902950.23
1686571200,0.0613,0.06135,0.06076,0.06093,1985949.42
1686585600,0.06093,0.06164,0.06052,0.06129,3649873.35
1686600000,0.06129,0.06163,0.06119,0.06144,1683196.4400000002
1686614400,0.06144,0.06217,0.06118,0.06195,1733094.97
1686628800,0.06195,0.06205,0.06156,0.06187,1158417.01
1686643200,0.06187,0.06227,0.0617,0.06205,1308834.39
1686657600,0.06205,0.06276,0.06053,0.0607,5302074.61
1686672000,0.0607,0.06169,0.06066,0.06152,1955876.11
1686686400,0.06152,0.06175,0.06136,0.06174,1173594.48
1686700800,0.06174,0.06217,0.06164,0.06197,804619.65
1686715200,0.06197,0.06203,0.0616,0.06173,758609.15
1686729600,0.06173,0.06205,0.06166,0.06196,826858.41
1686744000,0.06196,0.06209,0.06165,0.06178,1507140.8299999998
1686758400,0.06178,0.06205,0.06096,0.06142,3388941.73
1686772800,0.06142,0.06145,0.05826,0.0604,11999521.47
1686787200,0.0604,0.06041,0.05975,0.06017,1095357.62
1686801600,0.06017,0.06029,0.05963,0.06005,1667899.54
1686816000,0.06005,0.06156,0.05986,0.06096,3066980.38
1686830400,0.06096,0.0616,0.06077,0.06095,2348993.59
1686844800,0.06095,0.06177,0.06041,0.06152,1952904.96
1686859200,0.06152,0.06192,0.06105,0.06148,1519611.59
1686873600,0.06148,0.06178,0.06111,0.06168,1002336.39
1686888000,0.06168,0.06202,0.06161,0.06163,1091729.2
1686902400,0.06163,0.0619,0.06088,0.06133,1794346.68
1686916800,0.06133,0.06174,0.06074,0.06164,3134138.81
1686931200,0.06164,0.06272,0.06138,0.06223,2627859.95
1686945600,0.06223,0.06252,0.06171,0.06214,1760223.0299999998
1686960000,0.06214,0.06218,0.06169,0.0619,1153260.84
1686974400,0.0619,0.06292,0.06181,0.06248,2204832.34
1686988800,0.06248,0.06273,0.06225,0.0624,1144916.36
1687003200,0.0624,0.0625,0.06187,0.06218,1616871.3199999998
1687017600,0.06218,0.06237,0.062,0.06209,997492.46
1687032000,0.06209,0.06237,0.06203,0.06217,648509.3
1687046400,0.06217,0.06221,0.06124,0.06187,1950515.4
1687060800,0.06187,0.06205,0.06152,0.06177,1075186.79
1687075200,0.06177,0.06263,0.06177,0.0622,1264886.85
1687089600,0.0622,0.06395,0.06193,0.06292,4017281.46
1687104000,0.06292,0.06343,0.06258,0.06272,3542190.24
1687118400,0.06272,0.06281,0.06111,0.0621,5542846.7700000005
1687132800,0.0621,0.06214,0.06164,0.06191,1399756.93
1687147200,0.06191,0.06213,0.0618,0.062,1295474.08
1687161600,0.062,0.06215,0.06175,0.06195,936154.5
1687176000,0.06195,0.06222,0.06157,0.06193,1767767.3
1687190400,0.06193,0.06279,0.06153,0.06226,3707508.93
1687204800,0.06226,0.06256,0.06214,0.06241,1372210.68
1687219200,0.06241,0.06279,0.06224,0.06229,1071498.6
1687233600,0.06229,0.06239,0.06199,0.06209,893769.8200000001
1687248000,0.06209,0.06209,0.06173,0.06199,883759.47
1687262400,0.06199,0.06205,0.06071,0.06143,2509747.95
1687276800,0.06143,0.06272,0.06123,0.06252,3949147.47
1687291200,0.06252,0.06316,0.06235,0.06315,2866785.62
1687305600,0.06315,0.06431,0.06285,0.064,5126764.8
1687320000,0.064,0.06487,0.06372,0.06445,3232617.9
1687334400,0.06445,0.06446,0.06378,0.06414,2277549.25
1687348800,0.06414,0.06517,0.06357,0.06491,4582800.93
1687363200,0.06491,0.06678,0.06458,0.06585,9433653.25
1687377600,0.06585,0.066,0.06504,0.06561,3507477.59
1687392000,0.06561,0.06937,0.06559,0.06856,11102368.37
1687406400,0.06856,0.06878,0.06724,0.0684,3338133.19
1687420800,0.0684,0.06854,0.06517,0.06586,5988847.18
1687435200,0.06586,0.06706,0.06514,0.06613,5939702.72
1687449600,0.06613,0.06663,0.06576,0.06645,2014588.82
1687464000,0.06645,0.06655,0.06544,0.06557,3059919.54
1687478400,0.06557,0.06635,0.06557,0.06628,1816028.97
1687492800,0.06628,0.06679,0.06613,0.06655,1461574.11
1687507200,0.06655,0.06669,0.0659,0.06625,1723835.06
1687521600,0.06625,0.06817,0.06526,0.06783,6405542.67
1687536000,0.06783,0.07013,0.06719,0.06839,15011007.16
1687550400,0.06839,0.06882,0.06759,0.06827,4382546.2
1687564800,0.06827,0.06832,0.06687,0.06806,5547674.17
1687579200,0.06806,0.06844,0.0675,0.06762,5884314.86
1687593600,0.06762,0.0681,0.06737,0.06789,2504441.72
1687608000,0.06789,0.06815,0.06521,0.06587,8706951.1
1687622400,0.06587,0.06689,0.06536,0.06677,3377228.74
1687636800,0.06677,0.06682,0.06606,0.06673,1917999.49
1687651200,0.06673,0.06767,0.06644,0.06761,2917955.9
1687665600,0.06761,0.06804,0.06726,0.06771,3555101.84
1687680000,0.06771,0.06802,0.06736,0.06776,2253832.56
1687694400,0.06776,0.06787,0.06642,0.06698,4645830.66
1687708800,0.06698,0.06731,0.06649,0.06706,3226563.81
1687723200,0.06706,0.06726,0.06653,0.06674,1461516.75
1687737600,0.06674,0.06685,0.06527,0.06595,7300897.82
1687752000,0.06595,0.06642,0.06551,0.06609,3304417.65
1687766400,0.06609,0.06624,0.06546,0.06595,2333885.23
1687780800,0.06595,0.06664,0.06551,0.06615,3237517.77
1687795200,0.06615,0.06619,0.06413,0.06495,7007591.46
1687809600,0.06495,0.0651,0.06329,0.06479,4859317.609999999
1687824000,0.06479,0.06566,0.06444,0.06529,3861449.3
1687838400,0.06529,0.06547,0.0647,0.06534,2676156.35
1687852800,0.06534,0.06568,0.06495,0.06547,3769660.77
1687867200,0.06547,0.06579,0.06438,0.06476,5367223.86
1687881600,0.06476,0.06567,0.0646,0.06548,3827505.0
1687896000,0.06548,0.06572,0.06534,0.06559,2220840.98
1687910400,0.06559,0.06563,0.06455,0.06508,3377072.72
1687924800,0.06508,0.06595,0.06376,0.06414,4942919.84
1687939200,0.06414,0.06459,0.06375,0.06441,1686869.81
1687953600,0.06441,0.06462,0.06363,0.06439,3692145.39
1687968000,0.06439,0.06454,0.0601,0.06192,7450132.140000001
1687982400,0.06192,0.06285,0.06141,0.06255,2368327.79
1687996800,0.06255,0.06307,0.06241,0.06261,2210456.56
1688011200,0.06261,0.06299,0.06255,0.06288,892116.57
1688025600,0.06288,0.06396,0.06284,0.06391,2533707.71
1688040000,0.06391,0.06408,0.06312,0.06333,3379542.51
1688054400,0.06333,0.06383,0.06289,0.06335,3736701.22
1688068800,0.06335,0.06361,0.06276,0.0634,2226099.63
1688083200,0.0634,0.06556,0.06288,0.06535,7427215.93
1688097600,0.06535,0.0659,0.06462,0.06536,4762893.8
1688112000,0.06536,0.06694,0.06519,0.06629,10672252.89
1688126400,0.06629,0.06677,0.061,0.06403,16757304.09
1688140800,0.06403,0.06632,0.06375,0.06592,10986046.25
1688155200,0.06592,0.06684,0.06543,0.06644,3863369.09
1688169600,0.06644,0.07136,0.06638,0.06958,20320332.41
1688184000,0.06958,0.07003,0.06775,0.06805,6324028.45
1688198400,0.06805,0.0685,0.06714,0.06768,3212423.81
1688212800,0.06768,0.06831,0.06757,0.06776,2625139.99
1688227200,0.06776,0.06885,0.06775,0.06817,3638813.22
1688241600,0.06817,0.06881,0.06801,0.06852,1914297.98
1688256000,0.06852,0.06858,0.06659,0.06689,5238652.18
1688270400,0.06689,0.0674,0.06659,0.06728,1618197.49
1688284800,0.06728,0.0675,0.067,0.06732,1651385.86
1688299200,0.06732,0.06745,0.066,0.06698,3908251.06
1688313600,0.06698,0.06921,0.06695,0.06801,5952550.72
1688328000,0.06801,0.06859,0.06766,0.068,4058643.21
1688342400,0.068,0.06846,0.06747,0.06826,3697046.43
1688356800,0.06826,0.06863,0.06764,0.06814,4056740.6
1688371200,0.06814,0.06834,0.06758,0.06793,2256051.56
1688385600,0.06793,0.06829,0.06728,0.06821,3717651.64
1688400000,0.06821,0.0688,0.06732,0.06856,3848353.86
1688414400,0.06856,0.06871,0.06779,0.06845,2189133.59
1688428800,0.06845,0.06979,0.0678,0.06893,4804605.46
1688443200,0.06893,0.069,0.06798,0.06807,4732566.140000001
1688457600,0.06807,0.06843,0.06766,0.06841,3244135.54
1688472000,0.06841,0.07096,0.06829,0.07037,12686345.64
1688486400,0.07037,0.07186,0.06794,0.06878,13150446.72
1688500800,0.06878,0.06934,0.06839,0.06895,3217696.86
1688515200,0.06895,0.06927,0.06843,0.06913,2301173.0300000003
1688529600,0.06913,0.06916,0.06866,0.06885,1370930.55
1688544000,0.06885,0.06889,0.06584,0.06651,7782127.189999999
1688558400,0.06651,0.06711,0.06559,0.06627,8163739.66
1688572800,0.06627,0.06714,0.06614,0.06687,2296971.72
1688587200,0.06687,0.0672,0.06673,0.067,1786317.75
1688601600,0.067,0.06725,0.06635,0.06719,1793253.42
1688616000,0.06719,0.06797,0.06681,0.06774,2643009.99
1688630400,0.06774,0.06856,0.06647,0.06694,4467027.53
1688644800,0.06694,0.06708,0.06469,0.06583,7906367.03
1688659200,0.06583,0.0664,0.06521,0.06585,1877344.09
1688673600,0.06585,0.06618,0.06475,0.06487,3012491.91
1688688000,0.06487,0.06572,0.0641,0.06549,3032528.54
1688702400,0.06549,0.0657,0.06502,0.06522,1757010.53
1688716800,0.06522,0.06563,0.06501,0.06521,1685103.4300000002
1688731200,0.06521,0.06588,0.0649,0.06564,4312961.83
1688745600,0.06564,0.06582,0.06506,0.06518,2771006.23
1688760000,0.06518,0.06558,0.06487,0.06543,1527121.97
1688774400,0.06543,0.06564,0.06509,0.06513,1594128.84
1688788800,0.06513,0.06531,0.06475,0.06528,1381228.72
1688803200,0.06528,0.06561,0.06505,0.06536,1202445.28
1688817600,0.06536,0.06551,0.06513,0.06535,1178259.85
1688832000,0.06535,0.06578,0.06514,0.06522,2085460.82
1688846400,0.06522,0.06609,0.06495,0.06575,2023708.08
1688860800,0.06575,0.06629,0.06563,0.06628,1983829.65
1688875200,0.06628,0.06639,0.06548,0.06567,1193890.47
1688889600,0.06567,0.06605,0.06557,0.06599,1045214.78
1688904000,0.06599,0.06619,0.06516,0.06568,1621296.2799999998
1688918400,0.06568,0.06585,0.06547,0.06549,564776.09
1688932800,0.06549,0.06569,0.06516,0.06538,1071423.6
1688947200,0.06538,0.06542,0.06339,0.06477,5417597.7
1688961600,0.06477,0.06492,0.06425,0.06451,1261900.25
1688976000,0.06451,0.06488,0.06389,0.0647,1851738.35
1688990400,0.0647,0.06495,0.06445,0.06476,1505176.89
1689004800,0.06476,0.06589,0.06448,0.06582,6012566.42
1689019200,0.06582,0.0662,0.06484,0.06523,3621648.37
1689033600,0.06523,0.06539,0.06455,0.06526,3141966.81
1689048000,0.06526,0.06548,0.06516,0.06533,1141895.66
1689062400,0.06533,0.06537,0.06477,0.06491,960336.06
1689076800,0.06491,0.06514,0.06449,0.06478,1805998.76
1689091200,0.06478,0.06493,0.06441,0.06471,1308632.52
1689105600,0.06471,0.06535,0.0647,0.06529,776081.49
1689120000,0.06529,0.06545,0.06515,0.0652,918144.86
1689134400,0.0652,0.06556,0.06516,0.06543,870378.9099999999
1689148800,0.06543,0.06545,0.06521,0.06537,705149.35
1689163200,0.06537,0.06571,0.06473,0.0648,3609510.59
1689177600,0.0648,0.065,0.06369,0.0642,3375032.01
1689192000,0.0642,0.06543,0.06411,0.06505,1725714.12
1689206400,0.06505,0.06515,0.0646,0.06469,877825.17
1689220800,0.06469,0.065,0.06457,0.06482,719793.26
1689235200,0.06482,0.06544,0.06477,0.06535,1393519.4
1689249600,0.06535,0.06748,0.06505,0.06748,6690428.05
1689264000,0.06748,0.07057,0.06688,0.07011,28483449.75
1689278400,0.07011,0.07168,0.0687,0.07044,10568455.06
1689292800,0.07044,0.0722,0.07031,0.0709,10539961.44
1689307200,0.0709,0.07119,0.0699,0.07013,5279097.09
1689321600,0.07013,0.07068,0.06948,0.07016,4651448.2700000005
1689336000,0.07016,0.07311,0.06976,0.07268,11363878.47
1689350400,0.07268,0.07271,0.06623,0.06799,23556686.74
1689364800,0.06799,0.06868,0.06765,0.06852,4518342.4
1689379200,0.06852,0.06874,0.06774,0.06798,4401087.029999999
1689393600,0.06798,0.07496,0.06795,0.07314,19571530.53
1689408000,0.07314,0.07513,0.07252,0.07398,19522491.8
1689422400,0.07398,0.07421,0.07155,0.07293,11844645.85
1689436800,0.07293,0.07359,0.07197,0.07239,9987167.25
1689451200,0.07239,0.07281,0.07118,0.07195,6060179.720000001
1689465600,0.07195,0.07224,0.0694,0.07065,12222715.42
1689480000,0.07065,0.0712,0.07038,0.07097,4191951.68
1689494400,0.07097,0.0714,0.07065,0.07122,3395387.1100000003
1689508800,0.07122,0.0717,0.0708,0.07123,4096888.67
1689523200,0.07123,0.07131,0.06937,0.06942,6329183.38
1689537600,0.06942,0.07023,0.06896,0.06954,2891706.81
1689552000,0.06954,0.07049,0.06914,0.07049,2852149.76
1689566400,0.07049,0.07315,0.06996,0.07111,8472735.19
1689580800,0.07111,0.07142,0.06787,0.06938,8763810.53
1689595200,0.06938,0.0703,0.06868,0.06959,7476149.22
1689609600,0.06959,0.06992,0.06785,0.06896,8486296.52
1689624000,0.06896,0.07005,0.06877,0.06987,2608535.49
1689638400,0.06987,0.07033,0.06972,0.06982,1580240.62
1689652800,0.06982,0.06986,0.06852,0.069,3445480.9
1689667200,0.069,0.06922,0.06769,0.06802,3331328.92
1689681600,0.06802,0.06865,0.06767,0.06845,3376236.71
1689696000,0.06845,0.06875,0.0671,0.06798,3521409.65
1689710400,0.06798,0.06869,0.06769,0.06868,3940995.35
1689724800,0.06868,0.06969,0.06847,0.06956,3988317.37
1689739200,0.06956,0.06982,0.06887,0.06896,2122204.61
1689753600,0.06896,0.06963,0.06832,0.06929,3050733.93
1689768000,0.06929,0.07228,0.06838,0.07128,11891807.37
1689782400,0.07128,0.07128,0.06951,0.07086,10845304.83
1689796800,0.07086,0.07086,0.06959,0.07003,7811932.12
1689811200,0.07003,0.07095,0.06978,0.07028,4740876.26
1689825600,0.07028,0.07098,0.06999,0.0707,3913545.8
1689840000,0.0707,0.07387,0.07069,0.07229,21442909.9
1689854400,0.07229,0.07288,0.0699,0.07063,15938089.93
1689868800,0.07063,0.07087,0.06943,0.06993,7292334.51
1689883200,0.06993,0.07062,0.06931,0.0706,3961700.73
1689897600,0.0706,0.07233,0.07031,0.07173,7456844.57
1689912000,0.07173,0.07283,0.0711,0.0713,12112233.23
1689926400,0.0713,0.07243,0.0712,0.07206,7463988.23
1689940800,0.07206,0.07688,0.07206,0.07401,23432015.74
1689955200,0.07401,0.07407,0.07224,0.07273,9594017.04
1689969600,0.07273,0.07376,0.07251,0.07325,6122172.81
1689984000,0.07325,0.07332,0.07233,0.07256,4636144.02
1689998400,0.07256,0.0729,0.07188,0.07256,3296723.46
1690012800,0.07256,0.07293,0.0703,0.07162,8419778.35
1690027200,0.07162,0.07188,0.07143,0.07169,1536586.89
1690041600,0.07169,0.07173,0.07088,0.07125,1939331.11
1690056000,0.07125,0.07137,0.06968,0.07053,3146096.21
1690070400,0.07053,0.07116,0.07002,0.07091,1695999.61
1690084800,0.07091,0.07228,0.07091,0.07182,2553714.71
1690099200,0.07182,0.07275,0.07175,0.07189,2356941.73
1690113600,0.07189,0.07235,0.07173,0.072,2086335.56
1690128000,0.072,0.07292,0.07152,0.07191,3311506.3
1690142400,0.07191,0.07226,0.07113,0.07181,2498913.02
1690156800,0.07181,0.07202,0.0705,0.07083,2561166.89
1690171200,0.07083,0.07782,0.0702,0.0767,12930943.94
1690185600,0.0767,0.0767,0.07187,0.0761,27346848.35
1690200000,0.0761,0.07772,0.0735,0.07421,24826221.84
1690214400,0.07421,0.0753,0.07325,0.07513,8323297.0
1690228800,0.07513,0.07529,0.07366,0.07419,5947458.74
1690243200,0.07419,0.07778,0.07362,0.07687,15507288.07
1690257600,0.07687,0.07843,0.07636,0.07677,14461747.05
1690272000,0.07677,0.07843,0.07571,0.07768,9939352.26
1690286400,0.07768,0.07832,0.07632,0.07727,10535279.02
1690300800,0.07727,0.08378,0.07698,0.08183,38428298.42
1690315200,0.08183,0.08237,0.0807,0.08185,14100097.33
1690329600,0.08185,0.08225,0.07915,0.08027,15084828.61
1690344000,0.08027,0.08125,0.07946,0.08036,6247905.25
1690358400,0.08036,0.08059,0.07819,0.07881,7324861.050000001
1690372800,0.07881,0.07955,0.07827,0.07878,6760866.46
1690387200,0.07878,0.0799,0.07654,0.07865,15681160.18
1690401600,0.07865,0.07934,0.07763,0.07797,8336397.6
1690416000,0.07797,0.07847,0.0767,0.07812,5276191.54
1690430400,0.07812,0.07911,0.07804,0.07877,3710071.69
1690444800,0.07877,0.07986,0.07847,0.07961,5273619.87
1690459200,0.07961,0.07995,0.07837,0.07871,7033174.84
1690473600,0.07871,0.07898,0.07677,0.07731,6519786.66
1690488000,0.07731,0.07771,0.07668,0.07758,3507532.04
1690502400,0.07758,0.07788,0.07672,0.07749,3148888.09
1690516800,0.07749,0.0775,0.07606,0.07628,4456471.28
1690531200,0.07628,0.07686,0.07608,0.07653,2394942.27
1690545600,0.07653,0.07777,0.07648,0.07707,4980757.95
1690560000,0.07707,0.07762,0.07656,0.07738,3034474.0
1690574400,0.07738,0.07779,0.07715,0.07715,1946147.46
1690588800,0.07715,0.07847,0.07688,0.07779,2672250.05
1690603200,0.07779,0.07822,0.07747,0.07782,1992945.7
1690617600,0.07782,0.07811,0.07724,0.07783,1553721.98
1690632000,0.07783,0.07826,0.0776,0.07801,1837951.38
1690646400,0.07801,0.08228,0.07783,0.08087,12768522.16
1690660800,0.08087,0.08115,0.0795,0.08024,8178192.9
1690675200,0.08024,0.08052,0.07968,0.08022,3032243.86
1690689600,0.08022,0.08054,0.07972,0.07987,2517634.79
1690704000,0.07987,0.08037,0.07969,0.08007,2069805.42
1690718400,0.08007,0.08028,0.0788,0.07928,4343772.83
1690732800,0.07928,0.07986,0.07743,0.07779,6070271.67
1690747200,0.07779,0.07851,0.0764,0.07808,5289097.88
1690761600,0.07808,0.07905,0.07785,0.07875,2679540.29
1690776000,0.07875,0.07889,0.07818,0.07862,1651885.38
1690790400,0.07862,0.07976,0.07861,0.07958,1970709.82
1690804800,0.07958,0.07969,0.07806,0.07809,4189960.82
1690819200,0.07809,0.07848,0.07686,0.07724,4272800.640000001
1690833600,0.07724,0.078,0.07677,0.07784,4959823.95
1690848000,0.07784,0.07826,0.07534,0.07617,5274583.62
1690862400,0.07617,0.07671,0.07592,0.07661,2112696.66
1690876800,0.07661,0.0772,0.07657,0.07663,1873642.76
1690891200,0.07663,0.07727,0.07547,0.07678,4646425.94
1690905600,0.07678,0.07752,0.07651,0.07734,2611226.5
1690920000,0.07734,0.07813,0.07702,0.0781,3991455.62
1690934400,0.0781,0.07829,0.07747,0.07751,3006508.46
1690948800,0.07751,0.07757,0.07665,0.07668,1897433.87
1690963200,0.07668,0.07706,0.07634,0.07705,1817530.31
1690977600,0.07705,0.07705,0.07443,0.07535,7098516.390000001
1690992000,0.07535,0.07542,0.0739,0.07471,5324059.44
1691006400,0.07471,0.07507,0.07379,0.0742,3751604.33
1691020800,0.0742,0.07497,0.074,0.07449,2900796.21
1691035200,0.07449,0.0748,0.07389,0.07401,2534231.48
1691049600,0.07401,0.07415,0.07249,0.07359,4959736.46
1691064000,0.07359,0.07459,0.07314,0.07415,3247481.01
1691078400,0.07415,0.07488,0.07389,0.07434,3366517.31
1691092800,0.07434,0.07475,0.07287,0.07354,2948253.89
1691107200,0.07354,0.0744,0.07341,0.07425,2304002.46
1691121600,0.07425,0.07443,0.07378,0.07431,1622672.9700000002
1691136000,0.07431,0.07462,0.07387,0.07396,2025459.3
1691150400,0.07396,0.07485,0.07381,0.07443,3196337.52
1691164800,0.07443,0.07487,0.07284,0.07327,4475636.07
1691179200,0.07327,0.07386,0.07246,0.07339,4430405.29
1691193600,0.07339,0.07386,0.07281,0.07379,2726589.61
1691208000,0.07379,0.07602,0.07367,0.07541,5577120.57
1691222400,0.07541,0.0764,0.07511,0.07578,4288015.28
1691236800,0.07578,0.07694,0.0751,0.07515,5582925.37
1691251200,0.07515,0.07629,0.07499,0.07596,3238363.81
1691265600,0.07596,0.07625,0.07548,0.07565,1799183.6
1691280000,0.07565,0.07641,0.07543,0.07585,2027364.59
1691294400,0.07585,0.07585,0.0751,0.07515,1626230.34
1691308800,0.07515,0.07576,0.07442,0.07507,1846649.4
1691323200,0.07507,0.0752,0.07402,0.07434,2055417.53
1691337600,0.07434,0.07529,0.07413,0.07475,2042506.51
1691352000,0.07475,0.07585,0.07407,0.07416,3405024.11
1691366400,0.07416,0.07555,0.07395,0.07505,2170728.0
1691380800,0.07505,0.0753,0.07414,0.07472,1735931.3299999998
1691395200,0.07472,0.07474,0.07419,0.07438,1320921.28
1691409600,0.07438,0.07447,0.07321,0.07354,3518933.45
1691424000,0.07354,0.07355,0.07167,0.07338,6012149.73
1691438400,0.07338,0.07363,0.07312,0.07347,1594395.3
1691452800,0.07347,0.07386,0.07314,0.07375,1587849.22
1691467200,0.07375,0.07399,0.07339,0.07343,1268235.12
1691481600,0.07343,0.07395,0.07321,0.07395,1174981.54
1691496000,0.07395,0.07469,0.07366,0.07452,3717397.3
1691510400,0.07452,0.07545,0.07441,0.07469,6215022.86
1691524800,0.07469,0.07542,0.07456,0.07494,2806396.16
1691539200,0.07494,0.07535,0.07457,0.07473,1531761.46
1691553600,0.07473,0.07589,0.07467,0.07563,3124135.65
1691568000,0.07563,0.07575,0.07514,0.07539,2354278.48
1691582400,0.07539,0.07621,0.07487,0.07501,5849834.84
1691596800,0.07501,0.07523,0.07446,0.07463,2079749.75
1691611200,0.07463,0.07544,0.07414,0.07536,3104094.21
1691625600,0.07536,0.07639,0.07522,0.07586,2668909.17
1691640000,0.07586,0.07588,0.07523,0.07532,3101673.22
1691654400,0.07532,0.07552,0.07508,0.07511,2121217.94
1691668800,0.07511,0.07639,0.0751,0.07613,4904296.13
1691683200,0.07613,0.07687,0.07545,0.07571,4482241.42
1691697600,0.07571,0.07599,0.07553,0.0758,1517662.9
1691712000,0.0758,0.07604,0.07526,0.07544,1448594.56
1691726400,0.07544,0.07569,0.07543,0.07555,1156358.15
1691740800,0.07555,0.07586,0.07515,0.07569,1800032.3199999998
1691755200,0.07569,0.07595,0.07526,0.07537,2279493.2
1691769600,0.07537,0.07559,0.07478,0.07529,2270064.49
1691784000,0.07529,0.07574,0.07516,0.07567,1064577.21
1691798400,0.07567,0.07658,0.07555,0.076,3292205.3
1691812800,0.076,0.07642,0.07572,0.0763,2593869.64
1691827200,0.0763,0.07735,0.07614,0.07685,3017443.68
1691841600,0.07685,0.07706,0.07639,0.07663,2712410.1
1691856000,0.07663,0.0772,0.07656,0.07669,2734851.27
1691870400,0.07669,0.07723,0.07648,0.07667,1864415.64
1691884800,0.07667,0.07682,0.07627,0.07635,1422029.46
1691899200,0.07635,0.0765,0.07602,0.07633,1029326.58
1691913600,0.07633,0.07636,0.07589,0.07596,780756.1000000001
1691928000,0.07596,0.07616,0.0755,0.07564,2118643.56
1691942400,0.07564,0.076,0.07543,0.07593,4609097.36
1691956800,0.07593,0.07601,0.07421,0.07471,3628169.01
1691971200,0.07471,0.07478,0.07384,0.07472,5769326.46
1691985600,0.07472,0.0752,0.07471,0.07488,1239157.25
1692000000,0.07488,0.07513,0.07476,0.07484,967913.08
1692014400,0.07484,0.0751,0.07429,0.07487,2686339.93
1692028800,0.07487,0.07497,0.07359,0.07403,1879180.9
1692043200,0.07403,0.07698,0.07387,0.07463,7014440.66
1692057600,0.07463,0.07488,0.07432,0.07447,865302.8400000001
1692072000,0.07447,0.07451,0.07406,0.07438,651845.98
1692086400,0.07438,0.07455,0.07387,0.07392,566711.81
1692100800,0.07392,0.07412,0.07324,0.07357,2144526.71
1692115200,0.07357,0.07377,0.06827,0.07109,14762273.35
1692129600,0.07109,0.07129,0.07057,0.07086,4445272.100000001
1692144000,0.07086,0.07118,0.0707,0.07097,1763725.99
1692158400,0.07097,0.07115,0.07041,0.07061,1753005.47
1692172800,0.07061,0.07067,0.06975,0.07004,1785188.89
1692187200,0.07004,0.07004,0.0686,0.06901,4873701.26
1692201600,0.06901,0.06967,0.06866,0.06899,2727649.31
1692216000,0.06899,0.06906,0.0661,0.06712,11769285.98
1692230400,0.06712,0.06833,0.06583,0.06813,3767553.96
1692244800,0.06813,0.06823,0.06776,0.06788,1677040.12
1692259200,0.06788,0.06798,0.06674,0.06708,2409178.48
1692273600,0.06708,0.06743,0.06508,0.06548,6302275.56
1692288000,0.06548,0.06616,0.06464,0.06604,5764213.49
1692302400,0.06604,0.06616,0.0579,0.06104,24309826.73
1692316800,0.06104,0.06182,0.05993,0.06096,5667330.72
1692331200,0.06096,0.06259,0.06054,0.06237,6009873.67
1692345600,0.06237,0.06353,0.06222,0.06298,3276160.99
1692360000,0.06298,0.06339,0.06229,0.06251,3577949.72
1692374400,0.06251,0.06358,0.06195,0.06286,7143112.6
1692388800,0.06286,0.06384,0.06281,0.06323,3055973.83
1692403200,0.06323,0.06389,0.0631,0.06377,1887271.73
1692417600,0.06377,0.06395,0.06314,0.06346,1081709.76
1692432000,0.06346,0.06388,0.06331,0.06334,846732.3200000001
1692446400,0.06334,0.06398,0.06324,0.06397,1062394.6800000002
1692460800,0.06397,0.06447,0.06355,0.06359,1603878.28
1692475200,0.06359,0.06383,0.06315,0.0638,1295621.75
1692489600,0.0638,0.06432,0.06369,0.0641,1663050.1
1692504000,0.0641,0.06419,0.06386,0.06415,914621.13
1692518400,0.06415,0.06467,0.06405,0.06422,1189022.74
1692532800,0.06422,0.06429,0.06338,0.0637,1304481.72
1692547200,0.0637,0.06401,0.06347,0.06382,746983.26
1692561600,0.06382,0.06426,0.06363,0.06384,956669.85
1692576000,0.06384,0.0641,0.06359,0.06371,1070294.43
1692590400,0.06371,0.06398,0.06292,0.0631,1506699.9
1692604800,0.0631,0.06324,0.06201,0.0628,1851101.87
1692619200,0.0628,0.06302,0.06046,0.06152,4402526.54
1692633600,0.06152,0.06293,0.0615,0.0627,2258607.59
1692648000,0.0627,0.06284,0.06242,0.06252,1097178.66
1692662400,0.06252,0.06287,0.06243,0.0626,651592.99
1692676800,0.0626,0.06326,0.0624,0.06299,1832390.33
1692691200,0.06299,0.06311,0.06279,0.0629,998727.26
1692705600,0.0629,0.06324,0.06214,0.06228,2370018.52
1692720000,0.06228,0.06242,0.06076,0.0618,4547421.2
1692734400,0.0618,0.06295,0.06033,0.06254,4181400.33
1692748800,0.06254,0.06301,0.06244,0.06252,1590084.3
1692763200,0.06252,0.06488,0.06246,0.0639,6122947.619999999
1692777600,0.0639,0.0639,0.0632,0.06336,2353670.16
1692792000,0.06336,0.06384,0.06276,0.06381,2442762.35
1692806400,0.06381,0.06461,0.06368,0.06418,3306101.34
1692820800,0.06418,0.0643,0.06324,0.06378,1733781.91
1692835200,0.06378,0.06398,0.06359,0.06389,828375.63
1692849600,0.06389,0.06404,0.06361,0.06374,779305.74
1692864000,0.06374,0.06378,0.06333,0.0634,1089501.14
1692878400,0.0634,0.0635,0.06235,0.06253,2541187.84
1692892800,0.06253,0.06322,0.0623,0.06267,1425444.17
1692907200,0.06267,0.06319,0.06191,0.06305,1689906.85
1692921600,0.06305,0.06306,0.0617,0.06245,1174565.17
1692936000,0.06245,0.06251,0.06175,0.06218,998574.64
1692950400,0.06218,0.06241,0.06212,0.06232,357677.25
1692964800,0.06232,0.06284,0.06176,0.06231,1895676.17
1692979200,0.06231,0.06297,0.06207,0.06264,1101290.7999999998
1692993600,0.06264,0.06312,0.0626,0.06309,999396.81
1693008000,0.06309,0.06328,0.06287,0.06317,701766.23
1693022400,0.06317,0.06335,0.06301,0.0632,406536.71
1693036800,0.0632,0.0632,0.06278,0.06287,589706.48
1693051200,0.06287,0.06299,0.0627,0.06296,343848.99
1693065600,0.06296,0.06296,0.06259,0.06289,393839.56
1693080000,0.06289,0.06301,0.06273,0.06287,365775.28
1693094400,0.06287,0.06294,0.06267,0.06283,566989.5700000001
1693108800,0.06283,0.06375,0.06282,0.06328,1152315.92
1693123200,0.06328,0.06349,0.06304,0.06314,459571.01
1693137600,0.06314,0.06349,0.06305,0.06318,428286.95
1693152000,0.06318,0.0633,0.06274,0.06303,686526.8099999999
1693166400,0.06303,0.06321,0.06289,0.06315,700285.88
1693180800,0.06315,0.06315,0.06235,0.06248,966891.1
1693195200,0.06248,0.06263,0.06188,0.06236,1037375.27
1693209600,0.06236,0.06242,0.06194,0.06242,948063.2
1693224000,0.06242,0.06344,0.0624,0.06321,1583188.82
1693238400,0.06321,0.06352,0.06268,0.06312,1255234.04
1693252800,0.06312,0.06361,0.06302,0.06342,1126860.19
1693267200,0.06342,0.06383,0.06303,0.0632,1028694.49
1693281600,0.0632,0.06329,0.0629,0.06295,912064.61
1693296000,0.06295,0.06298,0.06239,0.06257,1074305.22
1693310400,0.06257,0.06853,0.06247,0.06691,18512967.67
1693324800,0.06691,0.06793,0.06639,0.06697,6188579.4
1693339200,0.06697,0.06726,0.06612,0.06639,3449993.08
1693353600,0.06639,0.06645,0.06519,0.06558,2304587.27
1693368000,0.06558,0.06577,0.06535,0.06555,1163895.22
1693382400,0.06555,0.06576,0.06515,0.06522,1307091.32
1693396800,0.06522,0.06592,0.0644,0.06492,3728120.02
1693411200,0.06492,0.06558,0.06481,0.0653,1725213.7
1693425600,0.0653,0.06591,0.06528,0.06588,1479656.24
1693440000,0.06588,0.06588,0.06527,0.06545,1374187.06
1693454400,0.06545,0.06669,0.06545,0.06656,2229712.13
1693468800,0.06656,0.067,0.0661,0.06672,2347906.02
1693483200,0.06672,0.06675,0.06481,0.06531,4754315.26
1693497600,0.06531,0.06545,0.06288,0.06381,6883609.64
1693512000,0.06381,0.06399,0.06287,0.06376,3525705.68
1693526400,0.06376,0.0641,0.06364,0.06396,1360872.98
1693540800,0.06396,0.06402,0.06339,0.06355,980410.34
1693555200,0.06355,0.064,0.06341,0.06396,1016855.71
1693569600,0.06396,0.06419,0.06303,0.06338,2839886.37
1693584000,0.06338,0.06359,0.06235,0.06327,2756677.5300000003
1693598400,0.06327,0.06398,0.06323,0.06385,1701326.5
1693612800,0.06385,0.06397,0.06353,0.06371,1005150.64
1693627200,0.06371,0.0639,0.06333,0.06342,1521686.32
1693641600,0.06342,0.06352,0.06304,0.06343,952827.74
1693656000,0.06343,0.06494,0.06308,0.06375,3680249.56
1693670400,0.06375,0.06392,0.06266,0.06327,2012210.43
1693684800,0.06327,0.06359,0.06317,0.06349,698380.55
1693699200,0.06349,0.06364,0.06331,0.06362,1043627.05
1693713600,0.06362,0.06376,0.06351,0.06367,589060.69
1693728000,0.06367,0.06368,0.06325,0.06334,483351.96
1693742400,0.06334,0.06352,0.06301,0.06326,725795.98
1693756800,0.06326,0.06347,0.06276,0.06332,839891.76
1693771200,0.06332,0.0634,0.06289,0.06316,797609.52
1693785600,0.06316,0.06383,0.06309,0.06338,1072085.54
1693800000,0.06338,0.06359,0.06304,0.06324,1004496.74
1693814400,0.06324,0.06333,0.0631,0.06314,810681.75
1693828800,0.06314,0.06344,0.06256,0.06287,1125518.08
1693843200,0.06287,0.06327,0.06277,0.06317,679052.62
1693857600,0.06317,0.06328,0.06208,0.06324,1696743.91
1693872000,0.06324,0.06353,0.06284,0.06323,1571926.51
1693886400,0.06323,0.06434,0.06323,0.06406,1805567.2
1693900800,0.06406,0.06419,0.0634,0.06403,1907889.98
1693915200,0.06403,0.06419,0.06356,0.06394,1623657.78
1693929600,0.06394,0.06415,0.06374,0.06376,1136915.72
1693944000,0.06376,0.06405,0.06365,0.06399,849568.0
1693958400,0.06399,0.06456,0.0639,0.06414,1906405.44
1693972800,0.06414,0.06415,0.06373,0.06383,902849.28
1693987200,0.06383,0.06408,0.06376,0.0638,662298.46
1694001600,0.0638,0.06394,0.06306,0.06323,1689864.63
1694016000,0.06323,0.06408,0.06246,0.0632,2932003.89
1694030400,0.0632,0.06366,0.06317,0.06361,767477.0700000001
1694044800,0.06361,0.0638,0.06348,0.06377,935914.73
1694059200,0.06377,0.06381,0.06323,0.06333,977239.67
1694073600,0.06333,0.06336,0.06282,0.06289,635607.55
1694088000,0.06289,0.06327,0.06274,0.06314,1082903.33
1694102400,0.06314,0.06351,0.0629,0.06304,1091970.37
1694116800,0.06304,0.06378,0.06296,0.06363,1763383.47
1694131200,0.06363,0.06398,0.06345,0.06373,1202817.53
1694145600,0.06373,0.06389,0.06344,0.06366,624203.25
1694160000,0.06366,0.06367,0.06238,0.06287,1455264.84
1694174400,0.06287,0.0631,0.06281,0.06289,1135237.53
1694188800,0.06289,0.06328,0.06277,0.06319,1061209.15
1694203200,0.06319,0.06377,0.06317,0.06368,729211.94
1694217600,0.06368,0.0639,0.06352,0.06356,963518.01
1694232000,0.06356,0.06361,0.06321,0.06342,709967.01
1694246400,0.06342,0.06368,0.06337,0.06366,609056.72
1694260800,0.06366,0.06369,0.06327,0.06353,821736.73
1694275200,0.06353,0.06367,0.06333,0.06344,445534.68
1694289600,0.06344,0.06354,0.06334,0.06337,481728.81
1694304000,0.06337,0.0634,0.06287,0.06303,783751.96
1694318400,0.06303,0.06303,0.0595,0.06216,5362367.41
1694332800,0.06216,0.06216,0.06173,0.06175,726925.47
1694347200,0.06175,0.06201,0.06082,0.0614,1338896.32
1694361600,0.0614,0.06144,0.06056,0.06119,2027845.62
1694376000,0.06119,0.06175,0.06111,0.06129,1118145.27
1694390400,0.06129,0.06148,0.06064,0.06124,1138207.1800000002
1694404800,0.06124,0.06196,0.06107,0.06179,1157048.6800000002
1694419200,0.06179,0.06184,0.05957,0.06019,3598652.96
1694433600,0.06019,0.06065,0.05963,0.06018,3835893.61
1694448000,0.06018,0.06037,0.05921,0.05969,1929236.6
1694462400,0.05969,0.06059,0.05952,0.06046,1470727.56
1694476800,0.06046,0.06216,0.06042,0.0616,2173913.51
1694491200,0.0616,0.06176,0.06097,0.06103,3390571.02
1694505600,0.06103,0.06237,0.06079,0.06177,3822795.2
1694520000,0.06177,0.06192,0.06127,0.06152,1818596.51
1694534400,0.06152,0.06218,0.06078,0.06121,3172653.45
1694548800,0.06121,0.06136,0.06085,0.06088,619217.96
1694563200,0.06088,0.06126,0.06054,0.06072,1080295.83
1694577600,0.06072,0.06179,0.06049,0.06081,3337246.77
1694592000,0.06081,0.06142,0.06074,0.0613,876104.22
1694606400,0.0613,0.06147,0.06087,0.06124,2016918.8
1694620800,0.06124,0.06145,0.06082,0.06103,2565865.42
1694635200,0.06103,0.06136,0.06102,0.06125,843045.37
1694649600,0.06125,0.06193,0.06114,0.06132,2046076.68
1694664000,0.06132,0.06159,0.06109,0.0614,1035450.8
1694678400,0.0614,0.06163,0.0613,0.06156,841673.03
1694692800,0.06156,0.06208,0.06138,0.06178,3047811.8
1694707200,0.06178,0.06257,0.06154,0.06228,6274705.75
1694721600,0.06228,0.06242,0.06198,0.06211,1986166.16
1694736000,0.06211,0.06245,0.06178,0.06215,977456.3
1694750400,0.06215,0.06225,0.06182,0.06185,526905.99
1694764800,0.06185,0.0621,0.06164,0.0617,661288.39
1694779200,0.0617,0.06189,0.06138,0.06188,1395767.12
1694793600,0.06188,0.06209,0.06178,0.06195,1842495.31
1694808000,0.06195,0.06293,0.06189,0.06251,2183567.17
1694822400,0.06251,0.06297,0.0623,0.06243,1790686.21
1694836800,0.06243,0.06247,0.06213,0.06228,727280.42
1694851200,0.06228,0.06249,0.06205,0.06236,855365.6499999999
1694865600,0.06236,0.06243,0.06198,0.06218,801842.47
1694880000,0.06218,0.0623,0.0618,0.06199,926723.56
1694894400,0.06199,0.06226,0.06196,0.06216,907332.24
1694908800,0.06216,0.06216,0.06129,0.06198,1406947.71
1694923200,0.06198,0.06255,0.06192,0.06222,764763.66
1694937600,0.06222,0.0624,0.06215,0.06227,903370.53
1694952000,0.06227,0.0624,0.06197,0.06201,681298.4299999999
1694966400,0.06201,0.06205,0.06143,0.06165,968967.22
1694980800,0.06165,0.06176,0.061,0.06148,2198871.83
1694995200,0.06148,0.0619,0.061,0.06185,2020032.23
1695009600,0.06185,0.06199,0.06161,0.06181,983501.07
1695024000,0.06181,0.06264,0.06174,0.06244,2210425.6900000004
1695038400,0.06244,0.06282,0.06229,0.06238,2432730.72
1695052800,0.06238,0.06245,0.06153,0.06188,2394999.36
1695067200,0.06188,0.06218,0.06174,0.062,1120758.08
1695081600,0.062,0.06228,0.06192,0.06228,1178597.73
1695096000,0.06228,0.06251,0.06218,0.06218,1034069.95
1695110400,0.06218,0.06296,0.06218,0.06259,2049661.68
1695124800,0.06259,0.06322,0.0624,0.06319,2339897.16
1695139200,0.06319,0.06323,0.06248,0.06259,1144888.74
1695153600,0.06259,0.06275,0.06238,0.06268,1158195.56
1695168000,0.06268,0.06304,0.06226,0.06241,1264344.54
1695182400,0.06241,0.06249,0.06212,0.06235,896489.68
1695196800,0.06235,0.06248,0.0619,0.06214,1088275.73
1695211200,0.06214,0.06238,0.06189,0.06232,1499615.15
1695225600,0.06232,0.06278,0.06152,0.06218,3134486.62
1695240000,0.06218,0.06282,0.06214,0.06263,1105114.67
1695254400,0.06263,0.06289,0.06232,0.06289,1336369.18
1695268800,0.06289,0.06345,0.06246,0.06256,1899904.69
1695283200,0.06256,0.0628,0.06129,0.06173,2889338.75
1695297600,0.06173,0.06178,0.06103,0.06164,1676886.04
1695312000,0.06164,0.0617,0.06141,0.06148,697236.64
1695326400,0.06148,0.0615,0.06117,0.0613,803851.54
1695340800,0.0613,0.06175,0.06061,0.06164,1465126.13
1695355200,0.06164,0.0618,0.06151,0.06176,626256.36
1695369600,0.06176,0.06187,0.0615,0.06166,589380.23
1695384000,0.06166,0.06176,0.06137,0.06145,1334509.94
1695398400,0.06145,0.06164,0.06121,0.06135,756275.72
1695412800,0.06135,0.06157,0.06124,0.06152,777362.28
1695427200,0.06152,0.06176,0.06143,0.06148,525707.48
1695441600,0.06148,0.0617,0.0614,0.06159,380690.48
1695456000,0.06159,0.06167,0.06149,0.0616,347903.56
1695470400,0.0616,0.06198,0.06132,0.06132,677454.8200000001
1695484800,0.06132,0.06171,0.06128,0.06165,796396.18
1695499200,0.06165,0.06168,0.06128,0.06151,435198.18000000005
1695513600,0.06151,0.06163,0.0613,0.06157,533342.2999999999
1695528000,0.06157,0.06161,0.06145,0.06146,210931.96
1695542400,0.06146,0.06166,0.06144,0.06151,233979.65
1695556800,0.06151,0.0616,0.06142,0.0615,261012.17
1695571200,0.0615,0.06175,0.06096,0.06116,1209566.3
1695585600,0.06116,0.06122,0.06034,0.0607,1308947.4
1695600000,0.0607,0.0611,0.06014,0.06084,1389230.74
1695614400,0.06084,0.06098,0.06057,0.06086,713610.41
1695628800,0.06086,0.0609,0.06044,0.06058,611812.16
1695643200,0.06058,0.06113,0.06045,0.06099,751987.1499999999
1695657600,0.06099,0.0612,0.06086,0.06097,676470.36
1695672000,0.06097,0.06111,0.06077,0.06093,522546.19
1695686400,0.06093,0.06114,0.06082,0.06103,459840.28
1695700800,0.06103,0.06107,0.06078,0.06082,270531.01
1695715200,0.06082,0.0609,0.06059,0.06078,443825.98
1695729600,0.06078,0.06086,0.06032,0.06049,1173867.43
1695744000,0.06049,0.06065,0.06012,0.06041,1862892.96
1695758400,0.06041,0.06078,0.05932,0.06059,4033946.37
1695772800,0.06059,0.06082,0.06053,0.06079,972359.63
1695787200,0.06079,0.0608,0.0605,0.06055,461467.22
1695801600,0.06055,0.06136,0.06041,0.06126,1632657.03
1695816000,0.06126,0.06133,0.06024,0.06058,1936346.7800000005
1695830400,0.06058,0.06064,0.06013,0.06047,974760.33
1695844800,0.06047,0.06052,0.0602,0.06048,767528.0700000001
1695859200,0.06048,0.06085,0.06039,0.06043,1122398.02
1695873600,0.06043,0.06084,0.06034,0.06074,649475.74
1695888000,0.06074,0.06121,0.06061,0.06089,821211.3899999999
1695902400,0.06089,0.06149,0.06079,0.06144,1817628.65
1695916800,0.06144,0.06166,0.06103,0.06143,1695503.93
1695931200,0.06143,0.06153,0.0611,0.0615,852603.59
1695945600,0.0615,0.06164,0.06131,0.06151,832761.75
1695960000,0.06151,0.06214,0.06144,0.06208,946877.14
1695974400,0.06208,0.06208,0.06156,0.06162,689463.13
1695988800,0.06162,0.06242,0.06148,0.06188,2618763.61
1696003200,0.06188,0.06206,0.06163,0.06199,1005622.88
1696017600,0.06199,0.06235,0.06192,0.06215,983095.02
1696032000,0.06215,0.0623,0.06178,0.06181,1941881.11
1696046400,0.06181,0.06196,0.06175,0.06177,439211.09
1696060800,0.06177,0.06199,0.06174,0.06177,371408.86
1696075200,0.06177,0.06219,0.06175,0.06204,844720.39
1696089600,0.06204,0.06269,0.06203,0.06236,3299255.07
1696104000,0.06236,0.06258,0.06205,0.06208,1135005.75
1696118400,0.06208,0.06216,0.06195,0.06205,732074.9299999999
1696132800,0.06205,0.06231,0.06197,0.06217,535143.09
1696147200,0.06217,0.06285,0.06213,0.06276,1359851.8199999998
1696161600,0.06276,0.06287,0.06234,0.06253,1112632.93
1696176000,0.06253,0.06253,0.06189,0.06198,877839.75
1696190400,0.06198,0.06356,0.06173,0.06317,3615419.62
1696204800,0.06317,0.06364,0.06288,0.06352,2627433.84
1696219200,0.06352,0.06353,0.06297,0.06349,1877901.66
1696233600,0.06349,0.06417,0.06339,0.06363,2181272.78
1696248000,0.06363,0.06385,0.06253,0.06272,2461234.38
1696262400,0.06272,0.0628,0.06104,0.06219,4350601.210000001
1696276800,0.06219,0.06219,0.06146,0.06203,1800535.77
1696291200,0.06203,0.06225,0.06186,0.06216,598291.04
1696305600,0.06216,0.06229,0.0619,0.06191,371600.53
1696320000,0.06191,0.06211,0.06169,0.0618,416884.15
1696334400,0.0618,0.06199,0.06124,0.06147,993595.4
1696348800,0.06147,0.06163,0.06121,0.06129,679755.72
1696363200,0.06129,0.06155,0.06109,0.06139,1090563.2
1696377600,0.06139,0.06139,0.06009,0.06086,2353895.85
1696392000,0.06086,0.06115,0.06073,0.06109,482254.82
1696406400,0.06109,0.06125,0.06101,0.06106,560672.2
1696420800,0.06106,0.06121,0.06065,0.06082,1028372.02
1696435200,0.06082,0.06135,0.06079,0.06108,767921.1000000001
1696449600,0.06108,0.06159,0.06102,0.06146,465735.96
1696464000,0.06146,0.06165,0.06107,0.06108,630270.1900000001
1696478400,0.06108,0.06118,0.06086,0.06097,274124.51
1696492800,0.06097,0.06117,0.06094,0.06102,443541.6
1696507200,0.06102,0.06137,0.06065,0.06086,2109645.0300000003
1696521600,0.06086,0.0612,0.0608,0.06112,765652.8
1696536000,0.06112,0.06119,0.06085,0.06086,597274.8300000001
1696550400,0.06086,0.06121,0.06086,0.06107,487764.88
1696564800,0.06107,0.06118,0.06095,0.06112,461870.05
1696579200,0.06112,0.06127,0.06104,0.06115,381037.97
1696593600,0.06115,0.06141,0.06073,0.06131,1303855.68
1696608000,0.06131,0.06148,0.06114,0.06131,976509.9
1696622400,0.06131,0.06159,0.06128,0.0614,765774.28
1696636800,0.0614,0.06167,0.06137,0.06158,526025.98
1696651200,0.06158,0.06168,0.06139,0.06142,377939.9
1696665600,0.06142,0.06155,0.06135,0.06139,242752.34
1696680000,0.06139,0.06146,0.06129,0.06137,362204.88
1696694400,0.06137,0.06137,0.06107,0.06111,441756.55
1696708800,0.06111,0.06154,0.0611,0.06146,471464.06
1696723200,0.06146,0.06164,0.06144,0.06162,366831.14
1696737600,0.06162,0.06163,0.06114,0.0613,373401.25
1696752000,0.0613,0.06136,0.06075,0.06099,895130.46
1696766400,0.06099,0.06133,0.06095,0.06116,568783.39
1696780800,0.06116,0.06124,0.06102,0.06104,394250.25
1696795200,0.06104,0.06111,0.06081,0.06098,465296.43
1696809600,0.06098,0.06103,0.06072,0.06094,522038.85
1696824000,0.06094,0.06095,0.06008,0.06035,898615.59
1696838400,0.06035,0.06038,0.0569,0.05876,5668020.64
1696852800,0.05876,0.05915,0.05861,0.0588,2070523.97
1696867200,0.0588,0.05901,0.05784,0.05898,2737995.34
1696881600,0.05898,0.05903,0.05867,0.05876,588318.8899999999
1696896000,0.05876,0.05917,0.05849,0.05899,664783.9199999999
1696910400,0.05899,0.05925,0.05885,0.0591,387908.65
1696924800,0.0591,0.0592,0.05866,0.05867,539472.0700000001
1696939200,0.05867,0.05906,0.05853,0.05865,976910.32
1696953600,0.05865,0.05907,0.05858,0.05899,893917.99
1696968000,0.05899,0.05914,0.0586,0.05913,1253983.63
1696982400,0.05913,0.05949,0.05817,0.05881,1464759.16
1696996800,0.05881,0.05914,0.05874,0.05878,511013.58
1697011200,0.05878,0.0591,0.05864,0.05889,442327.89
1697025600,0.05889,0.05898,0.05784,0.05805,1680107.43
1697040000,0.05805,0.05818,0.05766,0.05813,1159582.65
1697054400,0.05813,0.05852,0.05805,0.05851,1055713.12
1697068800,0.05851,0.05853,0.05798,0.05819,470615.75
1697083200,0.05819,0.05848,0.05816,0.05832,419101.71
1697097600,0.05832,0.05833,0.05738,0.05806,1008910.58
1697112000,0.05806,0.05815,0.05776,0.05785,759613.96
1697126400,0.05785,0.0579,0.0573,0.05776,1400384.26
1697140800,0.05776,0.05792,0.05771,0.05788,370572.86
1697155200,0.05788,0.0581,0.05783,0.05785,389643.49
1697169600,0.05785,0.05806,0.05777,0.05796,709864.7
1697184000,0.05796,0.05871,0.05778,0.05845,1676794.3299999998
1697198400,0.05845,0.05878,0.05815,0.05826,952948.36
1697212800,0.05826,0.05858,0.05802,0.05811,1140561.45
1697227200,0.05811,0.05886,0.05811,0.05839,1191805.61
1697241600,0.05839,0.05876,0.05836,0.05863,429948.81
1697256000,0.05863,0.05871,0.05834,0.05844,351935.92
1697270400,0.05844,0.05886,0.05842,0.05884,382165.86
1697284800,0.05884,0.05966,0.05879,0.0595,943413.36
1697299200,0.0595,0.05958,0.05926,0.05957,603511.15
1697313600,0.05957,0.05997,0.05949,0.05984,930709.38
1697328000,0.05984,0.05985,0.05939,0.05947,746526.71
1697342400,0.05947,0.0595,0.05926,0.05932,420578.12
1697356800,0.05932,0.05946,0.05917,0.05919,392228.66
1697371200,0.05919,0.05936,0.05901,0.05934,952255.91
1697385600,0.05934,0.05969,0.05928,0.05947,638639.13
1697400000,0.05947,0.05966,0.05922,0.05931,1385377.12
1697414400,0.05931,0.05961,0.05925,0.05943,646385.89
1697428800,0.05943,0.0603,0.05925,0.06001,2255232.19
1697443200,0.06001,0.06053,0.05968,0.05985,2903314.84
1697457600,0.05985,0.06173,0.05912,0.05972,6771089.569999999
1697472000,0.05972,0.0603,0.05971,0.06002,1766514.2200000002
1697486400,0.06002,0.06023,0.05976,0.06002,903534.47
1697500800,0.06002,0.06019,0.05981,0.05997,1029335.46
1697515200,0.05997,0.05997,0.05966,0.0599,348268.13
1697529600,0.0599,0.06011,0.05986,0.05992,374606.93
1697544000,0.05992,0.05997,0.05822,0.0592,2644777.65
1697558400,0.0592,0.05922,0.05862,0.05898,1043452.35
1697572800,0.05898,0.05914,0.0589,0.05906,548703.17
1697587200,0.05906,0.05909,0.05872,0.05897,709170.3899999999
1697601600,0.05897,0.05936,0.05889,0.05896,881275.26
1697616000,0.05896,0.05914,0.05876,0.05879,539965.95
1697630400,0.05879,0.05885,0.0584,0.05859,622175.82
1697644800,0.05859,0.0587,0.05836,0.05847,594603.83
1697659200,0.05847,0.05897,0.05827,0.05861,855921.63
1697673600,0.05861,0.05873,0.05751,0.05821,1308833.15
1697688000,0.05821,0.05837,0.05811,0.05822,380464.28
1697702400,0.05822,0.05832,0.05802,0.05826,373078.1699999999
1697716800,0.05826,0.05857,0.05815,0.05847,694150.6
1697731200,0.05847,0.05876,0.05828,0.05868,898593.19
1697745600,0.05868,0.05892,0.05857,0.05887,1008701.85
1697760000,0.05887,0.05966,0.05867,0.05949,1494012.16
1697774400,0.05949,0.05958,0.05923,0.05942,847080.1699999999
1697788800,0.05942,0.06051,0.05941,0.0598,1445665.01
1697803200,0.0598,0.0601,0.05958,0.05991,1323073.99
1697817600,0.05991,0.06032,0.05971,0.06023,1351116.47
1697832000,0.06023,0.06029,0.05992,0.05993,616005.99
1697846400,0.05993,0.06003,0.05945,0.05978,479333.41
1697860800,0.05978,0.06049,0.05978,0.06046,595793.27
1697875200,0.06046,0.06066,0.06019,0.06043,746192.63
1697889600,0.06043,0.06126,0.06033,0.06123,1502114.75
1697904000,0.06123,0.06147,0.06081,0.06104,2392301.86
1697918400,0.06104,0.06143,0.06085,0.0612,856404.81
1697932800,0.0612,0.06173,0.06105,0.06128,956306.66
1697947200,0.06128,0.0617,0.0598,0.06076,2001072.33
1697961600,0.06076,0.06101,0.06048,0.06068,367093.31
1697976000,0.06068,0.06098,0.06054,0.06077,744726.8300000001
1697990400,0.06077,0.06118,0.06073,0.06087,1044329.89
1698004800,0.06087,0.06173,0.0607,0.06171,1324309.81
1698019200,0.06171,0.06283,0.06134,0.06265,4915217.970000001
1698033600,0.06265,0.06314,0.06233,0.06251,2779523.09
1698048000,0.06251,0.06545,0.06244,0.06491,8950365.89
1698062400,0.06491,0.06557,0.06339,0.06422,7297614.390000001
1698076800,0.06422,0.06449,0.06325,0.06445,4819090.44
1698091200,0.06445,0.06792,0.06425,0.06744,12763431.39
1698105600,0.06744,0.06945,0.06635,0.0676,17117479.31
1698120000,0.0676,0.06866,0.0659,0.06652,11188764.93
1698134400,0.06652,0.06791,0.06644,0.0679,3052248.68
1698148800,0.0679,0.07005,0.06422,0.0657,13106876.16
1698163200,0.0657,0.06688,0.06504,0.06662,4861163.75
1698177600,0.06662,0.06711,0.06558,0.06656,5239945.94
1698192000,0.06656,0.06719,0.06573,0.06592,9593790.95
1698206400,0.06592,0.06647,0.06469,0.06526,3220759.12
1698220800,0.06526,0.06596,0.06487,0.0655,7287460.380000001
1698235200,0.0655,0.06908,0.06549,0.06783,10663121.84
1698249600,0.06783,0.06888,0.06609,0.06809,13126789.48
1698264000,0.06809,0.06979,0.06804,0.06835,9018025.91
1698278400,0.06835,0.07292,0.06784,0.07147,13541476.14
1698292800,0.07147,0.07279,0.07002,0.07265,8444619.42
1698307200,0.07265,0.07454,0.0709,0.07417,20424618.28
1698321600,0.07417,0.07515,0.06939,0.07061,23042420.72
1698336000,0.07061,0.07185,0.06994,0.07151,8450172.77
1698350400,0.07151,0.07242,0.07124,0.07187,6119551.1
1698364800,0.07187,0.0724,0.07029,0.07162,6431510.0600000005
1698379200,0.07162,0.07162,0.07004,0.07007,3504380.5
1698393600,0.07007,0.07159,0.07006,0.07157,4411170.7
1698408000,0.07157,0.07185,0.06981,0.07045,5091822.59
1698422400,0.07045,0.07052,0.06729,0.06828,10191676.28
1698436800,0.06828,0.06839,0.06736,0.06779,3959617.11
1698451200,0.06779,0.06851,0.06753,0.06849,2899328.59
1698465600,0.06849,0.06897,0.06833,0.06873,1696230.61
1698480000,0.06873,0.06979,0.0685,0.06912,4091316.47
1698494400,0.06912,0.0693,0.06831,0.06897,2501880.76
1698508800,0.06897,0.06898,0.06835,0.06839,1495827.31
1698523200,0.06839,0.0695,0.06837,0.06904,2242260.0300000003
1698537600,0.06904,0.06913,0.06728,0.0682,3404562.14
1698552000,0.0682,0.06865,0.06805,0.06852,1758253.43
1698566400,0.06852,0.06911,0.06844,0.06893,2039159.59
1698580800,0.06893,0.06962,0.06876,0.06945,2950462.65
1698595200,0.06945,0.0698,0.069,0.06945,2242435.72
1698609600,0.06945,0.07019,0.06921,0.06937,2498152.57
1698624000,0.06937,0.06954,0.06839,0.06866,2329771.49
1698638400,0.06866,0.06894,0.06817,0.06862,1600403.21
1698652800,0.06862,0.06966,0.0685,0.06954,2016363.61
1698667200,0.06954,0.07041,0.06922,0.06979,3553736.14
1698681600,0.06979,0.06982,0.06786,0.0694,4523098.44
1698696000,0.0694,0.06979,0.06921,0.06963,2136713.35
1698710400,0.06963,0.07003,0.06894,0.06899,3139637.46
1698724800,0.06899,0.06946,0.06841,0.06856,2288411.06
1698739200,0.06856,0.07037,0.06794,0.07023,3502384.6
1698753600,0.07023,0.07085,0.06575,0.06724,11851234.96
1698768000,0.06724,0.06829,0.06688,0.06818,3503852.43
1698782400,0.06818,0.06868,0.06778,0.06828,2971320.7800000003
1698796800,0.06828,0.06855,0.06733,0.06747,2893122.59
1698811200,0.06747,0.06755,0.06645,0.06687,2324366.92
1698825600,0.06687,0.06702,0.06613,0.06679,2506885.15
1698840000,0.06679,0.06799,0.06573,0.0662,6771713.890000001
1698854400,0.0662,0.06913,0.06597,0.0684,13042266.13
1698868800,0.0684,0.06978,0.0684,0.06896,11003503.04
1698883200,0.06896,0.06999,0.06874,0.06956,6395892.98
1698897600,0.06956,0.06987,0.06843,0.06976,5348106.67
1698912000,0.06976,0.07089,0.06908,0.06948,5471276.65
1698926400,0.06948,0.06964,0.06724,0.06749,6808400.79
1698940800,0.06749,0.06837,0.06664,0.06835,4095301.26
1698955200,0.06835,0.06838,0.06746,0.06791,2429744.27
1698969600,0.06791,0.06808,0.06629,0.06731,5851597.71
1698984000,0.06731,0.06774,0.06685,0.06752,1538178.5499999998
1698998400,0.06752,0.06776,0.06658,0.06711,2336428.34
1699012800,0.06711,0.06786,0.06696,0.06774,3417317.1300000004
1699027200,0.06774,0.0679,0.06713,0.0676,2600631.99
1699041600,0.0676,0.06828,0.06754,0.06811,1947896.79
1699056000,0.06811,0.06882,0.06795,0.06872,3028596.82
1699070400,0.06872,0.0691,0.06835,0.06877,2609451.78
1699084800,0.06877,0.06903,0.06849,0.06872,1791359.34
1699099200,0.06872,0.06879,0.06795,0.0683,2073424.6
1699113600,0.0683,0.06852,0.06822,0.06833,1564499.2000000002
1699128000,0.06833,0.06931,0.06825,0.06911,2220347.89
1699142400,0.06911,0.06996,0.06889,0.06995,3045906.9
1699156800,0.06995,0.07007,0.06919,0.06963,3125536.79
1699171200,0.06963,0.07113,0.06913,0.07066,3651504.46
1699185600,0.07066,0.07178,0.06926,0.06996,5937651.29
1699200000,0.06996,0.0714,0.06987,0.07086,4329439.91
1699214400,0.07086,0.07157,0.06984,0.07111,5937547.69
1699228800,0.07111,0.0732,0.07077,0.07181,7552555.229999999
1699243200,0.07181,0.07186,0.07032,0.07139,3329560.08
1699257600,0.07139,0.07291,0.0709,0.07265,3816320.92
1699272000,0.07265,0.07487,0.07215,0.0738,10264887.79
1699286400,0.0738,0.07663,0.07322,0.07607,21363831.96
1699300800,0.07607,0.07655,0.07456,0.07641,7856246.640000001
1699315200,0.07641,0.07652,0.07348,0.07463,11153412.53
1699329600,0.07463,0.07555,0.07392,0.07549,4219870.72
1699344000,0.07549,0.0759,0.07284,0.07354,7782206.84
1699358400,0.07354,0.074,0.07156,0.07228,7626375.88
1699372800,0.07228,0.07424,0.07155,0.07388,19686316.75
1699387200,0.07388,0.07451,0.0731,0.0734,6008160.54
1699401600,0.0734,0.0742,0.07283,0.07369,4387410.74
1699416000,0.07369,0.07405,0.07308,0.0737,3134929.68
1699430400,0.0737,0.07501,0.07358,0.07444,4763274.35
1699444800,0.07444,0.07472,0.07341,0.07404,4218856.79
1699459200,0.07404,0.07706,0.07382,0.07548,13147868.78
1699473600,0.07548,0.07585,0.07471,0.07535,5278071.5600000005
1699488000,0.07535,0.07656,0.07489,0.07627,6014617.08
1699502400,0.07627,0.07711,0.07579,0.0758,4940624.37
1699516800,0.0758,0.0765,0.07517,0.07582,4280560.720000001
1699531200,0.07582,0.07795,0.07519,0.0757,15121816.38
1699545600,0.0757,0.07616,0.06934,0.07135,20798465.52
1699560000,0.07135,0.07363,0.0703,0.07357,7292652.040000001
1699574400,0.07357,0.07451,0.07314,0.07369,5433702.79
1699588800,0.07369,0.07492,0.07354,0.07437,4007973.08
1699603200,0.07437,0.07465,0.07322,0.07457,3825793.51
1699617600,0.07457,0.07462,0.07247,0.07326,8551727.379999999
1699632000,0.07326,0.07452,0.07323,0.07395,4742931.18
1699646400,0.07395,0.07563,0.07381,0.07544,8956423.96
1699660800,0.07544,0.07696,0.07505,0.07523,13333947.93
1699675200,0.07523,0.07991,0.07456,0.07855,27960358.63
1699689600,0.07855,0.08171,0.07748,0.07992,15503003.26
1699704000,0.07992,0.08196,0.07926,0.08013,17071189.36
1699718400,0.08013,0.08105,0.07863,0.08033,14385345.36
1699732800,0.08033,0.08033,0.07709,0.07853,11201000.4
1699747200,0.07853,0.0789,0.07518,0.07792,10885985.89
1699761600,0.07792,0.0796,0.07704,0.07947,6868486.74
1699776000,0.07947,0.08036,0.07875,0.07912,6695671.58
1699790400,0.07912,0.07924,0.07777,0.07853,5305559.35
1699804800,0.07853,0.07869,0.07689,0.0781,6274630.399999999
1699819200,0.0781,0.07873,0.07736,0.07798,4666254.609999999
1699833600,0.07798,0.07961,0.07616,0.07655,10526325.5
1699848000,0.07655,0.07751,0.0761,0.07722,6018240.31
1699862400,0.07722,0.07873,0.0766,0.07716,7661681.82
1699876800,0.07716,0.07812,0.07531,0.07708,11185666.18
1699891200,0.07708,0.07782,0.0753,0.07657,8368400.23
1699905600,0.07657,0.07716,0.07353,0.07456,15712095.84
1699920000,0.07456,0.07503,0.07255,0.0749,7992986.3
1699934400,0.0749,0.07528,0.07446,0.07519,2561608.54
1699948800,0.07519,0.07555,0.07265,0.07338,5054442.85
1699963200,0.07338,0.07551,0.07287,0.07398,9602810.44
1699977600,0.07398,0.07447,0.06905,0.07154,14033592.06
1699992000,0.07154,0.07283,0.07139,0.07244,4978218.06
1700006400,0.07244,0.07307,0.07229,0.07258,2825506.93
1700020800,0.07258,0.07382,0.07257,0.07363,2828808.9000000004
1700035200,0.07363,0.07486,0.07343,0.07469,3673585.01
1700049600,0.07469,0.07489,0.07391,0.07443,5366122.83
1700064000,0.07443,0.0755,0.07359,0.07532,9441389.28
1700078400,0.07532,0.07656,0.07484,0.07627,5825861.8
1700092800,0.07627,0.07737,0.07599,0.07683,6332059.71
1700107200,0.07683,0.07998,0.07637,0.07942,9901489.21
1700121600,0.07942,0.08339,0.07665,0.08097,22902741.78
1700136000,0.08097,0.08112,0.07604,0.07693,22581069.880000003
1700150400,0.07693,0.08097,0.07654,0.07962,19048025.92
1700164800,0.07962,0.08193,0.07709,0.07956,20846762.27
1700179200,0.07956,0.082,0.07914,0.08095,22002345.54
1700193600,0.08095,0.08361,0.08068,0.08265,24502169.95
1700208000,0.08265,0.08752,0.0821,0.08384,41519986.06
1700222400,0.08384,0.08479,0.07935,0.08,34011470.65
1700236800,0.08,0.08412,0.07936,0.08292,17842793.42
1700251200,0.08292,0.08716,0.08215,0.08673,19646801.48
1700265600,0.08673,0.08686,0.08386,0.08474,20467065.31
1700280000,0.08474,0.08569,0.08049,0.08361,16556530.94
1700294400,0.08361,0.0852,0.08326,0.08476,10569148.08
1700308800,0.08476,0.08594,0.07927,0.08105,28540133.57
1700323200,0.08105,0.08172,0.07956,0.08146,12002440.48
1700337600,0.08146,0.08152,0.08005,0.08031,4014892.4
1700352000,0.08031,0.08031,0.07751,0.07876,9772227.86
1700366400,0.07876,0.07955,0.0781,0.07941,5624246.99
1700380800,0.07941,0.07982,0.07771,0.07822,4346820.92
1700395200,0.07822,0.0788,0.07761,0.07841,5626202.64
1700409600,0.07841,0.08054,0.0782,0.08052,8715549.25
1700424000,0.08052,0.08071,0.07933,0.08052,8203050.359999999
1700438400,0.08052,0.08063,0.07964,0.07997,4305002.2
1700452800,0.07997,0.08131,0.07982,0.08102,3877262.55
1700467200,0.08102,0.08169,0.08026,0.08168,6323542.7
1700481600,0.08168,0.08224,0.07888,0.08052,10573943.6
1700496000,0.08052,0.08134,0.07921,0.07966,10142085.23
1700510400,0.07966,0.0797,0.07709,0.07772,13895097.91
1700524800,0.07772,0.07878,0.07666,0.07735,7548505.43
1700539200,0.07735,0.07742,0.07609,0.07627,4605331.359999999
1700553600,0.07627,0.07754,0.07615,0.07688,4251577.83
1700568000,0.07688,0.07724,0.07382,0.07602,16908322.03
1700582400,0.07602,0.0764,0.07296,0.07468,14143550.25
1700596800,0.07468,0.07573,0.07083,0.07179,15060274.34
1700611200,0.07179,0.07446,0.07159,0.07437,5134930.14
1700625600,0.07437,0.07463,0.07401,0.07422,3749851.59
1700640000,0.07422,0.07473,0.07409,0.07427,1946501.86
1700654400,0.07427,0.07503,0.07386,0.07421,3925615.94
1700668800,0.07421,0.07618,0.07411,0.07582,13928524.33
1700683200,0.07582,0.07663,0.07523,0.07576,5882095.9
1700697600,0.07576,0.07629,0.07532,0.076,3456071.98
1700712000,0.076,0.07626,0.07566,0.07578,2372712.15
1700726400,0.07578,0.07639,0.07548,0.07581,4448986.0
1700740800,0.07581,0.07596,0.07498,0.07505,3099995.55
1700755200,0.07505,0.07611,0.07504,0.07575,1966533.65
1700769600,0.07575,0.07638,0.07573,0.07621,2324954.21
1700784000,0.07621,0.07738,0.07607,0.07715,4847782.37
1700798400,0.07715,0.07784,0.07682,0.07777,2438877.0700000003
1700812800,0.07777,0.07836,0.07732,0.07743,4333495.01
1700827200,0.07743,0.07821,0.07699,0.07794,4798977.859999999
1700841600,0.07794,0.07818,0.0772,0.07738,4972257.76
1700856000,0.07738,0.07871,0.0773,0.07823,4501086.62
1700870400,0.07823,0.07919,0.07786,0.07911,4196007.42
1700884800,0.07911,0.07914,0.07834,0.07891,1450131.26
1700899200,0.07891,0.07907,0.07758,0.078,1870155.83
1700913600,0.078,0.07848,0.07783,0.0784,1864544.97
1700928000,0.0784,0.07921,0.0783,0.07866,2959028.14
1700942400,0.07866,0.07901,0.07829,0.07898,1949497.83
1700956800,0.07898,0.07902,0.07814,0.07836,1811202.84
1700971200,0.07836,0.07874,0.0782,0.07829,1520423.98
1700985600,0.07829,0.07831,0.07769,0.07777,1422693.01
1701000000,0.07777,0.07803,0.07715,0.07732,4417044.7
1701014400,0.07732,0.07756,0.07565,0.07704,6296135.36
1701028800,0.07704,0.07892,0.07692,0.0787,3374510.84
1701043200,0.0787,0.08048,0.07769,0.0783,7631628.76
1701057600,0.0783,0.08148,0.07822,0.08093,14664105.1
1701072000,0.08093,0.08148,0.0783,0.07925,6224255.44
1701086400,0.07925,0.07948,0.07705,0.07722,6719261.0200000005
1701100800,0.07722,0.07875,0.07694,0.07747,5627165.8100000005
1701115200,0.07747,0.07884,0.07682,0.07882,3857037.47
1701129600,0.07882,0.0793,0.0779,0.07808,3162353.46
1701144000,0.07808,0.07833,0.07674,0.07733,3193893.95
1701158400,0.07733,0.07816,0.07689,0.07806,1496462.76
1701172800,0.07806,0.08038,0.07755,0.08001,11778294.25
1701187200,0.08001,0.08096,0.07961,0.08033,10222573.26
1701201600,0.08033,0.0812,0.08002,0.08087,6307453.81
1701216000,0.08087,0.08124,0.08034,0.08065,5009378.99
1701230400,0.08065,0.08135,0.08057,0.081,3225162.9000000004
1701244800,0.081,0.08139,0.07965,0.08139,3447413.59
1701259200,0.08139,0.08315,0.08009,0.08029,13390202.35
1701273600,0.08029,0.08149,0.07978,0.0814,5886783.87
1701288000,0.0814,0.0814,0.08034,0.08051,3647989.77
1701302400,0.08051,0.08168,0.08041,0.08148,4549502.65
1701316800,0.08148,0.08198,0.08115,0.08166,3073897.7800000003
1701331200,0.08166,0.08284,0.08133,0.0818,4712163.71
1701345600,0.0818,0.08298,0.08142,0.08237,10447354.45
1701360000,0.08237,0.0844,0.08216,0.08411,12675291.95
1701374400,0.08411,0.08426,0.08276,0.08343,8014809.76
1701388800,0.08343,0.08412,0.08228,0.08408,6505153.62
1701403200,0.08408,0.08508,0.08378,0.08423,7451647.5
1701417600,0.08423,0.08459,0.08374,0.08384,5271801.0600000005
1701432000,0.08384,0.08388,0.08259,0.08297,7231083.31
1701446400,0.08297,0.08383,0.08276,0.08347,5401276.42
1701460800,0.08347,0.08416,0.08322,0.08388,6546382.52
1701475200,0.08388,0.08443,0.08364,0.08428,4369035.4
1701489600,0.08428,0.08449,0.08382,0.08383,2041198.4
1701504000,0.08383,0.08437,0.08367,0.08388,1885256.06
1701518400,0.08388,0.08462,0.0833,0.08441,3481433.55
1701532800,0.08441,0.08595,0.08375,0.08579,7298856.55
1701547200,0.08579,0.08665,0.08558,0.08623,6788458.44
1701561600,0.08623,0.08741,0.08527,0.08588,8926308.66
1701576000,0.08588,0.08599,0.08505,0.08548,3621263.67
1701590400,0.08548,0.08553,0.08453,0.08482,2637800.09
1701604800,0.08482,0.08502,0.08366,0.08402,4644206.3
1701619200,0.08402,0.08551,0.08377,0.0854,4947980.52
1701633600,0.0854,0.08637,0.08458,0.08575,9123290.9
1701648000,0.08575,0.0869,0.08534,0.08637,10329535.170000002
1701662400,0.08637,0.09099,0.08637,0.09053,25480528.06
1701676800,0.09053,0.0908,0.08567,0.08755,20167214.76
1701691200,0.08755,0.08951,0.08622,0.08935,14281970.54
1701705600,0.08935,0.08937,0.08823,0.08888,7521353.12
1701720000,0.08888,0.09254,0.08851,0.09189,19176895.09
1701734400,0.09189,0.09234,0.08917,0.09017,10825577.07
1701748800,0.09017,0.09033,0.08757,0.08842,8521478.780000001
1701763200,0.08842,0.08885,0.0875,0.08871,5722892.71
1701777600,0.08871,0.09029,0.08862,0.08981,10259459.55
1701792000,0.08981,0.09578,0.08936,0.09479,36948914.19
1701806400,0.09479,0.09514,0.09252,0.09435,21548357.39
1701820800,0.09435,0.09665,0.09344,0.095,17913077.23
1701835200,0.095,0.1064,0.09494,0.1027,60312832.97
1701849600,0.1027,0.1042,0.09804,0.1001,38398358.33
1701864000,0.1001,0.1046,0.09987,0.1008,44252074.05
1701878400,0.1008,0.1013,0.09808,0.0992,20875681.37
1701892800,0.0992,0.09949,0.09438,0.09488,23624758.4
1701907200,0.09488,0.09784,0.09463,0.09718,14923410.84
1701921600,0.09718,0.09829,0.09645,0.09762,10912617.27
1701936000,0.09762,0.098,0.09303,0.09453,17141173.02
1701950400,0.09453,0.09682,0.09385,0.09629,9501740.3
1701964800,0.09629,0.09716,0.09399,0.09404,16087191.8
1701979200,0.09404,0.09615,0.09275,0.09593,13869895.48
1701993600,0.09593,0.09693,0.0956,0.09663,6855241.71
1702008000,0.09663,0.09817,0.09604,0.09746,7985559.92
1702022400,0.09746,0.09801,0.09648,0.09785,6547935.89
1702036800,0.09785,0.09872,0.09709,0.0979,13570746.97
1702051200,0.0979,0.1006,0.09751,0.1004,13775409.0
1702065600,0.1004,0.1041,0.1,0.1017,22155244.65
1702080000,0.1017,0.1032,0.1009,0.1029,11199065.05
1702094400,0.1029,0.1049,0.1024,0.1048,10221994.32
1702108800,0.1048,0.1049,0.1006,0.1019,11276191.54
1702123200,0.1019,0.1026,0.09937,0.1012,12606489.15
1702137600,0.1012,0.1025,0.09871,0.1003,9347750.79
1702152000,0.1003,0.1009,0.09758,0.0985,8621603.52
1702166400,0.0985,0.1003,0.0985,0.1003,4188643.56
1702180800,0.1003,0.1017,0.09917,0.1,7447591.02
1702195200,0.1,0.1002,0.09671,0.09838,6750190.5
1702209600,0.09838,0.1009,0.09831,0.1007,5444122.0200000005
1702224000,0.1007,0.1025,0.09974,0.102,10242310.84
1702238400,0.102,0.1028,0.1012,0.1019,6514534.69
1702252800,0.1019,0.1072,0.09294,0.1009,43006014.59
1702267200,0.1009,0.1025,0.09632,0.09693,19804124.220000003
1702281600,0.09693,0.09935,0.09604,0.09887,7496781.56
1702296000,0.09887,0.09892,0.09416,0.09531,25470461.16
1702310400,0.09531,0.09548,0.09099,0.09372,16707800.0
1702324800,0.09372,0.09508,0.09302,0.09414,8043092.73
1702339200,0.09414,0.098,0.09404,0.09618,10811329.94
1702353600,0.09618,0.09716,0.09464,0.09685,6452871.95
1702368000,0.09685,0.09745,0.09524,0.09528,4777223.94
1702382400,0.09528,0.09675,0.09318,0.09405,9823914.47
1702396800,0.09405,0.0943,0.09114,0.09247,15172346.8
1702411200,0.09247,0.09405,0.09159,0.09377,5417747.49
1702425600,0.09377,0.0944,0.09016,0.09102,11578139.91
1702440000,0.09102,0.09211,0.08985,0.09149,4877346.68
1702454400,0.09149,0.09311,0.09146,0.09209,4464334.01
1702468800,0.09209,0.09355,0.09185,0.09296,6975159.58
1702483200,0.09296,0.09537,0.09235,0.09495,11547805.07
1702497600,0.09495,0.09757,0.09478,0.09642,11473130.83
1702512000,0.09642,0.09676,0.09523,0.09568,5389105.300000001
1702526400,0.09568,0.09699,0.09521,0.09638,3943718.48
1702540800,0.09638,0.09783,0.09606,0.09779,4192098.97
1702555200,0.09779,0.09779,0.09352,0.09555,11116599.74
1702569600,0.09555,0.09875,0.09553,0.09723,21008204.69
1702584000,0.09723,0.09865,0.09657,0.09836,8093799.52
1702598400,0.09836,0.09882,0.09715,0.09745,9639219.89
1702612800,0.09745,0.09761,0.09581,0.09596,4501106.34
1702627200,0.09596,0.09708,0.09565,0.096,4007745.93
1702641600,0.096,0.09613,0.0932,0.09394,7946719.120000001
1702656000,0.09394,0.09535,0.09357,0.09492,5667622.48
1702670400,0.09492,0.09517,0.09251,0.09299,6427259.32
1702684800,0.09299,0.09399,0.09159,0.09397,5521849.3
1702699200,0.09397,0.09421,0.09343,0.09373,1385228.77
1702713600,0.09373,0.09451,0.09347,0.09446,1969069.51
1702728000,0.09446,0.09497,0.09386,0.09493,3170724.97
1702742400,0.09493,0.09528,0.09349,0.09427,6188034.78
1702756800,0.09427,0.0972,0.09419,0.0971,7909782.52
1702771200,0.0971,0.09777,0.09476,0.0951,6870516.63
1702785600,0.0951,0.09583,0.09331,0.09378,3868655.96
1702800000,0.09378,0.09542,0.0935,0.09518,1970505.97
1702814400,0.09518,0.09526,0.09312,0.09451,3621396.41
1702828800,0.09451,0.09642,0.09422,0.09494,6275176.470000001
1702843200,0.09494,0.09536,0.09235,0.09287,4967309.51
1702857600,0.09287,0.0937,0.09088,0.09188,7900374.03
1702872000,0.09188,0.09221,0.0906,0.09084,2150646.74
1702886400,0.09084,0.09134,0.08645,0.08828,10545802.38
1702900800,0.08828,0.09014,0.0872,0.08898,6636170.93
1702915200,0.08898,0.09061,0.08846,0.09033,5720959.33
1702929600,0.09033,0.09235,0.08975,0.09212,7667262.16
1702944000,0.09212,0.0935,0.09171,0.0923,8471160.84
1702958400,0.0923,0.09327,0.09225,0.09314,3647066.33
1702972800,0.09314,0.09341,0.09207,0.0922,2184440.09
1702987200,0.0922,0.09233,0.09022,0.09126,7314580.17
1703001600,0.09126,0.09163,0.08922,0.09026,5716350.06
1703016000,0.09026,0.09124,0.0898,0.09019,3200655.68
1703030400,0.09019,0.09102,0.08964,0.09057,2441371.5
1703044800,0.09057,0.09161,0.08999,0.09032,3832823.97
1703059200,0.09032,0.09082,0.08944,0.09052,3578569.83
1703073600,0.09052,0.09333,0.0901,0.09297,8159740.58
1703088000,0.09297,0.09328,0.09131,0.09156,9111256.33
1703102400,0.09156,0.09171,0.08993,0.09149,6447406.529999999
1703116800,0.09149,0.09178,0.09063,0.09148,2521658.19
1703131200,0.09148,0.0918,0.09083,0.09146,2001137.91
1703145600,0.09146,0.09278,0.09107,0.09237,3131772.2
1703160000,0.09237,0.09286,0.09071,0.09134,4766025.890000001
1703174400,0.09134,0.09333,0.09093,0.09308,7361648.15
1703188800,0.09308,0.09792,0.09307,0.09499,36004100.31
1703203200,0.09499,0.09562,0.09317,0.09373,12013873.14
1703217600,0.09373,0.09439,0.09209,0.09256,5601501.23
1703232000,0.09256,0.09344,0.09195,0.09328,6129016.199999999
1703246400,0.09328,0.0941,0.09242,0.09387,3928434.95
1703260800,0.09387,0.09505,0.09342,0.09347,5502676.94
1703275200,0.09347,0.09538,0.0934,0.09504,3980977.61
1703289600,0.09504,0.09505,0.09221,0.09254,7108302.199999999
1703304000,0.09254,0.09329,0.09213,0.09264,1757818.21
1703318400,0.09264,0.09323,0.0924,0.09275,1154004.77
1703332800,0.09275,0.09343,0.09272,0.09312,3153064.95
1703347200,0.09312,0.09351,0.09272,0.09302,2434100.1
1703361600,0.09302,0.09392,0.09272,0.09348,2399751.66
1703376000,0.09348,0.09452,0.09315,0.09432,3651344.23
1703390400,0.09432,0.09456,0.09213,0.09341,4923065.07
1703404800,0.09341,0.09491,0.09301,0.09436,4973123.5600000005
1703419200,0.09436,0.09484,0.09372,0.09384,3249029.8200000003
1703433600,0.09384,0.09422,0.0934,0.09418,2507832.87
1703448000,0.09418,0.09422,0.09052,0.09178,9036222.67
1703462400,0.09178,0.09294,0.0913,0.09249,3645635.44
1703476800,0.09249,0.09299,0.09224,0.09261,1763739.91
1703491200,0.09261,0.09328,0.09257,0.09311,1964009.72
1703505600,0.09311,0.094,0.09284,0.09375,3526455.26
1703520000,0.09375,0.09538,0.09345,0.09405,5628905.41
1703534400,0.09405,0.09491,0.0932,0.09437,3137006.44
1703548800,0.09437,0.09446,0.09347,0.09404,3084186.8400000003
1703563200,0.09404,0.0941,0.09146,0.09269,7048110.97
1703577600,0.09269,0.09284,0.09158,0.09276,3986723.73
1703592000,0.09276,0.09325,0.09125,0.09153,2999688.29
1703606400,0.09153,0.09244,0.08701,0.09014,13018326.21
1703620800,0.09014,0.09162,0.09005,0.09137,2637077.09
1703635200,0.09137,0.0915,0.08959,0.09016,3184237.74
1703649600,0.09016,0.09197,0.09012,0.09188,1762934.47
1703664000,0.09188,0.09269,0.09133,0.09231,2433295.55
1703678400,0.09231,0.09372,0.09193,0.09327,4242557.2
1703692800,0.09327,0.09387,0.09283,0.09342,6262063.15
1703707200,0.09342,0.09391,0.09274,0.09367,4582887.94
1703721600,0.09367,0.09498,0.09357,0.09477,6816819.95
1703736000,0.09477,0.09483,0.09293,0.09346,4283793.22
1703750400,0.09346,0.09399,0.093,0.09346,1894913.85
1703764800,0.09346,0.09365,0.09109,0.09141,6847351.5
1703779200,0.09141,0.09214,0.09122,0.09196,4378960.05
1703793600,0.09196,0.09225,0.09113,0.09177,2158534.84
1703808000,0.09177,0.09239,0.09029,0.09202,4446240.25
1703822400,0.09202,0.09247,0.09115,0.09135,2005227.9
1703836800,0.09135,0.09293,0.0913,0.09269,2152834.4
1703851200,0.09269,0.09303,0.09073,0.09159,3947331.72
1703865600,0.09159,0.09168,0.09005,0.09131,5604176.25
1703880000,0.09131,0.09131,0.08864,0.09101,5769798.5200000005
1703894400,0.09101,0.0914,0.0904,0.09061,2730985.64
1703908800,0.09061,0.09098,0.09,0.0905,1846009.99
1703923200,0.0905,0.09051,0.08926,0.08991,1206016.91
1703937600,0.08991,0.09093,0.08964,0.09084,1853283.36
1703952000,0.09084,0.09103,0.09055,0.09057,2480220.14
1703966400,0.09057,0.09065,0.08973,0.09001,1277685.99
1703980800,0.09001,0.09047,0.08926,0.08969,1424804.22
1703995200,0.08969,0.09079,0.08957,0.09044,1167875.74
1704009600,0.09044,0.09085,0.09022,0.09035,1221631.31
1704024000,0.09035,0.09069,0.08987,0.09011,1389477.35
1704038400,0.09011,0.09073,0.09004,0.09027,1555762.3
1704052800,0.09027,0.09028,0.08804,0.0895,3477913.19
1704067200,0.0895,0.09021,0.08904,0.08922,1667242.95
1704081600,0.08922,0.08973,0.0885,0.08963,2166305.56
1704096000,0.08963,0.09014,0.08941,0.08992,769618.64
1704110400,0.08992,0.09122,0.08992,0.09109,2756341.51
1704124800,0.09109,0.09192,0.09071,0.09185,4508341.859999999
1704139200,0.09185,0.09208,0.09135,0.092,2495239.88
1704153600,0.092,0.09343,0.09185,0.09309,6808729.0
1704168000,0.09309,0.09404,0.0927,0.09353,6889027.89
1704182400,0.09353,0.09441,0.09253,0.09294,7617895.609999999
1704196800,0.09294,0.09313,0.09084,0.09156,5945873.58
1704211200,0.09156,0.09197,0.09099,0.09135,2411111.24
1704225600,0.09135,0.09166,0.09042,0.0911,3354065.17
1704240000,0.0911,0.09196,0.09107,0.0914,3636206.09
1704254400,0.0914,0.09196,0.09126,0.09169,1724475.26
1704268800,0.09169,0.09213,0.08913,0.08963,6020277.58
1704283200,0.08963,0.08966,0.07702,0.08245,35732398.94
1704297600,0.08245,0.08282,0.08083,0.08172,8272745.62
1704312000,0.08172,0.08293,0.08163,0.08203,4575682.64
1704326400,0.08203,0.08268,0.08112,0.08215,3514981.8000000003
1704340800,0.08215,0.08304,0.08198,0.08233,4063405.98
1704355200,0.08233,0.08309,0.08158,0.08273,3221485.1
1704369600,0.08273,0.08467,0.08237,0.08415,8034192.07
1704384000,0.08415,0.08439,0.08324,0.08394,5486957.9
1704398400,0.08394,0.08475,0.08393,0.08408,3672859.76
1704412800,0.08408,0.0849,0.08041,0.08303,11515093.07
1704427200,0.08303,0.08333,0.08253,0.08289,4149881.13
1704441600,0.08289,0.08407,0.08211,0.08224,5076457.68
1704456000,0.08224,0.08282,0.08109,0.08196,7832842.46
1704470400,0.08196,0.08234,0.08063,0.08163,6748864.96
1704484800,0.08163,0.08289,0.08163,0.08272,5623746.29
1704499200,0.08272,0.08274,0.08183,0.08216,2480756.83
1704513600,0.08216,0.08237,0.07845,0.08028,6458380.609999999
1704528000,0.08028,0.08077,0.07987,0.0807,1755315.45
1704542400,0.0807,0.08191,0.08021,0.08155,2122915.74
1704556800,0.08155,0.0818,0.08057,0.08084,1446657.71
1704571200,0.08084,0.0811,0.07981,0.08063,2002179.17
1704585600,0.08063,0.08148,0.08043,0.08076,1655153.1
1704600000,0.08076,0.08148,0.08062,0.08074,1814171.8
1704614400,0.08074,0.08121,0.07957,0.08008,2188283.6
1704628800,0.08008,0.08077,0.07931,0.07948,2287374.15
1704643200,0.07948,0.08023,0.07909,0.08009,2964970.27
1704657600,0.08009,0.08013,0.0771,0.07828,5173057.75
1704672000,0.07828,0.07901,0.07429,0.07598,8157494.99
1704686400,0.07598,0.07907,0.07565,0.07769,4664865.66
1704700800,0.07769,0.07839,0.07686,0.07836,2414791.65
1704715200,0.07836,0.07967,0.07804,0.07914,7076422.68
1704729600,0.07914,0.08127,0.07897,0.08119,7524391.85
1704744000,0.08119,0.08182,0.08034,0.08137,5018882.32
1704758400,0.08137,0.08162,0.07948,0.07999,5083686.57
1704772800,0.07999,0.08138,0.07994,0.08052,3088736.94
1704787200,0.08052,0.08052,0.0784,0.07906,2419882.73
1704801600,0.07906,0.07923,0.07676,0.07832,8710868.06
1704816000,0.07832,0.08395,0.07708,0.07983,24356652.49
1704830400,0.07983,0.08202,0.07676,0.07923,33300689.13
1704844800,0.07923,0.08082,0.07909,0.07987,6091506.61
1704859200,0.07987,0.08004,0.07831,0.07866,3549005.7
1704873600,0.07866,0.07967,0.07796,0.0792,3355927.88
1704888000,0.0792,0.07934,0.07629,0.07841,8835334.35
1704902400,0.07841,0.07929,0.07772,0.07921,5679308.23
1704916800,0.07921,0.08508,0.07715,0.08306,21377596.93
1704931200,0.08306,0.08468,0.08229,0.08406,8290965.109999999
1704945600,0.08406,0.08456,0.08207,0.0838,3993283.88
1704960000,0.0838,0.08619,0.0836,0.08597,6407210.06
1704974400,0.08597,0.08797,0.08414,0.08494,17787038.55
1704988800,0.08494,0.08548,0.08292,0.08526,7765195.470000001
1705003200,0.08526,0.08568,0.08385,0.08458,3574172.88
1705017600,0.08458,0.08491,0.08316,0.08359,4225390.4
1705032000,0.08359,0.08498,0.08344,0.08407,2424435.46
1705046400,0.08407,0.08496,0.08329,0.08464,2385397.14
1705060800,0.08464,0.08543,0.0823,0.08262,6744764.220000001
1705075200,0.08262,0.08294,0.07954,0.08149,11494698.43
1705089600,0.08149,0.0819,0.07776,0.08008,7288569.68
1705104000,0.08008,0.08043,0.0786,0.08015,3979046.82
1705118400,0.08015,0.08104,0.08007,0.0808,1131828.75
1705132800,0.0808,0.08099,0.07963,0.08015,2059501.94
1705147200,0.08015,0.08133,0.07988,0.08117,2379183.01
1705161600,0.08117,0.08128,0.08059,0.08097,2025666.55
1705176000,0.08097,0.08119,0.08057,0.08093,3369327.48
1705190400,0.08093,0.08104,0.08028,0.08068,1740450.34
1705204800,0.08068,0.08275,0.08028,0.0825,3826817.56
1705219200,0.0825,0.08388,0.08178,0.08299,6362912.66
1705233600,0.08299,0.08308,0.08187,0.08198,2663659.51
1705248000,0.08198,0.08238,0.08067,0.08077,3702664.45
1705262400,0.08077,0.08129,0.07964,0.07998,2997037.3
1705276800,0.07998,0.08141,0.07994,0.0811,2001174.93
1705291200,0.0811,0.08157,0.08052,0.08084,1717361.15
1705305600,0.08084,0.08169,0.08063,0.08152,1038527.67
1705320000,0.08152,0.08163,0.07982,0.08026,1746583.56
1705334400,0.08026,0.08169,0.08012,0.08111,1826044.13
1705348800,0.08111,0.08129,0.07998,0.08103,1739599.62
1705363200,0.08103,0.08165,0.08077,0.0811,2521548.18
1705377600,0.0811,0.0812,0.08019,0.08087,900798.7
1705392000,0.08087,0.08247,0.08078,0.08154,4495984.52
1705406400,0.08154,0.08216,0.07984,0.08127,6174499.78
1705420800,0.08127,0.0816,0.08088,0.08136,1891853.88
1705435200,0.08136,0.08182,0.08125,0.08131,1955434.75
1705449600,0.08131,0.08156,0.08115,0.08118,1365822.16
1705464000,0.08118,0.08131,0.08031,0.0804,2036209.97
1705478400,0.0804,0.08106,0.08018,0.08055,1542312.16
1705492800,0.08055,0.08081,0.07989,0.08002,3133466.17
1705507200,0.08002,0.08059,0.07932,0.08041,1687075.23
1705521600,0.08041,0.08057,0.07971,0.08053,1509543.4
1705536000,0.08053,0.0807,0.08001,0.08013,1342167.24
1705550400,0.08013,0.08068,0.08007,0.08062,1023541.63
1705564800,0.08062,0.08064,0.07975,0.08011,1596642.58
1705579200,0.08011,0.08016,0.07912,0.08002,1615075.13
1705593600,0.08002,0.08004,0.07683,0.07744,7952784.56
1705608000,0.07744,0.07827,0.07731,0.07802,2620171.79
1705622400,0.07802,0.0782,0.07634,0.07735,4768296.649999999
1705636800,0.07735,0.07822,0.07726,0.07804,1480740.44
1705651200,0.07804,0.07839,0.0778,0.07813,1166206.17
1705665600,0.07813,0.07854,0.077,0.07738,4277849.18
1705680000,0.07738,0.07837,0.07478,0.07835,8409751.55
1705694400,0.07835,0.07875,0.07785,0.0785,1960964.02
1705708800,0.0785,0.07893,0.07816,0.07848,1311656.92
1705723200,0.07848,0.07951,0.07818,0.0792,2250170.14
1705737600,0.0792,0.07945,0.07843,0.07921,1317240.64
1705752000,0.07921,0.07955,0.07893,0.07917,1674199.62
1705766400,0.07917,0.08245,0.07908,0.08225,5354095.390000001
1705780800,0.08225,0.09616,0.08187,0.09054,39928619.71
1705795200,0.09054,0.09507,0.08629,0.08671,32016291.59
1705809600,0.08671,0.08703,0.08471,0.08575,10228374.82
1705824000,0.08575,0.08719,0.08501,0.08689,5461025.62
1705838400,0.08689,0.0889,0.08612,0.08719,9036156.15
1705852800,0.08719,0.08727,0.08571,0.0864,6400162.8
1705867200,0.0864,0.08643,0.08466,0.08537,7906363.6
1705881600,0.08537,0.0855,0.08253,0.08323,8749896.25
1705896000,0.08323,0.08406,0.08216,0.08325,5746275.6
1705910400,0.08325,0.08351,0.08143,0.08334,7088784.22
1705924800,0.08334,0.0845,0.08292,0.08397,13711021.26
1705939200,0.08397,0.08487,0.08017,0.08181,17631584.36
1705953600,0.08181,0.0825,0.08004,0.08045,7440054.21
1705968000,0.08045,0.08176,0.08037,0.08081,4329633.51
1705982400,0.08081,0.08127,0.07946,0.07968,4802640.3100000005
1705996800,0.07968,0.07997,0.07597,0.07719,11315176.24
1706011200,0.07719,0.07775,0.07597,0.07751,10219145.71
1706025600,0.07751,0.07781,0.07651,0.0766,5689520.5
1706040000,0.0766,0.07823,0.07633,0.07816,5091746.83
1706054400,0.07816,0.07888,0.0776,0.07779,4299527.27
1706068800,0.07779,0.08001,0.07779,0.07951,5487028.13
1706083200,0.07951,0.08062,0.07945,0.08006,3626411.84
1706097600,0.08006,0.08034,0.07847,0.07911,5772967.390000001
1706112000,0.07911,0.07933,0.07806,0.07851,3305627.71
1706126400,0.07851,0.0792,0.07806,0.07901,4798912.43
1706140800,0.07901,0.07921,0.07804,0.07821,2372245.85
1706155200,0.07821,0.07832,0.07733,0.07815,3165922.16
1706169600,0.07815,0.07875,0.07758,0.07819,2480350.17
1706184000,0.07819,0.07852,0.07714,0.0774,3676080.78
1706198400,0.0774,0.07826,0.07709,0.07801,3738004.65
1706212800,0.07801,0.07823,0.0777,0.07786,2132698.11
1706227200,0.07786,0.07841,0.07749,0.0781,2972142.61
1706241600,0.0781,0.07846,0.07771,0.07781,1680547.14
1706256000,0.07781,0.07954,0.0778,0.07949,2332025.34
1706270400,0.07949,0.07963,0.07885,0.07947,3935813.58
1706284800,0.07947,0.08033,0.07944,0.08,3885033.67
1706299200,0.08,0.08028,0.07963,0.07983,2944054.73
1706313600,0.07983,0.08027,0.07974,0.07994,1855947.38
1706328000,0.07994,0.08005,0.07901,0.07941,1671102.3
1706342400,0.07941,0.07985,0.07928,0.07963,935749.74
1706356800,0.07963,0.07987,0.07944,0.07958,1948178.25
1706371200,0.07958,0.07997,0.07944,0.07982,1680290.5
1706385600,0.07982,0.08073,0.07982,0.08014,2885947.12
1706400000,0.08014,0.08065,0.07985,0.08059,1186699.58
1706414400,0.08059,0.08144,0.08005,0.0802,3533088.3
1706428800,0.0802,0.08093,0.08001,0.08012,1468908.86
1706443200,0.08012,0.08019,0.07927,0.07959,2372452.58
1706457600,0.07959,0.0798,0.0782,0.07855,1863659.51
1706472000,0.07855,0.07914,0.07823,0.07882,1282526.9
1706486400,0.07882,0.07934,0.07843,0.07902,1803902.33
1706500800,0.07902,0.0792,0.07845,0.07848,1855398.33
1706515200,0.07848,0.08228,0.07819,0.08061,9100017.19
1706529600,0.08061,0.08302,0.08009,0.0822,13295144.7
1706544000,0.0822,0.08273,0.08144,0.08227,6494319.0
1706558400,0.08227,0.08262,0.08121,0.08135,3420361.64
1706572800,0.08135,0.08213,0.08089,0.08162,2619788.99
1706587200,0.08162,0.08184,0.08094,0.08141,1447920.59
1706601600,0.08141,0.08181,0.081,0.08174,2097892.0300000003
1706616000,0.08174,0.08216,0.08044,0.08121,3642328.08
1706630400,0.08121,0.08169,0.08081,0.08129,3267697.0
1706644800,0.08129,0.0816,0.0794,0.07973,3500009.14
1706659200,0.07973,0.08014,0.07904,0.08008,2869830.42
1706673600,0.08008,0.08024,0.07948,0.07975,1087680.02
1706688000,0.07975,0.07983,0.07831,0.07901,2855885.33
1706702400,0.07901,0.07953,0.07816,0.07951,2817282.2
1706716800,0.07951,0.08006,0.07917,0.07983,2435505.25
1706731200,0.07983,0.0799,0.07796,0.07873,2760118.72
1706745600,0.07873,0.07908,0.07732,0.0786,2328172.26
1706760000,0.0786,0.07925,0.0785,0.0788,1132151.51
1706774400,0.0788,0.07919,0.07847,0.0785,1422531.95
1706788800,0.0785,0.07932,0.07835,0.07894,1515956.16
1706803200,0.07894,0.07982,0.07848,0.07966,2759035.82
1706817600,0.07966,0.07975,0.07902,0.07932,1199494.54
1706832000,0.07932,0.07992,0.07915,0.07968,2110685.42
1706846400,0.07968,0.07989,0.0794,0.07976,902663.01
1706860800,0.07976,0.07987,0.07939,0.07946,835927.45
1706875200,0.07946,0.07962,0.07855,0.07935,2493615.8
1706889600,0.07935,0.07955,0.07868,0.07894,1942041.49
1706904000,0.07894,0.07933,0.0788,0.07923,1056347.82
1706918400,0.07923,0.07946,0.07904,0.0792,629458.8200000001
1706932800,0.0792,0.07948,0.07884,0.07893,784808.99
1706947200,0.07893,0.0791,0.07877,0.079,493861.5
1706961600,0.079,0.07927,0.07853,0.07906,746173.5900000001
1706976000,0.07906,0.07942,0.07903,0.07916,873133.71
1706990400,0.07916,0.07924,0.07858,0.0787,574829.41
1707004800,0.0787,0.07902,0.07836,0.07897,996526.98
1707019200,0.07897,0.07897,0.07847,0.07863,548764.3200000001
1707033600,0.07863,0.07908,0.07841,0.07903,575638.3400000001
1707048000,0.07903,0.07924,0.07873,0.07907,663422.8
1707062400,0.07907,0.07991,0.07868,0.07909,1197437.4
1707076800,0.07909,0.07937,0.07782,0.07828,1395202.02
1707091200,0.07828,0.07852,0.07732,0.07813,1961812.33
1707105600,0.07813,0.07881,0.07792,0.07867,1252174.2
1707120000,0.07867,0.08021,0.0786,0.07959,4424715.17
1707134400,0.07959,0.08004,0.0785,0.07864,3240053.71
1707148800,0.07864,0.07895,0.07832,0.07877,1614945.33
1707163200,0.07877,0.07879,0.07751,0.07825,3370341.7
1707177600,0.07825,0.07857,0.07814,0.07839,1078361.62
1707192000,0.07839,0.07841,0.07803,0.07836,630213.14
1707206400,0.07836,0.07863,0.07782,0.07801,1030145.28
1707220800,0.07801,0.07853,0.07765,0.07852,1159015.1
1707235200,0.07852,0.0791,0.07841,0.07908,1551843.87
1707249600,0.07908,0.07919,0.07841,0.07847,1290832.22
1707264000,0.07847,0.07891,0.07846,0.07849,1127910.47
1707278400,0.07849,0.07858,0.07809,0.0783,789658.12
1707292800,0.0783,0.07868,0.07821,0.07842,562348.7
1707307200,0.07842,0.07901,0.07838,0.07892,1624486.1800000002
1707321600,0.07892,0.07989,0.07887,0.07963,2908752.59
1707336000,0.07963,0.08029,0.07963,0.08011,2636885.22
1707350400,0.08011,0.08044,0.07995,0.08006,1963274.75
1707364800,0.08006,0.08026,0.07963,0.07984,955146.17
1707379200,0.07984,0.08029,0.07968,0.07985,886454.87
1707393600,0.07985,0.08081,0.07973,0.0807,2443634.51
1707408000,0.0807,0.08083,0.07968,0.08019,2436427.65
1707422400,0.08019,0.08056,0.07958,0.07987,2021671.4
1707436800,0.07987,0.08089,0.07987,0.08042,2043042.94
1707451200,0.08042,0.08195,0.08028,0.0819,2828221.3
1707465600,0.0819,0.08202,0.08131,0.08192,2581994.35
1707480000,0.08192,0.08216,0.08071,0.08145,5975924.15
1707494400,0.08145,0.08198,0.08095,0.08149,3704701.5
1707508800,0.08149,0.08165,0.08119,0.0816,4759702.07
1707523200,0.0816,0.08219,0.0814,0.08189,2698935.3600000003
1707537600,0.08189,0.08198,0.08128,0.08132,700562.5
1707552000,0.08132,0.08148,0.08037,0.08085,2414805.13
1707566400,0.08085,0.08117,0.08063,0.08114,2875238.7
1707580800,0.08114,0.0813,0.08089,0.08111,1730313.51
1707595200,0.08111,0.08182,0.08103,0.08145,2166350.82
1707609600,0.08145,0.08237,0.08127,0.08227,1775435.95
1707624000,0.08227,0.08356,0.08188,0.08288,4845322.91
1707638400,0.08288,0.08339,0.08215,0.08258,3629051.52
1707652800,0.08258,0.08258,0.08151,0.08185,1954322.17
1707667200,0.08185,0.08221,0.08143,0.08199,2238544.2
1707681600,0.08199,0.0821,0.08078,0.08125,4479373.48
1707696000,0.08125,0.08156,0.08001,0.08045,4796396.16
1707710400,0.08045,0.0805,0.07954,0.08038,1815225.02
1707724800,0.08038,0.08046,0.07946,0.07979,1360526.24
1707739200,0.07979,0.08158,0.0796,0.08156,3782689.1
1707753600,0.08156,0.08286,0.08104,0.08152,7630562.27
1707768000,0.08152,0.08247,0.08152,0.08226,3324895.47
1707782400,0.08226,0.08302,0.08159,0.08181,4671664.94
1707796800,0.08181,0.08259,0.08179,0.08252,2054326.16
1707811200,0.08252,0.08301,0.08204,0.08245,2561411.1
1707825600,0.08245,0.08262,0.07968,0.08095,8068317.48
1707840000,0.08095,0.08121,0.08027,0.08083,2351335.92
1707854400,0.08083,0.08156,0.08083,0.0811,1910201.73
1707868800,0.0811,0.08112,0.08053,0.08112,2157311.87
1707883200,0.08112,0.08185,0.08096,0.08178,1308994.05
1707897600,0.08178,0.08331,0.08173,0.08295,5081336.28
1707912000,0.08295,0.08362,0.08237,0.08317,6696012.65
1707926400,0.08317,0.08672,0.0827,0.08622,14167256.15
1707940800,0.08622,0.08706,0.08541,0.08556,9717717.75
1707955200,0.08556,0.08828,0.08555,0.08724,11198503.12
1707969600,0.08724,0.08733,0.08516,0.08565,5024153.42
1707984000,0.08565,0.08617,0.08517,0.08583,2791401.36
1707998400,0.08583,0.08697,0.08469,0.08508,7324309.08
1708012800,0.08508,0.08569,0.08399,0.08549,5674670.0600000005
1708027200,0.08549,0.08561,0.0846,0.08538,4505378.63
1708041600,0.08538,0.08655,0.08506,0.08639,2579968.43
1708056000,0.08639,0.08675,0.08514,0.08516,2935649.15
1708070400,0.08516,0.08666,0.08465,0.08632,2815508.56
1708084800,0.08632,0.08801,0.08402,0.0855,7712194.1
1708099200,0.0855,0.08597,0.08469,0.085,6005127.48
1708113600,0.085,0.08618,0.08486,0.08598,2866923.62
1708128000,0.08598,0.08613,0.08436,0.08513,2256175.05
1708142400,0.08513,0.08535,0.08467,0.08522,1485664.75
1708156800,0.08522,0.08522,0.08395,0.08455,2557296.49
1708171200,0.08455,0.08469,0.08193,0.08301,9086061.37
1708185600,0.08301,0.08338,0.08262,0.08338,3227878.23
1708200000,0.08338,0.08419,0.08334,0.08359,1776714.67
1708214400,0.08359,0.08382,0.08288,0.08352,2783245.97
1708228800,0.08352,0.0841,0.08321,0.08382,2217154.4
1708243200,0.08382,0.08436,0.08376,0.08403,2210209.15
1708257600,0.08403,0.08407,0.08321,0.08393,3412411.08
1708272000,0.08393,0.08534,0.08366,0.08492,4026402.9
1708286400,0.08492,0.08574,0.08451,0.0852,3215556.4
1708300800,0.0852,0.08631,0.08505,0.08615,3857531.64
1708315200,0.08615,0.08684,0.08553,0.08664,3657241.27
1708329600,0.08664,0.0869,0.08579,0.08662,2657860.71
1708344000,0.08662,0.08794,0.08549,0.08757,6340072.300000001
1708358400,0.08757,0.08948,0.08674,0.08911,12410447.78
1708372800,0.08911,0.09079,0.08886,0.08943,11494827.73
1708387200,0.08943,0.09152,0.08772,0.08787,13740496.48
1708401600,0.08787,0.08872,0.08706,0.08744,6840216.859999999
1708416000,0.08744,0.08747,0.08545,0.0874,6597422.69
1708430400,0.0874,0.08811,0.08309,0.08457,11673035.01
1708444800,0.08457,0.0853,0.08315,0.08527,6311918.8
1708459200,0.08527,0.08649,0.08504,0.08617,4559105.390000001
1708473600,0.08617,0.08628,0.08508,0.08555,2956374.51
1708488000,0.08555,0.08565,0.08394,0.08429,3497526.93
1708502400,0.08429,0.0847,0.08238,0.08318,3905266.020000001
1708516800,0.08318,0.08404,0.08239,0.08337,5573561.1
1708531200,0.08337,0.08378,0.08198,0.08338,3588528.12
1708545600,0.08338,0.08472,0.08303,0.0846,4002834.07
1708560000,0.0846,0.0846,0.08302,0.08388,3224176.02
1708574400,0.08388,0.08534,0.08359,0.08508,1511579.92
1708588800,0.08508,0.08543,0.08445,0.08471,2026567.9
1708603200,0.08471,0.08507,0.08341,0.08483,4188514.07
1708617600,0.08483,0.08511,0.08418,0.08483,3210139.35
1708632000,0.08483,0.08547,0.0839,0.08404,3762629.27
1708646400,0.08404,0.08465,0.0832,0.0839,2365109.59
1708660800,0.0839,0.08427,0.08351,0.08361,1272751.11
1708675200,0.08361,0.08417,0.08297,0.0838,4833567.3
1708689600,0.0838,0.08527,0.083,0.08375,5467592.4
1708704000,0.08375,0.08534,0.08286,0.08531,7245601.0
1708718400,0.08531,0.08552,0.0835,0.0845,2752128.96
1708732800,0.0845,0.08523,0.08383,0.08519,3123072.2800000003
1708747200,0.08519,0.08525,0.0846,0.08507,1559438.64
1708761600,0.08507,0.08537,0.08472,0.08532,1380367.52
1708776000,0.08532,0.08614,0.08503,0.08573,5132972.19
1708790400,0.08573,0.08644,0.08555,0.08579,2925412.31
1708804800,0.08579,0.08625,0.08552,0.08615,2810590.6
1708819200,0.08615,0.08632,0.08522,0.08616,3425568.48
1708833600,0.08616,0.08641,0.08569,0.08598,2919651.9
1708848000,0.08598,0.08676,0.08583,0.08613,1763646.5
1708862400,0.08613,0.08678,0.08584,0.08632,3092621.22
1708876800,0.08632,0.08659,0.08586,0.08647,2594559.16
1708891200,0.08647,0.08676,0.08597,0.08616,3126208.17
1708905600,0.08616,0.08616,0.08501,0.08558,3631073.34
1708920000,0.08558,0.08613,0.0852,0.08552,1172243.9
1708934400,0.08552,0.08576,0.0842,0.08457,2731696.69
1708948800,0.08457,0.08666,0.08418,0.08665,4182944.17
1708963200,0.08665,0.08906,0.08653,0.0889,12422233.02
1708977600,0.0889,0.09015,0.08788,0.08935,12020367.12
1708992000,0.08935,0.09069,0.08851,0.0893,11654062.36
1709006400,0.0893,0.09186,0.08918,0.0918,10103371.239999998
1709020800,0.0918,0.09652,0.09134,0.09434,21911542.95
1709035200,0.09434,0.09822,0.09425,0.096,28190945.77
1709049600,0.096,0.09978,0.0946,0.09886,31638967.12
1709064000,0.09886,0.1007,0.09628,0.09764,28324800.15
1709078400,0.09764,0.09834,0.0943,0.0946,16124318.62
1709092800,0.0946,0.09725,0.09458,0.09694,11490084.85
1709107200,0.09694,0.1007,0.0965,0.09739,24598503.45
1709121600,0.09739,0.1006,0.0973,0.1002,20594871.82
1709136000,0.1002,0.1234,0.09974,0.113,144986584.07
1709150400,0.113,0.1199,0.1115,0.1162,59116335.82
1709164800,0.1162,0.1266,0.1113,0.1243,54090331.6
1709179200,0.1243,0.1351,0.1232,0.1281,109763018.21
1709193600,0.1281,0.1309,0.1251,0.1291,40153721.65
1709208000,0.1291,0.1345,0.126,0.1342,68040195.68
1709222400,0.1342,0.1348,0.1229,0.1266,60819641.25
1709236800,0.1266,0.1281,0.1145,0.1174,59997185.34
1709251200,0.1174,0.122,0.1172,0.1196,31723551.81
1709265600,0.1196,0.1222,0.1181,0.1184,19207086.65
1709280000,0.1184,0.1237,0.1183,0.1215,15820064.16
1709294400,0.1215,0.13,0.1213,0.1243,38215805.33
1709308800,0.1243,0.1396,0.1243,0.1357,88422009.84
1709323200,0.1357,0.1462,0.1353,0.1395,94943920.29
1709337600,0.1395,0.15,0.1382,0.1413,87884401.88
1709352000,0.1413,0.1479,0.1393,0.147,40645720.24
1709366400,0.147,0.1511,0.1405,0.1416,51491337.8
1709380800,0.1416,0.1441,0.136,0.1377,30136936.05
1709395200,0.1377,0.1432,0.1365,0.1419,26934295.97
1709409600,0.1419,0.1444,0.1397,0.1421,22216785.5
1709424000,0.1421,0.1439,0.1381,0.1406,24575016.61
1709438400,0.1406,0.1436,0.1236,0.1314,38705146.36
1709452800,0.1314,0.1427,0.1292,0.1415,35019655.09
1709467200,0.1415,0.1435,0.1375,0.1403,26783474.25
1709481600,0.1403,0.1535,0.1388,0.1511,78252084.5
1709496000,0.1511,0.1567,0.1495,0.1536,67586319.67
1709510400,0.1536,0.1587,0.1452,0.1568,73591327.31
1709524800,0.1568,0.1672,0.1551,0.1639,75490232.75
1709539200,0.1639,0.172,0.1593,0.1627,60258443.98
1709553600,0.1627,0.1725,0.158,0.1724,64353880.0
1709568000,0.1724,0.1863,0.1668,0.1789,156642246.28
1709582400,0.1789,0.185,0.1726,0.1824,70748644.66
1709596800,0.1824,0.2076,0.1813,0.1962,171171769.52
1709611200,0.1962,0.1993,0.1687,0.1782,138725139.39
1709625600,0.1782,0.1867,0.1748,0.181,38816627.47
1709640000,0.181,0.1925,0.1724,0.1725,106235148.15
1709654400,0.1725,0.1745,0.1261,0.1374,167558236.20999998
1709668800,0.1374,0.1579,0.1279,0.1537,132008753.59
1709683200,0.1537,0.161,0.1464,0.1511,60574211.75
1709697600,0.1511,0.1697,0.1501,0.168,78090046.86
1709712000,0.168,0.1797,0.1663,0.1684,63862354.83
1709726400,0.1684,0.1699,0.1559,0.1612,63262319.55
1709740800,0.1612,0.1633,0.1551,0.16,40419688.44
1709755200,0.16,0.1627,0.1555,0.1579,28055964.63
1709769600,0.1579,0.1625,0.1519,0.1525,41558036.91
1709784000,0.1525,0.1539,0.1466,0.1511,37228850.72
1709798400,0.1511,0.1568,0.1508,0.1533,22672750.91
1709812800,0.1533,0.16,0.1483,0.159,45342354.5
1709827200,0.159,0.1603,0.1522,0.1561,29418739.19
1709841600,0.1561,0.16,0.1535,0.1578,29675520.44
1709856000,0.1578,0.1683,0.1553,0.1683,44609420.72
1709870400,0.1683,0.1688,0.1614,0.165,26131713.85
1709884800,0.165,0.1738,0.1631,0.169,27367413.02
1709899200,0.169,0.1762,0.16,0.1636,62956207.09
1709913600,0.1636,0.1702,0.1592,0.168,50497455.09
1709928000,0.168,0.1732,0.1641,0.1649,35021677.879999995
1709942400,0.1649,0.1716,0.1643,0.1695,23283486.07
1709956800,0.1695,0.1725,0.168,0.168,20926426.65
1709971200,0.168,0.1716,0.1634,0.1665,15880738.17
1709985600,0.1665,0.1711,0.1654,0.1703,18260959.59
1710000000,0.1703,0.1856,0.1685,0.177,87327124.83
1710014400,0.177,0.1833,0.175,0.1792,35060600.59
1710028800,0.1792,0.18,0.174,0.1762,27134419.09
1710043200,0.1762,0.1792,0.1756,0.1763,14911530.1
1710057600,0.1763,0.1779,0.1717,0.1734,17880390.2
1710072000,0.1734,0.1747,0.1671,0.1727,22666650.78
1710086400,0.1727,0.1747,0.1713,0.1738,17995741.39
1710100800,0.1738,0.1745,0.1655,0.1703,23954342.61
1710115200,0.1703,0.1704,0.16,0.1665,29812049.05
1710129600,0.1665,0.1783,0.1659,0.1762,29345584.56
1710144000,0.1762,0.1795,0.1743,0.1753,30108836.64
1710158400,0.1753,0.1777,0.1713,0.1744,35328908.71
1710172800,0.1744,0.178,0.172,0.174,39558417.77
1710187200,0.174,0.1831,0.1736,0.182,30622072.41
1710201600,0.182,0.1835,0.1735,0.1736,23497124.94
1710216000,0.1736,0.1752,0.1705,0.1725,13284897.920000002
1710230400,0.1725,0.1728,0.1678,0.1708,13875567.94
1710244800,0.1708,0.1731,0.1663,0.17,27215412.64
1710259200,0.17,0.1702,0.1557,0.1676,47518961.53
1710273600,0.1676,0.1684,0.1636,0.1682,16930850.46
1710288000,0.1682,0.1735,0.1668,0.1721,22609762.4
1710302400,0.1721,0.1745,0.1709,0.1723,17504502.01
1710316800,0.1723,0.1739,0.1695,0.1704,15027384.0
1710331200,0.1704,0.1713,0.165,0.167,21133506.93
1710345600,0.167,0.1714,0.1661,0.1692,19703108.88
1710360000,0.1692,0.171,0.168,0.1691,13763428.12
1710374400,0.1691,0.1741,0.1653,0.1729,26897802.0
1710388800,0.1729,0.193,0.1729,0.1863,127861441.87
1710403200,0.1863,0.1903,0.1796,0.1834,49607268.19
1710417600,0.1834,0.1898,0.171,0.1728,66790608.93
1710432000,0.1728,0.1791,0.1651,0.1699,58954843.04
1710446400,0.1699,0.1811,0.1697,0.1772,42875063.46
1710460800,0.1772,0.1813,0.1603,0.1668,64969033.23
1710475200,0.1668,0.171,0.1615,0.1678,37648027.49
1710489600,0.1678,0.1679,0.1513,0.1604,46513966.38
1710504000,0.1604,0.1655,0.1592,0.1622,32053960.8
1710518400,0.1622,0.168,0.1601,0.1623,48539123.69
1710532800,0.1623,0.1638,0.1572,0.1635,28975989.44
1710547200,0.1635,0.1652,0.1612,0.1623,15190233.2
1710561600,0.1623,0.1633,0.1579,0.1631,15212362.34
1710576000,0.1631,0.1633,0.1566,0.1581,13341444.68
1710590400,0.1581,0.1582,0.1505,0.1539,32111567.89
1710604800,0.1539,0.1547,0.1401,0.1432,51695618.13
1710619200,0.1432,0.1453,0.138,0.1424,26136343.7
1710633600,0.1424,0.1476,0.1403,0.1466,22146299.87
1710648000,0.1466,0.1467,0.1367,0.1408,16566893.52
1710662400,0.1408,0.1516,0.1398,0.1485,21675208.35
1710676800,0.1485,0.1546,0.1457,0.153,22646772.32
1710691200,0.153,0.159,0.1503,0.1546,32869431.75
1710705600,0.1546,0.1569,0.1528,0.1542,16368723.52
1710720000,0.1542,0.1542,0.1483,0.1508,19882936.19
1710734400,0.1508,0.1535,0.1488,0.1494,11251965.11
1710748800,0.1494,0.1494,0.1453,0.1481,13026123.17
1710763200,0.1481,0.1491,0.1422,0.1437,27225989.25
1710777600,0.1437,0.1453,0.14,0.142,21887257.13
1710792000,0.142,0.1453,0.142,0.1435,9611983.15
1710806400,0.1435,0.1452,0.1323,0.1355,35454371.15
1710820800,0.1355,0.136,0.126,0.1327,34018047.06
1710835200,0.1327,0.1327,0.1252,0.1304,38971990.260000005
1710849600,0.1304,0.1344,0.1284,0.1341,36904639.370000005
1710864000,0.1341,0.1364,0.1325,0.1344,26629486.34
1710878400,0.1344,0.1348,0.1264,0.1287,23696173.0
1710892800,0.1287,0.1317,0.1258,0.1274,25021622.62
1710907200,0.1274,0.1347,0.1228,0.1334,30643426.67
1710921600,0.1334,0.1364,0.1317,0.1344,31920300.13
1710936000,0.1344,0.1361,0.1313,0.1322,21723253.43
1710950400,0.1322,0.1502,0.1269,0.1461,60537981.21
1710964800,0.1461,0.1533,0.1444,0.1521,58000335.95
1710979200,0.1521,0.1536,0.1493,0.1503,36560921.54000001
1710993600,0.1503,0.1545,0.1466,0.1539,21058589.15
1711008000,0.1539,0.1578,0.1506,0.1515,20244470.3
1711022400,0.1515,0.1572,0.1515,0.1568,29119763.84
1711036800,0.1568,0.1598,0.1483,0.1514,47876827.31
1711051200,0.1514,0.1568,0.149,0.1554,36892018.72
1711065600,0.1554,0.1591,0.1515,0.1575,30368173.01
1711080000,0.1575,0.1648,0.1553,0.1631,32529105.14
1711094400,0.1631,0.165,0.155,0.1559,27514710.11
1711108800,0.1559,0.1568,0.1453,0.1497,49549070.36
1711123200,0.1497,0.1528,0.1478,0.1521,23742854.32
1711137600,0.1521,0.1533,0.1484,0.1529,21635179.91
1711152000,0.1529,0.1651,0.1517,0.1587,47462540.14
1711166400,0.1587,0.1637,0.1582,0.1612,29886476.97
1711180800,0.1612,0.165,0.1612,0.1636,22090962.22
1711195200,0.1636,0.1687,0.163,0.1667,34874854.56
1711209600,0.1667,0.1751,0.1655,0.1698,52973818.55
1711224000,0.1698,0.1701,0.1613,0.1619,24261194.59
1711238400,0.1619,0.172,0.1612,0.1688,42794090.35
1711252800,0.1688,0.174,0.1677,0.1739,37799945.76
1711267200,0.1739,0.175,0.1712,0.1722,18675144.14
1711281600,0.1722,0.1749,0.1701,0.1748,27892653.87
1711296000,0.1748,0.177,0.1692,0.1739,38490456.99
1711310400,0.1739,0.18,0.1732,0.1765,44900119.0
1711324800,0.1765,0.1774,0.1713,0.1725,26513170.7
1711339200,0.1725,0.1757,0.1714,0.1714,23771157.47
1711353600,0.1714,0.1733,0.1701,0.1706,12803117.28
1711368000,0.1706,0.1869,0.1704,0.183,66268526.1
1711382400,0.183,0.1846,0.1787,0.1804,50601185.35
1711396800,0.1804,0.1816,0.1747,0.1753,34412716.17
1711411200,0.1753,0.1789,0.1748,0.1773,26948625.33
1711425600,0.1773,0.183,0.177,0.1793,24247646.07
1711440000,0.1793,0.1871,0.1781,0.1838,43199833.06
1711454400,0.1838,0.1861,0.1743,0.1786,45208737.120000005
1711468800,0.1786,0.1801,0.175,0.1762,28738378.03
1711483200,0.1762,0.1839,0.1761,0.1823,29112938.16
1711497600,0.1823,0.1873,0.181,0.1842,52449166.27
1711512000,0.1842,0.1897,0.1828,0.1829,39831875.35
1711526400,0.1829,0.1874,0.1796,0.1868,31479412.05
1711540800,0.1868,0.1911,0.1789,0.1876,107377994.08
1711555200,0.1876,0.1913,0.1813,0.1826,60520661.73
1711569600,0.1826,0.1915,0.1824,0.1903,49748414.83
1711584000,0.1903,0.2056,0.1891,0.1946,147868530.67000002
1711598400,0.1946,0.2015,0.1946,0.2,39951239.78
1711612800,0.2,0.2198,0.1984,0.2171,73389451.86
1711627200,0.2171,0.2257,0.2124,0.2175,123255360.74
1711641600,0.2175,0.2288,0.2157,0.2273,85035860.03
1711656000,0.2273,0.2273,0.2163,0.22,63690178.32
1711670400,0.22,0.2248,0.2111,0.218,63688306.43
1711684800,0.218,0.2181,0.2085,0.2095,36500569.81
1711699200,0.2095,0.2177,0.2092,0.2137,35693390.16
1711713600,0.2137,0.2184,0.2079,0.2087,42198822.23
1711728000,0.2087,0.2183,0.2086,0.2142,40461095.45
1711742400,0.2142,0.215,0.2095,0.2131,33124819.76
1711756800,0.2131,0.2169,0.2109,0.212,33489491.69
1711771200,0.212,0.2146,0.2059,0.2063,29409092.64
1711785600,0.2063,0.2112,0.2061,0.211,17131859.06
1711800000,0.211,0.2111,0.2029,0.2038,28900421.61
1711814400,0.2038,0.2048,0.1967,0.2012,50334616.010000005
1711828800,0.2012,0.2022,0.1983,0.1992,19579369.86
1711843200,0.1992,0.2054,0.1992,0.2017,23247378.44
1711857600,0.2017,0.2074,0.2015,0.207,17370804.91
1711872000,0.207,0.2083,0.2055,0.2069,10621808.36
1711886400,0.2069,0.2141,0.2059,0.2126,31906531.51
1711900800,0.2126,0.2243,0.2101,0.2221,57404632.25
1711915200,0.2221,0.2233,0.2176,0.22,46091364.41
1711929600,0.22,0.22,0.2143,0.216,25345311.61
1711944000,0.216,0.2172,0.1981,0.2072,56148634.08
1711958400,0.2072,0.2083,0.2019,0.2058,35408026.42
1711972800,0.2058,0.2112,0.1972,0.1992,69189772.32
1711987200,0.1992,0.2067,0.1985,0.2064,44690488.28
1712001600,0.2064,0.2067,0.2033,0.2052,33197328.95
1712016000,0.2052,0.2052,0.1863,0.1888,84162223.68
1712030400,0.1888,0.1918,0.185,0.1869,41047690.45
1712044800,0.1869,0.1878,0.1801,0.1843,50697236.18
1712059200,0.1843,0.1907,0.1805,0.1814,67719347.09
1712073600,0.1814,0.1893,0.1807,0.1867,47988096.35
1712088000,0.1867,0.1878,0.1812,0.1825,27625964.98
1712102400,0.1825,0.1874,0.1713,0.1861,64627726.13
1712116800,0.1861,0.1873,0.183,0.1846,23223950.9
1712131200,0.1846,0.1875,0.1814,0.1834,23734947.44
1712145600,0.1834,0.1848,0.1771,0.1789,44618840.69
1712160000,0.1789,0.1813,0.174,0.1757,34126521.480000004
1712174400,0.1757,0.1769,0.1701,0.1753,35718915.46
1712188800,0.1753,0.1805,0.1734,0.1742,23940222.2
1712203200,0.1742,0.1808,0.172,0.1791,18100933.82
1712217600,0.1791,0.1825,0.1784,0.1817,17261969.3
1712232000,0.1817,0.1884,0.1809,0.1832,35888597.58
1712246400,0.1832,0.1882,0.182,0.1824,37727434.71
1712260800,0.1824,0.1826,0.176,0.1801,39156286.81
1712275200,0.1801,0.1808,0.1741,0.1769,27550674.55
1712289600,0.1769,0.1773,0.1714,0.1742,21660082.01
1712304000,0.1742,0.1764,0.1686,0.1691,30623005.57
1712318400,0.1691,0.1768,0.1675,0.1766,41251342.82
1712332800,0.1766,0.1791,0.1739,0.1768,24493989.8
1712347200,0.1768,0.1799,0.1767,0.1773,12710433.49
1712361600,0.1773,0.1819,0.1765,0.1809,21105873.69
1712376000,0.1809,0.1856,0.1803,0.1845,20016834.4
1712390400,0.1845,0.186,0.1822,0.1827,19700033.25
1712404800,0.1827,0.1836,0.1801,0.1834,16990577.26
1712419200,0.1834,0.1849,0.1821,0.1831,13754029.51
1712433600,0.1831,0.1879,0.1823,0.1858,24809182.47
1712448000,0.1858,0.1987,0.1855,0.1957,52607703.11
1712462400,0.1957,0.198,0.1931,0.1953,25804215.67
1712476800,0.1953,0.1985,0.1928,0.1984,20169284.75
1712491200,0.1984,0.2053,0.1965,0.2,47141369.49
1712505600,0.2,0.204,0.1964,0.1969,33517992.09
1712520000,0.1969,0.2003,0.1957,0.1988,25424284.1
1712534400,0.1988,0.2,0.1955,0.1987,23381104.25
1712548800,0.1987,0.2076,0.1969,0.2061,34226092.24
1712563200,0.2061,0.2087,0.2053,0.2068,34032673.98
1712577600,0.2068,0.2089,0.2009,0.2029,33822862.3
1712592000,0.2029,0.205,0.2005,0.2013,20812278.32
1712606400,0.2013,0.2036,0.2008,0.2026,13954224.99
1712620800,0.2026,0.2034,0.1978,0.1992,28312062.7
1712635200,0.1992,0.2012,0.1961,0.1972,27481883.14
1712649600,0.1972,0.1974,0.1929,0.1969,32982455.79
1712664000,0.1969,0.1971,0.1864,0.1901,37931286.93
1712678400,0.1901,0.1901,0.1857,0.1892,25437661.53
1712692800,0.1892,0.1906,0.1869,0.1891,14258749.33
1712707200,0.1891,0.1919,0.1847,0.1883,23294422.21
1712721600,0.1883,0.1915,0.1876,0.1903,10235368.73
1712736000,0.1903,0.1903,0.186,0.1886,9013092.4
1712750400,0.1886,0.1942,0.1799,0.1933,48053936.59
1712764800,0.1933,0.2019,0.1909,0.2013,49095231.43
1712779200,0.2013,0.2021,0.1975,0.1998,37829193.19
1712793600,0.1998,0.1998,0.1954,0.1971,18373696.49
1712808000,0.1971,0.2017,0.195,0.2009,13149061.74
1712822400,0.2009,0.2036,0.1934,0.194,18874431.31
1712836800,0.194,0.1972,0.1901,0.1926,39450283.35
1712851200,0.1926,0.1945,0.1897,0.1934,22043218.2
1712865600,0.1934,0.1981,0.1927,0.1938,21114218.32
1712880000,0.1938,0.1984,0.1936,0.1984,19976180.1
1712894400,0.1984,0.2009,0.1968,0.1977,20036916.86
1712908800,0.1977,0.2013,0.1969,0.1993,15952779.16
1712923200,0.1993,0.1993,0.1901,0.1933,37055386.74
1712937600,0.1933,0.1948,0.1608,0.1696,131836321.35
1712952000,0.1696,0.1765,0.1687,0.1744,49042996.85
1712966400,0.1744,0.1744,0.165,0.1731,63828959.89
1712980800,0.1731,0.1759,0.1707,0.1713,19926612.07
1712995200,0.1713,0.1743,0.1689,0.1713,20261634.31
1713009600,0.1713,0.1735,0.1697,0.1707,15967876.16
1713024000,0.1707,0.1715,0.147,0.1514,93742528.73000002
1713038400,0.1514,0.1569,0.1301,0.1527,155777417.21
1713052800,0.1527,0.1548,0.1444,0.1492,51239071.19
1713067200,0.1492,0.1601,0.1483,0.1588,36971728.8
1713081600,0.1588,0.1601,0.1511,0.1524,20971716.74
1713096000,0.1524,0.1569,0.1496,0.1512,27663155.91
1713110400,0.1512,0.157,0.1456,0.1525,46591795.5
1713124800,0.1525,0.165,0.1492,0.1623,47954787.74
1713139200,0.1623,0.163,0.1563,0.1578,25822748.27
1713153600,0.1578,0.1691,0.1557,0.1656,30060267.96
1713168000,0.1656,0.1667,0.1623,0.1623,22774803.06
1713182400,0.1623,0.1637,0.1519,0.1546,35417067.26
1713196800,0.1546,0.165,0.1505,0.1591,78694800.85
1713211200,0.1591,0.1635,0.1563,0.1612,27783225.63
1713225600,0.1612,0.1625,0.1538,0.1556,29151322.15
1713240000,0.1556,0.159,0.1505,0.1574,21169051.59
1713254400,0.1574,0.1574,0.1497,0.1559,16260932.28
1713268800,0.1559,0.1565,0.1474,0.148,28821968.87
1713283200,0.148,0.1552,0.1463,0.1531,22840010.87
1713297600,0.1531,0.1585,0.1529,0.1561,15422399.27
1713312000,0.1561,0.1579,0.1544,0.1568,10848521.11
1713326400,0.1568,0.1587,0.1543,0.1548,7493266.05
1713340800,0.1548,0.1586,0.153,0.1532,11141965.3
1713355200,0.1532,0.154,0.1443,0.146,36809503.260000005
1713369600,0.146,0.1515,0.1444,0.1483,31853792.73
1713384000,0.1483,0.1506,0.1465,0.1476,14490599.2
1713398400,0.1476,0.1506,0.1443,0.1495,18321503.31
1713412800,0.1495,0.1499,0.1422,0.1425,10756897.27
1713427200,0.1425,0.1505,0.141,0.149,17760257.009999998
1713441600,0.149,0.1536,0.145,0.1506,27407140.99
1713456000,0.1506,0.1516,0.147,0.1509,14748813.55
1713470400,0.1509,0.1575,0.1502,0.1523,24491806.58
1713484800,0.1523,0.1524,0.139,0.1458,56011001.71
1713499200,0.1458,0.1557,0.1456,0.152,24796307.52
1713513600,0.152,0.1544,0.1509,0.1528,12651920.35
1713528000,0.1528,0.1535,0.1498,0.1526,15658760.82
1713542400,0.1526,0.1544,0.1502,0.1542,16783921.82
1713556800,0.1542,0.1572,0.1508,0.1564,16903699.57
1713571200,0.1564,0.1576,0.1529,0.1557,14468796.2
1713585600,0.1557,0.1571,0.1543,0.1545,10443088.95
1713600000,0.1545,0.1546,0.1507,0.1523,13469194.12
1713614400,0.1523,0.1585,0.1516,0.158,14007398.41
1713628800,0.158,0.1651,0.1567,0.1614,47558853.48
1713643200,0.1614,0.1636,0.1613,0.1627,16739306.44
1713657600,0.1627,0.1659,0.1594,0.1634,19860260.92
1713672000,0.1634,0.1653,0.1617,0.163,10912684.79
1713686400,0.163,0.1636,0.1607,0.1621,9699003.59
1713700800,0.1621,0.1626,0.1584,0.1602,12533539.5
1713715200,0.1602,0.1604,0.1551,0.1572,19934435.8
1713729600,0.1572,0.1605,0.1568,0.1582,10050109.46
1713744000,0.1582,0.1619,0.1565,0.1607,16000042.92
1713758400,0.1607,0.1635,0.1604,0.1606,12105112.43
1713772800,0.1606,0.1616,0.1588,0.1597,6417904.89
1713787200,0.1597,0.1614,0.1578,0.1586,15773648.29
1713801600,0.1586,0.1619,0.158,0.1602,13913892.62
1713816000,0.1602,0.1626,0.16,0.1613,13017609.1
1713830400,0.1613,0.1623,0.1584,0.1587,10386142.71
1713844800,0.1587,0.1595,0.1569,0.1576,6047555.220000001
1713859200,0.1576,0.1592,0.1569,0.1581,3490451.73
1713873600,0.1581,0.163,0.1575,0.1612,24026352.96
1713888000,0.1612,0.1629,0.1606,0.1611,10386982.84
1713902400,0.1611,0.1613,0.1587,0.1598,8098157.96
1713916800,0.1598,0.1643,0.1592,0.1626,19305187.75
1713931200,0.1626,0.1635,0.1606,0.1613,13914672.21
1713945600,0.1613,0.1644,0.1605,0.1633,14714499.94
1713960000,0.1633,0.1636,0.1523,0.1526,36754211.18
1713974400,0.1526,0.1556,0.1511,0.1533,18659838.47
1713988800,0.1533,0.1539,0.1493,0.1513,12904348.32
1714003200,0.1513,0.153,0.1493,0.1506,7388427.28
1714017600,0.1506,0.1519,0.1483,0.1501,6227697.97
1714032000,0.1501,0.151,0.1475,0.15,7551730.19
1714046400,0.15,0.1517,0.1475,0.1515,13476236.83
1714060800,0.1515,0.1528,0.151,0.1524,11371138.47
1714075200,0.1524,0.1544,0.1512,0.1513,8793805.41
1714089600,0.1513,0.1516,0.1475,0.1506,13630323.93
1714104000,0.1506,0.1518,0.1499,0.1502,4563235.43
1714118400,0.1502,0.1515,0.1496,0.1497,4250125.34
1714132800,0.1497,0.1509,0.1468,0.1481,15104217.92
1714147200,0.1481,0.15,0.1475,0.1494,6397865.82
1714161600,0.1494,0.1502,0.1468,0.1479,6952110.37
1714176000,0.1479,0.1489,0.1427,0.1465,17682920.84
1714190400,0.1465,0.1468,0.1446,0.145,4731071.34
1714204800,0.145,0.1455,0.1431,0.144,3829121.79
1714219200,0.144,0.1471,0.1437,0.1455,7610940.67
1714233600,0.1455,0.1496,0.1453,0.148,9181149.28
1714248000,0.148,0.1482,0.1467,0.1477,3324856.01
1714262400,0.1477,0.1508,0.1475,0.1499,4443505.03
1714276800,0.1499,0.1505,0.1494,0.1501,2389239.45
1714291200,0.1501,0.1502,0.1482,0.1485,2034155.6
1714305600,0.1485,0.1506,0.1485,0.1498,3189688.52
1714320000,0.1498,0.151,0.1498,0.1501,3298964.38
1714334400,0.1501,0.1504,0.146,0.1467,8205369.42
1714348800,0.1467,0.148,0.1437,0.1438,7438349.640000001
1714363200,0.1438,0.1452,0.1403,0.1415,9856098.38
1714377600,0.1415,0.1426,0.1398,0.1406,9445179.25
1714392000,0.1406,0.1435,0.1398,0.1432,12357284.58
1714406400,0.1432,0.1435,0.1397,0.141,12394279.2
1714420800,0.141,0.1447,0.1397,0.1434,9102429.92
1714435200,0.1434,0.1459,0.141,0.1436,11686026.93
1714449600,0.1436,0.1442,0.1414,0.142,5392372.98
1714464000,0.142,0.1424,0.1349,0.1354,19138360.29
1714478400,0.1354,0.1359,0.1323,0.1343,17697323.94
1714492800,0.1343,0.1343,0.1291,0.1306,22073274.1
1714507200,0.1306,0.1344,0.1306,0.1333,13737702.85
1714521600,0.1333,0.1338,0.1284,0.1321,14283092.64
1714536000,0.1321,0.1331,0.1235,0.1245,20366212.98
1714550400,0.1245,0.1255,0.1216,0.1255,21885621.4
1714564800,0.1255,0.1273,0.1199,0.1208,28110613.11
1714579200,0.1208,0.1333,0.1202,0.1269,41619601.66
1714593600,0.1269,0.1307,0.1261,0.1301,19623856.12
1714608000,0.1301,0.1306,0.125,0.1261,8380872.47
1714622400,0.1261,0.1277,0.124,0.1268,9729624.83
1714636800,0.1268,0.1324,0.1266,0.1319,17010941.41
1714651200,0.1319,0.1343,0.1291,0.1335,26831816.12
1714665600,0.1335,0.1344,0.1321,0.133,13232999.6
1714680000,0.133,0.1339,0.1311,0.1319,8174518.27
1714694400,0.1319,0.1358,0.1313,0.1352,12970739.2
1714708800,0.1352,0.1355,0.1318,0.1323,6203143.27
1714723200,0.1323,0.1337,0.1312,0.1326,4789648.58
1714737600,0.1326,0.1398,0.1325,0.1389,25503788.67
1714752000,0.1389,0.1409,0.1389,0.1406,12368380.55
1714766400,0.1406,0.1481,0.1405,0.1461,27271401.55
1714780800,0.1461,0.1523,0.1458,0.1495,28784460.2
1714795200,0.1495,0.1519,0.1489,0.1502,11095838.54
1714809600,0.1502,0.1625,0.1502,0.1582,35475810.6
1714824000,0.1582,0.1699,0.1576,0.1634,73324597.55
1714838400,0.1634,0.1636,0.1587,0.1609,29738651.5
1714852800,0.1609,0.1635,0.1591,0.1601,16900753.12
1714867200,0.1601,0.1627,0.1546,0.1584,30596733.74
1714881600,0.1584,0.1626,0.1583,0.1617,15634303.79
1714896000,0.1617,0.1627,0.1602,0.1609,7420134.73
1714910400,0.1609,0.1624,0.1587,0.1619,13916509.85
1714924800,0.1619,0.1635,0.1604,0.1624,10554461.16
1714939200,0.1624,0.1624,0.1596,0.161,9074185.94
1714953600,0.161,0.166,0.161,0.1619,20384957.29
1714968000,0.1619,0.1645,0.1614,0.1641,9818810.67
1714982400,0.1641,0.169,0.16,0.1621,29963952.27
1714996800,0.1621,0.1625,0.1551,0.1582,27134658.55
1715011200,0.1582,0.1587,0.1541,0.157,15972659.89
1715025600,0.157,0.1586,0.1563,0.1565,12449319.26
1715040000,0.1565,0.1586,0.1533,0.1549,16824141.59
1715054400,0.1549,0.1568,0.1547,0.1561,7492306.28
1715068800,0.1561,0.1599,0.1558,0.1564,15156098.84
1715083200,0.1564,0.159,0.1548,0.1564,11406582.14
1715097600,0.1564,0.1571,0.1524,0.1534,12171290.3
1715112000,0.1534,0.1542,0.1493,0.15,15025688.36
1715126400,0.15,0.1519,0.1487,0.1514,7243580.439999999
1715140800,0.1514,0.1518,0.1473,0.1477,7153895.24
1715155200,0.1477,0.1493,0.1465,0.1469,9244812.25
1715169600,0.1469,0.1508,0.1461,0.1486,17996961.75
1715184000,0.1486,0.1507,0.1462,0.1466,11686212.47
1715198400,0.1466,0.1472,0.142,0.1432,19233688.9
1715212800,0.1432,0.1481,0.1431,0.1478,9342870.51
1715227200,0.1478,0.1489,0.1453,0.1459,4925717.42
1715241600,0.1459,0.1466,0.1434,0.1458,8032205.869999999
1715256000,0.1458,0.1501,0.1455,0.1488,21108075.58
1715270400,0.1488,0.1504,0.1473,0.1501,11814359.73
1715284800,0.1501,0.1542,0.1498,0.1522,13427230.53
1715299200,0.1522,0.1522,0.1495,0.1507,8504341.25
1715313600,0.1507,0.1539,0.1503,0.1524,8230700.09
1715328000,0.1524,0.1526,0.1499,0.1513,7388754.72
1715342400,0.1513,0.1517,0.1435,0.1449,24013236.59
1715356800,0.1449,0.1456,0.1426,0.1431,17241183.91
1715371200,0.1431,0.1445,0.1423,0.1439,8205672.63
1715385600,0.1439,0.1462,0.1436,0.1439,4264026.7
1715400000,0.1439,0.1451,0.1439,0.1445,2086090.25
1715414400,0.1445,0.1446,0.1425,0.1433,2979670.08
1715428800,0.1433,0.1458,0.1431,0.1445,5114923.43
1715443200,0.1445,0.1452,0.144,0.1447,2887012.29
1715457600,0.1447,0.1447,0.1426,0.143,3002593.58
1715472000,0.143,0.1444,0.1428,0.1435,2988221.3
1715486400,0.1435,0.1442,0.1396,0.1402,6967716.33
1715500800,0.1402,0.1443,0.1397,0.1432,7858444.94
1715515200,0.1432,0.1436,0.142,0.143,4491435.11
1715529600,0.143,0.1442,0.1404,0.141,5587813.640000001
1715544000,0.141,0.1415,0.1401,0.1412,3647648.34
1715558400,0.1412,0.1426,0.1358,0.1374,11360407.5
1715572800,0.1374,0.1434,0.1362,0.1427,10768818.07
1715587200,0.1427,0.1452,0.1419,0.1431,12651863.91
1715601600,0.1431,0.1538,0.1424,0.1524,51470343.21
1715616000,0.1524,0.1573,0.1477,0.1507,48401951.2
1715630400,0.1507,0.151,0.1475,0.1486,8381137.78
1715644800,0.1486,0.1517,0.1471,0.15,23196594.23
1715659200,0.15,0.1528,0.1461,0.1523,14031271.54
1715673600,0.1523,0.1524,0.1479,0.1522,16398230.93
1715688000,0.1522,0.1551,0.1462,0.148,46135412.64
1715702400,0.148,0.1484,0.1448,0.146,11574852.48
1715716800,0.146,0.1474,0.1442,0.1454,8016880.77
1715731200,0.1454,0.1471,0.1454,0.1463,6771988.82
1715745600,0.1463,0.1495,0.1452,0.1495,8901186.31
1715760000,0.1495,0.1519,0.1478,0.1494,10193688.4
1715774400,0.1494,0.1541,0.148,0.1513,38426448.59
1715788800,0.1513,0.1541,0.1495,0.1537,24536809.44
1715803200,0.1537,0.157,0.1531,0.1554,23581610.18
1715817600,0.1554,0.1593,0.1537,0.1577,22242412.62
1715832000,0.1577,0.1577,0.1555,0.1562,7285042.55
1715846400,0.1562,0.1564,0.1542,0.1552,6819764.01
1715860800,0.1552,0.1553,0.1495,0.1516,17655107.66
1715875200,0.1516,0.1517,0.1496,0.1499,10830503.85
1715889600,0.1499,0.1506,0.1487,0.1497,7878579.890000001
1715904000,0.1497,0.1512,0.1494,0.1506,10302659.96
1715918400,0.1506,0.1539,0.1493,0.1538,7638581.19
1715932800,0.1538,0.154,0.152,0.1521,7018186.29
1715947200,0.1521,0.1562,0.1512,0.1557,13489041.24
1715961600,0.1557,0.1567,0.1527,0.1541,17461171.64
1715976000,0.1541,0.1563,0.1539,0.1556,8239415.17
1715990400,0.1556,0.157,0.1543,0.1563,6223505.46
1716004800,0.1563,0.1567,0.1543,0.1546,5269366.67
1716019200,0.1546,0.1565,0.1545,0.1561,3117650.18
1716033600,0.1561,0.1563,0.1514,0.1529,9243537.06
1716048000,0.1529,0.1536,0.1522,0.1531,3554644.37
1716062400,0.1531,0.154,0.1525,0.1531,4212514.649999999
1716076800,0.1531,0.156,0.1526,0.1557,4582273.19
1716091200,0.1557,0.1559,0.1532,0.154,4865806.76
1716105600,0.154,0.1541,0.1512,0.1522,4016071.49
1716120000,0.1522,0.1522,0.1491,0.1505,11003290.62
1716134400,0.1505,0.1506,0.1487,0.149,6462409.1
1716148800,0.149,0.1496,0.1474,0.1491,4697029.96
1716163200,0.1491,0.1518,0.1478,0.1509,6620823.91
1716177600,0.1509,0.1533,0.149,0.1511,6202910.41
1716192000,0.1511,0.1525,0.1507,0.1508,3461400.16
1716206400,0.1508,0.1531,0.1504,0.1523,11785903.28
1716220800,0.1523,0.1577,0.1518,0.1576,21363233.84
1716235200,0.1576,0.1663,0.1559,0.1658,50058127.44
1716249600,0.1658,0.1673,0.1607,0.1634,31258754.65
1716264000,0.1634,0.1642,0.1608,0.164,12817487.53
1716278400,0.164,0.1658,0.1631,0.1647,10175732.51
1716292800,0.1647,0.1737,0.1637,0.166,56913774.16
1716307200,0.166,0.1701,0.1632,0.1642,27084219.1
1716321600,0.1642,0.1712,0.1641,0.1702,23542791.89
1716336000,0.1702,0.1746,0.1701,0.1707,34122106.730000004
1716350400,0.1707,0.1711,0.1661,0.1681,12473103.24
1716364800,0.1681,0.1699,0.1652,0.1652,9846658.5
1716379200,0.1652,0.1706,0.1617,0.1696,26546810.59
1716393600,0.1696,0.1699,0.1638,0.1652,17549145.72
1716408000,0.1652,0.1683,0.1645,0.1662,10835116.05
1716422400,0.1662,0.1676,0.1641,0.1673,8958303.0
1716436800,0.1673,0.1677,0.1651,0.1669,7485575.57
1716451200,0.1669,0.1691,0.165,0.169,10148757.51
1716465600,0.169,0.1693,0.1563,0.1594,36621272.68
1716480000,0.1594,0.1612,0.1559,0.1575,18672575.52
1716494400,0.1575,0.1619,0.152,0.1596,33845402.04
1716508800,0.1596,0.1603,0.158,0.1596,6604620.35
1716523200,0.1596,0.1705,0.1551,0.1585,48344658.35
1716537600,0.1585,0.1637,0.1564,0.1633,11579171.48
1716552000,0.1633,0.1732,0.1619,0.1665,56963576.45
1716566400,0.1665,0.1674,0.1637,0.1656,20150400.35
1716580800,0.1656,0.1664,0.1626,0.1638,14294741.86
1716595200,0.1638,0.1645,0.1627,0.164,6929152.4
1716609600,0.164,0.1659,0.1636,0.1655,5634658.63
1716624000,0.1655,0.1697,0.1651,0.1669,14129458.64
1716638400,0.1669,0.1688,0.1643,0.1669,16602881.42
1716652800,0.1669,0.1709,0.1668,0.1699,18122615.45
1716667200,0.1699,0.1742,0.1686,0.1739,14563998.4
1716681600,0.1739,0.1749,0.1696,0.1738,23735463.95
1716696000,0.1738,0.1738,0.1709,0.1726,9211816.74
1716710400,0.1726,0.1729,0.1688,0.1708,9235924.09
1716724800,0.1708,0.1708,0.1661,0.1673,19044738.33
1716739200,0.1673,0.1685,0.1665,0.1683,8534344.79
1716753600,0.1683,0.1685,0.1654,0.1661,6527316.86
1716768000,0.1661,0.1687,0.1661,0.1663,10596494.67
1716782400,0.1663,0.1671,0.1641,0.1658,10844014.88
1716796800,0.1658,0.1681,0.1647,0.1677,12678574.41
1716811200,0.1677,0.1735,0.1672,0.1723,23599984.3
1716825600,0.1723,0.1727,0.1661,0.1669,12983936.8
1716840000,0.1669,0.1694,0.1664,0.1689,10413293.68
1716854400,0.1689,0.1696,0.164,0.1652,15211807.48
1716868800,0.1652,0.1655,0.163,0.1637,6846794.17
1716883200,0.1637,0.1677,0.1635,0.1658,10425846.89
1716897600,0.1658,0.1661,0.1619,0.1637,17953247.13
1716912000,0.1637,0.1648,0.1614,0.1646,11466224.67
1716926400,0.1646,0.167,0.1641,0.1648,9822250.08
1716940800,0.1648,0.1707,0.1647,0.1696,16338500.95
1716955200,0.1696,0.1705,0.1664,0.1666,15426385.41
1716969600,0.1666,0.1669,0.1638,0.1642,11309526.49
1716984000,0.1642,0.1668,0.1632,0.1637,14366923.51
1716998400,0.1637,0.1666,0.1621,0.165,11912942.26
1717012800,0.165,0.1656,0.1627,0.1637,12193315.49
1717027200,0.1637,0.1653,0.1626,0.165,10202871.19
1717041600,0.165,0.1655,0.1574,0.1584,11370074.92
1717056000,0.1584,0.1602,0.1563,0.1589,9309098.66
1717070400,0.1589,0.1647,0.1586,0.164,21922098.75
1717084800,0.164,0.1647,0.1606,0.1611,15128194.13
1717099200,0.1611,0.1611,0.1584,0.1594,13920803.76
1717113600,0.1594,0.1607,0.1588,0.1602,3906827.17
1717128000,0.1602,0.1606,0.158,0.1597,3945210.83
1717142400,0.1597,0.1612,0.1585,0.1608,5160270.03
1717156800,0.1608,0.1625,0.1565,0.1565,12824700.38
1717171200,0.1565,0.1594,0.1543,0.1589,15797542.34
1717185600,0.1589,0.1603,0.1581,0.1589,5970098.09
1717200000,0.1589,0.1596,0.1583,0.1593,3355931.8200000003
1717214400,0.1593,0.1597,0.1588,0.1589,2991735.35
1717228800,0.1589,0.1597,0.1588,0.1593,1176057.31
1717243200,0.1593,0.1616,0.1591,0.1599,8109384.12
1717257600,0.1599,0.1608,0.1593,0.1606,3433303.48
1717272000,0.1606,0.1613,0.1599,0.1602,2484758.02
1717286400,0.1602,0.1612,0.1594,0.1601,2997572.88
1717300800,0.1601,0.1602,0.1585,0.1586,2380524.32
1717315200,0.1586,0.1593,0.157,0.1591,3696015.44
1717329600,0.1591,0.1596,0.1582,0.1586,2683016.79
1717344000,0.1586,0.1588,0.1546,0.156,8308988.140000001
1717358400,0.156,0.1577,0.1549,0.1571,3633600.02
1717372800,0.1571,0.1609,0.1557,0.1597,16108107.32
1717387200,0.1597,0.1619,0.1589,0.1615,5614194.73
1717401600,0.1615,0.1626,0.1609,0.1616,5891533.83
1717416000,0.1616,0.1635,0.1589,0.1613,15696945.13
1717430400,0.1613,0.1615,0.1592,0.1601,5518163.06
1717444800,0.1601,0.1605,0.1578,0.1583,5480271.12
1717459200,0.1583,0.1597,0.1576,0.1594,4830512.41
1717473600,0.1594,0.1594,0.1571,0.1582,3691341.18
1717488000,0.1582,0.1587,0.157,0.1583,1975730.59
1717502400,0.1583,0.1604,0.1583,0.1603,5234388.28
1717516800,0.1603,0.1619,0.1594,0.1607,11148863.29
1717531200,0.1607,0.1615,0.16,0.1614,3710623.96
1717545600,0.1614,0.1638,0.1613,0.163,8475617.78
1717560000,0.163,0.1648,0.162,0.164,6066228.08
1717574400,0.164,0.1642,0.1621,0.1626,3449651.23
1717588800,0.1626,0.1641,0.1613,0.1634,7665744.03
1717603200,0.1634,0.1642,0.1622,0.1636,5826036.65
1717617600,0.1636,0.1641,0.1626,0.1632,4205847.08
1717632000,0.1632,0.1635,0.1623,0.1625,3726749.2
1717646400,0.1625,0.1628,0.1615,0.1621,2694995.2
1717660800,0.1621,0.1634,0.1615,0.1633,4142139.71
1717675200,0.1633,0.1656,0.1622,0.163,11367604.06
1717689600,0.163,0.1632,0.1591,0.1596,9995409.58
1717704000,0.1596,0.1609,0.1583,0.1601,5459944.71
1717718400,0.1601,0.161,0.1596,0.1609,4327170.38
1717732800,0.1609,0.1621,0.1607,0.1609,3260731.0300000003
1717747200,0.1609,0.1613,0.1598,0.161,4617746.52
1717761600,0.161,0.1618,0.1584,0.1598,13461087.05
1717776000,0.1598,0.1604,0.1402,0.1483,49529175.91
1717790400,0.1483,0.1498,0.1473,0.1482,11622839.13
1717804800,0.1482,0.1486,0.1475,0.1486,4109655.89
1717819200,0.1486,0.1487,0.1473,0.1483,4320182.29
1717833600,0.1483,0.1483,0.1452,0.1455,6229622.41
1717848000,0.1455,0.1469,0.1435,0.1463,9065611.62
1717862400,0.1463,0.1469,0.1443,0.1461,8814191.77
1717876800,0.1461,0.1466,0.1451,0.1459,5022543.15
1717891200,0.1459,0.1472,0.145,0.1457,4093839.68
1717905600,0.1457,0.1466,0.1451,0.1457,3408220.87
1717920000,0.1457,0.1463,0.1455,0.1461,1916406.4
1717934400,0.1461,0.1475,0.1457,0.1469,4930331.11
1717948800,0.1469,0.1491,0.1468,0.1478,4657115.08
1717963200,0.1478,0.1479,0.1466,0.1468,3443807.01
1717977600,0.1468,0.1469,0.1457,0.1459,4153265.89
1717992000,0.1459,0.1462,0.1433,0.1434,3627190.51
1718006400,0.1434,0.1456,0.1433,0.1449,3102060.73
1718020800,0.1449,0.1479,0.1439,0.1471,10316864.04
1718035200,0.1471,0.1472,0.1444,0.1444,7858390.91
1718049600,0.1444,0.1449,0.1433,0.1447,6855875.67
1718064000,0.1447,0.1451,0.1406,0.1421,16389039.07
1718078400,0.1421,0.1421,0.1392,0.141,9209407.61
1718092800,0.141,0.1423,0.1405,0.1411,5219413.62
1718107200,0.1411,0.1415,0.1354,0.1367,18495690.74
1718121600,0.1367,0.1386,0.1337,0.138,16350120.94
1718136000,0.138,0.1391,0.1376,0.1381,4384271.03
1718150400,0.1381,0.1388,0.1346,0.1388,8492513.32
1718164800,0.1388,0.1401,0.1387,0.14,5470152.1
1718179200,0.14,0.1411,0.1392,0.1392,6313841.71
1718193600,0.1392,0.1499,0.1391,0.1495,35026997.7
1718208000,0.1495,0.1507,0.1432,0.1441,25860212.8
1718222400,0.1441,0.1464,0.1432,0.1462,9197597.96
1718236800,0.1462,0.1464,0.1414,0.1428,9629150.21
1718251200,0.1428,0.144,0.1425,0.144,4583744.17
1718265600,0.144,0.1449,0.143,0.1435,6505401.100000001
1718280000,0.1435,0.1455,0.1403,0.1411,15456611.86
1718294400,0.1411,0.1428,0.1401,0.1419,10708656.78
1718308800,0.1419,0.1423,0.1404,0.141,4813394.93
1718323200,0.141,0.1429,0.1404,0.1415,9549557.37
1718337600,0.1415,0.1431,0.1415,0.1427,3654042.09
1718352000,0.1427,0.1433,0.1419,0.1422,2899088.01
1718366400,0.1422,0.1428,0.1386,0.1394,6413119.319999999
1718380800,0.1394,0.1396,0.1319,0.1335,26277308.13
1718395200,0.1335,0.1362,0.1331,0.1349,10045290.44
1718409600,0.1349,0.136,0.1341,0.1357,6342830.48
1718424000,0.1357,0.1371,0.1352,0.1362,3183306.98
1718438400,0.1362,0.1371,0.1361,0.1367,4951560.71
1718452800,0.1367,0.1374,0.136,0.1368,3911118.35
1718467200,0.1368,0.137,0.1358,0.1366,3596484.51
1718481600,0.1366,0.1368,0.1357,0.1367,2375456.54
1718496000,0.1367,0.1367,0.135,0.1352,2862170.83
1718510400,0.1352,0.1366,0.1347,0.1361,1766777.39
1718524800,0.1361,0.1364,0.1353,0.1357,1384527.04
1718539200,0.1357,0.137,0.1355,0.1369,6157343.16
1718553600,0.1369,0.1369,0.1359,0.1362,3128783.65
1718568000,0.1362,0.1375,0.1357,0.137,3105579.47
1718582400,0.137,0.1381,0.1344,0.1348,4871204.18
1718596800,0.1348,0.1357,0.1328,0.1337,3567496.34
1718611200,0.1337,0.1347,0.1321,0.1342,11089800.86
1718625600,0.1342,0.1346,0.1283,0.1295,14536146.22
1718640000,0.1295,0.1338,0.1261,0.1324,18231674.94
1718654400,0.1324,0.1325,0.1285,0.1288,7346543.34
1718668800,0.1288,0.1292,0.1141,0.1218,32003883.11
1718683200,0.1218,0.1233,0.1209,0.1227,7817440.300000001
1718697600,0.1227,0.1231,0.1192,0.1205,8393035.280000001
1718712000,0.1205,0.1213,0.1177,0.1193,16799832.22
1718726400,0.1193,0.1205,0.1182,0.1204,12009727.66
1718740800,0.1204,0.1225,0.1198,0.1222,7391415.46
1718755200,0.1222,0.1268,0.1214,0.1257,14412466.68
1718769600,0.1257,0.1263,0.1251,0.1254,4566110.24
1718784000,0.1254,0.1259,0.1232,0.1238,5775605.36
1718798400,0.1238,0.1247,0.1216,0.1221,9546774.0
1718812800,0.1221,0.1242,0.1218,0.1227,8782293.440000001
1718827200,0.1227,0.1235,0.1217,0.1225,6135284.24
1718841600,0.1225,0.1241,0.1214,0.1227,5168681.47
1718856000,0.1227,0.126,0.1221,0.1258,5999122.4
1718870400,0.1258,0.1287,0.1251,0.1265,6980466.97
1718884800,0.1265,0.1268,0.1219,0.1226,8516818.69
1718899200,0.1226,0.1251,0.1213,0.1246,10899424.9
1718913600,0.1246,0.1249,0.1241,0.1245,2927325.02
1718928000,0.1245,0.1256,0.1232,0.1238,4894811.66
1718942400,0.1238,0.1246,0.1232,0.1234,2532153.55
1718956800,0.1234,0.125,0.1218,0.1244,6013401.59
1718971200,0.1244,0.1247,0.1213,0.1227,7547258.449999999
1718985600,0.1227,0.1245,0.122,0.1241,6328940.75
1719000000,0.1241,0.1252,0.1232,0.1241,3040976.69
1719014400,0.1241,0.1247,0.1229,0.1242,1977181.62
1719028800,0.1242,0.1247,0.1238,0.1239,2165678.66
1719043200,0.1239,0.1247,0.1233,0.1245,2777979.99
1719057600,0.1245,0.1255,0.1241,0.1251,3301422.0
1719072000,0.1251,0.1253,0.1238,0.1243,5663876.56
1719086400,0.1243,0.1243,0.1236,0.1237,2295635.75
1719100800,0.1237,0.1248,0.1237,0.1247,2162254.58
1719115200,0.1247,0.1249,0.1243,0.1248,1430023.07
1719129600,0.1248,0.1254,0.1241,0.1245,1589516.34
1719144000,0.1245,0.1248,0.1223,0.1226,2180645.93
1719158400,0.1226,0.1234,0.1218,0.1234,2820876.75
1719172800,0.1234,0.1263,0.1212,0.1221,11257531.26
1719187200,0.1221,0.1238,0.1197,0.1215,8740933.08
1719201600,0.1215,0.1217,0.1179,0.1184,7385358.09
1719216000,0.1184,0.1194,0.1136,0.1172,10604846.55
1719230400,0.1172,0.1196,0.1164,0.1169,6241034.92
1719244800,0.1169,0.1177,0.1151,0.1156,9246010.85
1719259200,0.1156,0.1193,0.1142,0.1189,8713817.48
1719273600,0.1189,0.1245,0.1188,0.1234,10862212.42
1719288000,0.1234,0.1239,0.1218,0.1219,10351071.67
1719302400,0.1219,0.1238,0.1214,0.1234,4843757.62
1719316800,0.1234,0.128,0.123,0.1271,17545003.85
1719331200,0.1271,0.1285,0.1256,0.1276,9621762.01
1719345600,0.1276,0.1278,0.1255,0.1261,7961707.960000001
1719360000,0.1261,0.1286,0.1258,0.1272,5117933.72
1719374400,0.1272,0.1273,0.1251,0.1258,2676474.8
1719388800,0.1258,0.126,0.1241,0.1243,3416762.41
1719403200,0.1243,0.1253,0.1231,0.1238,6653407.48
1719417600,0.1238,0.1241,0.1216,0.124,16189165.39
1719432000,0.124,0.1244,0.1224,0.1227,5278135.72
1719446400,0.1227,0.123,0.1218,0.1224,2093374.23
1719460800,0.1224,0.1225,0.1205,0.1211,2446074.83
1719475200,0.1211,0.1239,0.121,0.1223,6511190.29
1719489600,0.1223,0.1257,0.1219,0.1235,10175663.46
1719504000,0.1235,0.1257,0.123,0.1243,13477120.76
1719518400,0.1243,0.1283,0.1241,0.1269,8280750.6
1719532800,0.1269,0.1283,0.1255,0.1265,5452380.33
1719547200,0.1265,0.1266,0.1246,0.1252,6261843.49
1719561600,0.1252,0.1275,0.1248,0.1272,2146003.29
1719576000,0.1272,0.1278,0.124,0.1254,12005827.28
1719590400,0.1254,0.1264,0.1227,0.123,7033710.01
1719604800,0.123,0.1237,0.122,0.1228,3296888.02
1719619200,0.1228,0.1242,0.1228,0.1238,2424302.97
1719633600,0.1238,0.1241,0.1229,0.1238,1309047.74
1719648000,0.1238,0.1241,0.1233,0.1239,917397.12
1719662400,0.1239,0.1241,0.123,0.1235,1328426.77
1719676800,0.1235,0.1235,0.122,0.1225,2403230.26
1719691200,0.1225,0.1227,0.1212,0.1217,2504379.52
1719705600,0.1217,0.1221,0.1205,0.1209,2406604.62
1719720000,0.1209,0.1228,0.1203,0.1224,2062183.43
1719734400,0.1224,0.1232,0.1219,0.1222,1399697.29
1719748800,0.1222,0.1227,0.1215,0.1226,1693839.0
1719763200,0.1226,0.1237,0.1221,0.1236,1937937.47
1719777600,0.1236,0.1255,0.1227,0.1243,4370995.239999999
1719792000,0.1243,0.1273,0.1239,0.1265,5442517.32
1719806400,0.1265,0.1268,0.1259,0.1262,2385781.54
1719820800,0.1262,0.1263,0.1242,0.1244,2877783.16
1719835200,0.1244,0.125,0.1231,0.1245,4844126.97
1719849600,0.1245,0.1261,0.1243,0.1249,4332921.96
1719864000,0.1249,0.1253,0.1231,0.1234,3511341.31
1719878400,0.1234,0.124,0.1227,0.1238,2615941.94
1719892800,0.1238,0.1242,0.1227,0.1228,1589467.55
1719907200,0.1228,0.1239,0.1226,0.1239,1270921.31
1719921600,0.1239,0.1246,0.1223,0.1227,4873467.03
1719936000,0.1227,0.1252,0.1224,0.124,4689491.58
1719950400,0.124,0.1251,0.1238,0.1251,2743395.03
1719964800,0.1251,0.1253,0.1208,0.1222,4744640.0
1719979200,0.1222,0.1222,0.1211,0.1214,2361471.17
1719993600,0.1214,0.1219,0.1183,0.1191,6709667.210000001
1720008000,0.1191,0.1198,0.1175,0.1181,6622670.99
1720022400,0.1181,0.1191,0.1167,0.1174,7822916.42
1720036800,0.1174,0.1186,0.1168,0.1184,3590462.87
1720051200,0.1184,0.119,0.1119,0.1154,16576816.41
1720065600,0.1154,0.1154,0.1116,0.112,5017766.109999999
1720080000,0.112,0.1124,0.1101,0.1107,8055474.21
1720094400,0.1107,0.1108,0.1053,0.1097,21011688.86
1720108800,0.1097,0.1098,0.1073,0.1077,8460061.51
1720123200,0.1077,0.1098,0.104,0.1049,7848273.85
1720137600,0.1049,0.1052,0.09166,0.0942,34770634.09
1720152000,0.0942,0.09828,0.09245,0.09635,18411610.17
1720166400,0.09635,0.1001,0.09391,0.09988,11718199.01
1720180800,0.09988,0.1038,0.09871,0.1035,14228338.06
1720195200,0.1035,0.1053,0.1025,0.1043,13963671.64
1720209600,0.1043,0.1068,0.1037,0.1056,12210357.67
1720224000,0.1056,0.1095,0.1047,0.1062,9094927.1
1720238400,0.1062,0.1093,0.1055,0.1082,6852235.1
1720252800,0.1082,0.1098,0.1074,0.1092,4357092.52
1720267200,0.1092,0.1102,0.1071,0.1093,8880698.33
1720281600,0.1093,0.1136,0.1086,0.1127,7524445.54
1720296000,0.1127,0.1142,0.1125,0.1135,4659165.08
1720310400,0.1135,0.1135,0.1104,0.1119,6755771.01
1720324800,0.1119,0.112,0.1091,0.11,4347253.6
1720339200,0.11,0.1112,0.1096,0.1103,1650033.97
1720353600,0.1103,0.1107,0.1051,0.1069,6817059.5200000005
1720368000,0.1069,0.1091,0.1065,0.1076,3337562.29
1720382400,0.1076,0.1079,0.1036,0.1041,5194855.53
1720396800,0.1041,0.1046,0.09879,0.1024,12616664.62
1720411200,0.1024,0.1053,0.1019,0.1042,4652065.37
1720425600,0.1042,0.1114,0.104,0.1093,10160299.74
1720440000,0.1093,0.11,0.1037,0.1055,9745067.04
1720454400,0.1055,0.1079,0.1048,0.1078,4442220.14
1720468800,0.1078,0.1086,0.1067,0.1076,3904152.35
1720483200,0.1076,0.1086,0.1058,0.108,5324375.05
1720497600,0.108,0.1092,0.1076,0.108,4276485.58
1720512000,0.108,0.1095,0.1075,0.1084,3984776.64
1720526400,0.1084,0.1091,0.1066,0.1078,8196899.52
1720540800,0.1078,0.1085,0.1067,0.1074,3847407.82
1720555200,0.1074,0.1081,0.1069,0.1075,4487802.23
1720569600,0.1075,0.1079,0.1058,0.1079,4156417.34
1720584000,0.1079,0.1105,0.1079,0.1097,9307077.4
1720598400,0.1097,0.1098,0.1083,0.1094,5257007.5
1720612800,0.1094,0.1099,0.1081,0.1094,5456939.0
1720627200,0.1094,0.1105,0.1077,0.1079,5448786.3100000005
1720641600,0.1079,0.1081,0.1067,0.108,2204175.23
1720656000,0.108,0.109,0.1064,0.1074,3287392.05
1720670400,0.1074,0.109,0.1072,0.1089,1260791.34
1720684800,0.1089,0.1101,0.1086,0.1098,1990963.03
1720699200,0.1098,0.1125,0.1069,0.1073,8081115.7
1720713600,0.1073,0.1085,0.1065,0.1071,3003888.01
1720728000,0.1071,0.1074,0.1062,0.1066,3816193.6
1720742400,0.1066,0.1076,0.1048,0.1061,4312687.53
1720756800,0.1061,0.1069,0.1056,0.1062,1373141.6
1720771200,0.1062,0.1065,0.1049,0.1058,1551044.88
1720785600,0.1058,0.1075,0.1055,0.1073,4236197.0
1720800000,0.1073,0.1084,0.107,0.1074,3957788.29
1720814400,0.1074,0.1077,0.1063,0.1077,3033135.96
1720828800,0.1077,0.1083,0.1073,0.1079,1728342.71
1720843200,0.1079,0.1094,0.1075,0.1094,2105894.41
1720857600,0.1094,0.1101,0.1087,0.1096,2398303.2800000003
1720872000,0.1096,0.1111,0.1092,0.1108,5620367.98
1720886400,0.1108,0.1125,0.1098,0.1124,8063710.71
1720900800,0.1124,0.113,0.111,0.1123,6440503.23
1720915200,0.1123,0.1146,0.112,0.1127,6718748.37
1720929600,0.1127,0.1141,0.1125,0.1136,3143504.32
1720944000,0.1136,0.1143,0.1127,0.1129,1433518.44
1720958400,0.1129,0.1129,0.1112,0.1128,2229458.2800000003
1720972800,0.1128,0.1129,0.1124,0.1127,1857113.51
1720987200,0.1127,0.1169,0.1126,0.1154,8201239.83
1721001600,0.1154,0.1188,0.1146,0.1179,6954022.36
1721016000,0.1179,0.1192,0.1172,0.1188,3112514.21
1721030400,0.1188,0.1197,0.1167,0.1171,3773213.17
1721044800,0.1171,0.1198,0.1169,0.1187,7591373.66
1721059200,0.1187,0.1222,0.1183,0.1214,11050615.59
1721073600,0.1214,0.1256,0.1213,0.125,9153704.68
1721088000,0.125,0.1279,0.1241,0.1262,9390906.86
1721102400,0.1262,0.1266,0.1206,0.1209,8470483.05
1721116800,0.1209,0.1226,0.119,0.1223,4402046.12
1721131200,0.1223,0.1258,0.1212,0.1257,6688110.56
1721145600,0.1257,0.127,0.1244,0.1258,9442113.47
1721160000,0.1258,0.1261,0.1234,0.1248,7885798.979999999
1721174400,0.1248,0.1278,0.1246,0.1256,5383087.05
1721188800,0.1256,0.1266,0.1252,0.1254,3253396.0300000003
1721203200,0.1254,0.126,0.1235,0.1241,4588036.34
1721217600,0.1241,0.1262,0.1227,0.123,8467166.39
1721232000,0.123,0.1232,0.1202,0.1229,9648727.26
1721246400,0.1229,0.1237,0.1214,0.1218,5701386.52
1721260800,0.1218,0.1239,0.1218,0.1234,3624239.28
1721275200,0.1234,0.1234,0.1208,0.1216,4484092.55
1721289600,0.1216,0.1225,0.1202,0.1219,4246686.98
1721304000,0.1219,0.1231,0.1179,0.118,8924653.84
1721318400,0.118,0.1197,0.1172,0.118,4854370.21
1721332800,0.118,0.1199,0.1177,0.1195,2215891.75
1721347200,0.1195,0.121,0.1174,0.1208,2345409.31
1721361600,0.1208,0.1213,0.1188,0.1191,2584695.43
1721376000,0.1191,0.1195,0.1177,0.1194,3306271.87
1721390400,0.1194,0.1234,0.119,0.1233,8260551.93
1721404800,0.1233,0.1261,0.1233,0.1254,13609362.37
1721419200,0.1254,0.1261,0.1246,0.1255,5803691.4
1721433600,0.1255,0.1263,0.1244,0.1255,4131633.32
1721448000,0.1255,0.1296,0.1252,0.1275,7187967.61
1721462400,0.1275,0.1279,0.1259,0.126,2949538.54
1721476800,0.126,0.1354,0.1253,0.135,21684491.53
1721491200,0.135,0.1358,0.1326,0.1337,21798427.93
1721505600,0.1337,0.1354,0.133,0.1343,6167269.54
1721520000,0.1343,0.1346,0.132,0.1322,4355753.5600000005
1721534400,0.1322,0.1327,0.1297,0.131,4052303.14
1721548800,0.131,0.1323,0.1308,0.1316,2454171.71
1721563200,0.1316,0.1329,0.1304,0.1316,5083417.09
1721577600,0.1316,0.1343,0.1258,0.1342,15089533.84
1721592000,0.1342,0.1437,0.133,0.1402,39151547.93
1721606400,0.1402,0.1415,0.1382,0.1414,9963529.88
1721620800,0.1414,0.1426,0.1366,0.1371,11414531.76
1721635200,0.1371,0.1389,0.1359,0.1387,6367990.390000001
1721649600,0.1387,0.1418,0.136,0.1398,20809766.12
1721664000,0.1398,0.1422,0.138,0.1421,14989942.27
1721678400,0.1421,0.1424,0.1369,0.1378,12414730.5
1721692800,0.1378,0.1393,0.1368,0.1378,4402347.5
1721707200,0.1378,0.1383,0.1331,0.1345,9277500.37
1721721600,0.1345,0.1365,0.1335,0.1346,4022867.73
1721736000,0.1346,0.1347,0.1297,0.132,11850871.89
1721750400,0.132,0.1324,0.1281,0.1305,18552937.54
1721764800,0.1305,0.1317,0.1296,0.1303,3434960.46
1721779200,0.1303,0.1317,0.1292,0.1313,4066238.25
1721793600,0.1313,0.1324,0.1298,0.1323,2698902.04
1721808000,0.1323,0.134,0.1318,0.1333,3115979.86
1721822400,0.1333,0.1348,0.1314,0.1316,7042183.0
1721836800,0.1316,0.1328,0.1294,0.1298,5218675.04
1721851200,0.1298,0.1308,0.1269,0.1279,7089050.69
1721865600,0.1279,0.1287,0.1219,0.1228,13996845.07
1721880000,0.1228,0.1245,0.1222,0.1236,4092863.95
1721894400,0.1236,0.1252,0.1232,0.1243,4041101.34
1721908800,0.1243,0.1255,0.1222,0.1241,9487705.09
1721923200,0.1241,0.1252,0.1208,0.1221,6707913.949999999
1721937600,0.1221,0.1256,0.1201,0.1252,5463842.75
1721952000,0.1252,0.1296,0.1251,0.1287,7427596.74
1721966400,0.1287,0.1299,0.1284,0.129,3227325.57
1721980800,0.129,0.1304,0.1289,0.1297,3499014.5
1721995200,0.1297,0.131,0.129,0.1302,7675425.31
1722009600,0.1302,0.1348,0.13,0.1335,15569803.59
1722024000,0.1335,0.1349,0.1324,0.1342,8821969.61
1722038400,0.1342,0.1347,0.1329,0.1342,5569965.98
1722052800,0.1342,0.135,0.1336,0.1342,3347048.53
1722067200,0.1342,0.1359,0.1339,0.1349,4299518.09
1722081600,0.1349,0.1387,0.1336,0.1346,9224122.23
1722096000,0.1346,0.1382,0.1312,0.1362,20421135.82
1722110400,0.1362,0.1363,0.1302,0.1314,15647496.76
1722124800,0.1314,0.1318,0.1294,0.1296,4560721.3
1722139200,0.1296,0.1306,0.1282,0.1305,5202713.94
1722153600,0.1305,0.1319,0.1298,0.1309,3129264.88
1722168000,0.1309,0.1314,0.1291,0.1295,4546743.52
1722182400,0.1295,0.1309,0.1293,0.1299,2815499.58
1722196800,0.1299,0.1301,0.1287,0.13,2810207.24
1722211200,0.13,0.1348,0.1297,0.1337,10355808.68
1722225600,0.1337,0.1349,0.1329,0.1345,6542576.51
1722240000,0.1345,0.135,0.1333,0.1333,6777378.0200000005
1722254400,0.1333,0.1342,0.1288,0.1299,9646634.01
1722268800,0.1299,0.1302,0.128,0.1293,7702248.15
1722283200,0.1293,0.1299,0.1277,0.1284,6613948.16
1722297600,0.1284,0.1305,0.1271,0.1293,5532893.68
1722312000,0.1293,0.1306,0.1286,0.1301,4217650.74
1722326400,0.1301,0.1302,0.1289,0.1291,2326715.68
1722340800,0.1291,0.1296,0.1263,0.1273,8609529.15
1722355200,0.1273,0.1281,0.1243,0.1251,5506555.63
1722369600,0.1251,0.1262,0.1233,0.1255,5274244.95
1722384000,0.1255,0.1262,0.1247,0.1253,2556601.17
1722398400,0.1253,0.127,0.1236,0.1261,3621291.86
1722412800,0.1261,0.1264,0.1248,0.1254,1381404.52
1722427200,0.1254,0.1273,0.1253,0.1262,4238041.74
1722441600,0.1262,0.127,0.1215,0.1229,8916430.6
1722456000,0.1229,0.1231,0.1212,0.1219,6655667.68
1722470400,0.1219,0.123,0.1206,0.1209,4515972.72
1722484800,0.1209,0.1213,0.1181,0.1203,5826652.57
1722499200,0.1203,0.1214,0.1199,0.1204,2955664.8
1722513600,0.1204,0.1213,0.1153,0.1159,6611279.890000001
1722528000,0.1159,0.1161,0.112,0.1149,9449102.93
1722542400,0.1149,0.1199,0.1142,0.119,7920936.24
1722556800,0.119,0.1196,0.1157,0.1177,3821724.42
1722571200,0.1177,0.1179,0.1144,0.1163,2052640.4
1722585600,0.1163,0.1179,0.1156,0.1172,1816556.62
1722600000,0.1172,0.1194,0.1101,0.1133,11464063.01
1722614400,0.1133,0.114,0.1115,0.1125,7335248.34
1722628800,0.1125,0.1133,0.1102,0.1114,7272494.979999999
1722643200,0.1114,0.1127,0.1082,0.1126,8550966.05
1722657600,0.1126,0.1146,0.1121,0.1138,2507272.0300000003
1722672000,0.1138,0.1138,0.1122,0.1128,3440248.68
1722686400,0.1128,0.1141,0.1104,0.1105,3642693.76
1722700800,0.1105,0.1112,0.1057,0.1058,14423837.69
1722715200,0.1058,0.1085,0.1052,0.1081,6438564.93
1722729600,0.1081,0.1093,0.1072,0.1087,3282523.26
1722744000,0.1087,0.1089,0.1066,0.1066,3480070.45
1722758400,0.1066,0.108,0.1056,0.1075,1896085.1
1722772800,0.1075,0.108,0.1029,0.1031,7046302.82
1722787200,0.1031,0.1054,0.09904,0.1048,13102107.09
1722801600,0.1048,0.106,0.1036,0.1037,6454002.71
1722816000,0.1037,0.1042,0.08934,0.09143,36428037.35
1722830400,0.09143,0.09342,0.08168,0.08887,26147056.97
1722844800,0.08887,0.0892,0.08051,0.08461,12389610.16
1722859200,0.08461,0.09562,0.08204,0.09531,33225333.2
1722873600,0.09531,0.09871,0.09274,0.09388,19844549.97
1722888000,0.09388,0.09683,0.09385,0.09435,7101656.75
1722902400,0.09435,0.1015,0.09414,0.0984,12848877.81
1722916800,0.0984,0.1003,0.0976,0.09935,5064092.97
1722931200,0.09935,0.09936,0.0953,0.09604,4845538.3100000005
1722945600,0.09604,0.09958,0.09411,0.09766,9443889.52
1722960000,0.09766,0.09904,0.09678,0.09718,8334149.4
1722974400,0.09718,0.09851,0.09594,0.09652,4617181.72
1722988800,0.09652,0.09957,0.09522,0.09845,6545427.59
1723003200,0.09845,0.09995,0.09806,0.09891,5161448.73
1723017600,0.09891,0.1021,0.09878,0.09929,6161728.3100000005
1723032000,0.09929,0.1017,0.0959,0.09812,8312838.42
1723046400,0.09812,0.09832,0.09535,0.0962,12767880.24
1723060800,0.0962,0.09765,0.09433,0.09557,7387057.56
1723075200,0.09557,0.1011,0.09357,0.09891,8197780.58
1723089600,0.09891,0.1003,0.09883,0.09926,3093033.34
1723104000,0.09926,0.1006,0.09907,0.09998,2493902.48
1723118400,0.09998,0.1039,0.09901,0.1038,12435502.96
1723132800,0.1038,0.1051,0.1019,0.1022,7032942.17
1723147200,0.1022,0.108,0.102,0.1075,11994353.96
1723161600,0.1075,0.1078,0.1053,0.1061,5092172.33
1723176000,0.1061,0.1061,0.1039,0.105,3332789.17
1723190400,0.105,0.1058,0.1036,0.1045,3478952.67
1723204800,0.1045,0.1053,0.1016,0.1017,8360231.82
1723219200,0.1017,0.1036,0.1017,0.1034,6347652.83
1723233600,0.1034,0.1047,0.103,0.1039,3821938.69
1723248000,0.1039,0.1056,0.1035,0.1039,3141412.15
1723262400,0.1039,0.1048,0.1029,0.1048,1806956.74
1723276800,0.1048,0.1048,0.104,0.1046,1180115.64
1723291200,0.1046,0.1048,0.1034,0.1043,2006537.64
1723305600,0.1043,0.1059,0.1042,0.1055,3354460.29
1723320000,0.1055,0.1056,0.1048,0.1052,2989389.39
1723334400,0.1052,0.111,0.1051,0.11,11666476.12
1723348800,0.11,0.1102,0.1084,0.1098,3924692.55
1723363200,0.1098,0.1101,0.1073,0.1075,4979178.8100000005
1723377600,0.1075,0.1078,0.1041,0.1047,7519836.79
1723392000,0.1047,0.106,0.1028,0.103,5373903.71
1723406400,0.103,0.103,0.1001,0.1006,6422545.140000001
1723420800,0.1006,0.1024,0.1002,0.1016,4277746.78
1723435200,0.1016,0.1037,0.1005,0.1032,2938522.08
1723449600,0.1032,0.1073,0.1023,0.1065,9044222.51
1723464000,0.1065,0.1081,0.1018,0.1072,14218909.31
1723478400,0.1072,0.1077,0.1039,0.1052,6376654.2
1723492800,0.1052,0.1086,0.1044,0.1079,7887990.08
1723507200,0.1079,0.1091,0.1044,0.1048,7665956.25
1723521600,0.1048,0.1058,0.1041,0.1047,3189528.29
1723536000,0.1047,0.105,0.1034,0.1043,1965832.56
1723550400,0.1043,0.1059,0.104,0.1052,4595831.25
1723564800,0.1052,0.1076,0.1046,0.1056,4962712.91
1723579200,0.1056,0.1068,0.1052,0.1064,2801507.04
1723593600,0.1064,0.1066,0.1052,0.1058,1721802.22
1723608000,0.1058,0.1064,0.1054,0.1057,1501399.46
1723622400,0.1057,0.1066,0.1052,0.1059,2037591.8
1723636800,0.1059,0.1071,0.1015,0.1033,8620780.93
1723651200,0.1033,0.1035,0.1023,0.1026,2819274.27
1723665600,0.1026,0.1032,0.1015,0.1024,2222647.89
1723680000,0.1024,0.103,0.1018,0.1027,2346030.66
1723694400,0.1027,0.1031,0.1019,0.1026,2240508.56
1723708800,0.1026,0.1035,0.102,0.1027,1915037.41
1723723200,0.1027,0.1049,0.1023,0.1043,5411146.33
1723737600,0.1043,0.1047,0.09798,0.09917,9736014.509999998
1723752000,0.09917,0.1006,0.09841,0.1002,5821973.94
1723766400,0.1002,0.1015,0.09942,0.1005,3073754.96
1723780800,0.1005,0.1021,0.1004,0.1017,2224036.1
1723795200,0.1017,0.1019,0.1007,0.101,1380327.62
1723809600,0.101,0.1013,0.09748,0.09836,5639466.6
1723824000,0.09836,0.1018,0.09814,0.1009,5286507.34
1723838400,0.1009,0.1014,0.09995,0.1004,1945108.37
1723852800,0.1004,0.1014,0.1001,0.1008,1239031.67
1723867200,0.1008,0.1013,0.1006,0.1013,696422.78
1723881600,0.1013,0.1014,0.1008,0.1011,535439.53
1723896000,0.1011,0.1026,0.1009,0.1021,2143087.82
1723910400,0.1021,0.1037,0.1021,0.1029,3738226.61
1723924800,0.1029,0.1032,0.1024,0.1028,1041185.46
1723939200,0.1028,0.1035,0.1019,0.1021,1867070.91
1723953600,0.1021,0.1026,0.1018,0.1023,677902.5
1723968000,0.1023,0.1037,0.1021,0.1036,2500539.31
1723982400,0.1036,0.1044,0.1027,0.1032,3311528.14
1723996800,0.1032,0.1037,0.102,0.1025,1811278.79
1724011200,0.1025,0.1027,0.1,0.1001,2604638.5300000003
1724025600,0.1001,0.1007,0.09947,0.1005,3019835.83
1724040000,0.1005,0.1005,0.09957,0.09987,1293503.97
1724054400,0.09987,0.1005,0.0986,0.09984,5931911.710000001
1724068800,0.09984,0.101,0.09914,0.09995,3208084.68
1724083200,0.09995,0.1019,0.09937,0.1005,2663982.05
1724097600,0.1005,0.1018,0.1003,0.1014,2223365.07
1724112000,0.1014,0.1055,0.1011,0.1047,16784590.27
1724126400,0.1047,0.1057,0.1039,0.1055,5473353.84
1724140800,0.1055,0.1057,0.1046,0.1048,3717028.34
1724155200,0.1048,0.1054,0.1012,0.1022,10298611.83
1724169600,0.1022,0.1044,0.1019,0.1042,3409866.86
1724184000,0.1042,0.1046,0.1029,0.1029,3362336.2
1724198400,0.1029,0.1042,0.1021,0.1038,2027834.5
1724212800,0.1038,0.1048,0.1032,0.1046,2195249.85
1724227200,0.1046,0.1049,0.1033,0.1037,1328141.47
1724241600,0.1037,0.1048,0.1021,0.1038,4866391.029999999
1724256000,0.1038,0.1068,0.1035,0.1068,8188332.179999999
1724270400,0.1068,0.108,0.1059,0.1062,5403133.42
1724284800,0.1062,0.1064,0.104,0.1054,2151070.89
1724299200,0.1054,0.106,0.1049,0.106,3059878.71
1724313600,0.106,0.1069,0.1056,0.1066,2230110.58
1724328000,0.1066,0.1066,0.1048,0.1052,2787147.39
1724342400,0.1052,0.1061,0.1048,0.1048,2990551.01
1724356800,0.1048,0.1055,0.1048,0.1053,1426766.5
1724371200,0.1053,0.1064,0.1053,0.106,1911446.07
1724385600,0.106,0.1076,0.106,0.1072,1473351.44
1724400000,0.1072,0.1076,0.1061,0.1061,1607343.58
1724414400,0.1061,0.1107,0.1061,0.1099,20574099.22
1724428800,0.1099,0.1133,0.1097,0.1131,14661442.63
1724443200,0.1131,0.1155,0.1126,0.113,11811868.57
1724457600,0.113,0.1134,0.1118,0.1127,4390328.38
1724472000,0.1127,0.1131,0.1122,0.1124,3238957.97
1724486400,0.1124,0.114,0.112,0.1122,5280726.73
1724500800,0.1122,0.1132,0.1112,0.1122,7805481.61
1724515200,0.1122,0.115,0.112,0.1143,9091843.78
1724529600,0.1143,0.115,0.1108,0.1126,4909072.14
1724544000,0.1126,0.1129,0.1099,0.1109,4940728.68
1724558400,0.1109,0.1112,0.1079,0.1085,4965713.140000001
1724572800,0.1085,0.1095,0.108,0.1089,2987643.65
1724587200,0.1089,0.111,0.1087,0.1102,3559334.36
1724601600,0.1102,0.1107,0.1096,0.1098,3205930.37
1724616000,0.1098,0.1113,0.1094,0.1097,5230655.92
1724630400,0.1097,0.1103,0.1079,0.1094,4292680.39
1724644800,0.1094,0.11,0.1082,0.1088,1753025.19
1724659200,0.1088,0.1097,0.1083,0.1088,2455084.84
1724673600,0.1088,0.109,0.1062,0.1071,7062709.82
1724688000,0.1071,0.1076,0.1045,0.1055,5279241.7
1724702400,0.1055,0.1059,0.1045,0.1052,3444465.0
1724716800,0.1052,0.1064,0.1052,0.1057,2684084.7
1724731200,0.1057,0.1065,0.1055,0.106,1220215.0
1724745600,0.106,0.1062,0.1036,0.1043,4057209.3
1724760000,0.1043,0.1048,0.1032,0.1039,7113929.569999999
1724774400,0.1039,0.1048,0.1034,0.1043,5083714.27
1724788800,0.1043,0.1043,0.09647,0.09892,15004399.87
1724803200,0.09892,0.09975,0.09772,0.09966,4637415.97
1724817600,0.09966,0.09972,0.09802,0.09811,3329111.17
1724832000,0.09811,0.1019,0.09754,0.1008,3170379.34
1724846400,0.1008,0.1015,0.09883,0.09955,7864956.87
1724860800,0.09955,0.1017,0.09684,0.09911,10153122.28
1724875200,0.09911,0.1007,0.09868,0.09968,3038013.21
1724889600,0.09968,0.1007,0.09956,0.1005,2132707.36
1724904000,0.1005,0.1014,0.1002,0.1006,1760585.31
1724918400,0.1006,0.1018,0.1003,0.1013,1831962.89
1724932800,0.1013,0.1026,0.101,0.102,4446125.84
1724947200,0.102,0.1024,0.09829,0.09904,4932707.899999999
1724961600,0.09904,0.1007,0.09843,0.1004,4645221.77
1724976000,0.1004,0.1008,0.09963,0.1001,2011611.27
1724990400,0.1001,0.1012,0.09957,0.1008,2091780.13
1725004800,0.1008,0.1025,0.1007,0.1013,2539135.68
1725019200,0.1013,0.1024,0.09812,0.09846,8405407.2
1725033600,0.09846,0.1015,0.09703,0.1002,7343065.06
1725048000,0.1002,0.1029,0.1001,0.1018,6355542.41
1725062400,0.1018,0.1023,0.1008,0.1013,5991039.29
1725076800,0.1013,0.1019,0.101,0.1011,1832445.84
1725091200,0.1011,0.1015,0.1004,0.1013,1491840.57
1725105600,0.1013,0.1016,0.1008,0.1016,962911.31
1725120000,0.1016,0.1023,0.1006,0.1011,2334498.7800000003
1725134400,0.1011,0.1017,0.1009,0.1013,1180730.82
1725148800,0.1013,0.1015,0.09976,0.1003,1897192.77
1725163200,0.1003,0.1003,0.09853,0.09974,2029991.96
1725177600,0.09974,0.09986,0.09867,0.09938,1130303.04
1725192000,0.09938,0.09942,0.0974,0.09855,3745353.21
1725206400,0.09855,0.09928,0.09684,0.09911,3422317.21
1725220800,0.09911,0.09949,0.09399,0.09512,6704729.76
1725235200,0.09512,0.09602,0.09472,0.09521,3085610.17
1725249600,0.09521,0.09569,0.0941,0.09452,1928929.01
1725264000,0.09452,0.09799,0.09444,0.09729,3846652.07
1725278400,0.09729,0.09794,0.0961,0.09735,2630303.1
1725292800,0.09735,0.09808,0.09693,0.09782,2416569.12
1725307200,0.09782,0.09984,0.09764,0.0991,5232071.51
1725321600,0.0991,0.1008,0.09883,0.09957,3552087.01
1725336000,0.09957,0.09969,0.09902,0.09958,1380057.12
1725350400,0.09958,0.09971,0.0986,0.09958,971303.69
1725364800,0.09958,0.1005,0.09671,0.09689,6011283.08
1725379200,0.09689,0.09859,0.09668,0.0977,3949711.73
1725393600,0.0977,0.09808,0.09649,0.09677,2763783.54
1725408000,0.09677,0.09743,0.09196,0.0958,8840311.629999999
1725422400,0.0958,0.09674,0.09451,0.09637,3628087.13
1725436800,0.09637,0.09695,0.09506,0.09555,2044375.36
1725451200,0.09555,0.09869,0.09489,0.09854,8559094.95
1725465600,0.09854,0.0995,0.0976,0.09802,7190059.34
1725480000,0.09802,0.09875,0.09749,0.09799,1859268.88
1725494400,0.09799,0.09855,0.09601,0.09628,3428791.85
1725508800,0.09628,0.09811,0.09615,0.09758,2161881.97
1725523200,0.09758,0.09798,0.097,0.09748,1232529.39
1725537600,0.09748,0.09899,0.0966,0.0969,6571040.55
1725552000,0.0969,0.09916,0.09654,0.09739,6697065.0
1725566400,0.09739,0.09868,0.09736,0.09839,1983464.24
1725580800,0.09839,0.09941,0.098,0.09878,2961888.6100000003
1725595200,0.09878,0.09904,0.09694,0.0974,1703256.54
1725609600,0.0974,0.09795,0.09679,0.09687,3413957.17
1725624000,0.09687,0.09783,0.09286,0.09365,9877018.17
1725638400,0.09365,0.09366,0.09032,0.09084,11567003.73
1725652800,0.09084,0.09258,0.08893,0.09254,7323638.100000001
1725667200,0.09254,0.09281,0.09174,0.09204,2005998.4
1725681600,0.09204,0.09439,0.0919,0.094,4773976.98
1725696000,0.094,0.09491,0.09374,0.09445,2423088.91
1725710400,0.09445,0.0957,0.09445,0.09545,3901759.75
1725724800,0.09545,0.09555,0.09418,0.0949,5132203.37
1725739200,0.0949,0.09546,0.09452,0.0954,3676374.01
1725753600,0.0954,0.09695,0.09494,0.09616,2819377.85
1725768000,0.09616,0.09617,0.09512,0.09562,2092314.27
1725782400,0.09562,0.09642,0.09534,0.09577,1623175.47
1725796800,0.09577,0.09586,0.09425,0.09434,2419324.1
1725811200,0.09434,0.0957,0.09385,0.09529,1858357.97
1725825600,0.09529,0.09695,0.09499,0.09615,2971914.11
1725840000,0.09615,0.0976,0.09576,0.09693,5478918.5600000005
1725854400,0.09693,0.09728,0.09601,0.09718,1514935.72
1725868800,0.09718,0.09872,0.09715,0.09791,2696846.16
1725883200,0.09791,0.099,0.09699,0.09887,6281028.92
1725897600,0.09887,0.1048,0.09885,0.1038,16952863.61
1725912000,0.1038,0.1049,0.1031,0.1038,6559767.59
1725926400,0.1038,0.1039,0.1021,0.1025,5213171.17
1725940800,0.1025,0.104,0.1025,0.1038,2693850.77
1725955200,0.1038,0.1046,0.1035,0.1037,2195251.67
1725969600,0.1037,0.1037,0.1015,0.1016,4595927.58
1725984000,0.1016,0.1035,0.1016,0.103,3718417.25
1725998400,0.103,0.1033,0.1025,0.1028,2047354.79
1726012800,0.1028,0.103,0.1008,0.101,3467308.92
1726027200,0.101,0.1011,0.09911,0.1009,3685719.09
1726041600,0.1009,0.101,0.09968,0.1005,1831908.43
1726056000,0.1005,0.1015,0.09786,0.09998,6565066.0
1726070400,0.09998,0.102,0.09989,0.1016,4901378.83
1726084800,0.1016,0.1021,0.101,0.1013,4545889.74
1726099200,0.1013,0.1028,0.1013,0.1023,2836342.64
1726113600,0.1023,0.1031,0.102,0.1026,3684141.86
1726128000,0.1026,0.1027,0.1016,0.102,1514479.39
1726142400,0.102,0.1027,0.1005,0.1007,5628659.89
1726156800,0.1007,0.1026,0.1006,0.1025,3550649.9
1726171200,0.1025,0.1033,0.1018,0.1027,4611872.46
1726185600,0.1027,0.1028,0.1018,0.1019,1917327.27
1726200000,0.1019,0.104,0.1019,0.1035,5097616.4
1726214400,0.1035,0.1066,0.1034,0.1044,7955569.390000001
1726228800,0.1044,0.1085,0.1038,0.108,15196387.27
1726243200,0.108,0.1081,0.1062,0.1066,8326609.859999999
1726257600,0.1066,0.1079,0.1065,0.1071,5849441.19
1726272000,0.1071,0.1078,0.1069,0.1072,2797704.47
1726286400,0.1072,0.1074,0.1063,0.1067,4389540.3
1726300800,0.1067,0.1069,0.1049,0.1053,3411586.21
1726315200,0.1053,0.1065,0.1051,0.1056,4686878.41
1726329600,0.1056,0.1058,0.1044,0.1051,2514738.35
1726344000,0.1051,0.1056,0.1049,0.1054,2453561.13
1726358400,0.1054,0.1064,0.1054,0.1057,3203003.23
1726372800,0.1057,0.1059,0.1051,0.1058,1500447.24
1726387200,0.1058,0.1058,0.1044,0.1048,3072788.99
1726401600,0.1048,0.1064,0.1047,0.1062,2680737.5300000003
1726416000,0.1062,0.1063,0.1044,0.1053,4361613.51
1726430400,0.1053,0.1054,0.1022,0.1028,3960055.99
1726444800,0.1028,0.1032,0.1,0.1015,5276687.44
1726459200,0.1015,0.1026,0.1012,0.1024,2085963.28
1726473600,0.1024,0.103,0.1014,0.1016,2371344.26
1726488000,0.1016,0.1019,0.09926,0.09989,6685132.15
1726502400,0.09989,0.1,0.09854,0.0992,3152166.64
1726516800,0.0992,0.09998,0.09834,0.09965,3179503.69
1726531200,0.09965,0.09997,0.09869,0.0998,2359074.11
1726545600,0.0998,0.1013,0.09976,0.1008,2860710.21
1726560000,0.1008,0.1013,0.1004,0.1006,2535692.86
1726574400,0.1006,0.1026,0.09961,0.1023,13658775.94
1726588800,0.1023,0.1025,0.1002,0.1008,7838572.41
1726603200,0.1008,0.1015,0.1005,0.1011,3591146.77
1726617600,0.1011,0.1016,0.09982,0.1011,2264610.96
1726632000,0.1011,0.1016,0.1004,0.1016,1140786.8
1726646400,0.1016,0.1018,0.09937,0.1002,1990075.28
1726660800,0.1002,0.1012,0.09961,0.1,3875485.21
1726675200,0.1,0.1034,0.09945,0.101,11017923.7
1726689600,0.101,0.1039,0.09989,0.1039,4385996.49
1726704000,0.1039,0.1056,0.1035,0.1041,7354063.02
1726718400,0.1041,0.1044,0.1036,0.1042,1929583.52
1726732800,0.1042,0.1049,0.1041,0.1045,2762314.3
1726747200,0.1045,0.1055,0.1043,0.105,5628510.66
1726761600,0.105,0.1071,0.105,0.1058,8399330.59
1726776000,0.1058,0.1063,0.1046,0.105,4164502.28
1726790400,0.105,0.1061,0.1036,0.1061,4929893.23
1726804800,0.1061,0.1075,0.1059,0.1067,6969214.19
1726819200,0.1067,0.1072,0.1057,0.106,3663691.74
1726833600,0.106,0.1066,0.104,0.1052,8557305.52
1726848000,0.1052,0.1054,0.1038,0.1047,3452784.97
1726862400,0.1047,0.1059,0.1046,0.1055,2480502.67
1726876800,0.1055,0.1056,0.1041,0.1049,3003897.96
1726891200,0.1049,0.1056,0.1043,0.1055,2069827.98
1726905600,0.1055,0.1065,0.1054,0.1062,2132099.93
1726920000,0.1062,0.1096,0.106,0.1093,9172360.03
1726934400,0.1093,0.1095,0.1084,0.1086,5315933.41
1726948800,0.1086,0.1105,0.1085,0.11,5334624.92
1726963200,0.11,0.11,0.1079,0.1081,3450746.54
1726977600,0.1081,0.1085,0.1076,0.108,1502618.54
1726992000,0.108,0.1081,0.1063,0.1066,3466317.65
1727006400,0.1066,0.1069,0.1054,0.1057,3303650.66
1727020800,0.1057,0.107,0.1052,0.1064,2110952.31
1727035200,0.1064,0.107,0.1038,0.1063,6440814.7
1727049600,0.1063,0.1092,0.1041,0.1082,11470800.3
1727064000,0.1082,0.1085,0.1068,0.1072,2784897.29
1727078400,0.1072,0.1076,0.1062,0.1066,2409732.38
1727092800,0.1066,0.1077,0.106,0.1073,4552019.2
1727107200,0.1073,0.1078,0.1062,0.107,2979517.18
1727121600,0.107,0.1085,0.1063,0.1081,5111980.14
1727136000,0.1081,0.1089,0.1068,0.1082,6837954.17
1727150400,0.1082,0.1086,0.1071,0.1082,2278380.89
1727164800,0.1082,0.1094,0.1079,0.1092,2744662.33
1727179200,0.1092,0.1101,0.1069,0.1076,7162962.54
1727193600,0.1076,0.11,0.1069,0.1099,4420994.25
1727208000,0.1099,0.1106,0.1087,0.1098,5647744.53
1727222400,0.1098,0.1111,0.1095,0.1106,7066580.14
1727236800,0.1106,0.1107,0.1082,0.109,2839362.41
1727251200,0.109,0.1105,0.1083,0.1098,3652402.4
1727265600,0.1098,0.11,0.1085,0.1089,4684602.05
1727280000,0.1089,0.1106,0.1087,0.1096,4704343.970000001
1727294400,0.1096,0.1105,0.108,0.1085,4165621.2
1727308800,0.1085,0.109,0.107,0.109,4651628.24
1727323200,0.109,0.1149,0.1085,0.1134,12024223.49
1727337600,0.1134,0.1152,0.1133,0.1137,8426597.98
1727352000,0.1137,0.1172,0.1134,0.1167,15045077.15
1727366400,0.1167,0.1206,0.1163,0.1176,18883586.85
1727380800,0.1176,0.1183,0.1155,0.1182,12689096.48
1727395200,0.1182,0.1195,0.117,0.1187,9199713.7
1727409600,0.1187,0.1238,0.1185,0.123,14496226.38
1727424000,0.123,0.1255,0.1224,0.1227,13462103.46
1727438400,0.1227,0.1288,0.1223,0.1269,28319007.6
1727452800,0.1269,0.1278,0.1234,0.1243,14676007.5
1727467200,0.1243,0.1245,0.1231,0.1235,4251957.9
1727481600,0.1235,0.1268,0.1234,0.1262,6730495.78
1727496000,0.1262,0.1264,0.1216,0.1219,6800286.17
1727510400,0.1219,0.1254,0.1201,0.1249,10698357.24
1727524800,0.1249,0.1321,0.1224,0.131,25787964.1
1727539200,0.131,0.1317,0.1285,0.1301,13665976.45
1727553600,0.1301,0.1314,0.1273,0.1281,9474184.82
1727568000,0.1281,0.1304,0.1272,0.1295,9244228.79
1727582400,0.1295,0.1296,0.1259,0.1259,6382863.19
1727596800,0.1259,0.1274,0.1256,0.127,3860191.62
1727611200,0.127,0.1273,0.125,0.1261,9183232.41
1727625600,0.1261,0.1283,0.125,0.1283,5513077.91
1727640000,0.1283,0.1289,0.1243,0.1243,8003727.73
1727654400,0.1243,0.1246,0.1207,0.1225,11178983.24
1727668800,0.1225,0.1236,0.1215,0.1229,4528130.29
1727683200,0.1229,0.123,0.1192,0.1205,7423788.28
1727697600,0.1205,0.1211,0.1169,0.1171,12527348.38
1727712000,0.1171,0.1183,0.1166,0.1177,7902230.23
1727726400,0.1177,0.1189,0.1132,0.1142,9625392.26
1727740800,0.1142,0.1177,0.1134,0.1177,8524737.149999999
1727755200,0.1177,0.119,0.1173,0.1186,4354658.96
1727769600,0.1186,0.1193,0.1178,0.1181,2932543.95
1727784000,0.1181,0.1185,0.1078,0.1107,21760434.21
1727798400,0.1107,0.1114,0.1026,0.1059,20167815.51
1727812800,0.1059,0.1078,0.1039,0.1069,11891596.59
1727827200,0.1069,0.1089,0.1064,0.1084,5351459.8
1727841600,0.1084,0.1095,0.1071,0.1085,4166685.83
1727856000,0.1085,0.1089,0.1054,0.1063,5723053.07
1727870400,0.1063,0.1068,0.1035,0.1062,12138444.16
1727884800,0.1062,0.1077,0.1023,0.1043,10338686.42
1727899200,0.1043,0.106,0.1036,0.1046,6949669.12
1727913600,0.1046,0.1068,0.1041,0.1061,3872277.39
1727928000,0.1061,0.1062,0.1045,0.1047,2966802.5500000003
1727942400,0.1047,0.1051,0.1011,0.1039,6211764.98
1727956800,0.1039,0.1055,0.1013,0.104,11778157.67
1727971200,0.104,0.1053,0.1019,0.105,6205612.15
1727985600,0.105,0.1057,0.1037,0.1051,4041003.03
1728000000,0.1051,0.1069,0.1048,0.1064,6172878.03
1728014400,0.1064,0.1085,0.1064,0.108,4108670.65
1728028800,0.108,0.1088,0.1072,0.1086,4097766.14
1728043200,0.1086,0.1103,0.1066,0.1082,13033214.76
1728057600,0.1082,0.1106,0.1079,0.1105,7624946.729999999
1728072000,0.1105,0.1105,0.1087,0.1092,4530118.04
1728086400,0.1092,0.1102,0.1075,0.1079,4821555.7
1728100800,0.1079,0.1093,0.1076,0.1088,1509423.23
1728115200,0.1088,0.11,0.1088,0.1092,3608110.82
1728129600,0.1092,0.1099,0.1086,0.1097,2450822.24
1728144000,0.1097,0.1102,0.1079,0.1081,4482584.13
1728158400,0.1081,0.1098,0.1077,0.1094,2555997.12
1728172800,0.1094,0.11,0.1085,0.1086,2696490.98
1728187200,0.1086,0.1092,0.1084,0.109,1315510.6
1728201600,0.109,0.1096,0.1088,0.1093,647149.5800000001
1728216000,0.1093,0.1129,0.1092,0.1121,7165667.74
1728230400,0.1121,0.1127,0.1105,0.1107,3782591.64
1728244800,0.1107,0.1118,0.1097,0.1115,3372381.64
1728259200,0.1115,0.1155,0.1109,0.1139,12035071.38
1728273600,0.1139,0.1144,0.1134,0.1137,4524328.74
1728288000,0.1137,0.1146,0.1104,0.1114,5435626.71
1728302400,0.1114,0.1147,0.1109,0.1119,14855262.98
1728316800,0.1119,0.113,0.1093,0.1108,8805449.629999999
1728331200,0.1108,0.1124,0.1082,0.1084,6171475.68
1728345600,0.1084,0.1098,0.1079,0.1093,4767657.649999999
1728360000,0.1093,0.1097,0.1063,0.1073,4580378.1
1728374400,0.1073,0.108,0.107,0.108,2606887.7
1728388800,0.108,0.1084,0.1052,0.1064,7693245.23
1728403200,0.1064,0.1076,0.1059,0.1071,5196847.38
1728417600,0.1071,0.108,0.1065,0.1071,2438934.26
1728432000,0.1071,0.1093,0.1069,0.1087,4281110.1
1728446400,0.1087,0.1096,0.1084,0.1089,1780821.36
1728460800,0.1089,0.1104,0.1084,0.1104,3918612.48
1728475200,0.1104,0.1114,0.1081,0.1105,10851832.97
1728489600,0.1105,0.1107,0.1082,0.109,5429752.28
1728504000,0.109,0.109,0.106,0.1079,7191886.96
1728518400,0.1079,0.1082,0.1069,0.1078,3981021.69
1728532800,0.1078,0.1085,0.1072,0.1072,1870636.07
1728547200,0.1072,0.1074,0.1057,0.1072,3890939.95
1728561600,0.1072,0.1073,0.1043,0.1053,8379152.15
1728576000,0.1053,0.1058,0.103,0.1044,12381364.92
1728590400,0.1044,0.1062,0.1042,0.1059,3374948.63
1728604800,0.1059,0.1081,0.1056,0.1075,3680965.92
1728619200,0.1075,0.1082,0.1072,0.1077,2229975.65
1728633600,0.1077,0.1088,0.1076,0.1085,3734024.7
1728648000,0.1085,0.1101,0.1081,0.1099,8179726.24
1728662400,0.1099,0.1114,0.1094,0.111,6260800.109999999
1728676800,0.111,0.1114,0.1106,0.1107,4807166.3100000005
1728691200,0.1107,0.1115,0.1093,0.1097,4178069.91
1728705600,0.1097,0.1113,0.1097,0.1113,2310809.51
1728720000,0.1113,0.1121,0.1109,0.1113,2938703.2800000003
1728734400,0.1113,0.1121,0.1107,0.1114,3648109.1
1728748800,0.1114,0.112,0.1108,0.1112,3466093.48
1728763200,0.1112,0.1119,0.1112,0.1114,2280604.87
1728777600,0.1114,0.1121,0.1105,0.1109,2329387.93
1728792000,0.1109,0.1119,0.1109,0.1115,1530727.85
1728806400,0.1115,0.112,0.1106,0.1106,1946140.42
1728820800,0.1106,0.1119,0.1086,0.1095,4060619.74
1728835200,0.1095,0.1109,0.1089,0.1101,3138046.25
1728849600,0.1101,0.1117,0.1097,0.1113,3700675.54
1728864000,0.1113,0.1129,0.1093,0.1127,7016417.53
1728878400,0.1127,0.1135,0.1112,0.1124,7463206.32
1728892800,0.1124,0.1136,0.1118,0.1129,4390098.86
1728907200,0.1129,0.1167,0.1125,0.1156,12202560.02
1728921600,0.1156,0.116,0.1142,0.1156,10122039.77
1728936000,0.1156,0.1177,0.1153,0.1166,8009258.35
1728950400,0.1166,0.1192,0.1162,0.1162,6809183.0600000005
1728964800,0.1162,0.1173,0.1154,0.1158,3503195.11
1728979200,0.1158,0.1166,0.1125,0.1128,6592269.55
1728993600,0.1128,0.1183,0.1102,0.1129,17146779.67
1729008000,0.1129,0.1174,0.1128,0.1147,12264048.11
1729022400,0.1147,0.1179,0.1124,0.1174,9791283.7
1729036800,0.1174,0.1177,0.1158,0.1165,8925618.3
1729051200,0.1165,0.1202,0.1162,0.1201,12380448.13
1729065600,0.1201,0.1284,0.1198,0.1259,48268015.94
1729080000,0.1259,0.1278,0.1235,0.1261,25994762.56
1729094400,0.1261,0.1282,0.1246,0.1274,16970577.560000002
1729108800,0.1274,0.1298,0.1253,0.1257,21232128.06
1729123200,0.1257,0.1266,0.1237,0.1251,10458692.99
1729137600,0.1251,0.1252,0.1213,0.122,9385440.39
1729152000,0.122,0.1234,0.121,0.1216,7254818.71
1729166400,0.1216,0.123,0.1204,0.1227,15212074.63
1729180800,0.1227,0.1241,0.1206,0.124,16083250.08
1729195200,0.124,0.1309,0.1239,0.1296,37571988.05
1729209600,0.1296,0.1369,0.1296,0.1326,41230756.41
1729224000,0.1326,0.1357,0.1313,0.1346,19626557.46
1729238400,0.1346,0.1364,0.1331,0.1334,11004098.85
1729252800,0.1334,0.1383,0.1325,0.1376,23990721.74
1729267200,0.1376,0.1408,0.1361,0.1365,34026886.0
1729281600,0.1365,0.1387,0.136,0.1372,10019656.68
1729296000,0.1372,0.1469,0.137,0.1441,35158600.120000005
1729310400,0.1441,0.1454,0.1428,0.1439,12858422.65
1729324800,0.1439,0.1465,0.1421,0.1422,11039607.66
1729339200,0.1422,0.1468,0.1421,0.1439,12486827.57
1729353600,0.1439,0.1445,0.1393,0.14,18468968.25
1729368000,0.14,0.1467,0.1399,0.1441,12398459.0
1729382400,0.1441,0.1456,0.1407,0.1414,11654221.98
1729396800,0.1414,0.1438,0.1408,0.1428,7722177.13
1729411200,0.1428,0.1437,0.1419,0.1427,4568680.85
1729425600,0.1427,0.1429,0.1372,0.1384,17886579.51
1729440000,0.1384,0.1426,0.1384,0.1403,10357954.08
1729454400,0.1403,0.1434,0.1397,0.1421,13500672.33
1729468800,0.1421,0.1469,0.1414,0.1454,23812808.28
1729483200,0.1454,0.1497,0.1442,0.146,25948757.77
1729497600,0.146,0.147,0.1439,0.1443,15690158.88
1729512000,0.1443,0.145,0.1386,0.1407,21229704.54
1729526400,0.1407,0.144,0.1381,0.1436,17555481.64
1729540800,0.1436,0.1451,0.1426,0.1436,10074516.5
1729555200,0.1436,0.1484,0.1405,0.1447,28674602.72
1729569600,0.1447,0.1464,0.1437,0.1443,7233977.66
1729584000,0.1443,0.1443,0.1414,0.1418,9661560.84
1729598400,0.1418,0.1425,0.1381,0.1393,24528073.6
1729612800,0.1393,0.1406,0.1364,0.1396,20125646.7
1729627200,0.1396,0.1412,0.1392,0.1396,7800678.26
1729641600,0.1396,0.1399,0.1367,0.1381,11212066.82
1729656000,0.1381,0.1408,0.1374,0.1396,7045825.2700000005
1729670400,0.1396,0.1403,0.1358,0.1368,8918146.91
1729684800,0.1368,0.1408,0.1362,0.1392,11613248.47
1729699200,0.1392,0.1399,0.133,0.1389,28212214.98
1729713600,0.1389,0.1401,0.1375,0.1399,8826916.83
1729728000,0.1399,0.143,0.139,0.1393,15745214.0
1729742400,0.1393,0.1409,0.1379,0.1382,6922682.88
1729756800,0.1382,0.139,0.1362,0.1388,4782629.55
1729771200,0.1388,0.1433,0.1386,0.1405,17885317.22
1729785600,0.1405,0.1427,0.1392,0.1423,9851652.53
1729800000,0.1423,0.1437,0.1411,0.1418,9336220.55
1729814400,0.1418,0.1426,0.1388,0.1398,8704192.42
1729828800,0.1398,0.1407,0.1375,0.138,7827258.9
1729843200,0.138,0.1396,0.1367,0.1391,7734721.970000001
1729857600,0.1391,0.1397,0.1357,0.1363,11938573.53
1729872000,0.1363,0.137,0.1319,0.1353,21553676.17
1729886400,0.1353,0.1366,0.1276,0.1314,21199345.87
1729900800,0.1314,0.134,0.1305,0.1335,10963986.61
1729915200,0.1335,0.1349,0.133,0.1343,4569616.5
1729929600,0.1343,0.1353,0.1342,0.135,2703587.5700000003
1729944000,0.135,0.1352,0.132,0.1334,7637364.95
1729958400,0.1334,0.1379,0.1334,0.1361,5994988.470000001
1729972800,0.1361,0.1377,0.136,0.1373,5625698.5
1729987200,0.1373,0.1385,0.1359,0.138,6740310.25
1730001600,0.138,0.1385,0.1375,0.1381,2944625.97
1730016000,0.1381,0.1384,0.1365,0.1372,3283276.99
1730030400,0.1372,0.1409,0.1372,0.1408,8827099.73
1730044800,0.1408,0.144,0.1402,0.1411,17964274.87
1730059200,0.1411,0.1461,0.1405,0.1441,24892852.88
1730073600,0.1441,0.146,0.141,0.1431,22389686.97
1730088000,0.1431,0.1453,0.1418,0.1432,14707336.41
1730102400,0.1432,0.1468,0.142,0.1455,10302659.99
1730116800,0.1455,0.1512,0.145,0.1478,37731460.36
1730131200,0.1478,0.1618,0.1478,0.1582,57966401.22
1730145600,0.1582,0.1624,0.1565,0.1614,46931001.85
1730160000,0.1614,0.1689,0.1604,0.1671,57106316.69
1730174400,0.1671,0.1673,0.1632,0.1646,18909981.14
1730188800,0.1646,0.1673,0.1634,0.1666,13941429.1
1730203200,0.1666,0.173,0.1646,0.1727,35860108.45
1730217600,0.1727,0.1797,0.1692,0.1697,71059448.06
1730232000,0.1697,0.1767,0.1683,0.1758,32775453.92
1730246400,0.1758,0.1778,0.1721,0.1748,27239845.64
1730260800,0.1748,0.1777,0.172,0.1726,15227682.11
1730275200,0.1726,0.1737,0.167,0.168,16056028.77
1730289600,0.168,0.1713,0.1648,0.1653,24579567.23
1730304000,0.1653,0.1688,0.1644,0.1675,16094812.35
1730318400,0.1675,0.1708,0.1665,0.1683,16613729.74
1730332800,0.1683,0.1727,0.1673,0.1703,16545872.21
1730347200,0.1703,0.1729,0.1703,0.172,10716717.42
1730361600,0.172,0.1735,0.1688,0.1713,9929466.4
1730376000,0.1713,0.1721,0.1646,0.1659,29938696.23
1730390400,0.1659,0.1667,0.1586,0.159,26316603.74
1730404800,0.159,0.1626,0.1562,0.1614,26435144.28
1730419200,0.1614,0.164,0.1567,0.1582,22620804.0
1730433600,0.1582,0.1603,0.1541,0.1558,14870406.46
1730448000,0.1558,0.1624,0.1556,0.1608,13231999.21
1730462400,0.1608,0.1689,0.1582,0.1593,36547187.94
1730476800,0.1593,0.1635,0.1589,0.1602,20161241.48
1730491200,0.1602,0.1617,0.1565,0.1591,17360493.47
1730505600,0.1591,0.1636,0.159,0.1613,12945313.47
1730520000,0.1613,0.1627,0.1594,0.162,7969495.84
1730534400,0.162,0.1623,0.1586,0.1594,6873695.26
1730548800,0.1594,0.1604,0.1555,0.157,14356029.58
1730563200,0.157,0.1602,0.1565,0.1596,10292988.22
1730577600,0.1596,0.1601,0.1576,0.1595,6785524.65
1730592000,0.1595,0.1598,0.148,0.1503,30643088.84
1730606400,0.1503,0.1527,0.1498,0.1518,9785436.59
1730620800,0.1518,0.1525,0.1477,0.1484,10178707.82
1730635200,0.1484,0.1502,0.1422,0.1458,35444776.81
1730649600,0.1458,0.1491,0.144,0.1489,17995616.509999998
1730664000,0.1489,0.154,0.1482,0.1513,20985401.89
1730678400,0.1513,0.1546,0.1481,0.1515,19380356.62
1730692800,0.1515,0.1528,0.1493,0.1507,9555305.37
1730707200,0.1507,0.1582,0.1495,0.1569,17792225.35
1730721600,0.1569,0.1597,0.1544,0.1582,27737305.32
1730736000,0.1582,0.1601,0.1544,0.1592,35229122.14
1730750400,0.1592,0.1601,0.1517,0.1582,35981849.49
1730764800,0.1582,0.1663,0.1579,0.1624,39990734.7
1730779200,0.1624,0.1693,0.1614,0.1677,22273910.24
1730793600,0.1677,0.1726,0.1659,0.1714,22523095.44
1730808000,0.1714,0.1794,0.1687,0.1745,60195137.72
1730822400,0.1745,0.1776,0.1657,0.1678,58915018.78
1730836800,0.1678,0.1732,0.1654,0.17,43221037.17
1730851200,0.17,0.2191,0.1691,0.2113,269128806.05
1730865600,0.2113,0.2132,0.1961,0.1998,164084667.89000002
1730880000,0.1998,0.2041,0.1865,0.2025,71405072.32
1730894400,0.2025,0.2055,0.1894,0.1919,73188902.48
1730908800,0.1919,0.1962,0.1874,0.1951,59298422.3
1730923200,0.1951,0.1999,0.1935,0.1967,52772672.98
1730937600,0.1967,0.2044,0.1931,0.1961,62433872.28
1730952000,0.1961,0.1968,0.1888,0.1917,29597509.07
1730966400,0.1917,0.1944,0.1902,0.1909,15023669.41
1730980800,0.1909,0.1948,0.1856,0.1945,52974640.06
1730995200,0.1945,0.1978,0.1907,0.1939,45698432.77
1731009600,0.1939,0.1956,0.1902,0.1934,28902145.05
1731024000,0.1934,0.1993,0.1911,0.195,32162336.07
1731038400,0.195,0.2021,0.1943,0.1999,35852590.61
1731052800,0.1999,0.2001,0.1954,0.1968,15837348.29
1731067200,0.1968,0.2005,0.1934,0.1973,36541899.3
1731081600,0.1973,0.1984,0.1906,0.1974,48069979.47
1731096000,0.1974,0.2075,0.1953,0.2021,69787220.79
1731110400,0.2021,0.2046,0.1976,0.1995,25604249.55
1731124800,0.1995,0.21,0.1989,0.2094,29578294.82
1731139200,0.2094,0.2127,0.2072,0.2075,30450052.04
1731153600,0.2075,0.2084,0.2031,0.2056,22097345.68
1731168000,0.2056,0.2112,0.2013,0.208,37401533.27
1731182400,0.208,0.22,0.2078,0.2191,77505519.5
1731196800,0.2191,0.2296,0.2168,0.2286,91387852.06
1731211200,0.2286,0.2326,0.2245,0.2268,69196495.38
1731225600,0.2268,0.2436,0.2266,0.2424,70308923.25999999
1731240000,0.2424,0.2494,0.2379,0.2472,107899733.23
1731254400,0.2472,0.2984,0.2449,0.2704,327227980.51
1731268800,0.2704,0.288,0.247,0.2779,231487427.09
1731283200,0.2779,0.3031,0.2756,0.2933,216170091.07
1731297600,0.2933,0.2973,0.2729,0.282,94283390.87
1731312000,0.282,0.2958,0.2762,0.2933,63523021.01
1731326400,0.2933,0.3134,0.2829,0.3105,166145956.45
1731340800,0.3105,0.329,0.3098,0.3185,263169899.9
1731355200,0.3185,0.3519,0.3182,0.3519,300293729.8
1731369600,0.3519,0.3649,0.3274,0.3634,352773737.23
1731384000,0.3634,0.4216,0.3601,0.4134,450062983.28
1731398400,0.4134,0.4393,0.3462,0.3962,436513810.4
1731412800,0.3962,0.4053,0.3381,0.3721,386248633.52
1731427200,0.3721,0.398,0.3497,0.3828,271217237.14
1731441600,0.3828,0.399,0.368,0.3804,193374497.86
1731456000,0.3804,0.4161,0.3682,0.372,382914442.12
1731470400,0.372,0.3845,0.353,0.378,203066804.37
1731484800,0.378,0.395,0.3696,0.3892,136318038.5
1731499200,0.3892,0.4344,0.3797,0.4216,374479615.12
1731513600,0.4216,0.4275,0.3813,0.3844,338957111.03
1731528000,0.3844,0.406,0.3715,0.3997,206328645.67
1731542400,0.3997,0.4014,0.38,0.3869,129980089.07
1731556800,0.3869,0.4022,0.3842,0.3982,102833835.32
1731571200,0.3982,0.4086,0.3898,0.3962,96504408.47
1731585600,0.3962,0.4162,0.3793,0.3839,231530199.2
1731600000,0.3839,0.4005,0.3807,0.3949,121162932.11
1731614400,0.3949,0.3949,0.352,0.3626,202478945.84
1731628800,0.3626,0.3766,0.3617,0.3711,112464565.67
1731643200,0.3711,0.3721,0.3533,0.3659,83916199.4
1731657600,0.3659,0.3781,0.3614,0.3736,48810970.91
1731672000,0.3736,0.3814,0.3519,0.3567,131586908.02
1731686400,0.3567,0.3738,0.3541,0.3697,118541654.22
1731700800,0.3697,0.3849,0.3691,0.3816,125339722.64
1731715200,0.3816,0.384,0.3724,0.3801,68061282.16
1731729600,0.3801,0.3916,0.3745,0.3789,85249167.42
1731744000,0.3789,0.381,0.3719,0.3759,47169759.03
1731758400,0.3759,0.3774,0.3613,0.3658,76124166.26
1731772800,0.3658,0.3752,0.3632,0.3727,48071302.87
1731787200,0.3727,0.3734,0.3601,0.3643,48875604.7
1731801600,0.3643,0.3691,0.3394,0.3515,108340000.71
1731816000,0.3515,0.3599,0.3476,0.359,48127514.25
1731830400,0.359,0.3754,0.3576,0.3602,50026341.5
1731844800,0.3602,0.371,0.3574,0.3633,41646801.49
1731859200,0.3633,0.3703,0.355,0.3592,45627089.55
1731873600,0.3592,0.3678,0.3519,0.3671,52129334.33
1731888000,0.3671,0.3767,0.3611,0.3721,66280286.120000005
1731902400,0.3721,0.3805,0.3679,0.3751,50842812.98
1731916800,0.3751,0.3799,0.3614,0.363,40154319.54
1731931200,0.363,0.3804,0.3577,0.3798,92911410.34
1731945600,0.3798,0.3821,0.3636,0.3679,159926068.06
1731960000,0.3679,0.3804,0.3661,0.3715,79632981.71000001
1731974400,0.3715,0.3776,0.3667,0.3769,33537514.11
1731988800,0.3769,0.3957,0.3768,0.3885,120541435.62
1732003200,0.3885,0.3899,0.3791,0.3831,40560752.22
1732017600,0.3831,0.4058,0.3828,0.395,129974635.46
1732032000,0.395,0.4204,0.3936,0.4054,207230468.44
1732046400,0.4054,0.4076,0.3802,0.3912,152870180.10999998
1732060800,0.3912,0.3917,0.3765,0.3839,65324928.81
1732075200,0.3839,0.3927,0.3816,0.3903,44562234.16
1732089600,0.3903,0.3964,0.3847,0.3898,47508130.53
1732104000,0.3898,0.3971,0.3812,0.3929,77351940.25999999
1732118400,0.3929,0.3932,0.3653,0.3727,122149173.43
1732132800,0.3727,0.3817,0.371,0.378,43866276.1
1732147200,0.378,0.3862,0.3694,0.3765,63083584.0
1732161600,0.3765,0.3904,0.3763,0.3854,59041684.19
1732176000,0.3854,0.3877,0.3791,0.3829,29050450.95
1732190400,0.3829,0.3955,0.3774,0.3804,123661350.71
1732204800,0.3804,0.3887,0.3787,0.3848,78509032.52
1732219200,0.3848,0.3908,0.3823,0.387,45166217.78
1732233600,0.387,0.4025,0.3811,0.3941,127405114.26
1732248000,0.3941,0.4005,0.391,0.3917,52278103.53
1732262400,0.3917,0.3947,0.3853,0.3945,43911456.31
1732276800,0.3945,0.4166,0.388,0.4038,182776657.52
1732291200,0.4038,0.4154,0.3954,0.4003,140477465.04999998
1732305600,0.4003,0.4201,0.3993,0.4132,165105021.53
1732320000,0.4132,0.435,0.4046,0.4337,200773071.39
1732334400,0.4337,0.4806,0.4337,0.4617,342379188.69
1732348800,0.4617,0.4799,0.4538,0.47,109848335.41
1732363200,0.47,0.4757,0.4552,0.4556,131691136.31
1732377600,0.4556,0.459,0.4126,0.4243,241029261.42
1732392000,0.4243,0.4437,0.4144,0.4306,158352552.84
1732406400,0.4306,0.4549,0.428,0.4422,147204318.73
1732420800,0.4422,0.4436,0.4308,0.4391,65140259.06
1732435200,0.4391,0.4396,0.4148,0.4156,63995760.63
1732449600,0.4156,0.4223,0.4,0.402,166989798.25
1732464000,0.402,0.4237,0.4001,0.4182,96549066.54
1732478400,0.4182,0.4373,0.416,0.4307,97066273.41
1732492800,0.4307,0.4311,0.4121,0.4235,53431468.15
1732507200,0.4235,0.4297,0.4201,0.4288,47203520.94
1732521600,0.4288,0.4378,0.4232,0.4254,67947706.62
1732536000,0.4254,0.4274,0.3961,0.4149,193229062.5
1732550400,0.4149,0.4245,0.3985,0.4036,119710830.88
1732564800,0.4036,0.4085,0.3803,0.3927,117588995.32
1732579200,0.3927,0.4087,0.3903,0.4057,63310067.29
1732593600,0.4057,0.4088,0.3959,0.3979,35100292.55
1732608000,0.3979,0.398,0.3647,0.3771,122321307.31
1732622400,0.3771,0.3881,0.3679,0.3794,114253019.63
1732636800,0.3794,0.3911,0.3703,0.3788,79030952.49000001
1732651200,0.3788,0.3888,0.3776,0.387,53360173.28
1732665600,0.387,0.393,0.3802,0.3871,54269609.89
1732680000,0.3871,0.3994,0.3863,0.3975,36934296.66
1732694400,0.3975,0.3977,0.3886,0.3906,36923531.64
1732708800,0.3906,0.4043,0.3853,0.4015,68003711.84
1732723200,0.4015,0.4058,0.3973,0.404,54193183.79
1732737600,0.404,0.4084,0.3998,0.4014,47190545.24
1732752000,0.4014,0.4293,0.3974,0.4095,118173801.94
1732766400,0.4095,0.4133,0.4012,0.4029,35821433.4
1732780800,0.4029,0.4071,0.3949,0.4018,33903035.91
1732795200,0.4018,0.405,0.3912,0.3928,37849553.86
1732809600,0.3928,0.4007,0.3928,0.3989,26708265.43
1732824000,0.3989,0.4042,0.3962,0.4017,24159351.19
1732838400,0.4017,0.4085,0.3995,0.407,34548299.9
1732852800,0.407,0.408,0.4003,0.4005,22458364.33
1732867200,0.4005,0.4159,0.4005,0.4136,34662120.62
1732881600,0.4136,0.4253,0.4097,0.4189,118467329.48
1732896000,0.4189,0.4349,0.4159,0.4348,110031022.74
1732910400,0.4348,0.4378,0.4241,0.4264,73993421.23
1732924800,0.4264,0.427,0.4137,0.4225,53281919.93
1732939200,0.4225,0.4341,0.4206,0.4315,73944325.03
1732953600,0.4315,0.4358,0.4193,0.4225,100053154.13
1732968000,0.4225,0.4259,0.4178,0.4231,47023931.35
1732982400,0.4231,0.4296,0.4222,0.4262,31420386.94
1732996800,0.4262,0.43,0.4207,0.4218,35323766.43
1733011200,0.4218,0.437,0.4167,0.4248,86569125.89
1733025600,0.4248,0.4318,0.4243,0.4273,36765092.89
1733040000,0.4273,0.4312,0.4207,0.425,35091955.48
1733054400,0.425,0.4303,0.4215,0.4285,30595999.32
1733068800,0.4285,0.4438,0.428,0.4319,124907231.91
1733083200,0.4319,0.45,0.4257,0.4406,118875412.16
1733097600,0.4406,0.4638,0.4382,0.4422,156352087.01000002
1733112000,0.4422,0.4452,0.4268,0.4288,97901706.66
1733126400,0.4288,0.429,0.4005,0.4088,86390183.47
1733140800,0.4088,0.4379,0.4074,0.4339,98342600.1
1733155200,0.4339,0.4388,0.4081,0.4245,117160242.41
1733169600,0.4245,0.4272,0.4178,0.4247,59159008.09
1733184000,0.4247,0.4297,0.4148,0.4225,55123430.57
1733198400,0.4225,0.429,0.4119,0.4167,45125405.94
1733212800,0.4167,0.4213,0.411,0.4186,31429132.220000003
1733227200,0.4186,0.4186,0.3882,0.4063,132848607.18
1733241600,0.4063,0.412,0.3999,0.408,61294829.71
1733256000,0.408,0.4173,0.4066,0.4066,93462857.83
1733270400,0.4066,0.4188,0.4066,0.4159,49535836.35
1733284800,0.4159,0.4229,0.4148,0.421,32336806.44
1733299200,0.421,0.4236,0.4161,0.4172,31216463.49
1733313600,0.4172,0.4183,0.4077,0.4134,47214471.65
1733328000,0.4134,0.4189,0.4003,0.4168,61206851.95999999
1733342400,0.4168,0.4378,0.4153,0.4333,158513872.69
1733356800,0.4333,0.4535,0.4079,0.4361,235858964.15
1733371200,0.4361,0.4658,0.4314,0.4397,236819834.83
1733385600,0.4397,0.4486,0.4352,0.4463,66370203.53
1733400000,0.4463,0.4574,0.4356,0.4396,153158420.66
1733414400,0.4396,0.4462,0.431,0.4324,95576905.83
1733428800,0.4324,0.4369,0.4153,0.4274,119414268.28
1733443200,0.4274,0.4401,0.4227,0.4372,72871858.39
1733457600,0.4372,0.4389,0.4338,0.4369,30043918.35
1733472000,0.4369,0.4414,0.4236,0.428,57925036.440000005
1733486400,0.428,0.4371,0.4204,0.4328,83872153.7
1733500800,0.4328,0.4414,0.4318,0.4396,53499207.66
1733515200,0.4396,0.4423,0.4327,0.4354,46631820.0
1733529600,0.4354,0.441,0.4326,0.4342,30937452.57
1733544000,0.4342,0.4543,0.4313,0.4485,66415920.89
1733558400,0.4485,0.4537,0.4423,0.4504,49539052.72
1733572800,0.4504,0.4556,0.4428,0.453,61850347.42
1733587200,0.453,0.4665,0.4513,0.4649,143649379.17
1733601600,0.4649,0.4653,0.452,0.4534,81552213.1
1733616000,0.4534,0.4693,0.4501,0.4686,79477962.75999999
1733630400,0.4686,0.4845,0.4644,0.4652,138389544.77
1733644800,0.4652,0.4662,0.4466,0.4604,69936691.78999999
1733659200,0.4604,0.4662,0.4545,0.4617,49146592.64
1733673600,0.4617,0.4689,0.4592,0.465,56497457.7
1733688000,0.465,0.4694,0.4595,0.4668,35999453.99
1733702400,0.4668,0.4678,0.4452,0.452,68018005.05
1733716800,0.452,0.4549,0.4384,0.4461,58038267.84
1733731200,0.4461,0.4463,0.4271,0.4296,79135370.35
1733745600,0.4296,0.4493,0.4255,0.4337,100046184.51
1733760000,0.4337,0.4404,0.4316,0.4323,57723141.1
1733774400,0.4323,0.4331,0.382,0.4142,255567983.14
1733788800,0.4142,0.423,0.3871,0.4008,129807284.74
1733803200,0.4008,0.4137,0.3905,0.4093,64302651.2
1733817600,0.4093,0.416,0.4048,0.4098,41111716.76
1733832000,0.4098,0.4109,0.3726,0.3729,129572760.71
1733846400,0.3729,0.3889,0.3653,0.3853,153076433.32
1733860800,0.3853,0.3995,0.384,0.394,70785304.8
1733875200,0.394,0.3986,0.3754,0.3905,70851223.78
1733889600,0.3905,0.3949,0.3866,0.3869,29340257.54
1733904000,0.3869,0.4054,0.3865,0.4022,67889106.24000001
1733918400,0.4022,0.4194,0.4007,0.4133,86735116.96000001
1733932800,0.4133,0.419,0.4056,0.4157,65198327.78
1733947200,0.4157,0.4192,0.4136,0.4143,42635921.68
1733961600,0.4143,0.4223,0.4074,0.4159,42347555.0
1733976000,0.4159,0.4241,0.4132,0.4138,35101745.370000005
1733990400,0.4138,0.4186,0.4081,0.4107,24320906.7
1734004800,0.4107,0.4186,0.4085,0.4152,44429403.84
1734019200,0.4152,0.4184,0.4011,0.4018,65346757.70999999
1734033600,0.4018,0.4098,0.4017,0.4062,31076752.03
1734048000,0.4062,0.4099,0.3993,0.4078,32782918.74
1734062400,0.4078,0.4094,0.3997,0.4046,18908319.52
1734076800,0.4046,0.4076,0.4006,0.4035,16545201.38
1734091200,0.4035,0.4122,0.4018,0.403,35994523.12
1734105600,0.403,0.4099,0.3998,0.4036,167819959.98000002
1734120000,0.4036,0.4094,0.4023,0.4091,22383041.31
1734134400,0.4091,0.4141,0.4059,0.41,21763429.35
1734148800,0.41,0.4121,0.4082,0.4093,13099777.13
1734163200,0.4093,0.4109,0.4045,0.4059,7958633.79
1734177600,0.4059,0.4064,0.3934,0.3972,37481442.15
1734192000,0.3972,0.3972,0.3874,0.3925,37097772.370000005
1734206400,0.3925,0.4,0.3877,0.3982,25774138.09
1734220800,0.3982,0.4002,0.3943,0.3968,13658466.78
1734235200,0.3968,0.4021,0.3923,0.3959,15951670.91
1734249600,0.3959,0.4008,0.3942,0.4004,13726208.36
1734264000,0.4004,0.4046,0.3992,0.4028,13084942.17
1734278400,0.4028,0.4051,0.4018,0.4024,13641886.47
1734292800,0.4024,0.4111,0.3972,0.4064,49944637.7
1734307200,0.4064,0.4149,0.4027,0.4048,63904709.28
1734321600,0.4048,0.4065,0.4031,0.4042,17873132.2
1734336000,0.4042,0.4048,0.3923,0.3933,21336751.59
1734350400,0.3933,0.4017,0.3924,0.4002,29124108.85
1734364800,0.4002,0.4138,0.4,0.4061,52067517.45
1734379200,0.4061,0.4065,0.4002,0.402,17600666.560000002
1734393600,0.402,0.4036,0.3957,0.4032,18336996.11
1734408000,0.4032,0.4034,0.3959,0.3979,14793621.21
1734422400,0.3979,0.4072,0.3978,0.4042,20491191.41
1734436800,0.4042,0.4102,0.3959,0.3987,34836122.8
1734451200,0.3987,0.4038,0.3963,0.3993,20216708.55
1734465600,0.3993,0.4018,0.3912,0.3942,21917757.72
1734480000,0.3942,0.3963,0.3885,0.3898,20938286.83
1734494400,0.3898,0.3899,0.3784,0.3839,36394638.47
1734508800,0.3839,0.39,0.3823,0.3896,12676038.36
1734523200,0.3896,0.3902,0.3799,0.3842,26560054.88
1734537600,0.3842,0.3901,0.3741,0.3744,33428920.89
1734552000,0.3744,0.3763,0.3495,0.3581,123578304.13
1734566400,0.3581,0.3643,0.3401,0.3639,79259464.72999999
1734580800,0.3639,0.3646,0.3597,0.3628,17844868.13
1734595200,0.3628,0.3671,0.3575,0.366,26276563.37
1734609600,0.366,0.3671,0.3432,0.3517,49422952.98
1734624000,0.3517,0.3529,0.3018,0.3133,276407334.34
1734638400,0.3133,0.3237,0.3,0.314,81523868.1
1734652800,0.314,0.3287,0.3092,0.3215,62768369.4
1734667200,0.3215,0.3245,0.3109,0.3166,29190119.69
1734681600,0.3166,0.3166,0.262,0.2659,182475793.73
1734696000,0.2659,0.3089,0.2646,0.3048,139361121.26
1734710400,0.3048,0.3198,0.3024,0.3174,70850383.26
1734724800,0.3174,0.321,0.3048,0.3177,129250904.37
1734739200,0.3177,0.3316,0.3148,0.3259,46701339.75
1734753600,0.3259,0.3499,0.3251,0.346,64690300.8
1734768000,0.346,0.3479,0.3321,0.3367,41910996.83
1734782400,0.3367,0.3367,0.314,0.3269,60141466.31
1734796800,0.3269,0.3294,0.3148,0.3217,43672309.78
1734811200,0.3217,0.3255,0.3159,0.3202,26617939.8
1734825600,0.3202,0.3234,0.3122,0.3179,27671717.21
1734840000,0.3179,0.3185,0.3054,0.3128,27842779.75
1734854400,0.3128,0.3243,0.3126,0.3212,23873366.29
1734868800,0.3212,0.3236,0.309,0.3126,25412296.81
1734883200,0.3126,0.3214,0.3084,0.3096,24479926.61
1734897600,0.3096,0.316,0.3046,0.3123,27518860.55
1734912000,0.3123,0.3211,0.3027,0.3202,44911631.76
1734926400,0.3202,0.322,0.3086,0.3123,24524335.04
1734940800,0.3123,0.3186,0.3105,0.3142,17264206.78
1734955200,0.3142,0.3173,0.3031,0.3048,38420670.13
1734969600,0.3048,0.318,0.3044,0.3157,41703136.13
1734984000,0.3157,0.3284,0.3146,0.3245,53410123.94
1734998400,0.3245,0.3246,0.3158,0.3213,19767340.46
1735012800,0.3213,0.324,0.3182,0.3212,10293012.74
1735027200,0.3212,0.3227,0.3172,0.3212,9241548.95
1735041600,0.3212,0.3402,0.3188,0.3362,44374779.75
1735056000,0.3362,0.3389,0.3316,0.3317,37543200.48
1735070400,0.3317,0.3383,0.3275,0.3369,25406144.86
1735084800,0.3369,0.3397,0.3313,0.3324,15503037.77
1735099200,0.3324,0.3353,0.3304,0.3313,9487317.43
1735113600,0.3313,0.3419,0.3298,0.3304,22819167.59
1735128000,0.3304,0.3339,0.3282,0.3304,19976271.36
1735142400,0.3304,0.3332,0.3263,0.3325,16867630.84
1735156800,0.3325,0.3351,0.3288,0.3341,15898246.91
1735171200,0.3341,0.3377,0.328,0.3285,21337329.55
1735185600,0.3285,0.3285,0.3218,0.3234,14498247.19
1735200000,0.3234,0.3242,0.3137,0.3173,19103571.1
1735214400,0.3173,0.3183,0.3125,0.3142,15221371.55
1735228800,0.3142,0.3171,0.31,0.314,19623854.58
1735243200,0.314,0.3147,0.3082,0.3124,17305849.0
1735257600,0.3124,0.3162,0.3098,0.3149,15991510.97
1735272000,0.3149,0.3171,0.3085,0.3112,14904998.47
1735286400,0.3112,0.3244,0.3112,0.3214,20373826.98
1735300800,0.3214,0.3217,0.3089,0.3115,18728262.71
1735315200,0.3115,0.3152,0.3094,0.3149,17409320.65
1735329600,0.3149,0.3151,0.3095,0.3114,11664613.11
1735344000,0.3114,0.3149,0.311,0.3144,8768965.36
1735358400,0.3144,0.3174,0.3131,0.3145,7108599.71
1735372800,0.3145,0.3179,0.3145,0.3171,6078806.96
1735387200,0.3171,0.3212,0.3159,0.3182,10784237.07
1735401600,0.3182,0.324,0.3182,0.3219,10950678.21
1735416000,0.3219,0.3268,0.3212,0.3238,8365670.1
1735430400,0.3238,0.3258,0.3206,0.325,8596733.33
1735444800,0.325,0.3291,0.3227,0.3289,8290521.54
1735459200,0.3289,0.329,0.325,0.3251,4942954.35
1735473600,0.3251,0.326,0.3189,0.3193,14577284.23
1735488000,0.3193,0.3195,0.3138,0.3156,17517217.92
1735502400,0.3156,0.3166,0.3113,0.3137,16807006.86
1735516800,0.3137,0.3224,0.3126,0.3188,20191234.92
1735531200,0.3188,0.3214,0.3149,0.3198,10561752.22
1735545600,0.3198,0.3223,0.3178,0.3203,8009027.41
1735560000,0.3203,0.3227,0.306,0.3103,28191885.61
1735574400,0.3103,0.3201,0.3068,0.3195,26848207.36
1735588800,0.3195,0.3224,0.3098,0.3134,23592822.47
1735603200,0.3134,0.3146,0.3097,0.311,15287136.41
1735617600,0.311,0.3131,0.3088,0.3118,8794019.53
1735632000,0.3118,0.3209,0.3117,0.3193,15887355.67
1735646400,0.3193,0.3286,0.3191,0.3271,33924708.18
1735660800,0.3271,0.3276,0.3147,0.3178,26317151.73
1735675200,0.3178,0.3185,0.3146,0.3154,11758293.48
1735689600,0.3154,0.3209,0.3151,0.3182,15905643.72
1735704000,0.3182,0.3185,0.3131,0.3161,14597998.2
1735718400,0.3161,0.3165,0.3114,0.3156,9150347.81
1735732800,0.3156,0.32,0.3154,0.3197,8022521.06
1735747200,0.3197,0.3253,0.3165,0.3243,16474999.49
1735761600,0.3243,0.3268,0.3235,0.3244,15990936.44
1735776000,0.3244,0.3381,0.324,0.3308,41206322.14
1735790400,0.3308,0.335,0.3289,0.3339,21074728.73
1735804800,0.3339,0.3446,0.3332,0.3418,22839095.71
1735819200,0.3418,0.3438,0.3352,0.3366,23466450.35
1735833600,0.3366,0.3401,0.3341,0.3385,18862982.77
1735848000,0.3385,0.3401,0.3346,0.3386,10730232.91
1735862400,0.3386,0.3425,0.3357,0.3415,15471791.04
1735876800,0.3415,0.3417,0.3357,0.3366,9664534.33
1735891200,0.3366,0.3494,0.3358,0.3486,12777177.25
1735905600,0.3486,0.3688,0.3477,0.3659,62456788.84
1735920000,0.3659,0.3825,0.3643,0.3794,62587304.68
1735934400,0.3794,0.3893,0.3741,0.3797,48268415.510000005
1735948800,0.3797,0.3949,0.377,0.3919,40156221.260000005
1735963200,0.3919,0.395,0.3844,0.3878,37563182.68
1735977600,0.3878,0.3917,0.3827,0.3916,16095844.24
1735992000,0.3916,0.3946,0.3766,0.3794,33776467.99
1736006400,0.3794,0.3852,0.379,0.384,19615591.91
1736020800,0.384,0.3987,0.3833,0.3948,28456692.88
1736035200,0.3948,0.3978,0.3878,0.3886,18718536.31
1736049600,0.3886,0.3919,0.3879,0.3896,9339627.96
1736064000,0.3896,0.3897,0.3812,0.3821,13407246.52
1736078400,0.3821,0.3854,0.3752,0.3835,20077215.66
1736092800,0.3835,0.3849,0.3778,0.382,13092740.53
1736107200,0.382,0.3849,0.3806,0.3822,11428351.56
1736121600,0.3822,0.3896,0.376,0.3858,22704315.95
1736136000,0.3858,0.3886,0.3797,0.383,15101132.13
1736150400,0.383,0.3882,0.3812,0.3866,10697710.61
1736164800,0.3866,0.3931,0.3818,0.3894,33624105.79
1736179200,0.3894,0.3954,0.3843,0.3892,26605847.04
1736193600,0.3892,0.391,0.3854,0.388,11375882.69
1736208000,0.388,0.3984,0.3862,0.3919,27244976.200000003
1736222400,0.3919,0.3935,0.3891,0.3917,10778355.55
1736236800,0.3917,0.3971,0.3824,0.3851,21420423.06
1736251200,0.3851,0.388,0.3569,0.3638,84121349.93
1736265600,0.3638,0.3692,0.3506,0.3537,67817428.19
1736280000,0.3537,0.3555,0.3471,0.348,42501397.510000005
1736294400,0.348,0.3547,0.3452,0.3543,29583814.91
1736308800,0.3543,0.3555,0.339,0.3444,34457944.01
1736323200,0.3444,0.3522,0.3441,0.3466,17006512.78
1736337600,0.3466,0.3534,0.3415,0.3464,33248734.59
1736352000,0.3464,0.3464,0.3246,0.3356,90848411.07
1736366400,0.3356,0.3449,0.3331,0.3422,34735061.57
1736380800,0.3422,0.3467,0.3372,0.338,23439980.0
1736395200,0.338,0.3404,0.3302,0.3316,18208685.45
1736409600,0.3316,0.3353,0.3256,0.3301,20036546.82
1736424000,0.3301,0.3356,0.3175,0.333,56692095.02
1736438400,0.333,0.3351,0.3157,0.3169,45066108.96
1736452800,0.3169,0.3236,0.3143,0.321,39000187.74
1736467200,0.321,0.3283,0.321,0.3277,21442269.13
1736481600,0.3277,0.3394,0.3256,0.3356,20754437.27
1736496000,0.3356,0.3385,0.3345,0.3361,14374148.86
1736510400,0.3361,0.3366,0.3218,0.3283,52450779.0
1736524800,0.3283,0.3396,0.3243,0.3352,38907808.22
1736539200,0.3352,0.3355,0.3315,0.3338,17550421.65
1736553600,0.3338,0.3351,0.3309,0.3319,8304588.01
1736568000,0.3319,0.3341,0.3296,0.3317,7504825.75
1736582400,0.3317,0.3395,0.3305,0.3376,8064428.119999999
1736596800,0.3376,0.3383,0.3339,0.3347,7363216.37
1736611200,0.3347,0.3385,0.3328,0.3383,10405362.19
1736625600,0.3383,0.348,0.3374,0.341,25291061.78
1736640000,0.341,0.3413,0.3374,0.3406,8922431.98
1736654400,0.3406,0.3434,0.3378,0.3399,11624726.22
1736668800,0.3399,0.3404,0.3309,0.3359,12449667.38
1736683200,0.3359,0.3422,0.3349,0.3403,12257633.04
1736697600,0.3403,0.3418,0.3379,0.3395,12275617.32
1736712000,0.3395,0.3405,0.3315,0.3358,10632285.26
1736726400,0.3358,0.3458,0.3305,0.332,22205514.61
1736740800,0.332,0.3357,0.3254,0.3281,14040045.46
1736755200,0.3281,0.3284,0.3148,0.3149,30624104.79
1736769600,0.3149,0.3278,0.3099,0.3247,65954389.09
1736784000,0.3247,0.3283,0.3185,0.3251,33812836.52
1736798400,0.3251,0.3389,0.3238,0.338,30833294.73
1736812800,0.338,0.3452,0.3357,0.3435,32424081.71
1736827200,0.3435,0.346,0.3413,0.3426,14771200.02
1736841600,0.3426,0.3555,0.3426,0.3488,43317292.03
1736856000,0.3488,0.3546,0.3449,0.353,34158352.36
1736870400,0.353,0.362,0.3485,0.3543,38380755.33
1736884800,0.3543,0.3592,0.3517,0.3558,23227936.8
1736899200,0.3558,0.364,0.3543,0.363,34920529.17
1736913600,0.363,0.3651,0.3582,0.3609,21662789.630000003
1736928000,0.3609,0.3625,0.3486,0.3518,25101364.11
1736942400,0.3518,0.3781,0.3482,0.3712,79343487.67
1736956800,0.3712,0.3778,0.3682,0.3771,45410422.46
1736971200,0.3771,0.3878,0.3744,0.3853,48181533.36
1736985600,0.3853,0.3875,0.3733,0.3757,38754670.49
1737000000,0.3757,0.3807,0.3752,0.3797,13659300.39
1737014400,0.3797,0.3802,0.3677,0.3775,25878273.69
1737028800,0.3775,0.3866,0.3682,0.3815,80778410.47
1737043200,0.3815,0.3901,0.3809,0.3863,53523055.8
1737057600,0.3863,0.3873,0.3743,0.3765,64954532.91
1737072000,0.3765,0.3893,0.3756,0.3854,35798789.82
1737086400,0.3854,0.3956,0.3836,0.3954,28920145.13
1737100800,0.3954,0.4192,0.3953,0.4114,124564100.57
1737115200,0.4114,0.4156,0.4035,0.4134,87596958.24000001
1737129600,0.4134,0.422,0.4089,0.4166,67599553.98
1737144000,0.4166,0.4189,0.4103,0.4155,37181228.620000005
1737158400,0.4155,0.4342,0.405,0.4115,112901292.29
1737172800,0.4115,0.4133,0.3841,0.395,121887023.74
1737187200,0.395,0.4023,0.3884,0.3996,43984241.09
1737201600,0.3996,0.4044,0.3937,0.3973,42777686.56
1737216000,0.3973,0.4001,0.3863,0.3964,80249056.46000001
1737230400,0.3964,0.3983,0.3898,0.396,31263475.85
1737244800,0.396,0.4096,0.3958,0.3996,52060516.32
1737259200,0.3996,0.4013,0.3878,0.3919,82888825.24
1737273600,0.3919,0.3923,0.3583,0.3622,111469875.54
1737288000,0.3622,0.3953,0.3621,0.3876,87521406.7
1737302400,0.3876,0.398,0.3851,0.3958,51624125.06
1737316800,0.3958,0.3993,0.3465,0.358,173438731.05
1737331200,0.358,0.3663,0.3448,0.3639,111231087.1
1737345600,0.3639,0.3859,0.3593,0.3757,84493092.9
1737360000,0.3757,0.3835,0.3745,0.382,51053354.75
1737374400,0.382,0.3825,0.3638,0.3673,64800986.27
1737388800,0.3673,0.3833,0.3484,0.3595,182834238.88
1737403200,0.3595,0.365,0.3478,0.3542,48922889.79
1737417600,0.3542,0.3562,0.3383,0.3471,87172981.59
1737432000,0.3471,0.3472,0.3353,0.3421,53542599.55
1737446400,0.3421,0.4011,0.3386,0.3843,166544286.87
1737460800,0.3843,0.3939,0.365,0.3794,137571280.91
1737475200,0.3794,0.3866,0.3776,0.3844,59211611.02
1737489600,0.3844,0.3853,0.3691,0.372,37531053.09
1737504000,0.372,0.3738,0.3672,0.3716,24963108.85
1737518400,0.3716,0.3733,0.3634,0.3649,17944654.4
1737532800,0.3649,0.3677,0.3591,0.3667,16975215.22
1737547200,0.3667,0.3681,0.3584,0.3604,24008219.18
1737561600,0.3604,0.3641,0.3553,0.3604,24326594.65
1737576000,0.3604,0.3732,0.3557,0.3625,51205725.58
1737590400,0.3625,0.3644,0.351,0.3517,25300708.380000003
1737604800,0.3517,0.3555,0.3482,0.3538,18318284.53
1737619200,0.3538,0.3539,0.3465,0.3485,11239401.29
1737633600,0.3485,0.3574,0.3444,0.3541,38400895.120000005
1737648000,0.3541,0.3602,0.3449,0.3466,41138298.51
1737662400,0.3466,0.3587,0.3415,0.3522,55250398.3
1737676800,0.3522,0.3532,0.3429,0.3477,17964879.34
1737691200,0.3477,0.3588,0.3464,0.3576,19722011.08
1737705600,0.3576,0.3646,0.357,0.3628,13798870.88
1737720000,0.3628,0.3636,0.3578,0.36,16854692.990000002
1737734400,0.36,0.3614,0.3569,0.3575,13799874.96
1737748800,0.3575,0.3584,0.3489,0.3508,15285435.87
1737763200,0.3508,0.354,0.3456,0.3535,11232648.28
1737777600,0.3535,0.3535,0.348,0.3485,6184043.37
1737792000,0.3485,0.3509,0.3455,0.3504,5611943.76
1737806400,0.3504,0.3611,0.3487,0.3562,15888007.2
1737820800,0.3562,0.3586,0.3522,0.3562,14171466.43
1737835200,0.3562,0.3599,0.3532,0.3535,11449783.96
1737849600,0.3535,0.3561,0.3517,0.3546,8933657.120000001
1737864000,0.3546,0.3573,0.3532,0.3546,7727609.52
1737878400,0.3546,0.3553,0.349,0.3517,9236003.8
1737892800,0.3517,0.3526,0.35,0.351,7811801.52
1737907200,0.351,0.3541,0.3498,0.353,9485397.16
1737921600,0.353,0.3536,0.335,0.3359,28983991.82
1737936000,0.3359,0.337,0.3248,0.3298,54785591.76
1737950400,0.3298,0.3299,0.3051,0.315,50658432.01
1737964800,0.315,0.317,0.3078,0.3119,33798839.1
1737979200,0.3119,0.3288,0.3104,0.3264,47236092.99
1737993600,0.3264,0.3299,0.3171,0.3215,31058266.93
1738008000,0.3215,0.3355,0.3215,0.3339,26776619.64
1738022400,0.3339,0.3376,0.3292,0.3348,21394412.65
1738036800,0.3348,0.339,0.3332,0.3344,9915025.62
1738051200,0.3344,0.3361,0.3322,0.3335,7661682.37
1738065600,0.3335,0.3372,0.3283,0.3332,20801667.14
1738080000,0.3332,0.3334,0.3228,0.3261,17162902.380000003
1738094400,0.3261,0.327,0.3149,0.3185,36102142.58
1738108800,0.3185,0.3292,0.318,0.3276,17078784.25
1738123200,0.3276,0.3326,0.326,0.3322,8510531.129999999
1738137600,0.3322,0.3335,0.3251,0.3275,8920125.94
1738152000,0.3275,0.3289,0.3219,0.3242,15142262.66
1738166400,0.3242,0.3327,0.3168,0.3283,37961198.62
1738180800,0.3283,0.3345,0.3234,0.324,26602803.3
1738195200,0.324,0.3335,0.3221,0.3331,13371109.46
1738209600,0.3331,0.3336,0.3298,0.3311,15215404.93
1738224000,0.3311,0.3334,0.3293,0.3323,7386090.31
1738238400,0.3323,0.3389,0.33,0.3366,21758937.79
1738252800,0.3366,0.3372,0.3322,0.3348,13869812.57
1738267200,0.3348,0.3352,0.3307,0.3315,11919912.94
1738281600,0.3315,0.3326,0.326,0.3279,11228150.71
1738296000,0.3279,0.3308,0.3257,0.3282,6690928.5
1738310400,0.3282,0.332,0.326,0.3313,6898389.43
1738324800,0.3313,0.3417,0.3306,0.3396,30634580.52
1738339200,0.3396,0.3409,0.3241,0.3278,29338873.9
1738353600,0.3278,0.3303,0.3234,0.3289,13214823.36
1738368000,0.3289,0.3321,0.3266,0.3274,11918733.31
1738382400,0.3274,0.3298,0.3252,0.3256,5125398.2
1738396800,0.3256,0.3262,0.3202,0.3252,7131601.75
1738411200,0.3252,0.3261,0.3198,0.322,10635179.69
1738425600,0.322,0.3233,0.3133,0.3152,12683313.88
1738440000,0.3152,0.3156,0.3035,0.3078,35822935.59
1738454400,0.3078,0.3147,0.2973,0.2987,38061718.99
1738468800,0.2987,0.3064,0.2971,0.3001,27190111.25
1738483200,0.3001,0.3047,0.2885,0.2913,23933747.9
1738497600,0.2913,0.2992,0.2901,0.2945,21020447.32
1738512000,0.2945,0.2947,0.2629,0.2744,116238177.53
1738526400,0.2744,0.2789,0.25,0.268,75924402.97999999
1738540800,0.268,0.2682,0.2012,0.2342,201556010.49
1738555200,0.2342,0.2569,0.2224,0.2562,74436366.22999999
1738569600,0.2562,0.2621,0.2455,0.2542,47035594.44
1738584000,0.2542,0.2728,0.2406,0.2695,98758385.5
1738598400,0.2695,0.2891,0.2668,0.2877,82687303.27000001
1738612800,0.2877,0.2933,0.2751,0.2852,65942345.16
1738627200,0.2852,0.2892,0.2789,0.2815,29113433.64
1738641600,0.2815,0.2833,0.2563,0.26,57024276.3
1738656000,0.26,0.2728,0.258,0.2679,25187942.77
1738670400,0.2679,0.2762,0.263,0.269,48124753.36
1738684800,0.269,0.2767,0.2656,0.2657,36198188.67
1738699200,0.2657,0.268,0.2553,0.2636,43999007.370000005
1738713600,0.2636,0.267,0.2609,0.2641,18902547.22
1738728000,0.2641,0.2684,0.2623,0.2656,11976767.47
1738742400,0.2656,0.2683,0.2635,0.2681,7609624.84
1738756800,0.2681,0.2692,0.2612,0.2633,16775289.73
1738771200,0.2633,0.2639,0.2537,0.2594,26301289.89
1738785600,0.2594,0.2606,0.2534,0.2561,15679807.22
1738800000,0.2561,0.2604,0.2549,0.2601,11583073.77
1738814400,0.2601,0.266,0.2595,0.2633,9063467.72
1738828800,0.2633,0.2652,0.26,0.2628,7855574.33
1738843200,0.2628,0.2634,0.2476,0.2493,25262809.08
1738857600,0.2493,0.2518,0.243,0.244,27736889.79
1738872000,0.244,0.2508,0.2435,0.2479,15073808.57
1738886400,0.2479,0.2543,0.2476,0.2517,11932555.04
1738900800,0.2517,0.2534,0.2461,0.249,7754619.12
1738915200,0.249,0.2557,0.2478,0.2557,8587243.469999999
1738929600,0.2557,0.2618,0.2513,0.2546,30127844.05
1738944000,0.2546,0.2553,0.2488,0.251,15768911.99
1738958400,0.251,0.2511,0.2387,0.2466,22404310.25
1738972800,0.2466,0.2501,0.2458,0.2468,10377413.18
1738987200,0.2468,0.2491,0.2446,0.2481,5146687.99
1739001600,0.2481,0.2488,0.2461,0.2483,3111358.34
1739016000,0.2483,0.2515,0.2468,0.2486,5997804.04
1739030400,0.2486,0.2541,0.2475,0.2525,7843635.14
1739044800,0.2525,0.2542,0.2506,0.253,5164936.74
1739059200,0.253,0.26,0.2521,0.2593,9077959.0
1739073600,0.2593,0.2593,0.2551,0.2559,6903450.5
1739088000,0.2559,0.2582,0.2541,0.2541,6931638.24
1739102400,0.2541,0.2554,0.2487,0.2533,13471738.65
1739116800,0.2533,0.2548,0.2487,0.2496,6815950.550000001
1739131200,0.2496,0.2526,0.2398,0.249,26208923.06
1739145600,0.249,0.2536,0.2417,0.2481,19368718.37
1739160000,0.2481,0.2525,0.2471,0.2509,8260588.96
1739174400,0.2509,0.2535,0.2498,0.2514,6897686.609999999
1739188800,0.2514,0.2554,0.2488,0.2515,13246245.5
1739203200,0.2515,0.2554,0.2512,0.2534,15550547.23
1739217600,0.2534,0.2565,0.2525,0.2554,5930564.95
1739232000,0.2554,0.2607,0.2551,0.2579,13440847.85
1739246400,0.2579,0.2701,0.2576,0.2665,19632033.14
1739260800,0.2665,0.2683,0.2638,0.2652,10384299.87
1739275200,0.2652,0.2654,0.2553,0.2591,18627015.82
1739289600,0.2591,0.2604,0.2484,0.2504,18105664.57
1739304000,0.2504,0.2565,0.25,0.2531,12376686.87
1739318400,0.2531,0.2548,0.2496,0.2507,11902142.14
1739332800,0.2507,0.2543,0.2495,0.2535,8716144.39
1739347200,0.2535,0.2571,0.253,0.2561,6670187.8
1739361600,0.2561,0.2604,0.2468,0.2544,38640873.93
1739376000,0.2544,0.2623,0.2506,0.2617,25261326.86
1739390400,0.2617,0.2673,0.2607,0.2642,31626729.18
1739404800,0.2642,0.2672,0.2623,0.2653,15068227.86
1739419200,0.2653,0.2655,0.257,0.2584,10997515.26
1739433600,0.2584,0.2595,0.256,0.2575,5550765.9
1739448000,0.2575,0.2585,0.2534,0.2574,18057470.1
1739462400,0.2574,0.2596,0.2541,0.2562,13100600.17
1739476800,0.2562,0.2647,0.2561,0.2625,19191072.34
1739491200,0.2625,0.2654,0.2609,0.2639,12523100.23
1739505600,0.2639,0.2644,0.2608,0.264,6677751.42
1739520000,0.264,0.275,0.264,0.2715,28649772.24
1739534400,0.2715,0.2759,0.2665,0.2722,23480252.97
1739548800,0.2722,0.2865,0.2699,0.2764,43118216.71
1739563200,0.2764,0.2776,0.2677,0.2718,16957996.03
1739577600,0.2718,0.2832,0.2701,0.2788,24574786.36
1739592000,0.2788,0.281,0.2739,0.2754,10631265.14
1739606400,0.2754,0.2809,0.2754,0.2775,8885706.41
1739620800,0.2775,0.2799,0.2716,0.2753,17969568.92
1739635200,0.2753,0.2762,0.2702,0.2708,18008937.61
1739649600,0.2708,0.2726,0.2683,0.2717,7936268.15
1739664000,0.2717,0.2743,0.2691,0.271,6498871.98
1739678400,0.271,0.2732,0.2691,0.2696,7639874.73
1739692800,0.2696,0.2714,0.2676,0.271,6654462.38
1739707200,0.271,0.271,0.265,0.2677,8213512.24
1739721600,0.2677,0.2682,0.2637,0.2665,9586595.84
1739736000,0.2665,0.268,0.2643,0.2656,6470675.59
1739750400,0.2656,0.2688,0.2645,0.2658,7893989.6
1739764800,0.2658,0.2658,0.2588,0.2597,13392799.3
1739779200,0.2597,0.2655,0.2585,0.2635,8126272.539999999
1739793600,0.2635,0.2687,0.2596,0.2603,11115689.41
1739808000,0.2603,0.2616,0.2538,0.2568,19793286.0
1739822400,0.2568,0.2614,0.2565,0.2582,9945527.44
1739836800,0.2582,0.2598,0.256,0.2578,6334596.100000001
1739851200,0.2578,0.258,0.247,0.2506,40326824.27
1739865600,0.2506,0.2538,0.2482,0.2511,8747689.04
1739880000,0.2511,0.2559,0.2448,0.2468,15869709.64
1739894400,0.2468,0.2486,0.242,0.2468,22496167.74
1739908800,0.2468,0.2513,0.2455,0.2512,8257157.649999999
1739923200,0.2512,0.2534,0.2488,0.2527,7346625.68
1739937600,0.2527,0.2545,0.2492,0.2538,8663408.48
1739952000,0.2538,0.2554,0.2519,0.2551,5063783.25
1739966400,0.2551,0.2554,0.2499,0.2523,8253918.34
1739980800,0.2523,0.2549,0.2503,0.2519,6502089.42
1739995200,0.2519,0.2552,0.2509,0.2548,7958547.189999999
1740009600,0.2548,0.2572,0.2541,0.2558,8409139.24
1740024000,0.2558,0.2571,0.2537,0.2547,4362834.42
1740038400,0.2547,0.2556,0.2526,0.2551,5109344.72
1740052800,0.2551,0.2576,0.2506,0.2509,8317339.960000001
1740067200,0.2509,0.255,0.2499,0.2545,9303603.73
1740081600,0.2545,0.2559,0.2515,0.2548,6442626.38
1740096000,0.2548,0.2552,0.2519,0.2521,5144414.65
1740110400,0.2521,0.2547,0.2521,0.2532,3283111.3600000003
1740124800,0.2532,0.2583,0.253,0.2552,6012315.19
1740139200,0.2552,0.2612,0.2497,0.2524,17859412.21
1740153600,0.2524,0.2554,0.2381,0.24,27169435.200000003
1740168000,0.24,0.2415,0.2342,0.2395,18455413.45
1740182400,0.2395,0.2442,0.238,0.2419,10664029.5
1740196800,0.2419,0.2452,0.2414,0.2439,5897291.26
1740211200,0.2439,0.2451,0.243,0.244,3513100.69
1740225600,0.244,0.2463,0.2431,0.2457,5986361.970000001
1740240000,0.2457,0.2478,0.245,0.2471,6404002.63
1740254400,0.2471,0.2474,0.2457,0.2466,3181378.05
1740268800,0.2466,0.2468,0.2436,0.2441,4137144.9
1740283200,0.2441,0.2476,0.2433,0.247,2603914.38
1740297600,0.247,0.2471,0.2444,0.2447,3051753.45
1740312000,0.2447,0.2455,0.2405,0.2408,6714089.27
1740326400,0.2408,0.2432,0.2407,0.2412,3626664.85
1740340800,0.2412,0.2438,0.2405,0.2429,3991881.8
1740355200,0.2429,0.244,0.2282,0.2303,17383668.09
1740369600,0.2303,0.2339,0.2265,0.2333,11584526.64
1740384000,0.2333,0.2334,0.2275,0.2313,9387024.69
1740398400,0.2313,0.2326,0.2225,0.2254,20720847.92
1740412800,0.2254,0.2282,0.2187,0.222,16597319.85
1740427200,0.222,0.2251,0.2061,0.2104,40142924.69
1740441600,0.2104,0.2139,0.2038,0.2105,27892331.86
1740456000,0.2105,0.2129,0.1974,0.2039,32869039.44
1740470400,0.2039,0.2073,0.1954,0.2065,32798742.47
1740484800,0.2065,0.2097,0.198,0.2032,30773089.79
1740499200,0.2032,0.2086,0.1998,0.2084,19892081.32
1740513600,0.2084,0.2145,0.2069,0.2113,19532849.55
1740528000,0.2113,0.2138,0.2081,0.2118,10652102.61
1740542400,0.2118,0.2136,0.2082,0.21,6445509.43
1740556800,0.21,0.2138,0.2082,0.2098,5932200.37
1740571200,0.2098,0.2129,0.2018,0.2097,18438671.25
1740585600,0.2097,0.2108,0.1958,0.1985,28203372.49
1740600000,0.1985,0.2074,0.1961,0.2032,20025389.42
1740614400,0.2032,0.2066,0.2007,0.2061,9354239.93
1740628800,0.2061,0.2103,0.2041,0.2085,9482669.57
1740643200,0.2085,0.2113,0.2073,0.2091,6533437.24
1740657600,0.2091,0.2104,0.2048,0.209,10014576.52
1740672000,0.209,0.2109,0.204,0.2048,11326587.83
1740686400,0.2048,0.2075,0.2008,0.2067,11925720.76
1740700800,0.2067,0.207,0.1888,0.1894,39271248.55
1740715200,0.1894,0.1901,0.1829,0.1851,28830320.9
1740729600,0.1851,0.1888,0.1814,0.1858,15057736.31
1740744000,0.1858,0.1994,0.1845,0.1975,23915323.15
1740758400,0.1975,0.2023,0.1956,0.201,17094808.78
1740772800,0.201,0.2025,0.1989,0.2017,10178425.92
1740787200,0.2017,0.2069,0.1993,0.2061,9397142.51
1740801600,0.2061,0.2089,0.2036,0.204,7436888.74
1740816000,0.204,0.2063,0.2015,0.2029,4465584.46
1740830400,0.2029,0.2034,0.1994,0.202,7021720.62
1740844800,0.202,0.2049,0.2009,0.2042,7488396.75
1740859200,0.2042,0.2077,0.2031,0.2067,7431862.34
1740873600,0.2067,0.2082,0.2047,0.2064,6978311.5
1740888000,0.2064,0.2084,0.2048,0.207,3636706.33
1740902400,0.207,0.2098,0.2054,0.2077,5484405.18
1740916800,0.2077,0.2185,0.2016,0.2108,23409745.880000003
1740931200,0.2108,0.2358,0.2106,0.232,87601476.98
1740945600,0.232,0.2422,0.2305,0.2394,28069511.97
1740960000,0.2394,0.2405,0.2256,0.2273,24178198.05
1740974400,0.2273,0.2289,0.2167,0.2225,20707344.32
1740988800,0.2225,0.2226,0.2154,0.2196,11029722.49
1741003200,0.2196,0.2248,0.2124,0.215,23505195.19
1741017600,0.215,0.2176,0.1975,0.1986,36425679.09
1741032000,0.1986,0.2009,0.1932,0.199,34700643.660000004
1741046400,0.199,0.2011,0.1853,0.1911,31975497.53
1741060800,0.1911,0.195,0.1905,0.1918,12387459.63
1741075200,0.1918,0.1952,0.1909,0.1933,6032341.3
1741089600,0.1933,0.2002,0.1878,0.1928,29478893.49
1741104000,0.1928,0.2011,0.1829,0.2005,32321141.74
1741118400,0.2005,0.2022,0.1962,0.1991,10986407.65
1741132800,0.1991,0.2043,0.1971,0.1994,10281233.52
1741147200,0.1994,0.2006,0.1964,0.1997,9935427.47
1741161600,0.1997,0.2066,0.1994,0.2028,11232114.2
1741176000,0.2028,0.2055,0.1982,0.1999,13253334.22
1741190400,0.1999,0.2047,0.1978,0.204,10744003.49
1741204800,0.204,0.2056,0.2033,0.2048,8901009.24
1741219200,0.2048,0.2094,0.2024,0.2084,10445450.74
1741233600,0.2084,0.22,0.2077,0.2088,22996942.92
1741248000,0.2088,0.2118,0.208,0.2112,8770434.93
1741262400,0.2112,0.2117,0.2028,0.2067,17401274.24
1741276800,0.2067,0.2074,0.199,0.1998,16099673.74
1741291200,0.1998,0.2048,0.1994,0.2015,8336293.359999999
1741305600,0.2015,0.204,0.1903,0.1963,25100271.91
1741320000,0.1963,0.2011,0.1962,0.2008,5840307.08
1741334400,0.2008,0.2056,0.1997,0.2043,6316848.93
1741348800,0.2043,0.2087,0.2019,0.205,17284333.38
1741363200,0.205,0.2071,0.1984,0.2053,15226737.46
1741377600,0.2053,0.2072,0.1959,0.1983,21168818.76
1741392000,0.1983,0.2008,0.1953,0.1974,6627562.67
1741406400,0.1974,0.1995,0.196,0.1964,4316490.76
1741420800,0.1964,0.1971,0.1931,0.1942,4737770.46
1741435200,0.1942,0.1966,0.1934,0.1946,6882489.98
1741449600,0.1946,0.1954,0.191,0.1949,9647638.01
1741464000,0.1949,0.1953,0.1915,0.1922,3611830.48
1741478400,0.1922,0.1942,0.1894,0.1908,5090519.42
1741492800,0.1908,0.1919,0.1887,0.1913,4168289.54
1741507200,0.1913,0.1914,0.1838,0.1852,7989076.74
1741521600,0.1852,0.1852,0.1761,0.1773,17091932.66
1741536000,0.1773,0.1778,0.1654,0.1715,38989985.74
1741550400,0.1715,0.1727,0.1656,0.168,15272015.1
1741564800,0.168,0.174,0.1646,0.1718,11723346.42
1741579200,0.1718,0.175,0.1717,0.1739,5318742.8100000005
1741593600,0.1739,0.1809,0.1706,0.1773,15607559.89
1741608000,0.1773,0.1784,0.164,0.1671,24167523.96
1741622400,0.1671,0.1678,0.1504,0.1573,49068251.04
1741636800,0.1573,0.1584,0.1535,0.1539,14831716.4
1741651200,0.1539,0.1567,0.1428,0.1545,39582347.46
1741665600,0.1545,0.1602,0.154,0.1587,13907188.71
1741680000,0.1587,0.1627,0.1584,0.1616,10257663.15
1741694400,0.1616,0.1628,0.1528,0.1611,37799621.84
1741708800,0.1611,0.1686,0.1587,0.1683,29243973.16
1741723200,0.1683,0.1685,0.1639,0.1645,10315780.13
1741737600,0.1645,0.1683,0.1609,0.1611,12971370.55
1741752000,0.1611,0.1659,0.1595,0.1654,10902270.34
1741766400,0.1654,0.1694,0.1649,0.1686,12940996.78
1741780800,0.1686,0.1739,0.1614,0.1652,32330006.8
1741795200,0.1652,0.1699,0.1648,0.1692,12275400.23
1741809600,0.1692,0.1726,0.1686,0.1724,7895715.470000001
1741824000,0.1724,0.173,0.1699,0.1704,9985746.39
1741838400,0.1704,0.1712,0.1665,0.1698,8631525.32
1741852800,0.1698,0.1726,0.1682,0.1705,8109573.59
1741867200,0.1705,0.1724,0.1654,0.166,19629434.59
1741881600,0.166,0.1665,0.1622,0.1628,13162862.63
1741896000,0.1628,0.1666,0.1617,0.1651,7907014.22
1741910400,0.1651,0.1692,0.1646,0.1688,8461143.73
1741924800,0.1688,0.1694,0.1678,0.1684,4365776.25
1741939200,0.1684,0.1703,0.1681,0.1698,3919420.38
1741953600,0.1698,0.1762,0.1689,0.1734,16655859.72
1741968000,0.1734,0.1741,0.1703,0.171,10659744.68
1741982400,0.171,0.1736,0.1693,0.1719,4741588.720000001
1741996800,0.1719,0.1739,0.1712,0.1738,4306052.25
1742011200,0.1738,0.1752,0.1716,0.1722,4524926.95
1742025600,0.1722,0.1746,0.1714,0.1743,2775370.88
1742040000,0.1743,0.1777,0.1739,0.1768,6565114.14
1742054400,0.1768,0.1778,0.1745,0.1754,5241620.37
1742068800,0.1754,0.1774,0.1753,0.176,3749458.92
1742083200,0.176,0.1768,0.173,0.1747,6116209.46
1742097600,0.1747,0.1766,0.1743,0.1755,2427166.1
1742112000,0.1755,0.1757,0.1669,0.1675,7412113.45
1742126400,0.1675,0.1692,0.1658,0.1682,7266090.109999999
1742140800,0.1682,0.1723,0.1675,0.1683,10098659.12
1742155200,0.1683,0.1697,0.1666,0.1682,5869481.33
1742169600,0.1682,0.1731,0.168,0.1729,5408759.35
1742184000,0.1729,0.1736,0.1699,0.1727,5328702.63
1742198400,0.1727,0.1748,0.1718,0.173,3540445.06
1742212800,0.173,0.1741,0.1698,0.1722,11012998.33
1742227200,0.1722,0.1762,0.1712,0.1749,9301244.86
1742241600,0.1749,0.1751,0.173,0.1734,3768791.97
1742256000,0.1734,0.1735,0.167,0.1678,9148573.32
1742270400,0.1678,0.1689,0.1654,0.1678,6554348.07
1742284800,0.1678,0.1697,0.1661,0.1664,3771068.75
1742299200,0.1664,0.1672,0.1627,0.1637,8057488.14
1742313600,0.1637,0.1664,0.1629,0.1663,5355841.5600000005
1742328000,0.1663,0.1686,0.1653,0.168,4391727.62
1742342400,0.168,0.1695,0.1668,0.1688,3319260.17
1742356800,0.1688,0.1689,0.1672,0.1672,2185423.02
1742371200,0.1672,0.1717,0.1672,0.171,6458316.13
1742385600,0.171,0.174,0.169,0.1734,13995454.86
1742400000,0.1734,0.176,0.1685,0.1741,19529877.85
1742414400,0.1741,0.1788,0.1736,0.1781,8979355.26
1742428800,0.1781,0.1792,0.1754,0.1757,8406266.55
1742443200,0.1757,0.1759,0.1736,0.1743,3831521.74
1742457600,0.1743,0.1762,0.1709,0.172,5968568.1
1742472000,0.172,0.1742,0.1696,0.1697,10108467.08
1742486400,0.1697,0.1703,0.1666,0.1693,7195203.94
1742500800,0.1693,0.1701,0.1683,0.1693,4026754.03
1742515200,0.1693,0.1715,0.1688,0.1694,4977119.45
1742529600,0.1694,0.1707,0.1675,0.1684,4178916.91
1742544000,0.1684,0.1691,0.166,0.1674,3710000.01
1742558400,0.1674,0.1681,0.1646,0.1654,8864538.42
1742572800,0.1654,0.1691,0.1651,0.1683,5562940.17
1742587200,0.1683,0.1696,0.1668,0.1672,4231805.73
1742601600,0.1672,0.169,0.167,0.1687,2402877.7800000003
1742616000,0.1687,0.1695,0.1685,0.1689,2369379.67
1742630400,0.1689,0.1697,0.1682,0.1688,2359961.81
1742644800,0.1688,0.169,0.1673,0.1681,2371120.0300000003
1742659200,0.1681,0.1696,0.1676,0.169,2738092.23
1742673600,0.169,0.1693,0.1666,0.1674,2518000.56
1742688000,0.1674,0.1689,0.1671,0.1687,1893136.09
1742702400,0.1687,0.1704,0.1674,0.1696,5863564.220000001
1742716800,0.1696,0.1721,0.1696,0.171,3507878.75
1742731200,0.171,0.1723,0.1703,0.172,4173708.61
1742745600,0.172,0.1721,0.1697,0.171,3012950.1
1742760000,0.171,0.1726,0.1702,0.1726,2866171.85
1742774400,0.1726,0.1747,0.1707,0.1737,7844173.62
1742788800,0.1737,0.176,0.1737,0.1749,5424122.99
1742803200,0.1749,0.1772,0.1748,0.177,6090263.84
1742817600,0.177,0.1846,0.1755,0.1834,16468745.2
1742832000,0.1834,0.1887,0.1805,0.1865,21687328.59
1742846400,0.1865,0.1891,0.182,0.183,13952907.62
1742860800,0.183,0.1879,0.1815,0.182,12924718.95
1742875200,0.182,0.1852,0.1808,0.183,5910012.6
1742889600,0.183,0.1872,0.1826,0.186,7300379.55
1742904000,0.186,0.1936,0.1846,0.1909,31343303.16
1742918400,0.1909,0.1934,0.1888,0.1912,22517022.21
1742932800,0.1912,0.1932,0.1889,0.1907,14621260.65
1742947200,0.1907,0.196,0.1894,0.1903,16379134.91
1742961600,0.1903,0.202,0.1902,0.2013,13375967.2
1742976000,0.2013,0.2058,0.2007,0.2034,21234777.37
1742990400,0.2034,0.2038,0.1948,0.1963,20226456.89
1743004800,0.1963,0.1977,0.1917,0.1942,24672609.770000003
1743019200,0.1942,0.1979,0.1921,0.1949,15652357.72
1743033600,0.1949,0.2006,0.1928,0.1994,11599258.4
1743048000,0.1994,0.1996,0.1953,0.1961,6823419.779999999
1743062400,0.1961,0.1977,0.1926,0.1933,7780612.59
1743076800,0.1933,0.1951,0.189,0.1921,24079827.08
1743091200,0.1921,0.1931,0.1877,0.1909,15049951.15
1743105600,0.1909,0.1933,0.1901,0.1904,5500548.02
1743120000,0.1904,0.1928,0.1876,0.1894,8443165.870000001
1743134400,0.1894,0.1898,0.1812,0.1815,18882409.35
1743148800,0.1815,0.1828,0.1791,0.1817,17301455.27
1743163200,0.1817,0.1824,0.1779,0.1794,20200527.91
1743177600,0.1794,0.1812,0.1784,0.1785,13064480.57
1743192000,0.1785,0.1815,0.1772,0.1801,10542041.3
1743206400,0.1801,0.1825,0.175,0.1786,9356920.59
1743220800,0.1786,0.1796,0.1738,0.1747,7370172.38
1743235200,0.1747,0.1755,0.1684,0.1698,13323601.72
1743249600,0.1698,0.1726,0.1694,0.1698,8934553.4
1743264000,0.1698,0.1704,0.1658,0.1693,13498736.32
1743278400,0.1693,0.1698,0.1669,0.1695,6951500.430000001
1743292800,0.1695,0.1725,0.1679,0.1707,11189262.72
1743307200,0.1707,0.1721,0.1699,0.1705,4154456.74
1743321600,0.1705,0.1721,0.169,0.1697,4355859.46
1743336000,0.1697,0.1709,0.1675,0.1685,6710881.19
1743350400,0.1685,0.1711,0.1661,0.1693,9482310.8
1743364800,0.1693,0.1695,0.1644,0.1665,7480195.290000001
1743379200,0.1665,0.168,0.1628,0.1647,13138503.62
1743393600,0.1647,0.1673,0.1623,0.1634,7171358.56
1743408000,0.1634,0.1649,0.1601,0.1633,11852730.31
1743422400,0.1633,0.1683,0.1608,0.1671,18194181.72
1743436800,0.1671,0.1681,0.1641,0.1658,11369131.81
1743451200,0.1658,0.1669,0.1643,0.1666,5594047.01
1743465600,0.1666,0.1697,0.166,0.1685,8367900.94
1743480000,0.1685,0.1709,0.1678,0.1696,6535250.22
1743494400,0.1696,0.1752,0.1696,0.1705,12914111.04
1743508800,0.1705,0.1756,0.1672,0.1749,19073575.33
1743523200,0.1749,0.1757,0.1711,0.1721,8146178.92
1743537600,0.1721,0.175,0.171,0.174,6214549.109999999
1743552000,0.174,0.1741,0.1699,0.1711,8710703.31
1743566400,0.1711,0.1721,0.1677,0.1697,5691318.970000001
1743580800,0.1697,0.1735,0.169,0.1713,6583861.2
1743595200,0.1713,0.1781,0.1694,0.1762,23272011.77
1743609600,0.1762,0.1765,0.1706,0.1743,11455102.71
1743624000,0.1743,0.1798,0.162,0.1638,38726785.01
1743638400,0.1638,0.1667,0.1631,0.1661,7654858.62
1743652800,0.1661,0.1674,0.1634,0.1643,6706508.8100000005
1743667200,0.1643,0.165,0.1595,0.1605,9336370.66
1743681600,0.1605,0.161,0.1553,0.1584,20888033.12
1743696000,0.1584,0.1599,0.157,0.1587,7359035.729999999
1743710400,0.1587,0.1622,0.1579,0.1622,5350205.01
1743724800,0.1622,0.1633,0.1601,0.1626,6209978.05
1743739200,0.1626,0.1668,0.1617,0.1663,5425208.72
1743753600,0.1663,0.1676,0.16,0.1623,15712516.74
1743768000,0.1623,0.1715,0.1616,0.1674,27012894.78
1743782400,0.1674,0.1721,0.167,0.1698,19634567.68
1743796800,0.1698,0.1727,0.1686,0.1712,6851540.37
1743811200,0.1712,0.1716,0.1692,0.1693,4507873.99
1743825600,0.1693,0.17,0.168,0.1693,3415022.39
1743840000,0.1693,0.1707,0.1686,0.1701,3632680.71
1743854400,0.1701,0.1706,0.1661,0.1672,6603668.48
1743868800,0.1672,0.1687,0.1669,0.1675,2502175.99
1743883200,0.1675,0.1692,0.1672,0.1689,2429951.51
1743897600,0.1689,0.1699,0.1671,0.1676,4179653.92
1743912000,0.1676,0.1679,0.1649,0.165,3021155.19
1743926400,0.165,0.1654,0.1636,0.1643,2729557.25
1743940800,0.1643,0.1645,0.1595,0.1618,9100609.68
1743955200,0.1618,0.1618,0.1505,0.1526,25772366.86
1743969600,0.1526,0.1532,0.1458,0.1492,31423778.58
1743984000,0.1492,0.1514,0.1402,0.142,27270727.45
1743998400,0.142,0.1431,0.1298,0.1322,38369597.32
1744012800,0.1322,0.1415,0.1317,0.1381,20592815.59
1744027200,0.1381,0.1539,0.1372,0.147,66028921.61
1744041600,0.147,0.1496,0.1438,0.1466,29570780.48
1744056000,0.1466,0.1523,0.1465,0.1495,12915333.64
1744070400,0.1495,0.1532,0.1469,0.1513,12717605.25
1744084800,0.1513,0.1526,0.1483,0.1507,8503959.73
1744099200,0.1507,0.1563,0.1497,0.156,8670165.96
1744113600,0.156,0.157,0.1501,0.1508,23273630.72
1744128000,0.1508,0.151,0.1418,0.1428,23086211.9
1744142400,0.1428,0.1446,0.141,0.1421,8133782.76
1744156800,0.1421,0.1435,0.1364,0.1387,18076387.79
1744171200,0.1387,0.1475,0.1384,0.1468,14534087.36
1744185600,0.1468,0.1481,0.1431,0.1438,13020191.6
1744200000,0.1438,0.1491,0.1429,0.146,16252059.23
1744214400,0.146,0.1621,0.1457,0.1602,40861589.010000005
1744228800,0.1602,0.1643,0.1599,0.1603,10398976.94
1744243200,0.1603,0.1604,0.1535,0.1554,13277883.52
1744257600,0.1554,0.1583,0.1544,0.1561,9440505.66
1744272000,0.1561,0.1569,0.1549,0.1562,5310854.79
1744286400,0.1562,0.1585,0.1491,0.1495,17603920.83
1744300800,0.1495,0.1547,0.1488,0.1537,15080013.420000002
1744315200,0.1537,0.1556,0.153,0.1535,5213814.28
1744329600,0.1535,0.1575,0.1532,0.1566,7970574.76
1744344000,0.1566,0.1581,0.1557,0.1571,5075337.81
1744358400,0.1571,0.16,0.1561,0.1579,7611352.11
1744372800,0.1579,0.1599,0.1568,0.1586,10367277.94
1744387200,0.1586,0.161,0.1577,0.1597,7468519.439999999
1744401600,0.1597,0.1624,0.1594,0.16,4281195.85
1744416000,0.16,0.1601,0.1577,0.1586,3778365.28
1744430400,0.1586,0.1646,0.1585,0.1629,5913105.69
1744444800,0.1629,0.1642,0.1616,0.1618,2857063.37
1744459200,0.1618,0.1688,0.1615,0.1674,13131632.239999998
1744473600,0.1674,0.1682,0.1648,0.1663,6994115.54
1744488000,0.1663,0.1695,0.1662,0.1676,7103722.140000001
1744502400,0.1676,0.1686,0.1651,0.1665,4081912.12
1744516800,0.1665,0.1665,0.1639,0.1641,4645478.85
1744531200,0.1641,0.1684,0.1635,0.1651,6173408.5
1744545600,0.1651,0.1656,0.161,0.1623,6331729.67
1744560000,0.1623,0.168,0.1611,0.1629,10602171.56
1744574400,0.1629,0.1655,0.1611,0.1625,7008021.48
1744588800,0.1625,0.1694,0.1622,0.1654,11759700.9
1744603200,0.1654,0.168,0.1627,0.1644,4319019.7
1744617600,0.1644,0.1662,0.1627,0.166,4272796.779999999
1744632000,0.166,0.1668,0.1595,0.1603,10181512.25
1744646400,0.1603,0.1616,0.1591,0.1599,8401004.98
1744660800,0.1599,0.1601,0.1574,0.1585,5080963.95
1744675200,0.1585,0.1609,0.1574,0.1608,4438748.99
1744689600,0.1608,0.1612,0.1588,0.1601,2366675.06
1744704000,0.1601,0.1609,0.1581,0.1587,4292519.0200000005
1744718400,0.1587,0.1613,0.1547,0.1558,12519007.65
1744732800,0.1558,0.157,0.1545,0.155,5010832.66
1744747200,0.155,0.1563,0.1531,0.1536,6584761.98
1744761600,0.1536,0.1559,0.1522,0.155,5884778.49
1744776000,0.155,0.1555,0.1525,0.1528,2840135.89
1744790400,0.1528,0.1543,0.1514,0.1533,3519314.09
1744804800,0.1533,0.1564,0.1519,0.1551,8080077.48
1744819200,0.1551,0.1567,0.1503,0.1556,10792415.44
1744833600,0.1556,0.1573,0.1542,0.1547,5428868.23
1744848000,0.1547,0.157,0.1541,0.1553,3585834.3200000003
1744862400,0.1553,0.1578,0.1549,0.1567,2610047.21
1744876800,0.1567,0.1571,0.1555,0.1565,1784828.03
1744891200,0.1565,0.1573,0.153,0.1552,4199157.8
1744905600,0.1552,0.1594,0.1546,0.1568,5431497.49
1744920000,0.1568,0.1576,0.1552,0.1559,2694144.75
1744934400,0.1559,0.1561,0.1536,0.1548,3239080.7800000003
1744948800,0.1548,0.1554,0.1542,0.1551,1464897.77
1744963200,0.1551,0.1562,0.1548,0.1555,1651099.6
1744977600,0.1555,0.1568,0.1552,0.1564,3069128.33
1744992000,0.1564,0.1588,0.1562,0.1579,4958638.7700000005
1745006400,0.1579,0.1589,0.1574,0.1576,2582937.61
1745020800,0.1576,0.1597,0.157,0.1594,4280206.859999999
1745035200,0.1594,0.1608,0.1583,0.159,3047636.99
1745049600,0.159,0.1593,0.1577,0.158,1524686.29
1745064000,0.158,0.1589,0.1574,0.1578,2122715.0300000003
1745078400,0.1578,0.1584,0.1563,0.1573,2871425.02
1745092800,0.1573,0.1581,0.1568,0.1573,1766698.26
1745107200,0.1573,0.1593,0.1571,0.1583,2155998.24
1745121600,0.1583,0.1595,0.1565,0.157,2356869.95
1745136000,0.157,0.1571,0.1528,0.1534,3744349.37
1745150400,0.1534,0.1551,0.1526,0.1529,4371873.35
1745164800,0.1529,0.155,0.1525,0.1549,3199723.13
1745179200,0.1549,0.1573,0.1534,0.1553,6220191.46
1745193600,0.1553,0.1614,0.155,0.1602,12606547.28
1745208000,0.1602,0.1628,0.1596,0.1619,5229366.64
1745222400,0.1619,0.1628,0.1602,0.1615,3835139.77
1745236800,0.1615,0.1636,0.1596,0.1606,8707725.9
1745251200,0.1606,0.1612,0.1558,0.1585,8521838.52
1745265600,0.1585,0.1595,0.1574,0.1594,3384597.23
1745280000,0.1594,0.1624,0.1573,0.161,7363805.9
1745294400,0.161,0.1647,0.1603,0.1639,5224479.28
1745308800,0.1639,0.1649,0.1629,0.1641,4817329.41
1745323200,0.1641,0.1734,0.1639,0.172,29488528.71
1745337600,0.172,0.1727,0.1701,0.1719,13728618.98
1745352000,0.1719,0.18,0.1716,0.1787,21324939.1
1745366400,0.1787,0.1848,0.1787,0.1822,18047128.93
1745380800,0.1822,0.1852,0.1801,0.1822,9687838.23
1745395200,0.1822,0.184,0.1807,0.1823,6918735.3
1745409600,0.1823,0.1855,0.1749,0.1784,28688109.02
1745424000,0.1784,0.1817,0.1767,0.1785,13497734.62
1745438400,0.1785,0.18,0.1774,0.1787,5218948.35
1745452800,0.1787,0.1794,0.1728,0.1729,13339980.29
1745467200,0.1729,0.1746,0.172,0.1725,7389025.109999999
1745481600,0.1725,0.1741,0.1699,0.1737,7860078.35
1745496000,0.1737,0.1808,0.1729,0.1785,14741523.33
1745510400,0.1785,0.1821,0.1777,0.181,15852262.54
1745524800,0.181,0.1838,0.1794,0.1826,11427809.15
1745539200,0.1826,0.1848,0.1775,0.1805,17927490.25
1745553600,0.1805,0.183,0.1797,0.1826,7790840.33
1745568000,0.1826,0.1834,0.1803,0.183,9392591.52
1745582400,0.183,0.1863,0.1791,0.1828,28196638.18
1745596800,0.1828,0.1849,0.1803,0.1818,12966466.07
1745611200,0.1818,0.1831,0.1803,0.1818,6402489.37
1745625600,0.1818,0.1931,0.1817,0.1867,24519688.58
1745640000,0.1867,0.1878,0.1839,0.1861,6511160.42
1745654400,0.1861,0.1876,0.181,0.1816,6161751.26
1745668800,0.1816,0.1832,0.1803,0.1826,7350354.189999999
1745683200,0.1826,0.1826,0.1805,0.1813,3394526.69
1745697600,0.1813,0.1823,0.1803,0.182,3769198.87
1745712000,0.182,0.1836,0.1776,0.1796,9188828.68
1745726400,0.1796,0.1805,0.1766,0.1803,3308912.85
1745740800,0.1803,0.1826,0.1798,0.1808,3561010.96
1745755200,0.1808,0.1832,0.1792,0.1801,6743324.14
1745769600,0.1801,0.1823,0.1778,0.1823,4082348.02
1745784000,0.1823,0.1824,0.1793,0.1794,3724850.83
1745798400,0.1794,0.1799,0.1739,0.1789,13628621.06
1745812800,0.1789,0.1817,0.1788,0.1813,5096161.31
1745827200,0.1813,0.1828,0.1792,0.1818,6682101.92
1745841600,0.1818,0.1819,0.1744,0.1758,11031680.23
1745856000,0.1758,0.1795,0.1741,0.1789,7069679.76
1745870400,0.1789,0.1796,0.1774,0.1791,4579819.5600000005
1745884800,0.1791,0.1808,0.1771,0.1795,7081941.83
1745899200,0.1795,0.1806,0.1774,0.1797,4731324.64
1745913600,0.1797,0.1803,0.1778,0.1792,4449943.69
1745928000,0.1792,0.18,0.177,0.1782,5371718.74
1745942400,0.1782,0.1807,0.1778,0.1785,5631906.68
1745956800,0.1785,0.1788,0.1725,0.1747,9702800.34
1745971200,0.1747,0.1767,0.1734,0.1761,5219187.78
1745985600,0.1761,0.1764,0.1727,0.1735,4150502.01
1746000000,0.1735,0.1762,0.173,0.176,5485822.34
1746014400,0.176,0.176,0.1668,0.1698,19385662.87
1746028800,0.1698,0.1728,0.1688,0.1723,7199836.66
1746043200,0.1723,0.1744,0.172,0.1723,5149896.47
1746057600,0.1723,0.1754,0.1721,0.1741,5446388.69
1746072000,0.1741,0.1756,0.1737,0.1754,3041948.48
1746086400,0.1754,0.1796,0.1751,0.1794,8369844.65
1746100800,0.1794,0.1826,0.177,0.1807,15767746.73
1746115200,0.1807,0.1834,0.1804,0.1807,14727816.48
1746129600,0.1807,0.1826,0.1801,0.1807,9102970.21
1746144000,0.1807,0.1844,0.1799,0.1825,10922276.14
1746158400,0.1825,0.1829,0.1793,0.1794,5485669.07
1746172800,0.1794,0.1817,0.1794,0.181,2946264.03
1746187200,0.181,0.1829,0.1802,0.1815,5602874.19
1746201600,0.1815,0.1842,0.1797,0.1802,6883661.81
1746216000,0.1802,0.1825,0.1799,0.1816,4512358.72
1746230400,0.1816,0.1822,0.1801,0.1804,3371368.0700000003
1746244800,0.1804,0.181,0.1784,0.1789,5362779.0
1746259200,0.1789,0.1797,0.1774,0.1782,3692936.38
1746273600,0.1782,0.1796,0.1779,0.1786,3368887.5500000003
1746288000,0.1786,0.1786,0.1751,0.1776,9567047.49
1746302400,0.1776,0.1776,0.1753,0.1758,2650902.1
1746316800,0.1758,0.1774,0.1749,0.1752,4056210.03
1746331200,0.1752,0.1766,0.1745,0.1752,2896303.62
1746345600,0.1752,0.1753,0.1734,0.1741,3000716.66
1746360000,0.1741,0.1747,0.1724,0.1738,6075672.98
1746374400,0.1738,0.174,0.1714,0.1721,4380899.75
1746388800,0.1721,0.1731,0.17,0.1705,4596832.220000001
1746403200,0.1705,0.1718,0.1686,0.1704,6106649.07
1746417600,0.1704,0.174,0.1703,0.1736,3973774.88
1746432000,0.1736,0.1746,0.1702,0.171,3400298.3
1746446400,0.171,0.1717,0.1685,0.169,6556140.350000001
1746460800,0.169,0.1725,0.1688,0.1708,3433031.62
1746475200,0.1708,0.1723,0.1683,0.1706,3918188.5
1746489600,0.1706,0.1711,0.1669,0.1698,5566143.67
1746504000,0.1698,0.1703,0.1688,0.1694,1995570.74
1746518400,0.1694,0.1694,0.1645,0.1653,6603923.850000001
1746532800,0.1653,0.1681,0.1642,0.1666,6886240.97
1746547200,0.1666,0.1698,0.1657,0.1689,4766985.15
1746561600,0.1689,0.1726,0.1672,0.1722,8340265.07
1746576000,0.1722,0.1744,0.1703,0.1718,7111656.54
1746590400,0.1718,0.1734,0.1715,0.1733,3010364.56
1746604800,0.1733,0.174,0.1729,0.1734,2864246.36
1746619200,0.1734,0.1736,0.1706,0.1708,4106257.61
1746633600,0.1708,0.1726,0.1691,0.1699,8127567.56
1746648000,0.1699,0.173,0.1693,0.172,4868292.93
1746662400,0.172,0.1796,0.1717,0.1795,12071200.82
1746676800,0.1795,0.1828,0.1795,0.1815,11466791.2
1746691200,0.1815,0.1855,0.1815,0.1831,11047249.16
1746705600,0.1831,0.1912,0.183,0.1894,24265958.94
1746720000,0.1894,0.1928,0.1893,0.1909,15363685.1
1746734400,0.1909,0.1984,0.19,0.1982,20174998.93
1746748800,0.1982,0.1986,0.1932,0.1935,17347772.15
1746763200,0.1935,0.2087,0.193,0.2058,18673832.880000003
1746777600,0.2058,0.2144,0.202,0.2073,45848310.36
1746792000,0.2073,0.2099,0.2008,0.2041,26700890.49
1746806400,0.2041,0.2062,0.2011,0.2051,16918634.52
1746820800,0.2051,0.2061,0.2038,0.2053,6184889.15
1746835200,0.2053,0.2108,0.2034,0.2099,14345218.78
1746849600,0.2099,0.2265,0.2083,0.2242,26968569.8
1746864000,0.2242,0.2307,0.2215,0.2225,25666552.11
1746878400,0.2225,0.2292,0.2225,0.2271,14288316.65
1746892800,0.2271,0.2393,0.2265,0.2353,29436538.87
1746907200,0.2353,0.2509,0.2325,0.2507,41709079.45
1746921600,0.2507,0.2596,0.2356,0.2397,73079262.86
1746936000,0.2397,0.2426,0.2278,0.2303,29482517.22
1746950400,0.2303,0.2348,0.2294,0.2342,13835588.26
1746964800,0.2342,0.2362,0.2254,0.2268,26097827.69
1746979200,0.2268,0.2335,0.2222,0.2311,28799454.88
1746993600,0.2311,0.2346,0.2293,0.2318,13790962.59
1747008000,0.2318,0.2412,0.2306,0.2383,25685926.4
1747022400,0.2383,0.2531,0.2365,0.2441,36057546.53
1747036800,0.2441,0.2522,0.2407,0.2423,39048050.91
1747051200,0.2423,0.2465,0.2308,0.2323,51347507.400000006
1747065600,0.2323,0.2369,0.2205,0.2273,46514830.6
1747080000,0.2273,0.2339,0.2254,0.231,13488190.64
1747094400,0.231,0.2312,0.2173,0.2185,27379568.51
1747108800,0.2185,0.2258,0.2177,0.2241,10736492.16
1747123200,0.2241,0.23,0.2231,0.2281,11541094.73
1747137600,0.2281,0.2336,0.2243,0.2331,29371747.13
1747152000,0.2331,0.2432,0.233,0.2391,33367526.37
1747166400,0.2391,0.2415,0.2368,0.2408,12354264.86
1747180800,0.2408,0.2433,0.2341,0.2388,23362231.31
1747195200,0.2388,0.2475,0.2368,0.2373,16853724.169999998
1747209600,0.2373,0.2388,0.2321,0.2375,17002858.18
1747224000,0.2375,0.2387,0.2298,0.233,18307848.8
1747238400,0.233,0.235,0.2282,0.2344,13084448.0
1747252800,0.2344,0.2351,0.2309,0.2328,8134970.359999999
1747267200,0.2328,0.2368,0.2277,0.2321,15678650.8
1747281600,0.2321,0.2349,0.2226,0.2238,18100914.83
1747296000,0.2238,0.229,0.2221,0.2268,18410262.24
1747310400,0.2268,0.2294,0.2162,0.2254,32546881.05
1747324800,0.2254,0.2294,0.2191,0.2222,23703394.76
1747339200,0.2222,0.224,0.2138,0.2194,37488207.96
1747353600,0.2194,0.2272,0.2181,0.2262,21981694.7
1747368000,0.2262,0.2277,0.2238,0.2258,12896140.45
1747382400,0.2258,0.2301,0.2216,0.2273,13238715.57
1747396800,0.2273,0.2298,0.2246,0.229,14676110.52
1747411200,0.229,0.2309,0.2245,0.227,11506401.36
1747425600,0.227,0.227,0.2197,0.2212,12257555.33
1747440000,0.2212,0.2223,0.2138,0.2183,16419157.82
1747454400,0.2183,0.2202,0.216,0.2171,6702215.08
1747468800,0.2171,0.2174,0.2143,0.2156,6783781.49
1747483200,0.2156,0.2168,0.2118,0.2152,8763880.55
1747497600,0.2152,0.2164,0.2109,0.2146,9295362.25
1747512000,0.2146,0.2177,0.2122,0.2146,9883521.55
1747526400,0.2146,0.2171,0.2141,0.2158,7286440.65
1747540800,0.2158,0.2221,0.2157,0.222,8383380.54
1747555200,0.222,0.2253,0.222,0.2223,8109594.16
1747569600,0.2223,0.2375,0.2213,0.2366,18271534.18
1747584000,0.2366,0.2378,0.222,0.2225,34303714.99
1747598400,0.2225,0.2346,0.2187,0.2332,22111440.71
1747612800,0.2332,0.2358,0.2194,0.2197,23807645.4
1747627200,0.2197,0.2215,0.2143,0.218,16581020.18
1747641600,0.218,0.2182,0.2155,0.2173,6007039.6
1747656000,0.2173,0.2229,0.2139,0.2213,11950964.29
1747670400,0.2213,0.2262,0.2194,0.2244,17984655.22
1747684800,0.2244,0.2256,0.2224,0.2245,9652995.89
1747699200,0.2245,0.2308,0.2237,0.2258,16825850.37
1747713600,0.2258,0.2282,0.2219,0.2225,8408065.56
1747728000,0.2225,0.2233,0.2188,0.2209,9083498.53
1747742400,0.2209,0.2213,0.2178,0.2207,10213561.91
1747756800,0.2207,0.2255,0.2179,0.2242,15017540.7
1747771200,0.2242,0.2278,0.2228,0.2264,16674795.5
1747785600,0.2264,0.2306,0.2241,0.2292,21102143.0
1747800000,0.2292,0.2337,0.2261,0.2268,19208915.36
1747814400,0.2268,0.2279,0.2248,0.2266,8938427.59
1747828800,0.2266,0.2345,0.2256,0.2319,25485513.57
1747843200,0.2319,0.2381,0.2229,0.2304,46175217.99
1747857600,0.2304,0.2377,0.2281,0.2341,22816457.21
1747872000,0.2341,0.2436,0.234,0.2412,39094846.37
1747886400,0.2412,0.2421,0.2368,0.2411,22000019.41
1747900800,0.2411,0.2449,0.2391,0.2403,19864584.93
1747915200,0.2403,0.2429,0.2392,0.2414,34974905.8
1747929600,0.2414,0.2428,0.2384,0.2395,20126265.16
1747944000,0.2395,0.2458,0.2378,0.2456,19082114.96
1747958400,0.2456,0.2543,0.2436,0.2511,46516199.84
1747972800,0.2511,0.2515,0.2421,0.2435,21477922.1
1747987200,0.2435,0.2489,0.2338,0.235,26208280.49
1748001600,0.235,0.2385,0.2277,0.2344,36122430.96
1748016000,0.2344,0.237,0.2321,0.2332,16672634.02
1748030400,0.2332,0.2333,0.2231,0.2252,23945057.93
1748044800,0.2252,0.2301,0.2237,0.2295,11825505.25
1748059200,0.2295,0.2304,0.2269,0.2274,5308833.28
1748073600,0.2274,0.2304,0.226,0.2292,5702360.32
1748088000,0.2292,0.2294,0.227,0.2278,6507602.34
1748102400,0.2278,0.229,0.2261,0.2273,5198555.65
1748116800,0.2273,0.2282,0.2239,0.2252,4785743.77
1748131200,0.2252,0.2265,0.2197,0.2238,13621202.45
1748145600,0.2238,0.2242,0.2206,0.2214,6488860.27
1748160000,0.2214,0.2214,0.2173,0.2195,7595263.93
1748174400,0.2195,0.2211,0.2158,0.2186,7380137.34
1748188800,0.2186,0.2208,0.2166,0.2201,6253245.83
1748203200,0.2201,0.2253,0.2184,0.225,12227144.82
1748217600,0.225,0.2279,0.2235,0.2273,10574065.16
1748232000,0.2273,0.2305,0.2268,0.23,10676110.23
1748246400,0.23,0.2302,0.2255,0.2263,4725864.48
1748260800,0.2263,0.2284,0.2235,0.2271,9223027.77
1748275200,0.2271,0.2281,0.2226,0.2243,7182141.39
1748289600,0.2243,0.2277,0.2235,0.2261,3954542.32
1748304000,0.2261,0.2271,0.2198,0.2243,9260006.88
1748318400,0.2243,0.2285,0.2226,0.2278,6348940.52
1748332800,0.2278,0.2292,0.2274,0.2287,7707004.59
1748347200,0.2287,0.2322,0.2251,0.2287,16666136.92
1748361600,0.2287,0.2305,0.2268,0.2273,12758844.62
1748376000,0.2273,0.2288,0.2246,0.2261,8463027.95
1748390400,0.2261,0.2279,0.2232,0.2249,9487314.81
1748404800,0.2249,0.2254,0.2219,0.2227,6889176.8100000005
1748419200,0.2227,0.2238,0.2211,0.2236,6453518.07
1748433600,0.2236,0.2248,0.2177,0.2184,13348021.25
1748448000,0.2184,0.2212,0.2169,0.2173,8379487.12
1748462400,0.2173,0.2216,0.2172,0.2209,5153015.21
1748476800,0.2209,0.228,0.22,0.2266,14725619.97
1748491200,0.2266,0.2271,0.2224,0.2244,5972076.470000001
1748505600,0.2244,0.2261,0.2235,0.225,4393042.390000001
1748520000,0.225,0.225,0.2181,0.2196,12222211.89
1748534400,0.2196,0.2214,0.2149,0.2164,11078127.78
1748548800,0.2164,0.2195,0.2141,0.2149,6966826.49
1748563200,0.2149,0.2164,0.201,0.2086,23025895.37
1748577600,0.2086,0.2095,0.2032,0.2045,12682973.67
1748592000,0.2045,0.2059,0.2017,0.2052,8620483.05
1748606400,0.2052,0.2059,0.201,0.2021,10814550.5
1748620800,0.2021,0.2028,0.1936,0.2005,35327374.620000005
1748635200,0.2005,0.2006,0.1907,0.1936,18941140.05
1748649600,0.1936,0.1945,0.1856,0.1893,23494305.55
1748664000,0.1893,0.1911,0.1878,0.1895,10972561.27
1748678400,0.1895,0.1897,0.1858,0.1866,5423338.06
1748692800,0.1866,0.1946,0.1865,0.1918,16953441.0
1748707200,0.1918,0.1952,0.1911,0.1946,7394230.82
1748721600,0.1946,0.1956,0.1923,0.1926,11849348.1
1748736000,0.1926,0.1926,0.1881,0.1902,10659157.81
1748750400,0.1902,0.1923,0.1893,0.1902,5628106.800000001
1748764800,0.1902,0.1903,0.1866,0.1895,9505339.09
1748779200,0.1895,0.1926,0.1873,0.192,11501043.85
1748793600,0.192,0.1948,0.1892,0.192,10160756.17
1748808000,0.192,0.1949,0.1911,0.1938,11480580.61
1748822400,0.1938,0.1944,0.1893,0.1904,8265048.4
1748836800,0.1904,0.1934,0.1897,0.192,7344072.01
1748851200,0.192,0.1932,0.1886,0.1893,10017692.84
1748865600,0.1893,0.1931,0.1888,0.192,9352737.5
1748880000,0.192,0.1937,0.1891,0.1902,8136366.04
1748894400,0.1902,0.1964,0.1902,0.1952,10505000.98
1748908800,0.1952,0.2006,0.1948,0.1958,20609636.97
1748923200,0.1958,0.1965,0.1944,0.1953,2635056.51
1748937600,0.1953,0.1961,0.1935,0.1951,9339344.06
1748952000,0.1951,0.1988,0.194,0.1975,13465217.56
1748966400,0.1975,0.1977,0.1952,0.1972,9666764.11
1748980800,0.1972,0.1973,0.1915,0.1932,9305587.57
1748995200,0.1932,0.1972,0.1923,0.1961,7749623.03
1749009600,0.1961,0.1968,0.1951,0.1955,3200260.5700000003
1749024000,0.1955,0.1967,0.1938,0.1939,2997745.95
1749038400,0.1939,0.1945,0.1899,0.1929,9443364.32
1749052800,0.1929,0.193,0.1894,0.1894,4390235.76
1749067200,0.1894,0.1903,0.1872,0.1882,6906475.15
1749081600,0.1882,0.1908,0.1875,0.1902,4663753.56
1749096000,0.1902,0.1908,0.1879,0.1886,4478121.23
1749110400,0.1886,0.1899,0.1879,0.1895,4447659.59
1749124800,0.1895,0.1925,0.1873,0.1894,9044453.3
1749139200,0.1894,0.1895,0.1712,0.174,34054592.92
1749153600,0.174,0.1745,0.1682,0.1712,29749563.71
1749168000,0.1712,0.1756,0.1696,0.1753,10091451.14
1749182400,0.1753,0.1765,0.1745,0.1749,9286003.07
1749196800,0.1749,0.1781,0.1749,0.1778,4833378.03
1749211200,0.1778,0.1845,0.1776,0.182,14332570.72
1749225600,0.182,0.1825,0.1786,0.1791,11343017.03
1749240000,0.1791,0.1807,0.1787,0.1789,3848129.22
1749254400,0.1789,0.1827,0.1779,0.1827,6247796.21
1749268800,0.1827,0.1864,0.1817,0.1855,9487432.1
1749283200,0.1855,0.1874,0.1846,0.1861,5396388.41
1749297600,0.1861,0.1887,0.1859,0.1867,8790575.790000001
1749312000,0.1867,0.1873,0.1821,0.1834,10597054.45
1749326400,0.1834,0.1864,0.1834,0.1852,6178295.869999999
1749340800,0.1852,0.1852,0.1833,0.1834,4083274.12
1749355200,0.1834,0.1849,0.1829,0.183,3275315.67
1749369600,0.183,0.1842,0.1809,0.1839,7519233.43
1749384000,0.1839,0.1855,0.1826,0.1842,11024002.78
1749398400,0.1842,0.1864,0.184,0.1861,6456092.42
1749412800,0.1861,0.1871,0.1837,0.1842,4392826.05
1749427200,0.1842,0.1846,0.1813,0.1827,4560130.88
1749441600,0.1827,0.1829,0.1803,0.1816,5192543.94
1749456000,0.1816,0.1875,0.181,0.1864,6009837.51
1749470400,0.1864,0.1867,0.1826,0.1846,7439139.14
1749484800,0.1846,0.188,0.1846,0.1866,10545897.86
1749499200,0.1866,0.196,0.1866,0.1949,35443365.71
1749513600,0.1949,0.1962,0.1929,0.1937,6586023.09
1749528000,0.1937,0.1939,0.19,0.1911,5626953.28
1749542400,0.1911,0.1959,0.1898,0.1948,6123114.95
1749556800,0.1948,0.1976,0.189,0.1912,27961109.69
1749571200,0.1912,0.1965,0.1901,0.1946,25691702.44
1749585600,0.1946,0.1986,0.1933,0.1985,23720271.22
1749600000,0.1985,0.199,0.1947,0.1977,9642671.37
1749614400,0.1977,0.2066,0.197,0.2025,13139504.91
1749628800,0.2025,0.2043,0.1983,0.1991,12147209.92
1749643200,0.1991,0.2035,0.1984,0.2032,12861216.46
1749657600,0.2032,0.204,0.1942,0.1951,15145456.07
1749672000,0.1951,0.1972,0.1913,0.193,16275427.72
1749686400,0.193,0.1937,0.1902,0.1908,5381554.38
1749700800,0.1908,0.1913,0.1891,0.1896,4340261.03
1749715200,0.1896,0.1903,0.1865,0.1872,4656638.95
1749729600,0.1872,0.1899,0.1856,0.1859,8536199.129999999
1749744000,0.1859,0.1901,0.1838,0.1848,11332083.81
1749758400,0.1848,0.1857,0.1801,0.1812,12737246.42
1749772800,0.1812,0.1815,0.17,0.1745,35358622.83
1749787200,0.1745,0.1746,0.1717,0.1745,8064899.32
1749801600,0.1745,0.1765,0.1733,0.1758,6149813.029999999
1749816000,0.1758,0.1788,0.1739,0.1779,12631070.1
1749830400,0.1779,0.18,0.1757,0.1766,10578237.12
1749844800,0.1766,0.1805,0.1763,0.1805,5512774.54
1749859200,0.1805,0.1805,0.1771,0.1779,7103565.61
1749873600,0.1779,0.1786,0.1757,0.1767,6009556.58
1749888000,0.1767,0.178,0.1761,0.178,3728161.31
1749902400,0.178,0.1784,0.1758,0.1768,5267617.78
1749916800,0.1768,0.1784,0.1747,0.1762,5299829.49
1749931200,0.1762,0.1786,0.1753,0.1784,4431724.0
1749945600,0.1784,0.1787,0.1774,0.1777,4151054.29
1749960000,0.1777,0.1785,0.1754,0.1757,4247099.08
1749974400,0.1757,0.1758,0.1737,0.1743,3528251.41
1749988800,0.1743,0.1774,0.1739,0.176,6821994.64
1750003200,0.176,0.1769,0.1728,0.1737,5305616.52
1750017600,0.1737,0.1759,0.1715,0.1756,6211311.07
1750032000,0.1756,0.177,0.1729,0.176,7050007.11
1750046400,0.176,0.1788,0.176,0.1783,6344356.899999999
1750060800,0.1783,0.1784,0.1754,0.1767,6862838.92
1750075200,0.1767,0.1795,0.1763,0.1777,9662108.38
1750089600,0.1777,0.1812,0.1774,0.1799,8008550.69
1750104000,0.1799,0.1804,0.1722,0.1728,13216550.48
1750118400,0.1728,0.1761,0.1687,0.1753,16211601.65
1750132800,0.1753,0.1755,0.1732,0.1739,3277082.83
1750147200,0.1739,0.174,0.1704,0.1714,9860084.36
1750161600,0.1714,0.1724,0.1666,0.168,11051981.22
1750176000,0.168,0.1715,0.164,0.1704,13293639.88
1750190400,0.1704,0.1708,0.1684,0.1694,6583829.67
1750204800,0.1694,0.1718,0.1692,0.1707,3383956.85
1750219200,0.1707,0.1722,0.1701,0.1712,1664507.82
1750233600,0.1712,0.1717,0.1663,0.1687,3612945.6
1750248000,0.1687,0.1695,0.1642,0.1682,11138207.010000002
1750262400,0.1682,0.1688,0.1654,0.167,9453824.23
1750276800,0.167,0.1716,0.1663,0.1707,5806949.22
1750291200,0.1707,0.1721,0.1695,0.1709,3839435.41
1750305600,0.1709,0.1716,0.17,0.17,3354357.8000000003
1750320000,0.17,0.1709,0.1686,0.169,4575156.17
1750334400,0.169,0.17,0.1678,0.1683,5668918.76
1750348800,0.1683,0.171,0.1681,0.1698,5124635.66
1750363200,0.1698,0.1717,0.1693,0.171,4446017.16
1750377600,0.171,0.1716,0.1691,0.1693,2698036.1
1750392000,0.1693,0.1706,0.1672,0.1706,4702353.32
1750406400,0.1706,0.1714,0.1698,0.1708,2800240.13
1750420800,0.1708,0.172,0.1656,0.166,11538305.87
1750435200,0.166,0.1661,0.1585,0.1629,21384637.78
1750449600,0.1629,0.1643,0.1611,0.1624,4331493.890000001
1750464000,0.1624,0.1638,0.1621,0.1634,2358931.63
1750478400,0.1634,0.1635,0.1626,0.1629,1533585.76
1750492800,0.1629,0.1644,0.1627,0.1634,2102519.64
1750507200,0.1634,0.1635,0.1591,0.1603,5509916.71
1750521600,0.1603,0.161,0.1573,0.1574,6871076.16
1750536000,0.1574,0.1589,0.1505,0.1546,18254164.92
1750550400,0.1546,0.1577,0.1527,0.1546,14322376.67
1750564800,0.1546,0.1573,0.1544,0.1563,6138771.59
1750579200,0.1563,0.1572,0.1537,0.1557,6153051.49
1750593600,0.1557,0.1564,0.1454,0.1462,30361483.87
1750608000,0.1462,0.1506,0.1457,0.1474,16375565.93
1750622400,0.1474,0.1518,0.1428,0.1513,19349000.74
1750636800,0.1513,0.1531,0.1507,0.1523,6283358.08
1750651200,0.1523,0.155,0.152,0.1539,5645140.74
1750665600,0.1539,0.1546,0.1513,0.1522,3249650.12
1750680000,0.1522,0.1566,0.1512,0.1525,16299555.64
1750694400,0.1525,0.1578,0.1487,0.1573,22251142.58
1750708800,0.1573,0.1654,0.157,0.1639,22903668.86
1750723200,0.1639,0.1645,0.162,0.1631,6006303.45
1750737600,0.1631,0.1677,0.1626,0.1633,10543411.28
1750752000,0.1633,0.1653,0.1624,0.1637,7146422.75
1750766400,0.1637,0.1648,0.1618,0.1636,12317293.96
1750780800,0.1636,0.1666,0.1629,0.1638,8977218.77
1750795200,0.1638,0.1658,0.1636,0.1658,4705984.15
1750809600,0.1658,0.1671,0.1647,0.1655,6706040.74
1750824000,0.1655,0.1675,0.1644,0.1664,4790392.27
1750838400,0.1664,0.1666,0.1643,0.1656,7774204.58
1750852800,0.1656,0.1678,0.1627,0.1631,13811448.11
1750867200,0.1631,0.1666,0.1631,0.1661,7384254.21
1750881600,0.1661,0.1669,0.1637,0.1647,5125999.72
1750896000,0.1647,0.1681,0.1641,0.166,7195522.78
1750910400,0.166,0.1661,0.164,0.165,4602516.08
1750924800,0.165,0.1655,0.1612,0.1617,5122682.59
1750939200,0.1617,0.1619,0.158,0.1602,11404847.13
1750953600,0.1602,0.1614,0.1593,0.161,9808935.88
1750968000,0.161,0.1638,0.1593,0.1601,15656062.16
1750982400,0.1601,0.1627,0.1582,0.1623,12281410.39
1750996800,0.1623,0.1627,0.1606,0.1609,9349443.33
1751011200,0.1609,0.1622,0.1603,0.1606,4329067.41
1751025600,0.1606,0.1618,0.1583,0.1612,8239754.69
1751040000,0.1612,0.1632,0.1572,0.1592,8769480.66
1751054400,0.1592,0.1617,0.159,0.1611,4043014.11
1751068800,0.1611,0.1625,0.1606,0.1621,2581477.05
1751083200,0.1621,0.1634,0.1617,0.1633,1701259.56
1751097600,0.1633,0.1635,0.1623,0.1623,1362262.36
1751112000,0.1623,0.1633,0.1614,0.163,1629050.57
1751126400,0.163,0.1651,0.1626,0.1637,4787011.25
1751140800,0.1637,0.1647,0.1632,0.1637,1856035.62
1751155200,0.1637,0.1643,0.1627,0.1628,1707965.53
1751169600,0.1628,0.1642,0.1627,0.1639,1189876.95
1751184000,0.1639,0.1651,0.1637,0.1646,2159301.84
1751198400,0.1646,0.1652,0.1633,0.1634,3977339.95
1751212800,0.1634,0.1649,0.1633,0.1641,2154239.63
1751227200,0.1641,0.17,0.1634,0.1695,11627369.5
1751241600,0.1695,0.1698,0.1668,0.1675,8770797.67
1751256000,0.1675,0.168,0.1644,0.1659,4297685.04
1751270400,0.1659,0.166,0.1646,0.1648,3020829.2800000003
1751284800,0.1648,0.1659,0.1623,0.165,10473561.09
1751299200,0.165,0.1678,0.1643,0.1677,12980493.57
1751313600,0.1677,0.1679,0.1649,0.1652,6699713.88
1751328000,0.1652,0.1663,0.1641,0.1649,9247001.57
1751342400,0.1649,0.1649,0.1613,0.1626,5635180.5
1751356800,0.1626,0.1626,0.1608,0.1608,4340322.94
1751371200,0.1608,0.1611,0.1584,0.1594,10950566.44
1751385600,0.1594,0.1599,0.1576,0.1581,5234517.02
1751400000,0.1581,0.159,0.1569,0.1578,3342767.0700000003
1751414400,0.1578,0.1596,0.1566,0.1595,3433773.73
1751428800,0.1595,0.1618,0.1592,0.1609,8739897.19
1751443200,0.1609,0.1623,0.1609,0.1612,2977483.29
1751457600,0.1612,0.166,0.1601,0.1659,7701581.300000001
1751472000,0.1659,0.1727,0.1659,0.1711,29544415.92
1751486400,0.1711,0.1724,0.1686,0.1688,12756034.91
1751500800,0.1688,0.1699,0.1676,0.1687,7985504.56
1751515200,0.1687,0.1752,0.1685,0.1746,13289352.11
1751529600,0.1746,0.1754,0.1729,0.1737,5605459.03
1751544000,0.1737,0.1752,0.1694,0.1696,15178456.56
1751558400,0.1696,0.1722,0.1691,0.1719,5325006.5
1751572800,0.1719,0.1729,0.1718,0.1721,2428491.86
1751587200,0.1721,0.173,0.1703,0.1709,3805193.46
1751601600,0.1709,0.1713,0.1665,0.1667,4243449.7
1751616000,0.1667,0.1678,0.165,0.1667,5149586.41
1751630400,0.1667,0.1674,0.1627,0.1632,9540390.43
1751644800,0.1632,0.1634,0.1613,0.162,19209156.4
1751659200,0.162,0.1643,0.1618,0.1629,3470220.9
1751673600,0.1629,0.1647,0.162,0.1645,8550036.4
1751688000,0.1645,0.1651,0.1634,0.1644,1916633.72
1751702400,0.1644,0.165,0.1633,0.1642,7317846.26
1751716800,0.1642,0.1644,0.1629,0.163,5512336.82
1751731200,0.163,0.1637,0.1622,0.1634,3195953.8
1751745600,0.1634,0.1647,0.1633,0.1642,1554733.23
1751760000,0.1642,0.1645,0.1634,0.1639,4965824.82
1751774400,0.1639,0.1643,0.1632,0.1639,1171058.7
1751788800,0.1639,0.1655,0.1632,0.1655,2871821.29
1751803200,0.1655,0.1751,0.1651,0.1702,27328944.73
1751817600,0.1702,0.1711,0.1675,0.1695,5283150.25
1751832000,0.1695,0.1738,0.1695,0.172,12066612.56
1751846400,0.172,0.1772,0.1703,0.175,25299499.46
1751860800,0.175,0.1759,0.1719,0.1733,14314488.19
1751875200,0.1733,0.1735,0.1706,0.171,5595322.63
1751889600,0.171,0.171,0.168,0.1686,14054116.63
1751904000,0.1686,0.1691,0.1664,0.168,12769881.57
1751918400,0.168,0.168,0.1658,0.168,6642706.260000001
1751932800,0.168,0.1688,0.166,0.168,8372076.04
1751947200,0.168,0.1689,0.1674,0.1688,3494435.8
1751961600,0.1688,0.1719,0.1681,0.171,5733605.73
1751976000,0.171,0.1718,0.1684,0.1692,8616554.200000001
1751990400,0.1692,0.1719,0.1687,0.1707,6459051.2
1752004800,0.1707,0.1714,0.1699,0.171,4776758.18
1752019200,0.171,0.1725,0.17,0.1705,10215529.67
1752033600,0.1705,0.1736,0.1703,0.1719,13238916.1
1752048000,0.1719,0.1738,0.1712,0.1733,4660899.27
1752062400,0.1733,0.1748,0.1712,0.173,21663830.09
1752076800,0.173,0.1777,0.1723,0.1769,15147705.33
1752091200,0.1769,0.1865,0.1753,0.1806,25716895.91
1752105600,0.1806,0.1817,0.1788,0.1803,6735793.59
1752120000,0.1803,0.1824,0.1795,0.1817,4470133.1
1752134400,0.1817,0.1828,0.1805,0.1807,6956324.67
1752148800,0.1807,0.181,0.1789,0.1807,6318262.62
1752163200,0.1807,0.1875,0.1803,0.1859,20254458.94
1752177600,0.1859,0.1964,0.1859,0.1951,24311056.53
1752192000,0.1951,0.1992,0.1913,0.1984,13551408.27
1752206400,0.1984,0.2016,0.1951,0.1966,17330417.68
1752220800,0.1966,0.2005,0.1966,0.1991,15657480.93
1752235200,0.1991,0.2095,0.1979,0.2012,62195930.27
1752249600,0.2012,0.2138,0.1995,0.2118,73333190.67
1752264000,0.2118,0.2118,0.1962,0.2012,29882711.51
1752278400,0.2012,0.2065,0.1979,0.2039,16163818.96
1752292800,0.2039,0.2048,0.2005,0.2013,10033729.18
1752307200,0.2013,0.2028,0.1994,0.2005,11284264.38
1752321600,0.2005,0.2007,0.192,0.1932,24574231.92
1752336000,0.1932,0.1982,0.1923,0.1975,8649751.52
1752350400,0.1975,0.1979,0.1942,0.1974,7811958.0
1752364800,0.1974,0.1994,0.1964,0.1985,10153690.49
1752379200,0.1985,0.1999,0.1976,0.1995,8045044.0
1752393600,0.1995,0.1995,0.1965,0.199,5998291.08
1752408000,0.199,0.2042,0.1984,0.2002,20524640.04
1752422400,0.2002,0.2034,0.1979,0.2013,11604255.1
1752436800,0.2013,0.202,0.1959,0.1986,14632103.77
1752451200,0.1986,0.2064,0.1977,0.2046,18812065.51
1752465600,0.2046,0.2108,0.2034,0.2077,24944668.880000003
1752480000,0.2077,0.2092,0.2048,0.2057,13837444.46
1752494400,0.2057,0.2071,0.198,0.1993,17056961.23
1752508800,0.1993,0.2022,0.1972,0.1983,12921496.0
1752523200,0.1983,0.1986,0.1947,0.1975,9437535.25
1752537600,0.1975,0.1984,0.1885,0.1904,20806855.58
1752552000,0.1904,0.1925,0.1887,0.1907,9109995.51
1752566400,0.1907,0.1927,0.1897,0.192,7845671.2
1752580800,0.192,0.1957,0.1894,0.1927,16717458.23
1752595200,0.1927,0.1985,0.1916,0.1919,23219333.82
1752609600,0.1919,0.1993,0.1912,0.1992,10083088.54
1752624000,0.1992,0.2021,0.1959,0.197,12483514.4
1752638400,0.197,0.1998,0.1956,0.1991,12181150.239999998
1752652800,0.1991,0.2022,0.1985,0.2008,12327325.84
1752667200,0.2008,0.2067,0.1994,0.2033,24417095.06
1752681600,0.2033,0.2108,0.2024,0.2089,22366258.38
1752696000,0.2089,0.2207,0.2086,0.2127,43620028.89
1752710400,0.2127,0.2179,0.2067,0.2083,31291938.39
1752724800,0.2083,0.2141,0.2075,0.2121,19726179.85
1752739200,0.2121,0.2176,0.2116,0.2159,30207295.97
1752753600,0.2159,0.2187,0.2095,0.214,33535369.69
1752768000,0.214,0.2158,0.2084,0.2115,31306878.92
1752782400,0.2115,0.2225,0.208,0.2184,51152995.39
1752796800,0.2184,0.2379,0.2164,0.2366,69562053.93
1752811200,0.2366,0.2492,0.2338,0.239,49982256.82
1752825600,0.239,0.2426,0.236,0.2401,36005816.87
1752840000,0.2401,0.2543,0.2342,0.2371,78996207.62
1752854400,0.2371,0.241,0.2315,0.234,31944201.34
1752868800,0.234,0.2367,0.2272,0.236,36479569.43
1752883200,0.236,0.2522,0.2358,0.2495,42083348.76
1752897600,0.2495,0.2571,0.2492,0.2539,53135822.96
1752912000,0.2539,0.2578,0.2444,0.2451,31216056.36
1752926400,0.2451,0.2477,0.2392,0.2425,28078191.31
1752940800,0.2425,0.2442,0.2397,0.2428,13988470.06
1752955200,0.2428,0.2434,0.2376,0.2415,23213867.84
1752969600,0.2415,0.2572,0.2401,0.2554,52165460.17
1752984000,0.2554,0.2578,0.2492,0.2516,39735274.06
1752998400,0.2516,0.2559,0.2505,0.2517,17840877.72
1753012800,0.2517,0.2554,0.2504,0.2543,41433362.71
1753027200,0.2543,0.2782,0.2543,0.2739,112183124.23
1753041600,0.2739,0.2774,0.2628,0.2739,63957840.29
1753056000,0.2739,0.2779,0.2645,0.2714,59174128.17
1753070400,0.2714,0.2786,0.2693,0.2736,32380348.41
1753084800,0.2736,0.2793,0.2672,0.2712,48705089.86
1753099200,0.2712,0.2863,0.2694,0.2824,92565613.45
1753113600,0.2824,0.2876,0.2676,0.2688,118146982.03
1753128000,0.2688,0.2738,0.2658,0.2716,29802132.56
1753142400,0.2716,0.275,0.2632,0.2661,63970260.59
1753156800,0.2661,0.2697,0.2576,0.2666,56533176.34
1753171200,0.2666,0.2691,0.2632,0.2672,25360281.11
1753185600,0.2672,0.2689,0.2595,0.2663,33425099.9
1753200000,0.2663,0.2702,0.2581,0.2599,35826655.230000004
1753214400,0.2599,0.2713,0.2593,0.2709,21927052.6
1753228800,0.2709,0.2712,0.2636,0.2643,16861946.02
1753243200,0.2643,0.267,0.2588,0.2603,15722500.53
1753257600,0.2603,0.2617,0.2536,0.256,28835299.5
1753272000,0.256,0.2563,0.2409,0.2498,84754448.29
1753286400,0.2498,0.2499,0.2371,0.2423,68877980.09
1753300800,0.2423,0.2442,0.2307,0.2408,52186558.0
1753315200,0.2408,0.2468,0.2387,0.2432,34777784.51
1753329600,0.2432,0.2444,0.222,0.2331,65401636.7
1753344000,0.2331,0.2399,0.2314,0.2389,36577554.49
1753358400,0.2389,0.2452,0.2328,0.2401,47720990.77
1753372800,0.2401,0.2417,0.234,0.2385,27424582.36
1753387200,0.2385,0.241,0.2312,0.2322,21789853.02
1753401600,0.2322,0.2323,0.2223,0.2255,54188457.57
1753416000,0.2255,0.2299,0.2228,0.2259,35648917.55
1753430400,0.2259,0.2333,0.2253,0.2311,33107750.45
1753444800,0.2311,0.2327,0.2209,0.2244,36172306.06
1753459200,0.2244,0.2293,0.2223,0.2273,20491253.75
1753473600,0.2273,0.237,0.2271,0.2368,22986739.06
1753488000,0.2368,0.2388,0.233,0.2367,21460981.4
1753502400,0.2367,0.2389,0.2366,0.237,9847794.27
1753516800,0.237,0.2401,0.2358,0.2367,10964153.93
1753531200,0.2367,0.2399,0.2355,0.2388,12324732.24
1753545600,0.2388,0.2399,0.2346,0.2392,13964879.45
1753560000,0.2392,0.2403,0.2353,0.2355,8447458.219999999
1753574400,0.2355,0.24,0.235,0.2393,11034423.26
1753588800,0.2393,0.2434,0.2365,0.2371,14079222.62
1753603200,0.2371,0.2395,0.2343,0.2365,14023549.69
1753617600,0.2365,0.2392,0.2346,0.2369,23222323.49
1753632000,0.2369,0.242,0.2368,0.2397,30640499.03
1753646400,0.2397,0.2438,0.2377,0.2408,18631331.09
1753660800,0.2408,0.2457,0.238,0.2448,24574408.65
1753675200,0.2448,0.2486,0.2416,0.2434,17395191.060000002
1753689600,0.2434,0.244,0.2397,0.2415,20442605.09
1753704000,0.2415,0.2428,0.2306,0.2322,30746723.46
1753718400,0.2322,0.2338,0.2275,0.2296,21287859.49
1753732800,0.2296,0.2301,0.2243,0.2261,13414778.32
1753747200,0.2261,0.2288,0.2224,0.2271,21410455.130000003
1753761600,0.2271,0.2327,0.2257,0.2319,17439051.93
1753776000,0.2319,0.2323,0.2253,0.2276,12476840.84
1753790400,0.2276,0.231,0.2206,0.2227,22759039.71
1753804800,0.2227,0.2244,0.2174,0.2214,29424786.2
1753819200,0.2214,0.2243,0.2193,0.2239,11208687.11
1753833600,0.2239,0.2265,0.2212,0.2244,8331433.81
1753848000,0.2244,0.2251,0.2213,0.2219,8276150.68
1753862400,0.2219,0.2235,0.2149,0.216,13505745.19
1753876800,0.216,0.223,0.2143,0.2213,27592221.34
1753891200,0.2213,0.2244,0.2092,0.2174,35476165.489999995
1753905600,0.2174,0.2205,0.2154,0.2199,14336985.47
1753920000,0.2199,0.2238,0.219,0.223,13036631.74
1753934400,0.223,0.2243,0.2221,0.2236,8154688.73
1753948800,0.2236,0.2256,0.2216,0.2222,8162946.58
1753963200,0.2222,0.2225,0.2148,0.2176,22323980.03
1753977600,0.2176,0.2213,0.2128,0.2137,23349873.62
1753992000,0.2137,0.2146,0.2082,0.2098,17863614.8
1754006400,0.2098,0.2105,0.2034,0.2091,51146330.41
1754020800,0.2091,0.2091,0.204,0.2059,13883665.79
1754035200,0.2059,0.2075,0.201,0.2075,17210771.57
1754049600,0.2075,0.2102,0.202,0.2096,34900435.61
1754064000,0.2096,0.2125,0.2038,0.2084,19904635.81
1754078400,0.2084,0.2087,0.1956,0.201,41564206.48
1754092800,0.201,0.203,0.2002,0.2022,12805831.41
1754107200,0.2022,0.2034,0.1945,0.2001,12200768.16
1754121600,0.2001,0.2009,0.1972,0.1997,6196365.899999999
1754136000,0.1997,0.2,0.1937,0.1945,13463108.79
1754150400,0.1945,0.1973,0.1896,0.1924,23387849.78
1754164800,0.1924,0.1946,0.1894,0.191,11303755.27
1754179200,0.191,0.1964,0.1886,0.1958,20690741.15
1754193600,0.1958,0.1969,0.195,0.1963,6059828.36
1754208000,0.1963,0.1995,0.1956,0.1979,5372264.6
1754222400,0.1979,0.1993,0.1969,0.1989,5660751.41
1754236800,0.1989,0.2003,0.1979,0.1989,13862087.6
1754251200,0.1989,0.2004,0.198,0.1988,6570904.54
1754265600,0.1988,0.203,0.1985,0.2017,11869124.89
1754280000,0.2017,0.2038,0.1996,0.2032,9032036.05
1754294400,0.2032,0.2041,0.2004,0.2011,9506026.15
1754308800,0.2011,0.2062,0.2005,0.2039,21856507.450000003
1754323200,0.2039,0.2098,0.2039,0.2046,15417675.0
1754337600,0.2046,0.2113,0.2044,0.2104,12513356.99
1754352000,0.2104,0.211,0.206,0.2064,8632800.67
1754366400,0.2064,0.2074,0.2015,0.2018,8093763.189999999
1754380800,0.2018,0.2088,0.2013,0.2075,8228830.32
1754395200,0.2075,0.2077,0.1973,0.1982,21899270.69
1754409600,0.1982,0.2001,0.197,0.1978,14386352.52
1754424000,0.1978,0.2003,0.1961,0.1998,8073912.96
1754438400,0.1998,0.1998,0.1961,0.1964,7323335.48
1754452800,0.1964,0.2023,0.1956,0.2013,10397637.35
1754467200,0.2013,0.202,0.1988,0.2005,6121358.12
1754481600,0.2005,0.2057,0.1987,0.2054,14238151.6
1754496000,0.2054,0.2072,0.2032,0.2058,11920621.72
1754510400,0.2058,0.2059,0.2045,0.2053,4585538.95
1754524800,0.2053,0.2066,0.2033,0.204,6976331.36
1754539200,0.204,0.2066,0.2039,0.2058,6745017.470000001
1754553600,0.2058,0.215,0.2054,0.2143,35330214.98
1754568000,0.2143,0.2161,0.2124,0.2144,20109369.44
1754582400,0.2144,0.2184,0.2104,0.2174,22963641.52
1754596800,0.2174,0.2232,0.2165,0.2224,23419431.33
1754611200,0.2224,0.2251,0.2197,0.2229,59956029.57
1754625600,0.2229,0.2251,0.2198,0.2246,17945016.82
1754640000,0.2246,0.2269,0.2216,0.2237,11165874.39
1754654400,0.2237,0.2295,0.2198,0.2214,24654273.31
1754668800,0.2214,0.2299,0.2209,0.2292,37729749.85
1754683200,0.2292,0.2326,0.2273,0.2304,17639212.220000003
1754697600,0.2304,0.2337,0.2297,0.2302,20880041.69
1754712000,0.2302,0.2367,0.2298,0.2358,24508085.69
1754726400,0.2358,0.2387,0.2352,0.2377,15219311.56
1754740800,0.2377,0.2445,0.236,0.2408,37097193.21
1754755200,0.2408,0.2468,0.2405,0.2431,31285697.26
1754769600,0.2431,0.2451,0.2397,0.24,23990396.59
1754784000,0.24,0.2434,0.2389,0.2427,17678353.700000003
1754798400,0.2427,0.2435,0.2285,0.2324,32794888.19
1754812800,0.2324,0.2345,0.2294,0.231,14975042.93
1754827200,0.231,0.2348,0.2296,0.2326,17028773.12
1754841600,0.2326,0.2355,0.2321,0.235,7486419.93
1754856000,0.235,0.2351,0.2311,0.2339,11158425.25
1754870400,0.2339,0.2418,0.2323,0.2393,19729271.99
1754884800,0.2393,0.2412,0.2333,0.2334,10486285.34
1754899200,0.2334,0.2367,0.2269,0.2283,21207845.21
1754913600,0.2283,0.2314,0.2256,0.2314,25148839.62
1754928000,0.2314,0.2337,0.226,0.2274,18542530.89
1754942400,0.2274,0.2279,0.2212,0.2221,14423232.69
1754956800,0.2221,0.2273,0.222,0.2245,10101358.53
1754971200,0.2245,0.2263,0.2214,0.2252,8633702.55
1754985600,0.2252,0.2255,0.2188,0.2215,15916182.19
1755000000,0.2215,0.23,0.2207,0.2297,31628838.53
1755014400,0.2297,0.2361,0.2281,0.2358,34096094.48
1755028800,0.2358,0.2384,0.2349,0.2358,20874461.28
1755043200,0.2358,0.24,0.2313,0.2382,34291069.150000006
1755057600,0.2382,0.2449,0.2346,0.2448,24573248.88
1755072000,0.2448,0.2505,0.2446,0.2465,42924190.23
1755086400,0.2465,0.2487,0.2392,0.2412,44256527.19
1755100800,0.2412,0.2443,0.2403,0.244,30157408.89
1755115200,0.244,0.2463,0.242,0.2449,23653107.89
1755129600,0.2449,0.2558,0.2428,0.2528,46522412.2
1755144000,0.2528,0.2546,0.2436,0.2451,24424801.12
1755158400,0.2451,0.2452,0.2366,0.238,30874929.71
1755172800,0.238,0.2393,0.2203,0.2255,76178373.21
1755187200,0.2255,0.2256,0.221,0.2236,38017958.77
1755201600,0.2236,0.2244,0.2175,0.224,26493870.09
1755216000,0.224,0.2302,0.2231,0.2301,17480682.94
1755230400,0.2301,0.2331,0.2277,0.2308,27075272.84
1755244800,0.2308,0.2329,0.2291,0.23,15918911.73
1755259200,0.23,0.2322,0.2211,0.2224,34128911.2
1755273600,0.2224,0.2254,0.2202,0.2219,22578800.1
1755288000,0.2219,0.232,0.2209,0.2289,28101589.46
1755302400,0.2289,0.2364,0.2283,0.2329,24568649.28
1755316800,0.2329,0.234,0.2299,0.2333,11387331.36
1755331200,0.2333,0.2351,0.2272,0.2273,15445889.39
1755345600,0.2273,0.2303,0.2254,0.2287,16483572.5
1755360000,0.2287,0.2313,0.2282,0.2295,8707309.15
1755374400,0.2295,0.2316,0.2291,0.2313,5822239.02
1755388800,0.2313,0.2346,0.2286,0.2337,11381374.36
1755403200,0.2337,0.2362,0.2325,0.233,13759750.78
1755417600,0.233,0.2357,0.2326,0.2347,6441221.92
1755432000,0.2347,0.2498,0.2324,0.2419,38879930.15
1755446400,0.2419,0.2429,0.231,0.2324,29165993.43
1755460800,0.2324,0.2383,0.2321,0.2347,15437893.58
1755475200,0.2347,0.2356,0.2226,0.2246,36141499.89
1755489600,0.2246,0.2266,0.2211,0.2219,15515780.73
1755504000,0.2219,0.2234,0.2201,0.2219,8640245.26
1755518400,0.2219,0.2247,0.2205,0.2237,15228311.23
1755532800,0.2237,0.2256,0.221,0.224,11588111.92
1755547200,0.224,0.227,0.2219,0.2227,9553825.46
1755561600,0.2227,0.2257,0.2158,0.2165,21643954.68
1755576000,0.2165,0.2184,0.2146,0.2178,16362641.78
1755590400,0.2178,0.2207,0.2163,0.2204,13512497.91
1755604800,0.2204,0.2224,0.2137,0.2144,28391324.21
1755619200,0.2144,0.2149,0.2104,0.212,18591282.3
1755633600,0.212,0.2142,0.2087,0.2094,12943504.75
1755648000,0.2094,0.2132,0.2081,0.2118,13632455.97
1755662400,0.2118,0.2141,0.2117,0.2126,6252077.16
1755676800,0.2126,0.2157,0.2114,0.214,10513441.62
1755691200,0.214,0.2179,0.2078,0.215,26956211.04
1755705600,0.215,0.2217,0.215,0.2213,21774938.37
1755720000,0.2213,0.2229,0.2205,0.2217,11282534.06
1755734400,0.2217,0.2244,0.2196,0.222,13942999.98
1755748800,0.222,0.2241,0.2199,0.2214,9993793.15
1755763200,0.2214,0.2217,0.2167,0.2176,10337212.41
1755777600,0.2176,0.2206,0.2146,0.2155,19844189.63
1755792000,0.2155,0.2182,0.2145,0.2151,10116346.75
1755806400,0.2151,0.2174,0.2139,0.2147,6763333.51
1755820800,0.2147,0.2191,0.2145,0.2157,9701542.04
1755835200,0.2157,0.2186,0.2153,0.218,6027550.03
1755849600,0.218,0.219,0.2118,0.2119,8606808.219999999
1755864000,0.2119,0.2337,0.2083,0.2301,87817343.35
1755878400,0.2301,0.2398,0.2301,0.2386,47959692.2
1755892800,0.2386,0.2422,0.2386,0.2405,30349534.18
1755907200,0.2405,0.2408,0.2288,0.2314,25575313.92
1755921600,0.2314,0.2392,0.2313,0.237,24992805.07
1755936000,0.237,0.2396,0.2355,0.2359,13397607.75
1755950400,0.2359,0.2388,0.2344,0.2364,22580949.73
1755964800,0.2364,0.2375,0.2355,0.2373,6500359.2
1755979200,0.2373,0.2374,0.234,0.2362,8713897.73
1755993600,0.2362,0.2382,0.2349,0.2366,10326671.85
1756008000,0.2366,0.237,0.2319,0.2321,7292920.87
1756022400,0.2321,0.2331,0.2282,0.2295,7431928.14
1756036800,0.2295,0.234,0.2292,0.2312,9095839.36
1756051200,0.2312,0.2506,0.2298,0.2341,72313182.66
1756065600,0.2341,0.2351,0.2275,0.2318,28217889.03
1756080000,0.2318,0.2345,0.2254,0.2309,23887384.71
1756094400,0.2309,0.2313,0.22,0.2207,26595591.5
1756108800,0.2207,0.2216,0.217,0.2196,21970273.95
1756123200,0.2196,0.2212,0.2175,0.2184,18318570.08
1756137600,0.2184,0.2204,0.2135,0.2138,20359222.57
1756152000,0.2138,0.2146,0.206,0.2097,43976926.55
1756166400,0.2097,0.2121,0.2072,0.2098,19753828.81
1756180800,0.2098,0.2126,0.2093,0.2113,11216580.22
1756195200,0.2113,0.212,0.2095,0.2105,6589622.08
1756209600,0.2105,0.2153,0.2094,0.2127,23332974.57
1756224000,0.2127,0.2199,0.2125,0.2195,12531468.95
1756238400,0.2195,0.22,0.2174,0.2184,10055994.4
1756252800,0.2184,0.2219,0.2161,0.2212,11591985.83
1756267200,0.2212,0.2232,0.2182,0.2188,14157429.03
1756281600,0.2188,0.2212,0.2174,0.2203,11672041.09
1756296000,0.2203,0.2228,0.2179,0.2216,18693327.97
1756310400,0.2216,0.2234,0.2187,0.2202,17155977.17
1756324800,0.2202,0.2238,0.218,0.2189,37272832.11
1756339200,0.2189,0.2216,0.2168,0.2213,14479236.27
1756353600,0.2213,0.2255,0.2209,0.2239,15271069.62
1756368000,0.2239,0.2259,0.2225,0.2239,9567750.91
1756382400,0.2239,0.2251,0.2202,0.2213,20454142.45
1756396800,0.2213,0.2234,0.2194,0.2196,14132086.06
1756411200,0.2196,0.2248,0.2193,0.2244,9815730.22
1756425600,0.2244,0.2253,0.2195,0.2227,16030452.12
1756440000,0.2227,0.223,0.2143,0.2146,17191588.15
1756454400,0.2146,0.2158,0.2117,0.2148,13568781.9
1756468800,0.2148,0.2207,0.2123,0.2133,29505878.65
1756483200,0.2133,0.2143,0.2098,0.212,17792417.57
1756497600,0.212,0.2147,0.2098,0.2139,9146318.28
1756512000,0.2139,0.2188,0.2114,0.2177,12673992.27
1756526400,0.2177,0.2183,0.2161,0.2173,4880180.29
1756540800,0.2173,0.2176,0.2148,0.2159,4301340.33
1756555200,0.2159,0.2167,0.2129,0.216,9742597.15
1756569600,0.216,0.216,0.2146,0.2154,3586073.37
1756584000,0.2154,0.2161,0.2145,0.216,4025845.82
1756598400,0.216,0.2214,0.216,0.2206,10574903.29
1756612800,0.2206,0.2207,0.2172,0.2179,5534372.94
1756627200,0.2179,0.2193,0.2162,0.2184,4026238.26
1756641600,0.2184,0.2186,0.2163,0.2186,7385662.58
1756656000,0.2186,0.2186,0.217,0.2173,6701320.59
1756670400,0.2173,0.2181,0.2133,0.2137,9602695.9
1756684800,0.2137,0.2141,0.2089,0.2106,15030827.86
1756699200,0.2106,0.218,0.2082,0.218,21161908.23
1756713600,0.218,0.2198,0.2151,0.2159,15218456.56
1756728000,0.2159,0.2171,0.2128,0.2134,9381724.91
1756742400,0.2134,0.2134,0.2102,0.2123,22850099.040000003
1756756800,0.2123,0.2127,0.2048,0.2107,19992175.29
1756771200,0.2107,0.2141,0.2093,0.2134,13485010.44
1756785600,0.2134,0.2149,0.2117,0.2123,9373031.54
1756800000,0.2123,0.214,0.2112,0.2115,5783480.93
1756814400,0.2115,0.2139,0.2066,0.2094,29051872.090000004
1756828800,0.2094,0.2131,0.2093,0.2112,12250219.78
1756843200,0.2112,0.2156,0.2109,0.2148,12992801.92
1756857600,0.2148,0.2168,0.2125,0.2153,11049375.25
1756872000,0.2153,0.2163,0.2142,0.2161,7109980.38
1756886400,0.2161,0.2172,0.2147,0.2165,6597643.38
1756900800,0.2165,0.2196,0.2152,0.2189,14418140.17
1756915200,0.2189,0.2214,0.2175,0.2213,17627892.15
1756929600,0.2213,0.2235,0.2203,0.2204,15326264.44
1756944000,0.2204,0.2211,0.2161,0.2164,10168709.98
1756958400,0.2164,0.2174,0.2142,0.2154,8506578.190000001
1756972800,0.2154,0.2167,0.2149,0.2157,8949481.35
1756987200,0.2157,0.217,0.2118,0.2123,15396657.93
1757001600,0.2123,0.2135,0.2105,0.2108,10383913.67
1757016000,0.2108,0.2147,0.2106,0.2124,8693327.040000001
1757030400,0.2124,0.2151,0.2119,0.2143,6703045.68
1757044800,0.2143,0.2184,0.2135,0.2181,10282741.28
1757059200,0.2181,0.2181,0.2153,0.2168,5982038.83
1757073600,0.2168,0.221,0.2125,0.2142,35264197.34
1757088000,0.2142,0.2174,0.2137,0.2173,9854617.94
1757102400,0.2173,0.2205,0.2172,0.2179,21840309.5
1757116800,0.2179,0.2188,0.2169,0.2177,3982883.59
1757131200,0.2177,0.2181,0.2153,0.2159,6148272.38
1757145600,0.2159,0.216,0.214,0.2143,4038130.95
1757160000,0.2143,0.2177,0.2134,0.214,18076891.09
1757174400,0.214,0.2155,0.2123,0.2129,12039084.79
1757188800,0.2129,0.2242,0.2128,0.2163,34256730.14
1757203200,0.2163,0.2174,0.2158,0.2166,8278570.05
1757217600,0.2166,0.2176,0.2162,0.2173,3152874.42
1757232000,0.2173,0.2194,0.2169,0.2192,4138512.41
1757246400,0.2192,0.2251,0.2184,0.2237,25770688.98
1757260800,0.2237,0.2246,0.2203,0.2223,16246625.36
1757275200,0.2223,0.2292,0.2222,0.2287,26928247.84
1757289600,0.2287,0.235,0.2266,0.2316,42624560.63
1757304000,0.2316,0.233,0.2305,0.2326,13306893.13
1757318400,0.2326,0.2347,0.2325,0.2334,17180807.55
1757332800,0.2334,0.2398,0.2329,0.2384,38463952.76
1757347200,0.2384,0.2397,0.2365,0.2375,26757022.98
1757361600,0.2375,0.2441,0.2373,0.2417,44449114.5
1757376000,0.2417,0.2439,0.2336,0.2365,36568803.08
1757390400,0.2365,0.2421,0.2353,0.2402,19162361.6
1757404800,0.2402,0.2426,0.2399,0.2416,14564803.68
1757419200,0.2416,0.2494,0.2368,0.2383,74845062.61
1757433600,0.2383,0.2434,0.2375,0.2412,21214563.0
1757448000,0.2412,0.2427,0.2394,0.2406,13083813.48
1757462400,0.2406,0.242,0.2363,0.2411,16336485.16
1757476800,0.2411,0.2424,0.2385,0.2413,8338099.32
1757491200,0.2413,0.2424,0.2395,0.2402,10406272.03
1757505600,0.2402,0.2457,0.2401,0.2437,27423839.54
1757520000,0.2437,0.2487,0.2385,0.2399,32628336.71
1757534400,0.2399,0.2459,0.2398,0.2454,19376202.58
1757548800,0.2454,0.2534,0.2439,0.2524,42591330.08
1757563200,0.2524,0.2533,0.2483,0.2498,21630812.23
1757577600,0.2498,0.2519,0.2489,0.251,28857181.47
1757592000,0.251,0.2547,0.2439,0.247,65164923.97
1757606400,0.247,0.2532,0.247,0.2523,48120784.8
1757620800,0.2523,0.257,0.2498,0.2561,36660371.52
1757635200,0.2561,0.2646,0.255,0.2611,51997400.56
1757649600,0.2611,0.264,0.2593,0.2601,20792034.83
1757664000,0.2601,0.2617,0.2587,0.2599,11605372.81
1757678400,0.2599,0.2672,0.258,0.2665,35869930.31
1757692800,0.2665,0.2732,0.265,0.2719,64612336.1
1757707200,0.2719,0.2788,0.2701,0.2756,41924226.66
1757721600,0.2756,0.2829,0.2729,0.2804,50049624.19
1757736000,0.2804,0.2859,0.28,0.2833,31543148.0
1757750400,0.2833,0.2995,0.2827,0.2964,69009955.28
1757764800,0.2964,0.3071,0.2917,0.2971,98796577.87
1757779200,0.2971,0.301,0.2814,0.2862,90586919.99
1757793600,0.2862,0.2925,0.2861,0.2896,33220791.27
1757808000,0.2896,0.2951,0.2816,0.2865,48904677.06
1757822400,0.2865,0.2925,0.2838,0.2918,23284067.1
1757836800,0.2918,0.2934,0.2851,0.2857,25520845.17
1757851200,0.2857,0.2873,0.2728,0.2739,76280765.94
1757865600,0.2739,0.2835,0.2729,0.278,43772407.52
1757880000,0.278,0.2829,0.2772,0.2781,22859057.3
1757894400,0.2781,0.2815,0.2743,0.2803,30767345.32
1757908800,0.2803,0.2821,0.2673,0.2684,40375397.0
1757923200,0.2684,0.2684,0.2587,0.2654,66433584.79
1757937600,0.2654,0.2656,0.2612,0.2643,39394129.19
1757952000,0.2643,0.2669,0.2623,0.2641,33403801.1
1757966400,0.2641,0.2694,0.2635,0.2684,53812532.72
1757980800,0.2684,0.2702,0.2659,0.2673,24262817.51
1757995200,0.2673,0.2696,0.2625,0.2677,31304710.27
1758009600,0.2677,0.2696,0.2635,0.2646,18779486.89
1758024000,0.2646,0.2671,0.2569,0.2663,47600408.510000005
1758038400,0.2663,0.2699,0.2646,0.2685,45562588.35
1758052800,0.2685,0.2721,0.2675,0.27,26167447.92
1758067200,0.27,0.2714,0.2663,0.2668,20212806.11
1758081600,0.2668,0.2702,0.2639,0.2686,21005319.36
1758096000,0.2686,0.2688,0.2646,0.2655,13091195.53
1758110400,0.2655,0.268,0.2625,0.2655,20851659.64
1758124800,0.2655,0.2746,0.2611,0.2728,73809566.85000001
1758139200,0.2728,0.2839,0.2671,0.2826,71338430.03
1758153600,0.2826,0.286,0.2785,0.2831,45118380.18
1758168000,0.2831,0.2836,0.2765,0.28,23736014.64
1758182400,0.28,0.2821,0.2784,0.2796,16414025.66
1758196800,0.2796,0.2879,0.2788,0.2868,36804984.1
1758211200,0.2868,0.2889,0.281,0.282,35125363.76
1758225600,0.282,0.2827,0.2757,0.2787,25359082.74
1758240000,0.2787,0.2849,0.2766,0.2769,29780914.54
1758254400,0.2769,0.2774,0.2734,0.2753,32686065.21
1758268800,0.2753,0.2769,0.2702,0.2714,30377773.71
1758283200,0.2714,0.2727,0.2643,0.2667,48407666.46
1758297600,0.2667,0.2685,0.2633,0.2649,24039438.74
1758312000,0.2649,0.2675,0.2634,0.2654,16163640.39
1758326400,0.2654,0.2675,0.2632,0.2652,14566372.51
1758340800,0.2652,0.267,0.2644,0.2667,9033709.86
1758355200,0.2667,0.2667,0.2634,0.2653,8648492.32
1758369600,0.2653,0.2695,0.2643,0.2689,13394494.21
1758384000,0.2689,0.2693,0.2657,0.2664,12462676.8
1758398400,0.2664,0.2689,0.2662,0.2678,14190578.44
1758412800,0.2678,0.2697,0.267,0.2697,11695094.12
1758427200,0.2697,0.2697,0.2679,0.2683,6578112.48
1758441600,0.2683,0.2686,0.2637,0.2659,8251262.68
1758456000,0.2659,0.2681,0.2656,0.2657,5962246.68
1758470400,0.2657,0.2661,0.2609,0.2636,20786664.53
1758484800,0.2636,0.2639,0.2605,0.2608,14231843.37
1758499200,0.2608,0.2624,0.2454,0.2489,72876636.06
1758513600,0.2489,0.2499,0.2312,0.2379,72501259.17999999
1758528000,0.2379,0.2409,0.2366,0.2394,32693432.99
1758542400,0.2394,0.2434,0.2385,0.2397,40719000.1
1758556800,0.2397,0.2417,0.2358,0.2364,29168168.76
1758571200,0.2364,0.2419,0.2361,0.2414,29376557.38
1758585600,0.2414,0.2432,0.2343,0.2406,32264222.04
1758600000,0.2406,0.2436,0.2384,0.2417,23798857.18
1758614400,0.2417,0.2431,0.2394,0.241,15082556.58
1758628800,0.241,0.2422,0.2382,0.2408,19504046.14
1758643200,0.2408,0.2441,0.2368,0.238,23401613.87
1758657600,0.238,0.2415,0.2365,0.2372,12310203.91
1758672000,0.2372,0.2406,0.2338,0.2346,19140563.1
1758686400,0.2346,0.2398,0.2312,0.2396,21311385.93
1758700800,0.2396,0.2437,0.2391,0.2432,15126813.37
1758715200,0.2432,0.2507,0.2426,0.2456,41584531.9
1758729600,0.2456,0.2465,0.2423,0.2436,19334965.3
1758744000,0.2436,0.244,0.2405,0.2412,17038220.11
1758758400,0.2412,0.242,0.2339,0.2362,38645500.44
1758772800,0.2362,0.2366,0.2319,0.2333,21220678.48
1758787200,0.2333,0.2349,0.2304,0.2313,22798154.22
1758801600,0.2313,0.2348,0.2267,0.2312,47088138.91
1758816000,0.2312,0.2319,0.2207,0.2265,59875796.2
1758830400,0.2265,0.2269,0.2211,0.223,23929571.72
1758844800,0.223,0.2278,0.2228,0.2273,24446993.970000003
1758859200,0.2273,0.2281,0.2249,0.2272,14507180.44
1758873600,0.2272,0.2281,0.2216,0.2247,17641228.86
1758888000,0.2247,0.2284,0.2219,0.2274,34800549.29
1758902400,0.2274,0.2335,0.2273,0.2311,42572964.86
1758916800,0.2311,0.2328,0.2301,0.2326,10612215.28
1758931200,0.2326,0.2344,0.2314,0.2337,10730490.35
1758945600,0.2337,0.2341,0.2307,0.2312,7271458.050000001
1758960000,0.2312,0.2312,0.2286,0.2301,7003153.779999999
1758974400,0.2301,0.231,0.228,0.2303,8933696.49
1758988800,0.2303,0.2306,0.2279,0.2299,8639412.67
1759003200,0.2299,0.2326,0.2295,0.2309,5844180.63
1759017600,0.2309,0.2311,0.2274,0.2286,15260046.46
1759032000,0.2286,0.2294,0.2273,0.2293,5709066.640000001
1759046400,0.2293,0.2293,0.2257,0.2265,7511669.99
1759060800,0.2265,0.23,0.2251,0.2299,10956823.51
1759075200,0.2299,0.2321,0.2294,0.232,12065596.78
1759089600,0.232,0.2378,0.2317,0.2374,16846799.13
1759104000,0.2374,0.2375,0.234,0.2359,12853135.25
1759118400,0.2359,0.236,0.2311,0.2326,6331734.14
1759132800,0.2326,0.2337,0.2293,0.231,8277161.12
1759147200,0.231,0.2378,0.2288,0.2339,34196717.04
1759161600,0.2339,0.2352,0.2308,0.2349,28083650.68
1759176000,0.2349,0.239,0.2347,0.2349,16854186.74
1759190400,0.2349,0.236,0.2321,0.2328,17343481.09
1759204800,0.2328,0.2342,0.2314,0.2321,9776347.45
1759219200,0.2321,0.2325,0.2289,0.2304,9355436.86
1759233600,0.2304,0.2314,0.2264,0.2281,18279229.31
1759248000,0.2281,0.2329,0.2275,0.2327,14081556.26
1759262400,0.2327,0.2341,0.2309,0.2329,11506297.38
1759276800,0.2329,0.2343,0.2307,0.2308,10266004.27
1759291200,0.2308,0.2341,0.2304,0.2335,7564399.74
1759305600,0.2335,0.2448,0.2334,0.243,32403306.21
1759320000,0.243,0.2463,0.2421,0.2454,25837577.67
1759334400,0.2454,0.2475,0.2434,0.2469,25532445.14
1759348800,0.2469,0.2493,0.245,0.2492,16534824.53
1759363200,0.2492,0.2559,0.2469,0.2541,45193327.66
1759377600,0.2541,0.258,0.2524,0.256,25623720.89
1759392000,0.256,0.2597,0.2556,0.2562,16532974.95
1759406400,0.2562,0.2573,0.2503,0.2551,38118805.87
1759420800,0.2551,0.2609,0.2544,0.2594,30266190.49
1759435200,0.2594,0.2642,0.2586,0.2622,28418788.7
1759449600,0.2622,0.2624,0.2569,0.2594,26202975.46
1759464000,0.2594,0.2617,0.2544,0.2556,21265639.6
1759478400,0.2556,0.2575,0.2538,0.256,10837027.57
1759492800,0.256,0.2612,0.2529,0.2609,29344211.18
1759507200,0.2609,0.2655,0.2554,0.2594,55048992.48
1759521600,0.2594,0.2607,0.2581,0.2584,15246884.27
1759536000,0.2584,0.2599,0.2518,0.2534,23928484.08
1759550400,0.2534,0.2559,0.2526,0.2542,11683340.1
1759564800,0.2542,0.2544,0.2487,0.2497,13475579.48
1759579200,0.2497,0.2528,0.2475,0.2478,24676376.68
1759593600,0.2478,0.2497,0.2469,0.2496,9780102.02
1759608000,0.2496,0.2513,0.2494,0.251,7916964.71
1759622400,0.251,0.2597,0.2497,0.2584,31228933.85
1759636800,0.2584,0.2643,0.2572,0.2641,35125387.06
1759651200,0.2641,0.2652,0.2575,0.2588,31819939.18
1759665600,0.2588,0.2588,0.2546,0.2564,22287952.44
1759680000,0.2564,0.2577,0.2508,0.2515,21924507.68
1759694400,0.2515,0.2539,0.2509,0.2528,13118856.58
1759708800,0.2528,0.2554,0.2507,0.254,22238610.48
1759723200,0.254,0.2585,0.2523,0.2551,11981394.8
1759737600,0.2551,0.2619,0.2551,0.2601,21247801.72
1759752000,0.2601,0.2684,0.2594,0.267,56052538.53
1759766400,0.267,0.2705,0.2634,0.2686,46601375.76
1759780800,0.2686,0.2698,0.2657,0.2662,24128399.24
1759795200,0.2662,0.2682,0.2643,0.2668,18740485.32
1759809600,0.2668,0.2684,0.2596,0.2605,23229216.27
1759824000,0.2605,0.2624,0.2577,0.2619,17023703.31
1759838400,0.2619,0.2656,0.2504,0.2517,68595530.03
1759852800,0.2517,0.254,0.2483,0.2494,42887465.09
1759867200,0.2494,0.2523,0.2464,0.247,20674980.87
1759881600,0.247,0.2507,0.2441,0.2449,28932018.85
1759896000,0.2449,0.2471,0.2431,0.2468,15874114.1
1759910400,0.2468,0.2507,0.2467,0.2494,16846619.06
1759924800,0.2494,0.2568,0.249,0.2533,47240803.71
1759939200,0.2533,0.2611,0.2527,0.2594,38893103.87
1759953600,0.2594,0.26,0.255,0.2557,15818418.72
1759968000,0.2557,0.2559,0.2467,0.2492,24397007.09
1759982400,0.2492,0.251,0.2466,0.2474,11619848.1
1759996800,0.2474,0.2481,0.2431,0.2476,22035510.630000003
1760011200,0.2476,0.2508,0.2424,0.2449,39069357.14
1760025600,0.2449,0.2473,0.2413,0.2466,29365114.4
1760040000,0.2466,0.2505,0.2461,0.2486,19002935.15
1760054400,0.2486,0.2534,0.2474,0.2514,29581492.76
1760068800,0.2514,0.253,0.247,0.2474,17032743.51
1760083200,0.2474,0.2512,0.2468,0.2508,19442028.58
1760097600,0.2508,0.2541,0.2362,0.2379,65839205.37
1760112000,0.2379,0.2398,0.2305,0.2319,42926960.84
1760126400,0.2319,0.2346,0.1372,0.1953,239702394.8
1760140800,0.1953,0.2007,0.1867,0.1936,64460346.44
1760155200,0.1936,0.1974,0.1902,0.1914,42100910.64
1760169600,0.1914,0.1978,0.1907,0.1942,20933884.18
1760184000,0.1942,0.1946,0.1867,0.1923,30391522.97
1760198400,0.1923,0.1943,0.1833,0.1847,30002336.02
1760212800,0.1847,0.1864,0.1784,0.1854,38479469.64
1760227200,0.1854,0.1869,0.181,0.1854,26261024.68
1760241600,0.1854,0.1913,0.1851,0.19,16216785.67
1760256000,0.19,0.1909,0.1871,0.1888,11412755.64
1760270400,0.1888,0.2069,0.1864,0.2054,51162577.89
1760284800,0.2054,0.2107,0.2043,0.2104,48653526.19
1760299200,0.2104,0.2143,0.2048,0.2074,44597508.59
1760313600,0.2074,0.2101,0.2051,0.2074,18068274.49
1760328000,0.2074,0.213,0.2065,0.2101,20455424.04
1760342400,0.2101,0.2129,0.2023,0.206,26443749.9
1760356800,0.206,0.2131,0.2045,0.2103,46356603.63
1760371200,0.2103,0.2173,0.2086,0.2162,35991014.79
1760385600,0.2162,0.2185,0.2138,0.214,18801682.18
1760400000,0.214,0.2158,0.2068,0.2079,27624363.37
1760414400,0.2079,0.2085,0.1953,0.198,36648819.0
1760428800,0.198,0.2016,0.1946,0.1992,24738895.68
1760443200,0.1992,0.2039,0.1936,0.2036,40634878.78
1760457600,0.2036,0.2069,0.2002,0.2032,29620990.47
1760472000,0.2032,0.2053,0.2022,0.2044,11223758.17
1760486400,0.2044,0.2069,0.2017,0.2027,12890183.13
1760500800,0.2027,0.205,0.2018,0.2048,7783767.66
1760515200,0.2048,0.2086,0.2009,0.2024,13429141.56
1760529600,0.2024,0.2034,0.1973,0.1988,30526613.67
1760544000,0.1988,0.2003,0.1963,0.1972,24180487.28
1760558400,0.1972,0.1989,0.1944,0.1963,21647201.3
1760572800,0.1963,0.1991,0.1955,0.1965,12236873.17
1760587200,0.1965,0.1998,0.1952,0.1974,12638046.66
1760601600,0.1974,0.2007,0.1908,0.2004,25385986.78
1760616000,0.2004,0.2015,0.1883,0.1896,34153381.07
1760630400,0.1896,0.1949,0.186,0.1879,38689524.98
1760644800,0.1879,0.1889,0.1848,0.1885,16459426.41
1760659200,0.1885,0.1911,0.188,0.1904,10878289.41
1760673600,0.1904,0.1905,0.1784,0.1786,26836594.36
1760688000,0.1786,0.1839,0.1756,0.1827,38358474.14
1760702400,0.1827,0.185,0.1798,0.1849,30691021.47
1760716800,0.1849,0.1872,0.1834,0.1845,22812441.62
1760731200,0.1845,0.1878,0.1841,0.1847,13163992.760000002
1760745600,0.1847,0.1886,0.1844,0.187,9814545.62
1760760000,0.187,0.1899,0.1851,0.1879,9894746.68
1760774400,0.1879,0.1885,0.1867,0.188,8478719.01
1760788800,0.188,0.1888,0.186,0.1877,8268082.359999999
1760803200,0.1877,0.1907,0.1861,0.1894,9752826.98
1760817600,0.1894,0.1903,0.1883,0.1897,6377675.95
1760832000,0.1897,0.1908,0.1879,0.1907,8508089.89
1760846400,0.1907,0.1912,0.1883,0.1888,6621192.65
1760860800,0.1888,0.1968,0.1861,0.1934,32624303.630000003
1760875200,0.1934,0.1982,0.1927,0.1966,18133316.27
1760889600,0.1966,0.1987,0.1956,0.1969,15629074.18
1760904000,0.1969,0.1977,0.1949,0.1954,11883677.46
1760918400,0.1954,0.2,0.1918,0.1992,16526660.68
1760932800,0.1992,0.2025,0.1992,0.2013,11091031.71
1760947200,0.2013,0.2025,0.1997,0.2003,8796622.92
1760961600,0.2003,0.2019,0.1993,0.1994,11541712.77
1760976000,0.1994,0.2004,0.196,0.1997,12676743.88
1760990400,0.1997,0.2008,0.1985,0.2001,7038327.36
1761004800,0.2001,0.2007,0.196,0.1966,9916251.26
1761019200,0.1966,0.1966,0.1929,0.1944,13683994.63
1761033600,0.1944,0.1953,0.1922,0.1946,8329832.92
1761048000,0.1946,0.2056,0.1939,0.2044,28673244.020000003
1761062400,0.2044,0.205,0.1993,0.2016,20316411.81
1761076800,0.2016,0.2018,0.1938,0.1943,17478299.96
1761091200,0.1943,0.1955,0.1926,0.1939,12610361.83
1761105600,0.1939,0.1953,0.1899,0.192,16400654.28
1761120000,0.192,0.1921,0.1874,0.1911,18687977.81
1761134400,0.1911,0.1934,0.1883,0.1921,24933243.63
1761148800,0.1921,0.1931,0.1889,0.1905,19695051.94
1761163200,0.1905,0.191,0.1853,0.1899,19696413.82
1761177600,0.1899,0.1918,0.1897,0.1911,6998444.15
1761192000,0.1911,0.195,0.1909,0.194,8240029.98
1761206400,0.194,0.196,0.1932,0.1934,8401020.61
1761220800,0.1934,0.1962,0.1916,0.1956,15951730.45
1761235200,0.1956,0.1975,0.195,0.1959,15651821.24
1761249600,0.1959,0.1959,0.1926,0.195,8733280.84
1761264000,0.195,0.1959,0.1944,0.1954,6569760.0
1761278400,0.1954,0.1985,0.1951,0.1968,8570799.1
1761292800,0.1968,0.1979,0.1954,0.1974,4395049.69
1761307200,0.1974,0.2006,0.1941,0.195,17738452.52
1761321600,0.195,0.1971,0.1941,0.1968,10437917.28
1761336000,0.1968,0.1985,0.1967,0.1978,5476470.14
1761350400,0.1978,0.1999,0.1974,0.1979,6114436.38
1761364800,0.1979,0.1994,0.1978,0.198,4627150.779999999
1761379200,0.198,0.1989,0.1969,0.1976,2450310.87
1761393600,0.1976,0.1984,0.196,0.1963,5829270.83
1761408000,0.1963,0.1981,0.1962,0.1974,1922037.03
1761422400,0.1974,0.1976,0.1963,0.1965,2985415.43
1761436800,0.1965,0.1971,0.1947,0.195,5434316.43
1761451200,0.195,0.1967,0.195,0.1967,2744439.18
1761465600,0.1967,0.2024,0.1965,0.2019,11834876.6
1761480000,0.2019,0.2038,0.2015,0.2031,14453881.25
1761494400,0.2031,0.2031,0.2016,0.2019,6791943.399999999
1761508800,0.2019,0.207,0.2004,0.2058,17465036.25
1761523200,0.2058,0.2095,0.2054,0.2069,19169577.79
1761537600,0.2069,0.2089,0.2052,0.2063,10129443.61
1761552000,0.2063,0.2065,0.2017,0.2033,12621045.62
1761566400,0.2033,0.2037,0.2007,0.203,10623069.27
1761580800,0.203,0.2057,0.203,0.2032,12200379.93
1761595200,0.2032,0.2032,0.1991,0.2004,12595704.330000002
1761609600,0.2004,0.2016,0.1983,0.1997,9990172.16
1761624000,0.1997,0.202,0.1982,0.2003,4535598.44
1761638400,0.2003,0.2012,0.1996,0.1998,3515728.13
1761652800,0.1998,0.2031,0.1964,0.1997,20872103.11
1761667200,0.1997,0.2025,0.1963,0.1968,11552435.82
1761681600,0.1968,0.1969,0.1905,0.1937,30757668.28
1761696000,0.1937,0.1947,0.1927,0.1931,7349517.85
1761710400,0.1931,0.1948,0.193,0.1944,4479124.3
1761724800,0.1944,0.1957,0.1927,0.1955,8069086.74
1761739200,0.1955,0.1973,0.1904,0.1912,15461441.39
1761753600,0.1912,0.197,0.1873,0.194,34227120.03
1761768000,0.194,0.1967,0.1916,0.1924,16383186.17
1761782400,0.1924,0.1946,0.1913,0.1937,8057642.779999999
1761796800,0.1937,0.1937,0.186,0.1927,14557935.53
1761811200,0.1927,0.1927,0.1879,0.188,6743747.99
1761825600,0.188,0.1883,0.18,0.1807,28948890.05
1761840000,0.1807,0.1821,0.1765,0.177,21760800.38
1761854400,0.177,0.1828,0.1764,0.1827,19183363.46
1761868800,0.1827,0.1858,0.1823,0.1845,15760949.420000002
1761883200,0.1845,0.186,0.184,0.1845,6357679.59
1761897600,0.1845,0.1872,0.1837,0.1867,4407370.06
1761912000,0.1867,0.1872,0.1846,0.1859,11460056.12
1761926400,0.1859,0.1881,0.1827,0.1874,14178103.93
1761940800,0.1874,0.1875,0.1853,0.1864,4020431.92
1761955200,0.1864,0.1871,0.185,0.1869,4552333.74
1761969600,0.1869,0.1871,0.1855,0.187,4632443.7
1761984000,0.187,0.1878,0.1866,0.1869,3851203.09
1761998400,0.1869,0.1874,0.1822,0.1873,6653357.49
1762012800,0.1873,0.1878,0.1866,0.1873,3980102.46
1762027200,0.1873,0.1883,0.1861,0.1873,6609494.27
1762041600,0.1873,0.1873,0.1858,0.1862,3419990.54
1762056000,0.1862,0.1888,0.186,0.1882,6506959.79
1762070400,0.1882,0.1883,0.1848,0.187,4749007.47
1762084800,0.187,0.187,0.1829,0.1834,7964850.98
1762099200,0.1834,0.1843,0.1818,0.1832,9119858.31
1762113600,0.1832,0.1867,0.1828,0.1864,6110746.09
1762128000,0.1864,0.1866,0.1746,0.1751,20171311.01
1762142400,0.1751,0.1767,0.1712,0.1735,19777286.04
1762156800,0.1735,0.1753,0.1716,0.1742,11358441.12
1762171200,0.1742,0.1757,0.1611,0.167,37702268.44
1762185600,0.167,0.1717,0.1656,0.1681,25437320.03
1762200000,0.1681,0.1684,0.1644,0.1673,18960804.3
1762214400,0.1673,0.1709,0.1656,0.1704,16789057.0
1762228800,0.1704,0.171,0.1607,0.162,26860377.41
1762243200,0.162,0.1669,0.1609,0.1661,14279085.93
1762257600,0.1661,0.1684,0.1608,0.1639,22216215.29
1762272000,0.1639,0.1651,0.1542,0.1579,33845865.31
1762286400,0.1579,0.1643,0.1517,0.1622,35638817.0
1762300800,0.1622,0.1649,0.1546,0.1644,23161962.130000003
1762315200,0.1644,0.1661,0.1637,0.1649,10654228.99
1762329600,0.1649,0.1649,0.1612,0.1639,10231005.22
1762344000,0.1639,0.1673,0.163,0.1673,17718671.03
1762358400,0.1673,0.1689,0.1657,0.1673,13705781.33
1762372800,0.1673,0.1683,0.1661,0.1672,10868754.82
1762387200,0.1672,0.1677,0.1644,0.167,10453267.95
1762401600,0.167,0.1674,0.1628,0.1633,7153338.44
1762416000,0.1633,0.164,0.1622,0.163,7145500.42
1762430400,0.163,0.1637,0.1585,0.1591,19594415.21
1762444800,0.1591,0.162,0.157,0.1607,18445302.93
1762459200,0.1607,0.1628,0.1595,0.1616,9153535.62
1762473600,0.1616,0.165,0.1609,0.1643,12285558.02
1762488000,0.1643,0.1671,0.1636,0.1669,6675807.13
1762502400,0.1669,0.1672,0.1621,0.1637,8696278.059999999
1762516800,0.1637,0.1701,0.1595,0.1689,28938025.35
1762531200,0.1689,0.1815,0.1683,0.1806,42220183.29
1762545600,0.1806,0.1815,0.1783,0.1787,15595098.27
1762560000,0.1787,0.1833,0.1772,0.1797,22616360.6
1762574400,0.1797,0.1821,0.1776,0.1801,15749063.98
1762588800,0.1801,0.1821,0.1785,0.179,6788008.28
1762603200,0.179,0.1795,0.1732,0.174,15584152.14
1762617600,0.174,0.176,0.1729,0.175,11142676.05
1762632000,0.175,0.1766,0.1745,0.176,4972714.7
1762646400,0.176,0.176,0.1712,0.172,10327320.05
1762660800,0.172,0.1753,0.1719,0.1752,3984122.57
1762675200,0.1752,0.1755,0.1725,0.1751,5642656.21
1762689600,0.1751,0.1795,0.1748,0.1781,16513497.29
1762704000,0.1781,0.1801,0.1765,0.1801,10843812.4
1762718400,0.1801,0.1815,0.1785,0.1793,12570009.02
1762732800,0.1793,0.1837,0.178,0.1816,20523148.3
1762747200,0.1816,0.182,0.1801,0.1813,12624892.6
1762761600,0.1813,0.1857,0.1796,0.183,14420845.44
1762776000,0.183,0.184,0.1778,0.1792,21029078.75
1762790400,0.1792,0.181,0.1772,0.1799,11452444.65
1762804800,0.1799,0.1841,0.1782,0.1817,14123349.51
1762819200,0.1817,0.1863,0.1794,0.1828,18348304.83
1762833600,0.1828,0.1833,0.1763,0.1764,12495580.66
1762848000,0.1764,0.1787,0.1762,0.1776,10447748.83
1762862400,0.1776,0.1788,0.1753,0.1762,13129802.98
1762876800,0.1762,0.1771,0.1734,0.1743,17373312.85
1762891200,0.1743,0.1745,0.1715,0.172,9833694.68
1762905600,0.172,0.173,0.1709,0.1715,14808971.45
1762920000,0.1715,0.1729,0.171,0.1714,7363387.18
1762934400,0.1714,0.1771,0.1714,0.1762,8122319.7
1762948800,0.1762,0.1785,0.1708,0.1714,14190826.06
1762963200,0.1714,0.1718,0.1672,0.169,18477841.2
1762977600,0.169,0.1713,0.1685,0.1702,6575656.23
1762992000,0.1702,0.1755,0.1692,0.1741,9051490.99
1763006400,0.1741,0.177,0.1733,0.1757,9334652.93
1763020800,0.1757,0.1768,0.1743,0.1759,5148998.7
1763035200,0.1759,0.1776,0.1721,0.1727,14526664.4
1763049600,0.1727,0.1732,0.1602,0.1612,30328304.1
1763064000,0.1612,0.1652,0.1599,0.1638,16903678.32
1763078400,0.1638,0.1656,0.1625,0.164,12923914.22
1763092800,0.164,0.1661,0.1593,0.165,17111050.15
1763107200,0.165,0.1652,0.1607,0.162,10296675.27
1763121600,0.162,0.1645,0.1576,0.1627,29897448.78
1763136000,0.1627,0.1647,0.1609,0.1632,13679671.1
1763150400,0.1632,0.1632,0.1547,0.1575,14414143.71
1763164800,0.1575,0.163,0.1572,0.1628,8202087.56
1763179200,0.1628,0.1641,0.1622,0.163,3892093.55
1763193600,0.163,0.163,0.1607,0.1617,3755851.92
1763208000,0.1617,0.164,0.1615,0.163,6035992.73
1763222400,0.163,0.1647,0.162,0.1636,5935970.11
1763236800,0.1636,0.1639,0.1618,0.1631,5428541.609999999
1763251200,0.1631,0.1643,0.1599,0.1637,8317201.97
1763265600,0.1637,0.1642,0.1626,0.164,2840908.67
1763280000,0.164,0.1655,0.1609,0.1613,5306746.19
1763294400,0.1613,0.1622,0.1583,0.1585,8962618.6
1763308800,0.1585,0.1594,0.1536,0.1558,19500628.52
1763323200,0.1558,0.1595,0.155,0.1585,11489408.48
1763337600,0.1585,0.1615,0.1569,0.1613,10359836.73
1763352000,0.1613,0.1622,0.1606,0.1617,5897473.18
1763366400,0.1617,0.1629,0.1611,0.162,3630907.32
1763380800,0.162,0.1649,0.1575,0.1583,19833139.28
1763395200,0.1583,0.1606,0.1516,0.1521,35209025.72
1763409600,0.1521,0.1532,0.1505,0.152,16513055.76
1763424000,0.152,0.1546,0.1493,0.1544,21180122.32
1763438400,0.1544,0.156,0.1521,0.1549,11962762.07
1763452800,0.1549,0.1576,0.1549,0.1568,8083971.18
1763467200,0.1568,0.1604,0.1557,0.1591,15296027.8
1763481600,0.1591,0.1628,0.1586,0.1621,13065918.99
1763496000,0.1621,0.1626,0.1605,0.1617,8458725.74
1763510400,0.1617,0.1624,0.1592,0.1595,9877151.06
1763524800,0.1595,0.16,0.1553,0.1588,11499908.33
1763539200,0.1588,0.1593,0.1572,0.1581,8403915.45
1763553600,0.1581,0.1596,0.1541,0.1544,14009884.89
1763568000,0.1544,0.1553,0.1471,0.1486,29968124.19
1763582400,0.1486,0.155,0.1479,0.1544,18842401.12
1763596800,0.1544,0.1582,0.1536,0.1575,10162194.46
1763611200,0.1575,0.1587,0.1563,0.158,5800238.47
1763625600,0.158,0.1582,0.1563,0.1578,5075518.88
1763640000,0.1578,0.1595,0.1561,0.1572,17745346.490000002
1763654400,0.1572,0.1574,0.1461,0.1495,37355161.26
1763668800,0.1495,0.1529,0.1481,0.1488,13733982.62
1763683200,0.1488,0.1509,0.145,0.1468,13938391.27
1763697600,0.1468,0.148,0.1364,0.1403,32987970.44
1763712000,0.1403,0.1421,0.1363,0.1366,17797258.490000002
1763726400,0.1366,0.1419,0.1332,0.1378,27203520.29
1763740800,0.1378,0.1433,0.1357,0.1399,26669123.96
1763755200,0.1399,0.1416,0.1357,0.1402,19858865.48
1763769600,0.1402,0.1414,0.1385,0.1393,9958946.71
1763784000,0.1393,0.14,0.1357,0.1396,9565584.87
1763798400,0.1396,0.1399,0.1355,0.1382,8463484.69
1763812800,0.1382,0.1394,0.1356,0.1381,8421764.9
1763827200,0.1381,0.1401,0.138,0.1394,6145486.38
1763841600,0.1394,0.1423,0.1387,0.1402,6991219.52
1763856000,0.1402,0.1433,0.1396,0.1428,9810752.96
1763870400,0.1428,0.1446,0.142,0.1428,10420765.96
1763884800,0.1428,0.1442,0.1428,0.1438,3669157.02
1763899200,0.1438,0.1477,0.1436,0.1472,12078216.02
1763913600,0.1472,0.1476,0.1446,0.1465,8372660.029999999
1763928000,0.1465,0.1475,0.1445,0.145,9967606.4
1763942400,0.145,0.1492,0.1436,0.1473,16546050.27
1763956800,0.1473,0.1488,0.1445,0.1462,10419478.53
1763971200,0.1462,0.1469,0.144,0.1454,7239442.52
1763985600,0.1454,0.1475,0.1428,0.1468,19633751.16
1764000000,0.1468,0.1533,0.1467,0.1524,25377670.49
1764014400,0.1524,0.1539,0.1517,0.1518,9011194.010000002
1764028800,0.1518,0.1522,0.1502,0.1511,7384392.890000001
1764043200,0.1511,0.1519,0.1492,0.1492,5347171.859999999
1764057600,0.1492,0.1497,0.1475,0.1486,9873032.16
1764072000,0.1486,0.15,0.1458,0.1479,15383296.2
1764086400,0.1479,0.1521,0.1479,0.151,16061319.78
1764100800,0.151,0.1549,0.1508,0.1529,13218616.95
1764115200,0.1529,0.1539,0.1503,0.1505,11498294.65
1764129600,0.1505,0.1524,0.15,0.1523,4940726.1
1764144000,0.1523,0.1523,0.1496,0.1499,4233043.92
1764158400,0.1499,0.1519,0.1486,0.1506,11571277.06
1764172800,0.1506,0.1567,0.1506,0.1558,22064412.41
1764187200,0.1558,0.1562,0.1543,0.1547,11344865.43
1764201600,0.1547,0.1556,0.1538,0.1539,12139606.71
1764216000,0.1539,0.1548,0.1537,0.1543,4446683.14
1764230400,0.1543,0.1546,0.1524,0.1529,4315764.2
1764244800,0.1529,0.154,0.1522,0.154,5349360.71
1764259200,0.154,0.1544,0.1527,0.1539,6370990.6
1764273600,0.1539,0.1548,0.1523,0.1527,5100623.24
1764288000,0.1527,0.1529,0.1497,0.1509,7917697.29
1764302400,0.1509,0.1512,0.1496,0.1498,6796265.859999999
1764316800,0.1498,0.1535,0.1498,0.1504,7508068.35
1764331200,0.1504,0.1555,0.1502,0.1537,11185075.97
1764345600,0.1537,0.1538,0.1483,0.151,13824710.34
1764360000,0.151,0.1513,0.1496,0.1502,6501052.07
1764374400,0.1502,0.1509,0.1495,0.1499,3714023.27
1764388800,0.1499,0.1507,0.1486,0.1491,4244864.42
1764403200,0.1491,0.1496,0.1485,0.1495,3565766.44
1764417600,0.1495,0.15,0.1484,0.1495,3555424.9
1764432000,0.1495,0.1496,0.1472,0.1483,5319776.5600000005
1764446400,0.1483,0.149,0.1479,0.1484,4032866.32
1764460800,0.1484,0.1496,0.1481,0.1494,3418075.18
1764475200,0.1494,0.1495,0.1485,0.1493,2565399.69
1764489600,0.1493,0.1499,0.1487,0.1489,2797949.43
1764504000,0.1489,0.1506,0.1486,0.1494,4766821.57
1764518400,0.1494,0.1506,0.1493,0.1498,7255435.529999999
1764532800,0.1498,0.1504,0.1459,0.146,7162667.539999999
1764547200,0.146,0.1464,0.137,0.1372,26938863.7
1764561600,0.1372,0.1378,0.1366,0.1377,7132634.66
1764576000,0.1377,0.1384,0.1366,0.137,5502646.74
1764590400,0.137,0.1371,0.1319,0.1338,16906411.71
1764604800,0.1338,0.1339,0.1321,0.1333,12558598.29
1764619200,0.1333,0.1366,0.1333,0.1355,9331683.17
1764633600,0.1355,0.1372,0.1349,0.1363,5860159.0600000005
1764648000,0.1363,0.1368,0.1354,0.1356,2991948.41
1764662400,0.1356,0.1373,0.1345,0.137,4318097.61
1764676800,0.137,0.1478,0.1368,0.1463,19341405.86
1764691200,0.1463,0.1473,0.145,0.1461,15105379.39
1764705600,0.1461,0.1473,0.1448,0.1458,10697578.91
1764720000,0.1458,0.148,0.1453,0.1474,9593018.16
1764734400,0.1474,0.1524,0.1473,0.1505,15084307.32
1764748800,0.1505,0.1509,0.1492,0.1501,7500469.83
1764763200,0.1501,0.1509,0.1467,0.1492,16429490.66
1764777600,0.1492,0.152,0.1484,0.1507,10787400.7
1764792000,0.1507,0.1534,0.1502,0.1517,12166726.27
1764806400,0.1517,0.1532,0.1507,0.1511,8525137.06
1764820800,0.1511,0.1516,0.1493,0.1499,6840502.14
1764835200,0.1499,0.1504,0.1491,0.1494,4082796.81
1764849600,0.1494,0.151,0.1478,0.1503,10927394.23
1764864000,0.1503,0.1504,0.1457,0.148,12648129.14
1764878400,0.148,0.1486,0.1472,0.1475,4848661.54
1764892800,0.1475,0.1484,0.1472,0.1475,4049917.47
1764907200,0.1475,0.1479,0.1462,0.1475,4849395.5600000005
1764921600,0.1475,0.1475,0.1437,0.1443,9636835.88
1764936000,0.1443,0.1449,0.1419,0.1425,13486225.07
1764950400,0.1425,0.1426,0.1373,0.1391,18623726.8
1764964800,0.1391,0.1397,0.1381,0.1396,6815361.32
1764979200,0.1396,0.1404,0.139,0.14,4381013.7700000005
1764993600,0.14,0.1401,0.1389,0.1393,4590705.4
1765008000,0.1393,0.1399,0.1384,0.1397,4245963.51
1765022400,0.1397,0.1408,0.1391,0.1396,5568712.43
1765036800,0.1396,0.1406,0.1391,0.1394,5651907.88
1765051200,0.1394,0.1405,0.1391,0.1398,4605351.22
1765065600,0.1398,0.1404,0.1396,0.1404,4193926.95
1765080000,0.1404,0.1409,0.1394,0.1395,3397135.34
1765094400,0.1395,0.1398,0.1385,0.139,2699983.15
1765108800,0.139,0.1399,0.135,0.1393,12738249.09
1765123200,0.1393,0.1429,0.1382,0.1421,11319685.39
1765137600,0.1421,0.1423,0.1359,0.1387,10354404.98
1765152000,0.1387,0.1415,0.1381,0.1403,6683039.3
1765166400,0.1403,0.1426,0.1403,0.1422,4742451.02
1765180800,0.1422,0.1448,0.142,0.1432,7970780.09
1765195200,0.1432,0.145,0.1419,0.1425,12905381.54
1765209600,0.1425,0.1439,0.1412,0.1427,10568884.27
1765224000,0.1427,0.144,0.142,0.1426,6098859.4
1765238400,0.1426,0.1427,0.1403,0.1416,5822126.39
1765252800,0.1416,0.1417,0.1394,0.1408,5873553.46
1765267200,0.1408,0.141,0.1397,0.1409,3968632.33
1765281600,0.1409,0.1467,0.1405,0.1462,18491291.13
1765296000,0.1462,0.1532,0.1462,0.1509,33159134.93
1765310400,0.1509,0.1516,0.1469,0.148,10330231.42
1765324800,0.148,0.1483,0.146,0.1474,6607108.6
1765339200,0.1474,0.1478,0.1461,0.1467,3934452.65
1765353600,0.1467,0.1481,0.1453,0.1459,5945014.94
1765368000,0.1459,0.1466,0.1446,0.1451,6815701.42
1765382400,0.1451,0.1492,0.145,0.1475,15471659.47
1765396800,0.1475,0.1504,0.1424,0.1433,21603628.24
1765411200,0.1433,0.1436,0.1373,0.1381,14742801.09
1765425600,0.1381,0.1391,0.1375,0.1381,6909202.17
1765440000,0.1381,0.1384,0.1372,0.1381,3644777.59
1765454400,0.1381,0.1384,0.1367,0.1372,9109161.34
1765468800,0.1372,0.1397,0.1363,0.1384,12787791.59
1765483200,0.1384,0.1428,0.1384,0.1404,10851206.15
1765497600,0.1404,0.1413,0.1387,0.1406,6120216.32
1765512000,0.1406,0.1415,0.1398,0.1406,3409797.7
1765526400,0.1406,0.1414,0.1399,0.1411,3636787.09
1765540800,0.1411,0.1414,0.1351,0.1356,12491565.59
1765555200,0.1356,0.1373,0.1344,0.1361,13271913.38
1765569600,0.1361,0.1374,0.1355,0.1369,4390062.1
1765584000,0.1369,0.1377,0.1369,0.1375,3469426.51
1765598400,0.1375,0.1379,0.1372,0.1378,2818757.95
1765612800,0.1378,0.1396,0.1378,0.1388,4104874.35
1765627200,0.1388,0.14,0.1386,0.1395,4664798.62
1765641600,0.1395,0.1399,0.1387,0.139,3823207.95
1765656000,0.139,0.1395,0.138,0.1391,3202994.22
1765670400,0.1391,0.1393,0.1386,0.1388,2934199.5
1765684800,0.1388,0.1389,0.1376,0.1383,3367398.6100000003
1765699200,0.1383,0.1384,0.1359,0.1368,3570337.32
1765713600,0.1368,0.1372,0.135,0.1355,6338134.779999999
1765728000,0.1355,0.1362,0.1334,0.1343,10268437.46
1765742400,0.1343,0.1348,0.1327,0.1341,7614378.29
1765756800,0.1341,0.1384,0.1341,0.1362,7214778.46
1765771200,0.1362,0.1373,0.136,0.1363,2942935.09
1765785600,0.1363,0.1377,0.1362,0.1368,4388324.850000001
1765800000,0.1368,0.1375,0.1298,0.1308,18267564.56
1765814400,0.1308,0.1312,0.1266,0.1289,18188073.34
1765828800,0.1289,0.1298,0.1275,0.1298,6190497.62
1765843200,0.1298,0.1301,0.1283,0.1292,5297178.609999999
1765857600,0.1292,0.1301,0.1272,0.1284,4241251.04
1765872000,0.1284,0.132,0.1284,0.1316,4359304.11
1765886400,0.1316,0.133,0.1289,0.1326,15313864.15
1765900800,0.1326,0.1329,0.1309,0.132,8873043.540000001
1765915200,0.132,0.1324,0.1314,0.1318,4392503.1
1765929600,0.1318,0.1324,0.131,0.1312,3486749.49
1765944000,0.1312,0.1313,0.13,0.1309,4102327.37
1765958400,0.1309,0.1309,0.1293,0.1303,3267594.44
1765972800,0.1303,0.1362,0.1294,0.1299,19000746.88
1765987200,0.1299,0.1307,0.1248,0.1264,21733608.72
1766001600,0.1264,0.1278,0.1253,0.1263,7076079.29
1766016000,0.1263,0.1267,0.1251,0.1254,5294122.85
1766030400,0.1254,0.1258,0.1238,0.1248,7551098.34
1766044800,0.1248,0.1264,0.1247,0.126,5030557.4
1766059200,0.126,0.1306,0.1257,0.1295,16866945.77
1766073600,0.1295,0.1297,0.1199,0.1202,24417877.58
1766088000,0.1202,0.1237,0.1201,0.122,9965403.4
1766102400,0.122,0.1262,0.1205,0.1254,11952316.15
1766116800,0.1254,0.1288,0.1253,0.1278,9806293.0
1766131200,0.1278,0.1285,0.1276,0.1281,4548453.91
1766145600,0.1281,0.132,0.1279,0.1296,13783708.7
1766160000,0.1296,0.1334,0.1295,0.1328,13906912.63
1766174400,0.1328,0.1333,0.1317,0.1322,5921165.720000001
1766188800,0.1322,0.1322,0.1307,0.1314,3932213.23
1766203200,0.1314,0.1316,0.1306,0.1315,3081230.73
1766217600,0.1315,0.1325,0.1315,0.1319,2675999.0300000003
1766232000,0.1319,0.1323,0.1312,0.132,4489278.75
1766246400,0.132,0.1323,0.1316,0.1321,3308788.33
1766260800,0.1321,0.1324,0.1315,0.1319,2750608.7
1766275200,0.1319,0.1321,0.1305,0.1311,2975179.07
1766289600,0.1311,0.1317,0.1309,0.1313,1700481.83
1766304000,0.1313,0.1333,0.1312,0.1317,3285421.34
1766318400,0.1317,0.1322,0.1287,0.1295,5527349.45
1766332800,0.1295,0.1305,0.1291,0.1303,4260788.32
1766347200,0.1303,0.1314,0.1293,0.1311,3739618.15
1766361600,0.1311,0.1341,0.1296,0.132,8403324.219999999
1766376000,0.132,0.1327,0.1315,0.1321,2902904.97
1766390400,0.1321,0.1332,0.1317,0.1328,3810344.71
1766404800,0.1328,0.1353,0.1325,0.1343,10633790.94
1766419200,0.1343,0.1352,0.1316,0.1319,10095472.99
1766433600,0.1319,0.1326,0.1308,0.1325,8665007.370000001
1766448000,0.1325,0.1336,0.1313,0.1325,5102171.06
1766462400,0.1325,0.133,0.1299,0.1304,7079835.4
1766476800,0.1304,0.1313,0.1299,0.1311,3038105.81
1766491200,0.1311,0.1311,0.1279,0.1294,9370695.27
1766505600,0.1294,0.1309,0.1282,0.1289,8473567.620000001
1766520000,0.1289,0.1304,0.1286,0.1292,4507626.55
1766534400,0.1292,0.1303,0.1274,0.1284,4760046.79
1766548800,0.1284,0.1288,0.1266,0.127,4128898.24
1766563200,0.127,0.1283,0.1264,0.1279,2983023.9000000004
1766577600,0.1279,0.1285,0.1267,0.1283,5076130.74
1766592000,0.1283,0.1293,0.1275,0.1281,4745535.82
1766606400,0.1281,0.1292,0.128,0.1285,4105715.93
1766620800,0.1285,0.129,0.1278,0.1287,2956138.82
1766635200,0.1287,0.1287,0.1277,0.1279,2051871.56
1766649600,0.1279,0.1285,0.1256,0.1262,3957668.1
1766664000,0.1262,0.1281,0.1258,0.1275,5648568.39
1766678400,0.1275,0.1279,0.1267,0.1271,5074616.32
1766692800,0.1271,0.1272,0.123,0.1236,10927609.41
1766707200,0.1236,0.1274,0.1231,0.1259,11231999.41
1766721600,0.1259,0.1266,0.1252,0.1253,5454980.26
1766736000,0.1253,0.126,0.1252,0.1253,2771239.5
1766750400,0.1253,0.1263,0.1212,0.1221,12022787.36
1766764800,0.1221,0.1224,0.1205,0.122,8852167.05
1766779200,0.122,0.1225,0.1216,0.122,4426834.95
1766793600,0.122,0.1233,0.1218,0.1232,4168457.0
1766808000,0.1232,0.1233,0.1225,0.1226,3368564.85
1766822400,0.1226,0.123,0.122,0.123,2594420.93
1766836800,0.123,0.1233,0.1224,0.123,3386288.78
1766851200,0.123,0.1232,0.1226,0.1228,3311550.77
1766865600,0.1228,0.1248,0.1228,0.1243,5896778.12
1766880000,0.1243,0.1246,0.1236,0.124,3067901.5300000003
1766894400,0.124,0.1243,0.1237,0.1241,2367014.1500000004
1766908800,0.1241,0.1243,0.1234,0.1239,3159345.44
1766923200,0.1239,0.1248,0.1238,0.1242,2445654.3
1766937600,0.1242,0.1246,0.1231,0.1234,3270602.74
1766952000,0.1234,0.124,0.1227,0.1238,3445473.25
1766966400,0.1238,0.1276,0.1237,0.1273,11999478.65
1766980800,0.1273,0.1279,0.1261,0.127,5405183.19
1766995200,0.127,0.1271,0.1243,0.1248,4926970.14
1767009600,0.1248,0.1248,0.1224,0.124,8678007.09
1767024000,0.124,0.124,0.1226,0.1227,6068727.55
1767038400,0.1227,0.1231,0.1221,0.1227,3806658.99
1767052800,0.1227,0.1236,0.1223,0.1233,3198157.32
1767067200,0.1233,0.1237,0.1227,0.1236,3562499.16
1767081600,0.1236,0.125,0.1236,0.1244,8300905.18
1767096000,0.1244,0.1252,0.123,0.1244,10878272.42
1767110400,0.1244,0.1249,0.1225,0.1232,7236845.02
1767124800,0.1232,0.1233,0.1225,0.1232,4206943.24
1767139200,0.1232,0.1236,0.1228,0.123,4336139.0
1767153600,0.123,0.1232,0.1228,0.1232,2330381.04
1767168000,0.1232,0.1235,0.1227,0.1233,4883142.74
1767182400,0.1233,0.1236,0.1204,0.121,9567158.09
1767196800,0.121,0.1213,0.1161,0.1171,22033156.65
1767211200,0.1171,0.1176,0.1159,0.1173,10696304.01
1767225600,0.1173,0.1186,0.1172,0.1181,7483560.24
1767240000,0.1181,0.1185,0.1178,0.1183,5256917.35
1767254400,0.1183,0.121,0.1182,0.1205,8923350.2
1767268800,0.1205,0.1273,0.1202,0.1245,14475923.22
1767283200,0.1245,0.1257,0.1235,0.1257,18761852.13
1767297600,0.1257,0.1271,0.1253,0.1267,10301998.43
1767312000,0.1267,0.1292,0.1258,0.1285,6907149.58
1767326400,0.1285,0.1289,0.1274,0.1278,5995155.600000001
1767340800,0.1278,0.1344,0.1277,0.1293,22825710.1
1767355200,0.1293,0.136,0.1292,0.1351,33898393.36
1767369600,0.1351,0.1399,0.1348,0.1394,33143107.42
1767384000,0.1394,0.1449,0.1389,0.1418,38452389.64
1767398400,0.1418,0.1444,0.1413,0.1441,13086925.39
1767412800,0.1441,0.1443,0.1393,0.1399,13879500.25
1767427200,0.1399,0.1432,0.1393,0.1425,12135569.1
1767441600,0.1425,0.1433,0.1421,0.1422,6649165.28
1767456000,0.1422,0.1423,0.1408,0.1416,7810976.0
1767470400,0.1416,0.1436,0.1413,0.1431,7134426.36
1767484800,0.1431,0.1518,0.1427,0.151,36766142.44
1767499200,0.151,0.1539,0.1497,0.1515,30215943.84
1767513600,0.1515,0.1527,0.1507,0.1519,12607180.49
1767528000,0.1519,0.1541,0.1504,0.1515,16392852.29
1767542400,0.1515,0.1527,0.148,0.1498,22385392.84
1767556800,0.1498,0.1506,0.1486,0.1495,8978100.379999999
1767571200,0.1495,0.1524,0.1488,0.1515,18667225.19
1767585600,0.1515,0.1516,0.1488,0.1499,11909537.95
1767600000,0.1499,0.1506,0.1459,0.1477,15885887.29
1767614400,0.1477,0.1494,0.1463,0.1488,17294058.32
1767628800,0.1488,0.1538,0.1485,0.1517,28655159.88
1767643200,0.1517,0.1542,0.1509,0.1517,17720390.46
1767657600,0.1517,0.1544,0.1492,0.1528,21235500.13
1767672000,0.1528,0.1529,0.1492,0.1495,13780571.5
1767686400,0.1495,0.1508,0.1495,0.1504,7798787.23
1767700800,0.1504,0.1565,0.1492,0.1499,27730051.77
1767715200,0.1499,0.1503,0.1435,0.1458,30580879.57
1767729600,0.1458,0.1509,0.1458,0.1505,13051080.61
1767744000,0.1505,0.1505,0.1469,0.1483,11577560.3
1767758400,0.1483,0.1491,0.1473,0.1489,6549259.38
1767772800,0.1489,0.1539,0.1475,0.1488,23560657.36
1767787200,0.1488,0.1488,0.1449,0.146,18412658.33
1767801600,0.146,0.1483,0.1454,0.1465,16187488.73
1767816000,0.1465,0.1471,0.1454,0.1463,9368883.74
1767830400,0.1463,0.1476,0.1445,0.1451,7818923.31
1767844800,0.1451,0.1472,0.1411,0.1438,12585989.96
1767859200,0.1438,0.1446,0.138,0.1408,21315724.18
1767873600,0.1408,0.1419,0.1382,0.1418,19731386.91
1767888000,0.1418,0.1431,0.1406,0.1418,12328022.25
1767902400,0.1418,0.1433,0.1409,0.1418,10704864.86
1767916800,0.1418,0.1435,0.1412,0.1429,8610412.67
1767931200,0.1429,0.143,0.1418,0.1418,7775344.699999999
1767945600,0.1418,0.142,0.1388,0.1402,7652441.76
1767960000,0.1402,0.1443,0.1382,0.142,21465840.3
1767974400,0.142,0.1441,0.1388,0.1394,14144127.35
1767988800,0.1394,0.141,0.1392,0.1405,6674999.8100000005
1768003200,0.1405,0.1405,0.1396,0.1401,3362151.55
1768017600,0.1401,0.1404,0.1393,0.1402,2608279.14
1768032000,0.1402,0.1403,0.1394,0.1398,5308367.359999999
1768046400,0.1398,0.1403,0.1395,0.1398,3915459.93
1768060800,0.1398,0.1402,0.1394,0.1401,3089725.26
1768075200,0.1401,0.1403,0.1389,0.1395,3825600.58
1768089600,0.1395,0.1395,0.1384,0.1389,6868868.4
1768104000,0.1389,0.1399,0.1386,0.1399,4564111.8
1768118400,0.1399,0.1402,0.1393,0.1395,3355766.5300000003
1768132800,0.1395,0.141,0.1366,0.138,8443869.78
1768147200,0.138,0.1398,0.1371,0.1374,8485797.25
1768161600,0.1374,0.1381,0.1357,0.1378,12328666.08
1768176000,0.1378,0.1421,0.1365,0.1402,12643258.92
1768190400,0.1402,0.1412,0.1376,0.1378,6821002.01
1768204800,0.1378,0.1386,0.1355,0.1365,6374618.07
1768219200,0.1365,0.1385,0.1348,0.1384,10155068.04
1768233600,0.1384,0.14,0.1368,0.1382,9355031.42
1768248000,0.1382,0.1388,0.1354,0.1365,8126560.45
1768262400,0.1365,0.1373,0.1361,0.137,6047986.100000001
1768276800,0.137,0.1394,0.137,0.1385,6366276.78
1768291200,0.1385,0.1402,0.1385,0.1389,6052483.53
1768305600,0.1389,0.1422,0.1386,0.142,14883843.79
1768320000,0.142,0.1447,0.1419,0.1443,17408662.97
1768334400,0.1443,0.1508,0.1435,0.1482,28822757.49
1768348800,0.1482,0.1496,0.1472,0.1495,11317380.4
1768363200,0.1495,0.1497,0.1468,0.1484,8346054.86
1768377600,0.1484,0.1487,0.1458,0.1459,6794239.77
1768392000,0.1459,0.1498,0.1456,0.1489,17668183.53
1768406400,0.1489,0.1513,0.1463,0.1479,28047095.48
1768420800,0.1479,0.1491,0.1463,0.1472,9115573.86
1768435200,0.1472,0.1472,0.1424,0.1427,11834766.79
1768449600,0.1427,0.1444,0.1426,0.1441,6570164.52
1768464000,0.1441,0.145,0.1433,0.1436,4377684.11
1768478400,0.1436,0.1449,0.14,0.142,18778406.72
1768492800,0.142,0.1424,0.1391,0.14,12393558.0
1768507200,0.14,0.1404,0.1388,0.14,7270165.26
1768521600,0.14,0.1404,0.1392,0.1394,4324220.6
1768536000,0.1394,0.1403,0.1384,0.14,4483797.04
1768550400,0.14,0.1403,0.1373,0.138,7589547.21
1768564800,0.138,0.1384,0.1351,0.136,12974034.8
1768579200,0.136,0.1374,0.1356,0.1372,7403570.33
1768593600,0.1372,0.1384,0.1363,0.1381,9928685.7
1768608000,0.1381,0.1385,0.1373,0.1374,3783897.39
1768622400,0.1374,0.1378,0.1368,0.1372,2561862.37
1768636800,0.1372,0.1379,0.1371,0.1377,2197488.99
1768651200,0.1377,0.14,0.1374,0.1395,4688166.98
1768665600,0.1395,0.1398,0.1382,0.1386,5655941.66
1768680000,0.1386,0.139,0.1373,0.1379,4142405.92
1768694400,0.1379,0.1383,0.1368,0.1374,3986623.93
1768708800,0.1374,0.1375,0.1367,0.1371,2051887.03
1768723200,0.1371,0.1376,0.1368,0.1371,2138988.93
1768737600,0.1371,0.1379,0.1363,0.1365,7332013.74
1768752000,0.1365,0.1379,0.1363,0.1371,6042846.54
1768766400,0.1371,0.1379,0.1314,0.1316,19133039.11
1768780800,0.1316,0.1316,0.1222,0.1273,37018809.21
1768795200,0.1273,0.1276,0.1265,0.1271,6057162.06
1768809600,0.1271,0.1283,0.1271,0.1278,4007409.57
1768824000,0.1278,0.1289,0.1273,0.1278,8323996.359999999
1768838400,0.1278,0.1301,0.1277,0.1298,7997463.95
1768852800,0.1298,0.1306,0.1285,0.1291,7175759.72
1768867200,0.1291,0.1292,0.1277,0.1279,5977624.62
1768881600,0.1279,0.1281,0.1264,0.1266,7580329.550000001
1768896000,0.1266,0.1269,0.125,0.1251,7222226.22
1768910400,0.1251,0.1266,0.1241,0.1251,10962462.48
1768924800,0.1251,0.1255,0.1232,0.1238,9798069.7
1768939200,0.1238,0.1243,0.1218,0.1232,5964053.67
1768953600,0.1232,0.1263,0.1231,0.1254,5765477.75
1768968000,0.1254,0.1263,0.1247,0.1249,3961703.03
1768982400,0.1249,0.1249,0.1228,0.123,3677045.56
1768996800,0.123,0.1265,0.1215,0.1263,10891211.09
1769011200,0.1263,0.1282,0.1203,0.128,15723829.33
1769025600,0.128,0.1287,0.1262,0.1264,10045904.35
1769040000,0.1264,0.1278,0.1263,0.1268,3522878.9
1769054400,0.1268,0.1273,0.1259,0.126,4375030.35
1769068800,0.126,0.1271,0.1256,0.1258,3431544.25
1769083200,0.1258,0.1264,0.1231,0.1242,8515554.4
1769097600,0.1242,0.1254,0.1238,0.1247,7862827.15
1769112000,0.1247,0.1248,0.1236,0.1243,7194757.15
1769126400,0.1243,0.1256,0.1239,0.1254,4824776.85
1769140800,0.1254,0.1258,0.1248,0.1249,3933356.68
1769155200,0.1249,0.1253,0.1241,0.125,3247192.08
1769169600,0.125,0.1252,0.1219,0.1246,7983494.860000001
1769184000,0.1246,0.1277,0.1242,0.1246,13783280.91
1769198400,0.1246,0.125,0.1231,0.1246,5382734.68
1769212800,0.1246,0.1247,0.1239,0.1243,2519362.1
1769227200,0.1243,0.1247,0.1239,0.124,2335398.97
1769241600,0.124,0.1247,0.1239,0.1244,1622455.06
1769256000,0.1244,0.1246,0.1234,0.1235,2420420.65
1769270400,0.1235,0.124,0.1227,0.124,4309439.38
1769284800,0.124,0.1245,0.1239,0.124,2447735.47
1769299200,0.124,0.1242,0.1228,0.1231,3363157.9
1769313600,0.1231,0.1234,0.1225,0.1228,2928331.23
1769328000,0.1228,0.1235,0.1222,0.1232,2809504.54
1769342400,0.1232,0.1232,0.1216,0.1221,3942754.2
1769356800,0.1221,0.1221,0.1176,0.1187,16625417.22
1769371200,0.1187,0.1196,0.1177,0.1193,9753729.89
1769385600,0.1193,0.1227,0.1191,0.1211,10666438.12
1769400000,0.1211,0.1228,0.1211,0.1216,5154964.32
1769414400,0.1216,0.1224,0.1205,0.1209,5712348.19
1769428800,0.1209,0.1237,0.1209,0.1221,10180581.93
1769443200,0.1221,0.1234,0.1214,0.1223,8673165.370000001
1769457600,0.1223,0.123,0.1214,0.1222,6575705.18
1769472000,0.1222,0.1232,0.1218,0.1227,3962359.2
1769486400,0.1227,0.1233,0.1219,0.122,3252702.4
1769500800,0.122,0.1225,0.1215,0.1222,2751449.45
1769515200,0.1222,0.1228,0.1212,0.1228,7276025.32
1769529600,0.1228,0.1255,0.1217,0.1242,15805369.29
1769544000,0.1242,0.1265,0.1242,0.126,10709081.49
1769558400,0.126,0.1262,0.1241,0.1244,6017410.2
1769572800,0.1244,0.1258,0.1237,0.1253,3516124.74
1769587200,0.1253,0.1275,0.1253,0.127,5675500.95
1769601600,0.127,0.127,0.1234,0.1245,10534132.69
1769616000,0.1245,0.1256,0.1236,0.1252,8326079.8
1769630400,0.1252,0.126,0.1241,0.1248,6105971.74
1769644800,0.1248,0.125,0.1217,0.1221,7644111.95
1769659200,0.1221,0.1222,0.1212,0.1218,3837605.94
1769673600,0.1218,0.1222,0.1205,0.1209,4638594.87
1769688000,0.1209,0.121,0.1152,0.116,14070717.9
1769702400,0.116,0.1186,0.1144,0.1154,24354693.62
1769716800,0.1154,0.1172,0.1152,0.1171,6385067.47
1769731200,0.1171,0.1175,0.1124,0.1141,17030252.86
1769745600,0.1141,0.1154,0.1121,0.1144,7591955.98
1769760000,0.1144,0.1157,0.1129,0.1153,4622725.8
1769774400,0.1153,0.1164,0.1137,0.1159,11019492.16
1769788800,0.1159,0.1185,0.1134,0.1176,13007740.62
1769803200,0.1176,0.1176,0.1152,0.1156,8210417.359999999
1769817600,0.1156,0.1157,0.1147,0.115,3515964.38
1769832000,0.115,0.1153,0.1119,0.1126,6711763.47
1769846400,0.1126,0.1128,0.1102,0.1117,9820983.62
1769860800,0.1117,0.1117,0.1054,0.1066,21444268.44
1769875200,0.1066,0.1079,0.09579,0.1017,51717012.88
1769889600,0.1017,0.1047,0.1005,0.1042,14774038.61
1769904000,0.1042,0.1055,0.1036,0.1048,8824935.96
1769918400,0.1048,0.1062,0.1044,0.1057,6974450.96
1769932800,0.1057,0.1065,0.1045,0.1058,5383049.5
1769947200,0.1058,0.1067,0.1025,0.104,10969150.83
1769961600,0.104,0.1062,0.1029,0.1041,9426840.42
1769976000,0.1041,0.1057,0.101,0.1042,14266600.68
1769990400,0.1042,0.1062,0.09976,0.1033,19038165.11
1770004800,0.1033,0.105,0.09947,0.103,19038419.94
1770019200,0.103,0.1053,0.103,0.1048,10988385.62
1770033600,0.1048,0.1105,0.1048,0.1095,15079773.34
1770048000,0.1095,0.1099,0.1077,0.1078,9905824.77
1770062400,0.1078,0.1086,0.107,0.1078,6203932.27
1770076800,0.1078,0.1082,0.1056,0.1073,7788946.71
1770091200,0.1073,0.1089,0.106,0.1082,5367632.19
1770105600,0.1082,0.1089,0.1064,0.1066,5751851.94
1770120000,0.1066,0.1104,0.1055,0.1101,22690118.14
1770134400,0.1101,0.1101,0.1022,0.1063,25183742.25
1770148800,0.1063,0.1102,0.1051,0.1059,18708034.55
1770163200,0.1059,0.1093,0.1054,0.1088,6288487.15
1770177600,0.1088,0.109,0.1072,0.1083,4074908.7
1770192000,0.1083,0.1086,0.1063,0.1072,6087936.3100000005
1770206400,0.1072,0.1076,0.1027,0.1033,15178990.26
1770220800,0.1033,0.1053,0.1013,0.1052,22405093.73
1770235200,0.1052,0.1053,0.1011,0.1036,11661106.56
1770249600,0.1036,0.1045,0.1021,0.1024,11293753.31
1770264000,0.1024,0.1033,0.1006,0.1009,18808204.98
1770278400,0.1009,0.1028,0.09726,0.09858,16576952.79
1770292800,0.09858,0.1003,0.09256,0.09405,38557344.34
1770307200,0.09405,0.09524,0.09032,0.09098,27887813.47
1770321600,0.09098,0.09165,0.08669,0.08832,33847247.56
1770336000,0.08832,0.09124,0.08006,0.08979,43522368.32
1770350400,0.08979,0.09341,0.08947,0.09061,13235027.03
1770364800,0.09061,0.09418,0.0901,0.09363,12156891.17
1770379200,0.09363,0.09687,0.09298,0.0964,18678885.74
1770393600,0.0964,0.1021,0.09604,0.09868,29327746.57
1770408000,0.09868,0.09971,0.09808,0.09841,11777738.61
1770422400,0.09841,0.09895,0.09726,0.09859,9062556.63
1770436800,0.09859,0.09917,0.09471,0.09581,12389040.11
1770451200,0.09581,0.09626,0.0948,0.09541,4856387.779999999
1770465600,0.09541,0.09763,0.09531,0.09674,8856107.530000001
1770480000,0.09674,0.09939,0.09645,0.09833,13478444.19
1770494400,0.09833,0.09886,0.09764,0.09818,3876029.57
1770508800,0.09818,0.09842,0.09687,0.09692,3885475.82
1770523200,0.09692,0.09754,0.09631,0.09679,2755953.18
1770537600,0.09679,0.09871,0.09618,0.09832,7365263.09
1770552000,0.09832,0.09852,0.09682,0.09725,5492779.85
1770566400,0.09725,0.09788,0.09497,0.09765,7394957.17
1770580800,0.09765,0.09895,0.09587,0.09657,6698139.58
1770595200,0.09657,0.09739,0.09553,0.0971,4903297.08
1770609600,0.0971,0.0971,0.09485,0.09526,3625855.32
1770624000,0.09526,0.0953,0.09235,0.0931,7912602.79
1770638400,0.0931,0.09554,0.09305,0.09518,7144750.69
1770652800,0.09518,0.09671,0.09428,0.0963,7830485.79
1770667200,0.0963,0.09693,0.09524,0.09605,5169182.18
1770681600,0.09605,0.09651,0.09423,0.09481,4133377.87
1770696000,0.09481,0.09558,0.09294,0.09358,4965696.03
1770710400,0.09358,0.09413,0.09268,0.09284,4531945.91
1770724800,0.09284,0.09368,0.09179,0.09298,8551791.51
1770739200,0.09298,0.09412,0.09215,0.09302,8360114.12
1770753600,0.09302,0.09311,0.09225,0.09273,3208573.48
1770768000,0.09273,0.09354,0.09207,0.09296,4042034.09
1770782400,0.09296,0.09315,0.09016,0.09053,6456636.59
1770796800,0.09053,0.09064,0.08937,0.09018,4284449.1
1770811200,0.09018,0.09244,0.08787,0.089,13644235.39
1770825600,0.089,0.09134,0.08868,0.091,8755490.95
1770840000,0.091,0.09217,0.09026,0.09106,7413227.6
1770854400,0.09106,0.09222,0.09106,0.09214,4275191.42
1770868800,0.09214,0.09297,0.09143,0.09287,4321011.55
1770883200,0.09287,0.09421,0.09237,0.09386,3551858.19
1770897600,0.09386,0.0945,0.09304,0.09322,6664018.18
1770912000,0.09322,0.09368,0.09073,0.09163,9002241.07
1770926400,0.09163,0.09339,0.09064,0.09292,5526896.76
1770940800,0.09292,0.09327,0.09208,0.09286,3270908.09
1770955200,0.09286,0.0934,0.09174,0.09297,2404936.64
1770969600,0.09297,0.09403,0.09293,0.09393,2562141.33
1770984000,0.09393,0.09657,0.09286,0.0953,11048616.1
1770998400,0.0953,0.09689,0.09498,0.09631,8181371.25
1771012800,0.09631,0.09757,0.09609,0.09662,6756957.09
1771027200,0.09662,0.09702,0.09626,0.09681,2860067.2800000003
1771041600,0.09681,0.097,0.09638,0.09651,1698394.4
1771056000,0.09651,0.101,0.09648,0.1006,10009141.8
1771070400,0.1006,0.1042,0.09911,0.1039,17507093.86
1771084800,0.1039,0.1092,0.1025,0.1085,20686258.14
1771099200,0.1085,0.1136,0.108,0.111,29017352.63
1771113600,0.111,0.1154,0.1105,0.1147,19485925.25
1771128000,0.1147,0.1175,0.114,0.116,22236815.83
1771142400,0.116,0.1164,0.1122,0.1127,10580119.73
1771156800,0.1127,0.1129,0.1069,0.1077,17920857.68
1771171200,0.1077,0.1077,0.1025,0.1027,20717235.03
1771185600,0.1027,0.1034,0.1015,0.1026,12019618.23
1771200000,0.1026,0.1031,0.1016,0.1022,8631239.200000001
1771214400,0.1022,0.1035,0.1012,0.102,6614046.42
1771228800,0.102,0.1033,0.1007,0.1016,5868230.65
1771243200,0.1016,0.1034,0.09852,0.09952,16844825.34
1771257600,0.09952,0.1012,0.09944,0.1003,7101392.63
1771272000,0.1003,0.1013,0.09986,0.101,6703737.45
1771286400,0.101,0.1013,0.09952,0.1005,7331176.37
1771300800,0.1005,0.1007,0.09908,0.09972,4721172.29
1771315200,0.09972,0.09999,0.0984,0.09883,3873155.68
1771329600,0.09883,0.101,0.09841,0.1004,10841500.75
1771344000,0.1004,0.1035,0.09969,0.1011,18810985.44
1771358400,0.1011,0.1014,0.1003,0.1006,3869252.99
1771372800,0.1006,0.1014,0.09992,0.1012,3968567.93
1771387200,0.1012,0.1017,0.1006,0.1014,3323631.2800000003
1771401600,0.1014,0.1019,0.0992,0.1001,4770543.03
1771416000,0.1001,0.1023,0.09942,0.1011,7831605.8
1771430400,0.1011,0.1011,0.09746,0.0985,8675661.58
1771444800,0.0985,0.09907,0.09793,0.0985,4596099.25
1771459200,0.0985,0.09894,0.09785,0.0986,3836809.53
1771473600,0.0986,0.09916,0.09679,0.09829,9752999.99
1771488000,0.09829,0.0983,0.09711,0.09766,4409149.9
1771502400,0.09766,0.09827,0.09645,0.09683,10450217.15
1771516800,0.09683,0.0984,0.09559,0.09806,9285062.63
1771531200,0.09806,0.09834,0.09734,0.09833,3671961.58
1771545600,0.09833,0.09942,0.09815,0.09866,3708908.17
1771560000,0.09866,0.09977,0.09817,0.09853,4523009.75
1771574400,0.09853,0.0994,0.09828,0.09844,5422708.76
1771588800,0.09844,0.1005,0.09566,0.1002,17854181.990000002
1771603200,0.1002,0.1023,0.09869,0.1002,18505897.81
1771617600,0.1002,0.1011,0.09968,0.1001,4393404.69
1771632000,0.1001,0.1003,0.09911,0.09989,8095175.22
1771646400,0.09989,0.1002,0.09965,0.1001,1897345.89
1771660800,0.1001,0.1009,0.09982,0.1,2573448.75
1771675200,0.1,0.1007,0.09966,0.09999,3613537.83
1771689600,0.09999,0.1,0.09905,0.09943,4146082.02
1771704000,0.09943,0.09955,0.09838,0.09841,3599564.33
1771718400,0.09841,0.09852,0.09673,0.0974,6972636.46
1771732800,0.0974,0.09749,0.09689,0.09729,2833777.52
1771747200,0.09729,0.09764,0.09707,0.09735,1084106.55
1771761600,0.09735,0.09738,0.09516,0.09575,7746272.55
1771776000,0.09575,0.09587,0.0947,0.09505,3980483.05
1771790400,0.09505,0.09596,0.09456,0.09553,4932792.53
1771804800,0.09553,0.09571,0.09145,0.09272,20459279.43
1771819200,0.09272,0.09529,0.09229,0.09488,4673103.76
1771833600,0.09488,0.09709,0.09441,0.09673,4729875.38
1771848000,0.09673,0.09758,0.09491,0.09495,10321233.32
1771862400,0.09495,0.0954,0.09257,0.09287,12057504.27
1771876800,0.09287,0.09351,0.09247,0.09263,4955165.279999999
1771891200,0.09263,0.09355,0.09095,0.09205,8954519.14
1771905600,0.09205,0.09212,0.09061,0.09122,8860129.28
1771920000,0.09122,0.09166,0.09073,0.09126,2998277.58
1771934400,0.09126,0.09255,0.08999,0.09176,9237726.68
1771948800,0.09176,0.09266,0.0914,0.09202,7186483.69
1771963200,0.09202,0.09236,0.09135,0.09137,5349334.119999999
1771977600,0.09137,0.09492,0.09088,0.09275,15748843.93
1771992000,0.09275,0.09294,0.09138,0.09283,5251888.29
1772006400,0.09283,0.09425,0.0925,0.09406,5384826.16
1772020800,0.09406,0.1027,0.09403,0.1016,32388289.09
1772035200,0.1016,0.1043,0.1008,0.1041,21683167.19
1772049600,0.1041,0.1061,0.09952,0.1009,23654270.67
1772064000,0.1009,0.1016,0.09985,0.1008,7397997.45
1772078400,0.1008,0.1017,0.09934,0.09958,4854217.62
1772092800,0.09958,0.1005,0.09829,0.0985,6373602.970000001
1772107200,0.0985,0.09947,0.0974,0.09863,11396610.36
1772121600,0.09863,0.09876,0.09543,0.09741,13745955.58
1772136000,0.09741,0.09762,0.09646,0.09699,3301474.04
1772150400,0.09699,0.09766,0.09626,0.09755,3588691.6
1772164800,0.09755,0.0991,0.09753,0.09844,7352225.41
1772179200,0.09844,0.09861,0.09473,0.095,7598041.99
1772193600,0.095,0.09547,0.09366,0.09404,14621627.63
1772208000,0.09404,0.09427,0.09274,0.09301,6094316.76
1772222400,0.09301,0.09345,0.092,0.09338,5313079.83
1772236800,0.09338,0.09375,0.09313,0.09322,2349553.08
1772251200,0.09322,0.09339,0.08809,0.08935,13489880.37
1772265600,0.08935,0.08945,0.08775,0.08874,8057377.16
1772280000,0.08874,0.09193,0.08859,0.09079,15659117.34
1772294400,0.09079,0.09339,0.09021,0.09285,12129923.2
1772308800,0.09285,0.09495,0.09265,0.09407,12031701.93
1772323200,0.09407,0.09785,0.09313,0.09608,16739958.12
1772337600,0.09608,0.09656,0.09437,0.09488,4480698.96
1772352000,0.09488,0.09489,0.09318,0.09352,3750256.57
1772366400,0.09352,0.09548,0.09257,0.09385,5809217.85
1772380800,0.09385,0.09451,0.09156,0.09178,11554572.18
1772395200,0.09178,0.09339,0.09058,0.09188,9983586.66
1772409600,0.09188,0.09445,0.09185,0.09327,5042313.05
1772424000,0.09327,0.09351,0.0912,0.09172,2759582.56
1772438400,0.09172,0.09294,0.09134,0.09183,4258481.61
1772452800,0.09183,0.09662,0.09078,0.09569,12652401.81
1772467200,0.09569,0.09768,0.09438,0.09554,14249086.92
1772481600,0.09554,0.09598,0.09333,0.09355,8633922.45
1772496000,0.09355,0.09383,0.0921,0.09257,5414086.19
1772510400,0.09257,0.0926,0.09113,0.09135,4579194.02
1772524800,0.09135,0.09154,0.08926,0.09007,8931373.78
1772539200,0.09007,0.09108,0.08869,0.0902,11637139.29
1772553600,0.0902,0.09246,0.08874,0.08941,18181381.81
1772568000,0.08941,0.09088,0.08852,0.08998,6521586.26
1772582400,0.08998,0.09063,0.08864,0.0894,8985898.12
1772596800,0.0894,0.09054,0.08873,0.09014,5094093.3
1772611200,0.09014,0.09343,0.08972,0.0923,15479499.39
1772625600,0.0923,0.09921,0.09152,0.09904,25759840.49
1772640000,0.09904,0.1043,0.09751,0.1028,34032275.980000004
1772654400,0.1028,0.1035,0.09856,0.09896,15333279.62
1772668800,0.09896,0.09923,0.09595,0.09622,9831649.83
1772683200,0.09622,0.09733,0.09523,0.0957,6781127.16
1772697600,0.0957,0.098,0.09538,0.09596,11335727.57
1772712000,0.09596,0.09645,0.09393,0.09429,11089862.94
1772726400,0.09429,0.09454,0.09277,0.09392,10012487.22
1772740800,0.09392,0.09478,0.09347,0.09358,4510386.7
1772755200,0.09358,0.09432,0.09319,0.09391,2363908.35
1772769600,0.09391,0.09434,0.09301,0.094,3586606.71
1772784000,0.094,0.09401,0.09244,0.0931,3515184.54
1772798400,0.0931,0.09353,0.09001,0.0903,17353659.92
1772812800,0.0903,0.09125,0.09003,0.09086,9954260.16
1772827200,0.09086,0.0916,0.09057,0.09127,3430987.81
1772841600,0.09127,0.09209,0.09103,0.09107,4283375.99
1772856000,0.09107,0.09122,0.09039,0.09059,2201741.09
1772870400,0.09059,0.09086,0.09008,0.0906,2187822.08
1772884800,0.0906,0.09065,0.08942,0.09001,3964821.49
1772899200,0.09001,0.09062,0.0893,0.0896,3706076.44
1772913600,0.0896,0.09018,0.08943,0.08993,2190136.35
1772928000,0.08993,0.09019,0.08881,0.08935,3893660.12
1772942400,0.08935,0.08971,0.08876,0.08931,2694636.54
1772956800,0.08931,0.0913,0.08897,0.08937,3680584.72
1772971200,0.08937,0.08945,0.08793,0.08871,5165563.39
1772985600,0.08871,0.08969,0.08823,0.08931,3572228.66
1773000000,0.08931,0.0901,0.08664,0.08914,9356469.06
1773014400,0.08914,0.09167,0.08902,0.09039,9304713.15
1773028800,0.09039,0.09176,0.08935,0.08997,5856622.25
1773043200,0.08997,0.09135,0.08974,0.09036,4026566.32
1773057600,0.09036,0.09242,0.09036,0.09114,10619491.33
1773072000,0.09114,0.09284,0.09069,0.09129,8793420.09
1773086400,0.09129,0.09183,0.09025,0.0905,5252153.07
1773100800,0.0905,0.09237,0.09035,0.09122,6318890.880000001
1773115200,0.09122,0.09247,0.0912,0.09231,4182240.29
1773129600,0.09231,0.09588,0.0923,0.0945,15305118.85
1773144000,0.0945,0.09972,0.0943,0.09917,26440577.0
1773158400,0.09917,0.1004,0.09431,0.09476,27675197.950000003
1773172800,0.09476,0.09532,0.09389,0.09455,6429145.82
1773187200,0.09455,0.09487,0.09247,0.09263,8249137.92
1773201600,0.09263,0.09321,0.0915,0.09193,7036465.4
1773216000,0.09193,0.09241,0.09154,0.09197,2468224.13
1773230400,0.09197,0.09482,0.09124,0.09238,14750628.11
1773244800,0.09238,0.09461,0.09229,0.09387,8149513.729999999
1773259200,0.09387,0.09418,0.0928,0.09289,3713575.58
1773273600,0.09289,0.09304,0.09182,0.09218,4361517.21
1773288000,0.09218,0.09298,0.09183,0.09289,2580360.24
1773302400,0.09289,0.0952,0.09243,0.09471,5651362.87
1773316800,0.09471,0.09584,0.09318,0.09411,14618400.0
1773331200,0.09411,0.0949,0.09338,0.09443,5362764.86
1773345600,0.09443,0.09532,0.09408,0.09474,4895020.42
1773360000,0.09474,0.09804,0.09456,0.09676,12096852.77
1773374400,0.09676,0.09688,0.09583,0.09654,4007858.49
1773388800,0.09654,0.1004,0.09615,0.1001,11347585.53
1773403200,0.1001,0.102,0.09736,0.098,27124823.21
1773417600,0.098,0.09847,0.09547,0.09606,10760270.67
1773432000,0.09606,0.09682,0.09552,0.09601,4623112.29
1773446400,0.09601,0.09627,0.09521,0.09608,3073287.28
1773460800,0.09608,0.09644,0.09432,0.09466,3965397.92
1773475200,0.09466,0.09553,0.09403,0.09529,3324316.58
1773489600,0.09529,0.09566,0.09447,0.09496,5002695.0
1773504000,0.09496,0.09546,0.09441,0.0948,2695627.89
1773518400,0.0948,0.09619,0.09465,0.09605,3142555.52
1773532800,0.09605,0.09743,0.09545,0.09601,5721932.12
1773547200,0.09601,0.09651,0.09556,0.09562,3200633.95
1773561600,0.09562,0.09662,0.09562,0.09644,2777531.65
1773576000,0.09644,0.09664,0.09476,0.095,4987049.88
1773590400,0.095,0.09581,0.09449,0.09522,2782202.71
1773604800,0.09522,0.09808,0.09499,0.09739,10229528.31
1773619200,0.09739,0.1014,0.09708,0.09997,15094300.15
1773633600,0.09997,0.1026,0.09983,0.102,14251228.49
1773648000,0.102,0.1029,0.09939,0.09996,12062837.58
1773662400,0.09996,0.1035,0.09975,0.1001,18937696.54
1773676800,0.1001,0.1029,0.09992,0.102,9387525.85
1773691200,0.102,0.1037,0.1012,0.1031,13460353.92
1773705600,0.1031,0.1044,0.1007,0.1013,14621438.9
1773720000,0.1013,0.1016,0.09949,0.1006,9406386.55
1773734400,0.1006,0.1014,0.1,0.1002,4656999.43
1773748800,0.1002,0.1005,0.09836,0.0997,10957832.35
1773763200,0.0997,0.1012,0.09945,0.1003,5159785.15
1773777600,0.1003,0.1017,0.09998,0.1002,4929222.71
1773792000,0.1002,0.1019,0.09972,0.1012,5713844.0
1773806400,0.1012,0.1012,0.09925,0.09959,3859336.81
1773820800,0.09959,0.1001,0.09667,0.09712,7293230.63
1773835200,0.09712,0.09712,0.09398,0.09441,14688579.03
1773849600,0.09441,0.09557,0.09333,0.09462,11240993.35
1773864000,0.09462,0.0956,0.09396,0.09525,5254907.42
1773878400,0.09525,0.09608,0.09448,0.09546,4408377.95
1773892800,0.09546,0.0955,0.09323,0.0944,7616964.800000001
1773907200,0.0944,0.09536,0.09379,0.09403,3755962.75
1773921600,0.09403,0.09403,0.09218,0.09289,10339342.56
1773936000,0.09289,0.09394,0.09178,0.09336,6542315.71
1773950400,0.09336,0.09381,0.09302,0.09354,2968993.89
1773964800,0.09354,0.09464,0.09353,0.09411,3472509.3200000003
1773979200,0.09411,0.09539,0.09366,0.0941,3634456.58
1773993600,0.0941,0.09502,0.09352,0.09405,3133528.41
1774008000,0.09405,0.09443,0.09308,0.0942,5877219.18
1774022400,0.0942,0.09443,0.09286,0.09369,4221044.48
1774036800,0.09369,0.09491,0.0932,0.09415,3385637.56
1774051200,0.09415,0.09496,0.09392,0.09473,1959894.21
1774065600,0.09473,0.09491,0.09431,0.09434,1931556.64
1774080000,0.09434,0.09447,0.09382,0.094,660872.0800000001
1774094400,0.094,0.09462,0.09352,0.09462,2885997.57
1774108800,0.09462,0.09463,0.09388,0.09407,1567605.21
1774123200,0.09407,0.09437,0.09069,0.09134,6187524.75
1774137600,0.09134,0.09282,0.09001,0.09234,6931543.13
1774152000,0.09234,0.09281,0.0913,0.09131,4645351.529999999
1774166400,0.09131,0.09159,0.09077,0.0911,3892102.45
1774180800,0.0911,0.09194,0.0911,0.09164,2567073.2
1774195200,0.09164,0.09175,0.09011,0.09048,2904868.17
1774209600,0.09048,0.09076,0.0892,0.09011,7073540.609999999
1774224000,0.09011,0.09143,0.0898,0.09062,3999368.68
1774238400,0.09062,0.0912,0.08975,0.0904,4031469.57
1774252800,0.0904,0.0953,0.08926,0.09251,14784201.34
1774267200,0.09251,0.09573,0.0919,0.09376,12303793.55
1774281600,0.09376,0.09574,0.09306,0.09485,7446407.729999999
1774296000,0.09485,0.09546,0.09353,0.09415,6206128.86
1774310400,0.09415,0.09435,0.09268,0.09375,5100467.51
1774324800,0.09375,0.09539,0.09318,0.0952,3876322.32
1774339200,0.0952,0.09557,0.09361,0.09423,5893886.07
1774353600,0.09423,0.09462,0.09266,0.09333,6506695.19
1774368000,0.09333,0.09372,0.09241,0.09308,3918761.31
1774382400,0.09308,0.09536,0.09303,0.09508,7490410.58
1774396800,0.09508,0.09543,0.09438,0.09515,4036539.62
1774411200,0.09515,0.09763,0.09497,0.09676,8208066.09
1774425600,0.09676,0.09744,0.09642,0.09696,4990915.95
1774440000,0.09696,0.09791,0.09559,0.09595,9978848.81
1774454400,0.09595,0.09704,0.09582,0.09638,5684405.65
1774468800,0.09638,0.09675,0.09572,0.09616,4280112.04
1774483200,0.09616,0.09624,0.09413,0.09457,3895505.23
1774497600,0.09457,0.09457,0.09224,0.09272,7072419.1
1774512000,0.09272,0.09272,0.09111,0.0913,5088034.22
1774526400,0.0913,0.09213,0.09059,0.09091,7767026.52
1774540800,0.09091,0.0915,0.09054,0.09104,6658809.7
1774555200,0.09104,0.09268,0.09091,0.09199,6702590.79
1774569600,0.09199,0.09265,0.09172,0.0919,1919069.13
1774584000,0.0919,0.09227,0.09138,0.09218,2106219.02
1774598400,0.09218,0.09232,0.08925,0.09006,7087339.45
1774612800,0.09006,0.09086,0.08928,0.09031,7550597.8
1774627200,0.09031,0.09045,0.0894,0.09001,4916398.11
1774641600,0.09001,0.09024,0.08959,0.09003,3153243.22
1774656000,0.09003,0.09061,0.08978,0.08984,1886028.17
1774670400,0.08984,0.09118,0.08964,0.09115,2685817.01
1774684800,0.09115,0.09205,0.09077,0.0913,3404547.26
1774699200,0.0913,0.09518,0.09111,0.09398,21612555.64
1774713600,0.09398,0.09419,0.09196,0.0922,7788999.01
1774728000,0.0922,0.09236,0.09033,0.09093,5794220.07
1774742400,0.09093,0.09153,0.09053,0.09137,3645564.67
1774756800,0.09137,0.09138,0.09066,0.09112,1697733.25
1774771200,0.09112,0.09128,0.09035,0.09091,1328478.16
1774785600,0.09091,0.09091,0.08999,0.0901,3548695.89
1774800000,0.0901,0.09073,0.08985,0.09055,1731222.91
1774814400,0.09055,0.09146,0.08801,0.09036,9011703.989999998
1774828800,0.09036,0.09279,0.09021,0.0924,6190187.13
1774843200,0.0924,0.09356,0.09239,0.09324,4143595.81
1774857600,0.09324,0.09377,0.0921,0.09282,5575798.4
1774872000,0.09282,0.09321,0.09227,0.09283,4169659.11
1774886400,0.09283,0.09295,0.09044,0.09087,4634374.03
1774900800,0.09087,0.09145,0.09034,0.09075,3185764.31
1774915200,0.09075,0.09268,0.0905,0.09159,3452807.65
1774929600,0.09159,0.09185,0.09096,0.0912,2571351.88
1774944000,0.0912,0.0914,0.08931,0.09028,5660591.24
1774958400,0.09028,0.09181,0.09008,0.09032,5607954.77
1774972800,0.09221,0.09242,0.0918,0.09205,1013652.76
1774987200,0.09205,0.0927,0.09131,0.09223,4813618.18
1775001600,0.09223,0.09268,0.09156,0.09239,3884538.05
1775016000,0.09239,0.09446,0.0921,0.0932,5198024.03
1775030400,0.09244,0.09274,0.09225,0.09249,850355.75
1775044800,0.09249,0.09319,0.09211,0.09304,5389719.390000001
1775059200,0.09247,0.09293,0.09247,0.09281,1458237.28
1775073600,0.09281,0.0933,0.09209,0.09218,3454961.71
1775088000,0.09218,0.09268,0.08953,0.09013,11136433.54
1775102400,0.09013,0.09033,0.08929,0.09024,2902138.93
1775116800,0.09024,0.09053,0.08952,0.08996,2229993.47
1775131200,0.08996,0.09118,0.08898,0.09032,6679656.73
1775145600,0.09032,0.09075,0.08966,0.09026,3954922.76
1775160000,0.09026,0.09071,0.09009,0.09039,2569587.41
1775174400,0.09039,0.09074,0.08991,0.0906,3260635.04
1775188800,0.0906,0.09151,0.0903,0.09118,3321067.97
1775203200,0.09118,0.09166,0.09103,0.09146,2333559.18
1775217600,0.09146,0.0921,0.09084,0.0915,5031436.83
1775232000,0.0918,0.09184,0.09124,0.09177,1263067.44
1775246400,0.09177,0.09235,0.09125,0.09154,2787472.61
1775260800,0.09154,0.09154,0.09093,0.09123,1514492.79
1775275200,0.09123,0.09149,0.09101,0.09134,1142844.77
1775289600,0.09134,0.09135,0.09074,0.09113,1191312.73
1775304000,0.09113,0.09189,0.09074,0.09175,2197129.61
1775318400,0.09175,0.09308,0.09153,0.09225,3400879.2
1775332800,0.09225,0.09238,0.0918,0.09204,2263078.9
1775347200,0.09204,0.09213,0.0913,0.09138,1432634.51
1775361600,0.09138,0.09138,0.08992,0.09008,3299709.12
1775376000,0.09008,0.09058,0.09002,0.09035,1632280.46
1775390400,0.09029,0.0914,0.09,0.09065,2277708.06
1775404800,0.09065,0.09082,0.09021,0.0905,1790778.9
1775419200,0.0905,0.09238,0.09022,0.09234,5527679.73
1775433600,0.09234,0.09357,0.09146,0.09227,11208326.56
1775448000,0.09227,0.09284,0.09174,0.09207,3184368.17
1775462400,0.09308,0.09311,0.09283,0.09302,471776.69
1775476800,0.09302,0.09312,0.09211,0.09282,4467535.64
1775491200,0.09282,0.09288,0.09161,0.09192,4477460.85
1775505600,0.09192,0.09198,0.08995,0.09061,8838330.690000001
1775520000,0.09061,0.09094,0.09026,0.09054,1958194.89
1775534400,0.09054,0.09079,0.09026,0.09062,2076142.88
1775548800,0.09055,0.09078,0.09032,0.09053,425284.65
1775563200,0.09053,0.09085,0.09006,0.09037,4912771.15
1775577600,0.09037,0.09229,0.09036,0.09225,7443686.970000001
1775592000,0.09225,0.09599,0.09206,0.09492,20688496.71
1775606400,0.09492,0.09522,0.09376,0.09458,5597854.0
1775620800,0.09458,0.09503,0.09438,0.09456,3273847.84
1775635200,0.09456,0.09556,0.09378,0.09425,5252180.49
1775649600,0.09425,0.09509,0.09264,0.09342,8861146.38
1775664000,0.09342,0.09412,0.09276,0.09312,3805189.35
1775678400,0.09282,0.09282,0.09219,0.09242,1848212.52
1775692800,0.09242,0.09245,0.09113,0.09159,5133405.62
1775707200,0.09159,0.09179,0.09095,0.09141,4606879.720000001
1775721600,0.09141,0.09205,0.09122,0.09169,2041765.67
1775736000,0.09169,0.09325,0.09097,0.09289,6452000.109999999
1775750400,0.09289,0.09388,0.09209,0.09384,8684945.86
1775764800,0.09384,0.09499,0.09235,0.0926,7708574.85
1775779200,0.0926,0.09281,0.09197,0.0922,4853443.39
1775793600,0.0922,0.09318,0.09216,0.09229,3181136.84
1775808000,0.09229,0.09268,0.09199,0.0925,3084624.92
1775822400,0.09404,0.09461,0.09313,0.09334,2819192.23
1775836800,0.09334,0.09529,0.09334,0.0951,6184759.32
1775851200,0.0951,0.09522,0.09359,0.09372,3954107.73
1775865600,0.09372,0.09414,0.09331,0.09372,2257479.94
1775880000,0.09372,0.09387,0.09273,0.09291,2322619.79
1775894400,0.09292,0.09303,0.09284,0.09298,605985.04
1775908800,0.09298,0.09312,0.09232,0.09281,2450099.76
1775923200,0.09281,0.0948,0.09276,0.09473,4902712.69
1775937600,0.09473,0.09491,0.09287,0.09312,5122122.11
1775952000,0.09312,0.09327,0.09074,0.0912,8874020.27
1775966400,0.0912,0.09162,0.09106,0.09146,1396230.92
1775980800,0.09146,0.09146,0.091,0.09136,1107443.49
1775995200,0.09136,0.09144,0.09035,0.09069,3723659.88
1776009600,0.09069,0.09135,0.09058,0.09096,2279086.33
1776024000,0.09096,0.09176,0.09053,0.09086,3675190.31
1776038400,0.09086,0.09153,0.09079,0.09121,3204346.51
1776052800,0.09121,0.09155,0.09085,0.09089,2785638.99
1776067200,0.09089,0.09128,0.09074,0.09096,2091135.87
1776081600,0.09096,0.09262,0.09086,0.09175,7088841.640000001
1776096000,0.09175,0.09329,0.09141,0.09315,6712292.45
1776110400,0.0941,0.09434,0.09376,0.09414,5077631.97
1776124800,0.09414,0.0943,0.09309,0.09358,5132935.18
1776139200,0.09358,0.09375,0.09275,0.09364,4017764.19
1776153600,0.09364,0.09576,0.09346,0.09436,9646705.54
1776168000,0.09711,0.09802,0.09532,0.09545,12467093.53
1776182400,0.09545,0.09605,0.09246,0.09285,9461711.55
1776196800,0.09285,0.0934,0.09249,0.093,5058346.29
1776211200,0.093,0.09364,0.09299,0.0932,3304814.46
1776225600,0.0932,0.09394,0.09271,0.09283,2706710.72
1776240000,0.09283,0.09376,0.09266,0.09358,1796449.75
1776254400,0.09358,0.09419,0.09316,0.09361,4638750.84
1776268800,0.09361,0.09678,0.09354,0.09608,8172294.27
1776283200,0.09608,0.09617,0.09445,0.09487,7886518.87
1776297600,0.09487,0.09741,0.09455,0.09704,7093422.51
1776312000,0.09704,0.09796,0.09613,0.09652,9656435.8
1776326400,0.09652,0.09661,0.09534,0.09639,6277952.9
1776340800,0.09639,0.09775,0.09453,0.09733,17164829.5
1776355200,0.09733,0.09986,0.09644,0.09945,14311757.58
1776369600,0.09945,0.0998,0.09804,0.09925,10353989.06
1776384000,0.09925,0.09965,0.09738,0.09775,7557888.74
1776398400,0.09775,0.09854,0.09675,0.09811,5162623.92
1776412800,0.09811,0.09952,0.09774,0.09879,8895264.57
1776427200,0.09879,0.1016,0.0985,0.1006,28992225.03
1776441600,0.1006,0.1022,0.09986,0.1,12193680.76
1776456000,0.1,0.1006,0.09882,0.09948,5553762.16
1776470400,0.09948,0.09979,0.09821,0.09856,4971657.23
1776484800,0.09856,0.0991,0.09814,0.09891,2065159.21
1776499200,0.09891,0.09891,0.09558,0.09606,7980708.3
1776513600,0.09606,0.09643,0.0955,0.09604,4094455.98
1776528000,0.09604,0.0962,0.0943,0.09488,6694977.4
1776542400,0.09488,0.09539,0.09466,0.09481,2672782.13
1776556800,0.09481,0.09512,0.09443,0.09481,2214917.71
1776571200,0.09481,0.09524,0.09359,0.09419,4592305.62
1776585600,0.09419,0.09497,0.09352,0.09459,3222661.42
1776600000,0.09459,0.09643,0.09432,0.09563,12250837.7
1776614400,0.09563,0.09572,0.09384,0.09454,6189534.35
1776628800,0.09454,0.09454,0.09262,0.09307,8329092.42
1776643200,0.09307,0.09436,0.09297,0.09427,2503483.9
1776657600,0.09427,0.09547,0.09364,0.09459,3704187.98
1776672000,0.09459,0.09504,0.09409,0.09453,3881616.22
1776686400,0.09453,0.0954,0.09413,0.09497,6477259.26
1776700800,0.09497,0.09579,0.09444,0.09558,4877709.41
1776715200,0.09558,0.09612,0.09503,0.09525,4005733.2
1776729600,0.09525,0.09589,0.0947,0.09491,2743924.61
1776744000,0.09491,0.09584,0.09491,0.09533,2875445.97
1776758400,0.09533,0.09595,0.09524,0.0955,2688785.61
1776772800,0.09522,0.09573,0.09445,0.09478,3496986.97
1776787200,0.09478,0.09518,0.09361,0.09389,5486914.65
1776801600,0.09389,0.09526,0.09384,0.09519,3856730.16
1776816000,0.09519,0.09693,0.0949,0.09631,3914352.39
1776830400,0.09631,0.0983,0.09602,0.09756,7768056.2
1776844800,0.09756,0.09859,0.09734,0.09803,4332824.91
1776859200,0.09803,0.09833,0.09741,0.09792,6792221.73
1776873600,0.09792,0.09822,0.09633,0.09674,5908180.23
1776888000,0.09674,0.09692,0.09564,0.09567,3670317.2
1776902400,0.09567,0.0966,0.09532,0.09563,8757684.66
1776916800,0.09563,0.0965,0.09557,0.09596,3368514.68
1776931200,0.09596,0.09632,0.09535,0.09621,2743195.87
1776945600,0.09624,0.09804,0.09609,0.09738,3390579.4
1776960000,0.09738,0.09745,0.09519,0.09626,6275916.69
1776974400,0.09626,0.09772,0.09621,0.09716,4009646.86
1776988800,0.09716,0.09806,0.09691,0.09721,4413181.4
1777003200,0.09721,0.09816,0.09702,0.09782,5038404.15
1777017600,0.09782,0.09854,0.09686,0.09822,6439596.18
1777032000,0.09794,0.09831,0.09727,0.0981,7529501.710000001
1777046400,0.0981,0.0985,0.09771,0.09842,3087973.91
1777060800,0.09842,0.09953,0.09793,0.09846,12147060.72
1777075200,0.09846,0.0991,0.09807,0.09881,3089140.45
1777089600,0.09881,0.09909,0.09814,0.09845,2603688.13
1777104000,0.09845,0.09869,0.0979,0.09799,2244585.64
1777118400,0.09799,0.09878,0.09777,0.0982,2135351.81
1777132800,0.0982,0.09833,0.09741,0.09771,3276495.14
1777147200,0.09771,0.09826,0.09762,0.09802,2273813.1
1777161600,0.09802,0.09844,0.09762,0.0978,3128203.26
1777176000,0.0978,0.09872,0.09753,0.09859,2744120.77
1777190400,0.09859,0.09917,0.09833,0.09906,2267314.63
1777204800,0.09906,0.09915,0.09818,0.09903,2849013.87
1777219200,0.09903,0.0997,0.09852,0.09921,2883692.21
1777233600,0.09921,0.09995,0.09873,0.09926,3894358.91
1777248000,0.09926,0.1009,0.09893,0.1003,5612513.33
1777262400,0.1003,0.1006,0.09764,0.09785,5457381.39
1777276800,0.09785,0.09851,0.09776,0.0985,3048669.9000000004
1777291200,0.0985,0.09922,0.09695,0.0972,11245899.89
1777305600,0.09746,0.09811,0.09741,0.09783,1808110.91
1777320000,0.09783,0.09908,0.09783,0.09895,2678530.91
1777334400,0.09895,0.09953,0.09862,0.09932,3220071.49
1777348800,0.09932,0.101,0.09897,0.09962,9271861.99
1777363200,0.09962,0.09994,0.09851,0.09858,3918307.74
1777377600,0.09887,0.09948,0.09874,0.09948,1334861.24
1777392000,0.09948,0.09983,0.09918,0.0997,4956714.91
1777406400,0.0997,0.1002,0.09881,0.09934,4967303.0200000005
1777420800,0.09934,0.1014,0.09923,0.1013,6844907.46
1777435200,0.1013,0.1054,0.1012,0.105,14110437.05
1777449600,0.105,0.1117,0.1046,0.1097,30868628.54
1777464000,0.1097,0.1097,0.103,0.1034,36053039.48
1777478400,0.104,0.104,0.101,0.1014,17082090.91
1777492800,0.1014,0.1041,0.1013,0.104,10950405.74
1777507200,0.104,0.1084,0.1039,0.1067,29790208.88
1777521600,0.1067,0.107,0.1043,0.107,8883492.67
1777536000,0.107,0.1081,0.1057,0.1063,7574065.4
1777550400,0.1063,0.1075,0.1058,0.107,9576478.7
1777564800,0.107,0.1071,0.1054,0.1062,5970228.87
1777579200,0.1062,0.1068,0.1058,0.1065,3646847.16
1777593600,0.1065,0.1098,0.1064,0.1091,13038051.58
1777608000,0.1091,0.1094,0.1079,0.1082,6383483.27
1777622400,0.1082,0.1091,0.1073,0.1088,6308175.640000001
1777636800,0.1088,0.1105,0.1086,0.1094,17986071.75
1777651200,0.1094,0.1097,0.1081,0.1091,6897576.71
1777665600,0.1091,0.1097,0.1078,0.1085,6924124.36
1777680000,0.1085,0.1093,0.1081,0.1082,4871542.59
1777694400,0.1082,0.1083,0.1074,0.1079,3904205.63
1777708800,0.1079,0.108,0.1074,0.1077,2849120.32
1777723200,0.1077,0.1092,0.1071,0.109,5452691.82
1777737600,0.109,0.1091,0.1083,0.1084,2326477.74
1777752000,0.1084,0.1092,0.108,0.1085,8368390.470000001
1777766400,0.1085,0.1086,0.1071,0.1079,5331248.58
1777780800,0.1079,0.1082,0.1075,0.1079,2396142.69
1777795200,0.1077,0.1087,0.1075,0.1086,1546851.98
1777809600,0.1086,0.1089,0.1083,0.1085,1440525.72
1777824000,0.1085,0.1087,0.108,0.1086,2488802.02
1777838400,0.1086,0.1096,0.1078,0.1083,6560864.91
1777852800,0.1083,0.1137,0.1077,0.1129,22478735.75
1777867200,0.1129,0.1136,0.111,0.1123,9082589.62
1777881600,0.1123,0.1124,0.1088,0.1105,9637146.79
1777896000,0.1105,0.1126,0.1096,0.1102,14657960.75
1777910400,0.1105,0.1116,0.1102,0.1104,5765680.45
1777924800,0.1104,0.1109,0.11,0.1101,5548430.54
1777939200,0.1101,0.1118,0.11,0.1114,4645237.04
1777953600,0.1114,0.1119,0.1113,0.1114,4078713.1
1777968000,0.1114,0.1121,0.1107,0.112,4598036.85
1777982400,0.112,0.1129,0.1115,0.1124,7280829.03
1777996800,0.1124,0.1145,0.1117,0.1135,14701942.21
1778011200,0.1135,0.1165,0.1131,0.1148,19267652.95
1778025600,0.1148,0.1161,0.1138,0.1159,13107355.03
1778040000,0.1159,0.1164,0.1148,0.1157,15054620.01
1778054400,0.1157,0.1171,0.1156,0.1166,12151068.19
1778068800,0.1166,0.1168,0.1114,0.1131,20298258.44
1778083200,0.1131,0.1136,0.1125,0.113,7755652.859999999
1778097600,0.113,0.1132,0.112,0.1125,6335364.57
1778112000,0.1125,0.1125,0.1102,0.1103,9542376.31
1778126400,0.1103,0.1118,0.1101,0.1117,7847658.86
1778140800,0.1117,0.1118,0.1108,0.1111,9869322.39
1778155200,0.1111,0.1116,0.1068,0.108,15697663.53
1778169600,0.108,0.1085,0.1071,0.1079,11045395.99
1778184000,0.1079,0.1084,0.1074,0.1078,5067723.16
1778198400,0.1078,0.108,0.1058,0.1064,6192696.97
1778212800,0.1064,0.1066,0.1056,0.1063,2276576.46
1778227200,0.1063,0.1077,0.1062,0.1074,5886452.38
1778241600,0.1074,0.1082,0.1063,0.108,8274631.28
1778256000,0.108,0.109,0.1073,0.1089,5934064.5600000005
1778270400,0.1089,0.1097,0.1085,0.1095,9231628.93
1778284800,0.1095,0.1112,0.1094,0.1104,4532674.01
1778299200,0.1104,0.1113,0.1099,0.1102,6198443.24
1778313600,0.1102,0.1106,0.1094,0.1096,2146709.23
1778328000,0.1096,0.1097,0.1081,0.1086,5186291.22
1778342400,0.1086,0.11,0.1085,0.1097,3300361.45
1778356800,0.1097,0.1097,0.1086,0.1087,2186407.25
1778371200,0.1087,0.1089,0.1078,0.1085,4611120.100000001
1778385600,0.1085,0.1087,0.1082,0.1085,1805770.21
1778400000,0.1085,0.1091,0.1079,0.1082,2887427.13
1778414400,0.1082,0.1091,0.1079,0.1091,4798552.850000001
1778428800,0.1091,0.1116,0.1089,0.1111,10205242.44
1778443200,0.1111,0.1128,0.1064,0.1124,28561594.17
1778457600,0.1124,0.1127,0.1084,0.1091,20393081.26
1778472000,0.1091,0.1101,0.1086,0.1092,6261386.68
1778486400,0.1092,0.1104,0.1088,0.1103,4043240.61
1778500800,0.1103,0.111,0.1089,0.1109,8871143.73
1778515200,0.1109,0.1118,0.1104,0.1115,6883634.96
1778529600,0.1115,0.1118,0.111,0.1113,4193905.77
1778544000,0.1113,0.1115,0.1097,0.1101,6756992.28
1778558400,0.1101,0.1112,0.1097,0.1099,3733205.47
1778572800,0.1099,0.1102,0.1086,0.1094,7403870.189999999
1778587200,0.1093672,0.1095958,0.10792,0.10864,1097060.5430100965
1778601600,0.108665,0.1101933,0.1074731,0.1098379,801933.81475524
1778616000,0.1098439,0.1106742,0.1097864,0.1101301,1664223.2150267486
1778630400,0.1101181,0.1117,0.1099153,0.111673,891510.8701783163
1778644800,0.1116731,0.1127245,0.1112741,0.1122246,888940.0342876869
1778659200,0.1123297,0.1145738,0.1119745,0.1126532,1681632.654237989
1778673600,0.1126221,0.1130685,0.1095908,0.1099294,1845010.5043551694
1778688000,0.1098622,0.1146827,0.1098622,0.1129841,1940533.4396034437
1778702400,0.1129447,0.1139554,0.1123212,0.1126749,1168257.5539630176
1778716800,0.1126749,0.1153749,0.1121433,0.1123926,4640773.8944624
1778731200,0.1123109,0.11534,0.1119115,0.1138476,2634968.2530225078
1778745600,0.11392,0.1139508,0.1127443,0.1131461,559688.4925176487
1778760000,0.1130693,0.116595,0.1130692,0.1138952,3285110.8003811394
1778774400,0.1139873,0.118638,0.1134096,0.1161447,7874437.653016824
1778788800,0.1161827,0.1168137,0.114961,0.1153624,1649188.0789920692
1778803200,0.1154183,0.1174188,0.1152234,0.1160675,1511884.6071400247
1778817600,0.1160774,0.1160774,0.1126789,0.1148539,1662263.142889481
1778832000,0.1148943,0.1155727,0.1138713,0.1144386,613236.3318427257
1778846400,0.1144242,0.1144962,0.1106742,0.1115442,6964065.794219215
1778860800,0.1115901,0.1133285,0.1114543,0.1129503,609714.5134844871
1778875200,0.1129646,0.113733,0.1125284,0.1133301,765759.1428707093
1778889600,0.1132493,0.1134235,0.1122395,0.112553,697975.2842563088
1778904000,0.1125529,0.1125529,0.1090848,0.110024,1638351.1663265552
1778918400,0.1100707,0.1103539,0.1082033,0.1089979,1144240.1979361824
1778932800,0.1089299,0.1098966,0.107782,0.1096326,961918.816123504
1778947200,0.1096727,0.1100931,0.1092622,0.1095855,645415.3508769153
1778961600,0.109609,0.1101708,0.1092136,0.1094069,226134.09566702507
1778976000,0.1093565,0.1096188,0.1080544,0.1091739,819955.8337996573
1778990400,0.1091649,0.1103062,0.1091306,0.1101533,310386.62607498653
1779004800,0.1101569,0.1118667,0.1097544,0.111473,974411.8171257612
1779019200,0.1114794,0.1127202,0.110211,0.1104049,1784661.1530855207
1779033600,0.1104669,0.1108967,0.1095065,0.1106686,613937.0743292421
1779048000,0.1106646,0.1112502,0.1057759,0.1089674,2777907.9208117137
1779062400,0.1089299,0.1090025,0.10584,0.1065206,3450469.6461402886
1779076800,0.1065469,0.106917,0.1035101,0.104321,3097461.264890758
1779091200,0.1042586,0.1058377,0.1037351,0.1050476,816128.2477442799
1779105600,0.1050438,0.1064231,0.1030605,0.1038453,4107348.0861539575
1779120000,0.103818,0.1048298,0.1024645,0.1046863,1619692.4875874466
1779134400,0.104778,0.105452,0.103923,0.104682,469648.90644316253
1779148800,0.1047028,0.1053473,0.1038284,0.1042295,312937.66799548053
1779163200,0.104274,0.10529,0.1040491,0.1050999,740172.4198040329
1779177600,0.105132,0.105161,0.1035723,0.1036464,743558.1152463242
1779192000,0.1036609,0.1045309,0.1028239,0.1034367,729848.6736322871
1779206400,0.1035458,0.104117,0.1030764,0.1031526,465698.9284919336
1779220800,0.1032359,0.1036993,0.1025404,0.102903,524307.6039709398
1779235200,0.1028861,0.1029665,0.1018136,0.1027717,689770.460776275
1779249600,0.1027436,0.1040488,0.1021183,0.1034863,1522350.0899142302
1779264000,0.1034822,0.1039869,0.1033842,0.1036107,372406.2391253196
1779278400,0.1035109,0.1048234,0.103,0.1041072,1509621.5900904143
1779292800,0.1041074,0.1047028,0.1035825,0.1041444,326477.1604383929
1779307200,0.104089,0.1042861,0.1029284,0.1036099,120781.51426642567
1779321600,0.1036276,0.10572,0.1035983,0.1055686,1233576.557307307
1779336000,0.1055597,0.106,0.1047794,0.1055545,673716.0499066301
1779350400,0.1055366,0.1062377,0.1037857,0.1041969,732240.6943913746
1779364800,0.104268,0.1048033,0.1037455,0.1046101,847541.4237752861
1779379200,0.1046658,0.1063684,0.1041252,0.1057211,1273213.629257778
1779393600,0.10566,0.1058973,0.1051304,0.1055218,554244.0862971948
1779408000,0.1055969,0.1062,0.1048913,0.1058523,586618.9349642268
1779422400,0.1058227,0.1060369,0.1048253,0.1056053,1125353.0779026072
1779436800,0.1054775,0.1062954,0.105374,0.1062954,142814.45756991208
1779451200,0.1062955,0.1066127,0.1051456,0.1059786,461229.98244687833
1779465600,0.1059881,0.1062321,0.102683,0.1033065,1385112.2820185637
1779480000,0.1033687,0.1042496,0.101426,0.1022056,748628.525416086
1779494400,0.102148,0.102148,0.1005656,0.1015769,1873826.7320271048
1779508800,0.1015655,0.1016252,0.0968418,0.0988283,1444360.3190215323
1779523200,0.0987669,0.0996813,0.0986477,0.099201,1087459.8142903664
1779537600,0.099145,0.1018568,0.0988153,0.1009296,577287.2626276889
1779552000,0.1010538,0.1025774,0.1007247,0.1024233,342349.12712688727
1779566400,0.1024579,0.1048894,0.1021634,0.1029498,951177.5167291298
1779580800,0.1029753,0.1032413,0.1027013,0.1028751,263610.2623424325
1779595200,0.1028847,0.1031485,0.1023449,0.1027693,144029.5426870628
1779609600,0.1027839,0.1037749,0.1025176,0.1030895,541403.3442276954
1779624000,0.1032244,0.1032244,0.1011435,0.1018272,243041.73368378507
1779638400,0.1018272,0.1023367,0.1017123,0.1019647,192805.98895534038
1779652800,0.1019763,0.1023634,0.1004509,0.1021597,482320.84740119806
1779667200,0.102248,0.102683,0.1016101,0.1019862,176146.59920490877
1779681600,0.1019094,0.103145,0.1017201,0.102649,135703.94013904926
1779696000,0.1026208,0.1029644,0.1022828,0.1027928,159926.30150023577
1779710400,0.1027836,0.1034999,0.1026339,0.1029047,211701.3296375436
1779724800,0.1029252,0.1036655,0.1026008,0.1026167,258096.26216667503
1779739200,0.10269,0.1028052,0.1015932,0.1020444,144425.83837756273
1779753600,0.1020763,0.1021271,0.1003913,0.1009757,147625.8483538108
1779768000,0.1009758,0.1020272,0.1008071,0.101042,431997.84092582564
1779782400,0.1010338,0.102478,0.1009045,0.1023569,142493.66298896025
1779796800,0.1023632,0.1037361,0.101309,0.10195,395109.47400777176
1779811200,0.1018823,0.1019444,0.1001744,0.1009963,925027.4826648025
1779825600,0.1010012,0.101286,0.1005153,0.100903,131206.74092052144
1779840000,0.1009065,0.1016996,0.1009065,0.1010334,105210.9095696501
1779854400,0.1010555,0.1021557,0.1001692,0.1020113,355484.0891615987
1779868800,0.1020261,0.1023975,0.1014738,0.1015437,253988.1558118147
1779883200,0.1014873,0.103161,0.1005793,0.1023612,645857.5584390439
1779897600,0.1023779,0.10263,0.1008309,0.1020007,489462.8787844927
1779912000,0.1019508,0.1022191,0.0990003,0.1003865,646131.4791771632
1779926400,0.1003113,0.1006704,0.0979402,0.0980775,903117.5435055429
1779940800,0.0980763,0.0986567,0.0969563,0.0984988,578699.0601594129
1779955200,0.098441,0.0986655,0.0976907,0.0979422,229941.04666267656
1779969600,0.0979348,0.0985197,0.0964,0.0982999,607278.0492110322
1779984000,0.0981631,0.1003204,0.0978392,0.09945,535644.7632877738
1779998400,0.0994464,0.10034,0.0990353,0.0994572,191584.16165981098
1780012800,0.09945,0.0999455,0.0987885,0.0989473,84699.94391864236
1780027200,0.0989619,0.0997,0.0985332,0.099506,82085.25357147687
1780041600,0.0994819,0.0997185,0.0985865,0.0989196,177259.93450489827
1780056000,0.0989923,0.101076,0.0971818,0.100245,1337562.8033002925
1780070400,0.1002845,0.100768,0.0990599,0.099904,798864.7839260807
1780084800,0.0999572,0.1003697,0.0992253,0.0995537,433020.2046545978
1780099200,0.0995749,0.1016339,0.09935,0.1009672,1000764.9868136374
1780113600,0.1010048,0.1015836,0.1000675,0.1011283,706028.2756846477
1780128000,0.1011166,0.1011329,0.1004285,0.1007033,178551.70738332765
1780142400,0.1007016,0.1013855,0.1005762,0.10119,339750.69888360816
1780156800,0.1012548,0.1015464,0.1010357,0.1012706,198863.31896472586
1780171200,0.101321,0.1014205,0.1002635,0.1004409,211031.4198975599
1780185600,0.1005636,0.1012455,0.1003344,0.1011819,157831.4285951543
1780200000,0.1011892,0.1012233,0.1001111,0.1004392,63129.866082799235
1780214400,0.1004811,0.1008041,0.1001342,0.1006434,147207.3735511008
1780228800,0.1006255,0.1010608,0.0994953,0.0997584,373116.3314037021
1780243200,0.0997162,0.0998235,0.0989419,0.0994133,150442.5054234999
1780257600,0.0995,0.1008277,0.0994637,0.1002406,240182.53879035107
1780272000,0.1003144,0.1014832,0.0995498,0.1009979,696704.4912725128
1780286400,0.1009743,0.1011679,0.0990275,0.0990912,628410.6158770043
1780300800,0.0991453,0.1002,0.0989338,0.099818,436940.6513366149
1780315200,0.0999009,0.0999916,0.0977606,0.0981807,1300915.0857089255
1780329600,0.0982157,0.1004935,0.0976747,0.1004456,1013927.1644268256
1780344000,0.1005025,0.1009617,0.0994626,0.1008315,547278.1321578198
1780358400,0.1008087,0.1010603,0.0993135,0.1007901,462296.63772189774
1780372800,0.1007919,0.1008724,0.0985891,0.0990764,461934.88765402645
1780387200,0.0990575,0.0993201,0.0983923,0.0986528,573249.6854443369
1780401600,0.0986497,0.0988298,0.0934199,0.0947307,3829676.2772658463
1780416000,0.0946843,0.0962567,0.092413,0.0939937,1580888.0936264354
1780430400,0.0938395,0.0947847,0.0911153,0.0926074,2080272.6838739128
1780444800,0.0926393,0.0933906,0.0907393,0.0914306,915091.8606722043
1780459200,0.0915301,0.0944053,0.0915301,0.0940595,848932.4282724772
1780473600,0.0940407,0.094394,0.0933362,0.09384,743694.7180864129
1780488000,0.0937691,0.0942537,0.0926393,0.092642,432099.699817246
1780502400,0.092718,0.0929213,0.0914551,0.0916769,726601.2901133251
1780516800,0.0915735,0.0930262,0.0905366,0.0912944,1292405.7593605928
1780531200,0.0915237,0.0917208,0.0856113,0.0912362,3440763.7192247114
1780545600,0.0912275,0.0914801,0.088711,0.088711,394261.2186449683
1780560000,0.0886927,0.0891121,0.0865929,0.0877593,850302.7477117917
1780574400,0.0878745,0.0900642,0.087625,0.0895201,951962.4288914554
1780588800,0.0894136,0.0899182,0.0883622,0.0889843,837292.3699170524
1780603200,0.0889513,0.0889513,0.0869309,0.0884697,816321.5466326793
1780617600,0.0884195,0.0886935,0.0857834,0.0858344,642415.99437706
1780632000,0.0858782,0.0871101,0.082,0.0849,3794054.6018988355
1780646400,0.084901,0.0852512,0.0832823,0.0840241,1208336.7028504966
1780660800,0.0839398,0.0848296,0.0808981,0.0815947,1956147.1237506326
1780675200,0.0813992,0.08337,0.0789321,0.081,4211500.206772155
1780689600,0.081195,0.0835804,0.0800345,0.0814518,4646185.445686906
1780704000,0.0814591,0.0829528,0.0805882,0.0811139,1078652.4435714958
1780718400,0.0810259,0.0817065,0.0776617,0.0814641,1187523.9240425203
1780732800,0.0813719,0.0825,0.0799034,0.081148,823997.0315731463
1780747200,0.0812777,0.0824702,0.0809147,0.0816928,1705677.9437400165
1780761600,0.0815429,0.0819765,0.0804678,0.08069,1084346.303944349
1780776000,0.0806955,0.0819225,0.0804595,0.0818832,582976.5873259491
1780790400,0.0819057,0.0838177,0.0816139,0.0835134,882105.209301914
1780804800,0.0835044,0.085,0.0829555,0.0849494,827866.908758908
1780819200,0.0848706,0.0859763,0.0841183,0.0845632,687672.9186561463
1780833600,0.0845063,0.0849622,0.0831732,0.0845387,981235.8148661669
1780848000,0.084582,0.08526,0.082964,0.0832913,661611.3072103525
1780862400,0.0832722,0.0876794,0.0832722,0.0861813,3820804.964735101
1780876800,0.0863053,0.0867686,0.084823,0.0858548,803557.1155193246
1780891200,0.0859176,0.0859416,0.0843714,0.0856431,261453.51080531965
1780905600,0.0855299,0.0867407,0.0849139,0.086362,376802.6957573715
1780920000,0.0865165,0.0873931,0.0857677,0.0868948,768533.2449406758
1780934400,0.086837,0.0874762,0.08611,0.0867734,1174978.6809975551
1780948800,0.0867854,0.0874419,0.0861483,0.0863223,492109.9487383114
1780963200,0.0864,0.0864414,0.0845423,0.0852834,903566.2530444245
1780977600,0.0852557,0.0866939,0.0850518,0.0863486,390214.90514969674
1780992000,0.0863832,0.0863874,0.08515,0.0855012,614404.7445784427
1781006400,0.0854509,0.0860554,0.0840066,0.0840718,959473.7235398962
1781020800,0.0841059,0.085376,0.0831006,0.0851761,1314079.7379108807
1781035200,0.085176,0.0856069,0.0844305,0.0847287,392407.42808086827
1781049600,0.0848214,0.0850852,0.0836398,0.0838907,354388.6657014667
1781064000,0.0839494,0.0842961,0.08323,0.0841693,179598.13046458247
1781078400,0.0841945,0.0841945,0.0826764,0.0832326,737814.9874712762
1781092800,0.0831436,0.0853753,0.082962,0.0849924,1056400.7711364739
1781107200,0.0850214,0.0851126,0.0832793,0.0838675,489310.55004461866
