time,open,high,low,close,volume
1640995200,19.51,20.2,19.51,19.77,20676035.43
1641009600,19.77,19.99,19.54,19.8,11836143.74
1641024000,19.8,19.93,19.55,19.61,7103331.5200000005
1641038400,19.61,20.11,19.61,20.05,6840524.029999999
1641052800,20.05,20.43,19.99,20.21,12617063.010000002
1641067200,20.21,20.79,20.21,20.75,9841265.41
1641081600,20.75,21.3,20.58,21.04,17055676.59
1641096000,21.04,21.16,20.64,20.76,10625819.05
1641110400,20.76,21.17,20.73,21.07,7868476.52
1641124800,21.07,21.45,20.92,21.43,14241821.6
1641139200,21.43,22.21,21.43,22.0,36233620.26
1641153600,22.0,22.09,21.68,21.88,11077251.63
1641168000,21.88,21.93,21.26,21.36,15481873.22
1641182400,21.36,21.7,21.3,21.67,8062018.800000001
1641196800,21.67,22.71,21.67,22.48,17724719.9
1641211200,22.48,23.24,22.26,22.64,35212456.16
1641225600,22.64,23.39,22.1,22.9,40236200.54
1641240000,22.9,23.78,22.38,23.72,39414279.1
1641254400,23.72,23.89,22.82,23.09,29702923.49
1641268800,23.09,23.55,22.79,23.55,16264689.02
1641283200,23.55,24.16,23.38,24.07,18179008.49
1641297600,24.07,24.19,23.65,23.71,24526639.44
1641312000,23.71,24.47,23.26,23.65,47301302.48
1641326400,23.65,24.41,23.43,23.43,27780611.03
1641340800,23.43,25.72,23.31,25.6,69068312.98
1641355200,25.6,26.06,25.31,25.5,28579880.520000003
1641369600,25.5,26.09,25.32,25.59,16000113.6
1641384000,25.59,27.24,25.21,27.11,55515999.02
1641398400,27.11,27.45,25.22,25.25,79924231.06
1641412800,25.25,26.02,22.38,25.21,159951334.95
1641427200,25.21,25.63,23.38,23.52,80192664.07000001
1641441600,23.52,24.94,23.33,24.79,41941456.25
1641456000,24.79,24.8,23.69,24.1,36274165.45
1641470400,24.1,24.56,23.59,24.09,32681273.06
1641484800,24.09,25.97,23.88,25.81,46130379.13
1641499200,25.81,25.98,24.73,25.4,39391388.05
1641513600,25.4,25.47,23.2,23.5,52393287.18
1641528000,23.5,24.07,22.67,23.48,56496750.89
1641542400,23.48,25.63,23.43,25.33,34791630.599999994
1641556800,25.33,25.83,24.17,25.16,73136684.00999999
1641571200,25.16,27.31,24.51,26.54,98003619.25
1641585600,26.54,26.96,25.6,25.95,40733341.05
1641600000,25.95,27.12,25.75,26.43,39171257.64
1641614400,26.43,27.32,26.33,26.66,23554885.97
1641628800,26.66,26.9,25.63,25.91,15039786.56
1641643200,25.91,26.2,24.8,25.07,31632455.36
1641657600,25.07,25.14,23.57,24.02,62080623.59
1641672000,24.02,26.36,23.91,25.34,57236597.99
1641686400,25.34,27.32,25.1,26.93,73989784.05
1641700800,26.93,27.65,26.82,26.92,46854461.52
1641715200,26.92,27.33,26.06,27.04,34801357.47
1641729600,27.04,27.5,26.35,27.16,41786582.6
1641744000,27.16,28.7,27.01,27.89,84642539.86
1641758400,27.89,28.47,27.29,27.54,52548684.81
1641772800,27.54,28.43,27.35,27.67,47709275.9
1641787200,27.67,28.51,27.6,28.27,30760540.72
1641801600,28.27,28.32,26.5,26.63,41440768.43
1641816000,26.63,27.07,25.11,26.5,98658339.81
1641830400,26.5,27.9,26.35,26.87,73581747.58
1641844800,26.87,28.02,26.67,27.99,42198920.86
1641859200,27.99,28.69,27.55,28.2,46165103.36
1641873600,28.2,28.29,27.43,27.63,23465890.93
1641888000,27.63,27.77,26.65,26.83,22750490.31
1641902400,26.83,27.27,25.87,26.24,56603576.72
1641916800,26.24,27.28,26.24,26.61,62451919.24
1641931200,26.61,27.17,26.25,26.59,29734087.76
1641945600,26.59,26.91,26.35,26.64,25998452.59
1641960000,26.64,26.75,25.63,25.92,25116401.73
1641974400,25.92,26.47,25.82,26.24,19516093.36
1641988800,26.24,27.24,26.15,26.49,39778295.120000005
1642003200,26.49,26.82,26.16,26.78,38143816.66
1642017600,26.78,27.01,26.58,26.76,32003920.32
1642032000,26.76,26.77,26.02,26.09,21339488.57
1642046400,26.09,26.53,26.04,26.35,14023310.42
1642060800,26.35,26.54,25.77,25.85,15944332.38
1642075200,25.85,26.5,25.18,25.5,37298187.96
1642089600,25.5,25.57,24.44,24.69,56495793.23
1642104000,24.69,25.19,24.47,24.88,20364583.18
1642118400,24.88,25.33,24.7,25.17,21240428.2
1642132800,25.17,25.26,24.8,24.95,13263898.55
1642147200,24.95,24.99,23.92,24.25,24069764.62
1642161600,24.25,25.09,23.98,24.79,28407695.8
1642176000,24.79,24.97,24.57,24.91,16725589.87
1642190400,24.91,25.89,24.82,25.73,19539765.35
1642204800,25.73,26.22,25.28,25.92,21264073.19
1642219200,25.92,26.01,25.54,25.63,12435505.25
1642233600,25.63,26.0,25.35,25.71,11324717.7
1642248000,25.71,25.89,25.3,25.75,11385495.69
1642262400,25.75,26.08,25.39,25.67,13561166.05
1642276800,25.67,25.75,25.13,25.19,9906430.01
1642291200,25.19,25.26,24.68,24.94,10573867.9
1642305600,24.94,25.55,24.88,25.48,7521014.979999999
1642320000,25.48,26.16,25.33,25.85,11628915.65
1642334400,25.85,26.1,25.48,25.94,11886152.82
1642348800,25.94,26.37,25.59,25.63,26869644.49
1642363200,25.63,25.75,25.47,25.5,7029615.5
1642377600,25.5,25.62,24.86,24.86,14034947.9
1642392000,24.86,25.15,24.7,25.04,8310678.699999999
1642406400,25.04,25.09,24.59,24.7,9644879.96
1642420800,24.7,24.7,24.16,24.22,14318993.47
1642435200,24.22,24.33,23.61,23.8,19460663.44
1642449600,23.8,23.94,23.28,23.81,25751715.83
1642464000,23.81,24.33,23.62,23.69,18310895.13
1642478400,23.69,23.84,23.37,23.61,14330611.88
1642492800,23.61,23.61,22.76,23.24,15465032.06
1642507200,23.24,23.29,22.35,22.51,27651975.84
1642521600,22.51,22.71,22.05,22.4,24606185.61
1642536000,22.4,23.34,22.23,22.98,22634894.54
1642550400,22.98,23.15,22.17,22.34,20960023.35
1642564800,22.34,22.48,21.37,21.46,21801225.97
1642579200,21.46,22.12,21.23,22.1,16870087.259999998
1642593600,22.1,22.57,21.77,22.0,20448843.68
1642608000,22.0,22.28,21.7,21.94,16905730.51
1642622400,21.94,22.0,21.48,21.54,16013380.0
1642636800,21.54,21.84,21.32,21.81,17171086.83
1642651200,21.81,22.42,21.7,22.34,11964526.33
1642665600,22.34,22.49,22.0,22.35,6969771.88
1642680000,22.35,22.99,22.05,22.7,24710646.66
1642694400,22.7,22.84,22.17,22.29,18663805.19
1642708800,22.29,22.34,20.04,20.19,52919929.73
1642723200,20.19,20.5,19.04,19.19,60570031.41
1642737600,19.19,19.61,19.13,19.57,19421005.8
1642752000,19.57,19.72,19.31,19.42,16557369.0
1642766400,19.42,19.77,18.42,19.54,55797409.96
1642780800,19.54,19.76,18.79,18.82,25498776.27
1642795200,18.82,19.14,17.12,17.43,85521735.47
1642809600,17.43,17.81,17.15,17.33,25970181.72
1642824000,17.33,17.43,15.19,15.43,45500971.94
1642838400,15.43,15.9,14.32,15.59,54168326.73
1642852800,15.59,16.46,15.26,15.31,34220871.47
1642867200,15.31,16.05,15.09,15.29,35660339.620000005
1642881600,15.29,16.29,15.17,15.87,28440413.18
1642896000,15.87,16.35,15.38,15.68,21030705.74
1642910400,15.68,16.39,15.61,16.28,16578202.13
1642924800,16.28,16.87,16.06,16.16,17798061.4
1642939200,16.16,16.44,15.45,15.71,20122181.15
1642953600,15.71,15.92,15.17,15.24,18941197.06
1642968000,15.24,16.68,15.17,16.66,28712150.81
1642982400,16.66,16.66,15.7,16.05,15464548.5
1642996800,16.05,16.22,15.21,15.24,16736563.89
1643011200,15.24,15.53,13.8,13.98,38219007.45
1643025600,13.98,14.63,13.5,14.53,45740350.83
1643040000,14.53,15.35,14.14,15.19,46597164.0
1643054400,15.19,15.96,15.15,15.6,30073839.77
1643068800,15.6,15.61,15.12,15.41,15195337.01
1643083200,15.41,15.45,14.6,14.97,25027153.89
1643097600,14.97,15.6,14.88,15.25,14150113.66
1643112000,15.25,15.7,14.89,15.31,23785382.68
1643126400,15.31,16.04,15.29,15.75,20450219.03
1643140800,15.75,15.75,15.17,15.49,15831915.97
1643155200,15.49,15.65,15.2,15.59,15892271.41
1643169600,15.59,16.03,15.56,15.74,13001211.41
1643184000,15.74,16.15,15.74,16.11,12123562.41
1643198400,16.11,16.62,15.92,16.13,27834195.52
1643212800,16.13,16.8,15.47,15.9,53354643.26
1643227200,15.9,15.91,14.7,15.23,30533146.98
1643241600,15.23,15.39,14.31,14.49,16997770.509999998
1643256000,14.49,15.1,14.42,14.91,20092729.66
1643270400,14.91,15.19,14.65,15.13,14117003.05
1643284800,15.13,15.71,15.12,15.36,21943307.93
1643299200,15.36,15.62,14.71,14.84,21286796.65
1643313600,14.84,15.3,14.44,15.24,26962924.92
1643328000,15.24,15.45,14.82,15.36,15735624.29
1643342400,15.36,15.53,15.05,15.06,8845530.11
1643356800,15.06,15.29,14.79,14.94,11844193.69
1643371200,14.94,15.61,14.75,15.55,21193763.63
1643385600,15.55,15.93,15.54,15.78,29434459.39
1643400000,15.78,16.29,15.68,16.16,22030648.85
1643414400,16.16,16.42,15.97,16.1,10669974.48
1643428800,16.1,16.47,16.02,16.37,7036710.27
1643443200,16.37,16.42,16.13,16.25,6684859.76
1643457600,16.25,16.67,16.08,16.21,16016261.44
1643472000,16.21,16.49,16.08,16.35,12508364.98
1643486400,16.35,16.75,16.12,16.23,14393690.21
1643500800,16.23,16.49,16.03,16.4,10098969.59
1643515200,16.4,17.71,16.39,17.63,35639664.28
1643529600,17.63,17.84,17.51,17.7,15754146.56
1643544000,17.7,17.7,17.17,17.25,12655373.08
1643558400,17.25,17.66,16.85,17.04,21505324.35
1643572800,17.04,18.12,16.87,17.78,33811059.54
1643587200,17.78,17.88,16.43,16.89,31536910.47
1643601600,16.89,16.97,16.53,16.97,12188665.59
1643616000,16.97,17.29,16.76,17.05,12019560.03
1643630400,17.05,17.65,16.62,17.5,20865435.31
1643644800,17.5,17.7,16.99,17.05,37006331.58
1643659200,17.05,17.35,16.91,17.17,27240102.62
1643673600,17.17,17.57,17.08,17.45,26386263.31
1643688000,17.45,17.58,17.13,17.45,14269060.67
1643702400,17.45,17.88,16.93,17.27,20611248.880000003
1643716800,17.27,17.56,16.94,17.19,27386533.4
1643731200,17.19,17.46,16.84,16.85,19949297.77
1643745600,16.85,17.15,16.84,17.0,12198372.76
1643760000,17.0,17.16,16.76,17.04,11912667.01
1643774400,17.04,17.36,16.98,16.99,12257407.7
1643788800,16.99,17.24,16.9,17.22,5719037.97
1643803200,17.22,17.38,16.18,16.34,19299362.33
1643817600,16.34,16.51,16.08,16.47,12726689.58
1643832000,16.47,16.49,15.59,15.8,19239387.18
1643846400,15.8,15.97,15.5,15.67,13377367.75
1643860800,15.67,15.86,15.56,15.83,9508663.76
1643875200,15.83,15.92,15.27,15.64,13102252.6
1643889600,15.64,15.99,15.31,15.96,14579123.86
1643904000,15.96,16.18,15.69,15.79,16844305.73
1643918400,15.79,16.32,15.64,16.28,17745736.37
1643932800,16.28,16.32,16.03,16.08,6545211.17
1643947200,16.08,16.55,16.05,16.33,11340825.29
1643961600,16.33,16.59,16.33,16.42,6878427.26
1643976000,16.42,16.95,16.07,16.73,26312887.35
1643990400,16.73,17.19,16.72,17.12,18861975.14
1644004800,17.12,17.54,17.03,17.53,10509632.07
1644019200,17.53,17.95,17.43,17.95,19132245.37
1644033600,17.95,18.33,17.87,17.92,20729075.82
1644048000,17.92,18.13,17.87,17.96,10783760.14
1644062400,17.96,18.15,17.83,18.05,9126326.5
1644076800,18.05,18.27,17.46,17.73,14977629.0
1644091200,17.73,17.96,17.66,17.78,7727119.19
1644105600,17.78,18.18,17.73,17.96,6646426.43
1644120000,17.96,18.03,17.71,17.89,6899967.9
1644134400,17.89,18.01,17.73,17.75,5455229.23
1644148800,17.75,18.0,17.19,17.45,14776219.57
1644163200,17.45,17.65,17.38,17.62,6454088.9
1644177600,17.62,18.09,17.51,18.07,13304900.08
1644192000,18.07,18.56,17.67,18.5,21073374.38
1644206400,18.5,18.97,18.45,18.66,16160561.26
1644220800,18.66,18.71,18.35,18.5,8864144.6
1644235200,18.5,19.1,18.35,19.06,24123000.45
1644249600,19.06,19.53,18.93,19.19,31537181.76
1644264000,19.19,19.27,18.77,18.88,14548625.06
1644278400,18.88,19.05,18.53,19.03,15136924.25
1644292800,19.03,19.55,18.89,18.94,22431828.39
1644307200,18.94,18.96,18.04,18.29,20301416.51
1644321600,18.29,18.29,17.75,18.01,19154684.82
1644336000,18.01,18.26,17.78,18.05,17272854.98
1644350400,18.05,18.56,18.01,18.37,12651364.85
1644364800,18.37,18.53,17.89,17.95,12046635.06
1644379200,17.95,18.22,17.76,18.19,9256956.49
1644393600,18.19,18.39,17.95,18.36,8085417.979999999
1644408000,18.36,18.66,18.28,18.49,12261462.87
1644422400,18.49,18.74,18.38,18.69,9225325.88
1644436800,18.69,18.76,18.57,18.69,8563150.8
1644451200,18.69,18.7,18.01,18.1,12919297.81
1644465600,18.1,18.27,17.98,18.27,8125517.939999999
1644480000,18.27,18.77,18.23,18.66,7668700.74
1644494400,18.66,18.69,17.38,18.19,39107134.42
1644508800,18.19,18.46,17.69,17.72,25993698.85
1644523200,17.72,17.89,17.36,17.51,18497418.12
1644537600,17.51,17.53,17.14,17.31,19869994.72
1644552000,17.31,17.53,17.18,17.5,8017161.48
1644566400,17.5,17.65,17.25,17.59,7319476.89
1644580800,17.59,17.83,17.55,17.7,11374963.52
1644595200,17.7,17.74,16.74,16.79,20991260.11
1644609600,16.79,16.84,15.92,16.21,30379321.040000003
1644624000,16.21,16.33,16.02,16.14,11117627.31
1644638400,16.14,16.25,15.62,15.91,10287614.7
1644652800,15.91,16.16,15.73,16.12,7703354.64
1644667200,16.12,16.17,15.57,15.86,12549139.8
1644681600,15.86,16.39,15.76,16.21,11997428.02
1644696000,16.21,16.35,15.7,15.96,10577762.8
1644710400,15.96,16.2,15.86,15.96,4629475.91
1644724800,15.96,16.2,15.85,16.19,3079057.85
1644739200,16.19,16.33,16.13,16.24,4905743.390000001
1644753600,16.24,16.32,15.98,16.07,6786433.26
1644768000,16.07,16.09,15.54,15.66,14169607.53
1644782400,15.66,15.93,15.59,15.6,8401949.52
1644796800,15.6,15.72,15.22,15.36,14155104.27
1644811200,15.36,15.68,15.29,15.67,4901195.0
1644825600,15.67,15.77,15.48,15.56,6050399.95
1644840000,15.56,16.13,15.44,15.8,15613396.94
1644854400,15.8,16.0,15.21,15.35,13659116.43
1644868800,15.35,16.02,15.27,15.9,11887146.61
1644883200,15.9,16.55,15.82,16.42,19882897.21
1644897600,16.42,16.48,16.28,16.43,6948885.87
1644912000,16.43,16.93,16.42,16.77,13737013.27
1644926400,16.77,17.05,16.74,16.98,12223346.33
1644940800,16.98,17.1,16.82,16.94,9289007.92
1644955200,16.94,17.47,16.74,17.35,10244944.65
1644969600,17.35,17.42,16.92,17.01,11329374.9
1644984000,17.01,17.23,16.79,17.2,7264784.779999999
1644998400,17.2,17.34,17.02,17.11,6168798.32
1645012800,17.11,17.15,16.54,16.66,14612201.13
1645027200,16.66,17.3,16.53,17.28,15607144.02
1645041600,17.28,17.39,17.09,17.13,8947362.13
1645056000,17.13,17.46,17.11,17.11,9891113.91
1645070400,17.11,17.11,16.73,17.01,10075926.2
1645084800,17.01,17.07,16.43,16.55,10056641.32
1645099200,16.55,16.65,16.02,16.16,19571337.34
1645113600,16.16,16.26,15.49,15.78,22086875.7
1645128000,15.78,15.84,15.47,15.6,14801413.63
1645142400,15.6,15.9,15.48,15.87,10982926.36
1645156800,15.87,16.04,15.74,15.89,6809234.41
1645171200,15.89,16.06,15.63,15.65,7005354.59
1645185600,15.65,15.78,15.12,15.22,21823919.41
1645200000,15.22,15.5,15.04,15.35,18460310.51
1645214400,15.35,15.39,15.12,15.2,10199277.83
1645228800,15.2,15.5,15.14,15.38,8421926.84
1645243200,15.38,15.56,15.33,15.5,5956763.42
1645257600,15.5,15.51,14.92,15.01,10723424.41
1645272000,15.01,15.39,14.85,15.36,10899523.02
1645286400,15.36,15.68,15.24,15.31,12071457.46
1645300800,15.31,15.57,15.3,15.52,7130058.970000001
1645315200,15.52,15.53,14.98,15.0,12249971.69
1645329600,15.0,15.01,14.43,14.75,17782199.48
1645344000,14.75,14.79,14.44,14.78,7421609.28
1645358400,14.78,14.98,14.42,14.7,8825116.66
1645372800,14.7,14.9,14.58,14.83,8470694.879999999
1645387200,14.83,14.93,14.47,14.6,12231225.46
1645401600,14.6,15.26,14.53,15.03,11786683.11
1645416000,15.03,15.31,15.02,15.2,6110604.85
1645430400,15.2,15.29,14.13,14.29,13168739.76
1645444800,14.29,15.06,13.95,14.75,23128607.8
1645459200,14.75,14.86,14.01,14.28,21364445.89
1645473600,14.28,14.39,13.39,13.5,25109992.78
1645488000,13.5,13.81,13.05,13.21,24899518.200000003
1645502400,13.21,13.56,13.13,13.3,13978369.66
1645516800,13.3,13.86,13.3,13.8,9296197.95
1645531200,13.8,14.2,13.64,13.98,17510734.53
1645545600,13.98,14.09,13.76,14.06,12638050.44
1645560000,14.06,14.15,13.85,13.99,13938545.079999998
1645574400,13.99,14.14,13.74,13.84,11272574.44
1645588800,13.84,14.23,13.82,14.19,10018008.85
1645603200,14.19,14.58,14.16,14.41,10062741.23
1645617600,14.41,14.62,14.18,14.19,9965438.82
1645632000,14.19,14.67,13.74,13.81,16442790.49
1645646400,13.81,13.87,13.3,13.33,12429317.26
1645660800,13.33,13.46,12.2,12.3,31040305.3
1645675200,12.3,12.42,11.42,11.79,35659026.4
1645689600,11.79,12.06,11.56,11.82,17241928.83
1645704000,11.82,12.37,11.57,12.33,28489044.09
1645718400,12.33,13.11,12.16,13.1,29398987.6
1645732800,13.1,13.96,12.94,13.28,31022087.520000003
1645747200,13.28,13.51,13.12,13.37,13996291.96
1645761600,13.37,13.45,13.08,13.37,8703254.76
1645776000,13.37,13.66,13.17,13.62,6330378.52
1645790400,13.62,14.11,13.62,14.09,14216781.15
1645804800,14.09,14.17,13.76,13.78,9571259.61
1645819200,13.78,14.5,13.73,14.38,14485679.9
1645833600,14.38,15.03,14.29,14.55,17212598.99
1645848000,14.55,14.63,14.24,14.49,4415179.0
1645862400,14.49,14.6,14.11,14.43,5392741.5600000005
1645876800,14.43,14.83,14.27,14.66,6426715.899999999
1645891200,14.66,14.77,14.34,14.59,6094413.26
1645905600,14.59,14.95,14.52,14.72,7349731.78
1645920000,14.72,14.8,14.08,14.13,10899422.16
1645934400,14.13,14.31,13.97,14.28,4798359.5
1645948800,14.28,14.69,14.17,14.65,4947908.38
1645963200,14.65,14.86,14.21,14.57,11256838.99
1645977600,14.57,14.58,13.61,13.68,12002771.06
1645992000,13.68,14.02,13.48,13.65,15145927.11
1646006400,13.65,13.83,13.43,13.57,10735199.33
1646020800,13.57,13.81,13.33,13.76,7562279.48
1646035200,13.76,13.88,13.62,13.8,4072955.27
1646049600,13.8,14.76,13.62,14.66,17128363.89
1646064000,14.66,14.83,14.52,14.7,14727077.62
1646078400,14.7,15.16,14.59,15.14,18938628.99
1646092800,15.14,15.32,14.87,14.93,12158103.89
1646107200,14.93,15.15,14.87,15.11,8314539.080000001
1646121600,15.11,15.19,14.74,15.06,7518437.100000001
1646136000,15.06,15.73,15.0,15.4,25456888.82
1646150400,15.4,15.5,15.06,15.19,11006004.19
1646164800,15.19,15.42,15.08,15.36,6086948.12
1646179200,15.36,15.59,14.93,15.53,14940990.42
1646193600,15.53,15.67,15.23,15.26,9211331.58
1646208000,15.26,15.8,15.13,15.7,7155921.149999999
1646222400,15.7,15.86,15.18,15.43,16801738.21
1646236800,15.43,15.66,15.16,15.25,10172817.0
1646251200,15.25,15.53,15.24,15.29,4701432.93
1646265600,15.29,15.39,14.95,15.1,8762499.44
1646280000,15.1,15.27,14.94,15.16,4394360.09
1646294400,15.16,15.24,14.99,15.11,3298759.88
1646308800,15.11,15.31,14.58,14.71,9970613.01
1646323200,14.71,14.84,14.48,14.63,10576120.91
1646337600,14.63,15.01,14.54,14.9,9588933.23
1646352000,14.9,14.96,14.18,14.31,15157105.32
1646366400,14.31,14.35,14.14,14.33,5580054.25
1646380800,14.33,14.6,14.13,14.52,4798126.06
1646395200,14.52,14.59,14.11,14.13,9524504.06
1646409600,14.13,14.27,13.72,13.73,10667920.29
1646424000,13.73,13.87,13.57,13.72,11307643.68
1646438400,13.72,13.75,13.43,13.73,7180678.29
1646452800,13.73,13.97,13.64,13.91,3986842.97
1646467200,13.91,14.06,13.87,14.02,3425209.83
1646481600,14.02,14.14,13.9,14.03,4388008.78
1646496000,14.03,14.27,13.96,14.06,5445322.91
1646510400,14.06,14.12,13.92,14.02,2298674.57
1646524800,14.02,14.12,13.78,13.8,3058077.7
1646539200,13.8,13.95,13.62,13.84,4775252.67
1646553600,13.84,13.85,13.44,13.59,5037672.72
1646568000,13.59,13.77,13.55,13.67,3113357.7800000003
1646582400,13.67,13.87,13.59,13.62,4384915.78
1646596800,13.62,13.83,13.27,13.32,8165725.449999999
1646611200,13.32,13.32,12.77,12.83,18382709.64
1646625600,12.83,13.05,12.73,12.91,8597963.68
1646640000,12.91,13.1,12.83,13.09,4906738.37
1646654400,13.09,13.65,13.08,13.56,10458810.2
1646668800,13.56,13.66,12.45,12.57,14355718.31
1646683200,12.57,12.86,12.42,12.7,11920519.65
1646697600,12.7,13.03,12.58,12.92,8902561.76
1646712000,12.92,13.18,12.81,13.1,4883072.95
1646726400,13.1,13.55,13.06,13.41,5116655.32
1646740800,13.41,13.45,13.04,13.17,8853804.47
1646755200,13.17,13.53,13.01,13.16,10756890.67
1646769600,13.16,13.22,12.87,13.09,6478408.04
1646784000,13.09,13.89,13.07,13.83,11766801.1
1646798400,13.83,14.01,13.75,13.89,6839703.09
1646812800,13.89,14.1,13.8,14.07,5862330.380000001
1646827200,14.07,14.36,13.9,14.33,10025622.14
1646841600,14.33,14.45,13.83,13.95,14122834.18
1646856000,13.95,14.05,13.8,14.01,4515328.58
1646870400,14.01,14.1,13.66,13.73,7899418.61
1646884800,13.73,13.74,13.03,13.12,8700614.629999999
1646899200,13.12,13.22,13.01,13.18,3515269.35
1646913600,13.18,13.44,12.99,13.26,8915202.34
1646928000,13.26,13.34,13.13,13.32,4874096.53
1646942400,13.32,13.34,13.11,13.17,5403589.55
1646956800,13.17,13.21,12.81,12.97,7520908.56
1646971200,12.97,13.38,12.82,13.3,3895477.1
1646985600,13.3,13.62,13.16,13.54,5324478.65
1647000000,13.54,13.66,13.15,13.2,7656732.7
1647014400,13.2,13.21,12.99,13.01,4789526.45
1647028800,13.01,13.22,12.92,13.05,3942396.89
1647043200,13.05,13.45,13.03,13.31,5799417.32
1647057600,13.31,13.41,13.24,13.26,2100339.76
1647072000,13.26,13.31,13.13,13.19,2049803.29
1647086400,13.19,13.29,13.09,13.25,2732388.07
1647100800,13.25,13.44,13.17,13.35,2916657.02
1647115200,13.35,13.38,13.16,13.16,2722464.0
1647129600,13.16,13.38,13.1,13.36,2774301.15
1647144000,13.36,13.41,13.32,13.33,2608531.99
1647158400,13.33,13.35,13.11,13.16,1768331.37
1647172800,13.16,13.21,13.0,13.18,3177611.85
1647187200,13.18,13.3,13.13,13.19,2347773.0
1647201600,13.19,13.19,12.6,12.72,6448034.74
1647216000,12.72,12.82,12.61,12.72,6644702.3100000005
1647230400,12.72,13.31,12.7,13.25,7700542.05
1647244800,13.25,13.36,13.16,13.18,2640502.61
1647259200,13.18,13.29,13.07,13.12,3829416.14
1647273600,13.12,13.2,12.75,12.89,5716744.78
1647288000,12.89,13.44,12.89,13.41,6119167.5600000005
1647302400,13.41,13.59,13.21,13.24,8857336.129999999
1647316800,13.24,13.27,12.89,12.98,4512343.02
1647331200,12.98,13.09,12.89,13.06,2650468.63
1647345600,13.06,13.35,12.95,13.26,4785106.22
1647360000,13.26,13.68,13.23,13.57,8142481.5
1647374400,13.57,13.8,13.42,13.7,5814641.42
1647388800,13.7,14.25,13.67,13.82,15221321.81
1647403200,13.82,13.98,13.7,13.97,6557414.880000001
1647417600,13.97,14.2,13.96,14.07,5800048.41
1647432000,14.07,14.24,13.92,14.14,6280648.539999999
1647446400,14.14,14.48,13.74,14.47,16488665.03
1647460800,14.47,14.78,14.41,14.69,8096993.66
1647475200,14.69,14.79,14.58,14.66,5764717.88
1647489600,14.66,14.68,14.25,14.37,5616224.06
1647504000,14.37,14.86,14.36,14.82,6694538.359999999
1647518400,14.82,14.91,14.52,14.54,6035308.39
1647532800,14.54,14.63,14.44,14.55,3153598.53
1647547200,14.55,14.59,14.38,14.42,3595224.99
1647561600,14.42,14.49,14.13,14.19,7395378.98
1647576000,14.19,14.55,14.16,14.42,3694683.68
1647590400,14.42,14.71,14.37,14.68,5401166.8
1647604800,14.68,15.09,14.59,15.08,9701533.13
1647619200,15.08,15.28,14.96,15.07,15026075.29
1647633600,15.07,15.16,14.89,15.03,3965315.84
1647648000,15.03,15.2,14.86,14.95,5305124.32
1647662400,14.95,15.03,14.88,14.99,2339609.5
1647676800,14.99,15.1,14.93,15.03,2154055.79
1647691200,15.03,15.38,15.01,15.37,6785308.17
1647705600,15.37,15.4,15.11,15.13,5530062.95
1647720000,15.13,15.24,14.86,15.01,7334427.17
1647734400,15.01,15.12,14.87,14.95,6261301.17
1647748800,14.95,15.1,14.9,15.0,2107808.98
1647763200,15.0,15.01,14.74,14.76,4350445.85
1647777600,14.76,14.76,14.59,14.68,4768717.01
1647792000,14.68,14.77,14.44,14.64,6726958.61
1647806400,14.64,14.76,14.53,14.55,4079429.7
1647820800,14.55,14.65,14.32,14.48,5553494.25
1647835200,14.48,14.98,14.45,14.97,4092012.74
1647849600,14.97,15.19,14.9,15.09,4741126.36
1647864000,15.09,15.27,14.95,15.06,8600477.58
1647878400,15.06,15.07,14.72,14.86,9014618.57
1647892800,14.86,15.05,14.83,15.0,5778894.470000001
1647907200,15.0,15.6,14.99,15.53,10055159.54
1647921600,15.53,15.77,15.47,15.51,9090372.58
1647936000,15.51,15.84,15.46,15.84,4947351.62
1647950400,15.84,15.85,15.54,15.55,6918297.91
1647964800,15.55,15.7,15.43,15.44,4951842.27
1647979200,15.44,15.65,15.42,15.44,5014103.33
1647993600,15.44,15.5,15.22,15.26,5609236.529999999
1648008000,15.26,15.44,15.14,15.42,2887657.69
1648022400,15.42,15.47,15.25,15.31,4069712.66
1648036800,15.31,15.88,15.26,15.82,10178542.69
1648051200,15.82,15.95,15.55,15.56,9271723.88
1648065600,15.56,15.85,15.54,15.84,4836109.49
1648080000,15.84,16.0,15.61,15.62,11010812.12
1648094400,15.62,15.97,15.61,15.93,5008217.62
1648108800,15.93,16.22,15.87,16.19,13492034.09
1648123200,16.19,16.39,15.83,16.37,15260455.57
1648137600,16.37,16.44,16.16,16.17,7745044.36
1648152000,16.17,16.25,16.1,16.17,4747876.94
1648166400,16.17,16.19,15.94,16.01,10296121.26
1648180800,16.01,16.29,16.0,16.04,5357341.36
1648195200,16.04,16.4,15.83,16.38,8503531.790000001
1648209600,16.38,16.46,15.84,15.89,10794404.69
1648224000,15.89,16.0,15.51,15.61,12817698.63
1648238400,15.61,15.68,15.49,15.6,6456432.64
1648252800,15.6,15.74,15.51,15.7,6267533.890000001
1648267200,15.7,15.92,15.68,15.87,4312045.84
1648281600,15.87,15.95,15.74,15.83,3606539.74
1648296000,15.83,15.87,15.57,15.61,5090242.8
1648310400,15.61,15.8,15.57,15.76,6660386.27
1648324800,15.76,15.9,15.72,15.85,6428430.48
1648339200,15.85,16.1,15.8,16.02,6695477.140000001
1648353600,16.02,16.18,15.93,16.15,6426866.87
1648368000,16.15,16.15,15.89,15.92,4515824.79
1648382400,15.92,16.08,15.65,16.08,5595509.58
1648396800,16.08,16.32,16.05,16.22,5602842.82
1648411200,16.22,16.9,16.17,16.86,17948324.48
1648425600,16.86,16.96,16.65,16.79,12905618.67
1648440000,16.79,17.12,16.74,17.04,8683244.870000001
1648454400,17.04,17.28,16.91,17.08,7100335.68
1648468800,17.08,17.36,16.99,16.99,12372856.89
1648483200,16.99,17.25,16.94,17.1,11496318.93
1648497600,17.1,17.22,16.4,16.49,16925587.54
1648512000,16.49,17.17,16.48,16.88,9013805.85
1648526400,16.88,17.15,16.87,16.88,6623537.48
1648540800,16.88,17.25,16.88,17.22,4394112.61
1648555200,17.22,17.52,16.99,17.0,16346053.06
1648569600,17.0,17.09,16.68,16.98,10357608.38
1648584000,16.98,17.02,16.61,16.98,13676442.44
1648598400,16.98,17.38,16.55,17.36,11773414.15
1648612800,17.36,17.46,17.07,17.33,5662300.95
1648627200,17.33,17.39,17.13,17.28,6744553.630000001
1648641600,17.28,17.46,16.89,17.27,12724190.75
1648656000,17.27,17.56,17.05,17.19,12018718.2
1648670400,17.19,17.29,17.04,17.2,6299661.98
1648684800,17.2,17.57,17.17,17.31,6814796.42
1648699200,17.31,17.54,17.24,17.53,3987776.38
1648713600,17.53,18.05,17.5,17.86,10438065.34
1648728000,17.86,17.99,17.1,17.18,24612648.21
1648742400,17.18,17.21,16.66,16.88,14929330.06
1648756800,16.88,17.1,16.76,16.93,8242386.43
1648771200,16.93,17.09,16.19,16.46,19043719.24
1648785600,16.46,16.85,16.44,16.84,4967003.6
1648800000,16.84,16.93,16.71,16.74,4773407.91
1648814400,16.74,17.37,16.49,17.29,16347387.05
1648828800,17.29,17.35,17.1,17.23,7214057.02
1648843200,17.23,17.37,17.05,17.35,4061380.31
1648857600,17.35,17.6,17.2,17.3,10908709.07
1648872000,17.3,17.49,17.29,17.43,3207765.51
1648886400,17.43,17.73,17.38,17.64,3961538.98
1648900800,17.64,17.87,17.24,17.33,9705040.99
1648915200,17.33,17.54,17.11,17.4,9577539.02
1648929600,17.4,17.67,17.33,17.4,5976881.73
1648944000,17.4,17.7,17.17,17.48,9009631.88
1648958400,17.48,17.97,17.46,17.81,10280382.66
1648972800,17.81,17.86,17.62,17.78,2759547.26
1648987200,17.78,17.93,17.65,17.91,5353438.220000001
1649001600,17.91,18.26,17.83,17.97,11694963.34
1649016000,17.97,18.32,17.9,18.08,9331372.9
1649030400,18.08,18.09,17.57,17.64,10405152.1
1649044800,17.64,17.96,17.57,17.87,4087042.46
1649059200,17.87,17.89,17.31,17.52,8255284.659999999
1649073600,17.52,17.55,16.96,17.01,12499547.24
1649088000,17.01,17.26,16.83,17.23,16612920.79
1649102400,17.23,17.58,17.16,17.51,8815078.879999999
1649116800,17.51,17.66,17.37,17.56,6163529.75
1649131200,17.56,17.59,17.31,17.44,4610192.73
1649145600,17.4,17.42,17.22,17.37,3037521.55
1649160000,17.37,17.56,16.98,17.13,11220882.68
1649174400,17.13,17.24,16.96,17.13,6447824.58
1649188800,17.13,17.18,16.67,16.75,7558829.88
1649203200,16.75,16.78,16.06,16.4,12347117.94
1649217600,16.4,16.66,16.31,16.54,2175088.35
1649232000,16.54,16.6,16.05,16.16,5130121.09
1649246400,16.16,16.29,15.55,15.74,17244126.88
1649260800,15.74,15.8,15.32,15.64,16781783.27
1649275200,15.64,15.8,15.3,15.43,8646866.76
1649289600,15.43,15.64,15.11,15.37,13035902.06
1649304000,15.37,15.68,15.33,15.62,3325537.89
1649318400,15.62,15.85,15.45,15.81,4739797.1
1649332800,15.81,15.88,15.31,15.5,7007627.29
1649347200,15.5,15.73,15.35,15.6,4169181.14
1649361600,15.6,15.87,15.58,15.76,4277621.29
1649376000,15.76,15.9,15.64,15.87,3684129.09
1649390400,15.87,15.9,15.63,15.78,1961124.45
1649404800,15.78,15.85,15.44,15.46,2825255.79
1649419200,15.46,15.79,15.2,15.67,7777017.04
1649433600,15.67,15.75,15.34,15.41,6721912.670000001
1649448000,15.41,15.49,15.03,15.13,8946044.58
1649462400,15.13,15.47,15.12,15.35,6269374.59
1649476800,15.35,15.42,15.26,15.37,1627579.9
1649491200,15.37,15.38,15.21,15.3,1485598.32
1649505600,15.3,15.48,15.17,15.19,3285085.8200000003
1649520000,15.19,15.39,15.19,15.29,1978491.04
1649534400,15.29,15.46,15.24,15.43,2115461.5300000003
1649548800,15.43,15.58,15.36,15.54,2729053.29
1649563200,15.54,15.64,15.42,15.44,1994066.89
1649577600,15.44,15.5,15.25,15.35,1785646.42
1649592000,15.35,15.5,15.31,15.48,2337131.94
1649606400,15.48,15.91,15.46,15.86,4324864.5600000005
1649620800,15.86,15.93,15.19,15.24,5619234.88
1649635200,15.24,15.27,14.79,14.9,7621247.189999999
1649649600,14.9,15.0,14.86,14.94,3931971.31
1649664000,14.94,14.97,14.13,14.2,8229088.890000001
1649678400,14.2,14.27,13.94,13.96,9035335.98
1649692800,13.96,14.16,13.82,13.9,5559149.3100000005
1649707200,13.9,13.94,13.52,13.76,10627296.1
1649721600,13.76,13.92,13.7,13.78,7125034.28
1649736000,13.78,14.08,13.77,14.03,3354448.12
1649750400,14.03,14.17,13.94,14.15,4310369.28
1649764800,14.15,14.33,13.91,14.02,8868463.31
1649779200,14.02,14.1,13.64,13.66,7216998.29
1649793600,13.66,14.02,13.65,13.97,4153554.31
1649808000,13.97,14.1,13.85,13.99,4731889.97
1649822400,13.99,14.11,13.97,14.03,2163211.77
1649836800,14.03,14.06,13.76,13.77,3396251.11
1649851200,13.77,14.18,13.69,14.1,20370593.03
1649865600,14.1,14.23,13.99,14.06,6414084.57
1649880000,14.06,14.2,14.04,14.2,4155401.96
1649894400,14.2,14.33,14.11,14.19,3571256.88
1649908800,14.19,14.24,14.08,14.19,2527398.58
1649923200,14.19,14.23,13.87,13.9,4678951.140000001
1649937600,13.9,14.09,13.48,13.49,11349103.05
1649952000,13.49,13.74,13.33,13.59,13774101.83
1649966400,13.59,13.7,13.53,13.64,2816376.32
1649980800,13.64,13.9,13.63,13.9,3357195.07
1649995200,13.9,14.05,13.8,13.93,3137947.74
1650009600,13.93,14.02,13.87,13.92,1996957.26
1650024000,13.92,14.02,13.71,13.9,3849727.49
1650038400,13.9,14.01,13.82,13.95,2300741.13
1650052800,13.95,14.19,13.93,14.11,3245495.91
1650067200,14.11,14.27,14.05,14.05,2417431.04
1650081600,14.06,14.13,13.99,14.01,1671859.57
1650096000,14.01,14.16,13.98,14.1,1330940.17
1650110400,14.1,14.22,13.85,13.88,3224495.62
1650124800,13.88,14.02,13.85,13.92,1825012.78
1650139200,13.92,14.2,13.87,14.15,2232508.75
1650153600,14.14,14.4,14.01,14.28,4010264.94
1650168000,14.28,14.58,14.27,14.49,4890480.300000001
1650182400,14.49,14.6,14.41,14.58,2522429.92
1650196800,14.58,14.62,14.4,14.48,2571917.95
1650211200,14.48,14.53,14.07,14.21,4829158.3100000005
1650225600,14.21,14.22,13.65,13.74,4774490.69
1650240000,13.74,13.85,13.68,13.82,3211363.16
1650254400,13.82,13.84,13.15,13.2,14025158.05
1650268800,13.2,13.38,13.19,13.33,2953014.13
1650283200,13.33,13.57,13.27,13.32,11751035.32
1650297600,13.32,13.88,13.23,13.84,12275528.92
1650312000,13.84,14.07,13.83,14.05,4180467.56
1650326400,14.05,14.21,13.84,13.9,3548303.61
1650340800,13.9,14.0,13.86,13.9,2534077.09
1650355200,13.9,14.23,13.84,14.06,2682646.59
1650369600,14.06,14.41,14.04,14.29,5456368.390000001
1650384000,14.29,14.38,14.08,14.13,3631921.5
1650398400,14.13,14.29,14.02,14.25,5167994.91
1650412800,14.25,14.26,14.02,14.19,2350920.0
1650427200,14.19,14.41,14.1,14.29,3084186.08
1650441600,14.29,14.49,14.26,14.43,2920082.45
1650456000,14.43,14.49,13.85,13.93,6751368.949999999
1650470400,13.93,13.96,13.71,13.94,7030339.130000001
1650484800,13.94,14.13,13.93,14.03,4275603.07
1650499200,14.03,14.26,14.01,14.18,3242021.44
1650513600,14.18,14.24,13.93,14.08,3922415.15
1650528000,14.08,14.35,13.91,14.26,4344462.63
1650542400,14.26,14.38,14.09,14.1,4872367.02
1650556800,14.1,14.13,13.74,13.77,4296240.2
1650571200,13.77,13.79,13.37,13.58,7180064.66
1650585600,13.58,13.79,13.51,13.75,4046309.98
1650600000,13.75,13.88,13.65,13.83,2879314.73
1650614400,13.83,13.84,13.64,13.82,2212551.22
1650628800,13.82,13.85,13.47,13.52,6835812.6
1650643200,13.52,13.85,13.49,13.68,7479093.8
1650657600,13.68,13.76,13.56,13.59,3868912.82
1650672000,13.59,13.68,13.39,13.45,3942209.55
1650686400,13.45,13.53,13.27,13.49,4130764.07
1650700800,13.49,13.61,13.45,13.59,2451692.84
1650715200,13.59,13.63,13.48,13.55,1814068.76
1650729600,13.55,13.62,13.35,13.39,3166029.59
1650744000,13.39,13.48,13.22,13.32,3402995.59
1650758400,13.32,13.59,13.31,13.56,2620874.96
1650772800,13.56,13.64,13.52,13.53,998873.2
1650787200,13.52,13.54,13.36,13.38,820384.36
1650801600,13.38,13.55,13.28,13.46,3442237.41
1650816000,13.46,13.48,13.21,13.46,3441913.3
1650830400,13.46,13.49,13.24,13.28,3650414.53
1650844800,13.28,13.31,12.85,13.1,8307489.43
1650859200,13.1,13.13,12.57,12.58,5320214.32
1650873600,12.58,12.91,12.53,12.89,3482292.92
1650888000,12.89,13.18,12.83,12.99,6683760.81
1650902400,12.99,13.4,12.97,13.38,9400783.81
1650916800,13.38,13.52,13.35,13.44,6649712.93
1650931200,13.44,13.5,13.3,13.33,3544066.4800000004
1650945600,13.33,13.39,13.26,13.35,2054966.53
1650960000,13.35,13.49,13.22,13.32,2449907.1
1650974400,13.32,13.38,12.64,12.66,8360856.43
1650988800,12.66,12.79,12.39,12.51,9348349.89
1651003200,12.51,12.59,12.12,12.38,8359994.5
1651017600,12.38,12.59,12.31,12.52,4875835.22
1651032000,12.52,12.69,12.5,12.69,2358125.01
1651046400,12.69,12.72,12.42,12.55,3920065.0
1651060800,12.55,12.77,12.34,12.62,6918723.68
1651075200,12.62,12.8,12.51,12.61,4900745.22
1651089600,12.61,12.77,12.59,12.74,2951582.33
1651104000,12.74,12.83,12.58,12.63,2430650.21
1651118400,12.63,12.8,12.57,12.78,1924686.58
1651132800,12.78,12.99,12.76,12.78,8829099.87
1651147200,12.78,12.85,12.4,12.52,7128505.37
1651161600,12.52,12.8,12.42,12.67,5287255.5
1651176000,12.67,12.8,12.54,12.66,3660718.1
1651190400,12.66,12.73,12.46,12.53,2601441.92
1651204800,12.53,12.65,12.45,12.63,1629990.33
1651219200,12.63,12.56,12.09,12.18,3959382.11
1651233600,12.18,12.42,12.11,12.3,4961338.98
1651248000,12.3,12.31,11.84,11.92,7750125.68
1651262400,11.92,12.03,11.84,11.98,5267555.23
1651276800,11.98,12.2,11.95,12.14,2261315.75
1651291200,12.14,12.25,12.09,12.11,1154799.19
1651305600,12.11,12.14,11.97,12.06,1298426.9
1651320000,12.06,12.09,11.65,11.8,4176211.73
1651334400,11.8,11.85,11.51,11.69,5025909.19
1651348800,11.69,11.71,10.68,10.97,12691649.22
1651363200,10.97,11.23,10.82,11.15,6656701.71
1651377600,11.15,11.23,11.01,11.09,2650326.2
1651392000,11.09,11.2,11.08,11.08,2096153.33
1651406400,11.08,11.37,10.99,11.32,4678439.04
1651420800,11.32,11.48,10.91,10.99,5323866.41
1651435200,10.99,11.37,10.94,11.31,5515355.4
1651449600,11.31,11.44,11.21,11.22,3158267.77
1651464000,11.22,11.37,11.19,11.25,3638339.29
1651478400,11.25,11.28,10.88,10.91,2908105.0300000003
1651492800,10.91,11.29,10.87,11.18,6215835.5600000005
1651507200,11.18,11.21,10.77,11.08,9724107.96
1651521600,11.08,11.39,11.04,11.17,4060765.68
1651536000,11.17,11.32,11.05,11.29,2907882.68
1651550400,11.29,11.35,11.22,11.34,3133851.81
1651564800,11.34,11.51,11.13,11.41,4869127.12
1651579200,11.41,11.43,11.14,11.24,5080953.38
1651593600,11.24,11.29,10.81,10.88,6006209.449999999
1651608000,10.88,11.15,10.79,11.12,6058909.54
1651622400,11.12,11.33,11.11,11.21,3475655.45
1651636800,11.21,11.34,11.15,11.33,3850244.26
1651651200,11.33,11.53,11.29,11.45,4817004.53
1651665600,11.45,11.5,11.11,11.22,4439394.38
1651680000,11.22,12.11,11.15,12.01,15072918.42
1651694400,12.01,12.21,12.0,12.2,5234376.86
1651708800,12.2,12.28,12.08,12.14,3745303.76
1651723200,12.14,12.16,11.91,11.99,2809377.08
1651737600,11.99,12.08,11.85,11.92,2543371.48
1651752000,11.92,12.02,10.82,10.91,15675525.47
1651766400,10.91,11.06,10.63,10.85,13972937.02
1651780800,10.85,10.95,10.75,10.92,5277001.0
1651795200,10.92,11.02,10.8,10.99,2872812.56
1651809600,10.99,11.03,10.63,10.83,6066930.5
1651824000,10.83,10.92,10.49,10.62,5340659.5600000005
1651838400,10.62,10.91,10.4,10.7,12801199.16
1651852800,10.7,10.8,10.58,10.76,9214620.38
1651867200,10.76,10.87,10.7,10.79,4014322.020000001
1651881600,10.79,10.84,10.61,10.64,3460987.72
1651896000,10.64,10.76,10.52,10.75,2321767.0
1651910400,10.75,10.84,10.69,10.76,2075634.65
1651924800,10.76,10.82,10.64,10.72,2847668.05
1651939200,10.72,10.74,10.57,10.66,3246847.73
1651953600,10.66,10.66,10.0,10.21,13217168.03
1651968000,10.21,10.31,9.899,10.04,10243870.95
1651982400,10.04,10.22,10.01,10.16,3643632.94
1651996800,10.16,10.37,10.1,10.29,2830573.11
1652011200,10.29,10.31,9.976,10.1,5803445.45
1652025600,10.1,10.26,9.844,10.23,11182727.1
1652040000,10.23,10.25,9.942,9.99,4054492.66
1652054400,9.99,10.16,9.686,9.81,10200601.18
1652068800,9.81,9.927,9.59,9.68,5633582.57
1652083200,9.68,9.744,9.084,9.393,13952695.27
1652097600,9.393,9.484,9.002,9.127,17449536.67
1652112000,9.127,9.188,8.295,8.592,38905266.81
1652126400,8.592,8.908,8.015,8.09,18187847.8
1652140800,8.09,8.559,7.899,8.316,26244396.54
1652155200,8.316,9.157,8.273,8.821,16505918.71
1652169600,8.821,9.136,8.783,9.117,10492171.38
1652184000,9.117,9.326,8.674,8.909,17243075.75
1652198400,8.909,9.118,8.672,8.711,13136225.0
1652212800,8.711,8.736,8.213,8.578,14987651.69
1652227200,8.578,8.809,8.39,8.649,10346366.24
1652241600,8.649,8.836,7.894,8.1,14901549.67
1652256000,8.1,8.716,8.056,8.205,15718294.61
1652270400,8.205,8.377,6.975,7.661,37949678.44
1652284800,7.661,7.739,6.917,6.942,20553557.08
1652299200,6.942,7.099,6.531,6.915,21694926.43
1652313600,6.915,7.401,6.396,6.408,19287074.0
1652328000,6.408,6.438,5.305,6.065,28031748.74
1652342400,6.065,6.472,5.882,6.261,14059891.96
1652356800,6.261,6.847,6.005,6.515,15445915.93
1652371200,6.515,6.959,6.357,6.603,14537760.55
1652385600,6.603,6.641,6.277,6.556,6879531.02
1652400000,6.556,7.228,6.472,7.15,12273983.35
1652414400,7.15,7.465,7.092,7.105,10578757.47
1652428800,7.105,7.564,7.097,7.559,5069417.19
1652443200,7.559,7.686,7.262,7.314,9754696.04
1652457600,7.314,7.395,7.024,7.229,8607173.24
1652472000,7.229,7.37,7.012,7.132,7741263.65
1652486400,7.132,7.428,7.054,7.278,5963463.17
1652500800,7.278,7.279,6.973,7.001,5839935.390000001
1652515200,7.001,7.127,6.702,6.764,4043491.11
1652529600,6.764,6.834,6.632,6.676,4520610.01
1652544000,6.676,7.137,6.646,6.99,5727320.46
1652558400,6.99,7.311,6.974,7.254,5583777.66
1652572800,7.254,7.392,7.015,7.108,5215570.43
1652587200,7.108,7.36,7.054,7.238,3956509.07
1652601600,7.238,7.568,7.111,7.567,4558440.61
1652616000,7.567,7.663,7.344,7.528,5814948.31
1652630400,7.528,7.724,7.496,7.705,3789146.74
1652644800,7.705,7.981,7.664,7.958,6081307.97
1652659200,7.958,7.966,7.486,7.568,7315005.819999999
1652673600,7.568,7.568,7.164,7.291,4994296.05
1652688000,7.291,7.498,7.166,7.357,4152684.69
1652702400,7.357,7.528,7.21,7.347,7362598.59
1652716800,7.347,7.485,7.22,7.394,5417437.01
1652731200,7.394,7.606,7.377,7.407,4951479.720000001
1652745600,7.407,7.743,7.384,7.713,4557507.97
1652760000,7.713,7.839,7.667,7.701,3736704.42
1652774400,7.701,7.857,7.652,7.705,5734238.98
1652788800,7.705,7.961,7.527,7.591,6430654.97
1652803200,7.591,7.606,7.294,7.52,11001746.72
1652817600,7.52,7.751,7.503,7.707,2664448.96
1652832000,7.707,7.797,7.409,7.448,5084482.98
1652846400,7.448,7.583,7.422,7.499,2714091.77
1652860800,7.499,7.538,7.416,7.479,2298703.76
1652875200,7.479,7.487,6.911,6.943,11970713.1
1652889600,6.943,7.106,6.852,7.075,6327285.82
1652904000,7.075,7.081,6.767,6.789,4574006.04
1652918400,6.789,6.935,6.641,6.898,7117646.3100000005
1652932800,6.898,6.967,6.801,6.821,3810265.88
1652947200,6.821,6.989,6.674,6.972,4531552.859999999
1652961600,6.972,7.253,6.87,7.198,9031673.24
1652976000,7.198,7.211,7.057,7.057,4821535.98
1652990400,7.057,7.248,7.015,7.203,3368608.59
1653004800,7.203,7.348,7.08,7.103,5427207.7
1653019200,7.103,7.155,6.945,7.059,3775060.52
1653033600,7.059,7.313,7.02,7.291,4197022.66
1653048000,7.291,7.298,6.832,6.849,6654435.55
1653062400,6.849,6.978,6.74,6.976,7538999.04
1653076800,6.976,6.997,6.846,6.861,3289366.04
1653091200,6.861,6.976,6.765,6.97,3509709.16
1653105600,6.97,7.038,6.875,7.01,2237844.42
1653120000,7.01,7.038,6.916,6.972,1968421.71
1653134400,6.972,7.066,6.921,7.052,3114391.37
1653148800,7.052,7.107,7.009,7.041,2453458.7
1653163200,7.041,7.097,6.994,7.041,2171110.79
1653177600,7.041,7.1,7.0,7.023,2582140.98
1653192000,7.023,7.053,6.906,7.04,2318729.18
1653206400,7.04,7.388,7.03,7.263,9102690.4
1653220800,7.263,7.378,7.193,7.237,4854768.859999999
1653235200,7.237,7.327,7.169,7.225,2414895.9
1653249600,7.225,7.393,7.185,7.323,4283787.38
1653264000,7.323,7.407,7.2,7.267,3508734.18
1653278400,7.267,7.536,7.261,7.512,3789088.08
1653292800,7.512,7.6,7.416,7.551,4506547.87
1653307200,7.551,7.618,7.417,7.561,6584580.449999999
1653321600,7.561,7.669,7.176,7.196,6695369.109999999
1653336000,7.196,7.318,6.981,7.009,4780087.55
1653350400,7.009,7.099,6.988,7.069,2872663.14
1653364800,7.069,7.115,7.002,7.108,1942069.37
1653379200,7.108,7.189,6.863,6.99,6307884.71
1653393600,6.99,7.129,6.714,7.072,8689599.21
1653408000,7.072,7.146,6.92,7.068,5744460.13
1653422400,7.068,7.298,7.022,7.224,3864571.68
1653436800,7.224,7.387,7.13,7.331,4339863.67
1653451200,7.331,7.336,7.096,7.129,2849455.05
1653465600,7.129,7.169,6.96,6.981,3877942.88
1653480000,6.981,7.197,6.95,7.051,8240000.69
1653494400,7.051,7.099,6.937,6.981,5382632.02
1653508800,6.981,7.075,6.934,6.949,2786874.98
1653523200,6.949,7.08,6.915,7.006,3832863.37
1653537600,7.006,7.008,6.708,6.83,5333777.96
1653552000,6.83,6.846,6.382,6.44,7374654.41
1653566400,6.44,6.748,6.222,6.71,11005595.55
1653580800,6.71,6.886,6.592,6.599,4235832.94
1653595200,6.599,6.769,6.558,6.567,4760168.39
1653609600,6.567,6.646,6.293,6.501,7204892.9
1653624000,6.501,6.558,6.223,6.452,6566555.890000001
1653638400,6.452,6.636,6.384,6.549,11501184.96
1653652800,6.549,6.706,6.395,6.48,15302017.78
1653667200,6.48,6.489,6.22,6.37,17526455.619999997
1653681600,6.37,6.449,6.213,6.278,7694455.149999999
1653696000,6.278,6.449,6.195,6.36,10294838.12
1653710400,6.36,6.47,6.332,6.401,5705856.109999999
1653724800,6.401,6.488,6.332,6.431,5940747.5
1653739200,6.431,6.569,6.421,6.54,8517132.57
1653753600,6.54,6.579,6.434,6.53,5615262.07
1653768000,6.53,6.648,6.401,6.561,5644713.03
1653782400,6.561,6.579,6.331,6.39,7927141.17
1653796800,6.39,6.469,6.361,6.45,3862611.32
1653811200,6.45,6.599,6.432,6.59,6102873.39
1653825600,6.59,6.748,6.58,6.649,8147756.99
1653840000,6.649,6.698,6.622,6.66,5909208.63
1653854400,6.66,6.728,6.621,6.711,6083904.35
1653868800,6.711,7.085,6.643,6.983,12559514.66
1653883200,6.983,7.281,6.982,7.252,11043235.36
1653897600,7.252,7.307,7.13,7.16,8831036.21
1653912000,7.16,7.247,7.044,7.181,11595847.37
1653926400,7.181,7.298,7.132,7.18,8257620.8
1653940800,7.18,7.517,7.132,7.451,14320666.41
1653955200,7.451,7.638,7.362,7.539,8877726.37
1653969600,7.539,7.608,7.404,7.469,8270453.4
1653984000,7.469,7.507,7.353,7.441,7123946.09
1653998400,7.441,7.619,7.175,7.591,14355523.33
1654012800,7.591,7.664,7.342,7.381,11538721.5
1654027200,7.381,7.72,7.372,7.58,7596099.91
1654041600,7.58,7.773,7.452,7.482,9680779.87
1654056000,7.482,7.627,7.411,7.462,4696618.88
1654070400,7.462,7.597,7.398,7.481,4556132.52
1654084800,7.481,7.656,7.176,7.192,15429165.69
1654099200,7.192,7.216,6.949,7.013,14944376.16
1654113600,7.013,7.029,6.76,6.928,7596649.02
1654128000,6.928,6.949,6.82,6.858,3742878.82
1654142400,6.858,7.017,6.811,6.959,5406437.88
1654156800,6.959,7.079,6.924,7.062,4892150.74
1654171200,7.062,7.079,6.824,7.019,6652111.91
1654185600,7.019,7.128,6.99,7.068,4657802.84
1654200000,7.068,7.242,7.052,7.191,10584556.99
1654214400,7.191,7.217,7.047,7.082,6879504.21
1654228800,7.082,7.083,6.994,7.019,5625832.69
1654243200,7.019,7.039,6.666,6.766,10590247.3
1654257600,6.766,6.876,6.686,6.827,11746211.84
1654272000,6.827,6.887,6.758,6.776,7607921.62
1654286400,6.776,6.937,6.758,6.848,7417457.359999999
1654300800,6.848,6.88,6.674,6.742,13765176.8
1654315200,6.742,6.898,6.724,6.888,11957182.04
1654329600,6.888,6.968,6.854,6.899,6233637.0
1654344000,6.899,7.008,6.737,6.978,7807136.850000001
1654358400,6.978,7.092,6.92,7.006,6541738.34
1654372800,7.006,7.428,7.0,7.405,14351678.69
1654387200,7.405,7.473,7.308,7.359,12185423.86
1654401600,7.359,7.384,7.276,7.285,7436243.98
1654416000,7.285,7.341,7.242,7.326,7575969.34
1654430400,7.326,7.567,7.31,7.557,12703295.03
1654444800,7.557,7.641,7.459,7.58,11467005.24
1654459200,7.58,7.867,7.58,7.637,13275530.28
1654473600,7.637,8.054,7.621,7.988,20921471.17
1654488000,7.988,8.086,7.872,7.918,13188819.51
1654502400,7.918,8.193,7.9,7.96,13206079.45
1654516800,7.96,8.035,7.762,7.899,17159260.43
1654531200,7.899,7.906,7.719,7.809,7618360.52
1654545600,7.809,7.989,7.704,7.971,5139261.78
1654560000,7.971,7.977,7.308,7.566,12143599.15
1654574400,7.566,7.696,7.494,7.692,5590550.67
1654588800,7.692,7.698,7.462,7.522,4170732.88
1654603200,7.522,7.835,7.42,7.772,8369328.209999999
1654617600,7.772,8.506,7.712,8.394,16136444.21
1654632000,8.394,8.979,8.368,8.702,24678569.9
1654646400,8.702,8.833,8.283,8.338,18177577.69
1654660800,8.338,8.563,8.23,8.412,10459012.19
1654675200,8.412,8.579,8.253,8.451,10773269.8
1654689600,8.451,8.693,8.353,8.565,10942166.24
1654704000,8.565,8.831,8.44,8.715,10014035.69
1654718400,8.715,8.968,8.601,8.697,9770638.87
1654732800,8.697,8.851,8.551,8.646,9307434.46
1654747200,8.646,8.807,8.49,8.794,7240043.01
1654761600,8.794,9.369,8.688,9.181,17243738.659999996
1654776000,9.181,9.546,9.099,9.446,18950966.29
1654790400,9.446,9.627,9.117,9.121,23591045.95
1654804800,9.121,9.367,9.106,9.262,13959320.05
1654819200,9.262,9.518,9.033,9.366,20359731.96
1654833600,9.366,9.374,9.017,9.055,8035875.92
1654848000,9.055,9.11,8.739,8.859,9202930.51
1654862400,8.859,9.327,8.411,8.611,22736012.87
1654876800,8.611,8.615,8.22,8.288,11966229.05
1654891200,8.288,8.429,8.0,8.031,11077142.94
1654905600,8.031,8.328,8.02,8.289,6936391.45
1654920000,8.289,8.408,8.17,8.244,7052108.66
1654934400,8.244,8.262,7.477,7.572,17419847.97
1654948800,7.572,7.697,7.035,7.15,21188504.95
1654963200,7.15,7.313,7.079,7.159,11688113.21
1654977600,7.159,7.237,6.933,7.031,7123969.07
1654992000,7.031,7.134,6.455,6.617,17148787.48
1655006400,6.617,6.767,6.457,6.758,10605403.78
1655020800,6.758,6.868,6.524,6.67,9025385.72
1655035200,6.67,7.126,6.482,7.004,11288992.66
1655049600,7.004,7.036,6.722,6.724,8262675.37
1655064000,6.724,6.781,6.252,6.259,10283477.7
1655078400,6.259,6.33,5.714,5.939,23582943.68
1655092800,5.939,6.291,5.579,5.659,16735031.41
1655107200,5.659,5.702,5.295,5.442,18550735.84
1655121600,5.442,5.843,5.318,5.729,18842769.44
1655136000,5.729,6.078,5.664,5.876,21948631.8
1655150400,5.876,6.247,5.612,5.918,14117173.24
1655164800,5.918,6.359,5.385,6.279,25683602.21
1655179200,6.279,6.459,6.006,6.383,21385573.47
1655193600,6.383,6.399,6.003,6.161,7618922.52
1655208000,6.161,6.482,5.978,6.41,14631053.02
1655222400,6.41,6.751,6.352,6.582,16010334.53
1655236800,6.582,6.852,6.25,6.714,15586915.22
1655251200,6.714,6.9,6.481,6.512,12932595.28
1655265600,6.512,6.523,6.125,6.206,14446930.18
1655280000,6.206,6.479,5.825,6.434,16283444.02
1655294400,6.434,6.575,6.264,6.446,11632484.39
1655308800,6.446,7.262,6.078,6.914,37349240.53
1655323200,6.914,7.365,6.852,7.316,14951483.03
1655337600,7.316,7.496,6.974,6.98,11249282.29
1655352000,6.98,7.082,6.629,6.695,8920317.83
1655366400,6.695,6.774,6.244,6.308,11872248.54
1655380800,6.308,6.704,6.199,6.567,15519890.22
1655395200,6.567,6.811,6.427,6.491,11949493.03
1655409600,6.491,6.753,6.236,6.349,11191169.91
1655424000,6.349,6.723,6.253,6.411,8726516.66
1655438400,6.411,6.643,6.399,6.58,5249110.640000001
1655452800,6.58,6.628,6.382,6.446,4505165.35
1655467200,6.446,6.516,6.286,6.424,7943215.84
1655481600,6.424,6.465,6.329,6.368,5725167.51
1655496000,6.368,6.473,6.302,6.355,4301055.91
1655510400,6.355,6.464,6.045,6.107,7181385.87
1655524800,6.107,6.205,5.711,5.794,10496380.81
1655539200,5.794,5.955,5.654,5.837,7242278.87
1655553600,5.837,5.902,5.711,5.733,5750190.36
1655568000,5.733,5.843,5.53,5.546,8353766.97
1655582400,5.546,6.027,5.404,5.919,17696345.119999997
1655596800,5.919,6.21,5.82,5.987,9940688.15
1655611200,5.987,6.167,5.874,6.053,6097959.07
1655625600,6.053,6.446,6.01,6.317,6833785.75
1655640000,6.317,6.442,6.199,6.428,4739761.13
1655654400,6.428,6.698,6.313,6.594,8166399.54
1655668800,6.594,6.809,6.533,6.594,6582424.27
1655683200,6.594,6.648,6.304,6.433,7212002.12
1655697600,6.433,6.485,6.309,6.387,3692962.14
1655712000,6.387,7.035,6.383,6.969,7462236.12
1655726400,6.969,7.284,6.764,7.114,15452416.43
1655740800,7.114,7.15,6.806,6.896,8046368.29
1655755200,6.896,7.069,6.752,6.974,5286344.5
1655769600,6.974,7.311,6.831,7.263,8145874.46
1655784000,7.263,7.441,7.181,7.301,6821431.460000001
1655798400,7.301,7.554,7.196,7.221,5752193.79
1655812800,7.221,7.45,7.181,7.327,8466092.43
1655827200,7.327,7.445,6.782,6.789,13985055.16
1655841600,6.789,6.963,6.749,6.848,6814647.26
1655856000,6.848,6.932,6.617,6.633,8816569.620000001
1655870400,6.633,6.811,6.554,6.623,5087839.89
1655884800,6.623,6.915,6.577,6.84,4134999.73
1655899200,6.84,7.022,6.665,6.709,11312140.02
1655913600,6.709,6.793,6.512,6.593,6751064.82
1655928000,6.593,6.751,6.452,6.608,6231705.44
1655942400,6.608,6.852,6.598,6.781,7083408.89
1655956800,6.781,7.05,6.726,6.903,5176749.85
1655971200,6.903,7.076,6.838,6.993,4441778.96
1655985600,6.993,7.075,6.686,6.756,6053585.91
1656000000,6.756,6.936,6.651,6.918,4776846.1
1656014400,6.918,7.045,6.869,6.987,5338215.33
1656028800,6.987,7.254,6.944,7.117,6463590.41
1656043200,7.117,7.19,6.962,7.073,3959080.01
1656057600,7.073,7.254,7.018,7.191,4734340.27
1656072000,7.191,7.306,6.986,7.059,6685096.5600000005
1656086400,7.059,7.228,6.964,7.216,7775292.09
1656100800,7.216,7.431,7.175,7.256,6723152.0
1656115200,7.256,7.346,7.118,7.212,3669280.54
1656129600,7.212,7.366,7.152,7.336,3154757.06
1656144000,7.336,7.359,7.136,7.141,2243375.7
1656158400,7.141,7.159,6.801,6.833,6690169.4
1656172800,6.833,6.99,6.815,6.944,4488905.18
1656187200,6.944,7.296,6.933,7.26,5422183.87
1656201600,7.26,7.333,7.11,7.172,3540050.1
1656216000,7.172,7.308,7.123,7.216,3610572.91
1656230400,7.216,7.354,7.114,7.35,2790767.45
1656244800,7.35,7.483,7.001,7.062,6504613.03
1656259200,7.062,7.093,6.86,6.998,5078395.34
1656273600,6.998,7.186,6.691,6.703,6097328.85
1656288000,6.703,6.916,6.663,6.908,5051773.53
1656302400,6.908,6.952,6.779,6.923,5996187.73
1656316800,6.923,6.988,6.828,6.839,2882991.0700000003
1656331200,6.839,6.87,6.544,6.582,15637965.02
1656345600,6.582,6.673,6.409,6.518,12328970.5
1656360000,6.518,6.65,6.463,6.543,4322725.6
1656374400,6.543,6.644,6.3,6.478,4876293.81
1656388800,6.478,6.622,6.449,6.571,2836809.7800000003
1656403200,6.571,6.729,6.552,6.662,2783773.62
1656417600,6.662,7.24,6.517,6.532,39197265.22
1656432000,6.532,6.608,6.35,6.416,6976577.86
1656446400,6.416,6.505,6.264,6.304,6233999.04
1656460800,6.304,6.477,6.265,6.38,4473734.99
1656475200,6.38,6.419,6.18,6.34,3707036.12
1656489600,6.34,6.463,6.219,6.342,4419470.25
1656504000,6.342,6.415,6.19,6.341,6514121.91
1656518400,6.341,6.378,6.126,6.378,9201555.53
1656532800,6.378,6.444,6.151,6.222,6591432.41
1656547200,6.222,6.261,6.066,6.191,4134980.0
1656561600,6.191,6.29,5.991,6.04,5081538.93
1656576000,6.04,6.04,5.884,5.98,5370841.890000001
1656590400,5.98,6.168,5.883,6.083,7372451.03
1656604800,6.083,6.192,5.984,6.036,3904103.39
1656619200,6.036,6.304,5.915,6.271,6459563.32
1656633600,6.271,6.425,6.174,6.176,7994811.359999999
1656648000,6.176,6.181,5.987,6.109,10689353.64
1656662400,6.109,6.155,5.926,5.997,3963090.11
1656676800,5.997,6.131,5.96,5.998,5155577.94
1656691200,5.998,6.118,5.985,6.103,4295871.7
1656705600,6.103,6.222,6.033,6.062,3801586.14
1656720000,6.062,6.144,5.974,6.0,3372682.38
1656734400,6.0,6.159,5.997,6.097,6230618.859999999
1656748800,6.097,6.172,6.025,6.137,2215245.71
1656763200,6.137,6.208,6.041,6.106,5595528.91
1656777600,6.106,6.249,6.086,6.189,2758539.26
1656792000,6.189,6.276,6.171,6.214,2581968.3600000003
1656806400,6.214,6.216,6.085,6.137,2638052.87
1656820800,6.137,6.21,6.009,6.101,3592961.45
1656835200,6.101,6.13,6.02,6.109,1276862.96
1656849600,6.109,6.125,6.018,6.063,1785251.39
1656864000,6.063,6.213,6.037,6.191,2329249.25
1656878400,6.191,6.233,6.153,6.21,1744638.21
1656892800,6.21,6.238,6.016,6.037,2844531.31
1656907200,6.037,6.139,6.029,6.09,2594319.1
1656921600,6.09,6.332,6.066,6.321,2354176.11
1656936000,6.321,6.386,6.184,6.257,8759895.46
1656950400,6.257,6.337,6.237,6.275,4760228.31
1656964800,6.275,6.45,6.238,6.424,4240413.09
1656979200,6.424,6.449,6.305,6.412,4561632.39
1656993600,6.412,6.543,6.367,6.447,5553559.71
1657008000,6.447,6.447,6.152,6.175,4605786.31
1657022400,6.175,6.175,6.05,6.135,5166746.6
1657036800,6.135,6.39,6.105,6.338,4714060.58
1657051200,6.338,6.442,6.295,6.306,7251611.71
1657065600,6.306,6.4,6.165,6.255,4749400.42
1657080000,6.255,6.358,6.24,6.299,2986746.47
1657094400,6.299,6.374,6.246,6.256,2691985.29
1657108800,6.256,6.301,6.193,6.222,3225794.94
1657123200,6.222,6.339,6.212,6.271,4401195.08
1657137600,6.271,6.415,6.268,6.327,3438197.51
1657152000,6.327,6.433,6.302,6.376,2555081.01
1657166400,6.376,6.411,6.34,6.395,2848945.48
1657180800,6.395,6.523,6.39,6.491,6616441.890000001
1657195200,6.491,6.683,6.459,6.596,7877890.729999999
1657209600,6.596,6.751,6.584,6.737,7566135.83
1657224000,6.737,6.741,6.55,6.641,3386566.71
1657238400,6.641,6.818,6.575,6.714,6572467.77
1657252800,6.715,6.816,6.535,6.574,6768266.13
1657267200,6.574,6.592,6.404,6.443,3800417.58
1657281600,6.443,6.558,6.31,6.41,23799214.25
1657296000,6.41,6.472,6.345,6.446,6012323.98
1657310400,6.446,6.504,6.336,6.355,3699122.01
1657324800,6.355,6.449,6.344,6.413,3276006.55
1657339200,6.413,6.503,6.391,6.482,2368989.87
1657353600,6.482,6.524,6.378,6.396,2185264.89
1657368000,6.396,6.458,6.379,6.436,2221698.33
1657382400,6.436,6.58,6.428,6.509,2770467.33
1657396800,6.509,6.525,6.472,6.481,1527500.34
1657411200,6.481,6.483,6.324,6.351,6221859.95
1657425600,6.351,6.391,6.33,6.355,1845664.3
1657440000,6.355,6.373,6.251,6.295,2238293.7
1657454400,6.295,6.326,6.117,6.155,4836781.33
1657468800,6.155,6.207,6.105,6.193,3034069.11
1657483200,6.193,6.222,6.123,6.19,3199393.5
1657497600,6.19,6.237,6.054,6.191,4817512.31
1657512000,6.191,6.284,6.128,6.275,4182878.04
1657526400,6.275,6.327,6.196,6.199,3286093.74
1657540800,6.199,6.311,6.147,6.298,4870076.11
1657555200,6.298,6.424,6.283,6.295,6263588.95
1657569600,6.295,6.33,5.98,6.036,6418442.04
1657584000,6.036,6.168,5.998,6.116,5020221.46
1657598400,6.116,6.225,6.103,6.161,6285000.92
1657612800,6.161,6.177,6.039,6.143,3042046.17
1657627200,6.143,6.203,6.113,6.17,2398243.24
1657641600,6.17,6.233,6.036,6.059,4907677.54
1657656000,6.059,6.102,5.918,5.944,4296144.93
1657670400,5.944,6.04,5.915,5.997,2669300.17
1657684800,5.997,6.116,5.984,6.1,2980002.45
1657699200,6.1,6.153,6.038,6.101,2422406.0700000003
1657713600,6.101,6.166,5.696,5.929,14680492.36
1657728000,5.929,6.084,5.886,6.0,4426778.3100000005
1657742400,6.0,6.186,5.971,6.172,3905778.8
1657756800,6.172,6.284,6.126,6.192,3638455.62
1657771200,6.192,6.222,6.11,6.132,2469182.91
1657785600,6.132,6.151,6.001,6.024,3144017.9400000004
1657800000,6.024,6.243,5.991,6.215,7096664.0600000005
1657814400,6.215,6.38,6.187,6.29,6773119.15
1657828800,6.29,6.321,6.177,6.269,4211940.77
1657843200,6.269,6.361,6.213,6.288,3236168.55
1657857600,6.288,6.32,6.203,6.285,2546557.44
1657872000,6.285,6.384,6.237,6.237,2586243.63
1657886400,6.237,6.339,6.203,6.226,4512108.81
1657900800,6.226,6.414,6.121,6.405,6376038.47
1657915200,6.405,6.453,6.26,6.322,6932620.0
1657929600,6.322,6.367,6.186,6.27,3484226.87
1657944000,6.27,6.289,6.141,6.164,2575627.86
1657958400,6.164,6.216,6.158,6.186,2062875.4
1657972800,6.186,6.321,6.169,6.32,2268360.27
1657987200,6.32,6.538,6.319,6.474,8081235.33
1658001600,6.474,6.614,6.428,6.594,4286268.4
1658016000,6.594,6.604,6.452,6.534,5594904.08
1658030400,6.534,6.709,6.502,6.597,4335195.23
1658044800,6.597,6.642,6.481,6.537,3553705.67
1658059200,6.537,6.547,6.414,6.446,3802515.04
1658073600,6.446,6.529,6.318,6.423,3278986.97
1658088000,6.423,6.467,6.321,6.342,2704464.76
1658102400,6.342,6.579,6.328,6.553,4447690.140000001
1658116800,6.553,6.812,6.513,6.783,6445052.5
1658131200,6.783,7.065,6.762,6.933,10234955.71
1658145600,6.933,7.15,6.862,7.129,10471895.65
1658160000,7.129,7.133,6.714,6.763,9923943.46
1658174400,6.763,7.083,6.75,7.045,5597543.2700000005
1658188800,7.045,7.227,6.737,6.818,14950651.48
1658203200,6.818,6.929,6.734,6.83,5419856.45
1658217600,6.83,7.026,6.809,6.972,4869738.24
1658232000,6.972,7.204,6.97,7.16,10717138.47
1658246400,7.16,7.369,7.132,7.281,14989306.72
1658260800,7.281,7.368,7.217,7.26,6481640.04
1658275200,7.26,7.48,7.157,7.442,10587378.5
1658289600,7.442,7.59,7.355,7.358,8826450.27
1658304000,7.358,7.497,7.237,7.328,5569714.12
1658318400,7.328,7.436,7.22,7.339,8351401.18
1658332800,7.339,7.345,7.048,7.065,11055214.01
1658347200,7.065,7.106,6.822,6.864,10767162.78
1658361600,6.864,6.951,6.674,6.718,6007738.43
1658376000,6.718,6.85,6.648,6.806,3949620.91
1658390400,6.806,6.847,6.696,6.762,3473359.58
1658404800,6.762,6.926,6.731,6.843,5170633.02
1658419200,6.843,7.043,6.833,7.017,6159971.82
1658433600,7.017,7.057,6.94,6.995,3902511.01
1658448000,6.995,7.139,6.945,6.954,3694463.95
1658462400,6.954,7.098,6.91,7.037,2996667.46
1658476800,7.037,7.283,7.021,7.219,4973502.3100000005
1658491200,7.219,7.275,6.944,6.962,7407979.229999999
1658505600,6.962,7.038,6.761,6.794,5835186.37
1658520000,6.794,6.86,6.75,6.784,5436820.24
1658534400,6.784,6.916,6.714,6.871,2942561.37
1658548800,6.871,7.002,6.871,6.968,1463739.55
1658563200,6.968,7.028,6.69,6.698,3505516.15
1658577600,6.698,6.792,6.634,6.743,2683767.02
1658592000,6.743,6.773,6.611,6.752,3868852.92
1658606400,6.752,6.895,6.744,6.846,3750924.18
1658620800,6.846,6.949,6.845,6.888,3170135.13
1658635200,6.888,7.085,6.864,7.024,3926592.97
1658649600,7.024,7.164,6.95,7.078,2608711.7
1658664000,7.078,7.133,6.968,7.102,3118550.29
1658678400,7.102,7.111,7.008,7.058,1989580.81
1658692800,7.058,7.247,7.021,7.093,4723149.29
1658707200,7.093,7.142,6.679,6.712,5664711.95
1658721600,6.712,6.834,6.677,6.812,1919140.63
1658736000,6.812,6.845,6.754,6.797,1103674.11
1658750400,6.797,6.813,6.659,6.773,3737975.51
1658764800,6.773,6.826,6.572,6.66,5462324.54
1658779200,6.66,6.774,6.412,6.421,6288385.2
1658793600,6.421,6.443,6.269,6.39,6141112.42
1658808000,6.39,6.424,6.275,6.288,3049018.14
1658822400,6.288,6.351,6.237,6.294,1762635.48
1658836800,6.294,6.358,6.137,6.148,5344799.15
1658851200,6.148,6.255,6.079,6.143,4042173.23
1658865600,6.143,6.356,6.106,6.345,3160335.72
1658880000,6.345,6.362,6.185,6.202,2630972.49
1658894400,6.202,6.373,6.202,6.333,2648662.7
1658908800,6.333,6.365,6.221,6.229,1763349.75
1658923200,6.229,6.38,6.215,6.347,2834650.31
1658937600,6.347,6.795,6.267,6.744,11953182.15
1658952000,6.744,6.874,6.721,6.864,3877776.74
1658966400,6.864,6.965,6.784,6.87,5083943.81
1658980800,6.87,6.925,6.794,6.806,2759655.71
1658995200,6.806,6.903,6.775,6.881,2078501.97
1659009600,6.881,7.126,6.684,7.07,12740926.6
1659024000,7.07,7.228,7.049,7.125,10614324.25
1659038400,7.125,7.297,7.123,7.223,8138647.53
1659052800,7.223,7.667,7.116,7.63,12552021.88
1659067200,7.63,7.792,7.532,7.591,10673147.64
1659081600,7.591,7.881,7.485,7.497,12407637.16
1659096000,7.497,8.089,7.386,7.918,21119060.44
1659110400,7.918,8.074,7.72,7.987,14162529.77
1659124800,7.987,8.108,7.85,7.882,10799409.87
1659139200,7.882,8.107,7.71,7.774,13798915.1
1659153600,7.774,7.889,7.676,7.842,6501823.05
1659168000,7.842,7.953,7.704,7.829,6949045.14
1659182400,7.829,8.213,7.778,8.203,8465320.33
1659196800,8.203,8.203,7.87,7.887,8977515.870000001
1659211200,7.887,7.929,7.712,7.821,5201830.51
1659225600,7.821,8.092,7.756,7.922,5680888.09
1659240000,7.922,7.962,7.792,7.801,2889104.75
1659254400,7.801,7.873,7.707,7.83,3243804.08
1659268800,7.83,7.935,7.721,7.841,4893021.05
1659283200,7.841,8.064,7.721,7.913,8862694.040000001
1659297600,7.913,7.986,7.58,7.662,6165946.17
1659312000,7.662,7.884,7.627,7.758,4305118.58
1659326400,7.758,7.802,7.585,7.705,2368425.47
1659340800,7.705,7.742,7.486,7.603,3777779.42
1659355200,7.603,7.785,7.467,7.678,7783144.94
1659369600,7.678,7.701,7.41,7.477,5981778.62
1659384000,7.477,7.602,7.446,7.576,3437638.46
1659398400,7.576,7.668,7.064,7.124,10649144.65
1659412800,7.124,7.174,7.022,7.161,4783414.07
1659427200,7.161,7.231,7.051,7.187,3875747.96
1659441600,7.187,7.348,7.076,7.296,5761664.850000001
1659456000,7.296,7.481,7.217,7.276,5517447.01
1659470400,7.276,7.356,7.136,7.175,4808933.13
1659484800,7.175,7.232,7.053,7.188,4136527.48
1659499200,7.188,7.444,7.18,7.421,2847704.27
1659513600,7.421,7.585,7.421,7.566,2802356.98
1659528000,7.566,7.634,7.437,7.522,4965372.3
1659542400,7.522,7.594,7.491,7.541,3816254.89
1659556800,7.541,7.546,7.236,7.284,3951660.31
1659571200,7.284,7.499,7.273,7.414,2722702.18
1659585600,7.414,7.539,7.326,7.388,2220911.18
1659600000,7.388,7.428,7.324,7.364,1521655.24
1659614400,7.364,7.47,7.242,7.355,4191531.06
1659628800,7.355,7.402,7.174,7.27,5736724.64
1659643200,7.27,7.38,7.244,7.363,2342421.07
1659657600,7.363,7.639,7.354,7.636,4553926.99
1659672000,7.636,7.798,7.636,7.71,4510076.8
1659686400,7.71,7.842,7.645,7.804,3645525.32
1659700800,7.804,7.897,7.641,7.72,7901767.37
1659715200,7.72,7.749,7.592,7.646,8223548.12
1659729600,7.646,7.888,7.623,7.882,6274613.25
1659744000,7.882,7.895,7.763,7.776,4958954.12
1659758400,7.776,7.974,7.772,7.944,4535075.76
1659772800,7.944,8.106,7.918,7.925,6553103.72
1659787200,7.925,7.976,7.866,7.879,5218315.27
1659801600,7.879,7.892,7.739,7.852,4426480.640000001
1659816000,7.852,7.896,7.759,7.802,1887408.76
1659830400,7.802,7.856,7.661,7.741,3106552.61
1659844800,7.741,7.771,7.705,7.745,1197867.45
1659859200,7.745,7.81,7.689,7.81,934879.16
1659873600,7.81,7.889,7.792,7.844,2409417.75
1659888000,7.844,8.224,7.833,8.219,6956249.19
1659902400,8.219,8.369,8.212,8.343,9517799.15
1659916800,8.343,8.527,8.229,8.418,13230110.47
1659931200,8.418,8.53,8.369,8.457,4025165.25
1659945600,8.457,8.741,8.45,8.681,7914121.41
1659960000,8.681,8.756,8.527,8.669,14467105.38
1659974400,8.669,8.781,8.505,8.547,10474862.73
1659988800,8.547,8.698,8.397,8.612,9667716.32
1660003200,8.612,8.953,8.536,8.714,9003349.9
1660017600,8.714,8.78,8.493,8.625,6759691.18
1660032000,8.625,8.632,8.408,8.424,8843198.55
1660046400,8.424,8.684,8.274,8.596,10485238.03
1660060800,8.596,8.899,8.514,8.631,14189492.77
1660075200,8.631,8.874,8.625,8.751,5283277.63
1660089600,8.751,8.751,8.353,8.409,11600815.73
1660104000,8.409,8.485,8.301,8.393,4420049.73
1660118400,8.393,8.472,8.347,8.43,2421816.19
1660132800,8.43,9.275,8.385,9.211,28511696.02
1660147200,9.211,9.301,9.026,9.038,13776082.09
1660161600,9.038,9.118,8.985,9.062,7812445.149999999
1660176000,9.062,9.227,8.941,9.085,9423388.6
1660190400,9.085,9.158,8.918,8.972,4896881.08
1660204800,8.972,9.059,8.937,9.027,4087475.09
1660219200,9.027,9.213,8.838,8.866,8480477.22
1660233600,8.866,9.161,8.86,9.12,6457277.45
1660248000,9.12,9.144,8.921,8.962,5033760.88
1660262400,8.962,9.09,8.807,9.054,7196272.529999999
1660276800,9.054,9.085,8.876,9.053,3002355.65
1660291200,9.053,9.31,8.955,9.06,9245327.93
1660305600,9.06,9.502,9.059,9.29,13484691.65
1660320000,9.29,9.321,9.155,9.217,5600974.57
1660334400,9.217,9.374,9.129,9.331,4694362.33
1660348800,9.331,9.376,9.208,9.348,5382849.23
1660363200,9.348,9.484,9.241,9.242,4379478.13
1660377600,9.242,9.3,9.073,9.152,4435716.66
1660392000,9.152,9.22,9.062,9.183,3581959.6500000004
1660406400,9.183,9.215,9.101,9.128,2592593.54
1660420800,9.128,9.218,9.089,9.149,2315097.73
1660435200,9.149,9.21,8.991,9.18,4646850.75
1660449600,9.18,9.356,9.124,9.353,3720947.26
1660464000,9.353,9.369,9.124,9.129,2813254.64
1660478400,9.129,9.13,8.86,8.997,8257259.18
1660492800,8.997,9.004,8.689,8.84,8100543.1
1660507200,8.84,8.859,8.714,8.764,5353482.51
1660521600,8.764,9.057,8.552,8.974,13549986.06
1660536000,8.974,8.988,8.523,8.572,7388007.41
1660550400,8.572,8.699,8.504,8.619,5180263.24
1660564800,8.619,8.79,8.539,8.785,4541767.46
1660579200,8.785,8.854,8.629,8.673,6229015.34
1660593600,8.673,8.747,8.5,8.649,5789980.5
1660608000,8.649,8.823,8.485,8.674,8738169.81
1660622400,8.674,8.707,8.519,8.626,2524850.71
1660636800,8.626,8.717,8.59,8.649,2630474.72
1660651200,8.649,8.672,8.375,8.528,8194777.36
1660665600,8.528,8.577,8.381,8.494,4968703.46
1660680000,8.494,8.55,8.406,8.454,3315783.21
1660694400,8.454,8.645,8.433,8.635,3735299.59
1660708800,8.635,8.743,8.431,8.441,4298055.140000001
1660723200,8.441,8.549,8.394,8.425,3417216.54
1660737600,8.425,8.425,8.046,8.093,9626998.13
1660752000,8.093,8.231,8.069,8.138,6892501.92
1660766400,8.138,8.203,7.99,8.059,5693660.2
1660780800,8.059,8.138,7.943,8.114,4204186.16
1660795200,8.114,8.204,8.04,8.191,2496051.0300000003
1660809600,8.191,8.237,8.127,8.224,2545409.84
1660824000,8.224,8.24,8.065,8.129,2775564.23
1660838400,8.129,8.135,7.937,8.003,6629882.55
1660852800,8.003,8.066,7.613,7.645,12106418.47
1660867200,7.645,7.691,7.381,7.462,12546536.31
1660881600,7.462,7.477,7.059,7.127,12498104.21
1660896000,7.127,7.157,6.928,7.058,10186517.48
1660910400,7.058,7.144,6.964,7.12,5202627.36
1660924800,7.12,7.218,7.022,7.114,5946395.109999999
1660939200,7.114,7.146,6.817,6.9,7146724.630000001
1660953600,6.9,7.119,6.894,7.068,3771850.19
1660968000,7.068,7.204,7.044,7.153,3546089.24
1660982400,7.153,7.154,7.042,7.076,1817948.65
1660996800,7.076,7.079,6.947,7.025,4163464.39
1661011200,7.025,7.034,6.707,6.725,5469128.92
1661025600,6.725,6.938,6.67,6.903,6084131.74
1661040000,6.903,6.976,6.882,6.916,1545200.78
1661054400,6.916,7.05,6.885,7.043,2831165.54
1661068800,7.043,7.139,7.018,7.115,2898919.55
1661083200,7.115,7.161,7.005,7.043,2004073.8
1661097600,7.043,7.116,7.009,7.088,2344435.97
1661112000,7.088,7.169,6.939,7.08,3467060.46
1661126400,7.08,7.084,6.983,7.015,2035348.35
1661140800,7.015,7.042,6.759,6.771,3207340.21
1661155200,6.771,6.881,6.68,6.833,3499628.06
1661169600,6.833,6.891,6.711,6.884,3418285.67
1661184000,6.884,6.916,6.775,6.833,2319915.61
1661198400,6.833,7.05,6.833,7.045,2444125.93
1661212800,7.045,7.124,7.041,7.045,2545748.1
1661227200,7.045,7.062,6.775,6.94,4184817.84
1661241600,6.94,7.091,6.938,7.082,2813834.65
1661256000,7.082,7.253,6.991,7.235,5938871.42
1661270400,7.235,7.353,7.138,7.231,3041502.89
1661284800,7.231,7.287,7.184,7.238,1368561.74
1661299200,7.238,7.249,7.019,7.037,3315339.17
1661313600,7.037,7.169,7.019,7.07,1702224.89
1661328000,7.07,7.192,7.069,7.187,1124302.52
1661342400,7.187,7.298,7.091,7.293,3375099.52
1661356800,7.293,7.37,7.243,7.278,3076043.75
1661371200,7.278,7.299,7.112,7.121,3151620.93
1661385600,7.121,7.295,7.113,7.189,2920450.68
1661400000,7.189,7.37,7.185,7.352,3026327.95
1661414400,7.352,7.37,7.249,7.27,2230498.08
1661428800,7.27,7.3,7.027,7.089,6252519.24
1661443200,7.089,7.156,7.007,7.137,5975377.05
1661457600,7.137,7.172,7.072,7.129,4166115.2
1661472000,7.129,7.145,7.03,7.116,3780032.6
1661486400,7.116,7.133,6.904,6.982,4260130.87
1661500800,6.982,7.008,6.817,6.883,3042009.43
1661515200,6.883,7.182,6.721,6.761,12323532.59
1661529600,6.761,6.778,6.565,6.656,5327701.31
1661544000,6.656,6.712,6.41,6.503,4793052.19
1661558400,6.503,6.588,6.454,6.552,3963314.7
1661572800,6.552,6.604,6.421,6.604,2984554.35
1661587200,6.604,6.613,6.543,6.587,1611347.61
1661601600,6.587,6.606,6.438,6.508,2784469.1500000004
1661616000,6.508,6.534,6.414,6.499,2252661.65
1661630400,6.499,6.569,6.437,6.531,2093160.12
1661644800,6.531,6.574,6.433,6.49,2079922.1
1661659200,6.49,6.558,6.435,6.541,1343730.81
1661673600,6.541,6.567,6.474,6.507,1396083.52
1661688000,6.507,6.584,6.412,6.575,2455331.82
1661702400,6.575,6.634,6.499,6.505,2832459.19
1661716800,6.505,6.534,6.228,6.25,5340161.12
1661731200,6.25,6.406,6.196,6.36,3618697.66
1661745600,6.36,6.376,6.278,6.351,2091441.97
1661760000,6.351,6.367,6.314,6.367,1137674.59
1661774400,6.367,6.65,6.362,6.561,6962845.6
1661788800,6.561,6.609,6.527,6.562,3242831.7
1661803200,6.562,6.731,6.551,6.702,3690963.89
1661817600,6.702,6.713,6.608,6.664,1978580.11
1661832000,6.664,6.822,6.662,6.784,2619869.3
1661846400,6.784,6.812,6.721,6.74,2625129.43
1661860800,6.74,6.767,6.451,6.518,6413432.83
1661875200,6.518,6.659,6.37,6.595,5732266.63
1661889600,6.595,6.662,6.528,6.556,3725798.27
1661904000,6.556,6.831,6.556,6.79,3650521.98
1661918400,6.79,6.896,6.723,6.75,2756512.67
1661932800,6.75,6.855,6.685,6.8,2007660.84
1661947200,6.8,6.852,6.591,6.688,5452192.68
1661961600,6.688,6.713,6.544,6.652,4261356.5
1661976000,6.652,6.765,6.579,6.629,6037211.76
1661990400,6.629,6.69,6.518,6.562,3963452.77
1662004800,6.562,6.635,6.471,6.518,3118631.17
1662019200,6.518,6.747,6.466,6.737,2352651.88
1662033600,6.737,6.771,6.448,6.543,6618920.32
1662048000,6.543,6.684,6.494,6.662,5830066.42
1662062400,6.662,6.964,6.65,6.923,7323338.27
1662076800,6.923,6.979,6.83,6.934,4108476.46
1662091200,6.934,6.99,6.841,6.885,2123973.65
1662105600,6.885,6.96,6.84,6.93,3428124.47
1662120000,6.93,7.213,6.893,7.184,9450573.33
1662134400,7.184,7.235,6.788,6.838,7370321.359999999
1662148800,6.838,6.963,6.819,6.928,2479614.74
1662163200,6.928,6.965,6.848,6.877,2248195.3
1662177600,6.877,6.93,6.76,6.825,1996197.16
1662192000,6.825,6.868,6.796,6.83,1391558.07
1662206400,6.83,6.886,6.795,6.811,2243552.7800000003
1662220800,6.811,6.844,6.725,6.792,2687712.07
1662235200,6.792,6.861,6.775,6.861,1904348.67
1662249600,6.861,6.927,6.833,6.865,3291652.46
1662264000,6.865,6.924,6.819,6.824,1203670.59
1662278400,6.824,7.064,6.789,7.063,1921275.75
1662292800,7.063,7.231,7.033,7.192,6595825.55
1662307200,7.192,7.268,7.159,7.163,4535625.08
1662321600,7.163,7.193,7.075,7.154,2990117.73
1662336000,7.154,7.302,7.122,7.198,5853850.44
1662350400,7.198,7.278,7.125,7.227,4118672.35
1662364800,7.227,7.227,7.097,7.143,3316954.18
1662379200,7.143,7.387,7.115,7.291,5803868.75
1662393600,7.291,7.336,7.19,7.227,4004568.67
1662408000,7.227,7.428,7.224,7.379,3267749.0500000003
1662422400,7.379,7.533,7.213,7.277,9987851.7
1662436800,7.277,7.39,7.245,7.333,2561502.61
1662451200,7.333,7.352,7.245,7.313,1416863.74
1662465600,7.313,7.348,7.1,7.191,5264707.9
1662480000,7.191,7.207,6.656,6.682,14013463.46
1662494400,6.682,6.745,6.581,6.659,6159708.48
1662508800,6.659,6.764,6.581,6.634,11126959.63
1662523200,6.634,6.715,6.609,6.713,1767302.65
1662537600,6.713,6.774,6.692,6.758,2332166.81
1662552000,6.758,6.825,6.676,6.787,3228203.24
1662566400,6.787,6.967,6.776,6.91,4501184.44
1662580800,6.91,7.154,6.91,7.082,6464034.36
1662595200,7.082,7.131,7.008,7.052,2830972.57
1662609600,7.052,7.158,7.004,7.056,2627055.25
1662624000,7.056,7.318,7.036,7.253,4248622.65
1662638400,7.253,7.543,7.149,7.365,11159933.67
1662652800,7.365,7.504,7.285,7.499,6941808.76
1662667200,7.499,7.507,7.377,7.406,3965669.68
1662681600,7.406,7.764,7.391,7.761,10092108.36
1662696000,7.761,7.902,7.726,7.863,6316868.17
1662710400,7.863,8.042,7.863,7.957,8977511.41
1662724800,7.957,8.097,7.831,7.832,5171216.4
1662739200,7.832,7.841,7.662,7.738,6046825.54
1662753600,7.738,7.815,7.636,7.746,2972354.89
1662768000,7.746,7.841,7.667,7.762,3151499.55
1662782400,7.762,7.834,7.625,7.648,3317988.58
1662796800,7.648,7.798,7.648,7.781,2579773.36
1662811200,7.781,7.822,7.682,7.738,3423259.77
1662825600,7.738,8.031,7.733,7.94,8900059.52
1662840000,7.94,7.995,7.827,7.907,4150695.23
1662854400,7.907,7.98,7.86,7.883,5042957.92
1662868800,7.883,7.983,7.741,7.938,3536438.6
1662883200,7.938,8.166,7.929,7.994,5664738.97
1662897600,7.994,8.023,7.841,7.864,3524636.19
1662912000,7.864,7.999,7.855,7.973,3218545.55
1662926400,7.973,8.073,7.791,8.035,6277347.99
1662940800,8.035,8.3,7.859,7.922,12887040.09
1662955200,7.922,8.046,7.89,8.045,3152181.73
1662969600,8.045,8.141,7.983,8.081,4393419.86
1662984000,8.081,8.085,7.69,7.726,10242531.77
1662998400,7.726,7.814,7.616,7.803,5204826.970000001
1663012800,7.803,7.844,7.715,7.76,3299071.4
1663027200,7.76,7.769,7.557,7.703,5373802.58
1663041600,7.703,7.828,7.672,7.8,3480831.27
1663056000,7.8,7.917,7.708,7.897,3958368.04
1663070400,7.897,7.958,7.165,7.19,18913811.39
1663084800,7.19,7.298,7.048,7.211,9423252.38
1663099200,7.211,7.254,7.02,7.027,3986406.39
1663113600,7.027,7.275,6.983,7.254,8121087.37
1663128000,7.254,7.286,7.1,7.194,2884173.95
1663142400,7.194,7.32,7.145,7.274,3496880.71
1663156800,7.274,7.453,7.205,7.426,7277292.92
1663171200,7.426,7.522,7.257,7.41,9620576.38
1663185600,7.41,7.535,7.357,7.457,4406845.78
1663200000,7.457,7.47,7.126,7.2,6063937.24
1663214400,7.2,7.494,7.123,7.405,5583412.04
1663228800,7.405,7.405,7.237,7.321,2752263.34
1663243200,7.321,7.351,7.02,7.173,6430374.14
1663257600,7.173,7.381,7.118,7.319,3571705.43
1663272000,7.319,7.597,7.319,7.564,9755122.71
1663286400,7.564,7.654,7.419,7.532,6730464.05
1663300800,7.532,7.632,7.486,7.594,2568960.73
1663315200,7.594,7.757,7.467,7.743,5119686.640000001
1663329600,7.743,7.799,7.577,7.733,8096449.229999999
1663344000,7.733,7.754,7.53,7.584,5688858.49
1663358400,7.584,7.687,7.548,7.655,3311736.81
1663372800,7.655,7.835,7.645,7.798,3298609.53
1663387200,7.798,8.069,7.798,7.997,5624511.19
1663401600,7.997,8.038,7.836,7.838,5650691.04
1663416000,7.838,7.974,7.827,7.907,3722948.67
1663430400,7.907,8.084,7.903,8.021,4549714.08
1663444800,8.021,8.142,7.935,8.095,4404841.09
1663459200,8.095,8.137,7.914,7.958,5010441.19
1663473600,7.958,8.098,7.95,8.01,5499921.73
1663488000,8.01,8.027,7.818,7.93,3852741.13
1663502400,7.93,7.993,7.826,7.871,5028878.14
1663516800,7.871,7.895,7.715,7.836,6574517.14
1663531200,7.836,7.842,7.443,7.52,7249151.050000001
1663545600,7.52,7.675,7.164,7.205,10269712.82
1663560000,7.205,7.244,7.039,7.164,7885084.600000001
1663574400,7.164,7.172,7.01,7.14,4938307.77
1663588800,7.14,7.39,7.113,7.27,9447870.72
1663603200,7.27,7.351,7.142,7.336,7811041.41
1663617600,7.336,7.379,7.277,7.301,4264499.57
1663632000,7.301,7.335,7.14,7.195,6284792.01
1663646400,7.195,7.295,7.158,7.207,2849593.93
1663660800,7.207,7.253,7.096,7.136,2285288.06
1663675200,7.136,7.301,7.008,7.211,6510434.98
1663689600,7.211,7.234,6.856,6.955,9175697.69
1663704000,6.955,7.009,6.811,6.883,4697318.08
1663718400,6.883,7.001,6.833,6.934,4112827.88
1663732800,6.934,6.992,6.769,6.858,4244625.74
1663747200,6.858,7.04,6.826,7.023,2744594.01
1663761600,7.023,7.066,6.921,6.955,3758423.32
1663776000,6.955,7.313,6.907,6.976,16855328.67
1663790400,6.976,6.982,6.519,6.682,12627062.660000002
1663804800,6.682,6.783,6.639,6.739,3932367.68
1663819200,6.739,6.885,6.739,6.878,1688099.42
1663833600,6.878,7.084,6.878,7.076,3964037.89
1663848000,7.076,7.079,6.875,6.945,4558429.25
1663862400,6.945,7.168,6.866,7.103,4990866.81
1663876800,7.103,7.165,7.036,7.122,3324053.26
1663891200,7.122,7.237,7.016,7.228,3003138.4
1663905600,7.228,7.277,7.101,7.113,2777187.43
1663920000,7.113,7.298,6.996,7.209,9574859.64
1663934400,7.209,7.298,6.979,7.098,9200084.08
1663948800,7.098,7.112,6.966,7.091,6313438.96
1663963200,7.091,7.488,7.091,7.449,7943345.56
1663977600,7.449,7.5,7.367,7.415,6188611.54
1663992000,7.415,7.617,7.415,7.549,5924170.04
1664006400,7.549,7.729,7.526,7.613,6088654.89
1664020800,7.613,7.686,7.592,7.678,5550277.71
1664035200,7.678,7.868,7.666,7.798,8990699.76
1664049600,7.798,7.845,7.581,7.627,4956581.08
1664064000,7.627,7.775,7.627,7.758,5192911.15
1664078400,7.758,8.067,7.731,8.029,8976501.58
1664092800,8.029,8.069,7.933,8.013,6429237.46
1664107200,8.013,8.047,7.758,7.907,8028177.91
1664121600,7.907,7.966,7.737,7.83,6220108.46
1664136000,7.83,7.947,7.57,7.871,7567942.72
1664150400,7.871,7.953,7.71,7.749,6893251.95
1664164800,7.749,7.755,7.468,7.621,8910676.8
1664179200,7.621,7.822,7.522,7.603,6248839.029999999
1664193600,7.603,7.886,7.557,7.868,9985315.48
1664208000,7.868,7.933,7.744,7.853,8811887.74
1664222400,7.853,7.946,7.779,7.944,3647875.13
1664236800,7.944,8.251,7.912,8.199,14206822.27
1664251200,8.199,8.392,8.183,8.227,9751990.95
1664265600,8.227,8.329,8.177,8.23,5662705.44
1664280000,8.23,8.388,8.114,8.116,11045887.75
1664294400,8.116,8.162,7.65,7.781,14016968.33
1664308800,7.781,8.149,7.71,8.054,9501553.74
1664323200,8.054,8.418,7.885,8.064,18432314.22
1664337600,8.064,8.09,7.815,7.976,10431563.37
1664352000,7.976,8.174,7.807,8.091,10263577.69
1664366400,8.091,8.531,8.048,8.204,29868992.970000003
1664380800,8.204,8.21,7.855,7.903,21187485.06
1664395200,7.903,7.98,7.756,7.796,9195836.97
1664409600,7.796,7.828,7.642,7.77,7886543.109999999
1664424000,7.77,7.819,7.65,7.697,4364412.12
1664438400,7.697,7.826,7.668,7.784,2917927.97
1664452800,7.784,7.88,7.581,7.769,17055509.95
1664467200,7.769,7.883,7.737,7.841,6845102.53
1664481600,7.841,7.937,7.822,7.901,5248140.82
1664496000,7.901,7.915,7.776,7.804,4253917.25
1664510400,7.804,7.902,7.783,7.872,1641210.9500000002
1664524800,7.872,7.884,7.675,7.684,3976522.69
1664539200,7.684,7.865,7.627,7.687,11225466.04
1664553600,7.687,7.738,7.508,7.53,6929365.5600000005
1664568000,7.53,7.608,7.519,7.584,4195879.3
1664582400,7.584,7.644,7.541,7.638,2186489.63
1664596800,7.638,7.639,7.541,7.61,2619997.02
1664611200,7.61,7.637,7.559,7.587,1737440.71
1664625600,7.587,7.592,7.511,7.555,4085500.7
1664640000,7.555,7.556,7.327,7.387,6793881.66
1664654400,7.387,7.402,7.315,7.395,1985084.46
1664668800,7.395,7.483,7.374,7.474,3459338.28
1664683200,7.474,7.542,7.45,7.468,1966251.85
1664697600,7.468,7.532,7.251,7.331,6284213.52
1664712000,7.331,7.362,7.265,7.293,3956498.22
1664726400,7.293,7.366,7.277,7.344,3910836.74
1664740800,7.344,7.352,7.101,7.111,5604100.0
1664755200,7.111,7.224,7.056,7.173,6626061.44
1664769600,7.173,7.178,7.016,7.126,7489915.24
1664784000,7.126,7.18,7.095,7.18,1753897.6800000002
1664798400,7.18,7.297,7.15,7.237,4605435.38
1664812800,7.237,7.312,7.167,7.221,4002216.71
1664827200,7.221,7.354,7.205,7.331,2865249.99
1664841600,7.331,7.533,7.327,7.531,8608285.06
1664856000,7.531,7.703,7.509,7.666,4855490.53
1664870400,7.666,7.713,7.605,7.681,4405846.7
1664884800,7.681,7.838,7.667,7.733,7832460.92
1664899200,7.733,7.793,7.647,7.753,4258240.19
1664913600,7.753,7.8,7.7,7.726,3882180.2
1664928000,7.726,7.846,7.723,7.729,6531956.54
1664942400,7.729,7.798,7.684,7.743,2777080.75
1664956800,7.743,7.749,7.59,7.624,3605633.68
1664971200,7.624,7.878,7.603,7.815,10255902.8
1664985600,7.815,7.945,7.77,7.883,9871856.43
1665000000,7.883,7.915,7.802,7.875,4713999.46
1665014400,7.875,7.938,7.861,7.909,4610706.22
1665028800,7.909,7.933,7.774,7.82,3379153.23
1665043200,7.82,7.885,7.761,7.872,3068191.03
1665057600,7.872,7.899,7.674,7.753,7870591.77
1665072000,7.753,7.776,7.673,7.681,4193434.58
1665086400,7.681,7.712,7.603,7.635,5038449.68
1665100800,7.635,7.736,7.63,7.691,2201761.35
1665115200,7.691,7.8,7.663,7.713,3330541.49
1665129600,7.713,7.743,7.612,7.65,2350799.6
1665144000,7.65,7.656,7.474,7.549,7588337.34
1665158400,7.549,7.654,7.485,7.597,4345325.2
1665172800,7.597,7.62,7.551,7.604,1365364.2
1665187200,7.604,7.654,7.58,7.59,1276951.86
1665201600,7.59,7.623,7.552,7.62,1120209.5699999998
1665216000,7.62,7.622,7.562,7.568,1047451.27
1665230400,7.568,7.572,7.491,7.494,1780279.97
1665244800,7.494,7.517,7.461,7.462,1663204.54
1665259200,7.462,7.463,7.343,7.453,3439391.14
1665273600,7.453,7.475,7.421,7.441,871996.1
1665288000,7.441,7.548,7.422,7.528,1044787.11
1665302400,7.528,7.596,7.489,7.555,1423114.69
1665316800,7.555,7.594,7.509,7.534,1930142.83
1665331200,7.534,7.653,7.517,7.618,3051136.34
1665345600,7.618,7.638,7.555,7.634,1844663.44
1665360000,7.634,7.705,7.61,7.626,2195506.83
1665374400,7.626,7.653,7.559,7.574,1278914.9300000002
1665388800,7.574,7.576,7.393,7.482,3545981.23
1665403200,7.482,7.572,7.447,7.504,2955256.34
1665417600,7.504,7.625,7.481,7.602,3596860.21
1665432000,7.602,7.731,7.335,7.344,9098300.84
1665446400,7.344,7.382,7.138,7.184,9901658.51
1665460800,7.184,7.257,7.172,7.222,3761683.38
1665475200,7.222,7.248,7.157,7.236,2023757.83
1665489600,7.236,7.309,7.135,7.294,5722764.23
1665504000,7.294,7.334,7.145,7.183,4757130.390000001
1665518400,7.183,7.202,7.069,7.131,4792454.0600000005
1665532800,7.131,7.196,7.107,7.136,3984770.09
1665547200,7.136,7.272,7.133,7.227,2844109.0500000003
1665561600,7.227,7.264,7.188,7.197,1346623.04
1665576000,7.197,7.212,7.111,7.179,5460141.08
1665590400,7.179,7.192,7.1,7.165,3432572.74
1665604800,7.165,7.198,7.123,7.147,972689.29
1665619200,7.147,7.157,6.906,6.967,7171376.370000001
1665633600,6.967,6.973,6.623,6.72,6503197.23
1665648000,6.72,6.767,6.458,6.63,10279878.09
1665662400,6.63,6.875,6.321,6.831,18250188.75
1665676800,6.831,7.063,6.821,7.002,10124585.79
1665691200,7.002,7.104,6.996,7.033,4187906.75
1665705600,7.033,7.249,6.99,7.174,4491026.63
1665720000,7.174,7.199,7.108,7.125,3185691.4000000004
1665734400,7.125,7.175,7.071,7.106,2308177.01
1665748800,7.106,7.249,7.014,7.039,7783766.5
1665763200,7.039,7.054,6.85,6.885,6240958.2
1665777600,6.885,6.908,6.798,6.893,2291711.72
1665792000,6.893,6.92,6.84,6.899,1788642.33
1665806400,6.899,6.931,6.882,6.914,1754474.71
1665820800,6.914,6.974,6.822,6.97,2113386.15
1665835200,6.97,6.985,6.902,6.932,2516809.28
1665849600,6.932,6.969,6.897,6.962,1796607.7
1665864000,6.962,6.978,6.837,6.887,1804749.66
1665878400,6.887,7.092,6.877,7.081,3246988.89
1665892800,7.081,7.14,7.032,7.052,2677303.9000000004
1665907200,7.052,7.115,7.02,7.066,1425914.49
1665921600,7.066,7.099,7.009,7.091,2012171.01
1665936000,7.091,7.216,7.031,7.206,3772980.74
1665950400,7.206,7.236,7.091,7.169,3011576.86
1665964800,7.169,7.188,7.068,7.106,1930756.45
1665979200,7.106,7.216,7.095,7.213,1427434.5
1665993600,7.213,7.28,7.165,7.223,2761060.7800000003
1666008000,7.223,7.339,7.199,7.261,4280374.16
1666022400,7.261,7.326,7.202,7.231,3382907.11
1666036800,7.231,7.373,7.222,7.329,3275133.7
1666051200,7.329,7.371,7.232,7.299,2391430.32
1666065600,7.299,7.319,7.237,7.26,1799623.58
1666080000,7.26,7.264,7.116,7.175,2709140.22
1666094400,7.175,7.217,7.066,7.112,4373056.65
1666108800,7.112,7.143,6.968,7.045,4027352.69
1666123200,7.045,7.146,7.043,7.125,2660238.93
1666137600,7.125,7.136,7.0,7.04,2590294.53
1666152000,7.04,7.062,6.947,7.018,1458411.02
1666166400,7.018,7.061,6.91,6.959,2138599.55
1666180800,6.959,7.011,6.913,7.003,2431450.59
1666195200,7.003,7.005,6.894,6.938,2165497.39
1666209600,6.938,6.963,6.709,6.774,5123715.33
1666224000,6.774,6.812,6.693,6.768,3450570.11
1666238400,6.768,6.858,6.762,6.838,2116190.47
1666252800,6.838,6.884,6.794,6.841,1562234.51
1666267200,6.841,6.914,6.781,6.867,3968777.55
1666281600,6.867,6.867,6.623,6.699,4747725.33
1666296000,6.699,6.705,6.607,6.658,3305051.18
1666310400,6.658,6.69,6.562,6.648,4662096.23
1666324800,6.648,6.665,6.577,6.596,1299701.59
1666339200,6.596,6.604,6.468,6.517,2983373.91
1666353600,6.517,6.734,6.447,6.732,6924121.49
1666368000,6.732,6.831,6.701,6.786,3696664.89
1666382400,6.786,6.845,6.773,6.809,1725519.0
1666396800,6.809,6.832,6.735,6.761,1064628.41
1666411200,6.761,6.827,6.726,6.816,1754967.01
1666425600,6.816,6.888,6.806,6.869,1551092.23
1666440000,6.869,6.93,6.831,6.876,2454731.16
1666454400,6.876,6.893,6.812,6.874,1581964.43
1666468800,6.874,6.917,6.855,6.869,1047245.11
1666483200,6.869,6.974,6.821,6.941,2532926.63
1666497600,6.941,6.988,6.915,6.923,1337651.18
1666512000,6.923,6.966,6.84,6.855,2621448.19
1666526400,6.855,6.871,6.807,6.828,2378422.91
1666540800,6.828,7.033,6.815,6.993,3776266.55
1666555200,6.993,7.089,6.965,7.065,2948942.11
1666569600,7.065,7.088,6.91,6.916,2903594.59
1666584000,6.916,6.959,6.882,6.913,1907491.52
1666598400,6.913,6.979,6.866,6.973,2177317.45
1666612800,6.973,6.975,6.794,6.891,3870706.64
1666627200,6.891,6.963,6.856,6.925,2331192.33
1666641600,6.925,6.955,6.897,6.91,2870490.45
1666656000,6.91,6.963,6.837,6.938,2862004.69
1666670400,6.938,6.966,6.867,6.885,1818627.57
1666684800,6.885,6.89,6.817,6.86,1696946.19
1666699200,6.86,7.056,6.825,7.016,5664191.17
1666713600,7.016,7.281,7.016,7.129,14242763.72
1666728000,7.129,7.147,7.0,7.065,4709039.41
1666742400,7.065,7.18,7.034,7.153,2856403.78
1666756800,7.153,7.229,7.131,7.183,4001489.06
1666771200,7.183,7.306,7.147,7.159,4242991.62
1666785600,7.159,7.291,7.047,7.214,7510306.01
1666800000,7.214,7.238,7.087,7.167,4841210.49
1666814400,7.167,7.198,7.104,7.159,3549330.78
1666828800,7.159,7.245,7.119,7.238,4586688.86
1666843200,7.238,7.363,7.171,7.24,4218033.220000001
1666857600,7.24,7.258,7.116,7.159,3299026.4
1666872000,7.159,7.231,7.047,7.071,6381163.62
1666886400,7.071,7.142,7.043,7.118,2658541.7800000003
1666900800,7.118,7.124,6.86,6.893,6089262.45
1666915200,6.893,6.947,6.83,6.894,3685144.09
1666929600,6.894,6.951,6.863,6.929,3675686.56
1666944000,6.929,6.982,6.895,6.932,2211708.42
1666958400,6.932,7.058,6.872,7.047,5085929.34
1666972800,7.047,7.171,7.04,7.164,4017097.24
1666987200,7.164,7.207,7.089,7.113,3572230.59
1667001600,7.113,7.213,7.107,7.205,2879702.59
1667016000,7.205,7.226,7.134,7.186,1828420.6
1667030400,7.186,7.287,7.147,7.155,4516926.21
1667044800,7.155,7.2,7.085,7.182,4689445.88
1667059200,7.182,7.596,7.176,7.548,17667755.439999998
1667073600,7.548,7.659,7.483,7.638,11408801.86
1667088000,7.638,7.833,7.554,7.826,11000711.87
1667102400,7.826,7.856,7.698,7.81,5469801.07
1667116800,7.81,7.816,7.527,7.586,4944414.41
1667131200,7.586,7.624,7.498,7.544,6739420.26
1667145600,7.544,7.785,7.527,7.745,6974313.62
1667160000,7.745,7.93,7.709,7.784,9558484.52
1667174400,7.784,7.989,7.668,7.962,10019371.8
1667188800,7.962,8.033,7.848,7.969,7890945.23
1667203200,7.969,8.198,7.844,8.087,8039438.120000001
1667217600,8.087,8.329,7.914,8.01,14874137.21
1667232000,8.01,8.061,7.765,7.777,12851853.78
1667246400,7.777,7.886,7.718,7.858,8209927.47
1667260800,7.858,7.922,7.789,7.823,3919779.98
1667275200,7.823,7.855,7.729,7.825,3326085.77
1667289600,7.825,7.885,7.706,7.747,3319729.96
1667304000,7.747,7.795,7.643,7.739,5964163.380000001
1667318400,7.739,7.759,7.64,7.647,3181001.08
1667332800,7.647,7.706,7.629,7.685,2758704.29
1667347200,7.685,7.871,7.564,7.842,5719494.05
1667361600,7.842,7.868,7.621,7.692,3251460.74
1667376000,7.692,7.884,7.617,7.807,9220311.0
1667390400,7.807,7.853,7.686,7.688,6396069.7
1667404800,7.688,8.001,7.522,7.567,23364097.67
1667419200,7.567,7.601,7.34,7.435,8955762.35
1667433600,7.435,7.754,7.389,7.735,6735699.32
1667448000,7.735,7.955,7.735,7.806,7125046.39
1667462400,7.806,8.019,7.789,7.868,8790947.98
1667476800,7.868,7.97,7.657,7.841,11242072.2
1667491200,7.841,7.997,7.77,7.794,5982394.3
1667505600,7.794,7.838,7.657,7.718,5327376.82
1667520000,7.718,8.272,7.662,8.228,12913168.19
1667534400,8.228,8.378,8.143,8.213,11380978.53
1667548800,8.213,8.297,8.109,8.124,6371048.470000001
1667563200,8.124,8.472,8.039,8.234,21269072.18
1667577600,8.234,8.599,8.187,8.596,14380287.38
1667592000,8.596,8.892,8.568,8.719,18171181.25
1667606400,8.719,9.0,8.641,8.703,12978323.21
1667620800,8.703,8.806,8.638,8.784,6777506.24
1667635200,8.784,8.787,8.573,8.716,5662311.15
1667649600,8.716,8.913,8.574,8.842,8895326.24
1667664000,8.842,9.0,8.813,8.89,14367509.9
1667678400,8.89,8.91,8.605,8.663,5852558.84
1667692800,8.663,8.755,8.54,8.751,5483146.25
1667707200,8.751,8.767,8.599,8.679,2731210.96
1667721600,8.679,8.748,8.611,8.646,2668798.69
1667736000,8.646,8.665,8.366,8.552,14501630.36
1667750400,8.552,8.597,8.329,8.376,8529404.879999999
1667764800,8.376,8.39,8.099,8.107,9928716.71
1667779200,8.107,8.357,8.074,8.253,7990336.98
1667793600,8.253,8.273,7.906,7.912,8193593.0
1667808000,7.912,8.271,7.903,8.239,6945153.2
1667822400,8.239,8.543,8.224,8.541,12605881.94
1667836800,8.541,8.96,8.396,8.937,13690157.19
1667851200,8.937,9.248,8.667,8.952,27442023.11
1667865600,8.952,9.202,8.441,8.49,33007428.63
1667880000,8.49,8.651,8.043,8.556,31710442.27
1667894400,8.556,8.883,8.439,8.761,16828659.23
1667908800,8.761,8.85,8.35,8.557,21917504.1
1667923200,8.557,9.459,6.683,7.431,67284496.59
1667937600,7.431,7.872,7.129,7.705,27889833.89
1667952000,7.705,7.891,7.107,7.316,14142028.85
1667966400,7.316,7.318,7.032,7.068,9371866.48
1667980800,7.068,7.079,6.334,6.814,18389986.97
1667995200,6.814,6.968,6.378,6.451,21442127.04
1668009600,6.451,6.596,6.215,6.496,20081966.08
1668024000,6.496,6.6,5.819,6.203,21444188.21
1668038400,6.203,6.725,6.069,6.578,13725576.42
1668052800,6.578,6.815,6.527,6.684,8731043.26
1668067200,6.684,6.712,6.364,6.461,10373375.46
1668081600,6.461,7.387,6.438,7.299,22073862.33
1668096000,7.299,7.494,6.968,7.171,12951893.46
1668110400,7.171,7.351,7.105,7.192,5362172.02
1668124800,7.192,7.315,6.726,6.819,9194411.38
1668139200,6.819,7.077,6.772,7.035,3272907.19
1668153600,7.035,7.178,6.979,7.093,3023573.24
1668168000,7.093,7.209,6.508,6.769,8874446.91
1668182400,6.769,6.951,6.646,6.896,5646680.66
1668196800,6.896,7.038,6.731,7.021,4059843.08
1668211200,7.021,7.041,6.64,6.724,5290120.8100000005
1668225600,6.724,6.764,6.193,6.472,17834070.21
1668240000,6.472,6.486,6.327,6.399,3267396.21
1668254400,6.399,6.451,6.279,6.408,3504109.61
1668268800,6.408,6.436,6.265,6.305,3473274.69
1668283200,6.305,6.307,6.186,6.268,3596187.59
1668297600,6.268,6.463,6.211,6.447,2684239.62
1668312000,6.447,6.527,6.24,6.335,3153828.63
1668326400,6.335,6.343,6.105,6.192,3875017.99
1668340800,6.192,6.286,6.139,6.179,2525371.15
1668355200,6.179,6.209,6.048,6.143,2808050.92
1668369600,6.143,6.146,5.942,6.063,4109070.57
1668384000,6.063,6.109,5.713,5.818,7562284.75
1668398400,5.818,6.234,5.686,6.234,6818061.34
1668412800,6.234,6.339,6.199,6.261,3635522.5
1668427200,6.261,6.422,6.123,6.198,4964272.359999999
1668441600,6.198,6.22,6.021,6.038,2962146.5700000003
1668456000,6.038,6.294,6.03,6.284,3457987.15
1668470400,6.284,6.357,6.201,6.292,2807754.91
1668484800,6.292,6.469,6.249,6.447,3891930.85
1668499200,6.447,6.545,6.382,6.409,1934192.68
1668513600,6.409,6.659,6.387,6.574,4445570.73
1668528000,6.574,6.628,6.275,6.357,7442884.23
1668542400,6.357,6.438,6.357,6.41,2346895.29
1668556800,6.41,6.551,6.362,6.535,2000746.86
1668571200,6.535,6.546,6.443,6.447,2187515.5700000003
1668585600,6.447,6.46,6.274,6.303,1659147.66
1668600000,6.303,6.311,6.087,6.131,4615118.16
1668614400,6.131,6.226,6.082,6.181,2602482.43
1668628800,6.181,6.208,6.074,6.173,2415924.58
1668643200,6.173,6.253,6.105,6.114,2685418.65
1668657600,6.114,6.213,6.027,6.21,1765979.05
1668672000,6.21,6.229,6.097,6.207,1950079.85
1668686400,6.207,6.247,6.069,6.132,2813684.4
1668700800,6.132,6.304,6.112,6.271,2262876.41
1668715200,6.271,6.336,6.204,6.218,3394221.91
1668729600,6.218,6.405,6.214,6.339,2796055.09
1668744000,6.339,6.342,6.232,6.248,1127354.71
1668758400,6.248,6.267,6.156,6.205,2273359.29
1668772800,6.205,6.244,6.117,6.147,6269660.199999999
1668787200,6.147,6.158,6.058,6.113,3475415.56
1668801600,6.113,6.198,6.108,6.177,2160587.39
1668816000,6.177,6.194,6.062,6.103,1387023.66
1668830400,6.103,6.122,5.998,6.069,1418872.6
1668844800,6.069,6.11,6.051,6.103,522127.2
1668859200,6.103,6.153,6.071,6.145,729479.05
1668873600,6.145,6.168,6.124,6.153,585850.4400000001
1668888000,6.153,6.206,6.126,6.139,1525777.3
1668902400,6.139,6.216,6.136,6.196,1531357.46
1668916800,6.196,6.241,6.173,6.224,559617.06
1668931200,6.224,6.232,5.919,5.963,1875201.16
1668945600,5.963,6.04,5.913,6.008,1528454.97
1668960000,6.008,6.021,5.915,5.986,1126508.34
1668974400,5.986,5.99,5.705,5.762,5304649.529999999
1668988800,5.762,5.801,5.605,5.692,3606254.87
1669003200,5.692,5.795,5.689,5.739,1520688.0699999998
1669017600,5.739,5.759,5.679,5.721,1339464.53
1669032000,5.721,5.849,5.707,5.798,1937594.43
1669046400,5.798,5.811,5.527,5.601,4348098.41
1669060800,5.601,5.889,5.597,5.869,5169607.34
1669075200,5.869,6.056,5.851,6.053,3852358.52
1669089600,6.053,6.129,5.829,5.946,4551592.94
1669104000,5.946,5.994,5.83,5.958,2097771.34
1669118400,5.958,6.431,5.922,6.395,7523621.04
1669132800,6.395,6.424,6.273,6.376,3452705.84
1669147200,6.376,6.468,6.299,6.409,2389101.75
1669161600,6.409,6.539,6.337,6.523,4985811.71
1669176000,6.523,6.606,6.435,6.543,2324427.5700000003
1669190400,6.548,6.562,6.446,6.472,2182478.37
1669204800,6.472,6.484,6.324,6.425,3551039.29
1669219200,6.425,6.786,6.36,6.745,6191109.21
1669233600,6.745,6.798,6.653,6.698,4169110.84
1669248000,6.698,6.872,6.631,6.782,4749558.31
1669262400,6.782,6.785,6.682,6.697,1473603.92
1669276800,6.697,6.73,6.581,6.669,1988291.85
1669291200,6.669,6.889,6.624,6.863,3058815.44
1669305600,6.863,6.966,6.797,6.816,3528554.18
1669320000,6.816,6.869,6.765,6.829,2918923.92
1669334400,6.829,6.833,6.669,6.82,2912968.69
1669348800,6.82,6.842,6.658,6.81,3352416.79
1669363200,6.81,6.968,6.691,6.889,3695167.85
1669377600,6.889,6.983,6.736,6.759,3741286.95
1669392000,6.759,6.909,6.714,6.895,2808547.43
1669406400,6.895,6.91,6.808,6.841,2719165.35
1669420800,6.841,6.993,6.832,6.869,3724194.48
1669435200,6.869,6.926,6.822,6.86,1624329.96
1669449600,6.86,6.943,6.843,6.931,1323404.91
1669464000,6.931,7.252,6.905,7.175,12176094.830000002
1669478400,7.175,7.286,7.128,7.139,6879352.51
1669492800,7.139,7.203,7.051,7.152,3933291.01
1669507200,7.152,7.267,7.124,7.204,3666256.65
1669521600,7.204,7.213,7.072,7.105,2594846.2800000003
1669536000,7.105,7.178,7.062,7.112,1842088.64
1669550400,7.112,7.14,7.014,7.099,2273598.25
1669564800,7.099,7.132,7.037,7.074,1991041.18
1669579200,7.074,7.12,6.859,6.895,5363809.79
1669593600,6.895,6.938,6.532,6.742,14792648.03
1669608000,6.742,6.78,6.65,6.727,4885399.49
1669622400,6.727,6.847,6.69,6.792,5581326.0600000005
1669636800,6.792,6.89,6.689,6.703,7432324.52
1669651200,6.703,7.064,6.635,7.047,12444611.43
1669665600,7.047,7.34,7.046,7.202,12078926.74
1669680000,7.202,7.376,7.131,7.329,8876758.870000001
1669694400,7.329,7.505,7.296,7.392,9607879.05
1669708800,7.392,7.468,7.359,7.375,3496636.4
1669723200,7.375,7.394,7.278,7.318,5361470.8100000005
1669737600,7.318,7.391,7.243,7.28,5915555.77
1669752000,7.28,7.393,7.269,7.314,5137819.45
1669766400,7.314,7.671,7.312,7.408,13976459.57
1669780800,7.408,7.514,7.408,7.485,4211482.46
1669795200,7.485,7.512,7.326,7.451,4868675.62
1669809600,7.451,7.463,7.361,7.456,5112004.69
1669824000,7.456,7.578,7.246,7.468,11435220.45
1669838400,7.468,7.756,7.445,7.674,12556546.39
1669852800,7.674,7.716,7.521,7.585,6811900.08
1669867200,7.585,7.617,7.493,7.523,3740700.72
1669881600,7.523,7.564,7.489,7.552,1482518.2
1669896000,7.552,7.764,7.457,7.701,12434105.4
1669910400,7.701,7.743,7.545,7.635,9970544.11
1669924800,7.635,7.807,7.57,7.681,7893471.279999999
1669939200,7.681,7.723,7.572,7.597,8681715.78
1669953600,7.597,7.637,7.517,7.586,4319188.41
1669968000,7.586,7.649,7.554,7.63,2378364.97
1669982400,7.63,7.684,7.487,7.566,6607586.19
1669996800,7.566,7.608,7.525,7.593,4228446.28
1670011200,7.593,7.645,7.553,7.606,3985387.45
1670025600,7.606,7.633,7.44,7.491,4632210.930000001
1670040000,7.491,7.518,7.369,7.449,4173915.98
1670054400,7.449,7.458,7.375,7.428,1514920.56
1670068800,7.428,7.462,7.387,7.416,1590236.13
1670083200,7.416,7.424,7.31,7.322,2379202.1
1670097600,7.322,7.353,7.213,7.241,4029167.73
1670112000,7.241,7.343,7.194,7.311,2637436.91
1670126400,7.311,7.389,7.306,7.346,1176992.81
1670140800,7.346,7.381,7.279,7.289,1295835.39
1670155200,7.289,7.367,7.26,7.353,1873028.72
1670169600,7.353,7.402,7.283,7.371,3412210.27
1670184000,7.371,7.468,7.335,7.446,2517707.8
1670198400,7.446,7.558,7.422,7.524,4438679.75
1670212800,7.524,7.588,7.481,7.527,2515787.8
1670227200,7.527,7.594,7.503,7.534,2656345.56
1670241600,7.534,7.542,7.314,7.35,3738002.3
1670256000,7.35,7.364,7.167,7.199,5776785.96
1670270400,7.199,7.284,7.182,7.276,3440833.89
1670284800,7.276,7.336,7.237,7.251,2769729.64
1670299200,7.251,7.304,7.21,7.277,2108380.16
1670313600,7.277,7.305,7.172,7.211,2032322.47
1670328000,7.211,7.283,7.186,7.253,2677411.09
1670342400,7.253,7.314,7.029,7.058,6788129.32
1670356800,7.058,7.147,6.965,7.135,3894110.99
1670371200,7.135,7.158,7.039,7.039,2956168.72
1670385600,7.039,7.075,6.781,6.806,5229237.3
1670400000,6.806,6.898,6.774,6.868,3457611.47
1670414400,6.868,6.902,6.823,6.851,3487191.97
1670428800,6.851,6.865,6.795,6.839,2918055.13
1670443200,6.839,6.934,6.805,6.881,2928283.19
1670457600,6.881,6.912,6.778,6.849,2448144.88
1670472000,6.849,6.905,6.804,6.884,2152030.97
1670486400,6.884,6.927,6.807,6.917,1725126.6
1670500800,6.917,6.951,6.877,6.92,2852785.69
1670515200,6.92,7.073,6.897,7.035,4274439.02
1670529600,7.035,7.049,6.986,7.0,1613082.27
1670544000,7.0,7.032,6.943,6.982,1956788.68
1670558400,6.982,7.044,6.974,7.022,951770.45
1670572800,7.022,7.052,6.989,7.03,681181.9
1670587200,7.03,7.054,6.886,6.947,2703871.61
1670601600,6.947,6.947,6.823,6.836,2442321.31
1670616000,6.836,6.875,6.798,6.864,1300992.54
1670630400,6.864,6.871,6.82,6.826,1575349.9300000002
1670644800,6.826,6.849,6.802,6.838,972108.48
1670659200,6.838,6.903,6.705,6.854,2242881.01
1670673600,6.854,6.921,6.832,6.901,1199348.3
1670688000,6.901,6.917,6.86,6.88,1778245.99
1670702400,6.88,6.899,6.828,6.857,808044.22
1670716800,6.857,6.918,6.846,6.916,1074902.82
1670731200,6.916,6.957,6.898,6.941,1150965.32
1670745600,6.941,6.943,6.879,6.898,586329.56
1670760000,6.898,6.915,6.852,6.873,714535.6799999999
1670774400,6.873,6.918,6.837,6.863,1285189.77
1670788800,6.863,6.863,6.666,6.704,4637355.0
1670803200,6.704,6.713,6.477,6.568,5661900.140000001
1670817600,6.568,6.607,6.544,6.588,2852382.56
1670832000,6.588,6.676,6.561,6.642,2187619.27
1670846400,6.642,6.66,6.566,6.594,3342871.56
1670860800,6.594,6.619,6.571,6.615,1647271.3299999998
1670875200,6.615,6.726,6.612,6.7,3331312.37
1670889600,6.7,6.712,6.592,6.603,1772942.52
1670904000,6.603,6.644,6.474,6.543,3767917.26
1670918400,6.543,6.748,6.528,6.73,4169134.98
1670932800,6.73,7.04,6.694,6.918,10370498.79
1670947200,6.918,6.969,6.783,6.87,4438995.0200000005
1670961600,6.87,6.926,6.853,6.924,2572456.64
1670976000,6.924,6.96,6.854,6.879,2811939.19
1670990400,6.879,6.912,6.833,6.881,1662777.13
1671004800,6.881,6.902,6.848,6.856,1178520.14
1671019200,6.856,6.901,6.819,6.883,2756504.7
1671033600,6.883,6.927,6.7,6.752,9342896.7
1671048000,6.752,6.788,6.691,6.722,3639495.18
1671062400,6.722,6.738,6.571,6.656,4193727.94
1671076800,6.656,6.661,6.607,6.61,1806069.0
1671091200,6.61,6.643,6.58,6.62,1871191.05
1671105600,6.62,6.624,6.513,6.565,4076246.6
1671120000,6.565,6.574,6.438,6.541,4325298.69
1671134400,6.541,6.544,6.392,6.455,2790579.97
1671148800,6.455,6.524,6.43,6.512,1485021.88
1671163200,6.512,6.54,6.457,6.523,931117.75
1671177600,6.523,6.529,6.154,6.25,6389026.51
1671192000,6.25,6.266,6.13,6.158,5676998.93
1671206400,6.158,6.173,6.058,6.161,8461065.049999999
1671220800,6.161,6.201,5.778,5.874,8859992.45
1671235200,5.874,5.949,5.795,5.901,5452596.43
1671249600,5.901,6.034,5.896,6.019,3227562.61
1671264000,6.019,6.064,5.976,5.998,2588110.02
1671278400,5.998,6.047,5.962,6.021,1691909.89
1671292800,6.021,6.025,5.907,5.961,1876828.15
1671307200,5.961,6.042,5.953,6.031,1507523.37
1671321600,6.031,6.061,5.971,6.029,1703278.07
1671336000,6.029,6.061,5.987,6.002,993819.01
1671350400,6.002,6.009,5.916,5.988,796967.04
1671364800,5.988,6.011,5.94,5.949,1389850.05
1671379200,5.949,6.037,5.942,6.007,821941.74
1671393600,6.007,6.039,5.937,5.95,1893732.79
1671408000,5.95,6.023,5.84,5.887,3297570.7
1671422400,5.887,5.941,5.878,5.94,1639574.77
1671436800,5.94,6.035,5.934,6.011,2706815.22
1671451200,6.011,6.067,5.964,5.974,6404304.96
1671465600,5.974,5.987,5.839,5.875,6185562.99
1671480000,5.875,5.914,5.68,5.788,5369923.3
1671494400,5.788,6.054,5.754,5.991,4626103.97
1671508800,5.991,6.081,5.973,6.038,2776570.97
1671523200,6.038,6.119,6.023,6.078,1954425.46
1671537600,6.078,6.118,6.031,6.046,3164546.27
1671552000,6.046,6.054,5.946,5.994,3253390.8200000003
1671566400,5.994,6.037,5.966,6.017,1960174.65
1671580800,6.017,6.04,5.908,5.964,3016536.0300000003
1671595200,5.964,5.964,5.887,5.944,1895526.46
1671609600,5.944,6.013,5.909,6.0,2186255.08
1671624000,6.0,6.004,5.928,5.95,2471143.94
1671638400,5.95,5.954,5.886,5.918,2530605.87
1671652800,5.918,5.991,5.886,5.99,2283278.87
1671667200,5.99,6.0,5.959,5.984,1177099.31
1671681600,5.984,5.997,5.952,5.971,969306.63
1671696000,5.971,6.039,5.961,5.989,1671011.85
1671710400,5.989,6.008,5.883,5.893,3613136.29
1671724800,5.893,5.919,5.854,5.914,1835696.27
1671739200,5.914,6.015,5.9,6.003,3209948.37
1671753600,6.003,6.052,5.973,6.021,2398204.5700000003
1671768000,6.021,6.036,5.989,6.022,1167870.06
1671782400,6.022,6.039,5.994,6.016,661232.14
1671796800,6.016,6.045,5.963,5.99,3471359.09
1671811200,5.99,5.997,5.961,5.971,876786.92
1671825600,5.971,5.982,5.923,5.938,1694976.72
1671840000,5.938,5.96,5.937,5.959,1000211.67
1671854400,5.959,5.961,5.897,5.933,1075615.69
1671868800,5.933,5.933,5.881,5.912,711656.01
1671883200,5.912,5.915,5.9,5.911,412243.27
1671897600,5.911,5.94,5.904,5.932,671564.95
1671912000,5.932,5.936,5.894,5.917,646745.01
1671926400,5.917,5.934,5.899,5.913,481698.32
1671940800,5.913,5.958,5.902,5.95,789800.95
1671955200,5.95,5.965,5.934,5.945,322589.96
1671969600,5.945,5.968,5.887,5.933,1831153.17
1671984000,5.933,5.944,5.896,5.944,1401868.77
1671998400,5.944,5.994,5.928,5.988,1270598.04
1672012800,5.988,6.03,5.971,5.98,985809.84
1672027200,5.98,5.989,5.956,5.965,655375.31
1672041600,5.965,6.007,5.941,5.996,576672.82
1672056000,5.996,6.011,5.953,5.971,836110.21
1672070400,5.971,6.005,5.954,5.998,1364680.55
1672084800,5.998,6.044,5.998,6.044,2364302.07
1672099200,6.044,6.064,5.978,5.988,1430288.6800000002
1672113600,5.988,6.005,5.976,5.991,597864.3200000001
1672128000,5.991,6.029,5.974,5.992,778888.5800000001
1672142400,5.992,5.993,5.902,5.921,2358044.03
1672156800,5.921,5.93,5.83,5.888,3094093.52
1672171200,5.888,5.901,5.862,5.898,1020763.61
1672185600,5.898,5.908,5.74,5.79,3359744.85
1672200000,5.79,5.796,5.682,5.761,3142719.22
1672214400,5.761,5.773,5.72,5.741,1292085.62
1672228800,5.741,5.815,5.716,5.724,2609929.24
1672243200,5.724,5.756,5.681,5.7,2987140.26
1672257600,5.7,5.73,5.629,5.672,3288461.87
1672272000,5.672,5.689,5.548,5.681,4561359.1
1672286400,5.681,5.707,5.669,5.704,1337597.88
1672300800,5.704,5.724,5.673,5.684,1863394.06
1672315200,5.684,5.708,5.671,5.68,2064908.69
1672329600,5.68,5.693,5.603,5.614,2435713.52
1672344000,5.614,5.614,5.511,5.597,5205429.54
1672358400,5.597,5.637,5.535,5.573,3865663.4
1672372800,5.573,5.585,5.423,5.449,4519484.05
1672387200,5.449,5.502,5.44,5.481,1409746.46
1672401600,5.481,5.514,5.412,5.491,3900035.7
1672416000,5.491,5.505,5.47,5.483,2353746.7800000003
1672430400,5.483,5.493,5.416,5.472,2533679.61
1672444800,5.472,5.473,5.389,5.419,3173967.14
1672459200,5.419,5.465,5.411,5.455,1288704.11
1672473600,5.455,5.581,5.449,5.57,2364107.66
1672488000,5.57,5.622,5.554,5.584,1820195.29
1672502400,5.584,5.592,5.54,5.584,1300376.11
1672516800,5.584,5.598,5.535,5.567,2487019.89
1672531200,5.567,5.573,5.511,5.548,2719343.85
1672545600,5.548,5.55,5.506,5.53,2229306.93
1672560000,5.53,5.584,5.51,5.573,1937848.92
1672574400,5.573,5.596,5.548,5.592,862769.94
1672588800,5.592,5.632,5.58,5.605,1469285.8
1672603200,5.605,5.638,5.602,5.629,823979.5
1672617600,5.629,5.66,5.545,5.622,2671229.75
1672632000,5.622,5.735,5.598,5.68,3171260.41
1672646400,5.68,5.724,5.658,5.694,1680650.39
1672660800,5.694,5.712,5.655,5.7,1689843.38
1672675200,5.7,5.736,5.683,5.725,1297171.79
1672689600,5.725,5.756,5.673,5.683,1624707.04
1672704000,5.683,5.713,5.64,5.681,1033675.34
1672718400,5.681,5.718,5.649,5.685,1600189.33
1672732800,5.685,5.69,5.634,5.66,975615.84
1672747200,5.66,5.707,5.595,5.63,3037702.2
1672761600,5.63,5.645,5.571,5.597,2353555.87
1672776000,5.597,5.625,5.576,5.619,1259652.86
1672790400,5.619,5.812,5.61,5.795,3974341.56
1672804800,5.795,5.833,5.763,5.801,1913189.96
1672819200,5.801,5.822,5.758,5.765,1288990.09
1672833600,5.765,5.837,5.724,5.809,3411130.59
1672848000,5.809,5.854,5.745,5.764,3081713.5
1672862400,5.764,5.816,5.711,5.807,1899083.15
1672876800,5.807,5.815,5.743,5.759,1533801.73
1672891200,5.759,5.798,5.729,5.762,893861.69
1672905600,5.762,5.762,5.688,5.721,1747851.63
1672920000,5.721,5.735,5.665,5.716,2191131.6
1672934400,5.716,5.76,5.704,5.75,1592874.34
1672948800,5.75,5.756,5.612,5.657,2940862.47
1672963200,5.657,5.678,5.619,5.633,1541172.26
1672977600,5.633,5.638,5.574,5.616,1786009.24
1672992000,5.616,5.628,5.578,5.604,1380545.08
1673006400,5.604,5.656,5.524,5.653,3558802.98
1673020800,5.653,5.722,5.633,5.712,2120333.19
1673035200,5.712,5.728,5.674,5.712,1334651.42
1673049600,5.712,5.8,5.692,5.766,2999343.23
1673064000,5.766,5.786,5.739,5.772,1098598.96
1673078400,5.772,5.777,5.745,5.764,718093.3200000001
1673092800,5.764,5.822,5.757,5.817,1321290.32
1673107200,5.817,5.832,5.777,5.802,1432017.31
1673121600,5.802,5.841,5.774,5.827,1339139.0
1673136000,5.827,5.843,5.756,5.82,1855453.45
1673150400,5.82,5.878,5.812,5.829,1615224.88
1673164800,5.829,5.872,5.785,5.786,1425480.36
1673179200,5.786,5.861,5.776,5.85,1231942.7
1673193600,5.85,5.862,5.785,5.825,1482253.13
1673208000,5.825,5.96,5.82,5.955,3880781.04
1673222400,5.955,6.134,5.933,6.092,11753718.7
1673236800,6.092,6.14,6.076,6.128,2140248.65
1673251200,6.128,6.222,6.111,6.154,3230422.46
1673265600,6.154,6.225,6.075,6.203,5249566.45
1673280000,6.203,6.252,6.103,6.105,5516201.08
1673294400,6.105,6.12,6.018,6.067,6103231.48
1673308800,6.067,6.13,5.986,6.076,4238837.99
1673323200,6.076,6.107,6.061,6.072,1994351.28
1673337600,6.072,6.168,6.054,6.109,2120923.33
1673352000,6.109,6.16,6.065,6.139,3039967.52
1673366400,6.139,6.3,6.116,6.237,4490347.87
1673380800,6.237,6.244,6.11,6.167,2784754.11
1673395200,6.167,6.206,6.057,6.103,2971482.73
1673409600,6.103,6.14,6.071,6.138,1573228.65
1673424000,6.138,6.141,6.094,6.111,1197567.4500000002
1673438400,6.111,6.127,6.015,6.041,3232134.61
1673452800,6.041,6.178,6.013,6.171,3696781.51
1673467200,6.171,6.301,6.132,6.281,5598918.88
1673481600,6.281,6.391,6.278,6.345,6316588.319999999
1673496000,6.345,6.376,6.261,6.314,2473357.85
1673510400,6.314,6.316,6.238,6.253,2172430.77
1673524800,6.253,6.343,6.065,6.198,8297751.44
1673539200,6.198,6.405,6.178,6.369,8636597.86
1673553600,6.369,6.407,6.34,6.383,4024930.32
1673568000,6.383,6.407,6.29,6.387,2687380.11
1673582400,6.387,6.398,6.322,6.342,2129871.66
1673596800,6.342,6.412,6.32,6.333,3027449.96
1673611200,6.333,6.356,6.262,6.351,3878309.14
1673625600,6.351,6.405,6.284,6.391,3759221.5
1673640000,6.391,6.616,6.384,6.605,9919069.15
1673654400,6.605,6.926,6.587,6.819,14992099.46
1673668800,6.819,7.055,6.772,6.997,9865023.0
1673683200,6.997,7.106,6.47,6.728,14318104.5
1673697600,6.728,6.902,6.658,6.799,8833263.120000001
1673712000,6.799,6.839,6.723,6.79,6258537.93
1673726400,6.79,6.885,6.762,6.859,4114152.13
1673740800,6.859,6.889,6.673,6.719,8619619.94
1673755200,6.719,6.796,6.693,6.745,3523671.31
1673769600,6.745,6.747,6.602,6.7,4376520.5
1673784000,6.7,6.889,6.661,6.888,4137019.1
1673798400,6.888,6.93,6.732,6.733,6198743.05
1673812800,6.733,6.736,6.644,6.701,4893176.47
1673827200,6.701,6.882,6.634,6.772,7564958.52
1673841600,6.772,6.947,6.765,6.847,5736208.45
1673856000,6.847,6.848,6.502,6.623,9108362.11
1673870400,6.623,6.645,6.415,6.567,7732234.91
1673884800,6.567,6.833,6.53,6.752,7947871.49
1673899200,6.752,6.777,6.639,6.668,4890965.0600000005
1673913600,6.668,6.734,6.552,6.674,4919367.3100000005
1673928000,6.674,6.77,6.652,6.719,2774366.27
1673942400,6.719,6.755,6.664,6.727,1772770.4500000002
1673956800,6.727,6.843,6.657,6.718,6129604.3100000005
1673971200,6.718,6.887,6.627,6.865,6100505.73
1673985600,6.865,6.986,6.79,6.809,8341850.58
1674000000,6.809,6.984,6.781,6.925,5491091.45
1674014400,6.925,6.945,6.824,6.858,3175962.29
1674028800,6.858,6.86,6.698,6.756,3150870.02
1674043200,6.756,6.938,6.382,6.552,8368524.06
1674057600,6.552,6.628,6.276,6.479,12761250.25
1674072000,6.479,6.496,6.325,6.34,5576914.109999999
1674086400,6.34,6.439,6.321,6.412,2348898.76
1674100800,6.412,6.46,6.412,6.435,1424614.58
1674115200,6.435,6.457,6.362,6.374,1937872.46
1674129600,6.374,6.456,6.315,6.407,3897316.69
1674144000,6.407,6.506,6.358,6.495,3791316.9
1674158400,6.495,6.544,6.471,6.507,2083652.26
1674172800,6.507,6.547,6.465,6.486,2023517.19
1674187200,6.486,6.522,6.416,6.455,1575467.42
1674201600,6.455,6.494,6.428,6.463,891754.1
1674216000,6.463,6.557,6.455,6.529,2599471.96
1674230400,6.529,6.693,6.519,6.684,3924136.7
1674244800,6.684,6.972,6.684,6.946,7917092.23
1674259200,6.946,7.047,6.885,7.038,7450937.2
1674273600,7.038,7.096,6.992,7.0,2776066.48
1674288000,7.0,7.109,6.784,6.944,6620575.69
1674302400,6.944,6.996,6.894,6.908,3603131.89
1674316800,6.908,7.023,6.907,7.022,3294541.94
1674331200,7.022,7.093,6.833,6.853,5382750.38
1674345600,6.853,6.907,6.786,6.868,3413037.43
1674360000,6.868,6.935,6.861,6.887,1820406.71
1674374400,6.887,6.928,6.862,6.871,1485558.76
1674388800,6.871,7.229,6.829,7.036,7487237.59
1674403200,7.036,7.268,6.971,7.071,8532886.21
1674417600,7.071,7.101,6.828,6.99,7838336.569999999
1674432000,6.99,7.232,6.977,7.082,7996570.93
1674446400,7.082,7.125,6.997,7.034,3451456.45
1674460800,7.034,7.151,7.003,7.14,2614228.38
1674475200,7.14,7.165,6.852,7.02,7071251.88
1674489600,7.02,7.119,6.93,6.964,5112186.48
1674504000,6.964,7.095,6.93,7.016,2895142.77
1674518400,7.016,7.18,6.964,7.177,5421480.16
1674532800,7.177,7.18,7.095,7.166,2130318.14
1674547200,7.166,7.197,7.065,7.121,2475357.28
1674561600,7.121,7.146,6.982,7.044,3265850.31
1674576000,7.044,7.054,6.875,6.997,3589955.02
1674590400,6.997,7.004,6.561,6.663,6932531.43
1674604800,6.663,6.694,6.515,6.694,5776798.86
1674619200,6.694,6.8,6.675,6.791,2386769.69
1674633600,6.791,6.814,6.656,6.697,2520479.36
1674648000,6.697,6.784,6.61,6.692,4488529.93
1674662400,6.692,6.832,6.657,6.827,2774323.4
1674676800,6.827,7.099,6.814,6.959,9321889.74
1674691200,6.959,7.035,6.93,6.934,3498966.29
1674705600,6.934,7.013,6.882,6.905,1997747.33
1674720000,6.905,6.932,6.826,6.89,1903145.65
1674734400,6.89,7.127,6.838,6.956,7368560.99
1674748800,6.956,7.133,6.901,7.133,6166354.850000001
1674763200,7.133,7.306,7.126,7.169,7277101.479999999
1674777600,7.169,7.304,6.931,7.031,6161482.61
1674792000,7.031,7.275,7.031,7.269,3639116.69
1674806400,7.269,7.373,7.177,7.224,4853751.18
1674820800,7.224,7.281,7.104,7.206,5177887.98
1674835200,7.206,7.448,7.191,7.405,6267103.96
1674849600,7.405,7.502,7.311,7.379,5933168.89
1674864000,7.379,7.511,7.359,7.422,3815860.77
1674878400,7.422,7.45,7.281,7.334,2705213.24
1674892800,7.334,7.393,7.291,7.309,1468704.99
1674907200,7.309,7.309,7.164,7.247,3540577.47
1674921600,7.247,7.278,7.192,7.248,1451380.15
1674936000,7.248,7.25,7.127,7.212,1892808.13
1674950400,7.212,7.408,7.147,7.307,4511837.529999999
1674964800,7.307,7.373,7.294,7.324,2340581.5300000003
1674979200,7.324,7.433,7.321,7.39,1762751.99
1674993600,7.39,7.401,7.325,7.356,2069868.06
1675008000,7.356,7.505,7.267,7.449,7247676.100000001
1675022400,7.449,7.452,7.354,7.375,2394130.68
1675036800,7.375,7.44,7.261,7.324,2108355.38
1675051200,7.324,7.372,7.206,7.22,2156207.56
1675065600,7.22,7.242,6.95,6.997,5173514.38
1675080000,6.997,7.092,6.967,7.024,3069215.31
1675094400,7.024,7.1,6.766,6.895,5862531.97
1675108800,6.895,6.918,6.791,6.917,2814623.21
1675123200,6.917,7.003,6.895,6.962,2041428.95
1675137600,6.962,7.041,6.904,7.033,1922839.93
1675152000,7.033,7.042,6.892,6.93,1951352.7
1675166400,6.93,7.012,6.901,6.992,2359161.39
1675180800,6.992,7.079,6.988,7.061,3011534.14
1675195200,7.061,7.063,6.855,6.953,4431895.4
1675209600,6.953,6.981,6.919,6.943,1600406.06
1675224000,6.943,6.959,6.8,6.861,1794669.3
1675238400,6.861,6.861,6.754,6.843,1471647.82
1675252800,6.843,6.907,6.724,6.761,2821370.99
1675267200,6.761,7.063,6.672,7.005,7533670.15
1675281600,7.005,7.272,7.005,7.208,8517984.36
1675296000,7.208,7.334,7.201,7.305,4664546.19
1675310400,7.305,7.349,7.22,7.234,1597293.65
1675324800,7.234,7.302,7.226,7.291,1258204.9
1675339200,7.291,7.326,7.166,7.293,4096209.13
1675353600,7.293,7.487,7.267,7.303,9093993.03
1675368000,7.303,7.368,7.043,7.1,4747317.08
1675382400,7.1,7.165,7.016,7.085,3583445.38
1675396800,7.085,7.146,7.073,7.115,1596685.55
1675411200,7.115,7.222,7.076,7.217,1840602.96
1675425600,7.217,7.342,7.091,7.29,6032840.6
1675440000,7.29,7.325,7.214,7.217,2628802.74
1675454400,7.217,7.305,7.177,7.291,2193734.26
1675468800,7.291,7.314,7.165,7.173,2087572.57
1675483200,7.173,7.215,7.129,7.207,786125.92
1675497600,7.207,7.232,7.19,7.209,496131.36
1675512000,7.209,7.307,7.2,7.266,1083974.83
1675526400,7.266,7.363,7.221,7.32,3785853.81
1675540800,7.32,7.344,7.186,7.241,1760724.42
1675555200,7.241,7.252,7.154,7.205,1942882.36
1675569600,7.205,7.235,7.199,7.215,466694.29
1675584000,7.215,7.242,7.169,7.177,502742.24
1675598400,7.177,7.199,6.919,7.003,4350042.29
1675612800,7.003,7.018,6.921,6.974,4384573.8100000005
1675627200,6.974,7.001,6.869,6.987,2275447.86
1675641600,6.987,7.041,6.914,6.961,1937339.63
1675656000,6.961,7.015,6.859,7.013,1020795.54
1675670400,7.013,7.025,6.908,6.968,753673.8999999999
1675684800,6.968,7.024,6.922,7.016,1490782.21
1675699200,7.016,7.06,6.95,7.004,2806820.22
1675713600,7.004,7.007,6.769,6.838,3353335.79
1675728000,6.838,6.947,6.823,6.935,1205221.58
1675742400,6.935,6.981,6.926,6.931,1189859.64
1675756800,6.931,7.05,6.907,7.031,1390741.77
1675771200,7.031,7.06,6.948,6.973,2690101.16
1675785600,6.973,7.15,6.91,7.073,6334605.220000001
1675800000,7.073,7.213,7.056,7.2,4491409.5
1675814400,7.2,7.287,7.178,7.207,2793394.92
1675828800,7.207,7.288,7.174,7.251,1475642.27
1675843200,7.251,7.255,7.157,7.226,606324.78
1675857600,7.226,7.298,7.086,7.091,4017294.91
1675872000,7.091,7.173,6.961,7.086,4641164.35
1675886400,7.086,7.143,7.008,7.136,2062994.95
1675900800,7.136,7.27,6.869,6.943,8866596.0
1675915200,6.943,7.455,6.871,7.434,7069646.949999999
1675929600,7.434,7.808,7.411,7.528,12678096.74
1675944000,7.528,7.779,7.499,7.604,10718966.22
1675958400,7.604,7.705,7.232,7.329,15714913.86
1675972800,7.329,7.383,6.841,6.983,13319985.39
1675987200,6.983,7.119,6.924,6.955,5004915.42
1676001600,6.955,6.987,6.791,6.967,5021580.75
1676016000,6.967,7.007,6.888,6.948,1961543.28
1676030400,6.948,7.031,6.83,6.887,3640881.87
1676044800,6.887,7.032,6.825,7.009,3429488.94
1676059200,7.009,7.026,6.826,6.893,4749923.529999999
1676073600,6.893,6.953,6.865,6.914,1482534.99
1676088000,6.914,6.926,6.855,6.916,751797.62
1676102400,6.916,6.931,6.879,6.914,351094.07
1676116800,6.914,7.011,6.885,6.979,1198139.15
1676131200,6.979,6.984,6.884,6.924,1251882.27
1676145600,6.924,7.034,6.906,7.003,1097033.86
1676160000,7.003,7.018,6.939,6.948,937973.35
1676174400,6.948,6.966,6.924,6.945,1276114.86
1676188800,6.945,7.021,6.934,6.976,854886.02
1676203200,6.976,6.997,6.909,6.98,867626.23
1676217600,6.98,7.088,6.97,6.99,1782752.8
1676232000,6.99,7.012,6.696,6.815,4137657.16
1676246400,6.815,6.848,6.605,6.724,3877883.13
1676260800,6.724,6.793,6.711,6.778,1627248.34
1676275200,6.778,6.778,6.439,6.567,5551666.34
1676289600,6.567,6.62,6.541,6.567,2595244.27
1676304000,6.567,6.61,6.433,6.599,4468576.28
1676318400,6.599,6.687,6.567,6.679,1602273.56
1676332800,6.679,6.692,6.617,6.622,1543410.27
1676347200,6.622,6.662,6.615,6.651,940703.92
1676361600,6.651,6.693,6.607,6.628,1153415.35
1676376000,6.628,6.824,6.464,6.746,9352309.61
1676390400,6.746,6.817,6.664,6.807,2940575.2
1676404800,6.807,6.832,6.765,6.81,1158849.13
1676419200,6.81,6.825,6.727,6.779,1113607.92
1676433600,6.779,6.798,6.755,6.777,1146634.76
1676448000,6.777,6.855,6.747,6.853,878580.89
1676462400,6.853,6.938,6.853,6.919,2857934.31
1676476800,6.919,7.076,6.895,7.076,4001084.14
1676491200,7.076,7.307,7.07,7.283,9695546.12
1676505600,7.283,7.394,7.238,7.338,6528418.87
1676520000,7.338,7.341,7.24,7.278,3394212.92
1676534400,7.278,7.326,7.229,7.252,1681069.7
1676548800,7.252,7.405,7.14,7.392,5343062.51
1676563200,7.392,7.491,7.232,7.317,6940411.42
1676577600,7.317,7.321,7.01,7.015,7105787.26
1676592000,7.015,7.22,6.971,7.192,2478756.83
1676606400,7.192,7.27,7.151,7.205,1797916.25
1676620800,7.205,7.301,7.184,7.294,2416026.34
1676635200,7.294,7.377,7.235,7.332,4706754.01
1676649600,7.332,7.578,7.287,7.485,7432985.16
1676664000,7.485,7.71,7.389,7.65,6904972.359999999
1676678400,7.65,7.736,7.581,7.611,4655079.31
1676692800,7.611,7.69,7.564,7.59,1695832.62
1676707200,7.59,7.64,7.505,7.637,2626082.56
1676721600,7.637,8.258,7.631,8.184,15480753.95
1676736000,8.184,8.253,7.961,8.044,8046983.31
1676750400,8.044,8.084,7.981,7.99,3973697.27
1676764800,7.99,8.074,7.94,8.02,3930052.4
1676779200,8.02,8.274,7.962,8.114,5981145.0600000005
1676793600,8.114,8.251,8.045,8.166,2729182.22
1676808000,8.166,8.287,8.078,8.143,6404562.45
1676822400,8.143,8.221,7.855,7.881,8159209.859999999
1676836800,7.881,8.043,7.823,8.014,5403374.89
1676851200,8.014,8.075,7.734,8.01,4826692.12
1676865600,8.01,8.376,8.01,8.364,6295137.49
1676880000,8.364,8.395,8.07,8.144,7006154.22
1676894400,8.144,8.193,8.073,8.13,4407017.73
1676908800,8.13,8.131,7.955,8.027,6513558.01
1676923200,8.027,8.039,7.915,8.012,3772770.02
1676937600,8.012,8.07,7.949,7.963,4174580.23
1676952000,7.963,8.014,7.905,7.975,2086004.54
1676966400,7.975,8.013,7.735,7.758,4880542.46
1676980800,7.758,7.812,7.669,7.746,4605502.15
1676995200,7.746,7.772,7.637,7.69,4384916.36
1677009600,7.69,7.696,7.507,7.641,5612749.720000001
1677024000,7.641,7.722,7.393,7.546,7683966.54
1677038400,7.546,7.555,7.396,7.483,3948164.59
1677052800,7.483,7.485,7.324,7.472,3265643.75
1677067200,7.472,7.553,7.324,7.366,4686370.26
1677081600,7.366,7.596,7.302,7.569,6263037.03
1677096000,7.569,7.719,7.531,7.717,3050783.41
1677110400,7.717,7.961,7.676,7.892,5211357.83
1677124800,7.892,7.972,7.864,7.922,4088661.97
1677139200,7.922,8.065,7.788,7.852,9107717.34
1677153600,7.852,8.204,7.765,7.966,12969192.81
1677168000,7.966,8.024,7.719,7.89,6513507.7
1677182400,7.89,7.966,7.797,7.936,3150306.7
1677196800,7.936,8.027,7.881,8.023,2906288.23
1677211200,8.023,8.141,7.936,8.099,5822392.609999999
1677225600,8.099,8.128,7.879,7.884,3053828.2800000003
1677240000,7.884,7.92,7.551,7.595,7902109.08
1677254400,7.595,7.694,7.438,7.683,7802735.189999999
1677268800,7.683,7.719,7.28,7.466,8251312.87
1677283200,7.465,7.49,7.366,7.383,2058252.49
1677297600,7.383,7.422,7.317,7.407,1893041.25
1677312000,7.407,7.441,7.344,7.371,1613060.55
1677326400,7.371,7.372,7.255,7.344,2664643.4
1677340800,7.344,7.402,7.213,7.321,5102325.61
1677355200,7.321,7.393,7.182,7.375,5013631.63
1677369600,7.375,7.418,7.293,7.415,2484004.93
1677384000,7.415,7.428,7.353,7.406,1585360.39
1677398400,7.406,7.443,7.371,7.443,1038731.37
1677412800,7.443,7.447,7.365,7.38,2173255.67
1677427200,7.38,7.495,7.31,7.485,2781658.09
1677441600,7.485,7.544,7.408,7.498,3085682.0
1677456000,7.498,7.504,7.424,7.429,2174494.23
1677470400,7.429,7.435,7.33,7.336,2009244.46
1677484800,7.336,7.353,7.224,7.288,2075177.1
1677499200,7.288,7.468,7.243,7.369,2727447.52
1677513600,7.369,7.387,7.132,7.195,3807757.91
1677528000,7.195,7.292,7.153,7.274,2086749.85
1677542400,7.274,7.301,7.219,7.288,2149589.77
1677556800,7.288,7.355,7.222,7.262,2918669.7
1677571200,7.262,7.335,7.23,7.332,970065.34
1677585600,7.332,7.42,7.328,7.411,1984657.4
1677600000,7.411,7.424,7.244,7.26,1882219.0
1677614400,7.26,7.295,7.1,7.195,4626949.29
1677628800,7.195,7.353,7.149,7.347,4119984.47
1677643200,7.347,7.428,7.323,7.398,2139729.13
1677657600,7.398,7.5,7.386,7.471,1519653.11
1677672000,7.471,7.505,7.393,7.437,2008537.77
1677686400,7.437,7.445,7.337,7.351,2378519.66
1677700800,7.351,7.544,7.337,7.534,2556698.39
1677715200,7.534,7.579,7.357,7.393,2417026.54
1677729600,7.393,7.45,7.316,7.357,735906.51
1677744000,7.357,7.362,7.265,7.32,764585.4400000001
1677758400,7.32,7.327,7.166,7.227,1616961.21
1677772800,7.227,7.298,7.171,7.274,1987703.19
1677787200,7.274,7.285,7.232,7.277,1047154.05
1677801600,7.277,7.278,6.698,6.817,10140567.84
1677816000,6.817,6.888,6.801,6.869,1905307.05
1677830400,6.869,6.911,6.854,6.898,955450.75
1677844800,6.898,6.952,6.854,6.9,1658086.14
1677859200,6.9,6.947,6.872,6.924,1197631.66
1677873600,6.924,6.964,6.862,6.959,1043212.02
1677888000,6.959,7.01,6.911,6.915,1039621.35
1677902400,6.915,6.932,6.862,6.917,617723.78
1677916800,6.917,6.971,6.899,6.969,379012.62
1677931200,6.969,6.969,6.913,6.929,442832.14
1677945600,6.929,6.942,6.827,6.841,243914.46
1677960000,6.841,6.859,6.717,6.857,913111.94
1677974400,6.857,6.998,6.811,6.939,1487896.1
1677988800,6.939,6.973,6.909,6.917,550321.11
1678003200,6.917,6.968,6.895,6.938,1402066.09
1678017600,6.938,6.978,6.935,6.956,559270.19
1678032000,6.956,6.964,6.921,6.958,776541.89
1678046400,6.958,7.019,6.905,6.945,1784547.32
1678060800,6.945,6.972,6.823,6.871,1367179.66
1678075200,6.871,6.901,6.827,6.887,540698.3500000001
1678089600,6.887,6.91,6.852,6.877,447218.03
1678104000,6.877,6.969,6.851,6.966,1192462.91
1678118400,6.966,6.979,6.879,6.9,1691782.19
1678132800,6.9,6.919,6.847,6.851,2226083.91
1678147200,6.851,6.972,6.84,6.946,2478752.3
1678161600,6.946,6.966,6.899,6.902,667914.54
1678176000,6.902,6.905,6.777,6.812,1728772.78
1678190400,6.812,6.859,6.691,6.812,2793717.07
1678204800,6.812,6.827,6.701,6.711,1372916.09
1678219200,6.711,6.893,6.669,6.885,2866434.5
1678233600,6.885,6.946,6.854,6.879,1460586.33
1678248000,6.879,6.913,6.772,6.79,1135307.9
1678262400,6.79,6.842,6.757,6.801,1429348.91
1678276800,6.801,6.814,6.601,6.716,3116182.54
1678291200,6.716,6.732,6.574,6.616,2739068.29
1678305600,6.616,6.702,6.511,6.579,5310658.21
1678320000,6.579,6.629,6.539,6.608,2248468.89
1678334400,6.608,6.642,6.589,6.593,1013324.9
1678348800,6.593,6.607,6.55,6.6,1705548.13
1678363200,6.6,6.685,6.578,6.602,1446849.91
1678377600,6.602,6.628,6.267,6.296,5112824.18
1678392000,6.296,6.301,6.022,6.16,8609418.030000001
1678406400,6.16,6.193,6.052,6.168,3082539.75
1678420800,6.168,6.2,6.109,6.17,1429968.95
1678435200,6.17,6.178,5.906,6.063,3468236.93
1678449600,6.063,6.254,6.043,6.215,2971858.0
1678464000,6.215,6.263,6.143,6.229,1690097.39
1678478400,6.229,6.28,6.15,6.236,2862598.31
1678492800,6.236,6.459,6.219,6.29,5437613.96
1678507200,6.29,6.291,6.004,6.034,3079975.71
1678521600,6.034,6.152,5.983,6.043,1712322.66
1678536000,6.043,6.071,5.987,6.012,1435828.58
1678550400,6.012,6.167,5.985,6.162,1641238.34
1678564800,6.162,6.219,6.15,6.215,1441746.37
1678579200,6.215,6.23,6.166,6.212,906127.8
1678593600,6.212,6.255,6.171,6.196,1096033.27
1678608000,6.196,6.21,6.149,6.169,727661.28
1678622400,6.169,6.197,6.115,6.169,1417332.09
1678636800,6.169,6.429,6.162,6.335,3819795.63
1678651200,6.335,6.614,6.333,6.604,4990767.79
1678665600,6.604,6.741,6.588,6.606,5148244.21
1678680000,6.606,6.694,6.6,6.669,1820462.34
1678694400,6.669,6.673,6.461,6.49,2515358.52
1678708800,6.49,6.948,6.408,6.788,8262002.34
1678723200,6.788,6.844,6.712,6.757,2884353.14
1678737600,6.757,6.824,6.724,6.788,1370947.53
1678752000,6.788,6.801,6.718,6.787,1354509.88
1678766400,6.787,6.842,6.699,6.727,1329787.04
1678780800,6.727,6.771,6.652,6.713,2053271.78
1678795200,6.713,7.231,6.68,7.174,9131457.46
1678809600,7.174,7.182,6.858,7.02,7981354.46
1678824000,7.02,7.036,6.776,6.985,2869761.12
1678838400,6.985,7.088,6.906,7.071,2801386.32
1678852800,7.071,7.142,7.045,7.111,1355536.58
1678867200,7.111,7.114,6.728,6.842,3054971.92
1678881600,6.842,6.933,6.573,6.601,4649960.92
1678896000,6.601,6.61,6.413,6.57,7533922.54
1678910400,6.57,6.657,6.518,6.57,3206746.66
1678924800,6.57,6.627,6.468,6.586,1502182.47
1678939200,6.586,6.658,6.522,6.637,1011969.93
1678953600,6.637,6.678,6.562,6.658,1002177.4
1678968000,6.658,6.658,6.492,6.638,2360708.4
1678982400,6.638,6.69,6.561,6.659,1548223.59
1678996800,6.659,6.697,6.538,6.678,2044989.75
1679011200,6.678,6.928,6.619,6.927,4734409.73
1679025600,6.927,6.971,6.84,6.942,1986367.59
1679040000,6.942,7.146,6.91,7.14,2585725.12
1679054400,7.14,7.212,6.97,7.002,4844463.65
1679068800,7.002,7.126,6.991,7.086,2653103.51
1679083200,7.086,7.272,7.044,7.222,4962325.51
1679097600,7.222,7.321,7.113,7.268,5438811.42
1679112000,7.268,7.295,7.194,7.268,1771273.99
1679126400,7.268,7.284,7.175,7.234,1481923.54
1679140800,7.234,7.275,6.981,7.047,3740314.3
1679155200,7.047,7.105,6.874,7.057,2945933.3000000003
1679169600,7.057,7.122,6.904,6.938,2621678.7
1679184000,6.938,7.115,6.932,7.112,1082816.63
1679198400,7.112,7.122,6.988,7.059,909739.04
1679212800,7.059,7.137,7.028,7.127,1245086.03
1679227200,7.127,7.207,7.069,7.172,1915407.54
1679241600,7.172,7.301,7.164,7.23,2709931.48
1679256000,7.23,7.249,7.071,7.098,2954206.88
1679270400,7.098,7.213,6.989,7.011,4036347.52
1679284800,7.011,7.197,6.941,7.189,1844502.14
1679299200,7.189,7.422,7.142,7.315,5116912.49
1679313600,7.315,7.444,7.24,7.374,5492315.6
1679328000,7.374,7.455,7.085,7.126,9979041.5
1679342400,7.126,7.242,7.024,7.072,3092110.48
1679356800,7.072,7.215,7.037,7.139,2684125.69
1679371200,7.139,7.175,6.894,6.911,3989504.29
1679385600,6.911,7.14,6.87,7.122,3436582.27
1679400000,7.122,7.381,7.11,7.285,3303746.11
1679414400,7.285,7.366,7.194,7.303,2374388.02
1679428800,7.303,7.482,7.293,7.399,5106651.37
1679443200,7.399,7.515,7.301,7.483,4663637.6
1679457600,7.483,7.601,7.431,7.497,3305267.59
1679472000,7.497,7.589,7.417,7.503,2920346.48
1679486400,7.503,7.731,7.487,7.618,5828186.59
1679500800,7.618,7.63,7.039,7.056,11763172.71
1679515200,7.056,7.199,7.023,7.189,4413465.33
1679529600,7.189,7.219,7.11,7.154,2137872.88
1679544000,7.154,7.301,7.143,7.297,1404936.78
1679558400,7.297,7.471,7.297,7.368,2216391.9
1679572800,7.368,7.653,7.336,7.587,5355236.51
1679587200,7.587,7.643,7.428,7.533,3972154.43
1679601600,7.533,7.645,7.501,7.624,3898146.3
1679616000,7.624,7.668,7.522,7.531,1891281.83
1679630400,7.531,7.546,7.465,7.488,913806.82
1679644800,7.488,7.49,7.223,7.255,4560143.62
1679659200,7.255,7.427,7.246,7.337,2798025.34
1679673600,7.337,7.352,7.157,7.29,3863168.96
1679688000,7.29,7.3,7.13,7.201,1798721.83
1679702400,7.201,7.261,7.166,7.228,1421017.89
1679716800,7.228,7.24,7.152,7.156,731804.4
1679731200,7.156,7.161,7.075,7.121,1621659.87
1679745600,7.121,7.155,7.056,7.141,1890739.07
1679760000,7.141,7.154,6.985,6.998,1851775.1
1679774400,6.998,7.091,6.984,7.083,1373780.11
1679788800,7.083,7.172,7.06,7.135,1137331.65
1679803200,7.135,7.193,7.125,7.145,751565.64
1679817600,7.145,7.253,7.14,7.222,725963.5
1679832000,7.222,7.295,7.17,7.196,1555542.37
1679846400,7.196,7.252,7.148,7.239,725521.89
1679860800,7.239,7.291,7.188,7.264,881976.6699999999
1679875200,7.264,7.275,7.148,7.184,995965.59
1679889600,7.184,7.196,7.116,7.132,712009.6699999999
1679904000,7.132,7.207,7.117,7.178,589957.72
1679918400,7.178,7.202,6.76,6.887,4921778.94
1679932800,6.887,6.936,6.818,6.823,2275809.7
1679947200,6.823,6.893,6.788,6.875,3246245.46
1679961600,6.875,6.885,6.773,6.821,1472623.96
1679976000,6.821,6.916,6.818,6.863,769108.39
1679990400,6.863,6.872,6.755,6.856,2767030.67
1680004800,6.856,6.892,6.814,6.862,2389853.92
1680019200,6.862,7.045,6.779,7.016,3302274.47
1680033600,7.016,7.028,6.902,6.949,1290953.86
1680048000,6.949,7.001,6.933,6.989,1634227.31
1680062400,6.989,7.179,6.987,7.172,1798961.43
1680076800,7.172,7.336,7.163,7.291,2296542.74
1680091200,7.291,7.377,7.233,7.358,3807862.67
1680105600,7.358,7.383,7.283,7.368,2075359.67
1680120000,7.368,7.494,7.339,7.383,2353924.5300000003
1680134400,7.383,7.554,7.289,7.397,4312910.11
1680148800,7.397,7.525,7.375,7.381,2218799.5
1680163200,7.381,7.413,7.289,7.388,953002.11
1680177600,7.388,7.395,7.244,7.264,2365009.66
1680192000,7.264,7.268,7.141,7.23,2087379.66
1680206400,7.23,7.275,7.188,7.235,1078574.47
1680220800,7.235,7.387,7.23,7.384,1830133.64
1680235200,7.384,7.527,7.306,7.515,1987684.54
1680249600,7.515,7.582,7.403,7.488,1983072.9
1680264000,7.488,7.669,7.472,7.581,4178138.04
1680278400,7.581,7.641,7.52,7.611,3123276.55
1680292800,7.611,7.663,7.586,7.591,1780965.77
1680307200,7.591,7.635,7.548,7.577,1427240.54
1680321600,7.577,7.605,7.488,7.568,1198001.75
1680336000,7.568,7.599,7.519,7.528,1159626.91
1680350400,7.528,7.553,7.457,7.495,1470673.4200000002
1680364800,7.495,7.527,7.445,7.498,989332.25
1680379200,7.498,7.563,7.496,7.551,1149270.19
1680393600,7.551,7.551,7.45,7.507,1062065.28
1680408000,7.507,7.528,7.482,7.514,487381.89
1680422400,7.514,7.521,7.433,7.444,674299.02
1680436800,7.444,7.448,7.277,7.33,2160944.92
1680451200,7.33,7.374,7.211,7.235,1129080.23
1680465600,7.235,7.29,7.2,7.259,1503734.47
1680480000,7.259,7.273,7.083,7.148,1913265.79
1680494400,7.148,7.255,7.123,7.255,717654.79
1680508800,7.255,7.383,7.253,7.301,2206599.62
1680523200,7.301,7.374,7.221,7.282,2034527.82
1680537600,7.282,7.437,7.215,7.363,2974643.2700000005
1680552000,7.363,7.375,7.033,7.242,5357762.14
1680566400,7.242,7.306,7.208,7.256,1876601.98
1680580800,7.256,7.339,7.235,7.259,1656749.39
1680595200,7.259,7.43,7.244,7.401,1831114.74
1680609600,7.401,7.421,7.324,7.366,2094542.44
1680624000,7.366,7.436,7.339,7.418,1734157.07
1680638400,7.418,7.477,7.352,7.373,1673702.4
1680652800,7.373,7.602,7.337,7.597,3511684.3200000003
1680667200,7.597,7.609,7.535,7.553,897844.16
1680681600,7.553,7.565,7.453,7.472,1596704.58
1680696000,7.472,7.493,7.219,7.302,4678374.14
1680710400,7.302,7.345,7.253,7.32,1843269.84
1680724800,7.32,7.352,7.295,7.322,920777.77
1680739200,7.322,7.334,7.211,7.312,1159617.15
1680753600,7.312,7.312,7.246,7.249,972244.8
1680768000,7.249,7.293,7.168,7.242,1346057.75
1680782400,7.242,7.289,7.171,7.277,1330980.08
1680796800,7.277,7.285,7.153,7.202,1456205.53
1680811200,7.202,7.21,7.121,7.204,1316704.38
1680825600,7.204,7.229,7.159,7.186,701726.6
1680840000,7.186,7.218,7.115,7.131,1018403.67
1680854400,7.131,7.189,7.115,7.145,787962.51
1680868800,7.145,7.236,7.136,7.233,1121451.15
1680883200,7.233,7.248,7.207,7.232,787698.22
1680897600,7.232,7.309,7.206,7.274,940166.01
1680912000,7.274,7.288,7.217,7.271,739724.15
1680926400,7.271,7.298,7.252,7.252,400530.68
1680940800,7.252,7.266,7.213,7.216,404100.2
1680955200,7.216,7.247,7.189,7.226,476464.56
1680969600,7.226,7.229,7.114,7.126,1052984.52
1680984000,7.126,7.158,7.093,7.137,1060977.54
1680998400,7.137,7.192,7.132,7.165,376298.63
1681012800,7.165,7.18,7.076,7.131,1408422.64
1681027200,7.131,7.131,7.083,7.113,848393.5800000001
1681041600,7.113,7.132,7.061,7.113,753227.59
1681056000,7.113,7.215,7.096,7.205,901483.53
1681070400,7.205,7.258,7.186,7.204,782865.36
1681084800,7.204,7.225,7.138,7.183,829123.4400000001
1681099200,7.183,7.234,7.169,7.232,315225.09
1681113600,7.232,7.247,7.213,7.213,705505.47
1681128000,7.213,7.237,7.157,7.216,701829.8300000001
1681142400,7.216,7.36,7.188,7.291,3499962.58
1681156800,7.291,7.371,7.252,7.347,2310803.95
1681171200,7.347,7.42,7.321,7.346,2874952.1
1681185600,7.346,7.433,7.336,7.429,1305376.87
1681200000,7.429,7.454,7.383,7.396,1021760.76
1681214400,7.396,7.428,7.35,7.391,1826358.99
1681228800,7.391,7.403,7.315,7.331,2558746.78
1681243200,7.331,7.345,7.288,7.306,905559.19
1681257600,7.306,7.332,7.11,7.138,2876573.41
1681272000,7.138,7.219,7.131,7.191,827676.06
1681286400,7.191,7.197,7.166,7.184,610848.14
1681300800,7.184,7.374,7.149,7.293,5028795.12
1681315200,7.293,7.308,7.153,7.189,1885820.83
1681329600,7.189,7.264,7.185,7.234,1176591.29
1681344000,7.234,7.254,7.178,7.229,2237255.99
1681358400,7.229,7.263,7.222,7.26,584652.55
1681372800,7.26,7.423,7.26,7.373,3076397.71
1681387200,7.373,7.473,7.373,7.412,4136201.26
1681401600,7.412,7.551,7.412,7.469,3166170.45
1681416000,7.469,7.476,7.423,7.466,1631105.5
1681430400,7.466,7.764,7.465,7.714,6117113.08
1681444800,7.714,7.909,7.711,7.771,5998107.5600000005
1681459200,7.771,7.85,7.767,7.816,4100593.45
1681473600,7.816,7.828,7.555,7.557,8441312.08
1681488000,7.557,7.764,7.54,7.764,4039740.94
1681502400,7.764,7.818,7.732,7.749,3014495.92
1681516800,7.749,7.759,7.623,7.65,2246422.72
1681531200,7.65,7.716,7.629,7.711,1277322.57
1681545600,7.711,7.871,7.688,7.824,3904209.56
1681560000,7.824,8.01,7.783,7.972,5819926.92
1681574400,7.972,8.087,7.931,7.987,5275898.34
1681588800,7.987,8.051,7.939,8.014,2072469.72
1681603200,8.014,8.17,7.976,8.014,5667713.21
1681617600,8.014,8.109,8.002,8.089,1593567.99
1681632000,8.089,8.109,7.956,7.964,1808367.91
1681646400,7.964,8.009,7.913,7.964,2100653.4
1681660800,7.964,8.138,7.947,8.047,2802746.08
1681675200,8.047,8.196,7.992,8.144,3236901.45
1681689600,8.144,8.273,7.875,8.217,9441760.68
1681704000,8.217,8.299,8.107,8.11,4614678.07
1681718400,8.11,8.174,7.94,7.986,3773963.98
1681732800,7.986,8.189,7.985,8.057,8255458.03
1681747200,8.057,8.258,8.051,8.24,3968826.1
1681761600,8.24,8.276,8.138,8.164,3400631.44
1681776000,8.164,8.173,8.038,8.081,3986607.29
1681790400,8.081,8.459,8.069,8.428,5171578.08
1681804800,8.428,8.763,8.412,8.718,6834605.33
1681819200,8.718,8.793,8.581,8.725,6968357.14
1681833600,8.725,8.733,8.524,8.545,4908449.43
1681848000,8.545,8.632,8.529,8.584,3237329.15
1681862400,8.584,8.6,8.484,8.567,2984672.86
1681876800,8.567,8.589,8.392,8.402,3517030.3
1681891200,8.402,8.407,7.917,8.057,14209888.28
1681905600,8.057,8.129,7.967,8.035,6726427.45
1681920000,8.035,8.092,7.907,7.965,4795626.33
1681934400,7.965,7.991,7.66,7.758,7628733.34
1681948800,7.758,7.887,7.686,7.823,4250975.29
1681963200,7.823,7.888,7.779,7.782,2021130.9
1681977600,7.782,7.891,7.73,7.748,2905677.08
1681992000,7.748,7.969,7.72,7.742,5137207.42
1682006400,7.742,7.742,7.441,7.526,11165198.37
1682020800,7.526,7.617,7.473,7.515,1883882.3
1682035200,7.515,7.603,7.472,7.564,1858501.05
1682049600,7.564,7.573,7.389,7.539,2474351.66
1682064000,7.539,7.572,7.398,7.423,1951152.43
1682078400,7.423,7.477,7.34,7.378,3670890.71
1682092800,7.378,7.397,7.07,7.077,7666604.76
1682107200,7.077,7.129,7.016,7.113,4702216.91
1682121600,7.113,7.182,7.082,7.175,1096801.41
1682136000,7.175,7.175,7.084,7.09,536330.88
1682150400,7.09,7.168,7.089,7.157,577595.1
1682164800,7.157,7.217,7.111,7.175,1009055.25
1682179200,7.175,7.238,7.133,7.155,1943393.88
1682193600,7.155,7.201,7.107,7.179,1117424.24
1682208000,7.179,7.179,7.012,7.116,1663437.29
1682222400,7.116,7.136,7.086,7.133,398371.73
1682236800,7.133,7.138,7.066,7.118,442772.84
1682251200,7.118,7.133,6.943,6.993,2112047.27
1682265600,6.993,7.073,6.883,6.954,2217993.83
1682280000,6.954,7.09,6.936,7.084,1081494.92
1682294400,7.084,7.221,7.049,7.15,1053132.11
1682308800,7.15,7.155,7.031,7.101,669849.15
1682323200,7.101,7.218,7.052,7.216,1568843.34
1682337600,7.216,7.262,7.085,7.092,1342109.92
1682352000,7.092,7.162,7.005,7.078,1554816.15
1682366400,7.078,7.111,7.05,7.072,752475.4500000001
1682380800,7.072,7.096,6.97,6.988,923693.02
1682395200,6.988,7.069,6.977,6.991,770648.08
1682409600,6.991,7.068,6.955,7.053,578397.75
1682424000,7.053,7.106,7.003,7.015,1206967.14
1682438400,7.015,7.145,6.997,7.086,1552933.99
1682452800,7.086,7.299,7.08,7.274,2162752.65
1682467200,7.274,7.332,7.199,7.219,1091764.27
1682481600,7.219,7.296,7.218,7.249,641452.7699999999
1682496000,7.249,7.42,7.246,7.388,1655564.37
1682510400,7.388,7.506,7.372,7.44,3444147.25
1682524800,7.44,7.45,6.87,6.894,5130976.47
1682539200,6.894,7.041,6.784,7.008,7153620.06
1682553600,7.008,7.22,6.992,7.054,3127657.59
1682568000,7.054,7.133,6.992,7.058,1303158.61
1682582400,7.058,7.097,7.021,7.059,759162.23
1682596800,7.059,7.162,6.991,7.129,2143082.99
1682611200,7.129,7.229,7.093,7.202,2001392.98
1682625600,7.202,7.228,7.119,7.173,1293398.11
1682640000,7.173,7.179,7.099,7.114,705379.1799999999
1682654400,7.114,7.191,7.112,7.185,415101.75
1682668800,7.185,7.186,7.045,7.046,3330105.04
1682683200,7.046,7.09,6.962,7.025,3641526.72
1682697600,7.025,7.07,7.001,7.045,688000.72
1682712000,7.045,7.072,7.036,7.044,755662.35
1682726400,7.044,7.073,7.001,7.061,604339.62
1682740800,7.061,7.102,7.059,7.097,412018.97
1682755200,7.097,7.151,7.061,7.147,547077.71
1682769600,7.147,7.221,7.133,7.189,1365383.87
1682784000,7.189,7.202,7.091,7.2,1140039.9400000002
1682798400,7.2,7.213,7.154,7.191,1097722.89
1682812800,7.191,7.207,7.122,7.146,607512.66
1682827200,7.146,7.215,7.142,7.179,442923.91
1682841600,7.179,7.266,7.16,7.221,1177010.17
1682856000,7.221,7.304,7.187,7.246,1588691.41
1682870400,7.246,7.296,7.102,7.137,1748415.1
1682884800,7.137,7.137,7.025,7.031,1833056.73
1682899200,7.031,7.086,6.88,7.012,3306234.78
1682913600,7.012,7.03,6.959,6.995,1233881.6
1682928000,6.995,7.014,6.965,6.965,261841.06
1682942400,6.965,6.982,6.88,6.913,2028981.4
1682956800,6.913,6.951,6.801,6.82,3097464.69
1682971200,6.82,6.909,6.806,6.898,1748179.18
1682985600,6.898,6.908,6.856,6.897,527377.1
1683000000,6.897,6.933,6.876,6.924,339714.59
1683014400,6.924,6.932,6.863,6.891,493012.73
1683028800,6.891,6.956,6.809,6.911,1681609.06
1683043200,6.911,7.015,6.883,7.006,1307979.54
1683057600,7.006,7.012,6.973,6.988,982156.64
1683072000,6.988,6.992,6.904,6.979,644491.9299999999
1683086400,6.979,7.004,6.948,6.98,518730.89
1683100800,6.98,6.991,6.91,6.911,431921.01
1683115200,6.911,6.92,6.823,6.871,2358986.72
1683129600,6.871,7.084,6.858,6.996,3260914.9000000004
1683144000,6.996,7.152,6.989,7.127,1678460.26
1683158400,7.127,7.163,7.098,7.113,903634.77
1683172800,7.113,7.142,7.069,7.071,348700.05
1683187200,7.071,7.119,7.053,7.069,1028984.76
1683201600,7.069,7.079,6.996,7.034,914927.96
1683216000,7.034,7.047,6.965,6.986,959893.86
1683230400,6.986,7.004,6.965,7.004,515300.1
1683244800,7.004,7.118,6.994,7.069,1295526.62
1683259200,7.069,7.093,7.047,7.053,750968.7
1683273600,7.053,7.068,7.028,7.053,580103.53
1683288000,7.053,7.163,6.919,7.151,3339423.99
1683302400,7.151,7.275,7.15,7.254,4344151.3
1683316800,7.254,7.286,7.227,7.235,1058600.21
1683331200,7.235,7.288,7.159,7.169,1392019.18
1683345600,7.169,7.192,7.111,7.116,464056.7
1683360000,7.116,7.117,7.043,7.096,921510.54
1683374400,7.096,7.096,6.887,6.922,2689526.1
1683388800,6.922,7.012,6.907,6.98,1240967.19
1683403200,6.98,6.995,6.922,6.935,857218.05
1683417600,6.935,6.988,6.888,6.901,960467.12
1683432000,6.901,6.941,6.901,6.934,295975.71
1683446400,6.934,6.959,6.913,6.941,393623.93
1683460800,6.941,6.999,6.941,6.947,476424.84
1683475200,6.947,6.969,6.912,6.929,566378.84
1683489600,6.929,6.984,6.877,6.918,1698686.43
1683504000,6.918,6.925,6.631,6.755,4983895.54
1683518400,6.755,6.764,6.615,6.647,1546227.99
1683532800,6.647,6.748,6.632,6.734,761650.03
1683547200,6.734,6.773,6.676,6.733,1034440.71
1683561600,6.733,6.74,6.429,6.55,4911505.43
1683576000,6.55,6.62,6.546,6.596,1334124.6
1683590400,6.596,6.639,6.558,6.56,782225.61
1683604800,6.56,6.609,6.536,6.608,924601.89
1683619200,6.608,6.609,6.546,6.583,351081.82
1683633600,6.583,6.61,6.473,6.486,1676608.8199999998
1683648000,6.486,6.565,6.466,6.522,1184168.56
1683662400,6.522,6.551,6.487,6.529,581543.53
1683676800,6.529,6.56,6.502,6.514,858323.42
1683691200,6.514,6.539,6.492,6.507,615152.86
1683705600,6.507,6.555,6.468,6.541,1250568.25
1683720000,6.541,6.701,6.514,6.616,2936689.76
1683734400,6.616,6.641,6.312,6.584,4679811.9
1683748800,6.584,6.646,6.56,6.593,2188156.27
1683763200,6.593,6.595,6.505,6.516,463255.5
1683777600,6.516,6.551,6.489,6.508,476597.29
1683792000,6.508,6.51,6.433,6.459,896285.09
1683806400,6.459,6.519,6.294,6.379,4247453.18
1683820800,6.379,6.39,6.233,6.318,2083482.83
1683835200,6.318,6.385,6.31,6.369,691908.6599999999
1683849600,6.369,6.398,6.26,6.264,615458.6599999999
1683864000,6.264,6.388,6.235,6.38,1939143.06
1683878400,6.38,6.459,6.374,6.414,941148.58
1683892800,6.414,6.486,6.394,6.404,1244769.66
1683907200,6.404,6.49,6.332,6.486,1373937.16
1683921600,6.486,6.64,6.464,6.624,1915290.5
1683936000,6.624,6.638,6.562,6.599,1033667.55
1683950400,6.599,6.613,6.573,6.604,265264.62
1683964800,6.604,6.613,6.555,6.557,306907.29
1683979200,6.557,6.586,6.505,6.539,418021.77
1683993600,6.539,6.549,6.48,6.51,703184.52
1684008000,6.51,6.531,6.489,6.494,460272.61
1684022400,6.494,6.529,6.449,6.515,489257.72
1684036800,6.515,6.552,6.507,6.535,559596.51
1684051200,6.535,6.546,6.521,6.542,243360.68
1684065600,6.536,6.611,6.515,6.597,536536.16
1684080000,6.597,6.606,6.497,6.507,516417.93
1684094400,6.507,6.552,6.489,6.549,440620.24
1684108800,6.549,6.649,6.461,6.634,1207953.56
1684123200,6.634,6.709,6.615,6.68,873112.23
1684137600,6.68,6.703,6.637,6.639,332645.73
1684152000,6.639,6.671,6.594,6.663,1141688.09
1684166400,6.663,6.705,6.636,6.682,1388159.28
1684180800,6.682,6.684,6.617,6.638,768537.11
1684195200,6.638,6.671,6.555,6.626,953965.02
1684209600,6.626,6.707,6.616,6.693,556027.23
1684224000,6.693,6.727,6.653,6.654,540211.74
1684238400,6.654,6.676,6.573,6.654,1736301.08
1684252800,6.654,6.69,6.618,6.621,749128.66
1684267200,6.621,6.67,6.599,6.658,734061.15
1684281600,6.658,6.731,6.628,6.695,1652230.36
1684296000,6.695,6.725,6.583,6.591,1099029.23
1684310400,6.591,6.611,6.552,6.561,655057.6599999999
1684324800,6.561,6.638,6.556,6.596,1698322.94
1684339200,6.596,6.804,6.577,6.781,1657847.82
1684353600,6.781,6.807,6.718,6.757,1143809.94
1684368000,6.757,6.766,6.723,6.755,767770.27
1684382400,6.755,6.758,6.682,6.73,1312895.98
1684396800,6.73,6.737,6.679,6.694,951870.84
1684411200,6.694,6.699,6.611,6.64,1299612.9
1684425600,6.64,6.655,6.429,6.501,4541384.35
1684440000,6.501,6.562,6.462,6.531,936864.65
1684454400,6.531,6.534,6.487,6.503,571734.12
1684468800,6.503,6.534,6.478,6.521,453457.22
1684483200,6.521,6.534,6.495,6.509,373558.47
1684497600,6.509,6.556,6.466,6.514,851427.79
1684512000,6.514,6.53,6.465,6.495,761382.22
1684526400,6.495,6.523,6.487,6.512,450181.15
1684540800,6.512,6.519,6.476,6.502,343878.64
1684555200,6.502,6.504,6.476,6.488,240750.14
1684569600,6.488,6.503,6.487,6.493,163987.14
1684584000,6.493,6.51,6.489,6.503,190096.43
1684598400,6.503,6.544,6.492,6.503,430151.21
1684612800,6.503,6.516,6.482,6.505,241499.63
1684627200,6.505,6.545,6.502,6.514,276458.21
1684641600,6.514,6.528,6.508,6.51,124037.02
1684656000,6.51,6.51,6.44,6.463,346840.52
1684670400,6.463,6.498,6.366,6.423,857599.05
1684684800,6.423,6.441,6.395,6.426,531491.86
1684699200,6.426,6.442,6.371,6.431,538003.9299999999
1684713600,6.431,6.481,6.34,6.47,1589150.68
1684728000,6.47,6.478,6.437,6.472,571500.87
1684742400,6.472,6.606,6.471,6.528,1178366.09
1684756800,6.528,6.584,6.5,6.51,915362.27
1684771200,6.51,6.542,6.494,6.51,882202.86
1684785600,6.51,6.541,6.504,6.533,338241.57
1684800000,6.533,6.635,6.507,6.626,1002421.52
1684814400,6.626,6.632,6.541,6.55,774486.9
1684828800,6.55,6.563,6.521,6.539,368445.6
1684843200,6.539,6.561,6.52,6.55,563681.29
1684857600,6.55,6.55,6.476,6.512,900984.5
1684872000,6.512,6.53,6.496,6.507,475798.08
1684886400,6.507,6.509,6.367,6.396,750712.49
1684900800,6.396,6.396,6.321,6.339,977815.83
1684915200,6.339,6.376,6.33,6.341,556915.04
1684929600,6.341,6.351,6.218,6.271,3917507.04
1684944000,6.271,6.338,6.247,6.323,1221920.03
1684958400,6.323,6.361,6.315,6.322,1194292.12
1684972800,6.322,6.334,6.175,6.274,2594071.59
1684987200,6.274,6.304,6.27,6.292,609321.45
1685001600,6.292,6.314,6.282,6.305,389629.54
1685016000,6.305,6.343,6.243,6.246,1309635.71
1685030400,6.246,6.328,6.24,6.309,843677.83
1685044800,6.309,6.313,6.267,6.278,484794.84
1685059200,6.278,6.294,6.238,6.288,978561.11
1685073600,6.288,6.318,6.262,6.311,393955.6
1685088000,6.311,6.338,6.293,6.313,396496.71
1685102400,6.313,6.398,6.276,6.356,2101013.49
1685116800,6.356,6.383,6.318,6.375,948328.6
1685131200,6.375,6.383,6.346,6.346,414510.06
1685145600,6.346,6.374,6.34,6.36,272332.35
1685160000,6.36,6.381,6.346,6.358,519037.0
1685174400,6.358,6.376,6.346,6.374,236838.56
1685188800,6.374,6.4,6.333,6.4,614947.56
1685203200,6.4,6.424,6.38,6.423,534667.1799999999
1685217600,6.423,6.444,6.414,6.442,638185.44
1685232000,6.442,6.594,6.423,6.529,2285146.78
1685246400,6.529,6.544,6.497,6.499,439929.78
1685260800,6.499,6.517,6.466,6.481,619146.0
1685275200,6.481,6.514,6.474,6.51,480133.67
1685289600,6.51,6.561,6.495,6.544,749186.68
1685304000,6.544,6.659,6.523,6.635,2064973.59
1685318400,6.635,6.677,6.593,6.597,1671870.55
1685332800,6.597,6.625,6.567,6.605,937449.64
1685347200,6.605,6.628,6.583,6.622,416143.81
1685361600,6.622,6.629,6.549,6.563,789602.63
1685376000,6.563,6.617,6.531,6.59,1349695.87
1685390400,6.59,6.676,6.588,6.641,1090260.06
1685404800,6.641,6.672,6.617,6.618,1108936.24
1685419200,6.618,6.625,6.538,6.542,908315.9
1685433600,6.542,6.639,6.54,6.633,800332.3099999999
1685448000,6.633,6.64,6.538,6.579,1554458.39
1685462400,6.579,6.632,6.545,6.629,1547834.91
1685476800,6.629,6.657,6.608,6.614,1566054.52
1685491200,6.614,6.635,6.558,6.606,1327716.3
1685505600,6.606,6.61,6.435,6.487,2618819.74
1685520000,6.487,6.513,6.462,6.462,905089.57
1685534400,6.462,6.496,6.406,6.446,1328735.81
1685548800,6.446,6.479,6.436,6.457,749197.0800000001
1685563200,6.457,6.49,6.435,6.481,431199.45
1685577600,6.481,6.512,6.38,6.434,1697918.68
1685592000,6.434,6.459,6.408,6.41,1134781.2
1685606400,6.41,6.441,6.396,6.4,504686.17
1685620800,6.4,6.425,6.388,6.411,916097.72
1685635200,6.411,6.454,6.335,6.386,1145574.34
1685649600,6.386,6.401,6.32,6.347,779005.11
1685664000,6.347,6.448,6.312,6.448,573887.78
1685678400,6.448,6.482,6.42,6.422,509552.08
1685692800,6.422,6.444,6.396,6.42,582660.63
1685707200,6.42,6.423,6.351,6.394,1397251.3
1685721600,6.394,6.456,6.37,6.455,1085468.14
1685736000,6.455,6.469,6.421,6.454,677144.6699999999
1685750400,6.454,6.462,6.405,6.417,349926.45
1685764800,6.417,6.445,6.413,6.433,368041.15
1685779200,6.433,6.444,6.414,6.44,229185.3
1685793600,6.44,6.45,6.412,6.439,511242.72
1685808000,6.439,6.448,6.363,6.389,1046000.81
1685822400,6.389,6.425,6.371,6.425,326396.73
1685836800,6.425,6.469,6.396,6.456,612704.01
1685851200,6.456,6.495,6.435,6.486,412623.27
1685865600,6.486,6.511,6.485,6.497,689628.24
1685880000,6.497,6.537,6.474,6.502,1159091.11
1685894400,6.502,6.525,6.478,6.521,654217.32
1685908800,6.521,6.531,6.446,6.45,762222.65
1685923200,6.45,6.492,6.356,6.364,1217474.08
1685937600,6.364,6.4,6.352,6.4,581275.48
1685952000,6.4,6.409,6.365,6.377,227830.7
1685966400,6.377,6.382,6.097,6.101,2851515.29
1685980800,6.101,6.265,5.987,6.056,6192358.91
1685995200,6.056,6.07,6.014,6.059,1554492.48
1686009600,6.059,6.086,6.008,6.052,1075621.87
1686024000,6.052,6.098,6.049,6.089,539058.65
1686038400,6.089,6.134,6.086,6.115,1623084.57
1686052800,6.115,6.232,6.036,6.231,4543127.23
1686067200,6.231,6.305,6.205,6.295,4916398.34
1686081600,6.295,6.309,6.211,6.265,4682416.14
1686096000,6.265,6.274,6.175,6.186,1380933.9300000002
1686110400,6.186,6.232,6.18,6.185,528977.54
1686124800,6.185,6.193,6.073,6.106,4593099.02
1686139200,6.106,6.11,5.957,5.996,4972661.81
1686153600,5.996,6.029,5.911,5.935,5465279.19
1686168000,5.935,5.939,5.833,5.919,1909412.18
1686182400,5.919,5.972,5.886,5.909,1143887.11
1686196800,5.909,5.983,5.908,5.971,736509.73
1686211200,5.971,6.014,5.961,5.992,898298.86
1686225600,5.992,6.034,5.969,6.023,1419790.95
1686240000,6.023,6.024,5.948,6.02,995581.66
1686254400,6.02,6.037,5.983,5.996,595533.9
1686268800,5.996,6.006,5.918,5.977,1160663.97
1686283200,5.977,5.985,5.933,5.944,607620.75
1686297600,5.944,6.014,5.93,6.005,707084.25
1686312000,6.005,6.081,5.984,5.989,1237481.26
1686326400,5.989,6.022,5.932,5.933,1342003.93
1686340800,5.933,6.0,5.925,5.992,914429.6
1686355200,5.992,6.007,5.755,5.773,3822365.99
1686369600,5.773,5.793,4.996,5.118,10692287.09
1686384000,5.118,5.153,4.973,5.073,3037644.55
1686398400,5.073,5.096,4.976,5.028,4611465.25
1686412800,5.028,5.192,4.932,5.165,5103202.66
1686427200,5.165,5.302,5.146,5.24,3563401.5700000003
1686441600,5.24,5.244,5.174,5.197,1197393.37
1686456000,5.197,5.212,5.151,5.16,1423804.48
1686470400,5.16,5.207,5.139,5.181,1323004.37
1686484800,5.181,5.197,5.097,5.104,1617360.14
1686499200,5.104,5.232,5.101,5.205,1874281.82
1686513600,5.205,5.255,5.113,5.176,1534941.25
1686528000,5.176,5.19,5.011,5.07,2438378.0
1686542400,5.07,5.128,5.065,5.077,902347.56
1686556800,5.077,5.189,5.067,5.137,1410482.79
1686571200,5.137,5.174,5.104,5.108,1401097.94
1686585600,5.108,5.198,5.085,5.146,3140186.22
1686600000,5.146,5.195,5.138,5.16,989332.66
1686614400,5.16,5.234,5.111,5.213,1732615.73
1686628800,5.213,5.264,5.161,5.242,1034893.54
1686643200,5.242,5.332,5.219,5.315,916864.04
1686657600,5.315,5.41,5.178,5.186,3629483.15
1686672000,5.186,5.27,5.181,5.256,984466.77
1686686400,5.256,5.305,5.241,5.3,812460.15
1686700800,5.3,5.393,5.286,5.392,1194351.02
1686715200,5.392,5.41,5.358,5.372,1037954.84
1686729600,5.372,5.416,5.364,5.395,624470.14
1686744000,5.395,5.416,5.351,5.392,1512568.67
1686758400,5.392,5.506,5.341,5.447,2664321.8
1686772800,5.447,5.447,5.143,5.249,5527382.55
1686787200,5.249,5.339,5.238,5.306,1305856.11
1686801600,5.306,5.321,5.223,5.247,1164057.05
1686816000,5.247,5.296,5.175,5.269,1461249.56
1686830400,5.269,5.285,5.217,5.225,1922987.25
1686844800,5.225,5.348,5.159,5.344,2115173.95
1686859200,5.344,5.413,5.28,5.305,1754515.61
1686873600,5.305,5.306,5.249,5.292,1030903.78
1686888000,5.292,5.301,5.256,5.26,526341.98
1686902400,5.26,5.29,5.177,5.187,1463957.14
1686916800,5.187,5.264,5.142,5.263,1913443.39
1686931200,5.263,5.394,5.224,5.371,1778418.91
1686945600,5.371,5.372,5.31,5.322,614942.83
1686960000,5.322,5.326,5.26,5.264,716662.17
1686974400,5.264,5.39,5.22,5.346,1490345.87
1686988800,5.346,5.385,5.334,5.353,623104.96
1687003200,5.353,5.368,5.302,5.312,837863.72
1687017600,5.312,5.329,5.278,5.282,419507.29
1687032000,5.282,5.301,5.257,5.281,452527.25
1687046400,5.281,5.281,5.214,5.252,806586.43
1687060800,5.252,5.281,5.221,5.243,675068.5700000001
1687075200,5.243,5.278,5.223,5.246,352851.68
1687089600,5.246,5.263,5.218,5.258,644231.91
1687104000,5.258,5.3,5.247,5.295,1169868.99
1687118400,5.295,5.3,5.127,5.156,2656321.0300000003
1687132800,5.156,5.178,5.097,5.155,932731.41
1687147200,5.155,5.177,5.138,5.145,576131.35
1687161600,5.145,5.145,5.065,5.101,1212087.03
1687176000,5.101,5.129,5.028,5.068,1178499.91
1687190400,5.068,5.187,4.997,5.095,2371375.02
1687204800,5.095,5.133,5.087,5.133,806603.9
1687219200,5.133,5.176,5.11,5.13,926683.46
1687233600,5.13,5.13,5.056,5.098,1312798.22
1687248000,5.098,5.098,5.04,5.086,928653.78
1687262400,5.086,5.098,5.002,5.084,2052214.2
1687276800,5.084,5.221,5.072,5.219,2170047.37
1687291200,5.219,5.281,5.205,5.268,1787817.7
1687305600,5.268,5.393,5.246,5.326,2838760.1300000004
1687320000,5.326,5.39,5.31,5.36,1070421.03
1687334400,5.36,5.38,5.329,5.37,1788704.81
1687348800,5.37,5.478,5.338,5.44,3400444.89
1687363200,5.44,5.57,5.433,5.516,2177697.08
1687377600,5.516,5.587,5.489,5.557,1778982.2000000002
1687392000,5.557,5.825,5.537,5.78,2738163.89
1687406400,5.78,5.785,5.674,5.753,3584191.75
1687420800,5.753,5.779,5.587,5.622,2681200.37
1687435200,5.622,5.717,5.511,5.556,4259234.01
1687449600,5.556,5.687,5.537,5.63,3259583.23
1687464000,5.63,5.643,5.538,5.562,1284161.88
1687478400,5.562,5.644,5.554,5.644,666246.66
1687492800,5.644,5.837,5.638,5.836,1433985.01
1687507200,5.836,5.92,5.822,5.861,1559750.92
1687521600,5.861,6.037,5.775,6.013,4649828.0
1687536000,6.013,6.153,5.953,6.081,5984625.01
1687550400,6.081,6.141,6.009,6.073,1927822.25
1687564800,6.073,6.112,5.99,6.083,1658605.14
1687579200,6.083,6.105,6.017,6.019,553307.1
1687593600,6.019,6.195,6.018,6.134,737280.75
1687608000,6.134,6.174,5.935,6.026,1547466.1
1687622400,6.026,6.095,5.964,6.085,1056519.25
1687636800,6.085,6.154,6.011,6.139,1178945.65
1687651200,6.139,6.235,6.111,6.231,1447981.23
1687665600,6.231,6.338,6.174,6.294,1846497.96
1687680000,6.294,6.377,6.274,6.319,1411032.3
1687694400,6.319,6.32,6.17,6.201,1671367.15
1687708800,6.201,6.231,6.083,6.117,1156137.35
1687723200,6.117,6.162,6.063,6.161,966519.13
1687737600,6.161,6.165,6.034,6.129,1094156.92
1687752000,6.129,6.254,6.079,6.183,905465.88
1687766400,6.183,6.219,6.146,6.154,1055476.81
1687780800,6.154,6.258,6.134,6.234,1243688.13
1687795200,6.234,6.235,6.026,6.098,2081049.15
1687809600,6.098,6.106,6.009,6.059,1171024.58
1687824000,6.059,6.205,6.049,6.19,1235238.16
1687838400,6.19,6.248,6.121,6.241,1227756.04
1687852800,6.241,6.252,6.165,6.232,919737.26
1687867200,6.232,6.256,6.09,6.129,2650621.81
1687881600,6.129,6.25,6.116,6.232,1471306.5
1687896000,6.232,6.237,6.171,6.199,1035468.81
1687910400,6.199,6.205,6.068,6.107,1314045.95
1687924800,6.107,6.132,5.968,5.975,1308640.83
1687939200,5.975,6.061,5.956,5.996,803310.64
1687953600,5.996,6.06,5.945,6.021,1529906.36
1687968000,6.021,6.031,5.717,5.823,2516017.85
1687982400,5.823,5.876,5.783,5.813,1325754.19
1687996800,5.813,5.882,5.789,5.829,786023.74
1688011200,5.829,5.89,5.82,5.881,443391.5500000001
1688025600,5.881,6.146,5.86,6.138,2121116.5
1688040000,6.138,6.183,5.957,5.96,3503058.16
1688054400,5.96,6.007,5.9,5.944,1806423.62
1688068800,5.944,5.945,5.866,5.891,865933.23
1688083200,5.891,6.121,5.845,6.096,1825754.14
1688097600,6.096,6.208,6.058,6.147,1943001.8
1688112000,6.147,6.244,6.132,6.232,2258942.65
1688126400,6.232,6.291,5.872,6.081,7519786.229999999
1688140800,6.081,6.447,6.038,6.311,5604545.69
1688155200,6.311,6.337,6.231,6.31,2270178.19
1688169600,6.31,6.356,6.191,6.211,1409122.2799999998
1688184000,6.211,6.272,6.12,6.241,1616577.79
1688198400,6.241,6.26,6.174,6.22,1259094.38
1688212800,6.22,6.348,6.214,6.339,1724237.56
1688227200,6.339,6.462,6.283,6.425,1624980.43
1688241600,6.425,6.521,6.417,6.504,2604076.34
1688256000,6.504,6.506,6.37,6.378,2502997.63
1688270400,6.378,6.484,6.366,6.41,1251095.42
1688284800,6.41,6.504,6.378,6.486,667620.29
1688299200,6.486,6.548,6.382,6.47,1727260.52
1688313600,6.47,6.47,6.339,6.454,1391336.73
1688328000,6.454,6.562,6.408,6.543,2002727.14
1688342400,6.543,6.629,6.473,6.584,1338211.44
1688356800,6.584,6.631,6.545,6.631,1083854.01
1688371200,6.631,6.658,6.578,6.652,1418940.36
1688385600,6.652,6.669,6.575,6.639,1985819.91
1688400000,6.639,6.693,6.564,6.666,1818862.83
1688414400,6.666,6.669,6.568,6.628,977038.38
1688428800,6.628,6.628,6.549,6.612,836902.88
1688443200,6.612,6.615,6.471,6.472,1064619.24
1688457600,6.472,6.533,6.438,6.526,674577.8200000001
1688472000,6.526,6.539,6.465,6.501,1253352.41
1688486400,6.501,6.552,6.4,6.458,1985367.15
1688500800,6.458,6.581,6.452,6.522,836663.8899999999
1688515200,6.522,6.57,6.486,6.552,727900.37
1688529600,6.552,6.555,6.517,6.542,466301.6
1688544000,6.542,6.542,6.258,6.293,3321408.2
1688558400,6.293,6.341,6.218,6.275,2537734.23
1688572800,6.275,6.342,6.262,6.269,1286763.39
1688587200,6.269,6.327,6.245,6.301,979887.16
1688601600,6.301,6.32,6.213,6.317,1020670.04
1688616000,6.317,6.403,6.283,6.368,754976.99
1688630400,6.368,6.504,6.314,6.346,2028980.43
1688644800,6.346,6.349,6.088,6.206,3131711.42
1688659200,6.206,6.231,6.129,6.175,1506991.15
1688673600,6.175,6.201,6.079,6.084,1137096.34
1688688000,6.084,6.167,6.024,6.155,1688921.91
1688702400,6.155,6.167,6.09,6.108,895353.1699999999
1688716800,6.108,6.159,6.092,6.138,667971.64
1688731200,6.138,6.224,6.108,6.213,1482193.81
1688745600,6.213,6.22,6.114,6.144,1126223.91
1688760000,6.144,6.178,6.128,6.157,622197.27
1688774400,6.157,6.189,6.131,6.147,649638.5
1688788800,6.147,6.175,6.111,6.162,333767.0
1688803200,6.162,6.223,6.15,6.173,531962.77
1688817600,6.173,6.213,6.146,6.181,484223.05
1688832000,6.181,6.197,6.095,6.109,742030.96
1688846400,6.109,6.208,6.098,6.199,1124658.64
1688860800,6.199,6.242,6.182,6.215,817828.74
1688875200,6.215,6.227,6.178,6.204,395188.13
1688889600,6.204,6.226,6.192,6.203,428697.83
1688904000,6.203,6.228,6.16,6.167,893360.96
1688918400,6.167,6.173,6.137,6.158,467126.5500000001
1688932800,6.158,6.169,6.127,6.148,522359.8
1688947200,6.148,6.154,6.026,6.095,1895642.52
1688961600,6.095,6.111,6.066,6.097,382985.66
1688976000,6.097,6.13,6.024,6.121,682297.35
1688990400,6.121,6.163,6.096,6.154,670497.1
1689004800,6.154,6.281,6.132,6.265,1931546.41
1689019200,6.265,6.3,6.13,6.169,1452350.0799999998
1689033600,6.169,6.195,6.124,6.179,537767.32
1689048000,6.179,6.235,6.169,6.2,361665.6
1689062400,6.2,6.209,6.144,6.172,266842.25
1689076800,6.172,6.222,6.136,6.192,687076.09
1689091200,6.192,6.204,6.144,6.173,649474.7
1689105600,6.173,6.218,6.156,6.207,726540.03
1689120000,6.207,6.279,6.205,6.226,497574.06
1689134400,6.226,6.277,6.217,6.261,415653.13
1689148800,6.261,6.276,6.236,6.262,227182.6
1689163200,6.262,6.301,6.223,6.246,1883444.53
1689177600,6.246,6.346,6.197,6.214,1755146.51
1689192000,6.214,6.257,6.202,6.252,357914.2
1689206400,6.252,6.277,6.214,6.24,558648.9
1689220800,6.24,6.346,6.224,6.304,1065540.52
1689235200,6.304,6.474,6.303,6.453,1086210.31
1689249600,6.453,6.679,6.397,6.608,4343595.55
1689264000,6.608,6.972,6.594,6.965,12989389.9
1689278400,6.965,7.169,6.875,7.13,6102038.16
1689292800,7.13,7.346,7.084,7.216,8679606.09
1689307200,7.216,7.239,7.101,7.111,1748292.55
1689321600,7.111,7.177,7.027,7.068,2037482.99
1689336000,7.068,7.167,7.007,7.144,1927685.48
1689350400,7.144,7.176,6.696,6.789,8268328.24
1689364800,6.789,6.964,6.723,6.963,1255348.13
1689379200,6.963,6.963,6.836,6.861,1073180.72
1689393600,6.861,6.986,6.85,6.986,936382.34
1689408000,6.986,7.022,6.943,6.961,1387854.84
1689422400,6.961,7.015,6.917,6.981,2562435.0300000003
1689436800,6.981,7.011,6.951,6.951,903660.64
1689451200,6.951,6.951,6.889,6.923,924857.07
1689465600,6.923,6.924,6.75,6.785,1571026.93
1689480000,6.785,6.863,6.777,6.831,645429.32
1689494400,6.831,6.856,6.808,6.845,431157.84
1689508800,6.845,6.884,6.799,6.817,858774.72
1689523200,6.817,6.817,6.622,6.627,3001412.99
1689537600,6.627,6.7,6.581,6.61,1679602.7000000002
1689552000,6.61,6.727,6.566,6.708,1746605.02
1689566400,6.708,6.734,6.651,6.677,584588.7
1689580800,6.677,6.681,6.457,6.647,1451978.8299999998
1689595200,6.647,6.695,6.545,6.674,1361185.17
1689609600,6.674,7.05,6.636,6.897,10338824.63
1689624000,6.897,7.27,6.883,7.19,8556831.31
1689638400,7.19,7.3,7.084,7.094,6802614.91
1689652800,7.094,7.162,7.015,7.056,3079015.9
1689667200,7.056,7.152,6.916,6.922,3040352.23
1689681600,6.922,7.024,6.853,6.954,3396414.02
1689696000,6.954,7.022,6.797,6.876,3965748.91
1689710400,6.876,6.957,6.855,6.916,2252405.13
1689724800,6.916,7.034,6.888,6.977,2453683.68
1689739200,6.977,7.019,6.877,6.883,1417151.57
1689753600,6.883,6.884,6.807,6.85,1559295.9
1689768000,6.85,6.941,6.776,6.911,6386494.89
1689782400,6.911,7.049,6.867,7.027,2968117.4
1689796800,7.027,7.033,6.858,6.917,2292081.49
1689811200,6.917,7.023,6.893,6.954,1245427.64
1689825600,6.954,7.442,6.917,7.434,4690312.5
1689840000,7.434,8.365,7.418,8.323,29342159.73
1689854400,8.323,8.39,7.945,8.057,26445920.8
1689868800,8.057,8.291,8.001,8.136,11471715.48
1689883200,8.136,8.434,8.048,8.359,7438267.54
1689897600,8.359,8.44,8.146,8.294,5802766.75
1689912000,8.294,8.356,8.059,8.076,4887449.84
1689926400,8.076,8.235,8.051,8.138,3297070.75
1689940800,8.138,8.199,8.059,8.135,4338659.12
1689955200,8.135,8.227,8.082,8.14,2791112.61
1689969600,8.14,8.188,8.077,8.135,2364576.66
1689984000,8.135,8.2,8.068,8.153,2649345.98
1689998400,8.153,8.184,8.116,8.165,1402414.63
1690012800,8.165,8.364,7.871,7.974,7589372.1
1690027200,7.974,8.093,7.938,8.06,2484210.68
1690041600,8.06,8.071,7.943,7.986,1739380.01
1690056000,7.986,8.026,7.781,7.881,3686360.47
1690070400,7.881,7.957,7.821,7.903,2298724.42
1690084800,7.903,8.053,7.903,8.003,1880758.6
1690099200,8.003,8.061,7.966,8.013,1229188.48
1690113600,8.013,8.03,7.98,7.989,954313.59
1690128000,7.989,8.093,7.93,7.951,2752965.85
1690142400,7.951,7.96,7.858,7.893,3424503.96
1690156800,7.893,7.894,7.684,7.707,5823050.76
1690171200,7.707,7.773,7.667,7.735,1989481.46
1690185600,7.735,7.738,7.459,7.598,4350420.66
1690200000,7.598,7.645,7.501,7.606,3601219.5
1690214400,7.606,7.619,7.509,7.537,1942378.62
1690228800,7.537,7.622,7.524,7.588,1347733.31
1690243200,7.588,7.641,7.543,7.622,1041654.87
1690257600,7.622,7.628,7.37,7.432,2180920.93
1690272000,7.432,7.49,7.392,7.485,1445471.73
1690286400,7.485,7.53,7.397,7.428,2020468.65
1690300800,7.428,7.498,7.344,7.424,2124604.2
1690315200,7.424,7.459,7.387,7.393,886233.8400000001
1690329600,7.393,7.462,7.28,7.448,2199897.63
1690344000,7.448,7.548,7.416,7.462,1734713.85
1690358400,7.462,7.53,7.462,7.497,1020651.99
1690372800,7.497,7.627,7.486,7.592,2925249.37
1690387200,7.592,7.822,7.463,7.811,6001381.9
1690401600,7.811,7.833,7.693,7.746,4163853.84
1690416000,7.746,8.024,7.688,7.985,3892248.73
1690430400,7.985,8.061,7.938,7.949,1927414.6
1690444800,7.949,8.057,7.92,8.036,1814795.92
1690459200,8.036,8.12,7.955,7.973,5375071.46
1690473600,7.973,8.047,7.875,7.93,4644993.71
1690488000,7.93,8.016,7.909,7.987,1892733.44
1690502400,7.987,8.09,7.914,7.926,2220454.31
1690516800,7.926,7.928,7.809,7.838,1643791.1900000002
1690531200,7.838,7.887,7.805,7.836,740435.04
1690545600,7.836,7.98,7.834,7.896,2235294.08
1690560000,7.896,7.896,7.78,7.806,2610370.55
1690574400,7.806,7.842,7.763,7.772,828996.98
1690588800,7.772,7.839,7.746,7.774,1144454.68
1690603200,7.774,7.807,7.744,7.776,796650.56
1690617600,7.776,7.787,7.724,7.731,957288.93
1690632000,7.731,7.766,7.727,7.74,964502.6
1690646400,7.74,7.816,7.728,7.806,1113918.67
1690660800,7.806,7.896,7.79,7.844,1398013.56
1690675200,7.844,7.861,7.799,7.811,751604.76
1690689600,7.811,7.838,7.747,7.772,1065162.47
1690704000,7.772,7.776,7.735,7.751,574807.81
1690718400,7.751,7.8,7.696,7.724,1467813.9500000002
1690732800,7.724,7.737,7.505,7.522,3109185.38
1690747200,7.522,7.57,7.373,7.556,2742592.42
1690761600,7.556,7.732,7.539,7.613,2757278.72
1690776000,7.613,7.637,7.563,7.603,850818.5
1690790400,7.603,7.669,7.599,7.631,634524.46
1690804800,7.631,7.66,7.515,7.528,1961797.87
1690819200,7.528,7.667,7.452,7.485,3551652.94
1690833600,7.485,7.554,7.437,7.55,2083497.5
1690848000,7.55,7.592,7.312,7.382,4965616.399999999
1690862400,7.382,7.469,7.341,7.441,1697405.5699999998
1690876800,7.441,7.495,7.439,7.454,947163.43
1690891200,7.454,7.503,7.345,7.455,2439531.25
1690905600,7.455,7.543,7.433,7.54,2161361.33
1690920000,7.54,7.643,7.503,7.637,1863690.08
1690934400,7.637,7.716,7.603,7.631,2217956.3
1690948800,7.631,7.643,7.576,7.582,759457.24
1690963200,7.582,7.693,7.572,7.652,824876.63
1690977600,7.652,7.706,7.422,7.492,3374072.49
1690992000,7.492,7.514,7.34,7.42,3292669.62
1691006400,7.42,7.428,7.33,7.345,1457912.41
1691020800,7.345,7.404,7.314,7.349,1382556.05
1691035200,7.349,7.371,7.279,7.296,1147222.46
1691049600,7.296,7.315,7.202,7.306,1689592.09
1691064000,7.306,7.321,7.206,7.21,2168527.08
1691078400,7.21,7.287,7.162,7.191,2115222.27
1691092800,7.191,7.237,7.072,7.122,2675115.02
1691107200,7.122,7.196,7.106,7.154,1265600.43
1691121600,7.154,7.175,7.105,7.139,435505.8000000001
1691136000,7.139,7.152,7.054,7.114,896042.58
1691150400,7.114,7.233,7.101,7.16,1754159.32
1691164800,7.16,7.257,7.064,7.086,1975978.15
1691179200,7.086,7.158,7.006,7.133,1767860.23
1691193600,7.133,7.188,7.09,7.173,942015.91
1691208000,7.173,7.212,7.142,7.17,525349.05
1691222400,7.17,7.236,7.167,7.185,812269.05
1691236800,7.185,7.233,7.149,7.157,951880.6
1691251200,7.157,7.206,7.124,7.189,640484.1
1691265600,7.189,7.232,7.177,7.223,584792.21
1691280000,7.223,7.263,7.183,7.217,688050.72
1691294400,7.217,7.221,7.157,7.173,469524.69
1691308800,7.173,7.194,7.12,7.143,500911.78
1691323200,7.143,7.148,7.068,7.101,1121825.89
1691337600,7.101,7.137,7.072,7.084,452162.43
1691352000,7.084,7.165,7.075,7.092,942698.39
1691366400,7.092,7.197,7.078,7.151,848715.51
1691380800,7.151,7.189,7.117,7.171,647159.07
1691395200,7.171,7.221,7.146,7.2,796567.28
1691409600,7.2,7.216,7.059,7.064,2263659.22
1691424000,7.064,7.18,6.939,7.111,2987862.5500000003
1691438400,7.111,7.388,7.098,7.319,2761686.84
1691452800,7.319,7.37,7.283,7.335,2368502.46
1691467200,7.335,7.431,7.308,7.334,1919871.91
1691481600,7.334,7.427,7.324,7.419,1038417.26
1691496000,7.419,7.454,7.317,7.36,3317690.61
1691510400,7.36,7.433,7.338,7.347,2304041.66
1691524800,7.347,7.545,7.344,7.462,5743517.65
1691539200,7.462,7.491,7.379,7.391,1218845.47
1691553600,7.391,7.565,7.382,7.519,1221509.2000000002
1691568000,7.519,7.678,7.488,7.64,1966752.97
1691582400,7.64,7.909,7.638,7.709,7763177.93
1691596800,7.709,7.741,7.629,7.662,2729268.37
1691611200,7.662,7.749,7.606,7.674,3013930.81
1691625600,7.674,7.705,7.611,7.611,2163605.92
1691640000,7.611,7.651,7.574,7.594,844805.83
1691654400,7.594,7.658,7.552,7.616,1162615.47
1691668800,7.616,7.739,7.609,7.664,3454669.05
1691683200,7.664,7.678,7.572,7.574,1555228.04
1691697600,7.574,7.635,7.556,7.611,989482.43
1691712000,7.611,7.634,7.524,7.549,1113601.81
1691726400,7.549,7.593,7.542,7.554,557726.46
1691740800,7.554,7.572,7.516,7.572,361149.76
1691755200,7.572,7.58,7.464,7.485,1149696.02
1691769600,7.485,7.493,7.401,7.42,1736817.84
1691784000,7.42,7.499,7.42,7.483,386682.22
1691798400,7.483,7.536,7.452,7.465,854413.29
1691812800,7.465,7.471,7.402,7.456,639088.21
1691827200,7.456,7.468,7.428,7.452,370457.01
1691841600,7.452,7.458,7.419,7.427,645801.2
1691856000,7.427,7.464,7.383,7.393,1242525.74
1691870400,7.393,7.467,7.383,7.44,619502.31
1691884800,7.44,7.494,7.429,7.456,491988.78
1691899200,7.456,7.521,7.439,7.505,739089.89
1691913600,7.505,7.52,7.46,7.5,333145.76
1691928000,7.5,7.512,7.402,7.409,918554.92
1691942400,7.409,7.547,7.4,7.536,1199763.77
1691956800,7.536,7.553,7.312,7.368,1839065.21
1691971200,7.368,7.456,7.304,7.433,1632091.08
1691985600,7.433,7.495,7.421,7.458,991383.9
1692000000,7.458,7.527,7.454,7.52,881969.48
1692014400,7.52,7.62,7.481,7.577,3649823.45
1692028800,7.577,7.599,7.397,7.408,3504978.39
1692043200,7.408,7.451,7.38,7.407,974168.05
1692057600,7.407,7.425,7.36,7.371,887367.41
1692072000,7.371,7.39,7.316,7.376,621973.23
1692086400,7.376,7.377,7.26,7.275,1665474.5499999998
1692100800,7.275,7.322,7.253,7.277,1233964.3
1692115200,7.277,7.289,6.856,7.036,8726948.59
1692129600,7.036,7.057,6.975,7.036,1624378.84
1692144000,7.036,7.063,6.989,7.009,1315670.61
1692158400,7.009,7.029,6.939,6.991,1120442.95
1692172800,6.991,7.009,6.934,6.968,693477.14
1692187200,6.968,6.968,6.79,6.799,3723669.3
1692201600,6.799,6.918,6.757,6.797,1968008.79
1692216000,6.797,6.817,6.598,6.756,3493823.02
1692230400,6.756,6.859,6.634,6.837,1553484.71
1692244800,6.837,6.859,6.787,6.805,919439.23
1692259200,6.805,6.816,6.765,6.79,847909.77
1692273600,6.79,6.84,6.562,6.603,3282678.2
1692288000,6.603,6.672,6.54,6.618,2708759.19
1692302400,6.618,6.624,5.946,6.197,13673676.22
1692316800,6.197,6.261,6.095,6.138,3055899.68
1692331200,6.138,6.284,6.089,6.257,1762491.39
1692345600,6.257,6.273,6.198,6.252,983160.24
1692360000,6.252,6.264,6.151,6.16,2199715.5
1692374400,6.16,6.215,6.074,6.129,3722137.43
1692388800,6.129,6.239,6.125,6.173,1523809.9
1692403200,6.173,6.231,6.149,6.177,1711852.26
1692417600,6.177,6.195,6.136,6.174,1312683.88
1692432000,6.174,6.22,6.142,6.146,1322083.84
1692446400,6.146,6.224,6.142,6.219,1466313.48
1692460800,6.219,6.259,6.166,6.168,1676270.67
1692475200,6.168,6.179,6.114,6.178,1647830.06
1692489600,6.178,6.193,6.131,6.163,602420.22
1692504000,6.163,6.171,6.116,6.145,351785.26
1692518400,6.145,6.212,6.141,6.208,451211.9
1692532800,6.208,6.225,6.125,6.173,689384.56
1692547200,6.173,6.214,6.155,6.195,435195.25
1692561600,6.195,6.233,6.188,6.22,640006.9099999999
1692576000,6.22,6.253,6.196,6.205,942971.45
1692590400,6.205,6.241,6.169,6.188,678616.8200000001
1692604800,6.188,6.217,6.126,6.211,1165078.61
1692619200,6.211,6.232,6.012,6.101,3234452.47
1692633600,6.101,6.198,6.083,6.188,1447759.71
1692648000,6.188,6.212,6.148,6.175,845846.46
1692662400,6.175,6.183,6.138,6.14,431524.32
1692676800,6.14,6.198,6.123,6.195,578693.89
1692691200,6.195,6.238,6.182,6.197,649366.36
1692705600,6.197,6.252,6.117,6.118,1468570.01
1692720000,6.118,6.134,5.963,6.018,3140198.68
1692734400,6.018,6.138,5.885,6.113,2669398.93
1692748800,6.113,6.165,6.102,6.119,1154143.07
1692763200,6.119,6.223,6.118,6.212,949675.33
1692777600,6.212,6.304,6.212,6.242,1050751.18
1692792000,6.242,6.369,6.195,6.353,2663445.02
1692806400,6.353,6.429,6.335,6.395,3815273.12
1692820800,6.395,6.407,6.273,6.348,1989777.05
1692835200,6.348,6.366,6.314,6.34,600145.7000000001
1692849600,6.34,6.34,6.287,6.313,529142.86
1692864000,6.313,6.319,6.269,6.291,335262.6
1692878400,6.291,6.291,6.118,6.118,1690163.8
1692892800,6.118,6.133,6.037,6.062,2215549.86
1692907200,6.062,6.089,5.988,6.083,1325430.75
1692921600,6.083,6.083,5.939,6.02,1363161.8199999998
1692936000,6.02,6.033,5.958,5.966,1382167.02
1692950400,5.966,6.009,5.949,5.978,1130057.14
1692964800,5.978,6.048,5.913,5.958,2874973.39
1692979200,5.958,6.008,5.928,5.974,1204069.1
1692993600,5.974,6.02,5.947,6.012,658951.11
1693008000,6.012,6.04,5.989,6.017,747048.37
1693022400,6.017,6.038,5.981,6.015,470535.28
1693036800,6.015,6.031,5.996,6.009,396062.47
1693051200,6.009,6.022,5.98,6.0,556560.18
1693065600,6.0,6.001,5.955,5.991,436287.77
1693080000,5.991,6.011,5.985,6.003,313478.57
1693094400,6.003,6.02,5.953,5.956,801366.6100000001
1693108800,5.956,5.99,5.956,5.981,307990.12
1693123200,5.981,5.999,5.968,5.971,162373.19999999998
1693137600,5.971,6.036,5.958,6.014,1078728.11
1693152000,6.014,6.043,5.974,6.009,600999.27
1693166400,6.009,6.037,5.982,6.028,458183.06
1693180800,6.028,6.028,5.895,5.93,1336071.74
1693195200,5.93,5.945,5.862,5.911,761024.0399999999
1693209600,5.911,5.932,5.852,5.923,842856.6799999999
1693224000,5.923,6.043,5.92,5.997,1144597.37
1693238400,5.997,6.019,5.918,5.955,757614.5800000001
1693252800,5.955,5.99,5.925,5.975,836188.89
1693267200,5.975,6.003,5.925,5.933,1117910.34
1693281600,5.933,5.946,5.886,5.89,766703.09
1693296000,5.89,5.9,5.843,5.883,661559.6
1693310400,5.883,6.316,5.875,6.184,7020087.41
1693324800,6.184,6.286,6.173,6.227,2365644.0300000003
1693339200,6.227,6.242,6.168,6.193,946792.83
1693353600,6.193,6.198,6.059,6.084,2259636.81
1693368000,6.084,6.09,6.055,6.068,1137217.69
1693382400,6.068,6.078,6.02,6.02,665549.56
1693396800,6.02,6.034,5.891,5.943,2879305.13
1693411200,5.943,5.964,5.91,5.939,1001790.42
1693425600,5.939,5.963,5.923,5.925,1002807.04
1693440000,5.925,5.955,5.897,5.949,559203.52
1693454400,5.949,6.001,5.947,5.979,1021801.5
1693468800,5.979,6.06,5.971,6.035,801281.81
1693483200,6.035,6.035,5.908,5.946,1928203.67
1693497600,5.946,5.953,5.742,5.847,3777101.01
1693512000,5.847,5.885,5.768,5.878,1755688.4300000002
1693526400,5.878,5.969,5.871,5.968,1515587.03
1693540800,5.968,6.029,5.942,5.959,1522745.59
1693555200,5.959,6.029,5.959,6.002,1355306.13
1693569600,6.002,6.023,5.921,5.933,2124264.77
1693584000,5.933,5.95,5.813,5.875,4046132.7
1693598400,5.875,5.94,5.861,5.939,975632.36
1693612800,5.939,5.985,5.93,5.943,741239.78
1693627200,5.943,5.966,5.927,5.947,289462.19
1693641600,5.947,5.969,5.899,5.945,477769.67
1693656000,5.945,5.996,5.926,5.965,625991.8999999999
1693670400,5.965,5.976,5.89,5.935,746626.39
1693684800,5.935,5.975,5.927,5.972,578000.73
1693699200,5.972,6.027,5.948,6.015,620323.12
1693713600,6.015,6.046,6.006,6.013,1174212.02
1693728000,6.013,6.04,5.989,6.03,328254.53
1693742400,6.03,6.062,5.973,5.991,699008.1699999999
1693756800,5.991,6.055,5.967,6.028,626363.49
1693771200,6.028,6.044,6.001,6.03,686725.91
1693785600,6.03,6.134,6.026,6.101,1084556.9300000002
1693800000,6.101,6.113,6.052,6.099,607830.23
1693814400,6.099,6.159,6.061,6.067,869879.21
1693828800,6.067,6.08,5.971,6.011,1426691.1
1693843200,6.011,6.055,5.995,6.015,1168838.9
1693857600,6.015,6.024,5.946,6.014,1063403.56
1693872000,6.014,6.014,5.906,5.952,1013657.13
1693886400,5.952,5.991,5.951,5.984,553388.1599999999
1693900800,5.984,6.124,5.96,6.081,1208292.8
1693915200,6.081,6.133,6.055,6.097,1495467.85
1693929600,6.097,6.143,6.079,6.112,925832.88
1693944000,6.112,6.149,6.103,6.137,775693.13
1693958400,6.137,6.275,6.113,6.204,3127090.81
1693972800,6.204,6.212,6.126,6.139,1221447.24
1693987200,6.139,6.154,6.115,6.119,661309.95
1694001600,6.119,6.206,6.1,6.17,1891459.0
1694016000,6.17,6.335,6.097,6.246,2936113.41
1694030400,6.246,6.303,6.241,6.298,1290635.77
1694044800,6.298,6.396,6.276,6.367,2931815.58
1694059200,6.367,6.387,6.275,6.276,796712.27
1694073600,6.276,6.313,6.234,6.234,913167.16
1694088000,6.234,6.281,6.195,6.258,2166975.29
1694102400,6.258,6.331,6.254,6.325,1214268.32
1694116800,6.325,6.467,6.318,6.387,2672423.76
1694131200,6.387,6.401,6.328,6.342,1194495.67
1694145600,6.342,6.365,6.297,6.303,796165.37
1694160000,6.303,6.305,6.146,6.211,1499487.41
1694174400,6.211,6.276,6.207,6.222,940553.21
1694188800,6.222,6.269,6.201,6.251,710771.59
1694203200,6.251,6.288,6.233,6.281,808108.38
1694217600,6.281,6.291,6.234,6.27,558066.56
1694232000,6.27,6.279,6.234,6.246,285743.57
1694246400,6.246,6.25,6.205,6.218,429403.35
1694260800,6.218,6.219,6.177,6.191,690038.53
1694275200,6.191,6.214,6.157,6.18,518130.82
1694289600,6.18,6.184,6.158,6.165,285171.27
1694304000,6.165,6.165,6.085,6.113,1150454.69
1694318400,6.113,6.124,5.972,6.11,1946122.41
1694332800,6.11,6.118,6.066,6.086,459615.48
1694347200,6.086,6.104,5.979,6.046,1582982.83
1694361600,6.046,6.056,5.959,6.039,1368021.69
1694376000,6.039,6.073,6.003,6.016,639921.17
1694390400,6.016,6.027,5.944,5.998,899678.46
1694404800,5.998,6.033,5.976,5.988,548608.74
1694419200,5.988,5.994,5.796,5.885,2234732.57
1694433600,5.885,5.935,5.805,5.86,2949905.54
1694448000,5.86,5.88,5.739,5.768,2310031.9
1694462400,5.768,5.83,5.74,5.828,1249735.44
1694476800,5.828,5.989,5.81,5.939,1367849.9500000002
1694491200,5.939,5.961,5.878,5.916,1298424.73
1694505600,5.916,6.071,5.892,6.02,1448230.88
1694520000,6.02,6.039,5.961,5.99,1269549.77
1694534400,5.99,6.056,5.906,5.973,1644443.61
1694548800,5.973,5.992,5.953,5.959,890588.64
1694563200,5.959,6.007,5.941,5.972,514134.16
1694577600,5.972,6.09,5.926,5.959,2915865.55
1694592000,5.959,6.042,5.953,6.016,923415.1
1694606400,6.016,6.043,5.932,6.02,2807893.2800000003
1694620800,6.02,6.035,5.955,5.98,1338814.45
1694635200,5.98,6.041,5.977,6.022,526765.71
1694649600,6.022,6.125,6.007,6.043,1403568.44
1694664000,6.043,6.054,6.008,6.032,555747.26
1694678400,6.032,6.061,6.016,6.056,342189.51
1694692800,6.056,6.126,6.026,6.095,1349198.13
1694707200,6.095,6.171,6.074,6.168,995841.56
1694721600,6.168,6.214,6.14,6.154,1408438.99
1694736000,6.154,6.238,6.14,6.19,851222.78
1694750400,6.19,6.212,6.146,6.151,476667.94
1694764800,6.151,6.176,6.102,6.109,550980.63
1694779200,6.109,6.206,6.107,6.206,1483344.01
1694793600,6.206,6.246,6.194,6.223,1179255.97
1694808000,6.223,6.377,6.22,6.367,2395201.56
1694822400,6.367,6.42,6.306,6.31,2220118.93
1694836800,6.31,6.329,6.268,6.298,827373.87
1694851200,6.298,6.298,6.248,6.249,640460.61
1694865600,6.249,6.252,6.193,6.225,841859.21
1694880000,6.225,6.244,6.188,6.201,582675.35
1694894400,6.201,6.315,6.2,6.282,2381212.37
1694908800,6.282,6.282,6.176,6.239,812919.11
1694923200,6.239,6.258,6.191,6.191,340213.55
1694937600,6.191,6.229,6.189,6.209,445556.35
1694952000,6.209,6.221,6.16,6.19,483051.64
1694966400,6.19,6.194,6.111,6.133,653327.39
1694980800,6.133,6.152,6.06,6.151,1440279.84
1694995200,6.151,6.622,6.105,6.622,5852079.07
1695009600,6.622,6.659,6.538,6.55,4923282.85
1695024000,6.55,6.822,6.511,6.729,5242495.87
1695038400,6.729,6.836,6.676,6.727,5779970.59
1695052800,6.727,6.729,6.585,6.621,3465735.0700000003
1695067200,6.621,6.661,6.541,6.568,2132655.77
1695081600,6.568,6.778,6.506,6.761,3905643.38
1695096000,6.761,6.925,6.682,6.696,5029578.78
1695110400,6.696,6.812,6.694,6.746,1721315.6
1695124800,6.746,6.883,6.718,6.877,4050800.47
1695139200,6.877,6.907,6.792,6.84,2238094.18
1695153600,6.84,6.967,6.786,6.846,2068092.72
1695168000,6.846,6.995,6.815,6.933,3011964.09
1695182400,6.933,6.956,6.78,6.803,1810888.9
1695196800,6.803,6.878,6.761,6.828,2231936.05
1695211200,6.828,6.934,6.745,6.92,3040385.42
1695225600,6.92,7.049,6.804,6.877,4434726.98
1695240000,6.877,6.969,6.837,6.904,1526875.35
1695254400,6.904,6.948,6.816,6.878,2134243.16
1695268800,6.878,6.878,6.786,6.799,936896.01
1695283200,6.799,6.825,6.678,6.704,3109985.27
1695297600,6.704,6.782,6.599,6.746,5594486.67
1695312000,6.746,6.764,6.709,6.718,791611.49
1695326400,6.718,6.728,6.661,6.664,837395.69
1695340800,6.664,6.719,6.6,6.696,3010773.38
1695355200,6.696,6.716,6.643,6.693,847401.45
1695369600,6.693,6.787,6.69,6.785,820247.78
1695384000,6.785,6.797,6.713,6.768,1234924.33
1695398400,6.768,6.973,6.731,6.878,6093783.65
1695412800,6.878,6.967,6.866,6.957,1948407.12
1695427200,6.957,7.18,6.946,7.0,5638365.01
1695441600,7.0,7.07,6.951,7.04,1756116.07
1695456000,7.04,7.05,6.969,7.003,1066040.98
1695470400,7.003,7.06,6.925,6.937,1474057.26
1695484800,6.937,7.222,6.921,7.186,6920048.83
1695499200,7.186,7.229,7.136,7.191,2369114.31
1695513600,7.191,7.25,7.134,7.164,2703580.8
1695528000,7.164,7.211,7.109,7.166,1782770.89
1695542400,7.166,7.176,7.079,7.096,2193053.74
1695556800,7.096,7.187,7.082,7.103,1659240.81
1695571200,7.103,7.179,7.043,7.085,2940523.8200000003
1695585600,7.085,7.097,6.957,6.972,2117193.17
1695600000,6.972,7.264,6.914,7.164,4346253.8100000005
1695614400,7.164,7.298,7.156,7.277,2309286.16
1695628800,7.277,7.325,7.208,7.253,1798992.99
1695643200,7.253,7.394,7.226,7.386,7842267.3
1695657600,7.386,7.509,7.377,7.457,7073995.09
1695672000,7.457,7.502,7.427,7.496,3260873.52
1695686400,7.496,7.568,7.416,7.52,3984290.88
1695700800,7.52,7.53,7.435,7.437,1178968.77
1695715200,7.437,7.481,7.365,7.417,1809935.74
1695729600,7.417,7.427,7.298,7.326,2663178.5700000003
1695744000,7.326,7.414,7.247,7.394,5901383.3
1695758400,7.394,7.474,7.282,7.353,3849617.12
1695772800,7.353,7.407,7.268,7.358,2392302.24
1695787200,7.358,7.393,7.319,7.364,1713314.94
1695801600,7.364,7.679,7.346,7.628,4109692.91
1695816000,7.628,7.884,7.48,7.596,19469557.71
1695830400,7.596,7.694,7.489,7.656,6583963.7
1695844800,7.656,7.686,7.569,7.639,2778076.74
1695859200,7.639,7.753,7.571,7.651,3299265.79
1695873600,7.651,7.812,7.572,7.744,2244082.37
1695888000,7.744,7.856,7.726,7.769,3980103.87
1695902400,7.769,7.923,7.678,7.888,8326920.77
1695916800,7.888,8.04,7.785,7.954,9672976.06
1695931200,7.954,7.954,7.771,7.81,3111795.08
1695945600,7.81,7.844,7.688,7.752,1882048.11
1695960000,7.752,7.823,7.719,7.785,1430574.71
1695974400,7.785,7.788,7.693,7.705,1446285.14
1695988800,7.705,7.909,7.682,7.818,6850180.2700000005
1696003200,7.818,8.047,7.758,8.045,5189101.95
1696017600,8.045,8.076,7.932,7.95,2985197.85
1696032000,7.95,8.051,7.949,8.019,3372192.1
1696046400,8.019,8.144,8.006,8.083,4552948.55
1696060800,8.083,8.264,8.014,8.2,6850212.600000001
1696075200,8.2,8.24,8.132,8.227,4084340.26
1696089600,8.227,8.241,8.092,8.181,2748415.62
1696104000,8.181,8.211,8.111,8.19,2383650.26
1696118400,8.19,8.255,8.116,8.165,2631813.49
1696132800,8.165,8.173,8.045,8.06,1485382.21
1696147200,8.06,8.226,8.047,8.129,1752883.01
1696161600,8.129,8.136,7.965,8.012,6194446.869999999
1696176000,8.012,8.016,7.787,7.846,4318677.83
1696190400,7.846,8.144,7.782,8.046,9032183.06
1696204800,8.046,8.096,7.862,7.886,3086354.2
1696219200,7.886,8.1,7.854,8.039,3280862.12
1696233600,8.039,8.081,7.863,7.893,4225298.65
1696248000,7.893,7.955,7.629,7.674,6347559.82
1696262400,7.674,7.73,7.456,7.608,6656906.859999999
1696276800,7.608,7.61,7.355,7.466,4073606.2
1696291200,7.466,7.589,7.415,7.553,2952111.69
1696305600,7.553,7.739,7.501,7.629,3390978.0
1696320000,7.629,7.735,7.511,7.548,2129265.0
1696334400,7.548,7.725,7.397,7.425,4390696.99
1696348800,7.425,7.543,7.395,7.402,2687126.52
1696363200,7.402,7.505,7.37,7.409,2535299.45
1696377600,7.409,7.546,7.199,7.483,4463694.03
1696392000,7.483,7.627,7.458,7.592,2971215.95
1696406400,7.592,7.611,7.523,7.544,1413922.37
1696420800,7.544,7.667,7.467,7.642,3866393.56
1696435200,7.642,7.779,7.572,7.615,6632556.95
1696449600,7.615,7.744,7.592,7.671,1934041.83
1696464000,7.671,7.695,7.595,7.611,2186763.71
1696478400,7.611,7.762,7.605,7.711,1136486.36
1696492800,7.711,7.79,7.674,7.685,885621.6499999999
1696507200,7.685,7.704,7.49,7.535,4047721.02
1696521600,7.535,7.56,7.481,7.513,1424513.1
1696536000,7.513,7.568,7.456,7.465,882404.48
1696550400,7.465,7.585,7.464,7.534,1247691.97
1696564800,7.534,7.583,7.505,7.575,750795.7
1696579200,7.575,7.615,7.546,7.565,695574.78
1696593600,7.565,7.7,7.438,7.66,2787855.34
1696608000,7.66,7.719,7.626,7.668,3004598.0
1696622400,7.668,7.754,7.644,7.646,1861955.7
1696636800,7.646,7.684,7.602,7.611,734453.83
1696651200,7.611,7.644,7.566,7.605,439655.26
1696665600,7.605,7.648,7.578,7.591,769045.55
1696680000,7.591,7.622,7.565,7.57,660170.85
1696694400,7.57,7.574,7.481,7.501,1757676.17
1696708800,7.501,7.561,7.499,7.531,560445.75
1696723200,7.531,7.627,7.507,7.627,1006573.22
1696737600,7.627,7.675,7.598,7.657,1265201.9300000002
1696752000,7.657,7.712,7.548,7.577,1554908.27
1696766400,7.577,7.7,7.566,7.672,971486.16
1696780800,7.672,7.735,7.645,7.727,1001175.96
1696795200,7.727,7.937,7.67,7.681,5063943.94
1696809600,7.681,7.699,7.569,7.645,2449995.35
1696824000,7.645,7.653,7.556,7.564,741254.4299999999
1696838400,7.564,7.579,7.333,7.354,3863954.42
1696852800,7.354,7.412,7.314,7.337,4367193.52
1696867200,7.337,7.367,7.14,7.299,4572172.95
1696881600,7.299,7.331,7.246,7.279,1570449.53
1696896000,7.279,7.35,7.258,7.312,2440124.61
1696910400,7.312,7.375,7.272,7.347,713920.16
1696924800,7.347,7.389,7.268,7.275,1291904.41
1696939200,7.275,7.366,7.215,7.227,3126965.21
1696953600,7.227,7.279,7.196,7.256,1353650.79
1696968000,7.256,7.302,7.178,7.264,1296558.81
1696982400,7.264,7.331,7.146,7.165,3061091.87
1696996800,7.165,7.23,7.165,7.208,841106.1
1697011200,7.208,7.36,7.189,7.317,1654040.28
1697025600,7.317,7.392,7.269,7.309,2737164.56
1697040000,7.309,7.353,7.231,7.332,2035027.15
1697054400,7.332,7.424,7.311,7.389,2614371.1100000003
1697068800,7.389,7.41,7.285,7.349,1175972.68
1697083200,7.349,7.394,7.314,7.339,911414.92
1697097600,7.339,7.344,7.187,7.256,1730398.5
1697112000,7.256,7.277,7.174,7.214,2460638.0300000003
1697126400,7.214,7.237,7.115,7.192,2856885.87
1697140800,7.192,7.244,7.174,7.197,1212453.73
1697155200,7.197,7.25,7.113,7.124,2375550.22
1697169600,7.124,7.228,7.123,7.203,850680.0800000001
1697184000,7.203,7.237,7.178,7.221,1054520.21
1697198400,7.221,7.28,7.159,7.16,1495702.6
1697212800,7.16,7.2,7.147,7.178,1158825.61
1697227200,7.178,7.4,7.167,7.256,4478502.850000001
1697241600,7.256,7.316,7.245,7.303,990219.18
1697256000,7.303,7.313,7.22,7.224,528512.42
1697270400,7.224,7.26,7.219,7.251,272808.33
1697284800,7.251,7.316,7.242,7.311,790585.76
1697299200,7.311,7.37,7.3,7.339,1017747.42
1697313600,7.339,7.342,7.288,7.329,671557.5
1697328000,7.329,7.379,7.3,7.328,2718424.03
1697342400,7.328,7.362,7.316,7.349,648360.78
1697356800,7.349,7.4,7.334,7.348,1108309.26
1697371200,7.348,7.377,7.289,7.313,1556867.99
1697385600,7.313,7.485,7.301,7.452,4130589.22
1697400000,7.452,7.568,7.381,7.423,3711663.38
1697414400,7.423,7.496,7.414,7.434,1528472.98
1697428800,7.434,7.643,7.425,7.562,2435604.76
1697443200,7.562,7.595,7.499,7.56,1699197.99
1697457600,7.56,7.822,7.434,7.44,8113246.52
1697472000,7.44,7.585,7.404,7.517,4753109.220000001
1697486400,7.517,7.578,7.45,7.531,2298856.87
1697500800,7.531,7.563,7.456,7.46,1388137.02
1697515200,7.46,7.499,7.433,7.485,817082.3500000001
1697529600,7.485,7.51,7.451,7.493,1119394.16
1697544000,7.493,7.498,7.277,7.404,3301483.51
1697558400,7.404,7.425,7.281,7.322,2151462.11
1697572800,7.322,7.354,7.288,7.325,805006.23
1697587200,7.325,7.353,7.284,7.349,1218262.84
1697601600,7.349,7.42,7.333,7.364,1720050.92
1697616000,7.364,7.467,7.356,7.448,1594447.46
1697630400,7.448,7.481,7.376,7.39,1901264.74
1697644800,7.39,7.439,7.34,7.363,996214.8
1697659200,7.363,7.385,7.315,7.356,818144.17
1697673600,7.356,7.364,7.22,7.292,1620928.17
1697688000,7.292,7.355,7.284,7.349,313812.73
1697702400,7.349,7.368,7.291,7.345,713061.57
1697716800,7.345,7.434,7.345,7.369,1416907.88
1697731200,7.369,7.421,7.334,7.364,1704399.3
1697745600,7.364,7.387,7.293,7.308,1134015.28
1697760000,7.308,7.5,7.268,7.435,2503890.47
1697774400,7.435,7.508,7.422,7.47,2113345.5300000003
1697788800,7.47,7.712,7.467,7.614,2867053.81
1697803200,7.614,7.665,7.557,7.63,2370970.88
1697817600,7.63,7.684,7.605,7.629,2035637.31
1697832000,7.629,7.629,7.572,7.577,831779.59
1697846400,7.577,7.623,7.524,7.603,1211824.36
1697860800,7.603,7.849,7.595,7.843,2958044.84
1697875200,7.843,8.099,7.81,8.059,4044112.17
1697889600,8.059,8.989,8.055,8.963,23758872.44
1697904000,8.963,9.163,8.827,8.899,19615599.56
1697918400,8.899,8.972,8.781,8.914,5753738.71
1697932800,8.914,9.398,8.846,9.298,12234211.27
1697947200,9.298,9.75,9.148,9.309,16045693.53
1697961600,9.309,9.421,9.041,9.103,6759454.21
1697976000,9.103,9.379,9.087,9.23,7596357.65
1697990400,9.23,9.748,9.229,9.403,12089177.89
1698004800,9.403,10.23,9.368,10.2,19689725.49
1698019200,10.2,10.99,10.02,10.8,28276269.69
1698033600,10.8,11.04,10.33,10.45,18772975.06
1698048000,10.45,10.6,9.951,10.27,11063355.48
1698062400,10.27,10.28,9.804,10.01,17239772.3
1698076800,10.01,10.49,9.991,10.29,18452622.07
1698091200,10.29,10.97,10.13,10.58,23436193.38
1698105600,10.58,11.14,10.18,10.25,29254887.23
1698120000,10.25,10.38,10.02,10.1,9287695.94
1698134400,10.1,10.54,10.09,10.53,9641130.18
1698148800,10.53,10.53,9.702,9.912,18901528.64
1698163200,9.912,10.1,9.79,10.02,10503884.6
1698177600,10.02,10.47,9.895,10.38,11301376.71
1698192000,10.38,11.64,10.35,11.33,43578164.78
1698206400,11.33,11.6,10.9,10.93,20083787.87
1698220800,10.93,11.28,10.75,11.19,9936348.43
1698235200,11.19,11.78,10.92,11.36,20871676.44
1698249600,11.36,11.4,10.95,11.17,15368613.7
1698264000,11.17,11.18,10.78,11.06,10775951.72
1698278400,11.06,11.39,10.89,11.12,8147258.04
1698292800,11.12,11.3,10.91,11.22,6778334.63
1698307200,11.22,11.33,10.63,10.86,10744629.63
1698321600,10.86,11.21,10.39,10.51,16488216.9
1698336000,10.51,10.71,10.4,10.7,10639202.76
1698350400,10.7,11.15,10.65,10.93,13892957.14
1698364800,10.93,11.04,10.62,11.04,8851536.02
1698379200,11.04,11.35,10.72,10.74,13301619.48
1698393600,10.74,11.12,10.72,10.94,6417490.79
1698408000,10.94,11.43,10.81,11.06,15619737.83
1698422400,11.06,11.38,10.74,11.11,20325199.61
1698436800,11.11,11.3,11.09,11.18,9052445.14
1698451200,11.18,11.57,11.04,11.39,11182531.4
1698465600,11.39,11.66,11.29,11.3,9352211.3
1698480000,11.3,11.59,11.26,11.35,7299240.92
1698494400,11.35,11.38,11.1,11.17,8760261.15
1698508800,11.17,11.17,10.94,10.95,14281569.82
1698523200,10.95,11.09,10.83,10.93,6530833.5600000005
1698537600,10.93,10.95,10.76,10.86,5879657.5
1698552000,10.86,11.02,10.82,11.02,3755814.65
1698566400,11.02,11.21,10.92,10.98,6168722.75
1698580800,10.98,11.16,10.9,11.06,6452394.76
1698595200,11.06,11.23,11.01,11.07,4875659.859999999
1698609600,11.07,11.29,11.03,11.09,6049378.36
1698624000,11.09,11.3,11.05,11.17,6926208.390000001
1698638400,11.17,11.21,10.9,10.95,5205825.1
1698652800,10.95,11.5,10.92,11.38,10463798.2
1698667200,11.38,11.84,11.22,11.4,13681795.05
1698681600,11.4,11.44,11.06,11.22,8746268.64
1698696000,11.22,11.26,11.11,11.23,3793587.87
1698710400,11.23,11.69,11.21,11.48,18217175.46
1698724800,11.48,12.01,11.39,11.44,21098176.31
1698739200,11.44,11.63,11.27,11.52,7438214.54
1698753600,11.52,11.58,10.98,11.13,13363535.47
1698768000,11.13,11.41,11.07,11.29,7317076.21
1698782400,11.29,11.43,11.24,11.36,11416310.68
1698796800,11.36,11.47,11.16,11.22,6865764.78
1698811200,11.22,11.25,10.94,11.11,4933465.0600000005
1698825600,11.11,11.18,10.75,10.89,12165332.28
1698840000,10.89,11.18,10.69,10.83,20400691.81
1698854400,10.83,11.39,10.81,11.24,15734876.64
1698868800,11.24,11.77,11.24,11.64,21588101.08
1698883200,11.64,11.74,11.43,11.63,10778742.07
1698897600,11.63,11.75,11.17,11.19,8935654.37
1698912000,11.19,11.31,11.07,11.3,6576974.97
1698926400,11.3,11.46,10.89,10.9,11698392.91
1698940800,10.9,11.09,10.82,11.08,6264253.36
1698955200,11.08,11.12,10.88,11.01,4218149.1
1698969600,11.01,11.01,10.53,10.82,7576934.08
1698984000,10.82,11.2,10.68,11.17,5379233.8100000005
1698998400,11.17,11.32,10.92,11.01,6551670.46
1699012800,11.01,11.31,10.95,11.27,12030214.32
1699027200,11.27,11.33,11.09,11.22,5574315.25
1699041600,11.22,11.6,11.19,11.46,10295051.63
1699056000,11.46,11.47,11.28,11.36,5394228.95
1699070400,11.36,11.5,11.22,11.24,5644255.0600000005
1699084800,11.24,11.4,11.16,11.29,3804456.07
1699099200,11.29,11.36,11.2,11.24,3911570.02
1699113600,11.24,11.39,11.22,11.37,3387703.51
1699128000,11.37,11.63,11.32,11.5,6396033.89
1699142400,11.5,12.44,11.37,12.41,21691891.95
1699156800,12.41,12.56,12.16,12.23,12378984.24
1699171200,12.23,12.33,12.1,12.19,5741498.58
1699185600,12.19,12.22,11.74,11.77,16068949.2
1699200000,11.77,12.06,11.76,11.96,9783015.03
1699214400,11.96,12.27,11.81,12.24,11294068.95
1699228800,12.24,12.41,12.14,12.31,10127712.12
1699243200,12.31,12.77,12.17,12.46,14807266.29
1699257600,12.46,12.67,12.34,12.53,4903931.59
1699272000,12.53,12.88,12.38,12.65,10292953.25
1699286400,12.65,12.8,12.46,12.8,10674698.92
1699300800,12.8,13.25,12.71,12.99,19087943.09
1699315200,12.99,13.19,12.73,13.01,12493947.1
1699329600,13.01,13.33,12.87,13.09,11804446.08
1699344000,13.09,13.15,12.64,12.8,9692478.75
1699358400,12.8,12.97,12.53,12.7,12122521.13
1699372800,12.7,13.25,12.55,13.07,13770760.19
1699387200,13.07,13.26,12.98,13.05,10678376.43
1699401600,13.05,13.45,12.85,13.26,14763340.94
1699416000,13.26,13.62,13.24,13.44,13295047.12
1699430400,13.44,13.7,13.41,13.56,7609659.78
1699444800,13.56,13.98,13.54,13.73,18781724.84
1699459200,13.73,14.8,13.72,14.48,32335766.9
1699473600,14.48,14.99,14.47,14.94,30983030.22
1699488000,14.94,15.0,14.29,14.5,29932577.0
1699502400,14.5,14.78,14.38,14.5,12130515.91
1699516800,14.5,14.84,14.41,14.81,11506709.73
1699531200,14.81,15.99,14.8,15.11,61211810.0
1699545600,15.11,15.18,13.87,14.32,39489429.91
1699560000,14.32,14.72,13.99,14.62,19221355.85
1699574400,14.62,14.95,14.29,14.32,22646446.56
1699588800,14.32,14.52,14.18,14.47,7855337.2
1699603200,14.47,14.92,14.11,14.74,12072544.58
1699617600,14.74,15.35,14.44,15.06,29885873.98
1699632000,15.06,15.5,14.97,15.06,18310968.42
1699646400,15.06,15.65,14.92,15.51,19553865.51
1699660800,15.51,15.74,14.91,14.96,18001014.78
1699675200,14.96,15.23,14.75,15.02,9317936.5
1699689600,15.02,15.11,14.78,14.99,5727349.95
1699704000,14.99,16.53,14.92,16.28,39343009.95
1699718400,16.28,16.55,15.85,16.32,29102235.76
1699732800,16.32,16.58,15.93,16.47,22131005.43
1699747200,16.47,16.53,15.41,15.81,18948132.700000003
1699761600,15.81,16.37,15.58,16.25,9389082.68
1699776000,16.25,16.3,15.88,16.09,9696132.34
1699790400,16.09,16.1,15.63,15.96,11715478.1
1699804800,15.96,16.4,15.69,16.3,22142312.54
1699819200,16.3,16.37,15.87,16.04,12344461.47
1699833600,16.04,16.3,15.47,15.52,19161191.33
1699848000,15.52,15.61,15.11,15.3,10731363.49
1699862400,15.3,15.58,14.97,15.14,7471260.03
1699876800,15.14,15.3,14.55,15.15,22131168.43
1699891200,15.15,15.4,14.74,15.15,11628485.89
1699905600,15.15,15.15,14.32,14.36,17040457.29
1699920000,14.36,14.76,14.06,14.64,31245880.39
1699934400,14.64,14.87,14.58,14.8,7485345.600000001
1699948800,14.8,14.91,14.23,14.31,10709766.85
1699963200,14.31,14.74,13.83,14.07,23511515.27
1699977600,14.07,14.53,13.45,14.06,25097477.75
1699992000,14.06,14.31,13.91,13.95,11295941.25
1700006400,13.95,14.29,13.93,14.15,9122476.88
1700020800,14.15,14.72,14.15,14.6,8239986.79
1700035200,14.6,15.2,14.59,15.14,11254838.68
1700049600,15.14,15.15,14.65,14.9,14054324.79
1700064000,14.9,15.15,14.72,15.15,18046669.47
1700078400,15.15,15.38,14.94,15.04,16710395.95
1700092800,15.04,15.14,14.82,14.94,13302005.41
1700107200,14.94,15.21,14.63,14.98,19107808.91
1700121600,14.98,15.06,14.6,14.68,9201320.59
1700136000,14.68,14.68,13.94,14.14,19248788.32
1700150400,14.14,14.25,13.56,14.04,14350922.49
1700164800,14.04,14.14,13.68,13.87,10967623.5
1700179200,13.87,14.26,13.85,13.99,9918377.1
1700193600,13.99,14.07,13.75,13.78,4233677.63
1700208000,13.78,13.88,13.27,13.43,9311231.15
1700222400,13.43,13.65,12.87,12.96,16228203.65
1700236800,12.96,13.64,12.87,13.57,24910462.74
1700251200,13.57,13.85,13.44,13.71,9078540.03
1700265600,13.71,13.71,13.37,13.41,6494808.29
1700280000,13.41,13.51,12.94,13.35,5078859.28
1700294400,13.35,13.5,13.25,13.32,2905896.75
1700308800,13.32,13.58,13.11,13.55,5413431.39
1700323200,13.55,13.82,13.54,13.72,7468394.96
1700337600,13.72,13.77,13.56,13.76,3503731.72
1700352000,13.76,14.13,13.38,14.11,6442216.539999999
1700366400,14.11,14.37,13.94,14.28,12318699.82
1700380800,14.28,14.37,14.08,14.2,4232547.15
1700395200,14.2,14.28,13.98,14.21,5463848.58
1700409600,14.21,14.87,14.16,14.87,18570292.970000003
1700424000,14.87,15.09,14.77,14.92,16773665.42
1700438400,14.92,15.18,14.76,14.87,9443370.18
1700452800,14.87,15.28,14.84,15.21,4471889.99
1700467200,15.21,15.4,15.04,15.11,6346913.46
1700481600,15.11,15.4,14.69,15.14,13537718.22
1700496000,15.14,15.25,14.7,14.82,13345029.44
1700510400,14.82,14.86,14.37,14.48,21109372.380000003
1700524800,14.48,14.67,14.23,14.41,8037622.01
1700539200,14.41,14.41,14.08,14.12,5160595.24
1700553600,14.12,14.34,14.11,14.18,4003601.77
1700568000,14.18,14.41,13.76,14.27,16063144.05
1700582400,14.27,14.33,13.52,13.98,15263972.18
1700596800,13.98,14.21,13.33,13.37,11449980.22
1700611200,13.37,13.97,13.27,13.96,7737428.05
1700625600,13.96,14.31,13.95,14.13,8076206.76
1700640000,14.13,14.28,14.06,14.13,4426493.21
1700654400,14.13,14.4,14.07,14.23,6904259.94
1700668800,14.23,14.58,14.16,14.48,8427556.46
1700683200,14.48,14.62,14.2,14.21,9415215.67
1700697600,14.21,14.57,14.16,14.42,5568000.02
1700712000,14.42,14.65,14.38,14.53,3551534.71
1700726400,14.53,14.66,14.28,14.35,4226869.8
1700740800,14.35,14.4,14.13,14.14,5722693.07
1700755200,14.14,14.85,14.14,14.53,13323377.92
1700769600,14.53,14.66,14.37,14.39,4659775.28
1700784000,14.39,14.51,14.31,14.37,4181134.82
1700798400,14.37,14.43,14.23,14.38,4048200.35
1700812800,14.38,14.64,14.34,14.42,4427447.58
1700827200,14.42,14.67,14.33,14.58,6374879.31
1700841600,14.58,14.84,14.36,14.4,7266653.58
1700856000,14.4,14.5,14.29,14.5,6641625.09
1700870400,14.5,14.76,14.4,14.76,7134499.899999999
1700884800,14.76,14.78,14.64,14.75,3245592.98
1700899200,14.75,14.98,14.65,14.76,5798276.4
1700913600,14.76,14.88,14.66,14.79,3299416.87
1700928000,14.79,14.88,14.71,14.71,3992961.93
1700942400,14.71,14.8,14.69,14.78,3786770.3
1700956800,14.78,14.87,14.64,14.78,5005856.37
1700971200,14.78,15.19,14.78,15.11,6683432.550000001
1700985600,15.11,15.34,15.08,15.21,4776582.51
1701000000,15.21,15.23,14.72,14.81,6745227.79
1701014400,14.81,14.9,14.4,14.68,8332327.640000001
1701028800,14.68,14.87,14.57,14.77,5153152.59
1701043200,14.77,15.3,14.58,14.69,12020092.76
1701057600,14.69,14.84,14.35,14.52,5903502.12
1701072000,14.52,14.56,14.2,14.25,4877159.32
1701086400,14.25,14.34,14.06,14.09,7844720.0
1701100800,14.09,14.31,13.88,13.96,7493677.66
1701115200,13.96,14.25,13.89,14.19,7286452.459999999
1701129600,14.19,14.32,14.14,14.15,6371267.95
1701144000,14.15,14.19,13.78,13.99,5467810.47
1701158400,13.99,14.32,13.91,14.3,2916181.84
1701172800,14.3,14.44,14.17,14.39,5308357.2
1701187200,14.39,14.72,14.34,14.6,11559123.99
1701201600,14.6,14.69,14.45,14.53,5773492.33
1701216000,14.53,14.67,14.44,14.65,5544478.49
1701230400,14.65,14.8,14.54,14.7,4552565.59
1701244800,14.7,14.99,14.63,14.75,6733466.33
1701259200,14.75,14.87,14.42,14.59,7691201.34
1701273600,14.59,14.69,14.42,14.65,5710107.61
1701288000,14.65,14.67,14.47,14.52,4688728.77
1701302400,14.52,14.65,14.34,14.65,5675177.57
1701316800,14.65,14.71,14.41,14.44,3672843.14
1701331200,14.44,14.79,14.29,14.77,7173799.359999999
1701345600,14.77,14.83,14.33,14.39,6374976.390000001
1701360000,14.39,14.45,14.32,14.34,3893051.18
1701374400,14.34,14.41,14.27,14.41,3774702.91
1701388800,14.41,14.64,14.28,14.62,7300937.140000001
1701403200,14.62,14.78,14.55,14.74,4968311.58
1701417600,14.74,14.85,14.71,14.81,6729722.220000001
1701432000,14.81,15.0,14.7,14.94,8945742.89
1701446400,14.94,15.06,14.86,14.96,10033876.56
1701460800,14.96,15.01,14.91,15.0,4895034.43
1701475200,15.0,15.45,14.93,15.35,11834352.06
1701489600,15.35,15.89,15.25,15.75,9133397.46
1701504000,15.75,15.89,15.62,15.65,6175196.149999999
1701518400,15.65,15.88,15.62,15.85,8541344.91
1701532800,15.85,16.15,15.7,16.11,14221779.98
1701547200,16.11,16.21,15.92,16.0,8433208.97
1701561600,16.0,16.14,15.84,15.95,7679611.95
1701576000,15.95,16.29,15.89,16.28,4697041.6
1701590400,16.28,16.29,15.91,16.0,4901659.78
1701604800,16.0,16.06,15.77,15.84,5150280.99
1701619200,15.84,15.92,15.74,15.87,4306890.48
1701633600,15.87,16.15,15.68,15.71,12495653.04
1701648000,15.71,16.01,15.63,15.91,14005622.56
1701662400,15.91,16.4,15.91,16.08,14213613.9
1701676800,16.08,16.24,15.24,15.66,12652246.94
1701691200,15.66,16.14,15.41,15.46,15235502.15
1701705600,15.46,15.73,15.44,15.65,6513124.43
1701720000,15.65,15.81,15.53,15.81,6986228.91
1701734400,15.81,16.02,15.55,15.65,8033060.41
1701748800,15.65,15.66,15.21,15.32,8720332.48
1701763200,15.32,15.45,15.19,15.33,5525258.51
1701777600,15.33,15.61,15.26,15.54,7078707.93
1701792000,15.54,16.08,15.41,15.71,16400330.55
1701806400,15.71,15.84,15.46,15.73,10672296.75
1701820800,15.73,16.17,15.61,15.71,13621494.58
1701835200,15.71,15.81,15.37,15.63,8971233.5
1701849600,15.63,16.09,15.36,15.55,9568424.96
1701864000,15.55,15.77,15.45,15.55,9787991.1
1701878400,15.55,15.78,15.49,15.77,7803809.76
1701892800,15.77,15.81,15.24,15.27,8409560.3
1701907200,15.27,15.48,15.25,15.47,8336631.300000001
1701921600,15.47,15.72,15.45,15.57,5438883.140000001
1701936000,15.57,15.62,15.04,15.1,10120145.37
1701950400,15.1,15.36,14.69,15.24,23070516.52
1701964800,15.24,15.61,15.15,15.23,13439158.36
1701979200,15.23,15.8,15.18,15.7,12270883.77
1701993600,15.7,15.98,15.56,15.81,10962734.77
1702008000,15.81,16.09,15.74,15.91,12722364.3
1702022400,15.91,16.5,15.89,16.44,16236832.680000002
1702036800,16.44,17.32,16.33,16.7,41288655.29000001
1702051200,16.7,16.89,16.55,16.79,14867289.63
1702065600,16.79,17.0,16.74,16.92,8708044.030000001
1702080000,16.92,17.19,16.66,16.87,12858379.51
1702094400,16.87,17.27,16.87,17.2,12321375.23
1702108800,17.2,17.3,16.63,16.98,9652347.87
1702123200,16.98,17.1,16.37,16.63,30142513.39
1702137600,16.63,16.68,16.28,16.57,10136094.8
1702152000,16.57,16.59,16.07,16.2,7930630.13
1702166400,16.2,16.45,16.2,16.37,5508925.71
1702180800,16.37,16.42,16.19,16.32,4624213.23
1702195200,16.32,16.36,15.79,15.93,7715934.19
1702209600,15.93,16.19,15.91,16.13,6123785.07
1702224000,16.13,16.21,15.96,16.21,5195836.51
1702238400,16.21,16.45,16.2,16.37,5991024.49
1702252800,16.37,16.46,14.22,15.11,29354257.08
1702267200,15.11,15.23,14.77,14.87,11760662.45
1702281600,14.87,15.18,14.74,15.05,11565182.27
1702296000,15.05,15.08,14.6,14.78,10949022.56
1702310400,14.78,14.88,14.22,14.56,19226245.09
1702324800,14.56,14.83,14.49,14.77,9102413.64
1702339200,14.77,15.14,14.76,14.98,8589959.49
1702353600,14.98,15.06,14.68,15.04,7239503.2
1702368000,15.04,15.05,14.78,14.8,5652429.57
1702382400,14.8,15.08,14.56,14.64,8288960.0
1702396800,14.64,14.64,14.16,14.39,14805298.260000002
1702411200,14.39,14.56,14.16,14.51,6748188.37
1702425600,14.51,14.58,13.92,14.08,10557864.16
1702440000,14.08,14.26,13.86,14.2,6584019.5600000005
1702454400,14.2,14.36,14.08,14.1,4560397.08
1702468800,14.1,14.64,14.09,14.56,7547205.92
1702483200,14.56,14.81,14.35,14.79,9544651.84
1702497600,14.79,14.96,14.67,14.77,10812241.28
1702512000,14.77,14.9,14.67,14.75,7114218.33
1702526400,14.75,14.96,14.63,14.85,7033911.72
1702540800,14.85,15.3,14.78,15.28,6928104.51
1702555200,15.28,15.35,14.34,14.87,17737427.84
1702569600,14.87,15.58,14.85,15.28,16025919.71
1702584000,15.28,15.51,15.16,15.36,8202459.369999999
1702598400,15.36,15.39,14.98,15.0,6702529.38
1702612800,15.0,15.05,14.87,14.88,5127396.75
1702627200,14.88,15.2,14.88,15.05,6208957.91
1702641600,15.05,15.09,14.64,14.77,8653003.7
1702656000,14.77,14.87,14.68,14.77,4347058.45
1702670400,14.77,14.83,14.25,14.28,10618604.19
1702684800,14.28,14.52,14.09,14.5,5836836.09
1702699200,14.5,14.57,14.41,14.43,3017396.16
1702713600,14.43,14.55,14.39,14.55,2480521.25
1702728000,14.55,14.65,14.48,14.64,3097861.9
1702742400,14.64,14.79,14.32,14.38,6021353.15
1702756800,14.38,14.47,14.27,14.31,3364690.76
1702771200,14.31,14.34,14.11,14.18,6177788.19
1702785600,14.18,14.27,14.0,14.02,4057797.04
1702800000,14.02,14.27,14.0,14.19,1972074.3
1702814400,14.19,14.24,14.0,14.23,2884944.72
1702828800,14.23,14.36,14.12,14.26,3827236.92
1702843200,14.26,14.33,13.91,14.01,4097734.08
1702857600,14.01,14.14,13.61,13.86,7126259.63
1702872000,13.86,13.98,13.8,13.88,8278322.08
1702886400,13.88,14.41,13.78,14.16,13826361.15
1702900800,14.16,14.35,13.95,13.98,10170544.45
1702915200,13.98,14.38,13.87,14.3,5777214.78
1702929600,14.3,14.68,14.25,14.67,10445670.06
1702944000,14.67,14.8,14.52,14.64,6176462.77
1702958400,14.64,14.69,14.52,14.59,3234027.24
1702972800,14.59,14.65,14.46,14.55,3490973.69
1702987200,14.55,14.57,14.11,14.23,6890951.5600000005
1703001600,14.23,14.31,13.92,14.06,10277811.57
1703016000,14.06,14.14,13.98,14.1,3105197.96
1703030400,14.1,14.21,13.98,14.13,2797968.4
1703044800,14.13,14.43,14.12,14.43,3867603.33
1703059200,14.43,14.51,14.32,14.41,2934516.83
1703073600,14.41,14.8,14.32,14.7,7983638.140000001
1703088000,14.7,14.73,14.32,14.34,9970296.47
1703102400,14.34,14.36,14.04,14.25,8989968.25
1703116800,14.25,14.34,14.18,14.3,3635482.25
1703131200,14.3,14.46,14.22,14.44,2961802.29
1703145600,14.44,15.08,14.44,15.08,9139528.38
1703160000,15.08,15.16,14.63,14.96,9010025.41
1703174400,14.96,15.17,14.9,14.95,10850812.69
1703188800,14.95,15.31,14.91,15.3,9644252.84
1703203200,15.3,15.52,15.18,15.28,13008053.72
1703217600,15.28,15.73,15.12,15.17,7488146.869999999
1703232000,15.17,15.4,15.07,15.32,5732917.77
1703246400,15.32,15.68,15.11,15.49,8323647.109999999
1703260800,15.49,15.69,15.31,15.32,6146481.24
1703275200,15.32,15.51,15.32,15.49,3057673.47
1703289600,15.49,15.54,14.94,15.0,4957983.06
1703304000,15.0,15.16,14.91,15.04,3677651.15
1703318400,15.04,15.34,14.99,15.28,4414251.23
1703332800,15.28,15.88,15.24,15.82,10634717.71
1703347200,15.82,15.91,15.59,15.63,11054975.9
1703361600,15.63,15.79,15.45,15.69,5743801.85
1703376000,15.69,15.91,15.55,15.65,6961393.24
1703390400,15.65,15.8,15.33,15.53,4942280.75
1703404800,15.53,15.82,15.45,15.68,3962078.02
1703419200,15.68,15.92,15.58,15.8,5579193.49
1703433600,15.8,15.95,15.68,15.85,10388467.1
1703448000,15.85,15.94,15.2,15.28,10367758.91
1703462400,15.28,15.44,15.13,15.43,3193922.4
1703476800,15.43,15.56,15.37,15.4,2485193.26
1703491200,15.4,15.51,15.16,15.25,2536674.08
1703505600,15.25,15.65,15.18,15.54,5331133.62
1703520000,15.54,15.55,15.3,15.39,4354870.33
1703534400,15.39,15.74,15.19,15.59,6958663.140000001
1703548800,15.59,15.9,15.5,15.76,4759971.779999999
1703563200,15.76,15.84,15.08,15.3,8411643.97
1703577600,15.3,15.43,15.05,15.39,3703051.53
1703592000,15.39,15.49,15.06,15.07,4414206.6
1703606400,15.07,15.18,14.37,14.83,10849253.22
1703620800,14.83,15.1,14.83,15.09,5158830.87
1703635200,15.09,15.1,14.65,14.74,4179588.26
1703649600,14.74,14.98,14.73,14.89,2071888.75
1703664000,14.89,15.51,14.88,15.46,4190880.14
1703678400,15.46,16.35,15.39,16.15,26282068.07
1703692800,16.15,16.66,16.13,16.32,21542257.21
1703707200,16.32,16.75,16.29,16.72,12874406.93
1703721600,16.72,17.68,16.66,17.43,37639564.1
1703736000,17.43,17.58,16.72,16.94,18266866.28
1703750400,16.94,17.33,16.89,17.32,9943585.34
1703764800,17.32,17.33,16.09,16.15,21442564.69
1703779200,16.15,16.52,16.12,16.48,7812515.91
1703793600,16.48,16.52,15.99,16.02,10061952.25
1703808000,16.02,16.12,15.55,15.94,11445436.92
1703822400,15.94,16.04,15.69,15.74,6766989.82
1703836800,15.74,16.23,15.73,16.18,6276741.57
1703851200,16.18,16.23,15.5,15.61,10148022.35
1703865600,15.61,15.67,15.19,15.59,16664239.489999998
1703880000,15.59,15.62,15.14,15.54,6270395.17
1703894400,15.54,15.62,15.21,15.29,5025300.08
1703908800,15.29,15.48,15.28,15.3,2573326.84
1703923200,15.3,15.32,15.02,15.14,3877819.58
1703937600,15.14,15.41,15.1,15.38,3562015.0300000003
1703952000,15.38,15.48,15.23,15.26,3291575.25
1703966400,15.26,15.32,15.07,15.17,4040769.47
1703980800,15.17,15.33,14.92,15.03,4601111.76
1703995200,15.03,15.29,15.0,15.2,2656735.11
1704009600,15.2,15.44,15.18,15.33,2429808.35
1704024000,15.33,15.52,15.25,15.28,4151298.44
1704038400,15.28,15.43,15.1,15.29,5940222.45
1704052800,15.29,15.29,14.77,14.93,6623237.49
1704067200,14.93,15.2,14.87,14.93,4036336.82
1704081600,14.93,15.22,14.82,15.22,5609970.57
1704096000,15.22,15.35,15.13,15.3,1714427.2799999998
1704110400,15.3,15.33,15.16,15.3,3420310.0300000003
1704124800,15.3,15.53,15.18,15.46,7908019.16
1704139200,15.46,15.58,15.38,15.56,5272779.970000001
1704153600,15.56,15.86,15.51,15.72,13822176.19
1704168000,15.72,15.95,15.72,15.9,4638537.0200000005
1704182400,15.9,16.07,15.83,15.87,6371166.08
1704196800,15.87,15.97,15.28,15.37,7585918.09
1704211200,15.37,15.43,15.11,15.23,8442380.6
1704225600,15.23,15.31,15.05,15.17,5895971.0600000005
1704240000,15.17,15.39,15.12,15.3,3938727.46
1704254400,15.3,15.58,15.27,15.32,3545111.09
1704268800,15.32,15.56,14.91,14.95,6695624.94
1704283200,14.95,14.97,13.17,14.2,35047118.07
1704297600,14.2,14.28,13.8,14.06,11890116.56
1704312000,14.06,14.3,14.04,14.16,6051586.34
1704326400,14.16,14.4,14.0,14.32,7862488.64
1704340800,14.32,14.5,14.27,14.3,3841243.94
1704355200,14.3,14.4,14.12,14.35,2626876.68
1704369600,14.35,14.7,14.26,14.68,5326507.32
1704384000,14.68,14.72,14.46,14.63,6937623.44
1704398400,14.63,14.79,14.47,14.54,6058012.55
1704412800,14.54,14.67,13.89,14.14,10486950.46
1704427200,14.14,14.53,14.03,14.46,8413647.52
1704441600,14.46,14.66,14.18,14.2,10891278.21
1704456000,14.2,14.25,13.83,14.04,8386185.890000001
1704470400,14.04,14.12,13.74,13.82,10860312.81
1704484800,13.82,14.1,13.81,14.1,7246209.73
1704499200,14.1,14.11,13.78,13.84,4080711.57
1704513600,13.84,13.88,13.2,13.35,7259787.35
1704528000,13.35,13.61,13.24,13.57,4862194.88
1704542400,13.57,13.67,13.4,13.63,3455926.54
1704556800,13.63,13.7,13.49,13.53,3241431.91
1704571200,13.53,13.57,13.27,13.44,2738858.01
1704585600,13.44,13.67,13.4,13.57,3297534.08
1704600000,13.57,13.74,13.57,13.65,2597068.67
1704614400,13.65,13.71,13.4,13.51,2048624.38
1704628800,13.51,13.68,13.42,13.48,2582769.07
1704643200,13.48,13.61,13.3,13.58,2577150.02
1704657600,13.58,13.62,13.0,13.16,4802393.800000001
1704672000,13.16,13.38,12.54,12.85,11248566.52
1704686400,12.85,13.57,12.79,13.49,5067991.5
1704700800,13.49,13.57,13.22,13.5,2947715.79
1704715200,13.5,13.86,13.5,13.59,6378209.67
1704729600,13.59,14.41,13.53,14.4,10635438.89
1704744000,14.4,14.42,14.11,14.15,3876362.04
1704758400,14.15,14.27,13.87,14.0,4078796.55
1704772800,14.0,14.19,13.93,14.06,4092212.93
1704787200,14.06,14.16,13.7,13.81,2982671.04
1704801600,13.81,13.88,13.28,13.57,9438198.27
1704816000,13.57,13.73,13.42,13.65,5749710.140000001
1704830400,13.65,13.85,13.36,13.72,11594324.15
1704844800,13.72,13.96,13.57,13.64,5044738.34
1704859200,13.64,13.8,13.6,13.68,1786847.17
1704873600,13.68,14.46,13.58,14.24,13057716.42
1704888000,14.24,14.39,13.62,14.26,8602682.77
1704902400,14.26,14.34,14.01,14.33,5220216.89
1704916800,14.33,15.36,14.0,15.08,19528735.33
1704931200,15.08,15.11,14.79,14.99,5613140.15
1704945600,14.99,15.0,14.61,14.84,3233191.84
1704960000,14.84,15.35,14.79,15.34,5265769.67
1704974400,15.34,15.69,14.89,15.03,15410551.06
1704988800,15.03,15.14,14.69,15.12,7518017.26
1705003200,15.12,15.18,14.83,15.02,3671482.81
1705017600,15.02,15.06,14.75,14.79,2164988.48
1705032000,14.79,14.99,14.7,14.77,1879078.94
1705046400,14.77,15.0,14.65,14.98,2270314.7800000003
1705060800,14.98,15.3,14.73,14.77,8074062.46
1705075200,14.77,14.93,14.0,14.32,7778539.96
1705089600,14.32,14.44,13.61,14.15,7068080.13
1705104000,14.15,14.21,13.79,14.03,2254107.23
1705118400,14.03,14.24,14.02,14.17,1044547.75
1705132800,14.17,14.27,14.0,14.23,1422963.59
1705147200,14.23,14.35,14.12,14.24,1653164.76
1705161600,14.24,14.32,14.12,14.27,1973285.38
1705176000,14.27,14.43,14.27,14.35,2422657.4
1705190400,14.35,14.6,14.27,14.44,2998324.97
1705204800,14.44,15.23,14.41,14.87,9715469.3
1705219200,14.87,15.28,14.84,15.08,6031918.13
1705233600,15.08,15.32,14.95,15.22,6503218.52
1705248000,15.22,15.41,14.9,14.92,5915758.970000001
1705262400,14.92,15.3,14.74,14.75,7825981.53
1705276800,14.75,15.85,14.74,15.58,13572659.8
1705291200,15.58,15.68,15.42,15.43,4804987.94
1705305600,15.43,15.83,15.43,15.64,5422430.19
1705320000,15.64,16.0,15.22,15.31,14551548.67
1705334400,15.31,15.68,15.24,15.32,6557632.869999999
1705348800,15.32,15.41,14.99,15.18,4109092.66
1705363200,15.18,15.35,15.05,15.32,3527630.54
1705377600,15.32,15.32,15.01,15.09,3421362.17
1705392000,15.09,15.23,14.96,15.06,2233044.21
1705406400,15.06,15.17,14.74,15.05,6510440.98
1705420800,15.05,15.16,14.96,15.09,3874565.57
1705435200,15.09,15.35,15.09,15.27,3842485.79
1705449600,15.27,15.87,15.27,15.83,11801166.25
1705464000,15.83,15.99,15.72,15.76,9451985.67
1705478400,15.76,16.11,15.6,15.81,8121765.119999999
1705492800,15.81,16.38,15.73,16.1,11817900.44
1705507200,16.1,16.15,15.59,15.89,10444186.37
1705521600,15.89,15.98,15.5,15.75,5699876.45
1705536000,15.75,15.76,15.23,15.28,6290248.42
1705550400,15.28,15.5,15.21,15.44,3286219.67
1705564800,15.44,15.44,15.16,15.43,4014864.11
1705579200,15.43,15.53,15.06,15.16,9682038.24
1705593600,15.16,15.16,14.18,14.3,16981012.759999998
1705608000,14.3,14.7,14.22,14.65,7731412.17
1705622400,14.65,14.82,14.46,14.79,3874275.74
1705636800,14.79,15.03,14.7,15.03,4676187.2
1705651200,15.03,15.64,14.88,15.5,11028583.51
1705665600,15.5,15.61,15.03,15.14,10682406.43
1705680000,15.14,15.53,14.63,15.51,14063644.72
1705694400,15.51,16.4,15.37,16.1,16303622.44
1705708800,16.1,16.4,15.76,16.0,14043209.63
1705723200,16.0,16.5,16.0,16.39,12866866.68
1705737600,16.39,16.54,15.83,16.0,9304293.15
1705752000,16.0,16.06,15.73,15.74,6074124.6
1705766400,15.74,15.91,15.64,15.81,3589206.88
1705780800,15.81,15.89,15.69,15.77,4382978.68
1705795200,15.77,15.77,15.51,15.67,3525932.96
1705809600,15.67,15.67,15.47,15.63,2074306.86
1705824000,15.63,15.9,15.55,15.74,4018464.72
1705838400,15.74,15.8,15.43,15.48,3187172.88
1705852800,15.48,15.59,15.38,15.5,2950940.63
1705867200,15.5,15.57,15.36,15.38,2390161.6500000004
1705881600,15.38,15.71,15.22,15.57,7291181.189999999
1705896000,15.57,15.95,15.48,15.66,9068308.38
1705910400,15.66,15.72,14.95,15.16,8350355.06
1705924800,15.16,15.42,14.79,15.07,7958821.75
1705939200,15.07,15.14,14.53,14.7,11419151.6
1705953600,14.7,14.94,14.49,14.58,5370752.94
1705968000,14.58,14.87,14.56,14.69,3819527.49
1705982400,14.69,14.86,14.49,14.54,3769492.9
1705996800,14.54,14.6,13.86,13.97,13237380.7
1706011200,13.97,14.19,13.56,14.11,11437220.6
1706025600,14.11,14.22,13.84,13.86,9607192.14
1706040000,13.86,14.32,13.78,14.29,6847223.709999999
1706054400,14.29,14.36,14.06,14.11,3614132.62
1706068800,14.11,14.29,14.03,14.13,3563047.74
1706083200,14.13,14.42,14.1,14.26,4206877.9
1706097600,14.26,14.34,13.98,14.14,3937977.77
1706112000,14.14,14.32,13.95,14.04,8010248.449999999
1706126400,14.04,14.26,13.91,14.23,3695718.07
1706140800,14.23,14.25,13.95,14.01,3072624.18
1706155200,14.01,14.04,13.85,14.02,3617129.73
1706169600,14.02,14.05,13.76,13.84,3678481.27
1706184000,13.84,13.9,13.51,13.58,6866608.65
1706198400,13.58,13.83,13.51,13.78,3686099.3
1706212800,13.78,13.87,13.72,13.73,2821916.12
1706227200,13.73,13.91,13.63,13.85,3287963.64
1706241600,13.85,13.91,13.71,13.72,1622412.7
1706256000,13.72,14.18,13.72,14.17,3755004.37
1706270400,14.17,14.21,13.95,14.2,5171334.25
1706284800,14.2,14.29,14.11,14.15,6556061.88
1706299200,14.15,14.21,14.05,14.19,2279728.75
1706313600,14.19,14.3,14.17,14.29,2276200.26
1706328000,14.29,14.35,14.1,14.13,1798519.04
1706342400,14.13,14.27,14.09,14.24,1178225.21
1706356800,14.24,14.34,14.21,14.29,1290707.67
1706371200,14.29,14.4,14.24,14.37,2261989.29
1706385600,14.37,14.39,14.3,14.34,2087025.94
1706400000,14.34,14.58,14.27,14.56,4226353.9
1706414400,14.56,14.64,14.44,14.48,3301849.43
1706428800,14.48,14.69,14.44,14.51,2418341.33
1706443200,14.51,14.57,14.31,14.4,2365841.0
1706457600,14.4,14.49,14.21,14.27,3375731.85
1706472000,14.27,14.53,14.21,14.49,2489010.29
1706486400,14.49,14.86,14.41,14.72,6839886.140000001
1706500800,14.72,14.82,14.58,14.59,3055711.99
1706515200,14.59,14.71,14.49,14.55,1778112.61
1706529600,14.55,14.75,14.26,14.7,4990389.779999999
1706544000,14.7,15.07,14.58,14.98,8682409.02
1706558400,14.98,15.08,14.94,15.0,3983607.54
1706572800,15.0,15.14,14.9,14.96,6555239.6
1706587200,14.96,15.05,14.94,15.0,1791474.93
1706601600,15.0,15.25,14.95,15.23,3482668.1100000003
1706616000,15.23,15.59,14.97,15.59,12649707.53
1706630400,15.59,15.8,15.57,15.64,9181862.07
1706644800,15.64,15.71,15.38,15.47,4999948.42
1706659200,15.47,15.93,15.38,15.84,9780603.06
1706673600,15.84,16.05,15.79,15.81,6200001.24
1706688000,15.81,15.94,15.42,15.77,4792119.75
1706702400,15.77,15.83,15.28,15.7,8598688.02
1706716800,15.7,15.85,15.52,15.73,8858761.24
1706731200,15.73,15.74,15.08,15.42,9307872.75
1706745600,15.42,15.62,15.14,15.18,8721442.4
1706760000,15.18,15.82,15.15,15.77,7976783.49
1706774400,15.77,15.81,15.46,15.55,5733864.1
1706788800,15.55,16.92,15.55,16.68,24899812.68
1706803200,16.68,17.02,16.48,16.94,20971804.8
1706817600,16.94,17.38,16.88,17.18,21581916.65
1706832000,17.18,18.0,17.14,17.86,21261567.88
1706846400,17.86,18.24,17.71,18.11,18551185.42
1706860800,18.11,18.19,17.8,17.82,10140928.32
1706875200,17.82,18.86,17.7,18.73,30021307.39
1706889600,18.73,18.87,18.0,18.22,21021195.29
1706904000,18.22,18.22,17.54,17.82,15405730.29
1706918400,17.82,17.94,17.51,17.52,9286192.62
1706932800,17.52,17.83,17.52,17.71,4105242.3
1706947200,17.71,18.13,17.7,17.95,6388415.42
1706961600,17.95,18.09,17.79,18.09,6923950.73
1706976000,18.09,18.09,17.66,17.74,7783602.01
1706990400,17.74,17.77,17.52,17.65,2954921.43
1707004800,17.65,17.98,17.65,17.89,4178630.94
1707019200,17.89,17.89,17.54,17.62,3122384.36
1707033600,17.62,18.29,17.59,18.16,5753625.18
1707048000,18.16,18.37,18.04,18.21,7993084.09
1707062400,18.21,18.69,18.16,18.3,14409639.9
1707076800,18.3,18.66,18.11,18.15,10264363.69
1707091200,18.15,18.49,17.79,18.44,8959229.59
1707105600,18.44,18.87,18.39,18.69,12380792.32
1707120000,18.69,19.74,18.54,19.68,29650426.66
1707134400,19.68,19.77,19.1,19.25,25627625.16
1707148800,19.25,19.35,19.09,19.13,10821610.0
1707163200,19.13,19.17,18.75,19.14,11441824.51
1707177600,19.14,19.3,18.83,18.88,6363423.79
1707192000,18.88,19.09,18.79,19.06,4987330.57
1707206400,19.06,19.29,18.6,18.76,7651443.22
1707220800,18.76,18.86,18.45,18.63,10292424.83
1707235200,18.63,18.78,18.39,18.55,11659591.67
1707249600,18.55,18.59,18.25,18.29,7134883.0600000005
1707264000,18.29,18.39,18.06,18.28,7199983.109999999
1707278400,18.28,18.52,18.16,18.37,6333189.25
1707292800,18.37,18.63,18.21,18.27,4460784.29
1707307200,18.27,18.43,18.16,18.41,3650294.44
1707321600,18.41,18.68,18.35,18.46,8728638.04
1707336000,18.46,19.07,18.46,18.81,15951994.47
1707350400,18.81,18.99,18.67,18.83,9971999.42
1707364800,18.83,19.26,18.74,19.15,8723757.29
1707379200,19.15,19.15,18.67,18.68,8006080.85
1707393600,18.68,18.74,18.33,18.66,17347011.61
1707408000,18.66,18.7,18.08,18.16,10283592.74
1707422400,18.16,18.32,18.01,18.22,5115281.9
1707436800,18.22,18.5,18.02,18.24,6897961.86
1707451200,18.24,18.42,18.12,18.35,3563421.02
1707465600,18.35,18.49,18.19,18.41,5577664.78
1707480000,18.41,18.62,18.15,18.38,11496846.1
1707494400,18.38,18.5,18.2,18.25,6936279.97
1707508800,18.25,18.62,18.25,18.48,7684895.35
1707523200,18.48,18.77,18.27,18.67,5133325.42
1707537600,18.67,18.7,18.33,18.36,3992075.31
1707552000,18.36,18.46,18.02,18.17,5020449.840000001
1707566400,18.17,18.45,18.16,18.37,3737622.77
1707580800,18.37,18.7,18.32,18.63,4080707.85
1707595200,18.63,19.13,18.61,19.09,9164135.74
1707609600,19.09,19.8,18.87,19.64,16246376.7
1707624000,19.64,20.49,19.63,20.35,18818655.26
1707638400,20.35,20.69,20.33,20.57,11978610.34
1707652800,20.57,20.61,19.92,20.29,12153281.44
1707667200,20.29,20.38,20.02,20.27,7675888.48
1707681600,20.27,20.37,20.05,20.15,3578423.86
1707696000,20.15,20.63,19.77,20.02,10325752.49
1707710400,20.02,20.42,19.96,20.23,5272557.91
1707724800,20.23,20.51,19.96,20.47,4248247.91
1707739200,20.47,20.8,19.89,20.27,18877103.73
1707753600,20.27,20.85,20.15,20.62,18666892.64
1707768000,20.62,20.82,20.45,20.48,9416291.3
1707782400,20.48,20.6,20.08,20.1,11177552.63
1707796800,20.1,20.28,20.08,20.12,4830435.109999999
1707811200,20.12,20.26,20.01,20.11,4552759.51
1707825600,20.11,20.19,19.54,19.87,21742034.35
1707840000,19.87,19.91,19.61,19.65,8070737.19
1707854400,19.65,19.92,19.64,19.88,3627135.28
1707868800,19.88,20.19,19.72,20.1,5030367.2
1707883200,20.1,20.12,19.91,20.09,2596268.1
1707897600,20.09,20.44,19.96,20.27,12349396.33
1707912000,20.27,20.35,19.86,20.11,14075965.32
1707926400,20.11,20.26,19.98,20.19,5497052.95
1707940800,20.19,20.4,20.16,20.26,6092860.28
1707955200,20.26,20.55,20.03,20.18,12744025.34
1707969600,20.18,20.2,19.83,19.96,5881938.9
1707984000,19.96,20.26,19.94,20.03,4574669.97
1707998400,20.03,20.23,19.79,19.88,11121292.87
1708012800,19.88,20.31,19.67,20.08,8149885.84
1708027200,20.08,20.13,19.75,19.95,5603448.44
1708041600,19.95,20.09,19.81,20.05,4528026.63
1708056000,20.05,20.33,19.86,19.87,8209588.100000001
1708070400,19.87,20.01,19.65,19.89,4630909.9
1708084800,19.89,20.2,19.16,19.51,12642602.38
1708099200,19.51,19.69,19.24,19.31,9330888.14
1708113600,19.31,19.6,19.28,19.57,4554750.17
1708128000,19.57,19.59,19.28,19.54,2920257.43
1708142400,19.54,19.6,19.42,19.59,2137608.75
1708156800,19.59,19.62,19.31,19.53,3160453.92
1708171200,19.53,19.87,19.24,19.6,8402204.709999999
1708185600,19.6,20.1,19.57,20.09,7794265.9
1708200000,20.09,20.28,20.02,20.04,5808950.84
1708214400,20.04,20.06,19.77,19.9,4212449.11
1708228800,19.9,20.13,19.85,19.99,1600574.14
1708243200,19.99,20.12,19.9,20.03,2348919.28
1708257600,20.03,20.1,19.86,19.92,2025507.28
1708272000,19.92,20.19,19.84,20.0,5644515.24
1708286400,20.0,20.38,19.86,20.12,6477611.15
1708300800,20.12,20.24,20.0,20.05,3909378.02
1708315200,20.05,20.23,19.9,20.21,3623526.92
1708329600,20.21,20.22,19.78,19.91,4750163.53
1708344000,19.91,19.92,19.65,19.79,5471646.0600000005
1708358400,19.79,20.17,19.78,20.04,9450382.16
1708372800,20.04,20.18,19.8,19.83,6378553.42
1708387200,19.83,19.88,19.53,19.59,4255225.68
1708401600,19.59,19.82,19.5,19.59,2935493.44
1708416000,19.59,19.67,19.23,19.59,5611779.95
1708430400,19.59,19.71,18.54,18.97,17538754.9
1708444800,18.97,19.21,18.61,19.2,8008333.300000001
1708459200,19.2,19.49,19.13,19.3,6645019.08
1708473600,19.3,19.3,18.94,18.99,4884464.8
1708488000,18.99,19.04,18.66,18.74,4898999.92
1708502400,18.74,18.85,18.23,18.29,6151043.91
1708516800,18.29,18.57,18.13,18.38,8885008.05
1708531200,18.38,18.49,18.01,18.27,9023473.4
1708545600,18.27,18.61,18.18,18.6,5919131.65
1708560000,18.6,18.63,18.13,18.34,4245930.100000001
1708574400,18.34,18.8,18.28,18.79,4412418.890000001
1708588800,18.79,19.0,18.63,18.65,5911700.890000001
1708603200,18.65,18.71,18.16,18.49,8475090.55
1708617600,18.49,18.52,18.26,18.37,4974657.5
1708632000,18.37,18.61,18.07,18.11,7338277.26
1708646400,18.11,18.27,17.84,17.91,6078108.180000001
1708660800,17.91,18.11,17.82,17.93,3403211.48
1708675200,17.93,18.05,17.73,17.96,4629428.05
1708689600,17.96,18.05,17.75,17.87,8652870.93
1708704000,17.87,18.16,17.59,18.15,7926951.63
1708718400,18.15,18.24,17.75,17.93,4688390.91
1708732800,17.93,18.19,17.75,18.17,3046771.23
1708747200,18.17,18.46,18.13,18.44,4635132.05
1708761600,18.44,18.48,18.32,18.38,2252871.64
1708776000,18.38,18.38,18.21,18.23,2165812.06
1708790400,18.23,18.51,18.23,18.48,3478428.12
1708804800,18.48,18.56,18.4,18.53,2652396.19
1708819200,18.53,18.67,18.41,18.53,2230218.55
1708833600,18.53,18.64,18.44,18.55,1105828.75
1708848000,18.55,18.56,18.37,18.55,1236373.91
1708862400,18.55,18.82,18.54,18.62,2641688.79
1708876800,18.62,18.79,18.5,18.73,5911664.98
1708891200,18.73,18.85,18.65,18.72,3486322.98
1708905600,18.72,18.85,18.56,18.66,2394579.22
1708920000,18.66,18.67,18.44,18.46,1670936.94
1708934400,18.46,18.55,18.14,18.24,3031753.4400000004
1708948800,18.24,18.9,18.14,18.87,11447339.05
1708963200,18.87,19.22,18.8,19.22,10645408.1
1708977600,19.22,19.28,19.02,19.11,9321918.08
1708992000,19.11,19.32,18.96,19.03,10175931.09
1709006400,19.03,19.15,18.97,19.01,4162327.38
1709020800,19.01,19.38,19.0,19.27,3012074.92
1709035200,19.27,19.34,18.79,18.85,9373642.35
1709049600,18.85,19.17,18.69,19.11,7919475.88
1709064000,19.11,19.23,19.02,19.03,3804588.94
1709078400,19.03,19.11,18.81,18.9,4479620.28
1709092800,18.9,19.16,18.9,19.14,3538620.8600000003
1709107200,19.14,19.62,19.09,19.25,11003773.8
1709121600,19.25,20.79,19.14,19.77,46449937.97
1709136000,19.77,20.32,18.4,18.88,39857274.32
1709150400,18.88,19.46,18.76,19.45,11879963.37
1709164800,19.45,19.77,19.27,19.48,13701433.8
1709179200,19.48,20.14,19.42,20.07,12771007.05
1709193600,20.07,20.46,19.94,20.1,10999995.32
1709208000,20.1,20.41,19.89,20.15,13438144.59
1709222400,20.15,20.17,19.44,19.75,15308250.63
1709236800,19.75,19.81,18.83,19.28,12993221.4
1709251200,19.28,19.78,19.28,19.55,7983399.880000001
1709265600,19.55,19.84,19.54,19.72,6069894.77
1709280000,19.72,20.06,19.68,19.89,4229641.43
1709294400,19.89,20.02,19.59,19.68,7188239.0
1709308800,19.68,20.0,19.65,19.87,7932532.42
1709323200,19.87,20.11,19.77,20.06,7352732.7
1709337600,20.06,20.69,19.98,20.66,16519361.98
1709352000,20.66,21.47,20.62,21.24,27939091.26
1709366400,21.24,21.28,20.67,20.78,7161052.93
1709380800,20.78,21.35,20.76,21.14,13711344.920000002
1709395200,21.14,21.71,21.14,21.39,14498951.38
1709409600,21.39,21.47,21.14,21.42,8019925.24
1709424000,21.42,21.54,21.06,21.28,6247863.18
1709438400,21.28,21.35,19.6,20.26,13919845.88
1709452800,20.26,20.52,20.03,20.52,7748195.95
1709467200,20.52,20.71,20.37,20.56,4254603.98
1709481600,20.56,20.68,20.44,20.57,9401943.93
1709496000,20.57,20.7,20.43,20.52,6435722.359999999
1709510400,20.52,20.9,20.17,20.25,13491574.86
1709524800,20.25,20.45,20.16,20.38,4489997.88
1709539200,20.38,20.81,20.3,20.49,8220284.84
1709553600,20.49,20.77,20.15,20.51,12204938.04
1709568000,20.51,20.55,19.85,20.36,17975682.11
1709582400,20.36,20.61,20.27,20.44,11404712.06
1709596800,20.44,20.45,19.98,20.15,12903419.79
1709611200,20.15,21.06,20.07,20.44,23841711.07
1709625600,20.44,20.9,20.25,20.73,6349808.04
1709640000,20.73,20.81,20.29,20.5,16841322.17
1709654400,20.5,20.6,17.33,17.77,48941149.67
1709668800,17.77,19.07,17.72,19.01,28156801.82
1709683200,19.01,19.14,18.42,18.63,8355354.6
1709697600,18.63,19.54,18.59,19.52,9543244.4
1709712000,19.52,19.79,19.38,19.59,10214069.99
1709726400,19.59,19.69,19.01,19.38,18651111.86
1709740800,19.38,20.11,19.37,19.97,15073601.94
1709755200,19.97,20.16,19.89,20.1,9740608.68
1709769600,20.1,20.64,19.91,19.98,16578434.44
1709784000,19.98,20.07,19.61,19.96,6142988.91
1709798400,19.96,20.04,19.82,19.93,3468968.38
1709812800,19.93,20.21,19.72,20.1,8606942.29
1709827200,20.1,20.23,20.0,20.12,17492380.509999998
1709841600,20.12,20.24,20.0,20.12,10074754.91
1709856000,20.12,20.41,19.92,20.0,5166180.59
1709870400,20.0,20.04,19.74,19.84,5642829.83
1709884800,19.84,20.04,19.78,20.02,4734025.01
1709899200,20.02,20.21,19.29,19.72,15744532.6
1709913600,19.72,20.0,19.26,19.79,16904330.669999998
1709928000,19.79,19.88,19.6,19.75,6660210.17
1709942400,19.75,20.18,19.71,20.1,6230961.28
1709956800,20.1,20.21,20.0,20.01,4456152.86
1709971200,20.01,20.08,19.71,19.98,2905944.96
1709985600,19.98,20.32,19.97,20.24,5588051.03
1710000000,20.24,20.36,19.85,19.94,9125511.1
1710014400,19.94,20.11,19.94,20.02,3814103.0
1710028800,20.02,20.11,19.88,19.93,4918434.8100000005
1710043200,19.93,20.08,19.87,20.07,2866104.59
1710057600,20.07,20.13,19.68,19.89,6003224.87
1710072000,19.89,20.03,19.43,19.61,7439880.46
1710086400,19.61,19.88,19.58,19.88,4253504.61
1710100800,19.88,21.98,19.72,21.71,41889112.62
1710115200,21.71,22.87,20.81,21.23,63148954.3
1710129600,21.23,21.52,21.02,21.33,15004550.25
1710144000,21.33,21.6,21.08,21.37,13073823.65
1710158400,21.37,21.62,21.05,21.2,17524987.6
1710172800,21.2,21.45,20.94,21.15,13339185.48
1710187200,21.15,21.46,21.14,21.28,9468516.61
1710201600,21.28,21.35,20.79,20.84,9277184.51
1710216000,20.84,20.87,20.43,20.59,6808545.8
1710230400,20.59,20.72,20.09,20.5,7699642.7
1710244800,20.5,20.8,20.16,20.53,12713153.26
1710259200,20.53,20.72,19.58,20.72,22617905.2
1710273600,20.72,20.74,20.45,20.7,5335125.84
1710288000,20.7,20.91,20.49,20.71,8287787.03
1710302400,20.71,20.96,20.51,20.8,7602981.76
1710316800,20.8,20.96,20.67,20.72,6479332.92
1710331200,20.72,20.75,20.22,20.41,9960381.73
1710345600,20.41,20.5,20.3,20.45,5507606.93
1710360000,20.45,20.82,20.28,20.77,6784347.2
1710374400,20.77,20.83,20.56,20.63,5992143.899999999
1710388800,20.63,20.64,20.33,20.46,4245118.140000001
1710403200,20.46,21.65,20.45,21.63,18591229.12
1710417600,21.63,21.96,20.44,20.56,25880710.35
1710432000,20.56,21.47,19.87,20.24,24140768.81
1710446400,20.24,21.29,20.22,20.88,13898319.39
1710460800,20.88,20.98,18.87,19.56,22112058.450000003
1710475200,19.56,19.71,19.11,19.57,11237881.58
1710489600,19.57,19.57,18.5,19.23,17090449.18
1710504000,19.23,19.59,19.13,19.4,8287767.51
1710518400,19.4,19.85,19.19,19.37,11529254.64
1710532800,19.37,19.65,18.99,19.63,7504929.42
1710547200,19.63,19.82,19.32,19.41,6962625.59
1710561600,19.41,19.61,19.12,19.61,5130673.74
1710576000,19.61,19.64,19.13,19.31,4929114.54
1710590400,19.31,19.36,18.66,19.01,8603479.040000001
1710604800,19.01,19.01,18.03,18.18,13589480.12
1710619200,18.18,18.47,17.81,18.11,10874549.05
1710633600,18.11,18.39,17.87,18.39,7000935.16
1710648000,18.39,18.4,17.39,17.66,7489487.72
1710662400,17.66,18.47,17.55,18.32,6727771.81
1710676800,18.32,18.58,17.91,18.51,7221713.12
1710691200,18.51,18.69,18.44,18.68,6635611.89
1710705600,18.68,18.81,18.51,18.65,5434083.0600000005
1710720000,18.65,19.15,18.2,18.9,10652159.51
1710734400,18.9,19.49,18.77,19.46,8997248.18
1710748800,19.46,19.48,18.72,19.23,6930256.32
1710763200,19.23,19.28,18.25,18.59,12469000.83
1710777600,18.59,18.84,18.05,18.19,8630204.41
1710792000,18.19,18.64,18.19,18.3,3999187.62
1710806400,18.3,18.46,17.38,17.7,15996179.21
1710820800,17.7,17.77,16.73,17.33,12075288.38
1710835200,17.33,17.34,16.5,17.31,19352368.1
1710849600,17.31,17.81,17.26,17.75,14524471.76
1710864000,17.75,17.96,17.48,17.62,8312652.92
1710878400,17.62,17.64,16.51,16.81,10300398.21
1710892800,16.81,17.25,16.76,16.85,8713238.07
1710907200,16.85,17.41,16.27,17.32,10516512.39
1710921600,17.32,17.45,17.07,17.41,4532041.25
1710936000,17.41,17.69,17.26,17.32,10118564.12
1710950400,17.32,18.14,16.6,18.08,16481989.669999998
1710964800,18.08,18.5,18.01,18.42,10036915.66
1710979200,18.42,18.54,18.22,18.31,6066878.62
1710993600,18.31,18.4,17.88,18.14,3824365.81
1711008000,18.14,18.35,18.1,18.24,3333203.7800000003
1711022400,18.24,18.77,18.2,18.48,11646824.92
1711036800,18.48,18.91,18.07,18.55,11227001.08
1711051200,18.55,18.82,18.29,18.45,5687648.350000001
1711065600,18.45,18.57,18.0,18.47,5384449.89
1711080000,18.47,18.51,18.33,18.39,3586389.2700000005
1711094400,18.39,18.46,17.88,17.89,4595627.9
1711108800,17.89,18.11,17.33,17.73,9532251.45
1711123200,17.73,18.34,17.54,18.3,7482874.26
1711137600,18.3,18.37,17.63,18.37,7288488.66
1711152000,18.37,18.47,17.9,18.12,5783048.35
1711166400,18.12,18.47,18.11,18.37,3815067.97
1711180800,18.37,18.46,18.23,18.41,3902075.8
1711195200,18.41,18.45,18.12,18.33,6978592.7700000005
1711209600,18.33,18.47,18.27,18.34,4496980.83
1711224000,18.34,18.37,18.03,18.07,2111404.11
1711238400,18.07,18.34,18.01,18.03,2469726.83
1711252800,18.03,18.18,17.98,18.15,956189.83
1711267200,18.15,18.37,18.13,18.36,1827753.77
1711281600,18.36,18.44,18.26,18.28,2241189.24
1711296000,18.28,18.33,18.02,18.2,3474880.56
1711310400,18.2,18.62,18.15,18.52,4908955.39
1711324800,18.52,18.74,18.37,18.69,3452419.12
1711339200,18.69,19.01,18.59,18.62,3543325.1
1711353600,18.62,19.04,18.62,18.9,3995306.69
1711368000,18.9,19.39,18.85,19.31,11062185.94
1711382400,19.31,19.49,19.28,19.46,8140905.800000001
1711396800,19.46,19.48,19.19,19.38,4489679.45
1711411200,19.38,19.78,19.33,19.77,5835239.51
1711425600,19.77,20.09,19.72,19.88,5187605.45
1711440000,19.88,20.61,19.81,20.42,10968706.12
1711454400,20.42,20.73,19.84,20.19,14459058.71
1711468800,20.19,20.27,19.65,19.65,7066327.44
1711483200,19.65,20.08,19.65,20.01,3764482.5
1711497600,20.01,20.18,19.81,19.82,4228583.76
1711512000,19.82,19.86,19.51,19.58,2519712.42
1711526400,19.58,19.73,19.3,19.72,4585090.32
1711540800,19.72,19.96,19.05,19.13,12674855.93
1711555200,19.13,19.38,19.0,19.25,6212689.61
1711569600,19.25,19.53,19.11,19.28,6928042.09
1711584000,19.28,19.4,19.04,19.18,3532203.85
1711598400,19.18,19.54,19.16,19.53,2021146.72
1711612800,19.53,19.8,19.43,19.59,6553160.0600000005
1711627200,19.59,19.66,19.16,19.34,9401228.79
1711641600,19.34,19.38,19.14,19.21,4009211.99
1711656000,19.21,19.28,19.07,19.15,2832267.05
1711670400,19.15,19.21,18.9,19.01,3298878.4
1711684800,19.01,19.1,18.72,18.79,2121060.63
1711699200,18.79,19.01,18.77,18.97,2750052.02
1711713600,18.97,19.29,18.8,18.97,5937783.1
1711728000,18.97,19.04,18.76,18.95,3606866.55
1711742400,18.95,19.07,18.79,18.98,1739857.21
1711756800,18.98,19.04,18.8,18.83,2996619.65
1711771200,18.83,19.17,18.81,19.07,2477680.46
1711785600,19.07,19.22,18.89,19.2,1772929.41
1711800000,19.2,19.3,19.12,19.14,2316704.66
1711814400,19.14,19.22,18.91,19.09,3560100.04
1711828800,19.09,19.29,18.85,18.95,2605174.96
1711843200,18.95,19.07,18.88,18.97,1379676.38
1711857600,18.97,19.35,18.93,19.25,3317842.59
1711872000,19.25,19.27,19.0,19.02,1866284.07
1711886400,19.02,19.12,19.01,19.07,2447644.45
1711900800,19.07,19.16,18.97,19.1,3553157.5900000003
1711915200,19.1,19.17,18.98,19.17,3727405.01
1711929600,19.17,19.28,19.06,19.18,2757573.98
1711944000,19.18,19.21,18.26,18.65,8526074.07
1711958400,18.65,18.65,18.34,18.36,3135120.15
1711972800,18.36,18.56,17.92,17.94,6224660.01
1711987200,17.94,18.24,17.85,18.23,5374527.0
1712001600,18.23,18.44,18.17,18.37,2980100.54
1712016000,18.37,18.37,17.4,17.71,10305133.82
1712030400,17.71,18.49,17.61,18.31,7716213.73
1712044800,18.31,18.37,17.73,18.03,7776252.97
1712059200,18.03,18.22,17.59,17.62,7358112.83
1712073600,17.62,17.99,17.54,17.95,6503070.22
1712088000,17.95,18.15,17.88,17.96,4288146.13
1712102400,17.96,18.34,17.46,18.13,7473112.37
1712116800,18.13,18.18,17.97,18.04,2295383.14
1712131200,18.04,18.26,17.91,18.01,4284311.36
1712145600,18.01,18.13,17.78,17.9,3842750.18
1712160000,17.9,18.02,17.6,17.65,3869845.4
1712174400,17.65,17.75,17.39,17.69,3948977.85
1712188800,17.69,18.02,17.58,17.58,4511738.04
1712203200,17.58,17.97,17.4,17.89,4239597.29
1712217600,17.89,17.95,17.82,17.86,2726069.65
1712232000,17.86,18.14,17.85,18.03,3947815.09
1712246400,18.03,18.27,17.86,17.86,4450126.94
1712260800,17.86,17.9,17.52,17.8,5226150.24
1712275200,17.8,17.8,17.26,17.52,3424073.35
1712289600,17.52,17.54,17.11,17.27,3107145.42
1712304000,17.27,17.43,16.98,16.99,4045248.08
1712318400,16.99,17.51,16.88,17.5,4557897.53
1712332800,17.5,17.56,17.29,17.35,2847689.56
1712347200,17.35,17.44,17.27,17.33,2174732.16
1712361600,17.33,17.45,17.27,17.37,1171514.86
1712376000,17.37,17.5,17.33,17.48,960665.77
1712390400,17.48,17.67,17.47,17.62,1188647.64
1712404800,17.62,17.64,17.4,17.52,2583568.46
1712419200,17.52,17.56,17.41,17.42,1191835.01
1712433600,17.42,17.68,17.42,17.56,1383558.0
1712448000,17.56,17.81,17.51,17.78,2178779.61
1712462400,17.78,17.81,17.53,17.61,2104058.98
1712476800,17.61,17.77,17.61,17.75,688329.26
1712491200,17.75,17.84,17.68,17.68,2041082.5
1712505600,17.68,17.97,17.57,17.62,2669733.39
1712520000,17.62,17.94,17.61,17.92,1305834.79
1712534400,17.92,17.92,17.59,17.64,2026873.53
1712548800,17.64,17.99,17.55,17.96,1159446.42
1712563200,17.96,18.67,17.95,18.59,7145883.5600000005
1712577600,18.59,18.66,18.21,18.28,5393571.21
1712592000,18.28,18.35,18.01,18.09,5017409.529999999
1712606400,18.09,18.24,18.04,18.1,2728217.06
1712620800,18.1,18.18,17.88,17.91,2485807.02
1712635200,17.91,18.02,17.7,17.71,1977659.62
1712649600,17.71,17.84,17.47,17.83,2764482.17
1712664000,17.83,17.88,17.25,17.52,5054986.01
1712678400,17.52,17.64,17.34,17.6,4663387.62
1712692800,17.6,17.64,17.28,17.36,3198002.09
1712707200,17.36,17.46,17.08,17.39,3342432.17
1712721600,17.39,17.57,17.37,17.45,1805688.86
1712736000,17.45,17.52,17.26,17.39,2777034.08
1712750400,17.39,17.43,16.82,17.15,8128081.88
1712764800,17.15,17.38,17.05,17.3,3405584.88
1712779200,17.3,17.55,17.25,17.42,2679883.77
1712793600,17.42,17.45,17.35,17.44,2020809.05
1712808000,17.44,17.58,17.33,17.51,1003381.53
1712822400,17.51,17.61,17.14,17.17,1683902.43
1712836800,17.17,17.4,17.01,17.24,4729700.22
1712851200,17.24,17.43,17.04,17.42,3769723.04
1712865600,17.42,17.62,17.42,17.56,2593622.66
1712880000,17.56,17.86,17.55,17.77,3023323.81
1712894400,17.77,17.87,17.66,17.69,1897250.59
1712908800,17.69,17.83,17.6,17.64,2815014.11
1712923200,17.64,17.64,17.07,17.09,4006972.13
1712937600,17.09,17.16,14.19,14.51,48410944.76
1712952000,14.51,15.19,14.46,15.16,18239278.81
1712966400,15.16,15.25,14.68,15.1,7399632.720000001
1712980800,15.1,15.4,15.06,15.16,4801743.76
1712995200,15.16,15.28,15.02,15.07,3679664.19
1713009600,15.07,15.27,14.89,14.9,5277914.02
1713024000,14.9,14.94,13.21,13.49,25907080.55
1713038400,13.49,13.84,11.98,13.32,45582210.6
1713052800,13.32,13.39,12.76,13.12,11586930.31
1713067200,13.12,13.93,13.05,13.92,12135924.34
1713081600,13.92,14.01,13.42,13.46,5960910.82
1713096000,13.46,13.76,13.34,13.57,6461233.63
1713110400,13.57,13.82,13.15,13.61,11858931.84
1713124800,13.61,14.27,13.38,14.12,9290121.57
1713139200,14.12,14.12,13.73,13.88,4371849.63
1713153600,13.88,14.61,13.72,14.43,7712383.08
1713168000,14.43,14.67,14.34,14.45,5901400.77
1713182400,14.45,14.68,13.83,14.12,9712597.61
1713196800,14.12,14.19,13.24,13.72,11423215.62
1713211200,13.72,13.77,13.35,13.59,4119098.06
1713225600,13.59,13.65,13.26,13.36,4504229.12
1713240000,13.36,13.82,13.0,13.7,4981757.34
1713254400,13.7,13.71,13.12,13.48,3245364.34
1713268800,13.48,13.48,12.92,12.96,6216556.42
1713283200,12.96,13.39,12.83,13.24,4876975.17
1713297600,13.24,13.61,13.22,13.47,2713473.75
1713312000,13.47,13.53,13.31,13.42,1568178.2
1713326400,13.42,13.58,13.35,13.48,2199458.6100000003
1713340800,13.48,13.61,13.23,13.24,2185414.8200000003
1713355200,13.24,13.38,12.82,12.89,5135631.54
1713369600,12.89,13.47,12.73,13.24,4632677.38
1713384000,13.24,13.39,13.1,13.14,2182441.85
1713398400,13.14,13.37,12.88,13.28,2421708.14
1713412800,13.28,13.37,12.88,12.98,2169191.68
1713427200,12.98,13.48,12.82,13.35,1833453.88
1713441600,13.35,13.66,13.1,13.6,3140746.92
1713456000,13.6,13.72,13.42,13.69,2641251.72
1713470400,13.69,13.99,13.63,13.89,2476755.93
1713484800,13.89,13.9,12.76,13.3,7663805.08
1713499200,13.3,13.99,13.19,13.64,4758335.380000001
1713513600,13.64,13.96,13.64,13.82,4104865.16
1713528000,13.82,14.12,13.7,14.01,5534853.0
1713542400,14.01,14.04,13.82,14.03,2797454.44
1713556800,14.03,14.11,13.71,13.96,2461711.94
1713571200,13.96,14.16,13.76,13.97,3600399.53
1713585600,13.97,14.1,13.91,14.05,1992015.81
1713600000,14.05,14.2,13.94,14.18,2630931.7800000003
1713614400,14.18,14.61,14.13,14.61,3581291.39
1713628800,14.61,14.97,14.51,14.93,7348144.609999999
1713643200,14.93,15.04,14.88,14.96,3285257.71
1713657600,14.96,15.08,14.71,14.94,3387728.04
1713672000,14.94,15.0,14.81,14.91,1165535.51
1713686400,14.91,14.96,14.76,14.9,877121.03
1713700800,14.9,14.94,14.71,14.83,1490869.01
1713715200,14.83,14.86,14.54,14.78,1792025.58
1713729600,14.78,15.17,14.75,15.1,3809311.91
1713744000,15.1,15.9,15.02,15.84,7629925.3
1713758400,15.84,16.04,15.58,15.6,9004050.05
1713772800,15.6,15.64,15.29,15.32,2909044.93
1713787200,15.32,15.41,15.16,15.35,4093655.7
1713801600,15.35,15.46,15.21,15.4,3375438.95
1713816000,15.4,15.66,15.39,15.46,2818616.57
1713830400,15.46,15.55,15.31,15.42,2388259.57
1713844800,15.42,15.58,15.24,15.37,3081159.67
1713859200,15.37,15.45,15.23,15.3,2088480.81
1713873600,15.3,15.48,15.23,15.25,2623542.14
1713888000,15.25,15.39,15.11,15.37,3921856.8
1713902400,15.37,15.37,15.13,15.18,2249243.94
1713916800,15.18,15.35,15.1,15.29,1897297.1
1713931200,15.29,15.51,15.29,15.4,1736916.66
1713945600,15.4,15.63,15.37,15.6,1957293.89
1713960000,15.6,15.64,14.69,14.72,5708228.21
1713974400,14.72,15.02,14.63,14.73,5405681.05
1713988800,14.73,14.78,14.22,14.53,7520239.5
1714003200,14.53,14.68,14.38,14.54,2651419.65
1714017600,14.54,14.9,14.4,14.77,1891403.57
1714032000,14.77,14.86,14.43,14.64,2876018.08
1714046400,14.64,14.74,14.36,14.73,3202276.34
1714060800,14.73,14.8,14.64,14.72,3071820.52
1714075200,14.72,14.85,14.55,14.59,1719065.74
1714089600,14.59,14.74,14.36,14.62,1930304.17
1714104000,14.62,14.93,14.55,14.82,2131004.96
1714118400,14.82,14.93,14.51,14.59,1109940.36
1714132800,14.59,14.78,14.38,14.67,3085144.87
1714147200,14.67,14.8,14.63,14.67,2114221.28
1714161600,14.67,14.75,14.43,14.48,2293989.76
1714176000,14.48,14.52,13.98,14.17,6675018.55
1714190400,14.17,14.29,14.11,14.12,2111268.51
1714204800,14.12,14.15,13.94,14.03,1637218.21
1714219200,14.03,14.2,13.92,13.95,2643076.93
1714233600,13.95,14.38,13.87,14.16,5715927.78
1714248000,14.16,14.28,14.09,14.25,1921543.38
1714262400,14.25,14.43,14.21,14.32,2214062.88
1714276800,14.32,14.38,14.25,14.32,1465947.59
1714291200,14.32,14.34,14.0,14.03,2290659.28
1714305600,14.03,14.23,14.02,14.1,1786165.04
1714320000,14.1,14.21,14.06,14.11,2468451.64
1714334400,14.11,14.11,13.73,13.8,2469013.92
1714348800,13.8,14.0,13.75,13.83,2460570.31
1714363200,13.83,14.08,13.79,13.87,2284536.59
1714377600,13.87,13.95,13.73,13.93,1210659.53
1714392000,13.93,14.02,13.72,13.97,2440082.51
1714406400,13.97,14.03,13.83,14.03,1549747.24
1714420800,14.03,14.18,13.91,14.07,3156922.9
1714435200,14.07,14.2,13.79,13.98,3148118.1100000003
1714449600,13.98,14.02,13.88,13.91,2201518.02
1714464000,13.91,13.94,13.16,13.2,5761357.58
1714478400,13.2,13.28,12.99,13.08,4341092.75
1714492800,13.08,13.08,12.79,12.87,5580550.34
1714507200,12.87,13.26,12.87,13.12,3118995.13
1714521600,13.12,13.16,12.95,13.13,2482507.07
1714536000,13.13,13.25,12.64,12.7,6087680.43
1714550400,12.7,12.94,12.41,12.93,6174495.56
1714564800,12.93,13.05,12.72,12.77,5598532.0600000005
1714579200,12.77,13.48,12.66,12.99,9178750.96
1714593600,12.99,13.38,12.95,13.33,3229838.79
1714608000,13.33,13.35,12.92,13.15,2984736.93
1714622400,13.15,13.37,13.13,13.27,1673858.48
1714636800,13.27,13.69,13.26,13.66,2753260.14
1714651200,13.66,13.68,13.38,13.62,3261638.64
1714665600,13.62,13.73,13.5,13.69,2231190.6100000003
1714680000,13.69,13.78,13.53,13.59,3187904.15
1714694400,13.59,13.79,13.52,13.69,2444856.95
1714708800,13.69,13.72,13.48,13.5,2657357.38
1714723200,13.5,13.71,13.46,13.67,2132562.35
1714737600,13.67,13.99,13.62,13.95,5471384.93
1714752000,13.95,14.06,13.87,14.06,2533437.7
1714766400,14.06,14.21,14.03,14.1,4696102.970000001
1714780800,14.1,14.17,13.98,14.09,2228245.94
1714795200,14.09,14.19,14.05,14.14,2935691.8
1714809600,14.14,14.42,14.12,14.19,4305196.58
1714824000,14.19,14.31,14.14,14.27,2251548.73
1714838400,14.27,14.48,14.25,14.39,1860560.79
1714852800,14.39,14.43,14.28,14.32,1837755.24
1714867200,14.32,14.37,14.11,14.21,3205242.2
1714881600,14.21,14.28,14.14,14.24,894868.1599999999
1714896000,14.24,14.35,14.23,14.3,876743.98
1714910400,14.3,14.54,14.22,14.52,1859179.83
1714924800,14.52,14.66,14.32,14.37,2201775.17
1714939200,14.37,14.4,14.3,14.37,1150942.27
1714953600,14.37,14.49,14.28,14.38,1231530.53
1714968000,14.38,14.75,14.36,14.74,1532895.29
1714982400,14.74,15.16,14.74,15.04,7070552.86
1714996800,15.04,15.07,14.47,14.68,6384160.43
1715011200,14.68,14.76,14.52,14.66,3076218.47
1715025600,14.66,14.76,14.48,14.48,1794073.71
1715040000,14.48,14.66,14.2,14.32,3472188.95
1715054400,14.32,14.38,14.19,14.28,1989711.98
1715068800,14.28,14.63,14.25,14.34,3574044.75
1715083200,14.34,14.71,14.34,14.5,3583287.8200000003
1715097600,14.5,14.54,14.16,14.25,3158778.29
1715112000,14.25,14.35,13.96,14.0,4144969.86
1715126400,14.0,14.1,13.83,14.03,2578231.99
1715140800,14.03,14.06,13.77,13.8,2229228.63
1715155200,13.8,13.91,13.75,13.78,1458855.07
1715169600,13.78,14.1,13.69,14.0,3116175.93
1715184000,14.0,14.11,13.86,13.97,3118737.42
1715198400,13.97,14.01,13.72,13.89,4016597.96
1715212800,13.89,14.07,13.89,13.99,2196462.6
1715227200,13.99,14.13,13.89,14.06,3277314.24
1715241600,14.06,14.2,13.95,14.0,3901047.74
1715256000,14.0,14.12,13.84,14.04,2663039.19
1715270400,14.04,14.26,14.0,14.25,3152491.4000000004
1715284800,14.25,14.36,14.15,14.23,2051598.57
1715299200,14.23,14.34,14.17,14.32,1396381.35
1715313600,14.32,14.37,14.23,14.33,1124949.5
1715328000,14.33,14.34,14.23,14.33,1231186.37
1715342400,14.33,14.36,13.74,13.83,4784553.869999999
1715356800,13.83,13.83,13.52,13.63,4045730.63
1715371200,13.63,13.67,13.49,13.56,1915999.87
1715385600,13.56,13.81,13.55,13.62,1559195.9
1715400000,13.62,13.65,13.58,13.63,652150.6900000001
1715414400,13.63,13.64,13.42,13.49,1402941.73
1715428800,13.49,13.63,13.46,13.49,1775768.23
1715443200,13.49,13.55,13.43,13.47,1473543.05
1715457600,13.47,13.47,13.27,13.3,4304052.07
1715472000,13.3,13.43,13.28,13.36,641082.86
1715486400,13.36,13.44,13.28,13.31,488014.88
1715500800,13.31,13.51,13.28,13.46,1001223.62
1715515200,13.46,13.56,13.43,13.52,981417.13
1715529600,13.52,13.59,13.43,13.5,755849.15
1715544000,13.5,13.59,13.44,13.55,1354996.99
1715558400,13.55,13.63,13.12,13.32,3530718.83
1715572800,13.32,13.52,13.07,13.48,2445075.35
1715587200,13.48,13.67,13.38,13.44,2923954.01
1715601600,13.44,13.62,13.35,13.5,2836288.03
1715616000,13.5,13.67,13.28,13.48,3011097.34
1715630400,13.48,13.54,13.35,13.39,1393284.85
1715644800,13.39,13.49,13.31,13.43,2170034.3
1715659200,13.43,13.55,13.09,13.53,2165514.55
1715673600,13.53,13.59,13.33,13.34,1448445.35
1715688000,13.34,13.39,13.1,13.26,2999340.83
1715702400,13.26,13.26,12.96,13.07,2535192.19
1715716800,13.07,13.09,12.93,12.98,1403645.82
1715731200,12.98,13.06,12.9,12.95,1344971.64
1715745600,12.95,13.11,12.84,13.1,2194437.7
1715760000,13.1,13.21,12.98,13.05,1264456.97
1715774400,13.05,13.69,13.03,13.62,5967264.859999999
1715788800,13.62,13.89,13.58,13.88,3255017.08
1715803200,13.88,13.94,13.75,13.87,3407523.08
1715817600,13.87,14.01,13.81,13.98,2909920.69
1715832000,13.98,14.06,13.93,13.97,2800844.64
1715846400,13.97,14.03,13.78,13.88,4029451.71
1715860800,13.88,13.88,13.54,13.78,3260662.76
1715875200,13.78,15.09,13.72,15.03,19773678.85
1715889600,15.03,15.86,14.67,15.52,25391650.85
1715904000,15.52,16.09,15.5,15.92,17917860.89
1715918400,15.92,16.36,15.63,16.32,13875743.75
1715932800,16.32,16.7,16.2,16.52,17209525.41
1715947200,16.52,16.76,15.93,16.1,20394783.81
1715961600,16.1,16.59,15.99,16.19,12787384.03
1715976000,16.19,16.3,16.07,16.25,4802879.11
1715990400,16.25,16.4,16.13,16.17,4916605.15
1716004800,16.17,16.37,16.06,16.29,6029264.99
1716019200,16.29,16.41,16.13,16.19,5475265.66
1716033600,16.19,16.57,16.08,16.46,8526048.52
1716048000,16.46,16.47,16.24,16.29,4647808.88
1716062400,16.29,16.36,16.19,16.33,3489869.81
1716076800,16.33,16.53,16.32,16.46,5126543.88
1716091200,16.46,16.74,16.33,16.68,7206362.069999999
1716105600,16.68,16.84,16.44,16.65,6580365.399999999
1716120000,16.65,17.0,16.31,16.97,14605487.71
1716134400,16.97,17.11,16.64,16.7,14505469.93
1716148800,16.7,16.72,16.33,16.56,7675968.24
1716163200,16.56,17.03,16.42,16.93,8718762.77
1716177600,16.93,17.19,16.66,16.7,11756738.74
1716192000,16.7,16.83,16.59,16.72,4219351.01
1716206400,16.72,16.72,16.38,16.49,7490346.550000001
1716220800,16.49,17.15,16.38,17.08,16233959.15
1716235200,17.08,17.46,16.69,17.27,23219887.14
1716249600,17.27,17.45,16.86,16.94,10561458.72
1716264000,16.94,17.15,16.83,16.95,4527038.890000001
1716278400,16.95,17.03,16.86,16.94,4858518.87
1716292800,16.94,17.1,16.55,16.6,8568595.23
1716307200,16.6,16.86,16.51,16.66,5447877.15
1716321600,16.66,16.79,16.58,16.74,4186802.44
1716336000,16.74,16.92,16.72,16.88,2468276.07
1716350400,16.88,16.88,16.48,16.7,3686670.44
1716364800,16.7,16.92,16.57,16.57,2459559.49
1716379200,16.57,16.64,16.18,16.56,7512488.4
1716393600,16.56,16.73,16.17,16.34,5559395.55
1716408000,16.34,16.53,16.2,16.35,4211748.93
1716422400,16.35,16.51,16.28,16.43,3314375.73
1716436800,16.43,16.68,16.29,16.66,3984308.24
1716451200,16.66,16.76,16.51,16.69,3514342.31
1716465600,16.69,16.8,15.74,16.11,11323954.54
1716480000,16.11,16.31,15.86,15.93,5874664.649999999
1716494400,15.93,16.67,15.48,16.59,16207594.63
1716508800,16.59,17.55,16.56,17.47,17023882.47
1716523200,17.47,17.58,16.72,16.88,14443288.47
1716537600,16.88,17.72,16.74,17.56,12988001.37
1716552000,17.56,17.77,17.15,17.2,11720333.5
1716566400,17.2,17.53,17.0,17.3,6016547.69
1716580800,17.3,17.48,17.18,17.24,2991012.62
1716595200,17.24,17.25,17.03,17.12,2818377.34
1716609600,17.12,17.25,17.04,17.09,1985000.5
1716624000,17.09,17.22,17.03,17.09,2791036.2800000003
1716638400,17.09,17.24,16.92,17.18,4563831.25
1716652800,17.18,17.46,17.18,17.35,2962160.75
1716667200,17.35,17.46,17.29,17.44,2004904.73
1716681600,17.44,17.84,17.35,17.76,9047077.43
1716696000,17.76,17.9,17.59,17.62,5000349.18
1716710400,17.62,17.63,17.26,17.35,3756265.23
1716724800,17.35,17.35,17.07,17.13,2550051.69
1716739200,17.13,17.2,17.04,17.08,1823671.84
1716753600,17.08,17.17,17.0,17.03,2075361.86
1716768000,17.03,17.23,16.94,17.12,3230711.16
1716782400,17.12,17.14,16.88,17.08,2869473.94
1716796800,17.08,17.34,17.04,17.32,2548443.67
1716811200,17.32,18.0,17.29,18.0,7722126.6
1716825600,18.0,18.82,17.99,18.56,27322289.02
1716840000,18.56,18.84,18.53,18.77,7607388.71
1716854400,18.77,18.82,18.02,18.1,14876668.31
1716868800,18.1,18.65,18.0,18.04,14158345.15
1716883200,18.04,18.31,18.01,18.22,4433413.79
1716897600,18.22,18.26,17.86,18.15,8666050.17
1716912000,18.15,18.54,17.96,18.49,8909979.219999999
1716926400,18.49,18.58,18.4,18.51,4369681.43
1716940800,18.51,18.57,18.24,18.3,3205362.8000000003
1716955200,18.3,18.54,18.27,18.27,3148753.84
1716969600,18.27,18.77,18.03,18.69,8609428.25
1716984000,18.69,19.2,18.67,18.87,25066233.53
1716998400,18.87,18.99,18.49,18.49,6155958.06
1717012800,18.49,18.71,18.43,18.44,3400432.65
1717027200,18.44,19.18,18.42,18.7,8765134.74
1717041600,18.7,18.78,18.18,18.33,5222750.09
1717056000,18.33,18.41,18.07,18.08,5679743.14
1717070400,18.08,18.49,18.06,18.3,6603041.58
1717084800,18.3,18.46,18.01,18.08,4698816.5600000005
1717099200,18.08,18.08,17.78,17.94,3931644.49
1717113600,17.94,18.07,17.78,17.91,2549535.58
1717128000,17.91,18.02,17.71,17.86,1855875.55
1717142400,17.86,18.04,17.79,18.04,2270751.4
1717156800,18.04,18.22,17.53,17.55,6970103.540000001
1717171200,17.55,18.25,17.45,18.21,5215078.59
1717185600,18.21,18.72,18.2,18.4,4812326.09
1717200000,18.4,18.42,18.25,18.33,2403867.53
1717214400,18.33,18.62,18.3,18.5,2245041.88
1717228800,18.5,18.63,18.37,18.53,1219234.14
1717243200,18.53,18.66,18.49,18.58,2293637.28
1717257600,18.58,18.65,18.45,18.45,2435438.12
1717272000,18.45,18.52,18.37,18.42,2507597.81
1717286400,18.42,18.55,18.34,18.44,1243542.64
1717300800,18.44,18.53,18.34,18.39,1160910.97
1717315200,18.39,18.42,18.2,18.39,2034245.84
1717329600,18.39,18.51,18.18,18.33,3173371.77
1717344000,18.33,18.35,18.11,18.15,1997230.92
1717358400,18.15,18.19,18.06,18.14,979428.64
1717372800,18.14,18.21,17.91,18.06,2958896.79
1717387200,18.06,18.34,17.95,18.12,1914034.54
1717401600,18.12,18.21,17.9,17.95,2990521.87
1717416000,17.95,18.25,17.81,17.93,7639355.7
1717430400,17.93,17.95,17.63,17.72,6566177.8
1717444800,17.72,17.76,17.54,17.63,1822689.18
1717459200,17.63,17.66,17.53,17.65,3076375.47
1717473600,17.65,17.67,17.53,17.65,2306455.68
1717488000,17.65,17.7,17.48,17.63,1107513.23
1717502400,17.63,17.83,17.62,17.78,2826742.83
1717516800,17.78,17.85,17.56,17.67,3578114.23
1717531200,17.67,17.74,17.6,17.72,1803587.49
1717545600,17.72,17.93,17.66,17.72,3023574.76
1717560000,17.72,18.08,17.71,17.96,2426119.34
1717574400,17.96,17.96,17.79,17.89,1182187.97
1717588800,17.89,17.9,17.62,17.74,3528712.84
1717603200,17.74,17.95,17.7,17.87,2186499.11
1717617600,17.87,17.9,17.67,17.74,1516473.54
1717632000,17.74,17.77,17.61,17.62,1942534.06
1717646400,17.62,17.63,17.31,17.48,4155174.13
1717660800,17.48,17.48,17.32,17.36,1385057.73
1717675200,17.36,17.54,17.27,17.46,3406154.95
1717689600,17.46,17.5,17.16,17.24,3539161.32
1717704000,17.24,17.42,17.11,17.24,2531060.55
1717718400,17.24,17.4,17.23,17.37,1591129.05
1717732800,17.37,17.57,17.36,17.49,2029671.76
1717747200,17.49,17.66,17.41,17.6,2006093.45
1717761600,17.6,17.7,17.27,17.58,4255582.6
1717776000,17.58,17.6,15.5,16.28,19525114.67
1717790400,16.28,16.38,16.21,16.31,2545775.91
1717804800,16.31,16.35,16.2,16.3,1735454.56
1717819200,16.3,16.41,16.28,16.32,2419795.18
1717833600,16.32,16.32,15.86,15.86,3228985.44
1717848000,15.86,16.01,15.7,15.93,6588910.220000001
1717862400,15.93,15.96,15.69,15.8,2343796.64
1717876800,15.8,15.97,15.72,15.93,1605123.87
1717891200,15.93,16.08,15.91,16.04,1448117.1700000002
1717905600,16.04,16.07,15.91,16.02,821623.54
1717920000,16.02,16.1,15.97,16.01,568769.21
1717934400,16.01,16.11,15.95,16.0,922544.69
1717948800,16.0,16.19,15.99,16.18,1003758.29
1717963200,16.18,16.38,16.12,16.37,2219131.83
1717977600,16.37,16.39,16.1,16.12,2542271.86
1717992000,16.12,16.19,15.8,15.82,1716105.13
1718006400,15.82,16.08,15.81,15.98,1421339.35
1718020800,15.98,16.24,15.76,16.17,2852515.21
1718035200,16.17,16.19,15.84,15.87,3350834.17
1718049600,15.87,15.92,15.78,15.9,2910344.52
1718064000,15.9,15.9,15.4,15.71,8952326.59
1718078400,15.71,15.74,15.38,15.49,5939648.33
1718092800,15.49,15.6,15.38,15.41,2714686.29
1718107200,15.41,15.47,14.82,14.87,9008779.78
1718121600,14.87,15.07,14.66,15.03,6285011.0600000005
1718136000,15.03,15.09,14.95,14.99,2402925.28
1718150400,14.99,15.19,14.73,15.17,2680556.45
1718164800,15.17,15.29,15.16,15.27,2354451.45
1718179200,15.27,15.5,15.18,15.2,6537691.65
1718193600,15.2,16.13,15.19,16.08,12021822.37
1718208000,16.08,16.23,15.61,15.71,9383581.95
1718222400,15.71,16.06,15.65,16.0,2578481.82
1718236800,16.0,16.04,15.37,15.51,5118174.44
1718251200,15.51,15.64,15.5,15.52,1188064.73
1718265600,15.52,15.54,15.22,15.31,6812471.21
1718280000,15.31,15.6,15.08,15.1,4712898.06
1718294400,15.1,15.47,15.05,15.34,2563202.34
1718308800,15.34,15.39,15.06,15.13,1548509.85
1718323200,15.13,15.43,15.1,15.27,4011715.19
1718337600,15.27,15.43,15.27,15.34,3273969.17
1718352000,15.34,15.44,15.27,15.42,2826616.17
1718366400,15.42,15.45,15.15,15.19,2481831.83
1718380800,15.19,15.2,14.48,14.5,13447208.54
1718395200,14.5,14.93,14.44,14.74,4770182.22
1718409600,14.74,14.89,14.7,14.86,2465086.69
1718424000,14.86,15.1,14.79,15.01,1882437.24
1718438400,15.01,15.05,14.88,14.9,1888317.79
1718452800,14.9,15.04,14.85,14.98,1592640.19
1718467200,14.98,15.02,14.84,14.9,1982410.01
1718481600,14.9,14.91,14.78,14.85,1615519.53
1718496000,14.85,14.86,14.63,14.65,1368163.16
1718510400,14.65,14.87,14.57,14.84,949784.91
1718524800,14.84,14.96,14.77,14.92,742325.28
1718539200,14.92,15.19,14.9,15.15,3144650.15
1718553600,15.15,15.16,15.03,15.1,1470450.56
1718568000,15.1,15.22,15.08,15.13,2176778.26
1718582400,15.13,15.21,14.78,14.79,2931670.2800000003
1718596800,14.79,14.92,14.6,14.77,1749825.71
1718611200,14.77,14.81,14.2,14.32,4114269.34
1718625600,14.32,14.42,14.13,14.28,4312974.18
1718640000,14.28,14.83,14.01,14.69,7356190.71
1718654400,14.69,14.7,14.51,14.52,4719167.640000001
1718668800,14.52,14.61,12.98,13.73,14588226.75
1718683200,13.73,13.82,13.61,13.73,2822080.4
1718697600,13.73,13.82,13.44,13.64,3570030.47
1718712000,13.64,13.71,13.16,13.57,9547874.12
1718726400,13.57,13.6,13.28,13.59,5390160.79
1718740800,13.59,13.98,13.5,13.98,5443014.24
1718755200,13.98,14.31,13.91,14.21,6461613.44
1718769600,14.21,14.39,14.2,14.39,2313361.66
1718784000,14.39,14.41,14.17,14.27,2572673.85
1718798400,14.27,14.34,14.08,14.18,4144670.87
1718812800,14.18,14.47,14.16,14.37,3351096.1
1718827200,14.37,14.5,14.23,14.34,1873930.96
1718841600,14.34,14.5,14.28,14.36,3658998.34
1718856000,14.36,14.74,14.32,14.73,3602807.3000000003
1718870400,14.73,14.84,14.58,14.65,3762798.18
1718884800,14.65,14.69,14.27,14.33,5278898.33
1718899200,14.33,14.5,14.19,14.5,2982634.21
1718913600,14.5,14.53,14.24,14.25,1853985.53
1718928000,14.25,14.34,14.1,14.21,3090448.83
1718942400,14.21,14.45,14.15,14.31,4111984.29
1718956800,14.31,14.54,14.05,14.51,4865617.36
1718971200,14.51,14.58,14.17,14.3,7685989.56
1718985600,14.3,14.34,13.95,14.12,5675401.1
1719000000,14.12,14.19,13.84,13.85,3302051.12
1719014400,13.85,13.9,13.73,13.82,1947072.29
1719028800,13.82,13.88,13.73,13.75,1207519.27
1719043200,13.75,13.76,13.57,13.62,2026657.33
1719057600,13.62,13.85,13.58,13.74,2428647.5300000003
1719072000,13.74,13.76,13.59,13.62,1564043.99
1719086400,13.62,13.62,13.47,13.48,2472799.88
1719100800,13.48,13.66,13.48,13.64,1356454.37
1719115200,13.64,13.67,13.53,13.65,1199702.85
1719129600,13.65,13.66,13.48,13.56,788039.53
1719144000,13.56,13.58,13.39,13.45,1870227.52
1719158400,13.45,13.45,13.31,13.39,2171482.18
1719172800,13.39,13.39,13.14,13.18,2485602.2800000003
1719187200,13.18,13.27,13.07,13.21,3148359.97
1719201600,13.21,13.23,12.94,13.03,2653694.81
1719216000,13.03,13.24,12.7,13.14,5008119.73
1719230400,13.14,13.68,13.1,13.17,15632548.51
1719244800,13.17,13.35,13.1,13.14,5310762.14
1719259200,13.14,13.63,13.02,13.61,4653640.98
1719273600,13.61,14.1,13.57,14.0,6466797.83
1719288000,14.0,14.13,13.86,13.87,3433389.9
1719302400,13.87,14.12,13.82,13.92,2957464.99
1719316800,13.92,14.15,13.83,14.1,2982279.82
1719331200,14.1,14.23,14.02,14.18,2716414.95
1719345600,14.18,14.29,14.11,14.19,1976034.72
1719360000,14.19,14.28,14.09,14.21,1776039.77
1719374400,14.21,14.29,14.11,14.23,1055668.11
1719388800,14.23,14.25,13.98,14.02,1084837.5
1719403200,14.02,14.05,13.86,13.94,2397116.84
1719417600,13.94,14.08,13.85,14.07,1407293.16
1719432000,14.07,14.1,13.89,13.91,1230505.91
1719446400,13.91,13.92,13.75,13.82,1147627.35
1719460800,13.82,13.87,13.58,13.65,1187937.05
1719475200,13.65,13.92,13.65,13.86,1281794.68
1719489600,13.86,14.23,13.85,14.08,4990118.81
1719504000,14.08,14.55,14.02,14.35,6558845.640000001
1719518400,14.35,14.42,14.27,14.41,1550930.57
1719532800,14.41,14.5,14.25,14.38,1255811.54
1719547200,14.38,14.39,14.13,14.19,1274287.17
1719561600,14.19,14.37,14.14,14.33,1111320.37
1719576000,14.33,14.57,14.25,14.36,4940114.12
1719590400,14.36,14.39,13.97,14.05,5388651.52
1719604800,14.05,14.09,13.74,13.76,1850389.24
1719619200,13.76,14.14,13.73,14.07,1685978.34
1719633600,14.07,14.09,13.93,13.95,933197.51
1719648000,13.95,13.95,13.78,13.84,827450.3300000001
1719662400,13.84,13.85,13.57,13.66,1505167.14
1719676800,13.66,13.69,13.53,13.63,1069626.29
1719691200,13.63,13.68,13.46,13.52,1630831.35
1719705600,13.52,13.59,13.43,13.51,940135.29
1719720000,13.51,13.69,13.43,13.65,1285207.13
1719734400,13.65,13.73,13.52,13.52,1033198.58
1719748800,13.52,13.68,13.5,13.67,1260746.7000000002
1719763200,13.67,14.0,13.61,13.98,2469728.7
1719777600,13.98,14.32,13.94,14.25,3461314.59
1719792000,14.25,14.41,14.22,14.27,3578331.98
1719806400,14.27,14.41,14.26,14.37,1836119.6
1719820800,14.37,14.46,14.27,14.39,1917116.46
1719835200,14.39,14.46,14.2,14.37,3162087.54
1719849600,14.37,14.51,14.33,14.46,3067578.28
1719864000,14.46,14.56,14.29,14.32,2194464.46
1719878400,14.32,14.46,14.24,14.43,1425852.2200000002
1719892800,14.43,14.68,14.38,14.54,4639463.720000001
1719907200,14.54,14.73,14.49,14.62,1976039.21
1719921600,14.62,14.66,14.33,14.47,2287564.49
1719936000,14.47,14.57,14.36,14.51,1796932.0099999998
1719950400,14.51,14.56,14.39,14.4,1584410.27
1719964800,14.4,14.49,14.08,14.17,4231213.16
1719979200,14.17,14.57,14.1,14.38,3763122.24
1719993600,14.38,14.55,14.14,14.34,3479465.91
1720008000,14.34,14.56,14.04,14.37,4081402.99
1720022400,14.37,14.46,13.69,13.73,7191976.97
1720036800,13.73,13.8,13.55,13.58,3572864.86
1720051200,13.58,13.72,13.01,13.26,6892722.1
1720065600,13.26,13.4,13.09,13.14,2775453.52
1720080000,13.14,13.27,13.01,13.05,3238715.42
1720094400,13.05,13.08,12.61,13.07,7055197.32
1720108800,13.07,13.13,12.94,12.94,3838909.61
1720123200,12.94,13.14,12.52,12.54,4733946.34
1720137600,12.54,12.54,11.16,11.33,19140394.34
1720152000,11.33,11.72,11.07,11.5,7846486.69
1720166400,11.5,12.02,11.14,11.99,4692551.42
1720180800,11.99,12.4,11.8,12.32,9491965.56
1720195200,12.32,12.46,12.17,12.37,8528991.11
1720209600,12.37,12.38,12.26,12.31,2797878.92
1720224000,12.31,12.61,12.19,12.31,3782878.61
1720238400,12.31,12.57,12.23,12.5,2307888.83
1720252800,12.5,12.58,12.33,12.55,1417348.84
1720267200,12.55,12.76,12.44,12.69,2483117.6100000003
1720281600,12.69,13.13,12.67,13.08,4808235.22
1720296000,13.08,13.28,13.0,13.18,3367563.45
1720310400,13.18,13.2,12.98,13.05,2549881.86
1720324800,13.05,13.06,12.67,12.78,3198836.33
1720339200,12.78,12.96,12.77,12.84,977418.95
1720353600,12.84,12.93,12.42,12.53,2489525.8
1720368000,12.53,12.77,12.49,12.61,956850.46
1720382400,12.61,12.7,12.29,12.35,3669179.67
1720396800,12.35,12.41,11.79,12.27,4928209.42
1720411200,12.27,12.74,12.23,12.6,3001521.27
1720425600,12.6,13.52,12.58,13.48,9567360.15
1720440000,13.48,13.52,12.69,12.81,9809417.29
1720454400,12.81,12.99,12.72,12.92,3362761.74
1720468800,12.92,13.25,12.81,13.12,4395489.399999999
1720483200,13.12,13.31,12.92,13.03,3072038.7800000003
1720497600,13.03,13.11,12.93,12.94,1828685.55
1720512000,12.94,13.25,12.9,13.17,2040684.53
1720526400,13.17,13.22,12.75,12.88,5163223.859999999
1720540800,12.88,12.98,12.73,12.85,3697555.29
1720555200,12.85,12.94,12.75,12.84,2268940.65
1720569600,12.84,12.91,12.7,12.87,2281690.94
1720584000,12.87,13.17,12.87,12.98,4372055.5
1720598400,12.98,12.99,12.84,12.9,1976353.06
1720612800,12.9,12.94,12.73,12.9,3753429.06
1720627200,12.9,13.02,12.76,12.78,1987218.95
1720641600,12.78,12.83,12.71,12.79,1804003.87
1720656000,12.79,12.92,12.55,12.62,2806340.23
1720670400,12.62,12.83,12.6,12.82,1155651.78
1720684800,12.82,12.97,12.76,12.93,1587907.69
1720699200,12.93,13.16,12.66,12.72,7634153.51
1720713600,12.72,12.86,12.56,12.57,1942632.96
1720728000,12.57,12.57,12.29,12.34,4234587.98
1720742400,12.34,12.57,12.23,12.47,2657542.26
1720756800,12.47,12.52,12.37,12.45,1524543.62
1720771200,12.45,12.48,12.28,12.41,2175003.41
1720785600,12.41,12.73,12.38,12.68,3575654.97
1720800000,12.68,12.83,12.59,12.69,3295936.42
1720814400,12.69,12.74,12.56,12.74,1623828.0699999998
1720828800,12.74,12.92,12.71,12.81,2195634.84
1720843200,12.81,13.02,12.76,13.02,1692719.53
1720857600,13.02,13.1,12.91,13.02,1338536.35
1720872000,13.02,13.06,12.93,13.05,1033071.49
1720886400,13.05,13.12,12.94,13.06,2143254.76
1720900800,13.06,13.13,12.88,13.02,3515348.38
1720915200,13.02,13.13,12.9,12.97,3121771.77
1720929600,12.97,13.16,12.97,13.1,2799086.67
1720944000,13.1,13.27,13.08,13.11,3137156.69
1720958400,13.11,13.28,12.99,13.27,2018909.19
1720972800,13.27,13.35,13.2,13.25,1539674.17
1720987200,13.25,13.53,13.23,13.46,3956857.75
1721001600,13.46,13.84,13.41,13.81,6034878.57
1721016000,13.81,13.89,13.65,13.84,3881262.8
1721030400,13.84,13.9,13.73,13.78,2162513.2800000003
1721044800,13.78,13.98,13.78,13.89,4115923.98
1721059200,13.89,14.19,13.84,14.14,6510700.52
1721073600,14.14,14.51,14.13,14.4,7907499.300000001
1721088000,14.4,14.51,14.28,14.43,2934114.48
1721102400,14.43,14.47,13.93,13.96,4449872.0600000005
1721116800,13.96,14.15,13.83,14.09,3047925.14
1721131200,14.09,14.5,13.94,14.44,3939054.48
1721145600,14.44,14.63,14.26,14.35,4735139.42
1721160000,14.35,14.35,14.1,14.21,3702250.48
1721174400,14.21,14.5,14.2,14.31,2411968.38
1721188800,14.31,14.42,14.26,14.38,1550395.2
1721203200,14.38,14.48,14.22,14.32,2224847.49
1721217600,14.32,14.47,14.13,14.14,3626677.58
1721232000,14.14,14.16,13.79,13.98,4523906.67
1721246400,13.98,13.99,13.73,13.74,2449520.1
1721260800,13.74,13.99,13.74,13.88,2027104.06
1721275200,13.88,13.97,13.72,13.83,1956391.32
1721289600,13.83,13.9,13.64,13.8,3190859.8
1721304000,13.8,13.96,13.53,13.53,4485372.02
1721318400,13.53,13.69,13.42,13.56,3444881.39
1721332800,13.56,13.67,13.5,13.59,1542257.24
1721347200,13.59,13.66,13.34,13.64,2107460.64
1721361600,13.64,13.74,13.5,13.56,2110251.01
1721376000,13.56,13.64,13.37,13.42,1906314.85
1721390400,13.42,13.9,13.4,13.88,4068238.07
1721404800,13.88,14.14,13.88,14.14,4402496.16
1721419200,14.14,14.14,14.01,14.09,1983762.46
1721433600,14.09,14.11,13.87,14.04,2177153.92
1721448000,14.04,14.23,14.02,14.11,1361324.99
1721462400,14.11,14.15,13.91,13.92,911216.1
1721476800,13.92,14.1,13.86,14.1,1505865.95
1721491200,14.1,14.3,14.05,14.22,3013897.24
1721505600,14.22,14.34,14.19,14.25,2329857.18
1721520000,14.25,14.34,14.15,14.17,1531684.43
1721534400,14.17,14.2,13.95,13.97,1278088.24
1721548800,13.97,14.36,13.97,14.22,2268258.55
1721563200,14.22,14.72,14.18,14.46,5143199.33
1721577600,14.46,14.78,14.0,14.54,7263906.67
1721592000,14.54,15.01,14.51,14.82,7843180.54
1721606400,14.82,14.87,14.45,14.48,3187561.82
1721620800,14.48,14.55,14.22,14.28,2793014.24
1721635200,14.28,14.38,14.18,14.37,3684368.15
1721649600,14.37,14.4,14.05,14.19,5909845.87
1721664000,14.19,14.23,14.06,14.21,4971178.55
1721678400,14.21,14.22,13.79,13.94,4856692.11
1721692800,13.94,14.16,13.92,14.05,3114955.06
1721707200,14.05,14.05,13.68,13.88,2829599.24
1721721600,13.88,14.12,13.86,13.99,2129042.89
1721736000,13.99,13.99,13.65,13.8,3343727.59
1721750400,13.8,13.94,13.5,13.9,2559205.6100000003
1721764800,13.9,14.01,13.8,13.91,1858099.25
1721779200,13.91,13.92,13.78,13.86,1359774.9
1721793600,13.86,13.87,13.7,13.85,2122990.58
1721808000,13.85,13.89,13.62,13.88,5950171.58
1721822400,13.88,13.96,13.73,13.74,2499739.61
1721836800,13.74,13.88,13.59,13.59,2648471.16
1721851200,13.59,13.63,13.27,13.4,3349133.94
1721865600,13.4,13.44,12.85,12.97,5782557.68
1721880000,12.97,13.15,12.92,13.03,2427243.2
1721894400,13.03,13.06,12.88,12.94,1850097.65
1721908800,12.94,13.02,12.71,12.83,3832640.96
1721923200,12.83,12.91,12.51,12.63,3447057.99
1721937600,12.63,12.97,12.47,12.94,3237127.19
1721952000,12.94,13.3,12.91,13.23,2788297.33
1721966400,13.23,13.5,13.22,13.4,2193250.1100000003
1721980800,13.4,13.47,13.27,13.33,1699276.25
1721995200,13.33,13.56,13.27,13.51,2719038.34
1722009600,13.51,13.64,13.48,13.57,1734811.39
1722024000,13.57,13.58,13.48,13.53,1368748.79
1722038400,13.53,13.6,13.46,13.54,1630088.79
1722052800,13.54,13.68,13.54,13.65,917007.15
1722067200,13.65,13.7,13.57,13.65,1341316.09
1722081600,13.65,13.87,13.53,13.62,2559495.66
1722096000,13.62,13.66,13.37,13.52,2061573.87
1722110400,13.52,13.73,13.27,13.55,2601036.73
1722124800,13.55,13.59,13.43,13.45,1246483.75
1722139200,13.45,13.5,13.3,13.45,1262699.47
1722153600,13.45,13.63,13.4,13.59,603393.22
1722168000,13.59,13.64,13.4,13.43,942796.48
1722182400,13.43,13.5,13.26,13.34,3562710.05
1722196800,13.34,13.35,13.19,13.3,1352181.01
1722211200,13.3,13.79,13.3,13.71,4094721.97
1722225600,13.71,13.89,13.66,13.88,2057419.64
1722240000,13.88,13.9,13.77,13.82,2339083.2
1722254400,13.82,13.86,13.47,13.55,4159689.42
1722268800,13.55,13.65,13.38,13.59,3205524.41
1722283200,13.59,13.68,13.49,13.53,1588432.17
1722297600,13.53,13.77,13.41,13.76,1671408.7
1722312000,13.76,13.79,13.61,13.7,849517.41
1722326400,13.7,13.72,13.49,13.53,1186493.96
1722340800,13.53,13.67,13.43,13.55,2488866.49
1722355200,13.55,13.56,13.08,13.14,2119158.56
1722369600,13.14,13.23,12.99,13.13,2691839.93
1722384000,13.13,13.31,13.07,13.25,1247221.45
1722398400,13.25,13.4,13.1,13.3,2329883.85
1722412800,13.3,13.31,13.1,13.14,1733873.74
1722427200,13.14,13.25,13.06,13.08,1402294.81
1722441600,13.08,13.14,12.82,12.91,4601160.05
1722456000,12.91,12.98,12.77,12.83,3448408.88
1722470400,12.83,12.93,12.78,12.81,1754920.14
1722484800,12.81,12.88,12.63,12.82,1380152.3
1722499200,12.82,13.04,12.82,13.03,1192905.06
1722513600,13.03,13.09,12.5,12.51,3253484.7
1722528000,12.51,12.52,12.13,12.41,4618886.28
1722542400,12.41,12.95,12.32,12.88,4193696.86
1722556800,12.88,12.93,12.57,12.78,1817916.69
1722571200,12.78,12.79,12.39,12.48,2356404.22
1722585600,12.48,12.58,12.39,12.51,1575613.4
1722600000,12.51,12.66,11.8,12.09,8976326.19
1722614400,12.09,12.09,11.76,11.9,4394275.15
1722628800,11.9,12.04,11.79,11.91,3715272.31
1722643200,11.91,11.96,11.6,11.95,3494463.98
1722657600,11.95,12.08,11.93,12.04,1151146.97
1722672000,12.04,12.09,11.96,12.03,1165330.86
1722686400,12.03,12.12,11.78,11.81,2687482.0
1722700800,11.81,11.84,11.37,11.38,7683047.21
1722715200,11.38,11.76,11.34,11.68,3001560.46
1722729600,11.68,11.77,11.58,11.73,1583272.78
1722744000,11.73,11.77,11.56,11.56,1281714.4
1722758400,11.56,11.65,11.5,11.57,1324589.95
1722772800,11.57,11.63,11.0,11.01,3863925.51
1722787200,11.01,11.13,10.49,11.07,8776219.3
1722801600,11.07,11.2,10.78,10.88,5013120.21
1722816000,10.88,10.97,9.325,9.335,22947501.14
1722830400,9.335,9.424,8.106,9.057,19085455.7
1722844800,9.057,9.078,8.13,8.475,10671976.0
1722859200,8.475,9.536,8.115,9.452,25267141.790000003
1722873600,9.452,9.789,9.18,9.317,10653495.43
1722888000,9.317,9.699,9.317,9.492,4905446.88
1722902400,9.492,10.18,9.485,9.953,8283699.02
1722916800,9.953,10.16,9.897,10.12,5893933.19
1722931200,10.12,10.12,9.824,9.992,4491636.1
1722945600,9.992,10.41,9.782,10.38,8932875.69
1722960000,10.38,10.46,10.1,10.12,6721784.63
1722974400,10.12,10.27,10.02,10.07,5387127.34
1722988800,10.07,10.42,9.966,10.32,4978803.319999999
1723003200,10.32,10.49,10.27,10.35,3761008.17
1723017600,10.35,10.45,10.14,10.14,3080955.26
1723032000,10.14,10.22,9.651,9.816,7161435.75
1723046400,9.816,9.831,9.512,9.603,4120075.21
1723060800,9.603,9.693,9.426,9.489,4156712.95
1723075200,9.489,10.05,9.345,9.964,4105224.64
1723089600,9.964,10.06,9.912,9.921,1621965.07
1723104000,9.921,10.08,9.899,10.03,1245375.18
1723118400,10.03,10.31,9.925,10.2,3982899.86
1723132800,10.2,10.45,10.19,10.32,2393404.94
1723147200,10.32,10.83,10.31,10.75,6229992.68
1723161600,10.75,10.75,10.55,10.61,3072872.57
1723176000,10.61,10.62,10.43,10.56,2276906.59
1723190400,10.56,10.61,10.37,10.44,1502263.34
1723204800,10.44,10.52,10.17,10.18,3383558.27
1723219200,10.18,10.46,10.16,10.44,2648495.35
1723233600,10.44,10.55,10.37,10.54,2241413.27
1723248000,10.54,10.67,10.49,10.55,2703246.93
1723262400,10.55,10.67,10.48,10.64,1134125.48
1723276800,10.64,10.71,10.57,10.67,1189208.77
1723291200,10.67,10.69,10.55,10.58,1946362.56
1723305600,10.58,10.62,10.54,10.59,1759235.66
1723320000,10.59,10.61,10.52,10.55,922075.91
1723334400,10.55,10.75,10.54,10.66,1264118.58
1723348800,10.66,10.74,10.6,10.74,762336.15
1723363200,10.74,10.84,10.55,10.59,1517210.49
1723377600,10.59,10.6,10.33,10.4,1805157.47
1723392000,10.4,10.47,10.21,10.21,1671569.2
1723406400,10.21,10.21,9.95,10.0,2578232.92
1723420800,10.0,10.12,9.95,10.07,1975369.18
1723435200,10.07,10.26,9.951,10.24,1551531.94
1723449600,10.24,10.68,10.21,10.64,2532442.6
1723464000,10.64,10.75,10.15,10.59,4323755.03
1723478400,10.59,10.64,10.26,10.37,2018660.1
1723492800,10.37,10.61,10.33,10.55,1581957.97
1723507200,10.55,10.59,10.3,10.31,1809405.84
1723521600,10.31,10.39,10.26,10.28,1272070.66
1723536000,10.28,10.31,10.11,10.23,1265325.78
1723550400,10.23,10.48,10.21,10.31,3276199.85
1723564800,10.31,10.67,10.3,10.6,4232720.5600000005
1723579200,10.6,10.69,10.54,10.58,2075893.93
1723593600,10.58,10.66,10.52,10.6,1152734.35
1723608000,10.6,10.7,10.56,10.62,1464535.73
1723622400,10.62,10.7,10.54,10.61,1692476.76
1723636800,10.61,10.74,10.22,10.47,5045400.45
1723651200,10.47,10.48,10.32,10.38,2115360.26
1723665600,10.38,10.43,10.28,10.4,1975189.15
1723680000,10.4,10.47,10.36,10.47,1702587.85
1723694400,10.47,10.5,10.27,10.34,1911217.75
1723708800,10.34,10.47,10.32,10.45,1292726.15
1723723200,10.45,10.69,10.42,10.64,3945915.88
1723737600,10.64,10.68,10.01,10.08,5765065.34
1723752000,10.08,10.21,9.982,10.18,3092083.26
1723766400,10.18,10.3,10.09,10.18,1827201.15
1723780800,10.18,10.4,10.16,10.32,1729463.1700000002
1723795200,10.32,10.35,10.17,10.19,2080187.78
1723809600,10.19,10.27,9.92,10.03,4990341.13
1723824000,10.03,10.24,9.966,10.21,4422845.42
1723838400,10.21,10.26,10.13,10.13,1802200.68
1723852800,10.13,10.16,10.05,10.1,1309131.9
1723867200,10.1,10.11,10.05,10.09,711277.37
1723881600,10.09,10.14,10.03,10.07,895120.45
1723896000,10.07,10.17,10.05,10.1,1072986.71
1723910400,10.1,10.18,10.08,10.13,879008.8400000001
1723924800,10.13,10.16,10.09,10.15,1034619.54
1723939200,10.15,10.22,10.07,10.09,987161.55
1723953600,10.09,10.11,10.06,10.08,667244.73
1723968000,10.08,10.25,10.07,10.23,986229.9
1723982400,10.23,10.44,10.2,10.39,2344616.67
1723996800,10.39,10.47,10.28,10.36,2220745.24
1724011200,10.36,10.38,10.08,10.09,1505638.9
1724025600,10.09,10.2,10.02,10.18,1909863.75
1724040000,10.18,10.18,10.08,10.11,1004724.59
1724054400,10.11,10.16,9.954,10.05,1898939.52
1724068800,10.05,10.13,9.951,10.04,2099529.62
1724083200,10.04,10.18,9.951,10.09,2016100.09
1724097600,10.09,10.2,10.07,10.19,1480497.78
1724112000,10.19,10.43,10.16,10.42,3425517.1
1724126400,10.42,10.55,10.39,10.51,2697281.89
1724140800,10.51,10.52,10.38,10.41,1387186.99
1724155200,10.41,10.47,10.05,10.12,4755127.55
1724169600,10.12,10.29,10.09,10.26,2319296.51
1724184000,10.26,10.31,10.19,10.24,2325231.77
1724198400,10.24,10.4,10.21,10.37,1487977.71
1724212800,10.37,10.45,10.34,10.42,973182.09
1724227200,10.42,10.45,10.27,10.29,1762932.4
1724241600,10.29,10.46,10.15,10.41,2865682.97
1724256000,10.41,11.14,10.38,11.13,7300556.52
1724270400,11.13,11.4,11.09,11.21,8590439.39
1724284800,11.21,11.4,11.16,11.4,5395451.2
1724299200,11.4,11.43,11.27,11.34,2014987.91
1724313600,11.34,11.39,11.27,11.32,1822162.32
1724328000,11.32,11.56,11.29,11.46,4286348.43
1724342400,11.46,11.62,11.32,11.32,4312337.74
1724356800,11.32,11.48,11.32,11.48,1877661.72
1724371200,11.48,11.6,11.46,11.56,2532209.7
1724385600,11.56,11.68,11.53,11.65,3856998.86
1724400000,11.65,11.73,11.51,11.52,2656211.21
1724414400,11.52,11.81,11.46,11.68,5356798.53
1724428800,11.68,12.0,11.64,11.96,6698463.04
1724443200,11.96,12.21,11.95,12.06,5966139.57
1724457600,12.06,12.1,11.96,11.97,2677332.38
1724472000,11.97,12.03,11.91,11.97,1580972.59
1724486400,11.97,12.17,11.94,12.06,1695380.54
1724500800,12.06,12.25,12.02,12.24,2356789.58
1724515200,12.24,12.56,12.19,12.42,4781548.84
1724529600,12.42,12.53,12.19,12.35,4041848.87
1724544000,12.35,12.37,12.01,12.14,4425689.8100000005
1724558400,12.14,12.2,11.96,12.06,4537045.890000001
1724572800,12.06,12.18,12.0,12.1,1809572.34
1724587200,12.1,12.32,12.09,12.21,3476536.3200000003
1724601600,12.21,12.3,12.09,12.13,2094560.51
1724616000,12.13,12.31,12.09,12.11,2575702.35
1724630400,12.11,12.19,11.97,12.12,2552748.65
1724644800,12.12,12.45,12.11,12.38,4035428.67
1724659200,12.38,12.69,12.28,12.34,6473525.59
1724673600,12.34,12.42,12.09,12.2,3944835.2
1724688000,12.2,12.25,11.96,11.99,5578491.77
1724702400,11.99,12.07,11.84,11.84,3634272.27
1724716800,11.84,11.96,11.81,11.88,2884242.08
1724731200,11.88,12.05,11.77,11.83,4088554.99
1724745600,11.83,11.85,11.61,11.63,4067103.72
1724760000,11.63,11.69,11.5,11.52,3705020.46
1724774400,11.52,11.69,11.47,11.62,3312927.66
1724788800,11.62,11.62,10.91,11.16,8177101.5
1724803200,11.16,11.2,10.99,11.19,2803467.31
1724817600,11.19,11.21,10.98,10.99,1950916.85
1724832000,10.99,11.55,10.94,11.51,3113906.67
1724846400,11.51,11.7,11.21,11.3,3787800.08
1724860800,11.3,11.48,11.04,11.22,3887963.49
1724875200,11.22,11.42,11.11,11.17,2279344.25
1724889600,11.17,11.24,11.13,11.22,1302310.57
1724904000,11.22,11.31,11.15,11.24,1296090.25
1724918400,11.24,11.33,11.16,11.26,2057992.24
1724932800,11.26,11.47,11.24,11.34,3100642.86
1724947200,11.34,11.38,10.85,10.95,4794502.56
1724961600,10.95,11.01,10.82,10.94,1927084.58
1724976000,10.94,11.02,10.9,11.01,1543967.13
1724990400,11.01,11.14,10.96,11.1,1246795.01
1725004800,11.1,11.2,11.02,11.04,1143216.84
1725019200,11.04,11.17,10.51,10.54,4489548.2
1725033600,10.54,11.1,10.51,10.99,4328198.66
1725048000,10.99,11.13,10.96,11.11,1644435.66
1725062400,11.11,11.17,11.07,11.12,886406.73
1725076800,11.12,11.17,11.1,11.12,706901.49
1725091200,11.12,11.19,11.03,11.14,1365358.9400000002
1725105600,11.14,11.2,11.03,11.09,1144386.11
1725120000,11.09,11.11,10.93,11.02,1490427.47
1725134400,11.02,11.1,10.99,11.01,810322.81
1725148800,11.01,11.02,10.84,10.94,1022808.16
1725163200,10.94,10.97,10.78,10.88,1262305.03
1725177600,10.88,10.89,10.71,10.8,1470495.04
1725192000,10.8,10.8,10.53,10.7,2197146.37
1725206400,10.7,10.76,10.52,10.7,1745814.51
1725220800,10.7,10.77,10.24,10.37,2855987.77
1725235200,10.37,10.51,10.32,10.48,1419531.68
1725249600,10.48,10.52,10.34,10.37,1328990.24
1725264000,10.37,10.79,10.37,10.74,1855691.97
1725278400,10.74,10.79,10.59,10.65,1525084.69
1725292800,10.65,10.71,10.56,10.66,1275469.63
1725307200,10.66,10.83,10.64,10.76,2400258.07
1725321600,10.76,10.88,10.69,10.7,1568703.48
1725336000,10.7,10.73,10.62,10.7,981499.66
1725350400,10.7,10.7,10.54,10.66,840381.97
1725364800,10.66,10.74,10.27,10.29,3189026.63
1725379200,10.29,10.51,10.21,10.49,3222783.9
1725393600,10.49,10.51,10.3,10.31,2055538.41
1725408000,10.31,10.39,9.829,10.25,4616548.25
1725422400,10.25,10.4,10.17,10.26,2067239.26
1725436800,10.26,10.29,10.09,10.12,1876413.81
1725451200,10.12,10.4,10.06,10.39,4204015.5
1725465600,10.39,10.5,10.27,10.32,3988323.55
1725480000,10.32,10.43,10.28,10.33,1330891.7
1725494400,10.33,10.39,10.15,10.16,1864365.84
1725508800,10.16,10.3,10.12,10.27,1187111.65
1725523200,10.27,10.28,10.15,10.17,902796.58
1725537600,10.17,10.24,9.945,10.0,3329042.94
1725552000,10.0,10.11,9.909,9.954,1879965.08
1725566400,9.954,10.03,9.941,10.02,1450306.94
1725580800,10.02,10.18,9.95,10.1,2277062.78
1725595200,10.1,10.11,9.813,9.916,1731842.52
1725609600,9.916,9.981,9.886,9.903,1393142.97
1725624000,9.903,10.09,9.578,9.681,6735964.51
1725638400,9.681,9.681,9.449,9.509,5134885.13
1725652800,9.509,9.59,9.284,9.576,4641691.16
1725667200,9.576,9.687,9.557,9.653,1505194.22
1725681600,9.653,10.05,9.652,9.941,3600864.13
1725696000,9.941,10.01,9.871,9.99,1602542.35
1725710400,9.99,10.16,9.99,10.13,2475730.74
1725724800,10.13,10.13,9.992,10.05,2782007.51
1725739200,10.05,10.06,9.934,10.03,1810115.41
1725753600,10.03,10.14,9.966,10.14,1404768.22
1725768000,10.14,10.31,10.14,10.28,2282834.1
1725782400,10.28,10.37,10.25,10.28,1971043.76
1725796800,10.28,10.3,10.17,10.17,2229164.11
1725811200,10.17,10.29,10.13,10.23,1239760.62
1725825600,10.23,10.45,10.21,10.35,2184190.09
1725840000,10.35,10.45,10.27,10.35,2107587.31
1725854400,10.35,10.69,10.28,10.62,3519296.43
1725868800,10.62,10.82,10.5,10.52,5626072.58
1725883200,10.52,10.53,10.3,10.39,3521142.21
1725897600,10.39,10.62,10.38,10.62,5705299.41
1725912000,10.62,10.74,10.53,10.54,2868330.27
1725926400,10.54,10.54,10.35,10.36,1359176.02
1725940800,10.36,10.56,10.33,10.53,1705187.89
1725955200,10.53,10.57,10.42,10.54,1509104.3
1725969600,10.54,10.58,10.41,10.46,2237634.94
1725984000,10.46,10.74,10.45,10.65,3134907.62
1725998400,10.65,10.67,10.56,10.59,1590208.7
1726012800,10.59,10.6,10.36,10.44,1917316.88
1726027200,10.44,10.48,10.31,10.48,1290966.12
1726041600,10.48,10.49,10.3,10.36,1908333.98
1726056000,10.36,10.5,10.17,10.34,4884247.05
1726070400,10.34,10.49,10.33,10.44,3062217.66
1726084800,10.44,10.46,10.39,10.4,2011064.38
1726099200,10.4,10.61,10.39,10.53,2620421.47
1726113600,10.53,10.61,10.51,10.57,1584652.26
1726128000,10.57,10.66,10.56,10.64,1316250.94
1726142400,10.64,10.7,10.53,10.54,3196223.44
1726156800,10.54,10.77,10.54,10.74,2494832.26
1726171200,10.74,10.8,10.66,10.79,2383453.7800000003
1726185600,10.79,10.86,10.73,10.73,2106612.51
1726200000,10.73,10.76,10.64,10.7,1736355.11
1726214400,10.7,11.01,10.69,10.93,3659986.31
1726228800,10.93,11.35,10.93,11.3,9113664.74
1726243200,11.3,11.4,11.25,11.36,4705895.88
1726257600,11.36,11.56,11.35,11.45,4070450.28
1726272000,11.45,11.48,11.4,11.41,1454415.06
1726286400,11.41,11.41,11.33,11.4,1270131.37
1726300800,11.4,11.43,11.23,11.27,2343504.59
1726315200,11.27,11.38,11.25,11.38,1041527.06
1726329600,11.38,11.42,11.22,11.3,1936159.11
1726344000,11.3,11.35,11.27,11.3,1105359.43
1726358400,11.3,11.36,11.28,11.32,1157343.02
1726372800,11.32,11.34,11.26,11.27,1462527.36
1726387200,11.27,11.27,11.15,11.17,1819037.46
1726401600,11.17,11.28,11.13,11.23,1364123.3
1726416000,11.23,11.23,11.08,11.09,2070889.69
1726430400,11.09,11.1,10.8,10.81,3480084.64
1726444800,10.81,10.81,10.49,10.66,4389029.78
1726459200,10.66,10.74,10.59,10.72,1553778.95
1726473600,10.72,10.83,10.59,10.68,2165056.61
1726488000,10.68,10.69,10.45,10.55,3331214.42
1726502400,10.55,10.57,10.41,10.53,3280116.7299999995
1726516800,10.53,10.59,10.43,10.54,1679144.22
1726531200,10.54,10.58,10.44,10.51,1884817.17
1726545600,10.51,10.65,10.51,10.61,1655016.6800000002
1726560000,10.61,10.69,10.58,10.6,1650108.59
1726574400,10.6,10.92,10.52,10.85,7596879.65
1726588800,10.85,10.87,10.59,10.67,4418906.71
1726603200,10.67,10.73,10.57,10.63,1920314.88
1726617600,10.63,10.68,10.51,10.65,1790045.74
1726632000,10.65,10.66,10.55,10.59,1392136.31
1726646400,10.59,10.6,10.34,10.45,2809365.65
1726660800,10.45,10.51,10.29,10.32,3030035.18
1726675200,10.32,10.74,10.31,10.57,5902088.58
1726689600,10.57,10.89,10.44,10.89,4108299.29
1726704000,10.89,11.14,10.89,11.01,6578549.5600000005
1726718400,11.01,11.16,10.97,11.16,2523722.99
1726732800,11.16,11.28,11.11,11.27,2896403.39
1726747200,11.27,11.34,11.18,11.22,4796237.11
1726761600,11.22,11.4,11.22,11.23,4245945.98
1726776000,11.23,11.27,11.17,11.2,2516317.94
1726790400,11.2,11.43,11.12,11.43,2580020.79
1726804800,11.43,11.72,11.42,11.7,4710969.61
1726819200,11.7,11.74,11.56,11.61,2961237.68
1726833600,11.61,11.69,11.45,11.53,5157465.6
1726848000,11.53,11.55,11.37,11.43,2930401.8
1726862400,11.43,11.5,11.4,11.44,1815752.43
1726876800,11.44,11.49,11.27,11.28,2016020.67
1726891200,11.28,11.37,11.21,11.36,1284406.69
1726905600,11.36,11.39,11.31,11.34,967385.23
1726920000,11.34,11.48,11.33,11.39,1998601.12
1726934400,11.39,11.44,11.33,11.36,1499916.28
1726948800,11.36,11.54,11.33,11.49,1732617.28
1726963200,11.49,11.55,11.32,11.37,2022508.21
1726977600,11.37,11.43,11.28,11.3,1693294.24
1726992000,11.3,11.33,11.16,11.23,1533139.07
1727006400,11.23,11.26,11.03,11.04,1585410.04
1727020800,11.04,11.16,10.95,11.06,2191820.03
1727035200,11.06,11.21,10.85,11.13,3251824.14
1727049600,11.13,11.49,10.92,11.43,3140548.6
1727064000,11.43,11.47,11.28,11.31,2212359.41
1727078400,11.31,11.47,11.28,11.43,2371464.63
1727092800,11.43,11.59,11.33,11.51,4919082.39
1727107200,11.51,11.61,11.38,11.43,2647262.0700000003
1727121600,11.43,11.47,11.36,11.39,2241656.41
1727136000,11.39,11.42,11.2,11.3,3213797.89
1727150400,11.3,11.49,11.21,11.47,2006942.09
1727164800,11.47,11.54,11.43,11.5,2821539.4
1727179200,11.5,11.62,11.33,11.51,5186139.91
1727193600,11.51,11.86,11.47,11.85,5213174.5
1727208000,11.85,12.22,11.82,12.15,8849213.91
1727222400,12.15,12.29,12.1,12.29,4430452.95
1727236800,12.29,12.29,12.07,12.19,2872927.51
1727251200,12.19,12.37,12.18,12.31,2731955.41
1727265600,12.31,12.49,12.27,12.36,4485655.71
1727280000,12.36,12.56,12.13,12.13,6397006.51
1727294400,12.13,12.25,12.06,12.1,2972438.17
1727308800,12.1,12.14,11.87,12.07,4455750.65
1727323200,12.07,12.27,12.0,12.25,2541412.37
1727337600,12.25,12.35,12.13,12.3,2820475.5200000005
1727352000,12.3,12.65,12.21,12.6,10541745.47
1727366400,12.6,12.75,12.52,12.63,6106217.44
1727380800,12.63,12.66,12.44,12.56,3217611.93
1727395200,12.56,12.64,12.45,12.63,3287279.8200000003
1727409600,12.63,12.85,12.62,12.75,5780202.94
1727424000,12.75,12.84,12.58,12.73,2313484.76
1727438400,12.73,12.82,12.63,12.72,4131009.17
1727452800,12.72,12.88,12.63,12.69,3326876.16
1727467200,12.69,12.76,12.61,12.67,1858563.4
1727481600,12.67,12.87,12.66,12.76,3017885.21
1727496000,12.76,12.8,12.57,12.58,2247261.42
1727510400,12.58,12.7,12.37,12.69,2204844.48
1727524800,12.69,12.94,12.59,12.83,3081815.46
1727539200,12.83,12.97,12.74,12.92,2309676.34
1727553600,12.92,12.97,12.73,12.94,2750363.67
1727568000,12.94,12.97,12.68,12.75,2342451.36
1727582400,12.75,12.76,12.53,12.53,2081621.48
1727596800,12.53,12.64,12.5,12.61,1614859.97
1727611200,12.61,12.63,12.48,12.6,2273521.5300000003
1727625600,12.6,12.69,12.51,12.67,2006228.53
1727640000,12.67,12.72,12.44,12.47,2537322.8
1727654400,12.47,12.47,12.13,12.26,5301508.6
1727668800,12.26,12.34,12.19,12.27,2602960.2
1727683200,12.27,12.28,11.99,12.08,2983755.11
1727697600,12.08,12.19,11.92,11.93,3257816.99
1727712000,11.93,12.01,11.9,11.97,3361733.14
1727726400,11.97,12.05,11.76,11.85,3811699.53
1727740800,11.85,12.12,11.79,12.1,3387361.63
1727755200,12.1,12.25,12.08,12.22,2372587.86
1727769600,12.22,12.24,12.13,12.16,1369052.72
1727784000,12.16,12.17,11.18,11.43,8934404.79
1727798400,11.43,11.47,10.87,11.04,12845182.87
1727812800,11.04,11.1,10.9,11.02,5466543.0
1727827200,11.02,11.24,10.97,11.21,2909705.11
1727841600,11.21,11.3,11.13,11.24,2088912.17
1727856000,11.24,11.26,10.99,11.06,2589930.23
1727870400,11.06,11.08,10.79,10.93,5475061.08
1727884800,10.93,11.05,10.45,10.6,6893336.48
1727899200,10.6,10.68,10.46,10.65,4030638.24
1727913600,10.65,10.84,10.59,10.84,5252848.43
1727928000,10.84,10.86,10.61,10.63,2335674.07
1727942400,10.63,10.68,10.35,10.53,3089312.19
1727956800,10.53,10.64,10.35,10.54,4808638.25
1727971200,10.54,10.65,10.38,10.65,3049350.55
1727985600,10.65,10.69,10.55,10.66,2240279.58
1728000000,10.66,10.8,10.6,10.74,2234030.72
1728014400,10.74,10.99,10.74,10.97,2079577.01
1728028800,10.97,11.06,10.93,10.98,2169130.35
1728043200,10.98,11.16,10.89,11.16,5265357.27
1728057600,11.16,11.24,11.07,11.14,3106088.11
1728072000,11.14,11.14,11.04,11.07,1666473.41
1728086400,11.07,11.15,10.99,11.04,2105196.8
1728100800,11.04,11.24,11.04,11.22,1450604.47
1728115200,11.22,11.38,11.22,11.31,2252327.43
1728129600,11.31,11.37,11.24,11.35,2125966.2
1728144000,11.35,11.36,11.15,11.15,2124121.25
1728158400,11.15,11.27,11.08,11.26,1708434.64
1728172800,11.26,11.31,11.19,11.26,1562462.7
1728187200,11.26,11.39,11.23,11.33,2083845.29
1728201600,11.33,11.35,11.22,11.26,1045128.1
1728216000,11.26,11.38,11.19,11.3,2169410.18
1728230400,11.3,11.36,11.19,11.21,1860067.49
1728244800,11.21,11.31,11.16,11.28,3432539.02
1728259200,11.28,11.61,11.22,11.6,5794270.68
1728273600,11.6,11.66,11.53,11.54,2220618.04
1728288000,11.54,11.6,11.25,11.43,4823504.82
1728302400,11.43,11.74,11.34,11.52,4820236.76
1728316800,11.52,11.6,11.21,11.34,5095053.890000001
1728331200,11.34,11.38,11.13,11.16,3361550.92
1728345600,11.16,11.29,11.15,11.21,1358506.81
1728360000,11.21,11.25,10.97,11.02,3512142.23
1728374400,11.02,11.17,10.98,11.17,2060409.69
1728388800,11.17,11.19,10.86,10.93,4433651.359999999
1728403200,10.93,11.04,10.82,10.89,3272616.41
1728417600,10.89,10.97,10.78,10.83,2169951.82
1728432000,10.83,10.96,10.75,10.86,2286686.17
1728446400,10.86,10.91,10.75,10.78,1979722.97
1728460800,10.78,10.8,10.66,10.66,2457673.42
1728475200,10.66,10.73,10.54,10.7,3882711.27
1728489600,10.7,10.71,10.54,10.6,2588240.36
1728504000,10.6,10.6,10.41,10.53,2952815.02
1728518400,10.53,10.64,10.5,10.62,1488539.14
1728532800,10.62,10.73,10.62,10.62,2455366.83
1728547200,10.62,10.66,10.5,10.64,1768384.89
1728561600,10.64,10.66,10.39,10.62,3275861.52
1728576000,10.62,10.66,10.24,10.45,4459084.74
1728590400,10.45,10.55,10.41,10.55,2007472.58
1728604800,10.55,10.64,10.5,10.62,1956631.08
1728619200,10.62,10.68,10.59,10.65,1447968.91
1728633600,10.65,10.73,10.65,10.68,1544192.86
1728648000,10.68,10.88,10.62,10.86,7038185.5600000005
1728662400,10.86,10.99,10.84,10.95,4744336.52
1728676800,10.95,11.02,10.88,10.9,2759670.83
1728691200,10.9,11.01,10.83,10.86,1764543.82
1728705600,10.86,10.98,10.86,10.98,1206413.46
1728720000,10.98,11.12,10.96,11.05,2033695.1
1728734400,11.05,11.14,11.03,11.08,2072642.87
1728748800,11.08,11.14,10.99,11.02,2015485.07
1728763200,11.02,11.09,10.99,11.0,1529342.49
1728777600,11.0,11.04,10.93,10.94,1685486.4500000002
1728792000,10.94,11.07,10.93,10.97,1028691.36
1728806400,10.97,11.03,10.88,10.88,1291744.09
1728820800,10.88,10.95,10.63,10.68,2111034.42
1728835200,10.68,10.77,10.62,10.71,2632788.39
1728849600,10.71,10.83,10.68,10.74,2770873.22
1728864000,10.74,11.03,10.6,11.01,5331564.11
1728878400,11.01,11.04,10.85,11.01,4733042.93
1728892800,11.01,11.05,10.89,11.0,2818167.76
1728907200,11.0,11.27,10.96,11.25,5698022.640000001
1728921600,11.25,11.32,11.17,11.22,3932598.12
1728936000,11.22,11.34,11.19,11.28,3468946.22
1728950400,11.28,11.52,11.25,11.45,5661426.28
1728964800,11.45,11.57,11.35,11.49,3384678.04
1728979200,11.49,11.59,11.33,11.37,5664446.88
1728993600,11.37,11.69,10.93,11.14,10836928.19
1729008000,11.14,11.42,11.11,11.29,5632013.28
1729022400,11.29,11.46,11.12,11.45,2218474.75
1729036800,11.45,11.47,11.25,11.29,2417664.27
1729051200,11.29,11.34,11.15,11.18,1931003.4
1729065600,11.18,11.53,11.16,11.45,4024919.47
1729080000,11.45,11.52,11.1,11.16,5434387.59
1729094400,11.16,11.24,11.07,11.15,4690810.87
1729108800,11.15,11.36,11.14,11.24,2029500.28
1729123200,11.24,11.34,11.18,11.33,1831939.67
1729137600,11.33,11.35,11.08,11.15,1519918.2
1729152000,11.15,11.17,10.92,10.94,2465336.34
1729166400,10.94,11.13,10.91,11.1,3246481.55
1729180800,11.1,11.11,10.84,11.0,4911890.97
1729195200,11.0,11.07,11.0,11.02,1680653.63
1729209600,11.02,11.28,10.98,11.16,2485322.7
1729224000,11.16,11.42,11.15,11.42,1663361.1
1729238400,11.42,11.49,11.35,11.36,1921442.0
1729252800,11.36,11.48,11.31,11.45,3996956.84
1729267200,11.45,11.5,11.34,11.42,3332170.67
1729281600,11.42,11.49,11.37,11.48,2063450.17
1729296000,11.48,11.6,11.47,11.48,2213987.23
1729310400,11.48,11.51,11.38,11.39,1288100.52
1729324800,11.39,11.4,11.29,11.3,948716.4
1729339200,11.3,11.41,11.3,11.38,977927.15
1729353600,11.38,11.41,11.3,11.35,914570.71
1729368000,11.35,11.45,11.34,11.42,1282518.23
1729382400,11.42,11.45,11.28,11.33,1169971.54
1729396800,11.33,11.4,11.29,11.37,764061.91
1729411200,11.37,11.68,11.37,11.67,1631808.46
1729425600,11.67,11.92,11.59,11.88,3943263.56
1729440000,11.88,12.0,11.82,11.82,3067330.13
1729454400,11.82,12.03,11.81,11.97,2564431.57
1729468800,11.97,12.02,11.78,11.88,2273725.64
1729483200,11.88,12.01,11.84,11.9,1462860.15
1729497600,11.9,11.96,11.72,11.73,1958608.74
1729512000,11.73,11.75,11.54,11.66,4193725.91
1729526400,11.66,11.79,11.56,11.77,2613023.48
1729540800,11.77,11.82,11.69,11.7,1184015.94
1729555200,11.7,11.91,11.59,11.87,2847333.5300000003
1729569600,11.87,12.19,11.83,12.11,2737006.8
1729584000,12.11,12.27,11.87,12.17,5460730.109999999
1729598400,12.17,12.33,12.03,12.13,6336168.08
1729612800,12.13,12.13,11.92,12.0,4787611.85
1729627200,12.0,12.12,11.93,11.97,2337521.37
1729641600,11.97,11.99,11.72,11.77,2236627.99
1729656000,11.77,11.81,11.59,11.6,1568119.71
1729670400,11.6,11.64,11.36,11.38,2265092.61
1729684800,11.38,11.45,11.24,11.31,3300738.1500000004
1729699200,11.31,11.32,11.01,11.22,5091190.85
1729713600,11.22,11.34,11.19,11.32,1992130.41
1729728000,11.32,11.52,11.27,11.37,2525880.41
1729742400,11.37,11.47,11.26,11.28,1818680.56
1729756800,11.28,11.4,11.21,11.38,1971338.95
1729771200,11.38,11.5,11.37,11.42,3750013.66
1729785600,11.42,11.51,11.35,11.51,1824822.72
1729800000,11.51,11.63,11.48,11.6,1942162.28
1729814400,11.6,12.08,11.6,11.89,6070686.57
1729828800,11.89,11.92,11.65,11.68,2961475.39
1729843200,11.68,11.87,11.57,11.81,2210805.98
1729857600,11.81,11.99,11.73,11.82,4314634.24
1729872000,11.82,11.92,11.33,11.58,7402963.390000001
1729886400,11.58,11.75,10.8,11.12,8822827.57
1729900800,11.12,11.37,10.95,11.32,6315871.77
1729915200,11.32,11.37,11.08,11.08,2634761.38
1729929600,11.08,11.21,11.06,11.08,2010056.41
1729944000,11.08,11.11,10.81,10.84,3789310.83
1729958400,10.84,11.02,10.83,10.96,1796982.88
1729972800,10.96,11.09,10.96,10.99,1723670.2
1729987200,10.99,11.04,10.89,11.03,1448337.91
1730001600,11.03,11.04,10.91,10.93,712954.21
1730016000,10.93,10.97,10.84,10.88,1092340.87
1730030400,10.88,11.11,10.86,11.09,1764603.14
1730044800,11.09,11.16,10.88,10.95,2279090.34
1730059200,10.95,11.1,10.92,10.97,3095363.29
1730073600,10.97,11.0,10.76,10.77,2009648.75
1730088000,10.77,11.01,10.7,10.96,1765492.1
1730102400,10.96,11.15,10.94,11.1,1401078.53
1730116800,11.1,11.17,10.8,10.81,4613623.93
1730131200,10.81,11.07,10.74,10.99,4783094.99
1730145600,10.99,11.25,10.97,11.18,3945155.03
1730160000,11.18,11.47,11.14,11.41,4576607.15
1730174400,11.41,11.52,11.4,11.47,2141488.84
1730188800,11.47,11.57,11.45,11.48,2425654.78
1730203200,11.48,11.55,11.4,11.55,3569881.96
1730217600,11.55,11.73,11.48,11.54,5496468.97
1730232000,11.54,11.8,11.46,11.79,4217131.25
1730246400,11.79,12.0,11.65,11.99,3556401.92
1730260800,11.99,12.14,11.93,11.96,2137229.12
1730275200,11.96,12.11,11.86,11.95,2456474.92
1730289600,11.95,12.37,11.91,12.22,6926329.96
1730304000,12.22,12.3,12.11,12.24,4494502.27
1730318400,12.24,12.45,12.09,12.39,5482014.31
1730332800,12.39,12.46,12.2,12.4,3030256.06
1730347200,12.4,12.4,12.1,12.19,2594909.48
1730361600,12.19,12.19,12.01,12.13,1736168.12
1730376000,12.13,12.16,11.71,11.77,6397693.220000001
1730390400,11.77,11.78,11.37,11.39,3941304.66
1730404800,11.39,11.52,11.31,11.4,3082693.79
1730419200,11.4,11.48,11.2,11.38,3430551.71
1730433600,11.38,11.49,11.25,11.3,2074447.7
1730448000,11.3,11.38,11.25,11.32,1872424.65
1730462400,11.32,11.72,11.19,11.32,8049811.01
1730476800,11.32,11.57,11.28,11.33,3720699.21
1730491200,11.33,11.38,11.15,11.25,2033212.26
1730505600,11.25,11.39,11.24,11.29,972711.33
1730520000,11.29,11.32,11.18,11.25,1098995.99
1730534400,11.25,11.27,11.15,11.18,1512046.52
1730548800,11.18,11.22,11.08,11.17,4087326.14
1730563200,11.17,11.23,11.1,11.18,3858486.34
1730577600,11.18,11.27,11.13,11.18,894677.73
1730592000,11.18,11.23,10.83,10.95,2810905.22
1730606400,10.95,11.05,10.92,10.98,943874.87
1730620800,10.98,11.04,10.9,10.92,2478466.81
1730635200,10.92,10.95,10.54,10.71,3690624.73
1730649600,10.71,10.77,10.51,10.72,2477861.91
1730664000,10.72,10.84,10.67,10.76,2155354.08
1730678400,10.76,10.91,10.6,10.79,1618182.05
1730692800,10.79,10.86,10.62,10.62,1070049.67
1730707200,10.62,10.71,10.52,10.64,1262544.55
1730721600,10.64,10.71,10.37,10.39,3105321.77
1730736000,10.39,10.43,10.23,10.36,4222533.85
1730750400,10.36,10.37,10.07,10.25,3874227.91
1730764800,10.25,10.41,10.18,10.41,2499221.2
1730779200,10.41,10.52,10.41,10.51,1492881.43
1730793600,10.51,10.62,10.49,10.6,1585733.79
1730808000,10.6,10.9,10.56,10.77,4721074.96
1730822400,10.77,10.94,10.62,10.66,3700373.11
1730836800,10.66,10.91,10.62,10.83,3078873.1100000003
1730851200,10.83,11.77,10.8,11.69,11200821.58
1730865600,11.69,11.96,11.58,11.75,8868164.05
1730880000,11.75,11.9,11.55,11.84,7964787.9
1730894400,11.84,11.9,11.67,11.82,6904472.64
1730908800,11.82,11.98,11.73,11.98,8484460.85
1730923200,11.98,12.32,11.95,12.18,7296468.12
1730937600,12.18,12.71,12.08,12.56,9930165.9
1730952000,12.56,12.57,12.21,12.3,6135636.53
1730966400,12.3,12.4,12.22,12.23,2627595.63
1730980800,12.23,12.46,12.13,12.46,4581516.01
1730995200,12.46,12.6,12.32,12.58,7042441.86
1731009600,12.58,12.69,12.46,12.6,5050469.01
1731024000,12.6,12.83,12.53,12.64,4975705.91
1731038400,12.64,12.87,12.64,12.84,5011724.359999999
1731052800,12.84,13.02,12.69,13.0,5684447.73
1731067200,13.0,13.42,13.0,13.29,13658589.58
1731081600,13.29,13.59,12.99,13.54,10256526.31
1731096000,13.54,13.76,13.35,13.7,7005227.53
1731110400,13.7,13.7,13.29,13.36,4900552.16
1731124800,13.36,13.73,13.35,13.51,4179832.75
1731139200,13.51,13.65,13.45,13.62,2962714.39
1731153600,13.62,13.64,13.34,13.53,6033953.45
1731168000,13.53,13.67,13.31,13.56,3884041.95
1731182400,13.56,13.84,13.47,13.78,6390963.390000001
1731196800,13.78,14.06,13.7,13.93,8195265.07
1731211200,13.93,14.6,13.92,14.49,16476821.97
1731225600,14.49,14.63,14.4,14.57,5670286.8
1731240000,14.57,14.76,14.44,14.6,8856425.06
1731254400,14.6,14.86,14.27,14.41,11686425.68
1731268800,14.41,14.5,13.65,14.27,13510831.080000002
1731283200,14.27,14.56,14.24,14.43,5003667.390000001
1731297600,14.43,14.44,13.63,13.81,10208097.83
1731312000,13.81,14.19,13.8,14.13,4026943.71
1731326400,14.13,14.48,13.83,14.33,11438749.04
1731340800,14.33,14.78,14.32,14.59,14387499.57
1731355200,14.59,14.96,14.33,14.93,12126888.57
1731369600,14.93,14.94,14.33,14.8,12373536.81
1731384000,14.8,14.92,14.57,14.85,6963571.59
1731398400,14.85,15.36,13.81,14.2,22452207.78
1731412800,14.2,14.34,13.68,13.95,13077508.26
1731427200,13.95,14.26,13.7,14.16,7811564.35
1731441600,14.16,14.3,13.93,13.97,6119490.97
1731456000,13.97,14.12,13.4,13.42,9688520.31
1731470400,13.42,13.65,13.09,13.4,7883833.399999999
1731484800,13.4,13.59,13.26,13.51,4723115.0600000005
1731499200,13.51,14.4,13.35,14.25,13678196.8
1731513600,14.25,14.37,13.3,13.32,16811477.0
1731528000,13.32,13.56,13.07,13.5,7681827.64
1731542400,13.5,13.53,13.2,13.49,5285155.8
1731556800,13.49,13.83,13.39,13.63,5506328.48
1731571200,13.63,13.65,13.15,13.29,5005624.74
1731585600,13.29,13.55,12.89,12.96,12815143.02
1731600000,12.96,13.38,12.9,13.3,6921450.98
1731614400,13.3,13.36,12.8,12.99,6909449.38
1731628800,12.99,13.17,12.84,13.11,5793679.23
1731643200,13.11,13.29,12.72,13.14,5963041.16
1731657600,13.14,13.55,13.05,13.49,4281673.91
1731672000,13.49,13.65,13.14,13.19,7914363.25
1731686400,13.19,13.55,13.16,13.47,6118359.550000001
1731700800,13.47,13.9,13.47,13.84,8512283.379999999
1731715200,13.84,14.34,13.74,14.26,13141783.01
1731729600,14.26,14.31,14.01,14.02,5410235.99
1731744000,14.02,14.46,14.02,14.45,5933388.49
1731758400,14.45,14.54,14.06,14.16,13544837.18
1731772800,14.16,14.8,14.07,14.74,10660056.99
1731787200,14.74,14.79,14.45,14.53,8122364.42
1731801600,14.53,14.89,13.79,14.14,12957754.31
1731816000,14.14,14.53,14.04,14.43,7644546.65
1731830400,14.43,14.54,14.03,14.03,3254464.79
1731844800,14.03,14.21,13.89,13.93,4497270.79
1731859200,13.93,14.1,13.73,13.86,4270270.37
1731873600,13.86,13.93,13.56,13.79,4587617.51
1731888000,13.79,14.36,13.76,14.36,5692814.64
1731902400,14.36,14.87,14.2,14.85,7939963.82
1731916800,14.85,14.93,14.28,14.33,6188980.46
1731931200,14.33,15.2,14.24,15.15,12678170.73
1731945600,15.15,16.0,14.79,14.96,32897624.05
1731960000,14.96,15.44,14.84,15.28,8580723.4
1731974400,15.28,15.43,14.91,15.08,5937511.18
1731988800,15.08,15.12,14.84,14.85,4615711.140000001
1732003200,14.85,15.02,14.66,15.02,4569044.42
1732017600,15.02,15.15,14.59,14.77,10002673.65
1732032000,14.77,15.06,14.67,14.9,8767658.709999999
1732046400,14.9,14.99,14.43,14.64,8347976.05
1732060800,14.64,14.71,14.2,14.43,8275159.88
1732075200,14.43,14.66,14.28,14.48,6300001.49
1732089600,14.48,14.94,14.44,14.69,4911415.27
1732104000,14.69,15.33,14.62,15.01,13426177.66
1732118400,15.01,15.02,14.05,14.19,12365184.16
1732132800,14.19,14.56,14.1,14.25,5514378.81
1732147200,14.25,14.47,13.86,14.16,7210050.83
1732161600,14.16,14.69,14.16,14.67,10026276.68
1732176000,14.67,14.74,14.36,14.63,4865113.32
1732190400,14.63,15.38,14.62,14.82,18288697.15
1732204800,14.82,15.18,14.8,14.91,9388204.05
1732219200,14.91,15.03,14.7,14.91,7397803.14
1732233600,14.91,15.17,14.74,15.09,13870743.44
1732248000,15.09,15.44,15.06,15.23,11834371.7
1732262400,15.23,15.37,14.95,15.36,6906072.97
1732276800,15.36,15.56,14.88,15.43,18053959.1
1732291200,15.43,15.81,15.18,15.28,20931733.41
1732305600,15.28,16.6,15.2,16.58,22986503.6
1732320000,16.58,17.09,16.32,16.79,30535011.95
1732334400,16.79,17.05,16.47,17.02,11115998.39
1732348800,17.02,17.24,16.68,17.05,12179399.71
1732363200,17.05,17.96,16.95,17.95,27366640.2
1732377600,17.95,18.4,17.24,17.57,40659977.78
1732392000,17.57,17.8,17.05,17.4,13458784.75
1732406400,17.4,18.35,17.34,18.1,18595648.08
1732420800,18.1,18.18,17.58,17.81,12498163.57
1732435200,17.81,17.88,16.72,16.72,11728736.7
1732449600,16.72,16.9,16.13,16.34,18364186.15
1732464000,16.34,17.14,16.26,17.02,11577003.37
1732478400,17.02,18.11,16.96,17.92,11750424.16
1732492800,17.92,18.24,17.34,17.82,13880909.17
1732507200,17.82,18.42,17.81,18.32,14884147.25
1732521600,18.32,19.06,18.23,18.66,24434572.24
1732536000,18.66,18.85,17.53,18.51,25594820.12
1732550400,18.51,18.78,17.62,17.87,20769120.69
1732564800,17.87,18.19,17.15,17.34,12955973.44
1732579200,17.34,17.84,17.26,17.57,8921663.35
1732593600,17.57,17.67,17.13,17.23,7806497.21
1732608000,17.23,17.23,16.19,16.55,18198916.41
1732622400,16.55,17.49,16.49,16.93,23125508.19
1732636800,16.93,17.42,16.7,17.07,8312033.22
1732651200,17.07,17.49,16.94,17.33,9073728.45
1732665600,17.33,17.57,16.96,17.39,8454230.780000001
1732680000,17.39,18.24,17.36,18.14,13443564.27
1732694400,18.14,18.51,17.87,18.12,9488031.760000002
1732708800,18.12,18.29,17.73,18.08,16229066.07
1732723200,18.08,18.3,17.74,18.07,12213539.58
1732737600,18.07,19.01,18.07,18.67,16387801.91
1732752000,18.67,18.71,17.87,18.06,15296899.2
1732766400,18.06,18.26,17.83,17.9,8587075.09
1732780800,17.9,18.09,17.77,18.02,6927366.05
1732795200,18.02,18.1,17.5,17.51,11123034.04
1732809600,17.51,17.97,17.5,17.82,6100827.16
1732824000,17.82,18.07,17.65,17.94,5805670.4
1732838400,17.94,18.11,17.77,17.81,5968768.93
1732852800,17.81,17.84,17.53,17.55,4466897.34
1732867200,17.55,18.19,17.54,18.13,3904201.46
1732881600,18.13,18.41,17.91,18.07,11778993.6
1732896000,18.07,18.16,17.85,18.11,7859580.9
1732910400,18.11,18.41,18.03,18.26,9790088.16
1732924800,18.26,18.53,17.94,18.51,9400491.44
1732939200,18.51,18.71,18.27,18.63,7976136.430000001
1732953600,18.63,18.74,18.1,18.23,6462485.18
1732968000,18.23,18.98,18.21,18.89,12128940.03
1732982400,18.89,19.37,18.63,19.33,18763487.38
1732996800,19.33,19.45,18.99,19.01,10379223.66
1733011200,19.01,19.12,18.46,18.73,9916019.24
1733025600,18.73,18.96,18.55,18.67,5096126.83
1733040000,18.67,18.82,18.52,18.75,4357987.44
1733054400,18.75,19.02,18.59,18.83,8332652.130000001
1733068800,18.83,19.07,18.59,18.74,13313586.21
1733083200,18.74,19.05,18.44,18.94,12979665.49
1733097600,18.94,19.72,18.8,18.9,24422178.33
1733112000,18.9,20.01,18.6,19.81,31914847.15
1733126400,19.81,20.95,18.88,19.77,46552435.97
1733140800,19.77,21.85,19.48,21.81,60134824.45
1733155200,21.81,23.99,21.1,23.81,116103536.51
1733169600,23.81,26.81,23.65,25.24,135389679.66
1733184000,25.24,25.44,23.79,24.21,51810449.14
1733198400,24.21,25.48,24.02,25.12,40998896.97
1733212800,25.12,26.23,24.54,24.59,45609547.83
1733227200,24.59,24.94,22.58,24.0,63230446.72
1733241600,24.0,24.56,23.45,24.31,29261400.35
1733256000,24.31,25.23,24.11,24.12,37401818.07
1733270400,24.12,24.62,23.63,24.02,24935694.54
1733284800,24.02,24.61,23.92,24.48,16213287.49
1733299200,24.48,25.09,24.02,24.64,22147619.37
1733313600,24.64,26.48,24.05,25.38,65189414.69
1733328000,25.38,25.49,24.04,24.98,44057679.25
1733342400,24.98,25.11,23.77,24.11,35603250.71
1733356800,24.11,24.58,23.03,23.61,37048351.59
1733371200,23.61,24.38,23.51,23.92,16734216.079999998
1733385600,23.92,24.28,23.73,24.25,18386967.72
1733400000,24.25,24.99,23.94,24.3,55928661.67
1733414400,24.3,24.61,23.58,23.71,25539326.17
1733428800,23.71,24.0,22.54,23.17,43371393.48
1733443200,23.17,24.11,23.09,24.02,24125094.89
1733457600,24.02,24.27,23.78,23.81,9807998.76
1733472000,23.81,24.08,23.14,23.31,16710868.32
1733486400,23.31,24.14,22.78,23.8,25707942.19
1733500800,23.8,25.12,23.76,24.94,24967677.4
1733515200,24.94,25.99,24.85,25.91,41775655.44
1733529600,25.91,26.87,25.17,26.64,45073983.0
1733544000,26.64,26.76,25.32,25.4,25984340.16
1733558400,25.4,25.46,24.75,24.96,14108374.54
1733572800,24.96,25.18,24.88,25.0,11701481.9
1733587200,25.0,25.03,24.47,24.8,18966032.87
1733601600,24.8,24.95,24.62,24.81,8887428.35
1733616000,24.81,25.02,24.73,24.83,8594464.73
1733630400,24.83,25.59,24.71,25.37,13873076.87
1733644800,25.37,26.87,25.09,26.63,33339759.14
1733659200,26.63,27.4,26.05,26.26,40555270.73
1733673600,26.26,26.29,25.53,25.95,19121089.42
1733688000,25.95,26.64,25.64,26.11,17575878.91
1733702400,26.11,27.36,25.91,26.63,45606473.29
1733716800,26.63,27.3,25.62,26.21,32589840.33
1733731200,26.21,26.22,24.51,24.61,27780740.79
1733745600,24.61,25.86,24.28,24.38,31776794.67
1733760000,24.38,24.63,23.63,23.67,25477026.16
1733774400,23.67,23.7,19.91,22.29,88117145.44999999
1733788800,22.29,22.72,20.71,21.63,41992124.010000005
1733803200,21.63,23.41,21.09,23.08,38760469.75
1733817600,23.08,23.78,22.71,23.2,24045901.53
1733832000,23.2,23.3,21.34,21.34,40510314.1
1733846400,21.34,21.66,20.28,21.44,53677811.88
1733860800,21.44,22.48,21.32,22.13,29360792.45
1733875200,22.13,22.52,21.17,22.45,24382061.11
1733889600,22.45,22.69,22.21,22.24,14436167.39
1733904000,22.24,23.03,22.24,22.87,11334299.86
1733918400,22.87,24.26,22.84,23.92,33238838.99
1733932800,23.92,24.22,23.4,23.82,18173201.93
1733947200,23.82,24.34,23.72,24.09,12797211.04
1733961600,24.09,27.15,23.89,27.02,55134200.69
1733976000,27.02,29.44,26.95,28.82,81720491.8
1733990400,28.82,29.2,27.54,27.84,33112700.43
1734004800,27.84,28.52,27.35,28.23,56623163.82
1734019200,28.23,28.59,26.88,26.94,36370235.95
1734033600,26.94,29.37,26.75,29.11,65724646.31
1734048000,29.11,30.94,28.25,30.16,83285599.95
1734062400,30.16,30.3,28.67,28.92,29556857.98
1734076800,28.92,29.03,28.15,28.38,15947882.64
1734091200,28.38,28.58,27.54,27.61,32200756.15
1734105600,27.61,28.32,27.59,28.1,17403605.12
1734120000,28.1,29.11,27.78,29.0,19268883.52
1734134400,29.0,30.67,28.77,29.46,47801403.91
1734148800,29.46,29.82,29.16,29.52,15736879.42
1734163200,29.52,30.36,29.3,29.78,23598418.33
1734177600,29.78,30.75,28.72,30.35,36695462.57
1734192000,30.35,30.46,28.93,29.21,28946783.6
1734206400,29.21,29.68,28.85,29.12,21988866.42
1734220800,29.12,29.54,28.54,29.3,20816638.45
1734235200,29.3,29.87,28.59,28.76,18412746.75
1734249600,28.76,29.1,28.55,28.79,10884722.92
1734264000,28.79,29.32,28.29,29.12,14957399.6
1734278400,29.12,29.58,28.77,28.96,13295138.59
1734292800,28.96,29.6,28.02,29.25,27490561.41
1734307200,29.25,29.73,28.41,28.64,26812528.37
1734321600,28.64,29.47,28.43,29.27,14415869.79
1734336000,29.27,30.81,28.88,29.81,40875393.28
1734350400,29.81,30.61,29.23,30.27,33845551.92
1734364800,30.27,30.41,29.31,29.53,35967260.52
1734379200,29.53,29.87,28.72,28.75,22955212.62
1734393600,28.75,29.07,28.37,28.76,17754419.02
1734408000,28.76,28.76,28.05,28.13,12796323.84
1734422400,28.13,28.85,27.87,28.39,15452995.02
1734436800,28.39,28.62,27.51,27.61,25689271.32
1734451200,27.61,28.27,27.36,27.73,26225984.44
1734465600,27.73,28.28,27.47,27.85,14355064.75
1734480000,27.85,28.4,27.46,27.68,15830898.42
1734494400,27.68,27.73,26.79,27.17,22012109.91
1734508800,27.17,27.93,26.93,27.91,8880686.32
1734523200,27.91,27.92,26.53,27.08,19654374.75
1734537600,27.08,27.95,26.42,26.42,18123714.15
1734552000,26.42,26.57,24.73,24.85,48362417.48
1734566400,24.85,25.31,23.35,24.87,50853548.7
1734580800,24.87,24.96,24.42,24.9,12342303.11
1734595200,24.9,25.68,24.5,25.4,15124720.94
1734609600,25.4,25.4,23.74,24.16,22956355.66
1734624000,24.16,24.35,21.91,22.28,60395135.65
1734638400,22.28,23.25,21.68,22.79,34849616.45
1734652800,22.79,23.69,22.61,23.17,15562420.17
1734667200,23.17,23.31,22.13,22.61,14884296.37
1734681600,22.61,22.61,20.0,20.01,51271200.83
1734696000,20.01,22.92,20.01,22.69,43789766.59
1734710400,22.69,23.68,22.42,23.28,41197459.53
1734724800,23.28,23.64,22.65,23.38,26184563.42
1734739200,23.38,23.71,23.03,23.13,10732188.04
1734753600,23.13,24.93,23.12,24.53,21723758.81
1734768000,24.53,24.76,23.6,23.82,14823848.65
1734782400,23.82,23.83,22.27,22.87,18447726.48
1734796800,22.87,22.92,21.92,22.31,17568387.759999998
1734811200,22.31,22.55,21.77,22.11,10046250.2
1734825600,22.11,22.43,21.84,22.18,9382423.46
1734840000,22.18,22.25,21.52,21.95,10009827.58
1734854400,21.95,22.78,21.94,22.44,9354108.91
1734868800,22.44,22.66,21.56,21.79,9510082.2
1734883200,21.79,22.51,21.56,21.63,9800079.33
1734897600,21.63,22.39,21.29,22.06,12127485.0
1734912000,22.06,23.29,21.48,23.06,17235162.44
1734926400,23.06,23.41,22.25,22.61,15790545.89
1734940800,22.61,23.34,22.5,23.07,8968705.2
1734955200,23.07,23.36,22.08,22.12,14609328.68
1734969600,22.12,23.07,22.05,22.93,20820771.24
1734984000,22.93,24.92,22.92,24.51,38565608.97
1734998400,24.51,24.65,23.51,24.11,18901724.56
1735012800,24.11,24.29,23.74,23.84,13859623.1
1735027200,23.84,24.36,23.77,24.19,9198113.2
1735041600,24.19,24.88,23.77,24.63,17962446.41
1735056000,24.63,25.43,24.37,25.05,24707196.95
1735070400,25.05,25.96,24.58,25.41,25978903.37
1735084800,25.41,25.49,24.56,24.64,9611352.53
1735099200,24.64,25.11,24.56,24.75,6343111.26
1735113600,24.75,25.55,24.47,24.49,8032782.63
1735128000,24.49,24.85,24.42,24.66,5614210.21
1735142400,24.66,24.73,24.23,24.7,4386422.28
1735156800,24.7,24.75,24.13,24.42,7255067.4
1735171200,24.42,24.68,23.82,23.92,9865777.2
1735185600,23.92,23.92,23.34,23.4,6969307.06
1735200000,23.4,23.44,22.77,23.03,8776942.37
1735214400,23.03,23.14,22.65,22.73,10529078.1
1735228800,22.73,23.08,22.55,22.79,9305706.87
1735243200,22.79,22.87,22.4,22.65,6564369.17
1735257600,22.65,23.23,22.49,22.97,10331709.42
1735272000,22.97,23.15,22.36,22.58,5008154.7
1735286400,22.58,23.64,22.58,23.41,8053726.87
1735300800,23.41,23.46,22.2,22.27,10590995.33
1735315200,22.27,22.72,21.99,22.2,14010468.5
1735329600,22.2,22.24,21.34,21.53,12956408.15
1735344000,21.53,21.62,21.19,21.35,7301252.529999999
1735358400,21.35,21.42,21.03,21.05,5872018.7
1735372800,21.05,21.43,21.04,21.29,5661501.45
1735387200,21.29,21.83,21.14,21.45,9622951.33
1735401600,21.45,22.15,21.32,21.78,18624483.03
1735416000,21.78,22.34,21.7,21.95,7430362.51
1735430400,21.95,21.97,21.6,21.79,3703211.34
1735444800,21.79,21.91,21.49,21.9,4340687.31
1735459200,21.9,21.92,21.47,21.47,2726026.91
1735473600,21.47,21.72,21.25,21.41,4588140.47
1735488000,21.41,21.43,21.17,21.23,4523437.16
1735502400,21.23,21.23,20.74,20.91,10398727.9
1735516800,20.91,21.78,20.81,21.06,9063341.86
1735531200,21.06,21.37,20.91,21.15,4394849.0
1735545600,21.15,21.41,20.97,21.21,5424897.34
1735560000,21.21,21.4,20.06,20.28,18816536.25
1735574400,20.28,21.17,20.09,21.05,14922829.77
1735588800,21.05,21.32,20.34,20.55,8618450.51
1735603200,20.55,20.63,20.22,20.24,4936182.55
1735617600,20.24,20.44,20.16,20.3,7626537.03
1735632000,20.3,20.89,20.29,20.5,6700062.63
1735646400,20.5,21.17,20.44,20.78,13172632.82
1735660800,20.78,20.81,19.94,20.07,12262155.73
1735675200,20.07,20.16,19.79,19.97,10086449.2
1735689600,19.97,20.21,19.93,20.03,7140152.34
1735704000,20.03,20.06,19.86,19.94,5161441.74
1735718400,19.94,20.1,19.66,20.01,4631407.640000001
1735732800,20.01,20.54,19.97,20.52,4590646.24
1735747200,20.52,21.51,20.31,21.44,11064244.45
1735761600,21.44,21.8,21.42,21.69,12244613.49
1735776000,21.69,22.33,21.68,21.85,13883608.44
1735790400,21.85,22.34,21.81,22.31,8457126.63
1735804800,22.31,22.77,22.03,22.55,9723545.8
1735819200,22.55,22.87,22.1,22.19,11843341.55
1735833600,22.19,22.55,22.04,22.1,9431581.86
1735848000,22.1,22.22,21.8,22.04,5661067.22
1735862400,22.04,22.39,21.89,22.22,8407414.26
1735876800,22.22,22.24,21.78,21.79,4360796.53
1735891200,21.79,22.65,21.63,22.65,6748046.07
1735905600,22.65,23.47,22.44,23.45,16895298.52
1735920000,23.45,23.89,23.34,23.77,16617021.71
1735934400,23.77,23.8,23.33,23.47,8003151.63
1735948800,23.47,23.53,23.12,23.19,6050046.25
1735963200,23.19,23.35,23.02,23.28,3086642.84
1735977600,23.28,23.3,22.88,23.06,3780282.08
1735992000,23.06,23.92,23.06,23.16,9913952.02
1736006400,23.16,23.76,23.16,23.62,6056314.04
1736020800,23.62,24.05,23.58,23.59,8526993.58
1736035200,23.59,23.78,23.21,23.33,4784047.78
1736049600,23.33,23.81,23.33,23.5,4088979.8
1736064000,23.5,23.55,23.01,23.08,4208828.100000001
1736078400,23.08,23.39,22.86,23.29,6565542.8100000005
1736092800,23.29,23.49,23.1,23.35,4752343.27
1736107200,23.35,23.72,23.24,23.58,5381284.58
1736121600,23.58,24.06,23.01,24.04,10848095.01
1736136000,24.04,24.18,23.49,23.51,7824243.43
1736150400,23.51,23.82,23.32,23.82,4445088.74
1736164800,23.82,24.46,23.5,24.37,17840714.060000002
1736179200,24.37,24.78,23.78,23.91,16247413.34
1736193600,23.91,24.13,23.67,23.85,7574243.859999999
1736208000,23.85,23.85,23.45,23.52,7527051.82
1736222400,23.52,23.67,23.35,23.4,2960163.19
1736236800,23.4,23.66,23.1,23.19,4631619.51
1736251200,23.19,23.38,21.71,22.05,21000950.12
1736265600,22.05,22.19,21.4,21.47,16028945.56
1736280000,21.47,21.7,21.19,21.39,10870443.8
1736294400,21.39,21.72,20.91,21.16,10512766.82
1736308800,21.16,21.23,20.53,20.88,10466597.81
1736323200,20.88,21.12,20.59,20.73,4901796.0600000005
1736337600,20.73,20.97,20.5,20.67,9001121.74
1736352000,20.67,20.73,19.58,20.19,26553866.68
1736366400,20.19,20.63,19.97,20.44,10110381.71
1736380800,20.44,20.72,20.22,20.27,7048838.619999999
1736395200,20.27,20.36,19.75,19.8,6365741.94
1736409600,19.8,20.11,19.68,19.93,5428690.13
1736424000,19.93,20.31,19.3,20.2,14988621.61
1736438400,20.2,20.31,19.4,19.43,9307969.9
1736452800,19.43,19.85,19.14,19.64,9070984.1
1736467200,19.64,20.03,19.64,19.95,5465330.39
1736481600,19.95,20.53,19.84,20.35,6070530.609999999
1736496000,20.35,20.5,20.24,20.37,4675404.22
1736510400,20.37,20.43,19.53,19.98,15884507.79
1736524800,19.98,20.48,19.78,20.39,11428072.75
1736539200,20.39,20.42,20.19,20.25,4526415.1
1736553600,20.25,20.3,19.91,19.93,3930608.25
1736568000,19.93,20.09,19.85,19.93,2661117.12
1736582400,19.93,20.24,19.81,20.16,1985382.25
1736596800,20.16,20.18,19.9,19.98,2961449.31
1736611200,19.98,20.03,19.83,19.99,3613142.32
1736625600,19.99,20.68,19.95,20.21,9453947.4
1736640000,20.21,20.32,20.05,20.24,2890707.29
1736654400,20.24,20.31,19.97,20.08,3892499.13
1736668800,20.08,20.11,19.79,19.96,3017404.37
1736683200,19.96,20.23,19.86,20.14,3213912.16
1736697600,20.14,20.19,19.96,20.03,4321302.26
1736712000,20.03,20.09,19.59,19.83,4853963.87
1736726400,19.83,20.42,19.33,19.39,8889531.4
1736740800,19.39,19.72,19.0,19.09,6072614.41
1736755200,19.09,19.11,18.04,18.09,12405594.52
1736769600,18.09,19.1,17.84,18.93,17472359.810000002
1736784000,18.93,19.05,18.22,18.47,11629489.26
1736798400,18.47,19.55,18.38,19.36,12037624.57
1736812800,19.36,19.58,19.24,19.49,3960557.92
1736827200,19.49,19.75,19.43,19.44,2563968.33
1736841600,19.44,20.29,19.43,19.93,6704082.65
1736856000,19.93,20.38,19.77,20.14,9005468.68
1736870400,20.14,20.47,19.98,20.29,8886916.74
1736884800,20.29,20.49,20.17,20.31,3518258.66
1736899200,20.31,20.68,20.21,20.44,7122092.220000001
1736913600,20.44,20.83,20.24,20.71,4253832.47
1736928000,20.71,20.98,20.09,20.32,4669975.73
1736942400,20.32,21.75,20.15,21.6,18462888.23
1736956800,21.6,21.85,21.25,21.61,12984482.11
1736971200,21.61,22.15,21.57,22.09,10213091.96
1736985600,22.09,22.16,21.46,21.59,9432249.69
1737000000,21.59,21.84,21.57,21.75,4169353.02
1737014400,21.75,22.49,21.3,22.47,11809486.44
1737028800,22.47,23.33,22.24,23.3,36828050.58
1737043200,23.3,23.85,23.15,23.7,25093007.93
1737057600,23.7,23.78,22.79,23.02,14070610.71
1737072000,23.02,23.98,23.02,23.53,12680723.21
1737086400,23.53,24.28,23.49,24.13,13806713.25
1737100800,24.13,24.44,23.83,24.14,12022921.22
1737115200,24.14,24.51,23.85,24.44,18779961.19
1737129600,24.44,24.71,24.2,24.54,14442992.5
1737144000,24.54,25.24,24.49,25.1,18792660.9
1737158400,25.1,25.67,24.45,24.56,19412055.25
1737172800,24.56,24.71,23.43,23.82,16643002.36
1737187200,23.82,24.61,23.51,24.42,10533561.7
1737201600,24.42,24.83,23.94,24.06,18230886.58
1737216000,24.06,24.11,23.36,23.95,28195095.98
1737230400,23.95,24.18,23.52,24.08,12419936.93
1737244800,24.08,24.57,23.79,23.85,14372193.09
1737259200,23.85,23.86,23.1,23.33,11530709.77
1737273600,23.33,23.33,22.17,22.37,20869637.7
1737288000,22.37,25.9,22.33,25.38,47894094.47
1737302400,25.38,26.67,25.28,26.0,40829277.72
1737316800,26.0,26.47,23.55,24.31,64806066.19
1737331200,24.31,24.77,23.37,24.3,37528068.37
1737345600,24.3,26.4,23.99,26.25,38521283.760000005
1737360000,26.25,26.9,25.24,25.7,22676052.04
1737374400,25.7,26.61,24.51,25.82,57902352.82
1737388800,25.82,26.36,23.95,25.68,50171554.31
1737403200,25.68,25.84,24.93,25.05,15772816.79
1737417600,25.05,25.16,24.02,24.43,20803342.08
1737432000,24.43,24.43,23.66,24.06,12659673.39
1737446400,24.06,26.23,23.87,25.63,24681313.64
1737460800,25.63,26.43,25.38,25.82,24712084.26
1737475200,25.82,27.09,25.77,26.63,38482355.64
1737489600,26.63,26.9,26.15,26.68,20392054.89
1737504000,26.68,27.19,26.25,26.31,20820370.2
1737518400,26.31,26.35,25.7,25.78,7119725.03
1737532800,25.78,26.0,25.59,25.86,6145900.45
1737547200,25.86,25.96,25.32,25.41,12614739.02
1737561600,25.41,25.67,25.2,25.4,10462485.7
1737576000,25.4,25.62,25.13,25.27,9525171.99
1737590400,25.27,25.31,24.47,24.81,15911350.88
1737604800,24.81,24.82,24.31,24.56,7028450.5
1737619200,24.56,24.61,23.97,24.46,8088444.49
1737633600,24.46,25.93,24.05,25.47,27333456.41
1737648000,25.47,26.23,24.71,24.76,23030253.59
1737662400,24.76,25.83,24.59,25.67,24097215.1
1737676800,25.67,25.85,24.85,25.22,12962307.51
1737691200,25.22,26.32,25.02,25.94,15933712.33
1737705600,25.94,26.43,25.85,26.18,10655265.76
1737720000,26.18,26.31,25.7,26.15,12878751.4
1737734400,26.15,26.26,25.7,25.8,8611711.2
1737748800,25.8,25.89,25.09,25.19,12008917.1
1737763200,25.19,25.33,24.82,25.28,10745391.2
1737777600,25.28,25.32,24.92,24.99,3691908.83
1737792000,24.99,25.09,24.7,24.98,5415761.0200000005
1737806400,24.98,25.31,24.73,25.15,10478086.57
1737820800,25.15,25.37,24.8,25.25,8603236.799999999
1737835200,25.25,25.43,24.89,24.92,5222421.93
1737849600,24.92,25.62,24.86,25.57,8882860.370000001
1737864000,25.57,25.88,25.44,25.66,6939712.47
1737878400,25.66,25.82,25.15,25.31,6694679.87
1737892800,25.31,25.48,25.12,25.45,5603968.83
1737907200,25.45,26.26,25.27,26.2,13683843.63
1737921600,26.2,26.38,24.85,24.86,21370247.26
1737936000,24.86,25.12,23.73,23.97,30673250.42
1737950400,23.97,23.97,22.27,22.84,23324536.1
1737964800,22.84,22.9,22.18,22.42,16480958.93
1737979200,22.42,24.09,22.32,23.68,27933288.17
1737993600,23.68,23.9,22.78,23.11,16466533.56
1738008000,23.11,24.43,23.11,24.2,14559145.83
1738022400,24.2,24.55,23.78,24.27,15363593.65
1738036800,24.27,24.65,24.07,24.12,7861668.279999999
1738051200,24.12,24.21,23.84,23.96,6692362.84
1738065600,23.96,24.24,23.52,23.93,12529453.04
1738080000,23.93,23.96,23.13,23.28,16429161.09
1738094400,23.28,23.38,22.36,22.61,16537218.66
1738108800,22.61,23.39,22.57,23.24,9456261.32
1738123200,23.24,23.55,23.11,23.52,5445356.53
1738137600,23.52,23.6,23.03,23.45,4784356.43
1738152000,23.45,23.54,22.47,22.75,16961525.73
1738166400,22.75,23.77,22.32,23.53,22435976.73
1738180800,23.53,24.45,23.15,23.66,23738054.75
1738195200,23.66,24.33,23.41,24.29,10557751.27
1738209600,24.29,24.58,24.17,24.29,8352446.09
1738224000,24.29,24.73,24.18,24.47,7057508.96
1738238400,24.47,25.24,24.21,24.85,17105036.92
1738252800,24.85,25.09,24.62,24.76,12228062.9
1738267200,24.76,24.81,24.4,24.46,8231264.73
1738281600,24.46,24.87,24.25,24.34,5679545.5
1738296000,24.34,25.37,24.13,24.89,10092812.49
1738310400,24.89,25.69,24.7,25.66,8892912.530000001
1738324800,25.66,26.08,25.37,25.91,16946247.48
1738339200,25.91,26.36,24.83,24.9,24553663.45
1738353600,24.9,25.22,24.48,25.15,13902124.59
1738368000,25.15,25.95,25.07,25.63,16108417.59
1738382400,25.63,25.85,25.22,25.23,5336309.3100000005
1738396800,25.23,25.33,24.53,24.77,8298070.63
1738411200,24.77,24.93,24.24,24.46,8394716.32
1738425600,24.46,24.64,23.53,23.56,10264900.74
1738440000,23.56,23.57,22.77,22.97,16148718.94
1738454400,22.97,23.32,22.21,22.32,17583276.310000002
1738468800,22.32,22.9,22.27,22.65,9020162.74
1738483200,22.65,23.18,22.06,22.12,11793742.16
1738497600,22.12,22.45,21.86,22.18,13005248.55
1738512000,22.18,22.19,20.08,20.76,40902036.18
1738526400,20.76,21.03,19.31,20.46,29922681.65
1738540800,20.46,20.47,15.92,17.74,77011074.82
1738555200,17.74,19.49,17.06,19.45,30748096.62
1738569600,19.45,19.45,18.45,18.92,17525583.47
1738584000,18.92,20.7,18.15,20.46,34504427.16
1738598400,20.46,22.06,20.15,21.94,37701280.05
1738612800,21.94,22.04,21.01,21.67,21296017.72
1738627200,21.67,21.73,20.74,20.9,14424661.56
1738641600,20.9,21.13,19.56,19.65,20951009.76
1738656000,19.65,20.8,19.47,20.35,13226979.91
1738670400,20.35,20.98,20.21,20.55,17717023.5
1738684800,20.55,21.28,20.33,20.33,15097527.5
1738699200,20.33,20.52,19.33,19.99,24845444.86
1738713600,19.99,20.27,19.75,19.99,10100708.79
1738728000,19.99,20.08,19.44,19.65,10709513.99
1738742400,19.65,20.11,19.41,20.02,9702977.01
1738756800,20.02,20.1,19.49,19.65,14132709.16
1738771200,19.65,19.72,18.98,19.47,15777876.14
1738785600,19.47,19.58,18.97,19.2,8323099.59
1738800000,19.2,19.58,19.06,19.51,6797707.390000001
1738814400,19.51,19.94,19.47,19.7,6610663.0
1738828800,19.7,19.92,19.5,19.73,6781438.85
1738843200,19.73,19.76,18.55,18.71,13606295.01
1738857600,18.71,18.87,18.42,18.52,15300894.56
1738872000,18.52,18.96,18.43,18.59,8249348.529999999
1738886400,18.59,19.05,18.57,18.81,6570933.24
1738900800,18.81,18.99,18.44,18.79,4593846.13
1738915200,18.79,19.39,18.71,19.29,5305642.95
1738929600,19.29,19.86,18.98,19.37,16462588.97
1738944000,19.37,19.38,18.61,18.74,12639769.01
1738958400,18.74,18.75,17.8,18.39,15741115.65
1738972800,18.39,18.63,18.2,18.23,4911712.11
1738987200,18.23,18.3,17.93,18.18,3254584.25
1739001600,18.18,18.22,17.91,18.07,3051422.34
1739016000,18.07,18.24,17.88,18.05,3958668.95
1739030400,18.05,18.45,17.89,18.34,4582390.550000001
1739044800,18.34,18.55,18.19,18.45,4178318.35
1739059200,18.45,19.0,18.27,18.92,5786933.3
1739073600,18.92,18.92,18.53,18.76,3251370.75
1739088000,18.76,18.9,18.55,18.56,2617353.36
1739102400,18.56,18.79,18.11,18.73,5816631.43
1739116800,18.73,18.94,18.35,18.37,4101914.38
1739131200,18.37,18.73,17.45,18.27,15111739.42
1739145600,18.27,18.65,17.68,18.36,8224943.34
1739160000,18.36,18.78,18.25,18.65,4833358.21
1739174400,18.65,18.98,18.63,18.76,3931628.03
1739188800,18.76,19.12,18.48,18.59,6813229.7
1739203200,18.59,18.95,18.5,18.84,5658420.27
1739217600,18.84,18.95,18.62,18.8,3680184.78
1739232000,18.8,19.37,18.77,19.32,9130391.44
1739246400,19.32,19.79,19.29,19.63,6250793.2
1739260800,19.63,19.75,19.34,19.55,4056597.7
1739275200,19.55,19.57,18.84,19.09,5946172.859999999
1739289600,19.09,19.17,18.22,18.45,8592757.82
1739304000,18.45,18.98,18.43,18.65,5495836.42
1739318400,18.65,18.89,18.4,18.47,4423820.49
1739332800,18.47,18.71,18.34,18.59,3897605.05
1739347200,18.59,18.77,18.4,18.55,3085461.26
1739361600,18.55,18.82,17.66,18.12,16870085.41
1739376000,18.12,18.89,17.95,18.84,9803574.4
1739390400,18.84,19.52,18.74,19.2,9701844.66
1739404800,19.2,19.33,18.98,19.23,4864644.38
1739419200,19.23,19.25,18.73,18.82,3924778.03
1739433600,18.82,18.88,18.57,18.68,2700627.47
1739448000,18.68,18.71,18.19,18.51,10955058.95
1739462400,18.51,18.62,18.2,18.35,5252489.38
1739476800,18.35,18.63,18.35,18.55,6032986.23
1739491200,18.55,18.97,18.46,18.95,5122183.12
1739505600,18.95,18.99,18.63,18.77,3107862.49
1739520000,18.77,19.35,18.68,19.03,7742459.51
1739534400,19.03,19.62,18.88,19.51,10275259.97
1739548800,19.51,19.84,19.19,19.51,9461843.66
1739563200,19.51,19.66,19.13,19.38,8001761.89
1739577600,19.38,19.61,19.19,19.42,3878799.91
1739592000,19.42,19.66,19.27,19.28,3461016.61
1739606400,19.28,19.39,19.03,19.12,2464389.26
1739620800,19.12,19.29,18.84,18.96,4252658.2
1739635200,18.96,19.05,18.8,18.88,3098332.93
1739649600,18.88,19.01,18.74,19.0,3713640.77
1739664000,19.0,19.12,18.69,18.85,2774450.81
1739678400,18.85,19.26,18.83,18.9,3042718.35
1739692800,18.9,19.16,18.84,19.16,1666590.21
1739707200,19.16,19.19,18.72,18.9,3224932.2800000003
1739721600,18.9,19.12,18.57,18.84,4252001.55
1739736000,18.84,19.03,18.65,18.7,4354343.67
1739750400,18.7,19.0,18.63,18.83,4028725.08
1739764800,18.83,19.15,18.38,18.81,6639331.859999999
1739779200,18.81,19.49,18.72,19.35,6401992.279999999
1739793600,19.35,19.78,19.22,19.24,7790579.6
1739808000,19.24,19.38,18.71,19.08,10582335.56
1739822400,19.08,19.5,18.98,19.11,5744850.05
1739836800,19.11,19.2,18.78,18.86,5205949.48
1739851200,18.86,18.87,18.09,18.09,10171202.25
1739865600,18.09,18.3,17.86,18.0,6526538.56
1739880000,18.0,18.38,17.57,17.67,10483521.3
1739894400,17.67,17.81,17.28,17.61,12362543.4
1739908800,17.61,17.9,17.43,17.85,6089006.44
1739923200,17.85,17.99,17.53,17.83,4830228.83
1739937600,17.83,18.12,17.44,18.04,5578504.45
1739952000,18.04,18.12,17.89,18.12,3803901.86
1739966400,18.12,18.19,17.75,17.8,5165993.73
1739980800,17.8,18.06,17.73,17.9,4812495.95
1739995200,17.9,18.09,17.76,17.98,3544992.24
1740009600,17.98,18.36,17.9,18.32,5151899.1
1740024000,18.32,18.47,18.06,18.11,3244972.85
1740038400,18.11,18.19,17.83,18.14,5207726.23
1740052800,18.14,18.37,17.87,17.89,7234836.380000001
1740067200,17.89,18.43,17.87,18.34,5168112.17
1740081600,18.34,18.43,18.14,18.29,3769710.2
1740096000,18.29,18.32,18.05,18.09,2273510.78
1740110400,18.09,18.39,18.09,18.26,2466196.2
1740124800,18.26,18.74,18.23,18.57,4363865.18
1740139200,18.57,19.06,18.08,18.38,10425750.29
1740153600,18.38,18.54,17.13,17.27,14671084.29
1740168000,17.27,17.45,17.12,17.41,7737548.75
1740182400,17.41,17.67,17.3,17.46,3694871.78
1740196800,17.46,17.64,17.43,17.48,2721726.92
1740211200,17.48,17.71,17.43,17.61,2146779.16
1740225600,17.61,17.83,17.52,17.79,2909270.34
1740240000,17.79,18.03,17.76,17.87,3445698.06
1740254400,17.87,17.87,17.72,17.76,2509484.43
1740268800,17.76,17.91,17.65,17.8,2371328.42
1740283200,17.8,18.13,17.75,18.12,1580784.07
1740297600,18.12,18.13,17.72,17.77,1293151.84
1740312000,17.77,17.84,17.45,17.47,2118505.33
1740326400,17.47,17.66,17.46,17.54,1377629.42
1740340800,17.54,17.74,17.43,17.61,1947595.27
1740355200,17.61,17.74,16.79,16.82,4956368.0
1740369600,16.82,16.97,16.48,16.87,4268132.15
1740384000,16.87,16.87,16.45,16.68,4025904.15
1740398400,16.68,16.78,16.04,16.21,9056977.95
1740412800,16.21,16.5,15.93,16.1,6497241.140000001
1740427200,16.1,16.28,15.0,15.25,12897123.46
1740441600,15.25,15.41,14.85,15.13,10995669.32
1740456000,15.13,15.27,14.03,14.54,15081079.66
1740470400,14.54,14.91,14.25,14.84,11931085.74
1740484800,14.84,14.99,14.39,14.73,13037193.41
1740499200,14.73,15.11,14.49,15.09,11140945.8
1740513600,15.09,15.57,14.97,15.29,8259910.54
1740528000,15.29,15.53,15.09,15.37,5414839.27
1740542400,15.37,15.5,15.15,15.28,5025477.45
1740556800,15.28,15.63,15.15,15.51,4376879.17
1740571200,15.51,15.75,14.97,15.51,8421890.26
1740585600,15.51,15.58,14.68,14.87,9274900.48
1740600000,14.87,15.69,14.64,15.23,9908924.9
1740614400,15.23,15.44,15.04,15.29,2866887.25
1740628800,15.29,15.67,15.11,15.6,3378454.77
1740643200,15.6,15.76,15.44,15.6,2879771.07
1740657600,15.6,15.73,15.18,15.39,6525235.77
1740672000,15.39,15.48,15.0,15.07,4869914.5200000005
1740686400,15.07,15.2,14.76,15.09,6040345.279999999
1740700800,15.09,15.18,13.82,13.86,15777031.52
1740715200,13.86,13.97,13.47,13.65,10881302.7
1740729600,13.65,14.04,13.44,13.76,6797821.95
1740744000,13.76,14.72,13.66,14.61,8030687.7
1740758400,14.61,14.84,14.49,14.77,5146355.32
1740772800,14.77,14.86,14.59,14.81,4094988.1
1740787200,14.81,14.94,14.49,14.81,4863706.08
1740801600,14.81,15.0,14.51,14.54,4132924.09
1740816000,14.54,14.86,14.4,14.44,2144370.04
1740830400,14.44,14.55,14.22,14.48,2976829.47
1740844800,14.48,14.9,14.42,14.88,3221733.65
1740859200,14.88,15.13,14.74,14.75,4657344.41
1740873600,14.75,14.91,14.65,14.86,2420964.44
1740888000,14.86,14.92,14.72,14.75,1305498.35
1740902400,14.75,14.9,14.68,14.77,1444084.1
1740916800,14.77,15.51,14.4,15.25,9596795.1
1740931200,15.25,17.37,15.25,16.95,42732075.75
1740945600,16.95,17.53,16.9,17.42,13368214.5
1740960000,17.42,17.49,16.56,16.79,9994310.84
1740974400,16.79,16.97,16.09,16.49,7836473.72
1740988800,16.49,16.5,15.95,16.31,4365168.86
1741003200,16.31,16.87,16.09,16.24,13894289.45
1741017600,16.24,16.43,14.69,14.73,23264756.58
1741032000,14.73,14.91,14.36,14.44,10833997.41
1741046400,14.44,14.58,13.4,13.76,17321735.16
1741060800,13.76,14.1,13.72,13.79,4653828.16
1741075200,13.79,13.97,13.67,13.79,3510120.29
1741089600,13.79,14.21,13.33,13.82,17081935.95
1741104000,13.82,14.53,13.08,14.51,17602337.1
1741118400,14.51,15.35,14.31,14.86,18282544.3
1741132800,14.86,15.1,14.63,14.83,5709009.3100000005
1741147200,14.83,15.46,14.83,15.45,5861497.41
1741161600,15.45,16.5,15.37,16.07,15528200.54
1741176000,16.07,16.17,15.56,15.69,13915268.9
1741190400,15.69,16.43,15.57,16.35,15753276.46
1741204800,16.35,16.58,16.27,16.42,9954663.08
1741219200,16.42,17.34,16.39,17.22,15028367.69
1741233600,17.22,17.39,16.87,16.91,10592457.98
1741248000,16.91,17.66,16.86,17.49,16984154.64
1741262400,17.49,17.55,16.6,17.25,22673408.67
1741276800,17.25,17.34,16.53,16.81,13339378.73
1741291200,16.81,17.29,16.78,17.05,9907391.57
1741305600,17.05,17.22,15.86,16.17,19667310.14
1741320000,16.17,17.19,16.16,17.19,7937080.319999999
1741334400,17.19,17.37,16.8,17.14,11863157.02
1741348800,17.14,17.52,16.78,16.93,20818422.26
1741363200,16.93,17.39,16.12,16.63,19589655.91
1741377600,16.63,16.77,15.73,15.93,15640943.72
1741392000,15.93,16.03,15.44,15.69,8915898.52
1741406400,15.69,15.86,15.52,15.55,3283697.89
1741420800,15.55,15.57,15.25,15.33,6026018.41
1741435200,15.33,15.58,15.17,15.31,5084602.43
1741449600,15.31,15.57,15.11,15.54,5159053.6
1741464000,15.54,15.56,15.19,15.25,3252969.0
1741478400,15.25,15.36,15.02,15.27,4925756.07
1741492800,15.27,15.35,15.09,15.13,2581180.1
1741507200,15.13,15.13,14.64,14.69,4692388.96
1741521600,14.69,14.7,14.25,14.3,9212096.76
1741536000,14.3,14.36,13.65,13.99,13603181.47
1741550400,13.99,14.13,13.61,13.8,7714150.45
1741564800,13.8,14.23,13.66,14.14,8956728.93
1741579200,14.14,14.33,13.99,14.09,5546048.76
1741593600,14.09,14.55,13.83,14.26,6745504.069999999
1741608000,14.26,14.35,13.25,13.48,14198203.31
1741622400,13.48,13.54,12.42,12.8,18837417.1
1741636800,12.8,13.0,12.58,12.65,7317324.23
1741651200,12.65,12.82,11.85,12.43,17630482.96
1741665600,12.43,12.95,12.4,12.72,6577224.0
1741680000,12.72,13.18,12.65,13.04,8570853.870000001
1741694400,13.04,13.2,12.36,12.99,15870036.43
1741708800,12.99,13.65,12.79,13.6,13298965.29
1741723200,13.6,13.64,13.08,13.13,6668807.51
1741737600,13.13,13.48,12.82,12.84,6918805.02
1741752000,12.84,13.15,12.65,13.08,6349757.41
1741766400,13.08,13.42,13.0,13.37,6867166.85
1741780800,13.37,13.81,12.77,13.07,15902918.1
1741795200,13.07,13.37,13.03,13.28,6876762.46
1741809600,13.28,13.52,13.2,13.48,5508833.29
1741824000,13.48,13.53,13.22,13.29,6658104.09
1741838400,13.29,13.33,13.05,13.14,7693270.229999999
1741852800,13.14,13.49,12.98,13.44,4619423.07
1741867200,13.44,13.57,12.97,13.02,10169939.29
1741881600,13.02,13.05,12.71,12.82,7069720.949999999
1741896000,12.82,13.2,12.73,13.03,4890602.23
1741910400,13.03,13.35,12.99,13.26,3384695.75
1741924800,13.26,13.44,13.24,13.35,3823548.22
1741939200,13.35,14.41,13.31,14.1,35276437.28
1741953600,14.1,14.68,13.95,14.37,17301597.47
1741968000,14.37,14.68,13.92,13.94,13073920.61
1741982400,13.94,13.96,13.61,13.66,13243382.43
1741996800,13.66,14.08,13.64,14.01,5219180.19
1742011200,14.01,14.25,13.72,13.8,5118991.97
1742025600,13.8,14.1,13.76,14.05,3076331.83
1742040000,14.05,14.13,13.91,14.04,3975170.21
1742054400,14.04,14.16,13.96,14.06,3361102.73
1742068800,14.06,14.16,14.0,14.02,3652385.82
1742083200,14.02,14.04,13.78,13.98,3926444.69
1742097600,13.98,14.18,13.97,14.15,2969564.91
1742112000,14.15,14.18,13.49,13.53,6934483.08
1742126400,13.53,13.66,13.33,13.48,5182720.09
1742140800,13.48,13.8,13.38,13.41,3978772.81
1742155200,13.41,13.51,13.21,13.37,2651341.25
1742169600,13.37,13.76,13.34,13.7,2667572.06
1742184000,13.7,13.83,13.49,13.78,2364294.33
1742198400,13.78,13.89,13.67,13.8,3308897.45
1742212800,13.8,13.94,13.55,13.76,7230862.25
1742227200,13.76,14.21,13.65,14.12,7271977.350000001
1742241600,14.12,14.24,13.97,14.02,3949745.84
1742256000,14.02,14.1,13.74,13.83,4585510.7700000005
1742270400,13.83,14.21,13.8,14.14,6521968.609999999
1742284800,14.14,14.27,13.66,13.71,10787496.7
1742299200,13.71,13.84,13.54,13.59,7400617.69
1742313600,13.59,13.75,13.45,13.71,4227587.8
1742328000,13.71,13.95,13.58,13.91,3426617.76
1742342400,13.91,14.08,13.77,13.99,4346194.61
1742356800,13.99,14.01,13.84,13.85,3159647.71
1742371200,13.85,14.49,13.85,14.47,7403955.27
1742385600,14.47,14.68,14.29,14.62,12415713.05
1742400000,14.62,14.66,14.2,14.47,15326054.27
1742414400,14.47,15.04,14.46,15.02,11969807.32
1742428800,15.02,15.16,14.71,14.72,6977959.78
1742443200,14.72,14.78,14.59,14.63,3098661.43
1742457600,14.63,14.81,14.36,14.49,3168852.0
1742472000,14.49,14.75,14.32,14.35,6759016.779999999
1742486400,14.35,14.42,14.08,14.17,5518649.43
1742500800,14.17,14.27,14.1,14.22,2392102.36
1742515200,14.22,14.38,14.13,14.13,3217093.06
1742529600,14.13,14.26,14.05,14.19,1510168.02
1742544000,14.19,14.27,13.95,14.06,3232151.72
1742558400,14.06,14.13,13.84,13.87,5080450.37
1742572800,13.87,14.1,13.82,13.99,3633661.98
1742587200,13.99,14.17,13.93,13.95,2096316.41
1742601600,13.95,14.13,13.93,14.07,1992061.33
1742616000,14.07,14.15,14.05,14.07,1287100.23
1742630400,14.07,14.29,14.04,14.2,2410310.81
1742644800,14.2,14.34,14.13,14.23,1880420.72
1742659200,14.23,14.49,14.2,14.46,3240192.64
1742673600,14.46,14.5,14.15,14.25,2586448.15
1742688000,14.25,14.46,14.21,14.46,2566537.89
1742702400,14.46,14.47,14.28,14.29,1308494.53
1742716800,14.29,14.48,14.25,14.38,2759787.13
1742731200,14.38,14.49,14.29,14.43,2864502.62
1742745600,14.43,14.45,14.24,14.36,3620536.1
1742760000,14.36,14.47,14.24,14.47,2583885.27
1742774400,14.47,14.7,14.16,14.67,7016779.52
1742788800,14.67,15.15,14.67,15.03,6790196.8
1742803200,15.03,15.31,15.02,15.19,5159072.79
1742817600,15.19,15.4,15.05,15.21,10841388.35
1742832000,15.21,15.29,14.99,15.16,6935893.3
1742846400,15.16,15.26,15.0,15.13,3181852.39
1742860800,15.13,15.24,14.87,14.91,5037150.12
1742875200,14.91,15.25,14.87,15.2,3115262.93
1742889600,15.2,15.49,15.2,15.44,4976198.74
1742904000,15.44,15.59,15.28,15.34,5963804.890000001
1742918400,15.34,15.51,15.29,15.46,4639775.57
1742932800,15.46,15.63,15.34,15.44,6356962.29
1742947200,15.44,15.62,15.25,15.31,4327229.76
1742961600,15.31,15.94,15.31,15.91,6204789.72
1742976000,15.91,16.0,15.79,15.87,4799178.609999999
1742990400,15.87,15.88,15.22,15.3,11080443.03
1743004800,15.3,15.47,14.94,15.16,6269787.94
1743019200,15.16,15.31,15.03,15.25,4515754.27
1743033600,15.25,15.79,15.17,15.72,6646817.59
1743048000,15.72,15.74,15.52,15.64,4839044.45
1743062400,15.64,15.74,15.49,15.51,6718598.13
1743076800,15.51,15.79,15.26,15.56,9872579.5
1743091200,15.56,15.62,15.3,15.48,6699453.77
1743105600,15.48,15.68,15.4,15.52,4251970.83
1743120000,15.52,15.58,15.25,15.34,5775597.5600000005
1743134400,15.34,15.39,14.42,14.48,11499869.08
1743148800,14.48,14.51,14.2,14.37,8625295.86
1743163200,14.37,14.44,14.14,14.16,6695441.3100000005
1743177600,14.16,14.21,13.99,14.06,4899533.99
1743192000,14.06,14.32,13.98,14.25,4922441.25
1743206400,14.25,14.4,14.05,14.24,3526367.13
1743220800,14.24,14.28,13.85,13.9,3363198.87
1743235200,13.9,14.02,13.54,13.64,7183373.09
1743249600,13.64,13.84,13.6,13.64,3308510.81
1743264000,13.64,13.69,13.38,13.57,5866958.15
1743278400,13.57,13.57,13.37,13.55,3240890.33
1743292800,13.55,13.86,13.4,13.68,6108862.959999999
1743307200,13.68,13.78,13.6,13.67,2303049.17
1743321600,13.67,13.86,13.65,13.72,2515383.9
1743336000,13.72,13.78,13.46,13.6,3884885.9
1743350400,13.6,13.71,13.38,13.6,4908752.33
1743364800,13.6,13.62,13.2,13.41,4917593.34
1743379200,13.41,13.53,13.12,13.26,8022516.53
1743393600,13.26,13.45,13.14,13.21,4995859.91
1743408000,13.21,13.31,12.96,13.23,5508330.88
1743422400,13.23,13.7,13.14,13.56,9433054.98
1743436800,13.56,13.71,13.42,13.53,6320139.05
1743451200,13.53,13.64,13.44,13.5,3246188.91
1743465600,13.5,13.76,13.49,13.64,4864856.359999999
1743480000,13.64,13.79,13.57,13.73,3322597.22
1743494400,13.73,14.09,13.73,13.95,12709911.42
1743508800,13.95,14.39,13.69,14.31,8146137.0
1743523200,14.31,14.39,14.11,14.18,5270395.54
1743537600,14.18,14.27,14.03,14.04,3403668.55
1743552000,14.04,14.05,13.65,13.75,3802969.9
1743566400,13.75,13.83,13.34,13.39,7344082.7
1743580800,13.39,13.7,13.32,13.5,3572367.74
1743595200,13.5,14.19,13.37,14.06,10098259.25
1743609600,14.06,14.17,13.73,14.0,6925181.88
1743624000,14.0,14.39,12.81,12.9,21952230.77
1743638400,12.9,13.3,12.84,13.2,5101209.57
1743652800,13.2,13.28,12.88,12.96,6853285.74
1743667200,12.96,13.07,12.7,12.82,5731211.56
1743681600,12.82,12.83,12.3,12.56,15201246.38
1743696000,12.56,12.72,12.42,12.64,6447997.47
1743710400,12.64,12.9,12.6,12.89,5646877.63
1743724800,12.89,12.95,12.65,12.71,4616673.94
1743739200,12.71,13.1,12.6,13.07,5452686.83
1743753600,13.07,13.19,12.35,12.56,8755324.54
1743768000,12.56,12.92,12.43,12.74,15244350.7
1743782400,12.74,13.07,12.67,12.92,10091436.17
1743796800,12.92,13.08,12.87,12.94,3737229.96
1743811200,12.94,13.03,12.84,12.85,1772343.82
1743825600,12.85,12.92,12.78,12.87,1254082.22
1743840000,12.87,13.05,12.83,12.88,3002110.59
1743854400,12.88,12.92,12.57,12.63,4437837.29
1743868800,12.63,12.72,12.6,12.61,1588198.46
1743883200,12.61,12.87,12.58,12.84,1499218.16
1743897600,12.84,12.94,12.71,12.78,3027801.95
1743912000,12.78,12.82,12.63,12.65,1359415.2999999998
1743926400,12.65,12.7,12.54,12.61,1641555.24
1743940800,12.61,12.64,12.07,12.32,7264035.15
1743955200,12.32,12.34,11.44,11.58,12500479.6
1743969600,11.58,11.63,11.0,11.28,13580283.86
1743984000,11.28,11.51,10.8,10.93,7713140.65
1743998400,10.93,11.15,10.11,10.34,14170118.71
1744012800,10.34,10.94,10.3,10.7,9897668.52
1744027200,10.7,11.86,10.66,11.28,29072409.17
1744041600,11.28,11.49,11.08,11.32,17640932.57
1744056000,11.32,11.66,11.32,11.45,4714864.07
1744070400,11.45,11.87,11.36,11.64,5394295.19
1744084800,11.64,11.87,11.51,11.6,5297736.38
1744099200,11.6,11.8,11.42,11.78,5097519.05
1744113600,11.78,11.89,11.37,11.42,12403316.24
1744128000,11.42,11.44,10.84,10.9,10774459.93
1744142400,10.9,11.07,10.77,10.91,5308499.24
1744156800,10.91,11.0,10.44,10.68,9719183.89
1744171200,10.68,11.5,10.66,11.38,10867256.43
1744185600,11.38,11.48,11.1,11.17,7524966.31
1744200000,11.17,11.48,11.05,11.36,10072966.09
1744214400,11.36,12.76,11.33,12.6,28975503.38
1744228800,12.6,12.82,12.6,12.65,6717547.51
1744243200,12.65,12.66,12.16,12.31,4309425.57
1744257600,12.31,12.49,12.23,12.32,3476221.38
1744272000,12.32,12.44,12.27,12.4,3379690.19
1744286400,12.4,12.59,11.77,11.82,13697160.34
1744300800,11.82,12.08,11.67,11.99,11146128.43
1744315200,11.99,12.12,11.98,12.07,2881024.0
1744329600,12.07,12.46,12.02,12.39,6448880.890000001
1744344000,12.39,12.52,12.32,12.39,4370149.82
1744358400,12.39,12.69,12.33,12.46,4844273.83
1744372800,12.46,12.66,12.36,12.54,7863152.07
1744387200,12.54,12.8,12.45,12.7,5159903.32
1744401600,12.7,12.9,12.58,12.64,3567396.22
1744416000,12.64,12.69,12.47,12.54,2034962.98
1744430400,12.54,12.79,12.5,12.77,1653589.42
1744444800,12.77,12.94,12.67,12.74,1457201.29
1744459200,12.74,13.26,12.72,13.11,7366501.64
1744473600,13.11,13.18,12.97,13.09,5162976.43
1744488000,13.09,13.29,13.08,13.15,3155564.86
1744502400,13.15,13.23,12.98,13.04,2440930.18
1744516800,13.04,13.05,12.87,12.93,1482709.8
1744531200,12.93,13.16,12.78,12.79,3159413.59
1744545600,12.79,12.9,12.6,12.68,3503864.1100000003
1744560000,12.68,13.22,12.48,12.66,5083593.109999999
1744574400,12.66,12.8,12.42,12.62,4374955.74
1744588800,12.62,13.14,12.59,12.77,5886338.26
1744603200,12.77,12.9,12.58,12.73,2325962.55
1744617600,12.73,13.24,12.7,13.15,3588922.29
1744632000,13.15,13.23,12.67,12.71,6202714.91
1744646400,12.71,13.01,12.65,12.86,3417382.96
1744660800,12.86,12.88,12.58,12.63,2460953.45
1744675200,12.63,12.75,12.53,12.74,3453898.3000000003
1744689600,12.74,12.8,12.62,12.74,2727968.65
1744704000,12.74,12.79,12.52,12.59,3307314.06
1744718400,12.59,12.83,12.3,12.37,6874380.18
1744732800,12.37,12.45,12.26,12.37,4114850.01
1744747200,12.37,12.44,12.2,12.23,3353222.69
1744761600,12.23,12.42,12.18,12.4,2148940.73
1744776000,12.4,12.44,12.13,12.15,2308819.06
1744790400,12.15,12.3,12.05,12.17,2564485.13
1744804800,12.17,12.52,12.04,12.32,5069083.0
1744819200,12.32,12.48,11.92,12.39,8000768.45
1744833600,12.39,12.51,12.27,12.36,2834485.59
1744848000,12.36,12.5,12.3,12.39,1504518.18
1744862400,12.39,12.69,12.35,12.6,2227886.02
1744876800,12.6,12.62,12.39,12.44,2956532.66
1744891200,12.44,12.54,12.21,12.44,4248588.42
1744905600,12.44,12.7,12.38,12.49,5076254.57
1744920000,12.49,12.62,12.49,12.53,1505527.15
1744934400,12.53,12.58,12.41,12.56,1621408.47
1744948800,12.56,12.68,12.52,12.64,1034013.19
1744963200,12.64,12.72,12.6,12.63,1763320.6
1744977600,12.63,12.65,12.47,12.51,1808563.1
1744992000,12.51,12.65,12.5,12.63,1709535.49
1745006400,12.63,12.65,12.51,12.56,1245188.98
1745020800,12.56,12.77,12.54,12.72,1859128.72
1745035200,12.72,12.89,12.71,12.86,1804835.34
1745049600,12.86,12.93,12.75,12.76,1661326.72
1745064000,12.76,12.83,12.72,12.75,1073432.71
1745078400,12.75,13.0,12.7,12.93,1737926.5
1745092800,12.93,13.05,12.91,12.93,1280720.17
1745107200,12.93,13.05,12.91,13.03,1231795.69
1745121600,13.03,13.1,12.88,12.97,1628411.65
1745136000,12.97,13.13,12.88,12.91,2650269.56
1745150400,12.91,13.2,12.91,13.11,2827852.47
1745164800,13.11,13.45,13.06,13.4,3034788.0300000003
1745179200,13.4,13.59,13.24,13.28,3847465.96
1745193600,13.28,13.65,13.26,13.53,4857094.01
1745208000,13.53,13.65,13.47,13.64,2383611.79
1745222400,13.64,13.69,13.39,13.45,2161719.02
1745236800,13.45,13.61,13.33,13.36,4100603.19
1745251200,13.36,13.39,12.97,13.14,5096168.46
1745265600,13.14,13.15,13.02,13.1,2170264.1
1745280000,13.1,13.31,12.89,13.13,3721063.44
1745294400,13.13,13.33,13.01,13.29,2891777.64
1745308800,13.29,13.52,13.25,13.45,3493940.4000000004
1745323200,13.45,14.09,13.41,13.86,11404454.43
1745337600,13.86,13.93,13.72,13.86,4764424.640000001
1745352000,13.86,14.17,13.78,14.14,9598192.3
1745366400,14.14,14.43,14.03,14.43,7279903.779999999
1745380800,14.43,14.77,14.36,14.75,5456792.67
1745395200,14.75,15.15,14.71,15.01,8416985.3
1745409600,15.01,15.28,14.59,14.85,16741564.39
1745424000,14.85,15.04,14.72,14.86,6837998.609999999
1745438400,14.86,15.15,14.86,15.02,4037418.69
1745452800,15.02,15.11,14.57,14.58,5237570.8
1745467200,14.58,14.63,14.28,14.32,7915947.98
1745481600,14.32,14.46,14.16,14.44,3446279.42
1745496000,14.44,15.15,14.37,14.88,8081900.06
1745510400,14.88,15.08,14.73,14.96,6903878.0
1745524800,14.96,15.11,14.85,15.06,4450647.51
1745539200,15.06,15.2,14.72,14.98,5723668.06
1745553600,14.98,15.29,14.87,15.12,4635058.49
1745568000,15.12,15.3,14.94,15.15,6510749.3
1745582400,15.15,15.36,14.83,15.21,12019115.84
1745596800,15.21,15.25,14.94,15.07,5384660.66
1745611200,15.07,15.09,14.9,14.93,2546514.37
1745625600,14.93,15.28,14.93,15.1,5402134.86
1745640000,15.1,15.22,14.97,15.1,3537755.94
1745654400,15.1,15.26,14.74,14.78,4415265.73
1745668800,14.78,14.94,14.68,14.93,3221490.76
1745683200,14.93,14.97,14.8,14.89,2062588.22
1745697600,14.89,14.98,14.8,14.87,2016868.07
1745712000,14.87,15.09,14.61,14.76,8092381.78
1745726400,14.76,14.84,14.44,14.56,3723323.0
1745740800,14.56,14.66,14.51,14.53,1409322.07
1745755200,14.53,14.65,14.38,14.48,2828516.22
1745769600,14.48,14.82,14.4,14.82,2186778.66
1745784000,14.82,14.82,14.56,14.56,2674960.79
1745798400,14.56,14.87,14.26,14.84,6804754.83
1745812800,14.84,15.04,14.74,15.02,4947977.87
1745827200,15.02,15.11,14.81,14.98,3456858.86
1745841600,14.98,14.98,14.46,14.55,6612269.65
1745856000,14.55,15.02,14.42,14.96,4764090.359999999
1745870400,14.96,15.11,14.8,15.02,3217562.94
1745884800,15.02,15.24,14.94,15.07,4195312.64
1745899200,15.07,15.2,14.85,15.18,2386876.73
1745913600,15.18,15.23,15.01,15.02,3107492.76
1745928000,15.02,15.05,14.85,14.9,3562983.84
1745942400,14.9,15.01,14.79,14.87,3725804.83
1745956800,14.87,14.91,14.49,14.61,3623342.08
1745971200,14.61,14.76,14.51,14.73,1902762.18
1745985600,14.73,14.74,14.48,14.54,1357812.84
1746000000,14.54,14.68,14.48,14.63,1774994.54
1746014400,14.63,14.64,13.84,14.13,8701252.39
1746028800,14.13,14.37,13.99,14.22,5210657.84
1746043200,14.22,14.43,14.21,14.3,2592923.66
1746057600,14.3,14.68,14.3,14.54,2516372.2800000003
1746072000,14.54,14.75,14.49,14.73,2074718.25
1746086400,14.73,15.02,14.71,14.98,3234507.92
1746100800,14.98,15.04,14.72,14.87,7232913.07
1746115200,14.87,15.02,14.84,14.85,3200105.27
1746129600,14.85,14.95,14.74,14.75,2638685.22
1746144000,14.75,15.03,14.7,14.88,3807621.2
1746158400,14.88,14.9,14.56,14.57,2404360.44
1746172800,14.57,14.77,14.56,14.6,1728186.49
1746187200,14.6,14.87,14.5,14.79,5374252.19
1746201600,14.79,15.02,14.62,14.65,3676498.16
1746216000,14.65,14.81,14.58,14.66,1654994.88
1746230400,14.66,14.67,14.5,14.54,1532924.51
1746244800,14.54,14.55,14.37,14.4,1356361.49
1746259200,14.4,14.43,14.29,14.31,1422393.64
1746273600,14.31,14.53,14.31,14.43,1262940.49
1746288000,14.43,14.43,14.17,14.38,2813991.87
1746302400,14.38,14.44,14.24,14.25,2298029.5900000003
1746316800,14.25,14.36,14.16,14.18,1532801.71
1746331200,14.18,14.26,14.08,14.13,2213867.59
1746345600,14.13,14.13,13.98,14.05,1483598.77
1746360000,14.05,14.18,14.0,14.11,1310078.66
1746374400,14.11,14.13,13.97,14.02,1268168.29
1746388800,14.02,14.19,13.82,13.86,2203667.27
1746403200,13.86,14.02,13.77,13.89,2105117.85
1746417600,13.89,14.2,13.85,14.12,1414288.27
1746432000,14.12,14.15,13.67,13.75,3978455.21
1746446400,13.75,14.06,13.53,13.57,9180728.33
1746460800,13.57,13.81,13.56,13.64,3215429.86
1746475200,13.64,13.76,13.48,13.64,2392707.64
1746489600,13.64,13.68,13.41,13.59,2445982.69
1746504000,13.59,13.62,13.5,13.53,1647191.68
1746518400,13.53,13.53,13.23,13.29,4215619.359999999
1746532800,13.29,13.5,13.21,13.38,3226903.64
1746547200,13.38,13.69,13.32,13.62,4062380.19
1746561600,13.62,13.89,13.33,13.82,5380127.32
1746576000,13.82,14.09,13.79,13.92,4731676.95
1746590400,13.92,14.0,13.72,13.93,3775044.83
1746604800,13.93,13.98,13.82,13.86,1556922.9
1746619200,13.86,13.88,13.58,13.59,3630634.43
1746633600,13.59,13.7,13.47,13.56,3607347.52
1746648000,13.56,13.92,13.54,13.82,3337489.24
1746662400,13.82,14.51,13.82,14.49,6087403.19
1746676800,14.49,14.72,14.47,14.69,5159585.41
1746691200,14.69,14.97,14.68,14.89,4053996.1
1746705600,14.89,15.42,14.81,15.23,9530145.2
1746720000,15.23,15.6,15.18,15.54,10805357.66
1746734400,15.54,15.98,15.48,15.88,13355158.91
1746748800,15.88,15.95,15.65,15.68,6119759.18
1746763200,15.68,16.28,15.59,16.11,7260146.42
1746777600,16.11,16.76,15.86,16.22,18468500.24
1746792000,16.22,16.39,15.76,15.96,11314373.09
1746806400,15.96,16.19,15.75,16.0,6448769.45
1746820800,16.0,16.08,15.92,16.02,2970055.8
1746835200,16.02,16.3,15.87,16.06,3986551.06
1746849600,16.06,16.41,15.9,16.36,3946208.270000001
1746864000,16.36,16.5,16.04,16.09,4838461.35
1746878400,16.09,16.51,16.09,16.43,5636152.83
1746892800,16.43,17.0,16.41,16.78,8157934.100000001
1746907200,16.78,17.46,16.65,17.33,8997546.77
1746921600,17.33,17.4,16.81,16.95,10114272.51
1746936000,16.95,17.03,16.31,16.46,6683206.37
1746950400,16.46,16.69,16.39,16.67,4557472.3
1746964800,16.67,16.87,16.43,16.63,15565253.5
1746979200,16.63,17.07,16.44,16.95,8114300.4
1746993600,16.95,17.16,16.86,17.1,6803755.81
1747008000,17.1,17.34,16.81,17.15,9024203.09
1747022400,17.15,17.97,16.95,17.51,9139522.93
1747036800,17.51,17.63,17.12,17.14,8670076.27
1747051200,17.14,17.58,16.71,16.83,16620016.31
1747065600,16.83,17.02,16.04,16.53,12225549.78
1747080000,16.53,16.84,16.4,16.74,5129467.67
1747094400,16.74,16.74,16.06,16.08,5693385.279999999
1747108800,16.08,16.56,16.04,16.41,2747946.35
1747123200,16.41,16.78,16.36,16.67,4538500.42
1747137600,16.67,16.89,16.53,16.87,9841809.82
1747152000,16.87,17.8,16.84,17.62,12737529.4
1747166400,17.62,17.75,17.36,17.39,7699568.62
1747180800,17.39,17.53,17.08,17.23,10562187.13
1747195200,17.23,17.45,17.12,17.2,2789512.96
1747209600,17.2,17.24,16.81,17.12,5691606.58
1747224000,17.12,17.26,16.78,17.01,8573515.22
1747238400,17.01,17.1,16.68,17.02,6986435.55
1747252800,17.02,17.11,16.8,17.02,4067375.91
1747267200,17.02,17.21,16.69,16.72,3698131.81
1747281600,16.72,16.83,16.19,16.21,4946755.3
1747296000,16.21,16.55,16.09,16.32,4585394.5
1747310400,16.32,16.47,15.87,16.45,8910551.6
1747324800,16.45,16.71,16.0,16.18,10403778.55
1747339200,16.18,16.29,15.71,16.05,9437790.16
1747353600,16.05,16.34,15.94,16.3,5358075.87
1747368000,16.3,16.49,16.16,16.36,3209571.87
1747382400,16.36,16.55,16.04,16.36,3830497.66
1747396800,16.36,16.39,16.09,16.26,3934776.98
1747411200,16.26,16.33,15.99,16.07,4527715.39
1747425600,16.07,16.08,15.61,15.77,5533109.94
1747440000,15.77,15.79,15.25,15.52,6968992.81
1747454400,15.52,15.63,15.34,15.41,2205287.98
1747468800,15.41,15.48,15.26,15.32,2450216.48
1747483200,15.32,15.42,15.13,15.32,3360360.3
1747497600,15.32,15.44,15.09,15.25,3707902.83
1747512000,15.25,15.49,15.15,15.33,3826626.18
1747526400,15.33,15.45,15.27,15.37,2372708.25
1747540800,15.37,15.74,15.37,15.73,1824115.41
1747555200,15.73,15.88,15.64,15.64,1865387.97
1747569600,15.64,16.36,15.56,16.34,5090161.2700000005
1747584000,16.34,16.4,15.19,15.19,9608049.12
1747598400,15.19,15.96,14.91,15.88,9665420.76
1747612800,15.88,16.01,15.13,15.15,5958268.26
1747627200,15.15,15.29,14.85,15.19,4173826.1400000006
1747641600,15.19,15.3,15.1,15.21,2326676.33
1747656000,15.21,15.51,15.01,15.47,7212282.699999999
1747670400,15.47,15.91,15.36,15.78,13966171.52
1747684800,15.78,15.85,15.66,15.79,6379014.79
1747699200,15.79,16.44,15.67,16.13,10168859.38
1747713600,16.13,16.29,15.9,15.95,4655938.04
1747728000,15.95,16.03,15.53,15.67,6147004.949999999
1747742400,15.67,15.68,15.43,15.54,5835492.71
1747756800,15.54,15.68,15.25,15.61,5754904.14
1747771200,15.61,15.82,15.51,15.7,5075530.68
1747785600,15.7,15.93,15.52,15.87,3990909.3
1747800000,15.87,16.09,15.8,15.85,6209426.94
1747814400,15.85,16.25,15.58,15.88,6856573.38
1747828800,15.88,16.19,15.63,16.12,8776776.219999999
1747843200,16.12,16.49,15.56,15.97,14747180.69
1747857600,15.97,16.33,15.78,16.11,7730177.52
1747872000,16.11,16.52,16.05,16.42,10652495.94
1747886400,16.42,16.48,16.22,16.42,4632450.15
1747900800,16.42,16.75,16.4,16.61,6214109.16
1747915200,16.61,16.89,16.39,16.8,10901340.27
1747929600,16.8,16.91,16.63,16.66,4336741.65
1747944000,16.66,16.78,16.54,16.74,8837681.94
1747958400,16.74,17.15,16.59,17.13,9028470.39
1747972800,17.13,17.15,16.56,16.67,5518335.51
1747987200,16.67,17.11,16.23,16.3,6984539.82
1748001600,16.3,16.48,15.79,16.21,17474554.13
1748016000,16.21,16.38,16.03,16.05,6093933.8100000005
1748030400,16.05,16.05,15.42,15.54,6405273.04
1748044800,15.54,15.81,15.46,15.75,3355512.41
1748059200,15.75,15.88,15.65,15.69,2338791.25
1748073600,15.69,15.91,15.63,15.76,2180830.61
1748088000,15.76,15.81,15.56,15.65,3374144.88
1748102400,15.65,15.7,15.43,15.51,2985253.74
1748116800,15.51,15.52,15.25,15.35,3085608.24
1748131200,15.35,15.51,15.12,15.47,3803895.1
1748145600,15.47,15.47,15.27,15.29,1269521.35
1748160000,15.29,15.3,15.07,15.15,2545094.8
1748174400,15.15,15.31,14.87,15.03,3783989.79
1748188800,15.03,15.19,14.89,15.14,2225196.84
1748203200,15.14,15.56,15.02,15.54,4025540.43
1748217600,15.54,15.8,15.5,15.7,3939249.2
1748232000,15.7,15.94,15.6,15.94,3490811.09
1748246400,15.94,15.96,15.71,15.74,2141957.67
1748260800,15.74,15.81,15.43,15.77,5024423.970000001
1748275200,15.77,15.83,15.41,15.5,3036365.01
1748289600,15.5,15.68,15.42,15.54,2481176.24
1748304000,15.54,15.6,15.16,15.46,3720715.07
1748318400,15.46,15.9,15.45,15.84,2671944.76
1748332800,15.84,15.98,15.83,15.96,2864024.02
1748347200,15.96,16.11,15.73,16.0,5360839.7
1748361600,16.0,16.13,15.88,15.93,3624611.59
1748376000,15.93,16.03,15.8,15.91,1917200.61
1748390400,15.91,16.06,15.73,16.04,3072004.81
1748404800,16.04,16.15,15.79,15.88,2579684.92
1748419200,15.88,16.01,15.75,15.98,1843299.86
1748433600,15.98,16.1,15.44,15.45,6156165.609999999
1748448000,15.45,15.67,15.32,15.32,3618602.59
1748462400,15.32,15.76,15.32,15.69,3469521.1
1748476800,15.69,16.19,15.6,16.03,8095974.88
1748491200,16.03,16.07,15.69,15.79,3074050.3
1748505600,15.79,15.93,15.72,15.86,3637820.1
1748520000,15.86,15.86,15.32,15.36,5750598.64
1748534400,15.36,15.5,15.15,15.2,5603260.91
1748548800,15.2,15.3,15.0,15.05,2999022.86
1748563200,15.05,15.12,14.22,14.71,13268069.34
1748577600,14.71,14.76,14.44,14.5,3071683.75
1748592000,14.5,14.59,14.3,14.54,4314151.23
1748606400,14.54,14.6,14.24,14.25,7274864.3
1748620800,14.25,14.35,13.83,14.27,9198499.46
1748635200,14.27,14.28,13.78,13.9,5616975.779999999
1748649600,13.9,13.94,13.41,13.57,7664357.63
1748664000,13.57,13.75,13.44,13.72,3530193.67
1748678400,13.72,13.89,13.62,13.67,3397005.37
1748692800,13.67,14.03,13.66,13.89,3129739.63
1748707200,13.89,14.18,13.85,14.13,3782859.53
1748721600,14.13,14.19,13.96,13.97,3844209.1
1748736000,13.97,13.98,13.76,13.85,2440148.24
1748750400,13.85,13.99,13.82,13.88,2155147.86
1748764800,13.88,14.03,13.59,13.82,6748392.359999999
1748779200,13.82,13.97,13.71,13.95,3222621.22
1748793600,13.95,14.11,13.8,14.02,3481050.11
1748808000,14.02,14.13,13.95,14.07,2824124.27
1748822400,14.07,14.09,13.82,13.87,3224965.6
1748836800,13.87,13.99,13.79,13.89,1147326.14
1748851200,13.89,13.97,13.66,13.69,2293083.55
1748865600,13.69,13.84,13.64,13.72,5157288.12
1748880000,13.72,13.85,13.6,13.68,3968146.05
1748894400,13.68,14.12,13.68,14.09,4782692.85
1748908800,14.09,14.45,14.05,14.15,6420240.57
1748923200,14.15,14.23,14.06,14.14,1827540.81
1748937600,14.14,14.17,14.01,14.09,1836620.67
1748952000,14.09,14.45,14.05,14.34,5924943.37
1748966400,14.34,14.42,14.23,14.36,2648915.74
1748980800,14.36,14.37,14.01,14.12,5141452.02
1748995200,14.12,14.4,14.08,14.35,2634132.72
1749009600,14.35,14.43,14.24,14.3,3482003.58
1749024000,14.3,14.48,14.21,14.21,2015327.3
1749038400,14.21,14.24,13.96,14.18,5504110.11
1749052800,14.18,14.18,13.91,13.91,2286230.8200000003
1749067200,13.91,13.95,13.72,13.84,3356559.44
1749081600,13.84,13.96,13.75,13.89,2539838.47
1749096000,13.89,13.95,13.72,13.76,2285329.49
1749110400,13.76,13.84,13.64,13.77,1667985.64
1749124800,13.77,14.04,13.54,13.72,5097459.21
1749139200,13.72,13.73,13.1,13.2,7106889.67
1749153600,13.2,13.24,12.65,12.89,10202359.57
1749168000,12.89,13.2,12.83,13.19,3022949.27
1749182400,13.19,13.27,13.11,13.18,2183974.71
1749196800,13.18,13.28,13.16,13.22,2265135.99
1749211200,13.22,13.69,13.21,13.55,7857310.24
1749225600,13.55,13.63,13.43,13.49,3624935.45
1749240000,13.49,13.62,13.46,13.58,2385576.94
1749254400,13.58,13.84,13.5,13.81,3434279.16
1749268800,13.81,14.07,13.76,14.03,2829318.8200000003
1749283200,14.03,14.08,13.92,14.0,2279953.99
1749297600,14.0,14.09,13.91,13.95,3134433.79
1749312000,13.95,13.97,13.77,13.82,3667156.41
1749326400,13.82,13.92,13.77,13.83,1863737.19
1749340800,13.83,13.86,13.76,13.8,911797.13
1749355200,13.8,13.83,13.73,13.74,973532.84
1749369600,13.74,13.78,13.57,13.77,3172419.65
1749384000,13.77,13.88,13.69,13.76,2161018.63
1749398400,13.76,13.92,13.76,13.91,1504882.07
1749412800,13.91,13.98,13.68,13.73,2970676.8
1749427200,13.73,13.79,13.63,13.72,2953149.17
1749441600,13.72,13.73,13.55,13.67,1664087.5
1749456000,13.67,13.96,13.58,13.91,3348438.44
1749470400,13.91,14.01,13.78,13.95,4311744.16
1749484800,13.95,14.1,13.94,14.02,5524041.26
1749499200,14.02,14.4,14.02,14.36,5841228.1
1749513600,14.36,14.63,14.34,14.48,4329258.07
1749528000,14.48,14.57,14.33,14.48,3281175.22
1749542400,14.48,15.23,14.43,15.17,6902188.32
1749556800,15.17,15.33,14.82,15.1,14120797.5
1749571200,15.1,15.53,15.04,15.28,16488550.91
1749585600,15.28,15.46,15.13,15.45,5594091.26
1749600000,15.45,15.51,15.14,15.3,4168577.28
1749614400,15.3,15.46,15.2,15.4,2670356.16
1749628800,15.4,15.5,15.08,15.17,4791694.19
1749643200,15.17,15.66,15.09,15.62,10830783.08
1749657600,15.62,15.64,15.1,15.15,7760785.79
1749672000,15.15,15.25,14.76,14.9,9731830.2
1749686400,14.9,14.92,14.59,14.66,4220015.12
1749700800,14.66,14.68,14.42,14.43,3662600.88
1749715200,14.43,14.48,14.06,14.12,5996874.09
1749729600,14.12,14.51,14.09,14.25,4645572.59
1749744000,14.25,14.57,14.1,14.14,4516687.85
1749758400,14.14,14.19,13.84,13.98,6226664.6
1749772800,13.98,13.99,12.77,13.26,20479029.79
1749787200,13.26,13.3,13.04,13.25,4614207.22
1749801600,13.25,13.41,13.14,13.33,3528268.58
1749816000,13.33,13.49,13.12,13.41,6254149.69
1749830400,13.41,13.6,13.04,13.14,5763895.24
1749844800,13.14,13.46,13.1,13.45,2590762.69
1749859200,13.45,13.47,13.25,13.27,2536016.86
1749873600,13.27,13.34,13.14,13.22,1364022.94
1749888000,13.22,13.23,13.1,13.17,2205005.33
1749902400,13.17,13.2,12.96,13.0,2326996.12
1749916800,13.0,13.09,12.85,13.0,3687147.56
1749931200,13.0,13.21,12.93,13.16,1388285.63
1749945600,13.16,13.28,13.15,13.23,1554103.51
1749960000,13.23,13.33,13.12,13.16,1440046.19
1749974400,13.16,13.17,13.03,13.08,1130908.71
1749988800,13.08,13.31,13.06,13.18,2445289.67
1750003200,13.18,13.24,13.11,13.14,1667268.04
1750017600,13.14,13.31,13.0,13.3,2970124.26
1750032000,13.3,13.48,13.18,13.38,3688229.67
1750046400,13.38,13.73,13.38,13.68,5449611.5
1750060800,13.68,13.75,13.56,13.68,1780186.33
1750075200,13.68,13.9,13.63,13.8,4647387.58
1750089600,13.8,14.11,13.8,14.07,7822399.58
1750104000,14.07,14.16,13.54,13.57,11370180.94
1750118400,13.57,13.78,13.32,13.67,9063780.82
1750132800,13.67,13.73,13.47,13.5,2809302.8200000003
1750147200,13.5,13.51,13.2,13.26,2955442.38
1750161600,13.26,13.36,12.94,13.06,6202192.8100000005
1750176000,13.06,13.25,12.81,13.17,6987869.35
1750190400,13.17,13.2,12.86,12.99,3487538.99
1750204800,12.99,13.16,12.97,13.08,3606355.22
1750219200,13.08,13.23,13.03,13.09,2561398.19
1750233600,13.09,13.13,12.7,12.86,3567452.25
1750248000,12.86,13.0,12.64,12.9,6184444.42
1750262400,12.9,12.94,12.7,12.78,5382196.86
1750276800,12.78,13.15,12.75,13.12,3692080.52
1750291200,13.12,13.25,13.03,13.2,2986317.25
1750305600,13.2,13.28,13.13,13.13,1896508.55
1750320000,13.13,13.38,13.13,13.17,2727202.09
1750334400,13.17,13.21,12.94,12.96,3213373.75
1750348800,12.96,13.16,12.92,13.03,2713441.29
1750363200,13.03,13.15,13.0,13.07,2725138.0700000003
1750377600,13.07,13.12,13.0,13.0,1883991.58
1750392000,13.0,13.19,12.89,13.18,3338279.04
1750406400,13.18,13.28,13.08,13.14,2827571.88
1750420800,13.14,13.25,12.83,12.9,3892375.2
1750435200,12.9,12.91,12.3,12.58,8189690.81
1750449600,12.58,12.74,12.37,12.51,4141486.39
1750464000,12.51,12.73,12.49,12.69,1509771.05
1750478400,12.69,12.71,12.58,12.64,1254164.9
1750492800,12.64,12.74,12.63,12.67,861959.8200000001
1750507200,12.67,12.7,12.41,12.5,1669540.84
1750521600,12.5,12.56,12.19,12.2,3181364.81
1750536000,12.2,12.33,11.7,12.03,11951893.86
1750550400,12.03,12.2,11.84,11.91,7195507.41
1750564800,11.91,12.1,11.88,11.97,2536051.52
1750579200,11.97,12.01,11.79,11.89,3365402.26
1750593600,11.89,11.97,11.3,11.44,14345736.64
1750608000,11.44,11.58,11.21,11.23,6596803.47
1750622400,11.23,11.68,10.94,11.66,8469467.78
1750636800,11.66,11.77,11.56,11.64,4023232.02
1750651200,11.64,11.92,11.64,11.86,2690073.31
1750665600,11.86,11.91,11.76,11.85,2264938.69
1750680000,11.85,12.09,11.71,11.76,6946222.38
1750694400,11.76,12.19,11.41,12.15,12946950.2
1750708800,12.15,12.95,12.13,12.84,10247931.01
1750723200,12.84,13.05,12.8,12.96,5899268.18
1750737600,12.96,13.33,12.93,13.04,4360766.13
1750752000,13.04,13.27,12.94,13.16,4278106.18
1750766400,13.16,13.43,13.08,13.36,8314784.3
1750780800,13.36,13.73,13.28,13.35,8993958.72
1750795200,13.35,13.42,13.29,13.42,5336925.49
1750809600,13.42,13.51,13.29,13.36,5857077.05
1750824000,13.36,13.47,13.26,13.46,4274794.82
1750838400,13.46,13.48,13.19,13.29,6358661.67
1750852800,13.29,13.33,13.03,13.07,8670532.08
1750867200,13.07,13.25,13.0,13.24,4055862.85
1750881600,13.24,13.31,13.05,13.14,2642642.08
1750896000,13.14,13.56,13.08,13.35,4025706.560000001
1750910400,13.35,13.44,13.21,13.38,1755237.86
1750924800,13.38,13.46,13.15,13.21,2312748.83
1750939200,13.21,13.21,12.95,13.12,4174582.21
1750953600,13.12,13.17,13.0,13.12,4021691.5
1750968000,13.12,13.28,12.89,12.95,6646600.27
1750982400,12.95,13.17,12.78,13.14,4638878.42
1750996800,13.14,13.24,13.01,13.03,2715902.51
1751011200,13.03,13.21,13.02,13.05,2167513.8600000003
1751025600,13.05,13.12,12.87,13.05,3542901.84
1751040000,13.05,13.19,12.74,12.88,4493090.08
1751054400,12.88,13.07,12.87,13.06,2604824.04
1751068800,13.06,13.18,13.01,13.16,2232384.25
1751083200,13.16,13.18,13.09,13.17,1685626.42
1751097600,13.17,13.2,13.1,13.1,1167751.61
1751112000,13.1,13.29,13.06,13.28,1490262.52
1751126400,13.28,13.41,13.23,13.31,3322416.39
1751140800,13.31,13.45,13.3,13.4,2145738.57
1751155200,13.4,13.45,13.28,13.29,1937453.07
1751169600,13.29,13.44,13.27,13.44,1062360.1
1751184000,13.44,13.48,13.39,13.45,1552250.1
1751198400,13.45,13.46,13.27,13.28,2839062.31
1751212800,13.28,13.41,13.25,13.35,1993481.85
1751227200,13.35,13.87,13.26,13.71,7227938.26
1751241600,13.71,13.78,13.49,13.5,4424334.94
1751256000,13.5,13.51,13.2,13.34,3059877.37
1751270400,13.34,13.37,13.18,13.21,1535490.23
1751284800,13.21,13.45,13.14,13.38,5219832.5
1751299200,13.38,13.63,13.26,13.62,4450980.02
1751313600,13.62,13.67,13.37,13.38,5010347.69
1751328000,13.38,13.44,13.24,13.32,2764860.15
1751342400,13.32,13.32,13.09,13.23,1453687.46
1751356800,13.23,13.27,13.12,13.14,1379555.85
1751371200,13.14,13.18,12.95,13.01,3599897.02
1751385600,13.01,13.07,12.83,12.83,2495465.88
1751400000,12.83,12.93,12.79,12.9,2075337.87
1751414400,12.9,12.96,12.74,12.91,2160324.72
1751428800,12.91,13.09,12.89,13.04,1679812.09
1751443200,13.04,13.18,13.04,13.08,2267227.03
1751457600,13.08,13.38,13.0,13.37,4140127.96
1751472000,13.37,13.79,13.37,13.78,12358240.14
1751486400,13.78,13.85,13.55,13.56,4222097.14
1751500800,13.56,13.61,13.45,13.48,3854805.38
1751515200,13.48,13.91,13.46,13.88,3463053.46
1751529600,13.88,13.97,13.73,13.82,3800810.55
1751544000,13.82,14.08,13.6,13.62,9652208.2
1751558400,13.62,13.78,13.61,13.71,5314147.52
1751572800,13.71,13.8,13.65,13.67,2249436.54
1751587200,13.67,13.79,13.57,13.6,2584923.37
1751601600,13.6,13.62,13.37,13.38,2132444.88
1751616000,13.38,13.47,13.23,13.35,3703434.13
1751630400,13.35,13.4,13.06,13.08,4189856.79
1751644800,13.08,13.11,12.95,13.02,2650280.15
1751659200,13.02,13.25,13.0,13.17,2096631.76
1751673600,13.17,13.23,13.08,13.2,1379119.5699999998
1751688000,13.2,13.26,13.16,13.19,1012208.31
1751702400,13.19,13.26,13.11,13.24,885174.59
1751716800,13.24,13.25,13.12,13.13,1391975.64
1751731200,13.13,13.17,13.0,13.12,1533552.94
1751745600,13.12,13.27,13.1,13.23,1497375.34
1751760000,13.23,13.24,13.15,13.2,959712.67
1751774400,13.2,13.26,13.15,13.16,803393.29
1751788800,13.16,13.21,13.1,13.21,719258.9299999999
1751803200,13.21,13.5,13.18,13.43,4574297.609999999
1751817600,13.43,13.49,13.29,13.39,2259783.86
1751832000,13.39,13.7,13.39,13.49,3631203.91
1751846400,13.49,13.67,13.42,13.56,2076020.23
1751860800,13.56,13.73,13.5,13.63,3485097.06
1751875200,13.63,13.67,13.53,13.58,1664898.26
1751889600,13.58,13.68,13.46,13.53,4899653.02
1751904000,13.53,13.58,13.32,13.44,4328239.09
1751918400,13.44,13.44,13.25,13.43,2997832.67
1751932800,13.43,13.47,13.2,13.25,3399781.94
1751947200,13.25,13.36,13.21,13.36,1582874.15
1751961600,13.36,13.53,13.26,13.5,1409483.4500000002
1751976000,13.5,13.68,13.42,13.49,3775054.29
1751990400,13.49,13.94,13.46,13.92,5558195.91
1752004800,13.92,14.0,13.79,13.97,4074979.36
1752019200,13.97,13.98,13.83,13.85,3167528.03
1752033600,13.85,14.2,13.82,14.15,5300099.13
1752048000,14.15,14.19,13.98,14.03,6541046.59
1752062400,14.03,14.18,13.91,14.02,8327409.25
1752076800,14.02,14.36,13.93,14.3,7051001.5600000005
1752091200,14.3,14.38,14.11,14.25,5172398.17
1752105600,14.25,14.38,14.16,14.32,2704035.17
1752120000,14.32,14.48,14.24,14.41,5881922.49
1752134400,14.41,14.48,14.31,14.33,2953310.64
1752148800,14.33,14.4,14.23,14.34,3833720.53
1752163200,14.34,14.74,14.33,14.67,7912613.22
1752177600,14.67,15.34,14.66,15.24,11426958.68
1752192000,15.24,15.44,15.03,15.36,5811913.26
1752206400,15.36,15.61,15.24,15.28,4759298.79
1752220800,15.28,15.6,15.22,15.44,9128861.66
1752235200,15.44,15.87,15.42,15.48,11474954.0
1752249600,15.48,15.85,15.43,15.81,11059360.46
1752264000,15.81,15.82,15.03,15.29,8201336.5
1752278400,15.29,15.48,15.06,15.37,4500282.3
1752292800,15.37,15.39,15.11,15.25,3241206.8
1752307200,15.25,15.41,15.21,15.27,2488948.57
1752321600,15.27,15.3,14.72,14.83,7321821.99
1752336000,14.83,15.08,14.77,15.06,2767683.22
1752350400,15.06,15.14,14.87,15.11,2617061.75
1752364800,15.11,15.2,15.05,15.14,2432202.98
1752379200,15.14,15.39,15.1,15.36,2623534.58
1752393600,15.36,15.42,15.27,15.42,2000700.29
1752408000,15.42,15.95,15.38,15.71,7309513.09
1752422400,15.71,15.93,15.56,15.79,5514411.03
1752436800,15.79,15.91,15.48,15.66,5030427.76
1752451200,15.66,16.28,15.63,16.15,9679584.21
1752465600,16.15,16.3,15.95,16.16,8327287.79
1752480000,16.16,16.31,15.94,16.25,7544780.66
1752494400,16.25,16.47,15.83,15.96,11800044.0
1752508800,15.96,16.15,15.69,15.76,7319078.32
1752523200,15.76,15.88,15.58,15.76,7659393.73
1752537600,15.76,15.89,15.18,15.27,9384669.56
1752552000,15.27,15.51,15.14,15.41,3729063.45
1752566400,15.41,15.52,15.28,15.37,3456231.61
1752580800,15.37,15.71,15.18,15.57,6996076.55
1752595200,15.57,16.19,15.57,15.62,10457581.62
1752609600,15.62,16.17,15.58,16.11,7530347.939999999
1752624000,16.11,16.22,15.86,15.93,6362422.46
1752638400,15.93,16.46,15.83,16.33,8205818.42
1752652800,16.33,16.63,16.33,16.41,22038033.87
1752667200,16.41,16.84,16.4,16.61,12845527.65
1752681600,16.61,17.04,16.59,16.88,13542398.47
1752696000,16.88,17.04,16.61,16.68,7786864.23
1752710400,16.68,16.86,16.34,16.43,6254787.94
1752724800,16.43,17.01,16.37,16.99,4408742.12
1752739200,16.99,17.28,16.89,17.09,8614903.66
1752753600,17.09,17.31,16.8,17.15,9534770.84
1752768000,17.15,17.33,16.79,17.08,11328761.0
1752782400,17.08,18.13,16.85,18.01,25083419.02
1752796800,18.01,18.77,17.87,18.75,23254974.27
1752811200,18.75,19.15,18.51,18.52,17178341.17
1752825600,18.52,18.8,18.26,18.35,10907033.9
1752840000,18.35,18.72,17.74,17.93,19634642.9
1752854400,17.93,18.15,17.66,17.73,13441878.88
1752868800,17.73,17.92,17.34,17.83,11267232.7
1752883200,17.83,18.24,17.56,18.21,6570744.35
1752897600,18.21,18.35,17.94,17.98,3166848.36
1752912000,17.98,18.02,17.71,17.73,2308053.2
1752926400,17.73,17.96,17.6,17.93,5159924.83
1752940800,17.93,18.52,17.87,18.37,7522448.61
1752955200,18.37,18.55,18.13,18.4,7601462.89
1752969600,18.4,18.84,18.34,18.69,8017480.57
1752984000,18.69,18.97,18.52,18.82,7369075.31
1752998400,18.82,19.65,18.82,19.4,14595820.13
1753012800,19.4,19.95,19.19,19.71,17378306.21
1753027200,19.71,19.81,19.21,19.45,16686540.36
1753041600,19.45,19.51,18.91,19.29,13566783.87
1753056000,19.29,19.6,19.01,19.58,9768645.22
1753070400,19.58,19.94,19.39,19.75,9822310.13
1753084800,19.75,20.28,19.61,20.06,13458147.69
1753099200,20.06,20.25,19.72,19.81,15115052.41
1753113600,19.81,19.85,19.19,19.27,14794346.73
1753128000,19.27,19.62,19.18,19.5,8839929.87
1753142400,19.5,20.0,19.03,19.55,14850014.3
1753156800,19.55,19.57,18.86,19.07,12814393.24
1753171200,19.07,19.33,18.64,19.23,9664175.94
1753185600,19.23,19.48,18.77,19.35,13598675.81
1753200000,19.35,19.57,18.99,19.06,11178362.12
1753214400,19.06,19.7,19.02,19.67,9592807.08
1753228800,19.67,19.77,19.43,19.47,8192684.140000001
1753243200,19.47,19.71,19.05,19.15,7372871.74
1753257600,19.15,19.25,18.79,18.92,5988042.83
1753272000,18.92,18.94,17.86,18.5,19864766.4
1753286400,18.5,18.51,17.71,18.0,13046102.35
1753300800,18.0,18.29,17.57,18.19,9675077.76
1753315200,18.19,18.47,18.07,18.24,7734606.62
1753329600,18.24,18.31,17.19,17.74,12665447.23
1753344000,17.74,18.15,17.6,18.08,8328170.46
1753358400,18.08,18.69,17.8,18.47,13386822.25
1753372800,18.47,18.59,18.11,18.35,9655553.86
1753387200,18.35,18.43,17.86,17.92,6569156.69
1753401600,17.92,17.92,17.27,17.5,11962333.74
1753416000,17.5,17.71,17.3,17.5,8541829.86
1753430400,17.5,18.41,17.47,18.32,8457122.540000001
1753444800,18.32,18.48,17.42,17.61,10823945.2
1753459200,17.61,17.87,17.46,17.72,5900588.86
1753473600,17.72,18.42,17.69,18.29,7462991.3
1753488000,18.29,18.46,18.18,18.37,4564512.16
1753502400,18.37,18.41,18.22,18.23,3187081.98
1753516800,18.23,18.49,18.23,18.26,3300217.93
1753531200,18.26,18.46,18.17,18.4,4164363.88
1753545600,18.4,18.59,18.23,18.56,5217072.93
1753560000,18.56,18.64,18.35,18.41,6495411.87
1753574400,18.41,18.77,18.37,18.7,6094158.97
1753588800,18.7,19.07,18.68,18.79,4777485.16
1753603200,18.79,19.0,18.56,18.76,4002893.17
1753617600,18.76,18.95,18.65,18.86,4721312.5
1753632000,18.86,19.11,18.85,19.02,7885042.08
1753646400,19.02,19.29,18.9,19.24,11665728.1
1753660800,19.24,19.39,18.94,19.13,10631492.48
1753675200,19.13,19.55,19.05,19.3,6644216.3100000005
1753689600,19.3,19.34,18.95,19.08,4178889.59
1753704000,19.08,19.12,18.29,18.4,10141657.37
1753718400,18.4,18.5,18.09,18.23,8280536.94
1753732800,18.23,18.27,17.98,18.11,5071566.95
1753747200,18.11,18.3,17.88,18.27,8505703.29
1753761600,18.27,18.59,18.11,18.59,4255714.61
1753776000,18.59,18.63,18.01,18.13,3189574.15
1753790400,18.13,18.34,17.61,17.69,11485703.52
1753804800,17.69,17.92,17.48,17.71,14494716.16
1753819200,17.71,17.88,17.56,17.83,5796912.57
1753833600,17.83,17.94,17.62,17.84,4110273.81
1753848000,17.84,17.88,17.63,17.7,2381972.0700000003
1753862400,17.7,17.81,17.23,17.31,6726519.01
1753876800,17.31,17.71,17.21,17.59,5915307.55
1753891200,17.59,17.79,16.77,17.47,10971914.55
1753905600,17.47,17.77,17.35,17.71,5603116.97
1753920000,17.71,18.09,17.65,18.06,5467273.300000001
1753934400,18.06,18.11,17.95,18.03,2963889.7800000003
1753948800,18.03,18.23,17.93,17.97,4537696.03
1753963200,17.97,18.0,17.34,17.52,7462680.04
1753977600,17.52,17.85,17.2,17.22,7037871.17
1753992000,17.22,17.28,16.85,16.93,9074103.21
1754006400,16.93,17.03,16.44,16.87,24387187.13
1754020800,16.87,16.87,16.51,16.62,5837316.430000001
1754035200,16.62,16.62,16.3,16.61,6710017.89
1754049600,16.61,16.79,16.15,16.63,10622094.35
1754064000,16.63,16.74,16.15,16.38,9488511.78
1754078400,16.38,16.42,15.67,16.07,12024241.3
1754092800,16.07,16.24,16.04,16.2,4758211.95
1754107200,16.2,16.24,15.78,16.13,2088789.2800000005
1754121600,16.13,16.17,15.84,16.03,3307431.38
1754136000,16.03,16.09,15.73,15.78,3437772.24
1754150400,15.78,15.92,15.44,15.58,8860471.17
1754164800,15.58,15.8,15.52,15.64,4236556.18
1754179200,15.64,15.92,15.44,15.9,3887480.95
1754193600,15.9,16.02,15.83,16.01,2879390.6300000004
1754208000,16.01,16.24,16.0,16.17,2493275.1
1754222400,16.17,16.24,16.09,16.24,2589807.86
1754236800,16.24,16.34,16.19,16.27,3094875.62
1754251200,16.27,16.4,16.2,16.3,2368453.11
1754265600,16.3,16.65,16.28,16.58,3484669.31
1754280000,16.58,16.67,16.44,16.64,2137359.87
1754294400,16.64,16.74,16.56,16.59,2489362.46
1754308800,16.59,16.97,16.55,16.93,10693170.15
1754323200,16.93,17.2,16.81,16.85,6700717.119999999
1754337600,16.85,17.17,16.83,17.11,2908269.43
1754352000,17.11,17.12,16.77,16.78,2667735.58
1754366400,16.78,16.9,16.44,16.5,3144564.82
1754380800,16.5,16.97,16.46,16.87,3731389.05
1754395200,16.87,16.89,16.21,16.26,10736443.76
1754409600,16.26,16.44,16.22,16.26,3932394.92
1754424000,16.26,16.43,16.08,16.38,3208380.16
1754438400,16.38,16.39,16.06,16.1,2556502.8200000003
1754452800,16.1,16.52,16.04,16.51,4003721.65
1754467200,16.51,16.53,16.33,16.4,3228680.64
1754481600,16.4,16.8,16.25,16.78,7005776.5600000005
1754496000,16.78,16.9,16.62,16.79,3895176.19
1754510400,16.79,16.8,16.67,16.68,2797057.37
1754524800,16.68,16.81,16.58,16.6,2469355.8
1754539200,16.6,16.84,16.59,16.83,2856922.52
1754553600,16.83,17.42,16.82,17.35,6320247.699999999
1754568000,17.35,18.09,17.31,17.84,16029787.47
1754582400,17.84,18.3,17.63,18.3,12684681.01
1754596800,18.3,18.5,18.19,18.47,12810021.93
1754611200,18.47,19.2,18.1,19.2,40796051.93
1754625600,19.2,19.43,18.77,19.34,12317534.06
1754640000,19.34,19.51,19.17,19.5,9146393.07
1754654400,19.5,19.92,19.08,19.2,22180008.89
1754668800,19.2,19.75,19.09,19.74,14922477.97
1754683200,19.74,19.97,19.54,19.89,13499671.14
1754697600,19.89,20.94,19.79,20.87,23484317.73
1754712000,20.87,21.46,20.68,20.8,22929207.0
1754726400,20.8,21.18,20.71,20.9,8659161.280000001
1754740800,20.9,21.42,20.84,21.07,15831586.150000002
1754755200,21.07,21.46,21.07,21.23,12507839.18
1754769600,21.23,21.99,21.14,21.95,20900245.2
1754784000,21.95,22.2,21.24,21.5,20598750.05
1754798400,21.5,22.69,21.39,21.89,22468251.27
1754812800,21.89,22.29,21.54,21.57,16083699.45
1754827200,21.57,22.53,21.16,22.49,23208642.77
1754841600,22.49,22.67,22.02,22.14,16987582.09
1754856000,22.14,22.23,21.79,22.07,12667506.16
1754870400,22.07,22.43,21.83,22.33,17214863.91
1754884800,22.33,22.6,21.89,21.95,12245796.96
1754899200,21.95,22.06,21.2,21.28,10995270.23
1754913600,21.28,22.09,21.19,21.96,15837219.23
1754928000,21.96,22.25,21.25,21.39,11318840.99
1754942400,21.39,21.43,20.85,21.08,10982312.35
1754956800,21.08,21.73,21.05,21.45,7795147.189999999
1754971200,21.45,21.73,21.34,21.48,8863241.69
1754985600,21.48,21.65,21.01,21.29,6745806.79
1755000000,21.29,24.11,21.28,24.03,60936202.04
1755014400,24.03,24.19,23.17,23.41,29889572.75
1755028800,23.41,23.7,23.11,23.6,24342288.82
1755043200,23.6,24.57,23.3,24.53,29111385.45
1755057600,24.53,24.73,23.24,23.42,22065150.23
1755072000,23.42,24.37,23.35,24.19,16597265.2
1755086400,24.19,24.22,23.37,23.61,23956591.6
1755100800,23.61,23.94,23.5,23.78,15483279.27
1755115200,23.78,24.17,23.62,23.98,13845209.37
1755129600,23.98,24.32,23.79,24.26,19270600.53
1755144000,24.26,24.28,23.42,23.54,12178839.15
1755158400,23.54,23.81,23.22,23.36,12095273.29
1755172800,23.36,23.57,21.53,22.77,46518239.51
1755187200,22.77,22.79,22.1,22.41,19510098.1
1755201600,22.41,22.58,21.87,22.47,11474654.7
1755216000,22.47,22.88,22.2,22.82,10715519.84
1755230400,22.82,23.05,22.46,22.59,7490905.600000001
1755244800,22.59,22.69,22.16,22.21,8313644.36
1755259200,22.21,22.63,21.45,21.6,23093802.01
1755273600,21.6,21.89,21.36,21.46,14523026.010000002
1755288000,21.46,22.06,21.39,21.77,8909078.16
1755302400,21.77,22.16,21.7,21.82,6435747.1
1755316800,21.82,22.17,21.53,22.07,4242528.029999999
1755331200,22.07,22.18,21.45,21.46,6097663.95
1755345600,21.46,22.14,21.42,22.02,8254036.13
1755360000,22.02,22.91,21.96,22.71,14343558.36
1755374400,22.71,22.98,22.57,22.65,9215929.75
1755388800,22.65,23.43,22.37,23.4,11882445.24
1755403200,23.4,24.56,23.39,24.3,28415366.62
1755417600,24.3,24.83,24.19,24.7,16477487.39
1755432000,24.7,26.32,24.44,26.31,46424409.74
1755446400,26.31,26.34,25.34,25.46,40013457.93
1755460800,25.46,25.94,25.42,25.66,16658215.6
1755475200,25.66,26.23,24.6,25.11,52223291.13
1755489600,25.11,25.13,24.31,24.72,22648263.49
1755504000,24.72,25.3,24.38,24.56,16931567.93
1755518400,24.56,25.95,24.49,25.4,39850465.88
1755532800,25.4,25.94,24.83,25.54,24966864.26
1755547200,25.54,26.72,25.14,25.79,45188993.16
1755561600,25.79,25.82,24.12,24.22,36190213.62
1755576000,24.22,24.65,23.92,24.3,22681558.73
1755590400,24.3,24.92,24.09,24.71,17999893.45
1755604800,24.71,24.94,23.87,24.27,27373027.27
1755619200,24.27,24.52,23.44,23.86,34117872.98
1755633600,23.86,24.04,23.46,23.55,17356352.58
1755648000,23.55,24.4,23.37,24.0,20213195.82
1755662400,24.0,24.84,23.99,24.42,16220360.12
1755676800,24.42,25.24,24.35,24.94,26714359.24
1755691200,24.94,26.46,24.58,25.95,75573434.49000001
1755705600,25.95,26.36,25.45,26.16,46038207.9
1755720000,26.16,26.89,26.04,26.46,32456799.48
1755734400,26.46,26.6,25.8,25.81,26764218.09
1755748800,25.81,25.87,25.5,25.72,12346856.26
1755763200,25.72,26.4,25.62,26.12,25987894.8
1755777600,26.12,26.24,24.99,25.08,34636192.39
1755792000,25.08,25.26,24.67,24.93,29719777.58
1755806400,24.93,25.14,24.63,24.81,13998465.93
1755820800,24.81,25.22,24.53,24.67,15852965.59
1755835200,24.67,25.19,24.62,25.04,11705515.49
1755849600,25.04,25.29,24.24,24.3,12552573.46
1755864000,24.3,26.79,24.12,26.46,78581127.98
1755878400,26.46,27.85,26.46,27.19,71924485.58
1755892800,27.19,27.33,26.62,26.77,36207947.07
1755907200,26.77,26.81,25.86,25.94,20091069.23
1755921600,25.94,26.22,25.73,25.86,10908479.22
1755936000,25.86,26.0,25.59,25.65,9436311.03
1755950400,25.65,26.19,25.52,26.0,13852879.21
1755964800,26.0,26.21,25.83,26.12,8614221.09
1755979200,26.12,26.36,25.98,26.28,10790131.1
1755993600,26.28,26.32,25.71,25.9,14871917.63
1756008000,25.9,25.95,25.55,25.59,7871571.56
1756022400,25.59,25.74,25.27,25.47,9668427.91
1756036800,25.47,25.86,25.46,25.56,8757124.370000001
1756051200,25.56,26.62,25.26,26.07,41006834.34
1756065600,26.07,26.24,25.41,25.82,17382260.11
1756080000,25.82,26.44,25.33,25.93,21947378.08
1756094400,25.93,26.39,24.83,24.96,18917190.98
1756108800,24.96,25.16,24.34,24.59,17171082.240000002
1756123200,24.59,24.68,24.24,24.42,16961079.72
1756137600,24.42,24.8,23.64,23.66,24487021.29
1756152000,23.66,23.83,23.09,23.39,28368979.11
1756166400,23.39,23.63,23.08,23.16,15881240.5
1756180800,23.16,23.5,22.89,23.15,12767183.11
1756195200,23.15,23.76,22.91,23.55,12196772.18
1756209600,23.55,24.52,23.4,24.17,27787989.92
1756224000,24.17,24.46,23.95,24.35,15390102.2
1756238400,24.35,24.74,24.22,24.38,16112798.31
1756252800,24.38,24.54,24.01,24.35,11983909.45
1756267200,24.35,24.68,24.01,24.15,10536526.09
1756281600,24.15,24.65,23.97,24.36,6897810.4
1756296000,24.36,24.66,24.08,24.29,16826199.17
1756310400,24.29,24.58,24.04,24.18,10610832.68
1756324800,24.18,24.47,23.59,23.77,28267347.52
1756339200,23.77,23.94,23.56,23.9,9158964.64
1756353600,23.9,24.37,23.81,24.22,7878161.23
1756368000,24.22,24.45,23.6,23.89,10657146.4
1756382400,23.89,26.04,23.8,24.8,100825470.94
1756396800,24.8,25.28,24.46,24.49,33728831.629999995
1756411200,24.49,25.41,24.41,25.18,19473199.92
1756425600,25.18,25.23,24.13,24.24,18810120.14
1756440000,24.24,24.28,23.4,23.55,19113832.36
1756454400,23.55,23.58,23.24,23.44,13365772.06
1756468800,23.44,24.12,23.13,23.44,24216236.43
1756483200,23.44,23.6,23.13,23.36,12386336.83
1756497600,23.36,23.51,23.14,23.42,9588768.35
1756512000,23.42,23.52,22.83,23.24,11518582.09
1756526400,23.24,23.52,23.18,23.37,5970338.29
1756540800,23.37,23.49,23.21,23.39,4009716.74
1756555200,23.39,23.45,22.97,23.41,6758541.08
1756569600,23.41,23.45,23.29,23.36,4269239.97
1756584000,23.36,23.51,23.28,23.51,3377933.57
1756598400,23.51,23.9,23.42,23.88,8353073.53
1756612800,23.88,23.95,23.65,23.73,4411671.77
1756627200,23.73,23.89,23.56,23.8,3622156.17
1756641600,23.8,24.05,23.61,23.78,8302143.52
1756656000,23.78,23.87,23.61,23.65,5125253.92
1756670400,23.65,23.73,23.19,23.2,11953232.43
1756684800,23.2,23.36,22.93,23.06,12739992.82
1756699200,23.06,23.63,22.72,23.59,9556685.31
1756713600,23.59,23.85,23.17,23.22,9368941.91
1756728000,23.22,23.34,22.74,22.8,8538047.19
1756742400,22.8,22.84,22.56,22.82,9105355.2
1756756800,22.82,22.83,22.09,22.52,15867386.93
1756771200,22.52,23.22,22.35,23.13,11209951.14
1756785600,23.13,23.51,23.09,23.23,6642390.92
1756800000,23.23,23.44,23.08,23.1,7721790.82
1756814400,23.1,23.54,22.64,22.84,20822019.95
1756828800,22.84,23.15,22.79,23.06,7857766.44
1756843200,23.06,23.59,23.01,23.48,9085716.42
1756857600,23.48,23.61,23.22,23.42,5824821.8
1756872000,23.42,23.48,23.22,23.29,2534867.74
1756886400,23.29,23.61,23.23,23.5,4380499.51
1756900800,23.5,23.83,23.38,23.82,9881604.92
1756915200,23.82,23.91,23.62,23.85,7609674.7
1756929600,23.85,23.85,23.68,23.7,4598630.4
1756944000,23.7,23.96,23.5,23.54,5657600.54
1756958400,23.54,23.57,23.15,23.29,5495054.1
1756972800,23.29,23.43,23.2,23.3,3287814.75
1756987200,23.3,23.4,22.47,22.48,21141241.72
1757001600,22.48,22.55,22.2,22.27,14014295.15
1757016000,22.27,22.62,22.25,22.32,10872647.04
1757030400,22.32,22.5,22.27,22.49,8085485.69
1757044800,22.49,23.1,22.4,23.08,7802109.6
1757059200,23.08,23.08,22.68,22.83,6804178.24
1757073600,22.83,23.24,22.1,22.24,25843454.59
1757088000,22.24,22.48,22.04,22.48,10760202.82
1757102400,22.48,22.55,22.23,22.29,5996027.949999999
1757116800,22.29,22.51,22.26,22.41,4141764.61
1757131200,22.41,22.41,22.14,22.21,3766344.87
1757145600,22.21,22.28,22.08,22.28,3059360.45
1757160000,22.28,22.33,22.04,22.07,4898599.15
1757174400,22.07,22.29,21.88,21.9,6991172.54
1757188800,21.9,22.3,21.89,22.2,4793494.64
1757203200,22.2,22.45,22.19,22.38,3847633.6
1757217600,22.38,22.47,22.25,22.3,2962618.23
1757232000,22.3,22.46,22.14,22.38,4941340.75
1757246400,22.38,22.46,22.23,22.41,6029413.82
1757260800,22.41,22.41,22.12,22.21,3337137.93
1757275200,22.21,22.61,22.17,22.46,5239382.19
1757289600,22.46,22.79,22.24,22.6,6789258.050000001
1757304000,22.6,22.62,22.33,22.4,3527592.26
1757318400,22.4,23.2,22.36,22.98,15886576.74
1757332800,22.98,23.29,22.9,23.21,13701464.39
1757347200,23.21,23.3,22.91,22.98,6493784.93
1757361600,22.98,23.18,22.85,23.04,6756373.85
1757376000,23.04,23.3,22.86,23.18,7787201.47
1757390400,23.18,23.76,23.09,23.67,10303717.49
1757404800,23.67,23.82,23.52,23.53,7357595.9
1757419200,23.53,23.77,22.82,22.93,16473849.76
1757433600,22.93,23.1,22.85,23.07,6081420.68
1757448000,23.07,23.19,22.96,23.05,3574513.56
1757462400,23.05,23.42,22.89,23.39,7411639.67
1757476800,23.39,23.66,23.15,23.45,5043505.19
1757491200,23.45,23.52,23.29,23.36,5007743.54
1757505600,23.36,23.93,23.35,23.68,15345917.96
1757520000,23.68,23.7,23.21,23.32,7825317.12
1757534400,23.32,23.62,23.31,23.58,3422785.07
1757548800,23.58,23.85,23.44,23.81,4036617.33
1757563200,23.81,23.89,23.66,23.84,4711771.43
1757577600,23.84,23.85,23.7,23.77,3742298.58
1757592000,23.77,24.26,23.37,23.52,17780949.029999997
1757606400,23.52,23.99,23.52,23.95,6924612.64
1757620800,23.95,24.5,23.9,24.47,10116804.75
1757635200,24.47,24.75,24.37,24.69,11916140.8
1757649600,24.69,24.83,24.53,24.54,8004029.43
1757664000,24.54,24.55,24.3,24.32,6496995.17
1757678400,24.32,24.67,24.17,24.5,11643785.28
1757692800,24.5,25.18,24.44,25.16,28046791.53
1757707200,25.16,25.34,24.94,25.15,13400392.31
1757721600,25.15,25.31,24.95,25.25,7982168.17
1757736000,25.25,25.25,25.04,25.19,6223258.6
1757750400,25.19,25.65,25.13,25.31,12301808.73
1757764800,25.31,25.41,24.73,24.84,14676222.17
1757779200,24.84,24.92,24.46,24.77,12214813.0
1757793600,24.77,24.99,24.77,24.9,5406099.279999999
1757808000,24.9,25.03,24.64,24.68,7013794.11
1757822400,24.68,24.9,24.49,24.62,4760658.05
1757836800,24.62,24.77,24.34,24.38,4779245.5
1757851200,24.38,24.5,23.85,24.05,12074687.26
1757865600,24.05,24.27,24.02,24.16,5168983.86
1757880000,24.16,24.41,24.06,24.12,5579555.46
1757894400,24.12,24.32,23.92,24.28,4131637.85
1757908800,24.28,24.44,23.77,23.86,6209257.04
1757923200,23.86,23.86,23.19,23.43,10770827.61
1757937600,23.43,23.45,23.0,23.17,13682499.38
1757952000,23.17,23.41,22.99,23.36,12495219.16
1757966400,23.36,23.87,23.34,23.57,9696610.92
1757980800,23.57,23.63,23.37,23.37,3721055.02
1757995200,23.37,23.58,23.17,23.49,3814051.56
1758009600,23.49,23.76,23.49,23.63,3942039.93
1758024000,23.63,23.7,23.1,23.46,6532937.0600000005
1758038400,23.46,23.74,23.26,23.58,6460446.99
1758052800,23.58,23.75,23.47,23.49,5915118.0200000005
1758067200,23.49,23.63,23.3,23.31,5397070.66
1758081600,23.31,23.62,23.21,23.56,4111702.61
1758096000,23.56,23.57,23.06,23.09,5184244.96
1758110400,23.09,23.12,22.78,22.97,10219596.94
1758124800,22.97,23.5,22.8,23.46,18891635.65
1758139200,23.46,24.24,23.25,24.0,16883268.95
1758153600,24.0,24.19,23.84,24.13,7546394.3
1758168000,24.13,24.17,23.69,23.97,6114420.0
1758182400,23.97,24.42,23.93,24.2,5943304.7700000005
1758196800,24.2,24.5,24.07,24.48,14200672.58
1758211200,24.48,24.6,24.35,24.5,10714500.33
1758225600,24.5,24.74,24.46,24.64,12514838.03
1758240000,24.64,24.88,24.44,24.48,13476222.62
1758254400,24.48,24.85,24.24,24.75,10064579.9
1758268800,24.75,24.85,23.81,23.86,11261222.05
1758283200,23.86,23.99,23.35,23.61,13922767.56
1758297600,23.61,23.72,23.29,23.4,7593711.340000001
1758312000,23.4,23.68,23.38,23.49,4713936.53
1758326400,23.49,23.66,23.36,23.43,3350510.7
1758340800,23.43,23.6,23.39,23.52,2758399.85
1758355200,23.52,23.52,23.16,23.31,5447073.03
1758369600,23.31,23.59,23.11,23.43,5287281.58
1758384000,23.43,23.51,23.25,23.31,2868647.48
1758398400,23.31,23.46,23.29,23.35,2351949.7800000003
1758412800,23.35,23.43,23.26,23.39,2455642.33
1758427200,23.39,23.49,23.29,23.37,2114651.87
1758441600,23.37,23.41,23.05,23.13,5992411.83
1758456000,23.13,23.27,23.06,23.1,2744449.12
1758470400,23.1,23.21,22.92,23.18,4860467.06
1758484800,23.18,23.2,22.94,22.97,3028812.76
1758499200,22.97,23.06,21.92,22.19,20706945.78
1758513600,22.19,22.25,20.39,21.3,23034568.09
1758528000,21.3,21.41,21.08,21.22,9225485.94
1758542400,21.22,21.62,21.19,21.22,12615828.47
1758556800,21.22,21.37,21.14,21.18,10299672.11
1758571200,21.18,21.69,21.16,21.67,7840087.85
1758585600,21.67,21.78,21.19,21.58,6967315.22
1758600000,21.58,21.89,21.38,21.81,5362670.0
1758614400,21.81,21.89,21.71,21.81,4541705.96
1758628800,21.81,22.05,21.74,21.87,8439621.14
1758643200,21.87,21.99,21.55,21.58,9745464.86
1758657600,21.58,21.83,21.48,21.52,4475572.16
1758672000,21.52,21.69,21.19,21.29,5338988.83
1758686400,21.29,21.82,20.98,21.72,17737994.92
1758700800,21.72,21.88,21.64,21.78,3344960.51
1758715200,21.78,21.96,21.56,21.77,6027813.64
1758729600,21.77,21.97,21.73,21.84,7552412.66
1758744000,21.84,21.86,21.57,21.62,3223581.9
1758758400,21.62,21.66,21.14,21.3,8486635.95
1758772800,21.3,21.36,20.92,20.97,10319117.52
1758787200,20.97,21.15,20.72,20.75,7977827.67
1758801600,20.75,21.15,20.43,20.89,14673327.88
1758816000,20.89,20.91,19.84,20.4,25106971.49
1758830400,20.4,20.55,20.0,20.15,7874293.01
1758844800,20.15,20.61,20.11,20.55,6105158.79
1758859200,20.55,20.64,20.25,20.37,5918275.23
1758873600,20.37,20.55,19.95,20.19,6901982.84
1758888000,20.19,20.66,20.01,20.6,14155898.35
1758902400,20.6,21.26,20.59,20.98,12012887.79
1758916800,20.98,21.13,20.91,21.08,4830770.08
1758931200,21.08,21.13,20.98,21.1,3710697.76
1758945600,21.1,21.15,20.93,20.96,3384420.95
1758960000,20.96,21.11,20.84,21.0,2394755.77
1758974400,21.0,21.06,20.87,20.96,2656044.56
1758988800,20.96,20.97,20.74,20.85,2971214.9
1759003200,20.85,21.1,20.83,20.92,2290437.2800000003
1759017600,20.92,20.95,20.66,20.72,3399800.41
1759032000,20.72,20.83,20.65,20.75,1983242.87
1759046400,20.75,20.79,20.52,20.58,2798523.75
1759060800,20.58,21.0,20.45,20.99,3505638.44
1759075200,20.99,21.33,20.99,21.22,5738109.99
1759089600,21.22,21.72,21.19,21.68,9409350.89
1759104000,21.68,21.69,21.4,21.49,3996940.79
1759118400,21.49,21.5,21.17,21.27,2331521.27
1759132800,21.27,21.41,21.07,21.21,4154464.79
1759147200,21.21,22.08,20.92,21.4,16923682.96
1759161600,21.4,21.76,21.22,21.73,7096551.17
1759176000,21.73,21.91,21.7,21.74,7655933.43
1759190400,21.74,21.87,21.45,21.49,5803563.890000001
1759204800,21.49,21.7,21.37,21.43,4894335.17
1759219200,21.43,21.51,21.25,21.42,4713665.35
1759233600,21.42,21.51,20.98,21.11,8937070.67
1759248000,21.11,21.55,21.0,21.54,9917237.03
1759262400,21.54,21.69,21.3,21.31,8243331.04
1759276800,21.31,21.58,21.07,21.18,5397017.95
1759291200,21.18,21.4,21.14,21.34,4332687.72
1759305600,21.34,22.29,21.32,22.24,13769668.99
1759320000,22.24,22.5,22.13,22.42,9422626.78
1759334400,22.42,22.64,22.31,22.55,10016747.09
1759348800,22.55,22.61,22.27,22.59,8556654.81
1759363200,22.59,22.81,22.44,22.71,7474643.95
1759377600,22.71,22.86,22.58,22.58,4520371.68
1759392000,22.58,22.64,22.39,22.42,4304910.18
1759406400,22.42,22.59,21.95,22.43,13057369.74
1759420800,22.43,23.15,22.41,22.95,13096770.73
1759435200,22.95,22.98,22.67,22.79,6616349.55
1759449600,22.79,22.89,22.56,22.62,5270608.109999999
1759464000,22.62,22.71,22.32,22.4,5642716.87
1759478400,22.4,22.44,22.25,22.29,4124311.36
1759492800,22.29,22.76,22.12,22.74,11424036.87
1759507200,22.74,23.1,22.15,22.64,18802294.91
1759521600,22.64,22.72,22.5,22.52,4590221.43
1759536000,22.52,22.63,22.17,22.23,5712827.32
1759550400,22.23,22.29,22.06,22.09,3151777.73
1759564800,22.09,22.09,21.78,21.86,4380415.07
1759579200,21.86,22.18,21.79,21.85,6469206.62
1759593600,21.85,22.04,21.83,22.01,3615316.19
1759608000,22.01,22.15,22.01,22.03,2334023.21
1759622400,22.03,22.61,21.95,22.37,6412188.87
1759636800,22.37,22.85,22.35,22.82,7569856.390000001
1759651200,22.82,22.94,22.5,22.76,8246226.37
1759665600,22.76,22.76,22.41,22.47,4609460.74
1759680000,22.47,22.63,21.91,21.95,9945758.5
1759694400,21.95,22.15,21.9,22.01,5927839.22
1759708800,22.01,22.21,21.52,21.91,16812643.72
1759723200,21.91,22.16,21.76,21.93,4600236.09
1759737600,21.93,22.24,21.93,22.13,3872159.96
1759752000,22.13,22.98,22.13,22.85,13541121.08
1759766400,22.85,23.53,22.8,23.45,17326265.72
1759780800,23.45,23.6,23.28,23.37,10556420.13
1759795200,23.37,23.73,23.35,23.36,6966529.64
1759809600,23.36,23.65,22.84,22.87,9321480.82
1759824000,22.87,22.92,22.58,22.89,7941255.48
1759838400,22.89,23.1,21.88,22.01,23826678.93
1759852800,22.01,22.22,21.82,21.89,12327838.61
1759867200,21.89,22.2,21.79,21.81,9317042.33
1759881600,21.81,22.16,21.68,21.76,6727375.4
1759896000,21.76,21.97,21.65,21.92,7123423.73
1759910400,21.92,22.17,21.88,22.07,6431794.45
1759924800,22.07,22.35,21.84,22.01,10284629.66
1759939200,22.01,22.57,21.96,22.49,14228059.42
1759953600,22.49,22.67,22.41,22.64,5714163.49
1759968000,22.64,22.67,21.96,22.27,7616576.15
1759982400,22.27,22.49,21.94,21.98,4650140.21
1759996800,21.98,21.98,21.6,21.74,8919350.85
1760011200,21.74,22.04,21.34,21.51,11963297.38
1760025600,21.51,21.92,21.35,21.74,9308388.59
1760040000,21.74,22.14,21.71,22.01,5336165.0200000005
1760054400,22.01,22.6,21.99,22.42,9396469.57
1760068800,22.42,22.62,22.27,22.3,6382246.86
1760083200,22.3,22.77,22.28,22.42,6505639.95
1760097600,22.42,22.78,21.22,21.37,22245266.56
1760112000,21.37,21.55,20.41,20.5,32482289.4
1760126400,20.5,20.71,15.29,17.4,95719059.95
1760140800,17.4,18.17,16.98,17.51,25790238.36
1760155200,17.51,17.87,17.37,17.75,19276695.88
1760169600,17.75,18.53,17.67,18.06,15424107.35
1760184000,18.06,18.14,17.45,18.0,12733344.98
1760198400,18.0,18.17,17.14,17.31,10504964.89
1760212800,17.31,17.34,16.63,17.22,18193237.6
1760227200,17.22,17.26,16.7,17.09,11273370.84
1760241600,17.09,17.52,17.06,17.42,6923840.99
1760256000,17.42,17.57,17.2,17.41,5624709.24
1760270400,17.41,18.82,17.24,18.79,24544689.1
1760284800,18.79,19.38,18.79,19.37,25190378.12
1760299200,19.37,19.44,18.84,19.02,17950273.62
1760313600,19.02,19.27,18.78,19.04,14953887.14
1760328000,19.04,19.68,18.95,19.55,13284220.22
1760342400,19.55,19.78,19.0,19.22,13863781.37
1760356800,19.22,19.86,19.09,19.75,33276625.74
1760371200,19.75,20.14,19.48,20.07,22279287.33
1760385600,20.07,20.2,19.85,19.86,8380574.119999999
1760400000,19.86,20.08,19.33,19.48,13289134.54
1760414400,19.48,19.55,18.31,18.57,18495142.73
1760428800,18.57,18.77,18.1,18.6,15980398.33
1760443200,18.6,19.06,18.16,19.05,28101541.16
1760457600,19.05,19.37,18.64,18.89,26137142.44
1760472000,18.89,19.18,18.82,19.11,11517951.9
1760486400,19.11,19.26,18.86,18.92,11480695.83
1760500800,18.92,19.15,18.85,18.88,6989842.289999999
1760515200,18.88,19.24,18.6,18.7,9277993.4
1760529600,18.7,18.74,18.04,18.13,15552476.92
1760544000,18.13,18.26,17.85,18.04,11348545.04
1760558400,18.04,18.13,17.74,18.06,10601442.09
1760572800,18.06,18.21,17.93,18.04,7228634.08
1760587200,18.04,18.21,17.93,18.05,8078210.26
1760601600,18.05,18.5,17.59,18.49,9477721.4
1760616000,18.49,18.63,17.61,17.66,14277442.05
1760630400,17.66,18.08,17.27,17.4,17896339.16
1760644800,17.4,17.47,17.11,17.43,8527357.4
1760659200,17.43,17.69,17.36,17.51,5460171.140000001
1760673600,17.51,17.53,16.18,16.2,15371878.38
1760688000,16.2,16.58,15.7,16.53,28368386.51
1760702400,16.53,16.69,16.15,16.62,21587064.23
1760716800,16.62,16.87,16.25,16.38,18076056.67
1760731200,16.38,16.77,16.33,16.61,9275037.11
1760745600,16.61,16.9,16.59,16.8,4745811.96
1760760000,16.8,17.0,16.58,16.71,5614810.21
1760774400,16.71,16.95,16.7,16.88,3963406.06
1760788800,16.88,16.97,16.63,16.79,4281299.67
1760803200,16.79,16.9,16.64,16.85,3693716.21
1760817600,16.85,16.96,16.76,16.82,2703920.34
1760832000,16.82,16.9,16.65,16.86,3561969.41
1760846400,16.86,16.91,16.67,16.8,3058574.91
1760860800,16.8,17.3,16.54,17.15,10690110.39
1760875200,17.15,17.55,17.03,17.41,8903303.5
1760889600,17.41,17.67,17.33,17.47,8665247.43
1760904000,17.47,17.55,17.25,17.29,4423308.07
1760918400,17.29,17.69,16.94,17.63,6222034.91
1760932800,17.63,18.96,17.59,18.63,23297907.22
1760947200,18.63,19.04,18.58,19.02,10907719.96
1760961600,19.02,19.19,18.77,18.78,17879809.240000002
1760976000,18.78,18.93,18.45,18.86,14701872.23
1760990400,18.86,18.95,18.62,18.66,6100551.28
1761004800,18.66,18.96,18.13,18.16,11558248.82
1761019200,18.16,18.17,17.68,18.07,10537036.35
1761033600,18.07,18.11,17.81,18.07,7570745.61
1761048000,18.07,18.96,17.84,18.8,19729504.78
1761062400,18.8,18.9,18.09,18.19,13375707.63
1761076800,18.19,18.22,17.55,17.61,10909390.51
1761091200,17.61,17.74,17.43,17.63,8009523.53
1761105600,17.63,17.84,17.45,17.62,5490463.04
1761120000,17.62,17.62,17.19,17.42,6617184.82
1761134400,17.42,17.6,17.16,17.48,14990292.4
1761148800,17.48,17.51,17.12,17.26,7914673.56
1761163200,17.26,17.27,16.75,17.21,10536628.28
1761177600,17.21,17.37,17.18,17.27,3552800.47
1761192000,17.27,17.68,17.26,17.58,3695389.93
1761206400,17.58,17.71,17.27,17.3,6105253.19
1761220800,17.3,17.55,17.11,17.41,7655637.96
1761235200,17.41,17.79,17.36,17.47,8421420.31
1761249600,17.47,17.47,17.19,17.43,4690398.3
1761264000,17.43,17.48,17.3,17.35,4074552.57
1761278400,17.35,17.74,17.31,17.65,5543184.01
1761292800,17.65,17.8,17.55,17.74,5729719.3100000005
1761307200,17.74,18.08,17.46,17.56,12225078.28
1761321600,17.56,17.85,17.47,17.79,5588517.68
1761336000,17.79,17.99,17.77,17.89,5075910.1
1761350400,17.89,17.97,17.8,17.8,2126039.16
1761364800,17.8,18.01,17.8,17.88,2846386.01
1761379200,17.88,18.03,17.87,18.0,2276704.86
1761393600,18.0,18.08,17.95,18.0,2045584.77
1761408000,18.0,18.19,17.97,18.19,941233.62
1761422400,18.19,18.24,17.99,18.02,2029327.98
1761436800,18.02,18.02,17.7,17.74,3881789.77
1761451200,17.74,17.87,17.73,17.86,2193397.59
1761465600,17.86,18.34,17.86,18.32,5010963.029999999
1761480000,18.32,18.49,18.22,18.34,8584397.14
1761494400,18.34,18.34,18.1,18.18,5315748.66
1761508800,18.18,18.68,18.06,18.54,9671884.73
1761523200,18.54,19.04,18.5,18.95,8320403.439999999
1761537600,18.95,19.05,18.7,18.83,5396868.34
1761552000,18.83,18.91,18.37,18.49,5278940.53
1761566400,18.49,18.51,18.18,18.4,6887587.17
1761580800,18.4,18.89,18.4,18.48,12234794.25
1761595200,18.48,18.48,18.1,18.21,8613732.87
1761609600,18.21,18.4,18.08,18.23,4303424.5
1761624000,18.23,18.51,18.02,18.33,3416652.92
1761638400,18.33,18.54,18.29,18.39,3142632.0300000003
1761652800,18.39,18.81,18.11,18.38,10303279.32
1761667200,18.38,18.65,17.88,18.0,8534255.620000001
1761681600,18.0,18.0,17.46,17.83,11258635.45
1761696000,17.83,18.0,17.75,17.81,4283875.359999999
1761710400,17.81,17.98,17.78,17.93,1944783.33
1761724800,17.93,18.15,17.74,18.11,4968268.8
1761739200,18.11,18.31,17.9,18.02,8388715.48
1761753600,18.02,18.51,17.55,18.27,21716312.49
1761768000,18.27,18.69,17.99,18.13,9143789.07
1761782400,18.13,18.31,18.02,18.16,5423998.79
1761796800,18.16,18.42,17.5,18.37,7507125.38
1761811200,18.37,18.38,17.66,17.67,4757126.03
1761825600,17.67,17.72,16.86,16.9,13636790.07
1761840000,16.9,17.01,16.35,16.39,12217444.64
1761854400,16.39,16.81,16.33,16.8,6841666.77
1761868800,16.8,17.08,16.74,16.94,7104851.24
1761883200,16.94,17.29,16.93,17.22,4922835.84
1761897600,17.22,17.34,17.14,17.33,2817718.37
1761912000,17.33,17.44,17.08,17.28,7237472.5
1761926400,17.28,17.35,16.76,17.29,8270168.3
1761940800,17.29,17.35,17.12,17.23,4193779.93
1761955200,17.23,17.32,17.05,17.31,2687447.37
1761969600,17.31,17.32,17.13,17.31,1691791.04
1761984000,17.31,17.42,17.24,17.33,2767898.79
1761998400,17.33,17.4,17.13,17.25,3509936.12
1762012800,17.25,17.33,17.03,17.23,2729215.52
1762027200,17.23,17.31,17.06,17.14,2026985.98
1762041600,17.14,17.2,17.04,17.16,2014090.43
1762056000,17.16,17.59,17.11,17.53,5516858.82
1762070400,17.53,17.63,17.25,17.57,3311998.26
1762084800,17.57,17.58,17.07,17.14,4602001.6
1762099200,17.14,17.29,16.99,17.06,3766599.55
1762113600,17.06,17.62,17.0,17.58,5811081.99
1762128000,17.58,17.65,16.34,16.37,10802529.77
1762142400,16.37,16.52,15.86,16.13,8507543.28
1762156800,16.13,16.24,15.81,16.06,7139333.71
1762171200,16.06,16.33,14.66,15.3,19809551.02
1762185600,15.3,15.85,15.24,15.33,13360337.03
1762200000,15.33,15.42,15.02,15.24,7855696.7
1762214400,15.24,15.52,15.11,15.43,7199570.37
1762228800,15.43,15.5,14.56,14.63,14853593.61
1762243200,14.63,15.25,14.52,15.05,8193131.0
1762257600,15.05,15.43,14.67,15.11,13673895.59
1762272000,15.11,15.22,14.13,14.28,23531987.28
1762286400,14.28,14.91,13.71,14.69,27476690.77
1762300800,14.69,14.91,13.99,14.85,15424830.24
1762315200,14.85,15.01,14.76,14.91,6702076.92
1762329600,14.91,14.91,14.54,14.83,5219716.68
1762344000,14.83,15.1,14.74,15.09,9907345.74
1762358400,15.09,15.4,14.92,15.26,10305488.59
1762372800,15.26,15.36,15.06,15.09,7965589.04
1762387200,15.09,15.21,14.84,15.13,6092423.38
1762401600,15.13,15.23,14.82,14.91,4252871.82
1762416000,14.91,14.97,14.75,14.93,4679057.98
1762430400,14.93,15.1,14.37,14.46,14160231.579999998
1762444800,14.46,14.77,14.24,14.72,9952189.33
1762459200,14.72,14.78,14.49,14.74,6359398.8
1762473600,14.74,15.02,14.57,14.95,7648337.79
1762488000,14.95,15.16,14.83,15.16,4630220.9
1762502400,15.16,15.18,14.49,14.68,5269840.79
1762516800,14.68,15.09,14.3,15.02,14761679.3
1762531200,15.02,16.22,14.93,16.05,24811472.35
1762545600,16.05,16.18,15.74,15.78,7724023.96
1762560000,15.78,16.02,15.61,15.76,6554946.140000001
1762574400,15.76,15.92,15.53,15.72,4344031.62
1762588800,15.72,15.91,15.6,15.68,4421226.54
1762603200,15.68,15.71,15.18,15.21,6036630.44
1762617600,15.21,15.44,15.12,15.37,5165665.3
1762632000,15.37,15.54,15.28,15.51,1864339.53
1762646400,15.51,15.52,15.02,15.1,4431244.26
1762660800,15.1,15.42,15.05,15.36,2616918.8
1762675200,15.36,15.49,15.08,15.44,2654171.13
1762689600,15.44,15.94,15.4,15.83,8317689.95
1762704000,15.83,16.09,15.72,16.09,5321965.01
1762718400,16.09,16.12,15.83,15.92,4430862.65
1762732800,15.92,16.31,15.79,16.23,8044068.63
1762747200,16.23,16.42,16.16,16.36,5961341.83
1762761600,16.36,16.65,16.2,16.51,5069828.99
1762776000,16.51,16.67,15.98,16.08,11197352.18
1762790400,16.08,16.27,15.93,16.15,7363450.029999999
1762804800,16.15,16.45,15.96,16.36,6550095.8
1762819200,16.36,16.78,16.17,16.64,8976941.42
1762833600,16.64,16.68,15.99,15.99,4779294.49
1762848000,15.99,16.22,15.96,16.19,3595995.2
1762862400,16.19,16.29,15.71,15.79,9057939.07
1762876800,15.79,15.88,15.59,15.64,7174501.08
1762891200,15.64,15.65,15.22,15.28,10489190.08
1762905600,15.28,15.46,15.19,15.39,5969984.65
1762920000,15.39,15.55,15.31,15.33,3389715.62
1762934400,15.33,16.17,15.33,16.11,5843137.27
1762948800,16.11,16.25,15.34,15.37,9545299.8
1762963200,15.37,15.41,14.93,15.09,13243796.27
1762977600,15.09,15.31,15.03,15.15,4561838.51
1762992000,15.15,15.65,15.08,15.53,7315516.130000001
1763006400,15.53,16.01,15.44,15.87,7646783.08
1763020800,15.87,15.94,15.65,15.74,4785260.5600000005
1763035200,15.74,15.77,15.24,15.32,8347772.32
1763049600,15.32,15.36,14.2,14.27,16865782.26
1763064000,14.27,14.72,14.14,14.54,11937810.61
1763078400,14.54,14.6,14.35,14.43,7009796.31
1763092800,14.43,14.55,13.91,14.45,10014356.81
1763107200,14.45,14.45,14.11,14.18,5963931.56
1763121600,14.18,14.44,13.82,14.27,18722291.02
1763136000,14.27,14.48,14.05,14.29,7605273.99
1763150400,14.29,14.3,13.58,13.8,8591948.27
1763164800,13.8,14.28,13.79,14.19,6033507.52
1763179200,14.19,14.27,14.06,14.07,3459923.48
1763193600,14.07,14.09,13.83,14.01,4617461.51
1763208000,14.01,14.28,13.96,14.17,3732955.72
1763222400,14.17,14.32,14.06,14.21,4300044.96
1763236800,14.21,14.21,13.99,14.13,3280214.33
1763251200,14.13,14.24,13.85,14.18,3907997.21
1763265600,14.18,14.32,14.09,14.32,2252308.51
1763280000,14.32,14.51,14.03,14.05,5145083.2
1763294400,14.05,14.18,13.75,13.77,7407905.33
1763308800,13.77,13.88,13.39,13.62,17110870.01
1763323200,13.62,13.83,13.39,13.73,8005560.16
1763337600,13.73,13.98,13.57,13.97,5881846.62
1763352000,13.97,14.15,13.92,14.11,3983072.67
1763366400,14.11,14.19,14.02,14.16,3805029.23
1763380800,14.16,14.25,13.58,13.7,12598359.41
1763395200,13.7,13.78,13.08,13.2,22063013.27
1763409600,13.2,13.38,13.07,13.32,11417007.83
1763424000,13.32,13.49,13.05,13.44,10183645.61
1763438400,13.44,13.57,13.23,13.37,8685556.97
1763452800,13.37,13.58,13.36,13.47,5375791.23
1763467200,13.47,13.8,13.28,13.7,11721470.11
1763481600,13.7,13.98,13.67,13.9,12571035.11
1763496000,13.9,13.95,13.7,13.79,5488628.44
1763510400,13.79,13.82,13.46,13.49,8644467.35
1763524800,13.49,13.53,13.11,13.47,9463458.12
1763539200,13.47,13.54,13.33,13.39,3971239.56
1763553600,13.39,13.49,12.98,13.01,10499859.69
1763568000,13.01,13.13,12.76,12.87,18564211.41
1763582400,12.87,13.57,12.84,13.52,9320668.31
1763596800,13.52,13.7,13.45,13.64,6310816.87
1763611200,13.64,13.93,13.58,13.93,5678051.43
1763625600,13.93,13.98,13.56,13.69,5028774.65
1763640000,13.69,13.9,13.4,13.41,12254685.78
1763654400,13.41,13.43,12.76,12.99,18179239.76
1763668800,12.99,13.32,12.83,12.92,7024397.01
1763683200,12.92,13.19,12.78,12.85,7418659.890000001
1763697600,12.85,12.9,11.93,12.25,14917292.33
1763712000,12.25,12.41,11.84,11.88,13842002.44
1763726400,11.88,12.31,11.6,11.9,17356421.14
1763740800,11.9,12.35,11.72,12.11,14546946.38
1763755200,12.11,12.24,11.79,12.11,8641939.07
1763769600,12.11,12.24,12.03,12.11,4145625.73
1763784000,12.11,12.11,11.84,11.99,4188466.8
1763798400,11.99,12.01,11.75,11.96,3431326.42
1763812800,11.96,12.0,11.74,11.92,4487163.79
1763827200,11.92,12.09,11.91,11.99,3942818.23
1763841600,11.99,12.3,11.94,12.17,4109006.51
1763856000,12.17,12.47,12.11,12.46,6532192.27
1763870400,12.46,12.59,12.3,12.36,4384969.28
1763884800,12.36,12.61,12.36,12.51,7913167.92
1763899200,12.51,12.72,12.49,12.67,4928368.720000001
1763913600,12.67,12.75,12.45,12.63,5066991.59
1763928000,12.63,12.74,12.49,12.52,5396796.0600000005
1763942400,12.52,12.83,12.35,12.68,6681067.699999999
1763956800,12.68,12.85,12.47,12.58,4638719.08
1763971200,12.58,12.64,12.36,12.49,5652470.64
1763985600,12.49,12.68,12.29,12.61,9614112.19
1764000000,12.61,13.2,12.6,12.99,13500175.78
1764014400,12.99,13.15,12.95,12.96,5958177.13
1764028800,12.96,13.03,12.87,12.9,3784274.57
1764043200,12.9,13.04,12.81,12.81,2942701.36
1764057600,12.81,12.87,12.66,12.78,2752468.95
1764072000,12.78,12.94,12.55,12.73,6557757.050000001
1764086400,12.73,13.13,12.72,12.97,7507427.5
1764100800,12.97,13.21,12.86,13.08,5439301.609999999
1764115200,13.08,13.15,12.93,12.95,5049060.32
1764129600,12.95,13.07,12.92,13.07,1725019.03
1764144000,13.07,13.08,12.81,12.84,4090833.21
1764158400,12.84,13.0,12.75,12.87,4196333.44
1764172800,12.87,13.5,12.87,13.45,9683075.86
1764187200,13.45,13.5,13.36,13.45,3597855.58
1764201600,13.45,13.56,13.36,13.38,3961628.73
1764216000,13.38,13.45,13.29,13.36,1786981.86
1764230400,13.36,13.43,13.28,13.34,2021062.54
1764244800,13.34,13.48,13.24,13.47,3276850.0
1764259200,13.47,13.54,13.4,13.47,2056863.24
1764273600,13.47,13.51,13.31,13.34,1841193.82
1764288000,13.34,13.38,13.15,13.29,3087536.8600000003
1764302400,13.29,13.33,13.19,13.22,2115616.64
1764316800,13.22,13.53,13.22,13.3,3360968.12
1764331200,13.3,13.52,13.26,13.42,5037374.9
1764345600,13.42,13.42,13.05,13.21,6064350.12
1764360000,13.21,13.22,13.08,13.13,4008051.12
1764374400,13.13,13.21,13.06,13.08,2128047.0300000003
1764388800,13.08,13.16,13.0,13.1,2152547.31
1764403200,13.1,13.17,13.04,13.16,1965918.34
1764417600,13.16,13.22,13.05,13.18,1464126.0499999998
1764432000,13.18,13.18,12.92,13.03,3544746.95
1764446400,13.03,13.06,12.96,12.99,1623286.44
1764460800,12.99,13.12,12.95,13.11,1628946.46
1764475200,13.11,13.12,12.98,13.06,1506965.99
1764489600,13.06,13.11,13.0,13.01,2158496.3
1764504000,13.01,13.33,12.98,13.25,3518495.27
1764518400,13.25,13.42,13.25,13.31,2826855.48
1764532800,13.31,13.36,12.95,12.96,3355597.74
1764547200,12.96,13.0,12.11,12.14,14734455.44
1764561600,12.14,12.28,12.04,12.19,5021121.71
1764576000,12.19,12.21,12.11,12.11,2893546.35
1764590400,12.11,12.21,11.83,11.99,9327888.49
1764604800,11.99,12.0,11.75,11.84,9887747.75
1764619200,11.84,12.16,11.84,12.08,7342928.71
1764633600,12.08,12.22,11.98,12.1,4325383.09
1764648000,12.1,12.19,12.08,12.14,3551747.92
1764662400,12.14,12.28,12.0,12.26,3290769.18
1764676800,12.26,13.41,12.19,13.3,16864703.450000003
1764691200,13.3,13.5,13.23,13.42,12876152.45
1764705600,13.42,13.59,13.28,13.47,8098945.470000001
1764720000,13.47,14.0,13.44,13.95,16661631.78
1764734400,13.95,14.43,13.93,14.39,15791928.06
1764748800,14.39,14.6,14.29,14.44,10490474.34
1764763200,14.44,14.67,14.21,14.4,21028109.1
1764777600,14.4,14.56,14.29,14.42,13655144.79
1764792000,14.42,14.74,14.36,14.64,15704525.97
1764806400,14.64,14.93,14.53,14.62,11398829.95
1764820800,14.62,14.64,14.35,14.54,5832437.62
1764835200,14.54,14.79,14.45,14.48,5209589.86
1764849600,14.48,14.58,14.23,14.48,7779665.6
1764864000,14.48,14.55,13.97,14.2,10749959.93
1764878400,14.2,14.38,14.16,14.26,4751875.02
1764892800,14.26,14.4,14.2,14.26,5896019.09
1764907200,14.26,14.31,14.15,14.25,3149227.35
1764921600,14.25,14.33,13.97,14.05,5535248.62
1764936000,14.05,14.18,13.75,13.94,12148542.2
1764950400,13.94,13.95,13.35,13.57,17080559.25
1764964800,13.57,13.65,13.48,13.59,4043056.24
1764979200,13.59,13.77,13.5,13.67,2854814.13
1764993600,13.67,13.68,13.54,13.6,2216902.15
1765008000,13.6,13.77,13.51,13.75,3115819.34
1765022400,13.75,13.93,13.64,13.82,6446764.02
1765036800,13.82,14.08,13.81,13.88,6277515.720000001
1765051200,13.88,14.02,13.86,13.92,3557427.24
1765065600,13.92,14.01,13.89,14.01,3537717.91
1765080000,14.01,14.04,13.86,13.93,2257350.74
1765094400,13.93,13.93,13.74,13.79,2644075.54
1765108800,13.79,13.95,13.19,13.61,12235846.33
1765123200,13.61,14.17,13.47,14.06,10744910.79
1765137600,14.06,14.12,13.43,13.65,11954095.34
1765152000,13.65,14.04,13.59,13.89,7104171.2
1765166400,13.89,14.06,13.88,14.01,4623946.96
1765180800,14.01,14.28,13.91,13.94,7780526.100000001
1765195200,13.94,14.09,13.68,13.74,12433649.11
1765209600,13.74,13.89,13.58,13.7,10222437.77
1765224000,13.7,13.93,13.7,13.76,5962868.300000001
1765238400,13.76,13.86,13.55,13.71,6015929.37
1765252800,13.71,13.84,13.58,13.83,3881950.81
1765267200,13.83,13.86,13.62,13.74,3136507.94
1765281600,13.74,14.45,13.64,14.42,11373871.39
1765296000,14.42,15.01,14.42,14.65,23824762.52
1765310400,14.65,14.65,14.23,14.41,5957794.29
1765324800,14.41,14.45,14.21,14.22,4591212.34
1765339200,14.22,14.28,14.12,14.18,4667837.32
1765353600,14.18,14.43,14.05,14.18,4807210.35
1765368000,14.18,14.18,13.94,14.02,5937300.32
1765382400,14.02,14.63,13.99,14.49,15443747.02
1765396800,14.49,14.88,14.09,14.1,18033052.31
1765411200,14.1,14.13,13.45,13.53,10004113.77
1765425600,13.53,13.69,13.47,13.54,4493859.4
1765440000,13.54,13.63,13.43,13.61,3028047.22
1765454400,13.61,13.72,13.44,13.52,7808142.34
1765468800,13.52,13.86,13.41,13.71,10240442.29
1765483200,13.71,14.21,13.7,14.07,9728697.02
1765497600,14.07,14.18,13.84,14.01,5907284.6
1765512000,14.01,14.2,13.96,14.07,4092636.08
1765526400,14.07,14.13,13.94,14.12,3173990.16
1765540800,14.12,14.34,13.45,13.54,11581081.56
1765555200,13.54,13.67,13.24,13.59,15950238.5
1765569600,13.59,13.7,13.54,13.64,4387392.970000001
1765584000,13.64,13.74,13.6,13.71,2268414.05
1765598400,13.71,13.8,13.69,13.79,2457098.34
1765612800,13.79,13.97,13.79,13.81,3853935.32
1765627200,13.81,13.85,13.66,13.82,3425286.83
1765641600,13.82,13.86,13.69,13.75,2487086.99
1765656000,13.75,13.76,13.62,13.73,2453332.83
1765670400,13.73,13.79,13.7,13.71,1884698.4
1765684800,13.71,13.74,13.62,13.72,1674397.62
1765699200,13.72,13.75,13.44,13.57,3199791.41
1765713600,13.57,13.67,13.43,13.48,3465511.41
1765728000,13.48,13.57,13.35,13.4,3882699.48
1765742400,13.4,13.45,13.1,13.28,5585465.43
1765756800,13.28,13.71,13.26,13.53,5002038.02
1765771200,13.53,13.7,13.48,13.57,3541667.82
1765785600,13.57,13.73,13.55,13.62,4869871.18
1765800000,13.62,13.69,12.73,12.79,18824116.3
1765814400,12.79,12.84,12.47,12.75,13105437.77
1765828800,12.75,12.9,12.61,12.86,7033391.03
1765843200,12.86,12.89,12.67,12.74,5759653.23
1765857600,12.74,12.88,12.55,12.69,4040108.04
1765872000,12.69,12.97,12.69,12.95,3819634.05
1765886400,12.95,13.12,12.68,13.05,12812678.79
1765900800,13.05,13.05,12.77,12.94,8916165.81
1765915200,12.94,12.99,12.87,12.93,3540638.67
1765929600,12.93,12.99,12.76,12.82,4290187.19
1765944000,12.82,12.83,12.65,12.77,4369213.74
1765958400,12.77,12.77,12.59,12.69,3086545.57
1765972800,12.69,13.17,12.5,12.57,17409609.92
1765987200,12.57,12.64,12.12,12.28,16054335.97
1766001600,12.28,12.37,12.16,12.26,6062319.0600000005
1766016000,12.26,12.29,12.14,12.19,5268685.74
1766030400,12.19,12.24,12.06,12.17,3345899.41
1766044800,12.17,12.3,12.16,12.28,2694843.26
1766059200,12.28,12.87,12.23,12.62,12965194.6
1766073600,12.62,12.65,11.73,11.75,16169392.22
1766088000,11.75,12.06,11.74,11.93,6659350.93
1766102400,11.93,12.34,11.84,12.22,7327551.44
1766116800,12.22,12.49,12.19,12.37,4887565.24
1766131200,12.37,12.45,12.34,12.44,3062868.67
1766145600,12.44,12.75,12.37,12.46,6994868.4
1766160000,12.46,12.69,12.37,12.62,6632034.19
1766174400,12.62,12.66,12.52,12.53,2887212.47
1766188800,12.53,12.57,12.48,12.54,1673946.06
1766203200,12.54,12.62,12.48,12.61,1689394.9700000002
1766217600,12.61,12.71,12.59,12.67,1813054.71
1766232000,12.67,12.69,12.55,12.61,2111517.14
1766246400,12.61,12.64,12.56,12.58,1551416.91
1766260800,12.58,12.64,12.53,12.55,1549222.09
1766275200,12.55,12.59,12.38,12.48,2245239.92
1766289600,12.48,12.55,12.48,12.51,1072877.71
1766304000,12.51,12.7,12.48,12.57,1391077.06
1766318400,12.57,12.63,12.22,12.33,4172983.47
1766332800,12.33,12.43,12.27,12.4,2512229.52
1766347200,12.4,12.48,12.28,12.43,2965080.72
1766361600,12.43,12.71,12.33,12.54,5093606.7
1766376000,12.54,12.64,12.5,12.58,3335535.33
1766390400,12.58,12.74,12.56,12.69,2879363.05
1766404800,12.69,12.95,12.64,12.8,10679639.09
1766419200,12.8,12.85,12.42,12.44,6582301.47
1766433600,12.44,12.67,12.35,12.58,8945738.620000001
1766448000,12.58,12.69,12.43,12.5,4358289.33
1766462400,12.5,12.52,12.22,12.33,3769456.87
1766476800,12.33,12.4,12.27,12.36,2014216.64
1766491200,12.36,12.36,12.07,12.28,6838884.949999999
1766505600,12.28,12.44,12.23,12.35,6391830.64
1766520000,12.35,12.51,12.32,12.39,3854795.14
1766534400,12.39,12.43,12.17,12.26,2669559.87
1766548800,12.26,12.31,12.11,12.18,2296514.37
1766563200,12.18,12.24,12.12,12.22,1972378.2
1766577600,12.22,12.27,12.0,12.18,4617985.56
1766592000,12.18,12.27,12.12,12.24,4187059.73
1766606400,12.24,12.36,12.22,12.27,3551134.15
1766620800,12.27,12.35,12.22,12.32,1447733.95
1766635200,12.32,12.34,12.27,12.3,782742.62
1766649600,12.3,12.35,12.11,12.19,1742802.45
1766664000,12.19,12.41,12.17,12.36,3618655.89
1766678400,12.36,12.41,12.26,12.37,2838483.6100000003
1766692800,12.37,12.38,11.98,12.06,4045386.02
1766707200,12.06,12.52,12.02,12.38,6147020.04
1766721600,12.38,12.47,12.31,12.34,3153051.94
1766736000,12.34,12.45,12.33,12.41,1360858.03
1766750400,12.41,12.49,12.05,12.17,5647587.27
1766764800,12.17,12.24,12.12,12.18,4175267.95
1766779200,12.18,12.24,12.14,12.17,2327303.09
1766793600,12.17,12.26,12.16,12.24,2861179.26
1766808000,12.24,12.27,12.17,12.25,1949361.45
1766822400,12.25,12.28,12.17,12.26,1332937.01
1766836800,12.26,12.33,12.23,12.31,2793185.55
1766851200,12.31,12.33,12.25,12.33,2245591.53
1766865600,12.33,12.53,12.3,12.5,3213097.54
1766880000,12.5,12.53,12.42,12.49,5119179.96
1766894400,12.49,12.51,12.41,12.42,1682005.8
1766908800,12.42,12.49,12.37,12.43,1804561.58
1766923200,12.43,12.55,12.43,12.51,2454239.84
1766937600,12.51,12.58,12.33,12.35,4443409.25
1766952000,12.35,12.49,12.31,12.48,2449982.22
1766966400,12.48,12.97,12.45,12.92,7230609.06
1766980800,12.92,13.0,12.72,12.78,4904586.41
1766995200,12.78,12.82,12.46,12.49,3734401.58
1767009600,12.49,12.49,12.24,12.39,7376096.34
1767024000,12.39,12.44,12.27,12.29,3888894.81
1767038400,12.29,12.35,12.25,12.29,2891816.7
1767052800,12.29,12.4,12.25,12.37,1909546.67
1767067200,12.37,12.4,12.29,12.35,1810422.22
1767081600,12.35,12.54,12.35,12.47,3100612.96
1767096000,12.47,12.59,12.37,12.51,6242335.59
1767110400,12.51,12.57,12.33,12.41,5274687.38
1767124800,12.41,12.42,12.34,12.41,2836997.12
1767139200,12.41,12.45,12.35,12.38,4602656.550000001
1767153600,12.38,12.41,12.32,12.4,5856927.54
1767168000,12.4,12.46,12.36,12.46,1963100.4
1767182400,12.46,12.53,12.32,12.38,4054229.7
1767196800,12.38,12.39,12.19,12.22,7978354.29
1767211200,12.22,12.3,12.16,12.18,8502427.16
1767225600,12.18,12.25,12.18,12.2,3368036.48
1767240000,12.2,12.26,12.04,12.16,8038743.45
1767254400,12.16,12.29,12.16,12.27,1261595.28
1767268800,12.27,12.43,12.23,12.38,3029099.02
1767283200,12.38,12.5,12.32,12.5,3760819.78
1767297600,12.5,12.61,12.45,12.59,4319597.96
1767312000,12.59,12.92,12.57,12.9,7126323.55
1767326400,12.9,12.97,12.82,12.82,3979000.72
1767340800,12.82,13.13,12.82,12.93,4266415.44
1767355200,12.93,13.17,12.82,13.07,7043792.85
1767369600,13.07,13.34,13.05,13.27,7889016.46
1767384000,13.27,13.42,13.21,13.27,4189984.7
1767398400,13.27,13.36,13.22,13.31,2593976.64
1767412800,13.31,13.32,12.97,13.01,4205437.59
1767427200,13.01,13.14,13.0,13.07,3378661.84
1767441600,13.07,13.17,13.05,13.06,2760263.49
1767456000,13.06,13.22,13.06,13.17,2650382.42
1767470400,13.17,13.25,13.11,13.23,2699672.19
1767484800,13.23,13.38,13.21,13.36,3825295.66
1767499200,13.36,13.45,13.27,13.34,3745241.350000001
1767513600,13.34,13.44,13.26,13.43,3468692.11
1767528000,13.43,13.56,13.37,13.48,4160950.1
1767542400,13.48,13.57,13.31,13.38,4229130.33
1767556800,13.38,13.49,13.36,13.42,2788923.57
1767571200,13.42,13.86,13.41,13.67,7748319.99
1767585600,13.67,13.69,13.4,13.57,4783439.7700000005
1767600000,13.57,13.61,13.43,13.58,2936799.52
1767614400,13.58,13.74,13.39,13.72,6473691.369999999
1767628800,13.72,13.88,13.55,13.77,8612554.08
1767643200,13.77,14.12,13.75,13.91,9597502.66
1767657600,13.91,13.95,13.58,13.79,8620292.379999999
1767672000,13.79,13.98,13.68,13.72,6385383.28
1767686400,13.72,13.9,13.7,13.89,3035914.84
1767700800,13.89,14.23,13.82,13.99,9854150.4
1767715200,13.99,14.02,13.47,13.63,11542781.5
1767729600,13.63,14.06,13.63,14.03,6504543.78
1767744000,14.03,14.04,13.68,13.81,4265043.13
1767758400,13.81,13.87,13.7,13.86,2689383.98
1767772800,13.86,13.93,13.58,13.68,3800860.4
1767787200,13.68,13.72,13.3,13.36,8172987.6
1767801600,13.36,13.49,13.3,13.38,6084883.890000001
1767816000,13.38,13.46,13.3,13.44,4296427.92
1767830400,13.44,13.54,13.31,13.33,3726069.53
1767844800,13.33,13.46,13.05,13.3,5296278.75
1767859200,13.3,13.35,13.08,13.21,3777627.36
1767873600,13.21,13.29,13.01,13.28,9054346.31
1767888000,13.28,13.33,13.15,13.18,4724318.42
1767902400,13.18,13.32,13.09,13.21,3441199.41
1767916800,13.21,13.35,13.15,13.3,4243513.8
1767931200,13.3,13.3,13.17,13.25,4226024.34
1767945600,13.25,13.27,13.05,13.16,3679909.41
1767960000,13.16,13.42,13.03,13.27,8281230.03
1767974400,13.27,13.43,13.04,13.08,8074581.15
1767988800,13.08,13.17,13.06,13.12,3207596.22
1768003200,13.12,13.15,13.05,13.11,1995164.19
1768017600,13.11,13.16,13.05,13.15,1373967.27
1768032000,13.15,13.21,13.09,13.16,1572841.97
1768046400,13.16,13.23,13.13,13.14,1914311.39
1768060800,13.14,13.2,13.11,13.2,1287272.03
1768075200,13.2,13.22,13.07,13.12,3321302.82
1768089600,13.12,13.23,13.1,13.22,1185599.27
1768104000,13.22,13.26,13.16,13.22,2063180.8
1768118400,13.22,13.22,13.17,13.19,1283400.38
1768132800,13.19,13.27,13.13,13.19,2615019.37
1768147200,13.19,13.35,13.18,13.24,3826926.26
1768161600,13.24,13.24,13.03,13.19,4605973.98
1768176000,13.19,13.5,13.1,13.34,6667431.17
1768190400,13.34,13.44,13.24,13.26,3507059.67
1768204800,13.26,13.31,13.09,13.15,4242574.92
1768219200,13.15,13.25,12.92,13.23,7477228.69
1768233600,13.23,13.31,13.09,13.17,5322009.01
1768248000,13.17,13.23,12.99,13.06,3135293.13
1768262400,13.06,13.14,13.04,13.1,2114422.2
1768276800,13.1,13.27,13.1,13.18,3322257.3000000003
1768291200,13.18,13.3,13.18,13.25,1792159.9500000002
1768305600,13.25,13.56,13.22,13.56,8843842.81
1768320000,13.56,13.7,13.53,13.68,6271729.21
1768334400,13.68,14.16,13.68,14.05,9879466.17
1768348800,14.05,14.18,14.01,14.12,5679216.02
1768363200,14.12,14.15,13.94,14.05,3777047.62
1768377600,14.05,14.11,13.85,13.87,3917662.0
1768392000,13.87,14.27,13.86,14.24,8004117.16
1768406400,14.24,14.4,14.05,14.22,11753920.76
1768420800,14.22,14.31,14.09,14.11,4523491.67
1768435200,14.11,14.11,13.73,13.76,5732147.19
1768449600,13.76,13.95,13.75,13.93,2343547.1
1768464000,13.93,14.08,13.86,13.96,2609301.07
1768478400,13.96,14.2,13.73,13.96,8458861.879999999
1768492800,13.96,13.99,13.59,13.68,7744714.77
1768507200,13.68,13.79,13.56,13.79,3134380.19
1768521600,13.79,13.86,13.67,13.68,3088672.47
1768536000,13.68,13.81,13.59,13.79,2270480.1
1768550400,13.79,13.85,13.69,13.73,2269740.9
1768564800,13.73,13.78,13.43,13.49,4277727.42
1768579200,13.49,13.66,13.45,13.59,6839681.52
1768593600,13.59,13.74,13.52,13.72,2623063.37
1768608000,13.72,13.74,13.63,13.67,1296645.13
1768622400,13.67,13.73,13.65,13.7,870273.9299999999
1768636800,13.7,13.77,13.67,13.7,1115828.84
1768651200,13.7,13.88,13.69,13.88,2338199.43
1768665600,13.88,13.89,13.76,13.78,1495525.9200000002
1768680000,13.78,13.81,13.66,13.73,2029526.96
1768694400,13.73,13.77,13.62,13.7,2871598.94
1768708800,13.7,13.75,13.67,13.73,2791663.23
1768723200,13.73,13.81,13.71,13.72,1189584.1700000002
1768737600,13.72,13.82,13.7,13.77,5051297.59
1768752000,13.77,13.87,13.74,13.77,5605335.08
1768766400,13.77,13.85,13.29,13.31,6321390.140000001
1768780800,13.31,13.31,12.53,12.86,13198804.86
1768795200,12.86,12.86,12.72,12.76,3738221.19
1768809600,12.76,12.85,12.74,12.77,3405344.19
1768824000,12.77,12.86,12.73,12.76,2741873.42
1768838400,12.76,12.96,12.76,12.93,2897147.2
1768852800,12.93,12.99,12.77,12.88,3120870.72
1768867200,12.88,12.9,12.79,12.86,2157954.0
1768881600,12.86,12.86,12.6,12.6,4698812.99
1768896000,12.6,12.61,12.47,12.5,4774750.52
1768910400,12.5,12.6,12.34,12.42,10211681.74
1768924800,12.42,12.46,12.18,12.26,5626431.01
1768939200,12.26,12.33,12.02,12.12,5005749.54
1768953600,12.12,12.34,12.09,12.3,5625161.43
1768968000,12.3,12.46,12.28,12.3,2990422.38
1768982400,12.3,12.32,12.16,12.17,2902544.25
1768996800,12.17,12.53,12.05,12.43,6074594.0200000005
1769011200,12.43,12.61,11.89,12.59,11565374.96
1769025600,12.59,12.66,12.36,12.39,6936272.55
1769040000,12.39,12.57,12.39,12.44,2773135.23
1769054400,12.44,12.52,12.4,12.42,2841306.17
1769068800,12.42,12.48,12.37,12.38,2437655.3
1769083200,12.38,12.46,12.12,12.22,6668690.01
1769097600,12.22,12.32,12.19,12.28,4634541.72
1769112000,12.28,12.29,12.19,12.25,2366126.3
1769126400,12.25,12.34,12.21,12.32,1525949.4300000002
1769140800,12.32,12.39,12.24,12.26,2112097.01
1769155200,12.26,12.28,12.16,12.24,2237772.47
1769169600,12.24,12.26,12.03,12.24,4600001.53
1769184000,12.24,12.48,12.19,12.23,5797179.02
1769198400,12.23,12.26,12.11,12.2,2161910.81
1769212800,12.2,12.26,12.17,12.24,1742818.05
1769227200,12.24,12.27,12.19,12.19,652400.65
1769241600,12.19,12.22,12.18,12.19,713174.58
1769256000,12.19,12.22,12.14,12.14,1336646.62
1769270400,12.14,12.21,12.11,12.16,1525804.71
1769284800,12.16,12.24,12.16,12.19,1222626.11
1769299200,12.19,12.2,12.05,12.07,1856380.13
1769313600,12.07,12.11,12.03,12.07,1117287.96
1769328000,12.07,12.11,11.99,12.06,1927753.62
1769342400,12.06,12.09,11.93,11.95,3372398.59
1769356800,11.95,11.95,11.38,11.42,14561379.45
1769371200,11.42,11.53,11.35,11.51,9111812.26
1769385600,11.51,11.85,11.49,11.69,6809195.63
1769400000,11.69,11.86,11.69,11.85,2986473.8200000003
1769414400,11.85,11.94,11.76,11.79,2686191.99
1769428800,11.79,12.11,11.79,11.91,8654795.98
1769443200,11.91,12.01,11.81,11.92,8034189.32
1769457600,11.92,12.02,11.86,11.94,3268096.0700000003
1769472000,11.94,12.04,11.92,11.98,2465704.76
1769486400,11.98,12.04,11.93,11.97,1427520.85
1769500800,11.97,11.99,11.86,11.89,1815076.2
1769515200,11.89,11.99,11.83,11.98,3775198.84
1769529600,11.98,12.17,11.84,11.96,8728000.8
1769544000,11.96,12.14,11.95,12.03,6260783.82
1769558400,12.03,12.04,11.94,11.97,2456736.09
1769572800,11.97,11.97,11.88,11.92,1927003.89
1769587200,11.92,12.03,11.85,12.02,2192490.86
1769601600,12.02,12.02,11.7,11.75,5722454.45
1769616000,11.75,11.88,11.69,11.83,4876024.88
1769630400,11.83,11.92,11.74,11.83,3024058.96
1769644800,11.83,11.9,11.6,11.63,5850080.94
1769659200,11.63,11.64,11.52,11.61,1694964.79
1769673600,11.61,11.64,11.5,11.53,2059206.74
1769688000,11.53,11.59,10.85,11.02,11296318.39
1769702400,11.02,11.18,10.82,10.93,15550041.07
1769716800,10.93,11.12,10.91,11.1,3965199.71
1769731200,11.1,11.15,10.64,10.85,11038726.62
1769745600,10.85,10.97,10.65,10.82,4204721.85
1769760000,10.82,10.88,10.72,10.85,3458585.91
1769774400,10.85,10.85,10.59,10.75,12086648.88
1769788800,10.75,10.98,10.49,10.89,11423023.75
1769803200,10.89,10.89,10.69,10.77,8368371.54
1769817600,10.77,10.82,10.72,10.73,1810227.51
1769832000,10.73,10.77,10.54,10.6,2024831.72
1769846400,10.6,10.61,10.36,10.48,5337965.0
1769860800,10.48,10.49,9.918,10.04,14103460.39
1769875200,10.04,10.15,9.043,9.657,27983988.43
1769889600,9.657,10.03,9.554,9.981,9622759.55
1769904000,9.981,10.06,9.909,10.03,5220895.79
1769918400,10.03,10.07,9.856,9.931,3775679.38
1769932800,9.931,10.0,9.76,9.862,4405050.49
1769947200,9.862,9.895,9.403,9.526,8361519.08
1769961600,9.526,9.707,9.397,9.52,9388123.57
1769976000,9.52,9.646,9.211,9.397,10108517.49
1769990400,9.397,9.625,9.016,9.362,12883707.74
1770004800,9.362,9.475,9.065,9.382,12845797.43
1770019200,9.382,9.632,9.371,9.525,7740124.45
1770033600,9.525,10.02,9.525,9.926,11839801.47
1770048000,9.926,9.994,9.769,9.793,7693202.67
1770062400,9.793,9.854,9.7,9.796,5492349.3
1770076800,9.796,9.837,9.579,9.765,4657701.55
1770091200,9.765,9.847,9.647,9.73,3824426.94
1770105600,9.73,9.744,9.523,9.579,4917964.96
1770120000,9.579,9.757,9.484,9.741,9382206.43
1770134400,9.741,9.741,9.073,9.463,19432505.72
1770148800,9.463,9.874,9.382,9.476,12496243.24
1770163200,9.476,9.756,9.442,9.717,6290409.47
1770177600,9.717,9.736,9.572,9.665,4112730.93
1770192000,9.665,9.715,9.475,9.568,5003030.94
1770206400,9.568,9.596,9.126,9.201,10674623.4
1770220800,9.201,9.437,9.012,9.421,17626228.419999998
1770235200,9.421,9.444,9.035,9.236,8195177.709999999
1770249600,9.236,9.326,9.061,9.075,8400082.67
1770264000,9.075,9.199,8.958,9.038,8439582.88
1770278400,9.038,9.243,8.791,8.925,6892313.61
1770292800,8.925,9.049,8.294,8.45,22273130.130000003
1770307200,8.45,8.652,8.204,8.239,20933224.4
1770321600,8.239,8.305,7.842,7.904,29652319.2
1770336000,7.904,8.226,7.194,8.022,30735544.26
1770350400,8.022,8.359,7.99,8.07,10066045.46
1770364800,8.07,8.339,7.98,8.318,9775949.08
1770379200,8.318,8.628,8.255,8.583,14851785.97
1770393600,8.583,9.0,8.552,8.838,18108620.31
1770408000,8.838,8.997,8.758,8.877,8695423.04
1770422400,8.877,8.949,8.786,8.932,6520351.58
1770436800,8.932,9.04,8.595,8.683,7837296.93
1770451200,8.683,8.738,8.577,8.648,4394741.09
1770465600,8.648,8.931,8.641,8.814,7415056.57
1770480000,8.814,9.038,8.78,8.939,13609537.07
1770494400,8.939,9.017,8.847,8.906,4237346.6
1770508800,8.906,8.96,8.819,8.823,2682768.49
1770523200,8.823,8.867,8.779,8.822,1699581.92
1770537600,8.822,9.011,8.796,8.997,4095371.95
1770552000,8.997,9.042,8.846,8.883,4568832.59
1770566400,8.883,8.965,8.723,8.951,3169640.62
1770580800,8.951,9.014,8.747,8.817,4002711.11
1770595200,8.817,8.886,8.723,8.876,4209524.31
1770609600,8.876,8.876,8.714,8.727,2580215.46
1770624000,8.727,8.749,8.451,8.555,5100365.91
1770638400,8.555,8.751,8.519,8.751,9474952.99
1770652800,8.751,8.988,8.656,8.964,8834602.17
1770667200,8.964,9.009,8.789,8.834,4409076.05
1770681600,8.834,8.878,8.636,8.682,3633011.77
1770696000,8.682,8.721,8.475,8.536,3897505.21
1770710400,8.536,8.623,8.491,8.496,3481358.6
1770724800,8.496,8.664,8.471,8.568,5323723.609999999
1770739200,8.568,8.651,8.471,8.541,3997158.95
1770753600,8.541,8.578,8.478,8.572,2929637.21
1770768000,8.572,8.606,8.456,8.533,2796641.09
1770782400,8.533,8.542,8.271,8.313,4784191.45
1770796800,8.313,8.316,8.191,8.272,2495243.7
1770811200,8.272,8.557,8.123,8.236,9125265.92
1770825600,8.236,8.361,8.139,8.309,6102744.52
1770840000,8.309,8.449,8.249,8.316,5332898.68
1770854400,8.316,8.457,8.316,8.423,2921073.57
1770868800,8.423,8.506,8.348,8.452,2184698.73
1770883200,8.452,8.589,8.397,8.554,2645594.48
1770897600,8.554,8.575,8.345,8.352,7022202.609999999
1770912000,8.352,8.411,8.169,8.298,8658071.879999999
1770926400,8.298,8.42,8.215,8.406,4326363.49
1770940800,8.406,8.444,8.343,8.418,2350555.44
1770955200,8.418,8.42,8.297,8.371,1602131.62
1770969600,8.371,8.468,8.36,8.429,1595226.17
1770984000,8.429,8.819,8.395,8.704,7699728.76
1770998400,8.704,8.907,8.689,8.797,4865593.3
1771012800,8.797,8.861,8.757,8.762,2220243.5
1771027200,8.762,8.889,8.752,8.844,4953245.5600000005
1771041600,8.844,8.894,8.799,8.881,1130524.49
1771056000,8.881,9.038,8.881,9.033,2415133.61
1771070400,9.033,9.042,8.905,9.036,2959205.57
1771084800,9.036,9.182,8.967,9.166,5325012.46
1771099200,9.166,9.198,9.074,9.086,3720246.68
1771113600,9.086,9.116,8.931,9.063,4270874.46
1771128000,9.063,9.238,9.062,9.199,3865587.75
1771142400,9.199,9.236,9.033,9.05,3207348.62
1771156800,9.05,9.056,8.758,8.865,6926682.54
1771171200,8.865,8.88,8.596,8.638,5641949.6
1771185600,8.638,8.785,8.607,8.779,2736960.08
1771200000,8.779,8.85,8.695,8.748,2110253.43
1771214400,8.748,8.814,8.664,8.759,2406674.16
1771228800,8.759,8.883,8.694,8.789,1774624.26
1771243200,8.789,8.986,8.642,8.705,5376123.26
1771257600,8.705,8.828,8.702,8.782,2516196.55
1771272000,8.782,8.961,8.759,8.93,3750813.56
1771286400,8.93,8.986,8.857,8.918,2232582.52
1771300800,8.918,8.955,8.792,8.865,1707573.2000000002
1771315200,8.865,8.886,8.727,8.763,1644589.92
1771329600,8.763,8.906,8.661,8.77,5721551.07
1771344000,8.77,8.947,8.689,8.875,6398431.0600000005
1771358400,8.875,8.894,8.815,8.824,2251562.3
1771372800,8.824,8.897,8.744,8.882,2051143.58
1771387200,8.882,8.929,8.827,8.914,1635382.31
1771401600,8.914,8.993,8.758,8.765,2317573.57
1771416000,8.765,8.891,8.663,8.798,4304598.11
1771430400,8.798,8.8,8.516,8.571,5018065.29
1771444800,8.571,8.611,8.525,8.602,2365287.2
1771459200,8.602,8.682,8.569,8.667,1865993.39
1771473600,8.667,8.747,8.623,8.697,1329141.67
1771488000,8.697,8.697,8.558,8.567,1768687.3
1771502400,8.567,8.601,8.367,8.437,5008468.46
1771516800,8.437,8.542,8.345,8.509,3435063.08
1771531200,8.509,8.578,8.478,8.575,1755693.68
1771545600,8.575,8.644,8.563,8.603,1962819.9
1771560000,8.603,8.674,8.524,8.651,1965152.92
1771574400,8.651,8.724,8.602,8.619,2445969.93
1771588800,8.619,8.834,8.454,8.825,7913320.939999999
1771603200,8.825,8.966,8.696,8.9,10494307.85
1771617600,8.9,9.007,8.885,8.939,3367872.2
1771632000,8.939,8.979,8.855,8.886,1713024.01
1771646400,8.886,8.915,8.856,8.864,1244334.06
1771660800,8.864,8.978,8.861,8.939,1939384.22
1771675200,8.939,9.04,8.897,8.936,2740984.87
1771689600,8.936,8.993,8.848,8.932,2949509.68
1771704000,8.932,8.947,8.867,8.873,1545631.94
1771718400,8.873,8.896,8.798,8.841,1911224.91
1771732800,8.841,8.871,8.808,8.854,1215007.09
1771747200,8.854,8.865,8.794,8.833,682177.61
1771761600,8.833,8.839,8.687,8.709,3040181.3
1771776000,8.709,8.709,8.605,8.64,2180437.65
1771790400,8.64,8.702,8.602,8.678,1934413.72
1771804800,8.678,8.692,8.176,8.255,8827081.69
1771819200,8.255,8.374,8.178,8.357,2559666.94
1771833600,8.357,8.557,8.311,8.473,2637739.47
1771848000,8.473,8.575,8.399,8.417,5435903.34
1771862400,8.417,8.454,8.184,8.231,5535003.6
1771876800,8.231,8.341,8.206,8.266,4163854.99
1771891200,8.266,8.334,8.115,8.206,5227174.050000001
1771905600,8.206,8.23,8.123,8.15,4121352.0
1771920000,8.15,8.228,8.107,8.176,3795280.06
1771934400,8.176,8.228,8.053,8.215,5481687.09
1771948800,8.215,8.277,8.178,8.233,4394664.72
1771963200,8.233,8.264,8.169,8.198,2743650.38
1771977600,8.198,8.626,8.185,8.501,7074484.890000001
1771992000,8.501,8.55,8.356,8.476,3378506.48
1772006400,8.476,8.662,8.438,8.657,2428397.03
1772020800,8.657,9.418,8.64,9.279,12587225.45
1772035200,9.279,9.505,9.279,9.474,8783234.94
1772049600,9.474,9.583,9.183,9.268,9317455.15
1772064000,9.268,9.333,9.153,9.225,4804735.85
1772078400,9.225,9.342,9.197,9.21,3077619.24
1772092800,9.21,9.325,9.181,9.212,3046803.21
1772107200,9.212,9.311,9.029,9.121,7027516.43
1772121600,9.121,9.141,8.857,9.1,9065526.55
1772136000,9.1,9.142,9.046,9.098,2371819.54
1772150400,9.098,9.195,9.003,9.185,3146370.04
1772164800,9.185,9.294,9.123,9.176,3201521.85
1772179200,9.176,9.234,8.807,8.847,4976026.81
1772193600,8.847,8.869,8.737,8.818,6243718.26
1772208000,8.818,8.818,8.645,8.673,3818940.26
1772222400,8.673,8.731,8.551,8.714,2762456.93
1772236800,8.714,8.75,8.667,8.682,1507034.88
1772251200,8.682,8.698,8.229,8.354,6125075.0
1772265600,8.354,8.354,8.208,8.278,4229202.48
1772280000,8.278,8.54,8.278,8.435,5923783.8
1772294400,8.435,8.732,8.407,8.689,4811869.75
1772308800,8.689,8.942,8.669,8.847,5045405.2
1772323200,8.847,9.205,8.746,9.053,5460989.640000001
1772337600,9.053,9.094,8.929,8.976,3085946.03
1772352000,8.976,8.996,8.843,8.876,2029236.77
1772366400,8.876,9.058,8.787,8.919,4063861.29
1772380800,8.919,8.974,8.677,8.695,7244155.23
1772395200,8.695,8.782,8.539,8.673,5504065.5
1772409600,8.673,8.885,8.662,8.825,3927057.72
1772424000,8.825,8.854,8.611,8.672,2807036.71
1772438400,8.672,8.767,8.588,8.692,3290714.71
1772452800,8.692,9.179,8.584,9.106,7467252.67
1772467200,9.106,9.269,8.953,9.04,7005914.4
1772481600,9.04,9.108,8.926,8.952,3860314.57
1772496000,8.952,9.014,8.85,8.885,3401198.19
1772510400,8.885,8.933,8.773,8.793,2032892.08
1772524800,8.793,8.806,8.605,8.675,3464973.32
1772539200,8.675,8.791,8.561,8.744,4324936.96
1772553600,8.744,8.926,8.71,8.807,5425399.2
1772568000,8.807,8.885,8.681,8.808,2404078.23
1772582400,8.808,8.894,8.688,8.759,3513747.6
1772596800,8.759,8.922,8.688,8.901,2997909.0
1772611200,8.901,9.294,8.888,9.129,6385611.63
1772625600,9.129,9.514,9.032,9.504,6967682.25
1772640000,9.504,9.635,9.37,9.538,6026497.23
1772654400,9.538,9.567,9.302,9.354,3249369.47
1772668800,9.354,9.395,9.24,9.267,4353214.29
1772683200,9.267,9.359,9.183,9.218,2447526.04
1772697600,9.218,9.465,9.203,9.401,4555192.2
1772712000,9.401,9.493,9.176,9.234,13854005.85
1772726400,9.234,9.274,9.075,9.187,5073345.66
1772740800,9.187,9.32,9.172,9.205,2621590.0
1772755200,9.205,9.302,9.171,9.266,1901325.12
1772769600,9.266,9.293,9.154,9.275,1856341.52
1772784000,9.275,9.276,9.06,9.077,2188198.5300000003
1772798400,9.077,9.139,8.749,8.79,8960407.47
1772812800,8.79,8.831,8.674,8.79,4994798.1
1772827200,8.79,8.825,8.736,8.797,2385132.48
1772841600,8.797,8.856,8.76,8.792,1334385.52
1772856000,8.792,8.82,8.735,8.805,1040955.55
1772870400,8.805,8.822,8.747,8.8,1245626.34
1772884800,8.8,8.818,8.729,8.754,1260154.25
1772899200,8.754,8.809,8.646,8.662,1929807.55
1772913600,8.662,8.714,8.644,8.698,1446465.41
1772928000,8.698,8.718,8.584,8.6,1759244.16
1772942400,8.6,8.666,8.532,8.634,1311737.41
1772956800,8.634,8.776,8.592,8.654,1354762.1
1772971200,8.654,8.672,8.541,8.568,2873721.68
1772985600,8.568,8.664,8.504,8.643,1814301.65
1773000000,8.643,8.7,8.399,8.515,5243391.08
1773014400,8.515,8.795,8.493,8.684,4328411.91
1773028800,8.684,8.875,8.649,8.739,1964231.6
1773043200,8.739,8.85,8.713,8.774,1489999.5
1773057600,8.774,8.972,8.773,8.929,4193389.61
1773072000,8.929,9.098,8.866,9.01,4462740.6
1773086400,9.01,9.04,8.848,8.868,3025924.27
1773100800,8.868,9.08,8.853,8.939,3080270.39
1773115200,8.939,9.081,8.939,9.079,1923003.91
1773129600,9.079,9.159,9.064,9.07,1961230.98
1773144000,9.07,9.182,8.862,9.136,4289732.34
1773158400,9.136,9.182,8.925,8.975,3978278.03
1773172800,8.975,9.012,8.912,8.986,1304673.21
1773187200,8.986,9.008,8.916,8.929,1264233.43
1773201600,8.929,9.034,8.868,8.89,1465319.82
1773216000,8.89,8.971,8.882,8.915,1600551.84
1773230400,8.915,9.169,8.888,9.0,3732173.26
1773244800,9.0,9.151,8.975,9.088,3169949.65
1773259200,9.088,9.109,8.982,8.998,1335813.77
1773273600,8.998,9.02,8.838,8.869,1725037.04
1773288000,8.869,8.961,8.845,8.951,1232723.67
1773302400,8.951,9.107,8.928,9.031,2899563.7800000003
1773316800,9.031,9.102,8.901,9.035,3665083.85
1773331200,9.035,9.082,8.962,9.033,2660306.33
1773345600,9.033,9.088,8.966,9.059,2352956.92
1773360000,9.059,9.397,9.039,9.283,5756905.31
1773374400,9.283,9.296,9.172,9.196,1602005.67
1773388800,9.196,9.326,9.16,9.275,2154679.13
1773403200,9.275,9.605,9.242,9.268,9133754.66
1773417600,9.268,9.332,9.103,9.145,4414701.34
1773432000,9.145,9.203,9.024,9.092,1937983.63
1773446400,9.092,9.131,9.027,9.119,1588978.94
1773460800,9.119,9.147,8.966,8.981,1512240.17
1773475200,8.981,9.011,8.926,8.995,1029743.54
1773489600,8.995,9.019,8.968,9.006,1528809.12
1773504000,9.006,9.056,8.984,9.03,1014281.12
1773518400,9.03,9.175,9.02,9.169,1349564.88
1773532800,9.169,9.256,9.114,9.207,1438076.06
1773547200,9.207,9.265,9.188,9.216,1073650.39
1773561600,9.216,9.318,9.216,9.277,1082980.73
1773576000,9.277,9.278,9.141,9.156,1521111.31
1773590400,9.156,9.236,9.119,9.198,1462723.07
1773604800,9.198,9.552,9.178,9.498,5684064.0
1773619200,9.498,9.807,9.414,9.696,5503935.390000001
1773633600,9.696,9.831,9.671,9.683,5750751.96
1773648000,9.683,9.734,9.564,9.663,3438093.01
1773662400,9.663,9.822,9.599,9.721,6365713.93
1773676800,9.721,9.97,9.71,9.937,5238274.73
1773691200,9.937,10.08,9.864,9.923,5716001.27
1773705600,9.923,10.02,9.783,9.831,5748138.26
1773720000,9.831,9.858,9.683,9.799,2301918.7
1773734400,9.799,9.835,9.733,9.767,1873428.47
1773748800,9.767,9.94,9.718,9.804,3368713.64
1773763200,9.804,9.918,9.796,9.811,2031379.77
1773777600,9.801,9.917,9.785,9.794,2250973.8
1773792000,9.794,9.929,9.758,9.897,1645943.49
1773806400,9.897,9.903,9.782,9.814,1099255.82
1773820800,9.814,9.886,9.53,9.558,2992911.97
1773835200,9.558,9.558,9.133,9.211,6272970.66
1773849600,9.211,9.314,9.099,9.173,3704083.67
1773864000,9.173,9.262,9.09,9.231,2832186.24
1773878400,9.231,9.341,9.164,9.258,1979901.58
1773892800,9.258,9.262,9.04,9.096,2030325.34
1773907200,9.096,9.172,9.067,9.095,1348519.84
1773921600,9.095,9.097,8.897,8.963,6800784.609999999
1773936000,8.963,9.092,8.9,9.035,3095059.94
1773950400,9.035,9.096,9.014,9.046,1389920.21
1773964800,9.046,9.16,9.038,9.12,1699004.83
1773979200,9.12,9.153,9.033,9.115,1269381.09
1773993600,9.115,9.207,9.056,9.088,1439936.81
1774008000,9.088,9.124,8.971,9.025,3161623.4
1774022400,9.025,9.064,8.961,9.042,3548838.72
1774036800,9.042,9.164,8.982,9.116,2384458.0700000003
1774051200,9.116,9.178,9.109,9.127,1643877.39
1774065600,9.127,9.151,9.101,9.126,892094.15
1774080000,9.126,9.162,9.088,9.104,1122447.27
1774094400,9.104,9.138,9.051,9.102,1427238.5
1774108800,9.102,9.105,9.04,9.069,1167032.94
1774123200,9.069,9.108,8.766,8.828,2895890.14
1774137600,8.828,8.966,8.679,8.905,4757658.97
1774152000,8.905,8.945,8.841,8.842,2031215.37
1774166400,8.842,8.864,8.746,8.754,2232825.23
1774180800,8.754,8.835,8.754,8.795,1919358.41
1774195200,8.795,8.806,8.689,8.709,1897309.87
1774209600,8.709,8.758,8.574,8.689,4386674.73
1774224000,8.689,8.778,8.632,8.702,2967935.26
1774238400,8.702,8.776,8.572,8.643,3290104.61
1774252800,8.643,9.251,8.576,8.972,9988483.44
1774267200,8.972,9.284,8.907,9.041,10377547.1
1774281600,9.041,9.21,8.99,9.124,6100783.75
1774296000,9.124,9.174,9.065,9.106,2653134.41
1774310400,9.106,9.138,9.007,9.085,2937395.78
1774324800,9.085,9.254,9.011,9.238,3339902.62
1774339200,9.238,9.262,9.165,9.246,3741504.77
1774353600,9.246,9.25,9.04,9.116,6874875.13
1774368000,9.116,9.158,9.01,9.056,3999517.56
1774382400,9.056,9.264,9.052,9.245,4108953.21
1774396800,9.245,9.307,9.172,9.236,3434598.38
1774411200,9.236,9.356,9.225,9.287,2607070.68
1774425600,9.287,9.458,9.286,9.418,3535790.43
1774440000,9.418,9.494,9.291,9.367,6772156.78
1774454400,9.367,9.467,9.298,9.343,5197861.14
1774468800,9.343,9.4,9.277,9.374,2431864.87
1774483200,9.374,9.385,9.221,9.251,1780284.31
1774497600,9.251,9.251,9.064,9.102,2262405.47
1774512000,9.102,9.106,8.92,8.941,3900843.82
1774526400,8.941,9.028,8.851,8.928,4464779.1
1774540800,8.928,8.946,8.807,8.83,2871294.43
1774555200,8.83,8.971,8.818,8.908,3617064.7
1774569600,8.908,8.978,8.881,8.907,2617319.91
1774584000,8.907,8.941,8.84,8.901,2264749.92
1774598400,8.901,8.916,8.547,8.592,4602792.42
1774612800,8.592,8.675,8.52,8.611,5532102.0
1774627200,8.611,8.632,8.482,8.536,3946705.06
1774641600,8.536,8.568,8.486,8.563,2267641.55
1774656000,8.563,8.563,8.498,8.513,1311254.23
1774670400,8.513,8.599,8.498,8.598,969991.63
1774684800,8.598,8.606,8.481,8.536,880306.56
1774699200,8.536,8.69,8.504,8.633,3201466.41
1774713600,8.633,8.646,8.576,8.597,1130852.76
1774728000,8.597,8.616,8.379,8.432,2979297.27
1774742400,8.432,8.579,8.411,8.538,1593014.64
1774756800,8.538,8.538,8.487,8.511,1149524.37
1774771200,8.511,8.533,8.449,8.501,1294769.3
1774785600,8.501,8.504,8.386,8.42,1982965.86
1774800000,8.42,8.457,8.388,8.412,1339692.35
1774814400,8.412,8.478,8.202,8.405,4603457.36
1774828800,8.405,8.66,8.393,8.625,3045709.29
1774843200,8.625,8.746,8.625,8.734,1610323.62
1774857600,8.734,8.899,8.721,8.856,2332945.88
1774872000,8.856,8.913,8.769,8.821,3436240.77
1774886400,8.821,8.833,8.56,8.617,3032185.15
1774900800,8.617,8.715,8.577,8.616,1735403.07
1774915200,8.616,8.847,8.59,8.742,2270729.56
1774929600,8.742,8.77,8.663,8.699,1496135.76
1774944000,8.699,8.704,8.497,8.608,2483414.99
1774958400,8.608,8.8,8.585,8.618,3010889.5300000003
1774972800,8.786,8.8,8.744,8.765,684056.71
1774987200,8.765,8.808,8.701,8.774,1603885.81
1775001600,8.774,8.825,8.735,8.814,1733309.28
1775016000,8.814,9.188,8.789,9.053,2304088.27
1775030400,9.024,9.034,9.004,9.021,372914.63
1775044800,9.021,9.085,8.92,9.006,3497561.46
1775059200,8.962,9.022,8.961,9.017,623356.09
1775073600,9.017,9.036,8.928,8.941,1988465.56
1775088000,8.941,9.003,8.528,8.566,5592865.04
1775102400,8.566,8.57,8.503,8.563,1625193.31
1775116800,8.563,8.563,8.455,8.483,2146197.24
1775131200,8.483,8.639,8.423,8.564,3308988.19
1775145600,8.564,8.654,8.527,8.614,2809556.56
1775160000,8.614,8.654,8.589,8.634,1570536.36
1775174400,8.634,8.675,8.591,8.652,1349169.52
1775188800,8.652,8.763,8.643,8.711,1331898.6
1775203200,8.711,8.74,8.66,8.723,855628.73
1775217600,8.723,8.819,8.65,8.695,2167804.11
1775232000,8.67,8.681,8.646,8.677,201475.33
1775246400,8.677,8.712,8.642,8.658,922502.16
1775260800,8.658,8.658,8.619,8.641,608429.03
1775275200,8.641,8.677,8.631,8.655,345738.31
1775289600,8.655,8.674,8.628,8.656,302511.58
1775304000,8.656,8.708,8.608,8.686,982784.54
1775318400,8.686,8.776,8.665,8.725,849710.72
1775332800,8.725,8.725,8.678,8.694,721863.63
1775347200,8.694,8.696,8.641,8.649,653514.01
1775361600,8.649,8.656,8.518,8.53,1246118.97
1775376000,8.53,8.58,8.526,8.548,598380.53
1775390400,8.531,8.673,8.522,8.598,736026.3
1775404800,8.598,8.646,8.572,8.623,898402.76
1775419200,8.623,8.863,8.563,8.819,2463908.07
1775433600,8.819,9.021,8.819,8.924,3202258.22
1775448000,8.924,8.995,8.902,8.96,1641798.1
1775462400,9.063,9.063,9.03,9.042,369409.29
1775476800,9.042,9.087,9.0,9.085,3390676.07
1775491200,9.085,9.1,8.94,8.986,2463748.06
1775505600,8.986,9.02,8.726,8.8,2147329.81
1775520000,8.8,8.846,8.728,8.792,1728346.73
1775534400,8.792,8.828,8.731,8.766,895066.02
1775548800,8.702,8.708,8.674,8.682,368921.42
1775563200,8.682,8.706,8.571,8.617,5346515.19
1775577600,8.617,8.757,8.596,8.742,2366004.5300000003
1775592000,8.742,9.411,8.716,9.287,8718723.79
1775606400,9.287,9.333,9.175,9.18,3492467.25
1775620800,9.18,9.271,9.18,9.254,2100362.49
1775635200,9.254,9.274,9.144,9.186,1458177.5
1775649600,9.186,9.268,8.967,9.029,4212075.38
1775664000,9.029,9.117,8.937,8.987,2043216.34
1775678400,8.926,8.926,8.841,8.859,642102.02
1775692800,8.859,8.86,8.694,8.761,2478498.08
1775707200,8.761,8.801,8.751,8.757,991028.87
1775721600,8.757,8.805,8.742,8.765,1933486.95
1775736000,8.765,8.973,8.693,8.943,2761437.91
1775750400,8.943,9.037,8.869,9.011,3084540.48
1775764800,9.011,9.185,8.934,8.944,3661964.58
1775779200,8.944,9.007,8.891,8.919,1903244.37
1775793600,8.919,8.997,8.892,8.898,1214012.8
1775808000,8.898,9.019,8.883,8.992,1133168.23
1775822400,9.13,9.165,9.044,9.058,622177.16
1775836800,9.058,9.167,9.041,9.164,2824052.1
1775851200,9.164,9.18,9.073,9.087,1531747.19
1775865600,9.087,9.116,9.036,9.058,832990.65
1775880000,9.058,9.082,8.98,9.014,741153.78
1775894400,9.012,9.024,8.994,9.019,101677.98
1775908800,9.019,9.049,8.961,9.028,1124831.19
1775923200,9.028,9.285,9.025,9.266,2976570.0700000003
1775937600,9.266,9.273,9.051,9.072,1583978.85
1775952000,9.072,9.081,8.753,8.799,3555111.82
1775966400,8.799,8.817,8.765,8.804,821459.66
1775980800,8.804,8.816,8.756,8.789,510125.23
1775995200,8.789,8.83,8.691,8.721,1863662.37
1776009600,8.721,8.805,8.706,8.766,1214767.27
1776024000,8.766,8.843,8.716,8.735,1421402.1
1776038400,8.735,8.835,8.723,8.783,1023276.73
1776052800,8.783,8.809,8.715,8.73,892830.6
1776067200,8.73,8.752,8.698,8.731,823978.64
1776081600,8.731,8.919,8.69,8.825,2499180.85
1776096000,8.825,9.039,8.785,9.027,3430207.45
1776110400,9.328,9.433,9.292,9.359,2425113.04
1776124800,9.359,9.384,9.18,9.219,3670414.76
1776139200,9.219,9.249,9.142,9.219,1688467.56
1776153600,9.219,9.261,9.167,9.18,1666567.86
1776168000,9.248,9.301,9.073,9.137,2710183.7
1776182400,9.137,9.185,8.941,8.995,2612600.71
1776196800,8.995,9.061,8.978,9.025,1152610.22
1776211200,9.025,9.114,9.025,9.074,1213568.39
1776225600,9.074,9.116,8.997,9.015,874886.45
1776240000,9.015,9.157,9.01,9.145,1210428.74
1776254400,9.145,9.248,9.11,9.168,2643368.32
1776268800,9.168,9.37,9.157,9.327,5046443.640000001
1776283200,9.327,9.359,9.222,9.263,2836974.7800000003
1776297600,9.263,9.333,9.208,9.28,1591306.16
1776312000,9.28,9.364,9.259,9.296,2298356.83
1776326400,9.296,9.331,9.216,9.284,1567959.77
1776340800,9.284,9.465,9.128,9.46,6630333.51
1776355200,9.46,9.656,9.31,9.65,5716838.47
1776369600,9.65,9.68,9.466,9.601,3789258.7
1776384000,9.601,9.612,9.399,9.421,2006781.19
1776398400,9.421,9.473,9.344,9.472,1525838.58
1776412800,9.472,9.606,9.459,9.523,2949074.86
1776427200,9.523,9.869,9.466,9.759,10131467.88
1776441600,9.759,9.838,9.632,9.669,3582407.56
1776456000,9.669,9.71,9.589,9.618,2122517.89
1776470400,9.618,9.655,9.553,9.566,2453646.35
1776484800,9.566,9.634,9.555,9.606,586185.22
1776499200,9.606,9.608,9.344,9.407,2275847.68
1776513600,9.407,9.453,9.32,9.391,1780244.11
1776528000,9.391,9.419,9.258,9.287,1985202.8
1776542400,9.287,9.35,9.269,9.286,653391.04
1776556800,9.286,9.301,9.17,9.231,1596200.72
1776571200,9.231,9.292,9.113,9.183,2509297.76
1776585600,9.183,9.228,9.119,9.223,958311.97
1776600000,9.223,9.377,9.21,9.29,2212553.65
1776614400,9.29,9.298,9.116,9.184,3074127.24
1776628800,9.184,9.184,9.006,9.069,4009616.08
1776643200,9.069,9.208,9.059,9.199,1414625.67
1776657600,9.199,9.363,9.104,9.25,1350166.93
1776672000,9.25,9.317,9.165,9.217,3120005.17
1776686400,9.217,9.298,9.146,9.269,3376190.14
1776700800,9.269,9.359,9.215,9.331,2496087.38
1776715200,9.331,9.409,9.264,9.289,2213574.7
1776729600,9.289,9.358,9.243,9.293,1836163.13
1776744000,9.293,9.396,9.275,9.37,1124010.65
1776758400,9.37,9.493,9.355,9.416,2184217.25
1776772800,9.392,9.482,9.35,9.42,1119708.55
1776787200,9.42,9.444,9.245,9.267,2898212.26
1776801600,9.267,9.415,9.264,9.4,2586273.45
1776816000,9.4,9.526,9.38,9.509,3483422.93
1776830400,9.509,9.552,9.475,9.502,3472893.9
1776844800,9.502,9.547,9.474,9.528,1062735.92
1776859200,9.528,9.556,9.464,9.492,3251143.64
1776873600,9.492,9.511,9.382,9.419,3228852.43
1776888000,9.419,9.428,9.286,9.293,2022308.14
1776902400,9.293,9.317,9.152,9.183,1960681.89
1776916800,9.183,9.27,9.172,9.237,996230.09
1776931200,9.237,9.275,9.169,9.264,1724790.6
1776945600,9.26,9.389,9.246,9.348,1539412.6
1776960000,9.348,9.357,9.157,9.28,2945676.62
1776974400,9.28,9.362,9.277,9.352,2276076.14
1776988800,9.352,9.393,9.255,9.291,2479454.53
1777003200,9.291,9.314,9.246,9.289,2080882.17
1777017600,9.289,9.385,9.253,9.361,1578245.91
1777032000,9.342,9.381,9.306,9.376,1591360.8199999998
1777046400,9.376,9.436,9.333,9.412,1810459.93
1777060800,9.412,9.446,9.36,9.38,1282322.85
1777075200,9.38,9.43,9.351,9.424,771330.22
1777089600,9.424,9.448,9.398,9.406,462258.48
1777104000,9.406,9.441,9.375,9.393,494731.56
1777118400,9.393,9.42,9.332,9.35,1064309.5699999998
1777132800,9.35,9.365,9.29,9.307,1135463.41
1777147200,9.307,9.364,9.296,9.349,600065.07
1777161600,9.349,9.349,9.302,9.326,681175.81
1777176000,9.326,9.426,9.317,9.424,1280919.31
1777190400,9.424,9.488,9.408,9.472,708566.94
1777204800,9.472,9.499,9.417,9.491,1649455.21
1777219200,9.491,9.537,9.431,9.483,1723260.35
1777233600,9.483,9.524,9.417,9.489,1503389.81
1777248000,9.489,9.594,9.445,9.551,1698952.18
1777262400,9.551,9.565,9.303,9.312,2111764.63
1777276800,9.312,9.356,9.305,9.333,1147465.31
1777291200,9.333,9.366,9.152,9.184,3134988.8600000003
1777305600,9.204,9.25,9.187,9.216,1349590.45
1777320000,9.216,9.331,9.209,9.319,971392.49
1777334400,9.319,9.33,9.246,9.283,1142002.95
1777348800,9.283,9.313,9.208,9.252,915053.53
1777363200,9.252,9.275,9.181,9.197,622351.6499999999
1777377600,9.195,9.222,9.181,9.222,413802.54
1777392000,9.222,9.28,9.183,9.275,1337261.94
1777406400,9.275,9.288,9.22,9.238,866852.5
1777420800,9.238,9.317,9.214,9.305,1066157.1
1777435200,9.305,9.394,9.298,9.315,1108918.1800000002
1777449600,9.315,9.416,9.265,9.358,838261.96
1777464000,9.358,9.358,9.08,9.095,3128756.2
1777478400,9.152,9.159,8.913,9.009,3281466.1500000004
1777492800,9.009,9.13,9.005,9.109,1527504.81
1777507200,9.109,9.183,9.058,9.104,1719940.28
1777521600,9.104,9.125,9.021,9.125,922857.39
1777536000,9.125,9.162,9.093,9.123,800836.96
1777550400,9.123,9.173,9.086,9.134,1311191.1
1777564800,9.134,9.149,9.089,9.129,841910.3099999999
1777579200,9.129,9.143,9.08,9.103,739715.28
1777593600,9.103,9.203,9.1,9.162,1224081.23
1777608000,9.162,9.181,9.129,9.149,720632.8
1777622400,9.149,9.187,9.118,9.143,679023.74
1777636800,9.143,9.276,9.14,9.228,2443566.05
1777651200,9.228,9.252,9.166,9.174,1417318.74
1777665600,9.174,9.177,9.067,9.094,1466160.75
1777680000,9.094,9.135,9.084,9.118,769325.18
1777694400,9.118,9.118,9.068,9.084,625377.71
1777708800,9.084,9.101,9.073,9.077,411736.23
1777723200,9.077,9.2,9.072,9.161,1777989.7200000002
1777737600,9.159,9.167,9.117,9.164,410034.27
1777752000,9.164,9.253,9.16,9.176,1061524.25
1777766400,9.176,9.182,9.079,9.094,736750.1
1777780800,9.094,9.131,9.07,9.117,531200.01
1777795200,9.127,9.197,9.117,9.177,250268.53
1777809600,9.152,9.193,9.122,9.154,979808.71
1777824000,9.154,9.172,9.135,9.157,629996.37
1777838400,9.157,9.221,9.113,9.13,1869389.99
1777852800,9.13,9.352,9.092,9.345,4043876.28
1777867200,9.345,9.397,9.259,9.321,2037408.22
1777881600,9.321,9.65,9.291,9.428,9764697.24
1777896000,9.428,9.541,9.355,9.42,5712248.65
1777910400,9.393,9.508,9.374,9.389,3037247.18
1777924800,9.389,9.419,9.318,9.357,2044715.07
1777939200,9.357,9.546,9.357,9.509,2280801.17
1777953600,9.509,9.629,9.498,9.604,2370748.19
1777968000,9.604,9.737,9.513,9.735,5017432.8
1777982400,9.735,9.814,9.641,9.725,5630272.77
1777996800,9.725,9.742,9.67,9.733,2478034.38
1778011200,9.733,9.848,9.729,9.766,3503992.73
1778025600,9.766,9.868,9.758,9.858,3070306.97
1778040000,9.858,9.911,9.785,9.87,2475167.47
1778054400,9.87,10.25,9.864,10.18,7933747.68
1778068800,10.18,10.21,9.88,10.04,6743580.74
1778083200,10.04,10.08,9.947,10.02,3711368.05
1778097600,10.02,10.06,9.941,9.998,2563841.86
1778112000,9.998,10.01,9.851,9.869,2127783.1
1778126400,9.869,10.13,9.861,10.12,1697167.94
1778140800,10.12,10.12,9.955,10.02,2131879.54
1778155200,10.02,10.07,9.807,9.865,5464026.42
1778169600,9.865,9.947,9.803,9.892,3328191.41
1778184000,9.892,9.946,9.812,9.85,3313241.72
1778198400,9.85,9.888,9.768,9.866,1021198.6
1778212800,9.866,9.894,9.801,9.887,373984.15
1778227200,9.887,9.944,9.838,9.938,1746627.77
1778241600,9.938,10.09,9.885,10.09,3134798.18
1778256000,10.09,10.49,10.03,10.37,7455233.25
1778270400,10.37,10.39,10.28,10.34,3634676.16
1778284800,10.34,10.6,10.32,10.54,6982110.65
1778299200,10.54,10.61,10.45,10.46,2607519.23
1778313600,10.46,10.51,10.4,10.46,3815520.34
1778328000,10.46,10.48,10.28,10.34,3265554.36
1778342400,10.34,10.45,10.31,10.44,2250238.21
1778356800,10.44,10.45,10.35,10.37,1659986.53
1778371200,10.37,10.4,10.28,10.35,2230220.57
1778385600,10.35,10.45,10.34,10.42,1077291.35
1778400000,10.42,10.55,10.41,10.48,2534046.98
1778414400,10.48,10.62,10.45,10.62,2686811.46
1778428800,10.62,10.86,10.59,10.84,6500245.21
1778443200,10.84,10.86,10.44,10.71,10375827.34
1778457600,10.71,10.75,10.43,10.52,5962907.25
1778472000,10.52,10.61,10.47,10.52,3274612.97
1778486400,10.52,10.64,10.51,10.57,2308088.46
1778500800,10.57,10.6,10.4,10.58,4453578.970000001
1778515200,10.58,10.69,10.54,10.68,5356483.71
1778529600,10.68,10.7,10.54,10.59,2810388.94
1778544000,10.59,10.59,10.4,10.46,2786437.91
1778558400,10.46,10.52,10.38,10.43,1917217.73
1778572800,10.43,10.45,10.23,10.26,2727349.38
1778587200,10.26086,10.35089,10.10532,10.15598,911961.8523323352
1778601600,10.15569,10.3266,10.1258,10.31889,498165.8429803888
1778616000,10.31794,10.34977,10.28002,10.28613,133324.0449017454
1778630400,10.29224,10.48076,10.27061,10.4656,876834.4833428744
1778644800,10.47012,10.58,10.4,10.56534,753574.3868433939
1778659200,10.57552,10.79126,10.4772,10.485,698915.648723525
1778673600,10.485,10.5107,10.03396,10.06715,1255712.532681135
1778688000,10.0685,10.24484,10.06331,10.16209,471770.9556119313
1778702400,10.16769,10.2271,10.12,10.21395,224099.25764684475
1778716800,10.21468,10.27197,10.1,10.1024,485033.6109281889
1778731200,10.11014,10.3216,10.09703,10.22647,246830.9788110201
1778745600,10.23117,10.28829,10.18646,10.24476,117973.79095674116
1778760000,10.23235,10.65837,10.20577,10.6391,1122623.80753416
1778774400,10.63859,10.76767,10.56796,10.61391,724912.6125618676
1778788800,10.62755,10.64409,10.46702,10.47684,408416.4582568016
1778803200,10.48275,10.5591,10.36098,10.41766,451259.7589609856
1778817600,10.41651,10.41651,10.2125,10.37849,618023.9174817922
1778832000,10.37296,10.37548,10.25712,10.3063,188608.97889462984
1778846400,10.30298,10.31332,9.96484,10.02726,1232806.8533820126
1778860800,10.0269,10.1308,10.00553,10.06046,293786.4999992616
1778875200,10.06209,10.08373,10.0231,10.06923,93517.5051576922
1778889600,10.06911,10.08947,10.03726,10.06246,83206.54828238029
1778904000,10.05924,10.05924,9.72453,9.82193,826162.7828640706
1778918400,9.82684,9.83518,9.618,9.65722,545794.9618331464
1778932800,9.65574,9.71446,9.62311,9.70777,592738.9195693667
1778947200,9.70749,9.77645,9.70556,9.74863,169077.99016727775
1778961600,9.74857,9.77126,9.70607,9.71329,281633.4207422227
1778976000,9.71389,9.72692,9.63,9.72,259304.3624054911
1778990400,9.71839,9.82064,9.71651,9.76923,170879.2320199438
1779004800,9.77458,9.84692,9.74873,9.79146,291107.13800562284
1779019200,9.79142,9.8312,9.65252,9.70913,696649.9930388486
1779033600,9.71018,9.76332,9.6492,9.75116,658420.9997983181
1779048000,9.74711,9.77,9.34065,9.56123,1435974.7226732783
1779062400,9.56201,9.57118,9.45303,9.50357,183384.3151230008
1779076800,9.50729,9.5703,9.42,9.46717,447288.700363294
1779091200,9.46938,9.55527,9.40001,9.51099,243412.56718373072
1779105600,9.5099,9.59983,9.342,9.41837,358391.6140318981
1779120000,9.41907,9.52143,9.29655,9.50261,300372.4542182135
1779134400,9.50266,9.61254,9.46932,9.60043,175922.67534537188
1779148800,9.60265,9.72001,9.59113,9.69828,414431.9371630663
1779163200,9.68801,9.81499,9.66115,9.79,171327.77735289282
1779177600,9.79156,9.79156,9.53131,9.53928,373302.5293705445
1779192000,9.53333,9.6103,9.43464,9.47306,322263.4889340528
1779206400,9.48301,9.55224,9.44888,9.46255,762961.1172247204
1779220800,9.46229,9.48525,9.43077,9.44153,397977.2821154232
1779235200,9.4416,9.49629,9.37387,9.48581,761834.797298383
1779249600,9.49212,9.61999,9.45823,9.56708,221418.15879752696
1779264000,9.5705,9.62392,9.52285,9.535,107756.4909512094
1779278400,9.53298,9.64273,9.47212,9.61936,625259.8501282963
1779292800,9.62289,9.68034,9.55233,9.65061,1644254.8864494576
1779307200,9.64788,9.66,9.5602,9.62539,207207.37670841755
1779321600,9.62775,9.75857,9.6199,9.75127,269991.6727441759
1779336000,9.753,9.76909,9.61603,9.68556,232408.5339807744
1779350400,9.68556,9.74869,9.51237,9.5451,310988.7230811698
1779364800,9.54178,9.6747,9.51593,9.63755,250387.88491267723
1779379200,9.64058,9.84251,9.60521,9.79185,667221.7018167862
1779393600,9.7937,9.8048,9.69557,9.73944,254698.12777835684
1779408000,9.74684,9.82545,9.70477,9.82182,109169.77588422487
1779422400,9.82278,9.8546,9.74741,9.83122,116316.3005573092
1779436800,9.81293,9.88418,9.76325,9.8829,128808.94845194247
1779451200,9.88394,10.0201,9.72997,9.79891,980803.8286173474
1779465600,9.79892,9.84691,9.36152,9.45924,1594918.5352625938
1779480000,9.4577,9.55944,9.35872,9.41389,549041.034792699
1779494400,9.4109,9.42332,9.33855,9.3917,152342.70150480128
1779508800,9.39762,9.40163,9.05,9.11512,842963.1614161403
1779523200,9.11495,9.20984,9.09037,9.17785,257776.64947067224
1779537600,9.1756,9.35783,9.15514,9.30787,297937.22692674334
1779552000,9.31048,9.41393,9.27417,9.39716,167548.07433473942
1779566400,9.39369,9.76665,9.37922,9.55182,826754.9812276928
1779580800,9.55483,9.60489,9.51644,9.53305,203652.1880565796
1779595200,9.54628,9.6128,9.48341,9.54684,432658.5760937753
1779609600,9.55066,9.63502,9.53268,9.58631,517203.8698289542
1779624000,9.57974,9.57974,9.33398,9.41772,507207.70453331154
1779638400,9.42058,9.47322,9.39915,9.42046,164555.62044676652
1779652800,9.42296,9.44585,9.24764,9.42276,321109.7071777218
1779667200,9.42237,9.48069,9.35426,9.38713,117747.41383219644
1779681600,9.38564,9.53192,9.37923,9.50927,79749.35447993819
1779696000,9.50856,9.6,9.4887,9.51952,218838.0285858012
1779710400,9.52673,9.64827,9.5221,9.59437,133967.24247562315
1779724800,9.59428,9.65965,9.51979,9.54165,409870.4600203992
1779739200,9.54078,9.56539,9.44321,9.49482,201105.99582129123
1779753600,9.49594,9.49594,9.35335,9.40559,143832.3196233418
1779768000,9.40592,9.55351,9.40001,9.47343,142930.4235058079
1779782400,9.47316,9.62799,9.45,9.56291,270030.83532857354
1779796800,9.56259,9.67172,9.39305,9.46747,474242.64092329296
1779811200,9.46137,9.46741,9.33107,9.38851,466562.8564470364
1779825600,9.38745,9.4165,9.34,9.37248,135404.94808318125
1779840000,9.37256,9.46001,9.37256,9.38441,289107.75821567443
1779854400,9.38724,9.43672,9.27959,9.4159,173888.13299237046
1779868800,9.42875,9.43064,9.3231,9.33734,113134.88481826322
1779883200,9.34496,9.46481,9.26,9.41633,573374.3839719458
1779897600,9.41633,9.43035,9.21108,9.30616,519075.52588301065
1779912000,9.30632,9.33333,9.1,9.13019,440345.48015958286
1779926400,9.12227,9.14136,8.87518,8.88025,813042.549225959
1779940800,8.8782,8.9,8.75756,8.89102,412814.0089847536
1779955200,8.88973,8.91995,8.83169,8.85062,121711.44395073866
1779969600,8.85294,8.94881,8.78677,8.88514,470695.3402675903
1779984000,8.88713,9.07655,8.8552,8.98128,297700.3576316163
1779998400,8.9818,9.05475,8.95346,8.99034,125245.24516842744
1780012800,8.99228,9.03695,8.92954,8.93217,120256.2774683483
1780027200,8.93439,9.02815,8.90224,8.98825,374576.3652845194
1780041600,8.99627,9.03657,8.90507,8.92555,76673.68612872245
1780056000,8.93032,9.12107,8.78301,9.05585,660562.7715756637
1780070400,9.05881,9.12111,8.91769,8.99216,233050.8131920871
1780084800,8.99866,9.03405,8.94391,9.01265,188398.18740852273
1780099200,9.01301,9.29593,9.01125,9.23022,484877.5021683879
1780113600,9.23549,9.261,9.07774,9.14959,410500.77308875375
1780128000,9.14838,9.16351,9.10939,9.12605,131096.30015525926
1780142400,9.12734,9.22485,9.11797,9.19551,281775.2017260706
1780156800,9.19113,9.25536,9.17884,9.24886,142154.77997454253
1780171200,9.24959,9.27142,9.14575,9.17136,258000.8670639341
1780185600,9.18275,9.28721,9.17763,9.24842,70969.79894930129
1780200000,9.24802,9.25127,9.1634,9.18234,129633.13585679287
1780214400,9.19067,9.25992,9.15742,9.21733,41622.78413066442
1780228800,9.21416,9.24999,9.06647,9.09093,501259.44105957926
1780243200,9.08624,9.09861,8.98357,9.03009,278874.0304067783
1780257600,9.05053,9.20657,9.03742,9.1299,116360.23858283214
1780272000,9.13844,9.19575,9.02359,9.16532,654752.7280842944
1780286400,9.16802,9.18696,8.95001,8.96558,375017.94221528375
1780300800,8.95761,9.03465,8.92068,8.97896,88697.91957405597
1780315200,9.00346,9.01909,8.83146,8.90052,497244.4171326338
1780329600,8.90123,9.09582,8.85323,9.06962,765626.1718260092
1780344000,9.07229,9.07589,8.93957,9.04845,166310.0028294381
1780358400,9.04663,9.05665,8.80116,9.00507,161597.894427247
1780372800,9.00715,9.0182,8.77444,8.8434,382097.7635712954
1780387200,8.83779,8.85621,8.76586,8.80565,137725.6060189835
1780401600,8.80427,8.86356,8.47422,8.5564,632267.0207346817
1780416000,8.55737,8.70973,8.37604,8.51695,1271602.9031653355
1780430400,8.51416,8.57305,8.23616,8.3565,752811.3989156637
1780444800,8.36669,8.42442,8.16323,8.233,430761.11939968076
1780459200,8.22736,8.5766,8.22544,8.5382,597501.3345593467
1780473600,8.53315,8.6062,8.45837,8.52783,305365.9047527935
1780488000,8.5252,8.54907,8.36674,8.37106,222113.58783925953
1780502400,8.37074,8.37685,8.18084,8.204,571564.4478947469
1780516800,8.20083,8.45561,8.10245,8.32744,320312.1036547626
1780531200,8.32557,8.38135,7.78938,8.28178,1523188.3913220393
1780545600,8.28456,8.32859,8.06406,8.06446,214279.6312121757
1780560000,8.06945,8.08498,7.80098,7.92895,429977.3414120021
1780574400,7.93698,8.12196,7.9,8.05,650828.9806982549
1780588800,8.04131,8.11692,7.95599,8.05156,235757.5334386397
1780603200,8.05227,8.06198,7.8862,8.0085,480764.3483103047
1780617600,8.00857,8.03,7.75898,7.78286,793918.8890250114
1780632000,7.78179,7.8879,7.33761,7.61961,1279619.1814425208
1780646400,7.61746,7.67612,7.5,7.56028,537204.5605510983
1780660800,7.5517,7.64782,7.24,7.29417,775084.725943381
1780675200,7.29266,7.50971,7.12,7.30039,1279504.4435413007
1780689600,7.30039,7.54,7.21698,7.36579,575285.5644294191
1780704000,7.36553,7.45074,7.24524,7.27871,477460.31254198484
1780718400,7.27296,7.40129,7.0,7.39222,731192.1262643334
1780732800,7.38634,7.46399,7.19861,7.3107,460470.19244976644
1780747200,7.32023,7.43734,7.27712,7.38046,181306.20237978746
1780761600,7.38052,7.40661,7.29406,7.30271,265172.63996892504
1780776000,7.3,7.40133,7.2851,7.39418,220127.4589902137
1780790400,7.39339,7.59975,7.37106,7.57788,917459.0323015752
1780804800,7.57628,7.71875,7.52602,7.71699,335040.07058480347
1780819200,7.71208,7.83685,7.66861,7.76232,303846.3672764981
1780833600,7.76217,7.7913,7.61304,7.71763,868483.2827128423
1780848000,7.7275,7.77592,7.55496,7.59257,252896.663889287
1780862400,7.57615,8.02446,7.57058,7.91081,312434.9603855718
1780876800,7.91392,8.01,7.81755,7.85103,595497.7279336565
1780891200,7.85234,7.92668,7.72261,7.90018,264910.6235393757
1780905600,7.90371,7.998,7.84533,7.95327,202913.14928383063
1780920000,7.96082,8.10793,7.87603,8.0269,728306.7299458437
1780934400,8.02598,8.07375,7.96114,8.05077,435743.02774462814
1780948800,8.06651,8.13302,7.96711,7.99517,698607.3339744894
1780963200,7.99727,8.00174,7.79505,7.88378,277695.6277250164
1780977600,7.8786,8.02198,7.85823,7.93301,187406.47354329668
1780992000,7.93126,7.9348,7.83783,7.88442,177641.82883411983
1781006400,7.87972,7.95241,7.7113,7.71999,223462.07733083516
1781020800,7.71962,7.88597,7.64784,7.87098,288995.2881189951
1781035200,7.87057,7.92688,7.8,7.8325,304885.0945133795
1781049600,7.83941,7.8671,7.7108,7.74598,567255.1581835226
1781064000,7.74788,7.8004,7.66045,7.77814,66686.60634432227
1781078400,7.77841,7.77841,7.6123,7.64366,212744.05047843055
1781092800,7.6401,7.89067,7.6271,7.8005,409614.2706722272
1781107200,7.80373,7.81011,7.59715,7.6155,288969.92288011935
1781121600,7.60901,7.63107,7.48054,7.55134,854313.7320707801
1781136000,7.55425,7.82027,7.55332,7.79562,354089.9851579751
1781150400,7.79042,7.81037,7.74312,7.76053,225424.4883599091
1781164800,7.76105,7.86912,7.76104,7.84986,614341.0017908718
1781179200,7.84938,7.84938,7.70417,7.74289,612227.8200137322
1781193600,7.74861,7.97138,7.67964,7.93165,804393.868546292
1781208000,7.93507,7.9543,7.86515,7.87238,211030.19605294178
1781222400,7.87001,7.93995,7.84366,7.88825,956126.313112709
1781236800,7.89352,7.92549,7.74652,7.80076,757161.3493645285
1781251200,7.80189,7.92736,7.80188,7.89237,128876.2738803626
1781265600,7.89237,7.99939,7.77994,7.81356,274309.8844032879
1781280000,7.81208,7.91315,7.8,7.83938,168729.97143983882
1781294400,7.83555,7.86936,7.81507,7.8602,55969.13076902507
1781308800,7.86692,7.94639,7.85947,7.88791,145560.17752739915
1781323200,7.89165,7.96194,7.85354,7.9521,76666.72814981482
1781337600,7.95725,7.98615,7.94012,7.98591,29957.62186457839
1781352000,7.98539,8.037,7.9753,8.02447,600700.0574530433
1781366400,8.02247,8.04282,7.92322,7.9898,2721435.598165485
1781380800,7.97747,8.04569,7.95082,7.97831,110043.4473967016
1781395200,7.98039,8.00168,7.95001,7.96219,81206.29572040476
1781409600,7.96095,7.96095,7.88533,7.909,143982.20751888872
1781424000,7.90129,7.94646,7.87811,7.91727,199060.29448294544
1781438400,7.92541,7.92543,7.78577,7.83616,347814.5503730209
1781452800,7.83504,7.86942,7.78441,7.81729,165710.52280765315
1781467200,7.82213,8.17471,7.80828,8.17463,1059041.5578351512
1781481600,8.17803,8.21173,8.10098,8.18968,183925.23903810754
1781496000,8.19389,8.22474,8.15099,8.18118,95229.59262425834
1781510400,8.17999,8.43942,8.1584,8.3036,782268.427427019
1781524800,8.31082,8.59625,8.27534,8.56016,942860.6433032788
1781539200,8.561,8.57999,8.37498,8.39663,916849.4172555881
1781553600,8.39896,8.41877,8.25,8.29506,533091.2209078519
1781568000,8.29492,8.33327,8.14686,8.251,518534.15454876196
1781582400,8.25107,8.28699,8.17993,8.28663,399842.30114444334
1781596800,8.27463,8.41786,8.27463,8.31286,316706.5197577183
1781611200,8.32439,8.46932,8.09146,8.19358,916084.4234554947
1781625600,8.19139,8.31988,8.16054,8.24755,249600.26329779587
1781640000,8.24317,8.34193,8.23843,8.26973,328809.4412220763
1781654400,8.27195,8.40809,8.24672,8.33793,612039.8231207569
1781668800,8.34711,8.37084,8.26227,8.28562,89518.74140026764
1781683200,8.2833,8.28679,8.11656,8.14351,348311.77600503963
1781697600,8.14816,8.293,8.07627,8.28883,401236.362834955
1781712000,8.28707,8.36773,8.00576,8.02276,692400.6034593752
1781726400,8.02861,8.09679,7.93574,8.0818,234382.7619120312
1781740800,8.08574,8.1272,8.00705,8.02238,222072.6531383659
1781755200,8.02262,8.03242,7.88848,8.0232,430402.3584511859
1781769600,8.02296,8.05909,7.97252,7.98467,93729.3338502958
1781784000,7.98135,8.11582,7.76452,7.78101,384220.2681246923
1781798400,7.78001,7.92756,7.78,7.91288,440074.18563755776
1781812800,7.91482,8.00985,7.91482,8.00823,104285.30724424406
1781827200,8.00649,8.03277,7.82581,7.87485,308804.6883249062
1781841600,7.87355,7.90953,7.808,7.83835,75261.1433705555
1781856000,7.84008,7.87003,7.8,7.80767,111802.17988500487
1781870400,7.80943,7.94256,7.76674,7.90064,334764.0834835747
1781884800,7.90026,7.93112,7.84505,7.87332,87622.85561366139
1781899200,7.8845,7.95407,7.84539,7.94519,219471.02366631647
1781913600,7.94127,7.94764,7.85931,7.87766,71333.88493088572
1781928000,7.88787,8.0029,7.87643,7.9548,151766.89132930065
1781942400,7.95767,7.97828,7.92061,7.93399,82724.26503770553
1781956800,7.93119,7.99999,7.82101,7.96294,209544.48235259257
1781971200,7.96513,7.96513,7.85988,7.89275,171976.63504992359
1781985600,7.89677,7.99866,7.88793,7.98292,111676.9419985348
1782000000,7.98176,7.98559,7.93301,7.96077,145087.3760228401
1782014400,7.96593,7.97412,7.91076,7.93456,27732.88602919028
1782028800,7.94274,8.00356,7.89418,7.92605,75982.74207106924
1782043200,7.9259,7.97685,7.89531,7.97385,120153.20515279002
1782057600,7.97602,7.97842,7.89634,7.94119,54410.208685496764
1782072000,7.94615,7.9462,7.76101,7.77233,327864.47284612607
1782086400,7.77395,8.00919,7.77395,7.85663,258769.0665652157
1782100800,7.85854,7.97436,7.84581,7.95272,195030.97147034007
1782115200,7.95625,8.08467,7.94033,8.07663,305655.7426282552
1782129600,8.08234,8.14312,7.972,7.97734,678449.0322689788
1782144000,7.98146,7.98608,7.87814,7.91,376522.2704085907
1782158400,7.9083,7.93181,7.82107,7.86692,189799.64795073296
1782172800,7.86365,7.906,7.82239,7.89491,95126.19014155176
1782187200,7.89535,7.89688,7.63415,7.67456,399035.95981122757
1782201600,7.65562,7.6599,7.48033,7.60741,777533.5439162087
1782216000,7.59964,7.68185,7.53649,7.60561,477887.1547654874
1782230400,7.61252,7.65409,7.53888,7.5716,170402.44004042572
1782244800,7.56882,7.63557,7.56346,7.62875,71886.40515661209
1782259200,7.62506,7.65291,7.54834,7.57962,297297.38014313777
1782273600,7.57546,7.65999,7.52269,7.59773,44136.447571902165
1782288000,7.59804,7.68192,7.53083,7.62639,125325.3098599766
1782302400,7.62456,7.62877,7.35723,7.35723,566426.0362264396
1782316800,7.35923,7.44414,7.11582,7.23015,1072310.2789393095
1782331200,7.22811,7.47053,7.22072,7.41343,377549.27547911886
1782345600,7.4161,7.43041,7.37505,7.39776,105320.1337893077
1782360000,7.39425,7.53618,7.37323,7.52159,140129.1937650198
1782374400,7.52542,7.52542,7.41634,7.42055,31227.525329432192
1782388800,7.42851,7.49023,7.00171,7.21203,949485.8288004426
1782403200,7.2093,7.27392,7.13139,7.1646,341466.93617256987
1782417600,7.17252,7.2823,7.16893,7.23535,294507.46483786346
1782432000,7.24287,7.25801,7.00468,7.18754,453621.78576413833
1782446400,7.19434,7.32868,7.14621,7.31585,163272.18534257135
1782460800,7.31622,7.3207,7.11729,7.13665,121268.36004134838
1782475200,7.13769,7.34445,7.05,7.32869,538497.4578047591
1782489600,7.32841,7.3859,7.27937,7.32181,565633.1270579656
1782504000,7.32432,7.3771,7.28333,7.34416,294383.48222888546
1782518400,7.34413,7.40149,7.31533,7.35719,52913.64287540863
1782532800,7.35499,7.39,7.34088,7.37073,251863.39020238986
1782547200,7.37576,7.37576,7.31986,7.34846,68786.58004273087
1782561600,7.34565,7.46165,7.33001,7.4458,157706.20824953445
1782576000,7.4436,7.45486,7.42512,7.43652,18846.784295411802
