time,open,high,low,close,volume
1640995200,169.93,174.25,169.92,172.88,46370968.58
1641009600,172.88,174.31,171.28,173.12,33329552.76
1641024000,173.12,173.35,170.87,171.56,16257180.38
1641038400,171.56,174.13,171.46,173.87,16723302.76
1641052800,173.87,177.38,173.64,177.35,43094439.39
1641067200,177.35,179.21,176.22,179.09,62694611.48
1641081600,179.09,179.5,177.01,177.71,47310982.95
1641096000,177.71,178.08,175.17,175.86,22585445.25
1641110400,175.86,176.27,174.58,175.64,21279643.14
1641124800,175.64,176.75,175.07,176.26,16387051.41
1641139200,176.26,178.71,174.41,175.36,38875224.370000005
1641153600,175.36,177.07,174.74,176.4,22030872.0
1641168000,176.4,176.48,172.16,172.79,41067810.9
1641182400,172.79,173.83,172.03,173.11,25977256.17
1641196800,173.11,175.0,172.41,174.77,20228671.630000003
1641211200,174.77,175.89,170.87,170.94,40666903.0
1641225600,170.94,171.7,169.0,170.04,50419886.88
1641240000,170.04,171.06,166.68,170.08,50915496.42
1641254400,170.08,170.36,166.98,167.78,43335267.13
1641268800,167.78,169.11,166.49,169.04,39234787.29
1641283200,169.04,172.27,167.32,171.62,37383679.99
1641297600,171.62,173.83,170.57,172.15,54639484.95
1641312000,172.15,172.45,167.1,168.49,51510877.7
1641326400,168.49,169.43,167.49,167.75,27335501.16
1641340800,167.75,169.27,167.18,169.15,30430233.92
1641355200,169.15,170.42,168.11,169.88,19937433.15
1641369600,169.88,171.28,168.02,168.5,22987825.14
1641384000,168.5,169.25,167.5,168.25,42050481.77
1641398400,168.25,168.6,157.6,158.57,124025753.47
1641412800,158.57,159.69,145.02,154.36,190145862.74
1641427200,154.36,154.76,148.17,148.17,87281509.48
1641441600,148.17,150.9,147.08,150.64,92504394.99
1641456000,150.64,150.89,146.02,147.44,68432636.73
1641470400,147.44,151.0,146.23,149.68,99990306.77
1641484800,149.68,154.37,148.83,153.9,73117358.16
1641499200,153.9,153.93,150.05,150.23,47381053.74
1641513600,150.23,150.64,138.08,139.6,170664965.69
1641528000,139.6,141.13,134.72,138.88,142854955.8
1641542400,138.88,142.51,138.25,139.12,77733892.48
1641556800,139.12,142.72,133.79,135.96,94668589.42
1641571200,135.96,141.65,134.42,140.16,75881419.29
1641585600,140.16,141.0,135.92,136.39,50696093.29
1641600000,136.39,141.49,135.8,139.34,45435535.32
1641614400,139.34,144.58,139.32,144.34,46255268.73
1641628800,144.34,148.04,144.26,146.41,60313210.28
1641643200,146.41,146.75,142.3,144.22,51809020.3
1641657600,144.22,146.13,133.01,135.43,152804594.35
1641672000,135.43,146.82,134.64,142.11,108590834.21
1641686400,142.11,145.32,140.74,141.89,55203320.92
1641700800,141.89,143.72,140.12,140.42,22215328.23
1641715200,140.42,141.33,137.88,140.65,28317963.19
1641729600,140.65,140.88,138.0,140.12,25329446.81
1641744000,140.12,145.65,139.68,145.29,60597012.71
1641758400,145.29,145.62,140.05,140.77,48387635.41
1641772800,140.77,142.53,138.89,140.68,33780554.06
1641787200,140.68,143.75,140.31,143.05,32717615.53
1641801600,143.05,143.46,139.0,139.4,28570899.67
1641816000,139.4,139.7,130.06,133.17,153193506.92000002
1641830400,133.17,137.51,130.78,132.65,97856261.4
1641844800,132.65,136.11,131.93,135.86,49382557.52
1641859200,135.86,137.51,133.65,137.28,43383151.84
1641873600,137.28,137.9,135.08,137.28,28846059.95
1641888000,137.28,138.36,134.31,135.47,35861650.480000004
1641902400,135.47,138.0,135.09,137.06,52447939.31
1641916800,137.06,143.51,137.0,142.48,98423876.6
1641931200,142.48,143.17,139.82,140.25,37179989.89
1641945600,140.25,141.56,139.23,140.13,26619231.18
1641960000,140.13,140.87,138.27,138.96,25475633.71
1641974400,138.96,144.12,138.76,141.46,57452221.27
1641988800,141.46,148.64,141.28,147.73,110674011.23
1642003200,147.73,153.26,147.69,152.82,120376750.37
1642017600,152.82,153.26,151.36,151.51,45607183.45
1642032000,151.51,152.23,148.27,148.75,37054453.900000006
1642046400,148.75,151.63,148.71,151.46,23677281.64
1642060800,151.46,152.85,150.02,150.44,24144598.46
1642075200,150.44,157.85,150.36,154.88,105504982.79
1642089600,154.88,155.2,146.59,147.71,104932433.3
1642104000,147.71,149.91,145.59,146.2,53527712.98
1642118400,146.2,148.03,144.57,147.67,33554393.52
1642132800,147.67,150.62,146.84,147.69,32988059.09
1642147200,147.69,147.82,142.04,143.48,53147628.19
1642161600,143.48,148.41,142.09,147.35,69004129.22
1642176000,147.35,149.88,145.71,148.42,44687855.63
1642190400,148.42,149.01,145.5,146.18,54764872.19
1642204800,146.18,147.35,145.08,145.96,39786113.41
1642219200,145.96,146.31,144.7,145.5,28210854.92
1642233600,145.5,146.82,144.88,146.43,20049969.45
1642248000,146.43,148.66,144.08,148.01,32709105.7
1642262400,148.01,148.83,147.3,148.0,30626727.53
1642276800,148.0,149.59,147.5,147.74,25393741.23
1642291200,147.74,148.29,146.22,146.99,22262192.51
1642305600,146.99,150.07,146.5,149.76,25905045.47
1642320000,149.76,150.78,147.73,148.21,22514703.880000003
1642334400,148.21,151.96,147.19,149.98,38031583.28
1642348800,149.98,151.02,147.86,148.02,27993346.13
1642363200,148.02,148.67,146.34,147.96,32222502.1
1642377600,147.96,148.29,142.99,143.02,58636327.91
1642392000,143.02,143.91,141.75,143.36,32902754.12
1642406400,143.36,143.95,142.37,142.52,23740522.15
1642420800,142.52,143.85,141.09,142.17,33578177.53
1642435200,142.17,142.54,138.85,139.94,74998862.31
1642449600,139.94,140.33,137.15,139.84,40568518.97
1642464000,139.84,141.88,139.03,139.27,34615936.51
1642478400,139.27,140.94,138.18,140.22,21864057.86
1642492800,140.22,140.34,136.13,137.66,29843386.51
1642507200,137.66,138.25,134.39,136.69,54878252.260000005
1642521600,136.69,137.9,135.69,137.07,32716083.44
1642536000,137.07,142.8,136.45,141.29,45931532.46
1642550400,141.29,142.74,137.06,138.02,49095926.53
1642564800,138.02,139.18,134.11,134.43,31597011.87
1642579200,134.43,136.35,132.83,136.22,43342588.99
1642593600,136.22,138.66,135.52,137.01,42882662.74
1642608000,137.01,138.1,135.38,136.82,38515182.74
1642622400,136.82,137.55,135.1,135.3,34283347.42
1642636800,135.3,137.27,134.55,137.11,24732589.9
1642651200,137.11,137.9,136.31,137.41,14989409.03
1642665600,137.41,138.26,135.72,137.94,20112436.47
1642680000,137.94,143.61,137.05,143.35,56125838.88
1642694400,143.35,143.91,139.81,139.95,60507662.93
1642708800,139.95,140.22,126.22,127.65,111283132.09
1642723200,127.65,128.78,121.11,124.16,226525594.44
1642737600,124.16,126.81,123.87,126.58,53258269.67
1642752000,126.58,126.88,121.34,122.23,45680764.06
1642766400,122.23,122.9,115.41,121.97,155316046.17000002
1642780800,121.97,129.09,120.11,120.22,181602998.36
1642795200,120.22,121.93,106.16,112.47,213530019.4
1642809600,112.47,114.1,108.39,109.69,89396611.22
1642824000,109.69,110.45,98.52,100.54,144059507.87
1642838400,100.54,103.8,88.1,98.82,182547189.05
1642852800,98.82,103.44,92.99,93.14,126048061.88
1642867200,93.14,98.65,88.64,90.58,148530383.10000002
1642881600,90.58,96.89,89.8,94.68,101292714.56
1642896000,94.68,99.27,93.34,94.44,73619219.74
1642910400,94.44,101.59,93.58,101.28,69247259.42
1642924800,101.28,104.74,99.91,101.92,70052588.82
1642939200,101.92,103.26,96.29,98.85,76735188.68
1642953600,98.85,99.73,94.03,94.87,79539561.18
1642968000,94.87,101.89,94.27,99.81,84919654.18
1642982400,99.81,99.89,91.4,92.18,110164469.2
1642996800,92.18,92.85,86.05,86.68,100269749.97
1643011200,86.68,89.3,81.85,84.0,154381846.44
1643025600,84.0,88.03,80.79,87.45,214792106.28
1643040000,87.45,91.58,83.6,89.75,193166443.53
1643054400,89.75,96.1,89.57,91.99,122323536.49
1643068800,91.99,92.02,87.93,90.08,64548499.01
1643083200,90.08,90.72,87.48,89.98,49368258.26
1643097600,89.98,94.47,89.9,91.6,63238206.96
1643112000,91.6,94.88,90.45,92.95,104009264.64
1643126400,92.95,100.01,92.74,96.26,135128753.25
1643140800,96.26,96.32,92.02,94.65,79433198.66
1643155200,94.65,95.43,91.38,94.82,75475669.64
1643169600,94.82,96.97,93.75,94.5,46679003.8
1643184000,94.5,98.3,94.47,98.1,51567629.52
1643198400,98.1,102.06,96.16,98.89,117767611.25
1643212800,98.89,104.39,96.47,98.18,141294326.32
1643227200,98.18,98.19,89.32,92.14,128899254.01
1643241600,92.14,93.7,85.75,86.76,105335777.77
1643256000,86.76,89.9,86.38,88.82,46670437.1
1643270400,88.82,91.37,88.3,91.22,39008143.0
1643284800,91.22,94.62,90.79,92.35,87914620.74000001
1643299200,92.35,93.45,89.18,89.94,67394006.7
1643313600,89.94,90.65,85.71,89.56,79975097.97
1643328000,89.56,92.97,88.74,92.47,71490156.64
1643342400,92.47,93.54,89.57,89.63,42382554.38
1643356800,89.63,90.98,87.63,88.6,31946054.57
1643371200,88.6,91.48,87.23,91.15,56462574.29
1643385600,91.15,93.06,90.17,91.66,63613771.73
1643400000,91.66,93.48,90.29,91.36,67581663.85
1643414400,91.36,93.77,90.54,92.11,34538764.51
1643428800,92.11,97.27,92.04,97.22,46975667.83
1643443200,97.22,97.7,95.22,96.36,33743185.8
1643457600,96.36,98.94,93.94,95.1,59882788.41
1643472000,95.1,95.8,93.55,95.31,41405166.76
1643486400,95.31,96.84,94.66,96.16,49391427.43
1643500800,96.16,96.37,93.7,94.49,34927883.24
1643515200,94.49,97.58,94.41,96.72,21249390.17
1643529600,96.72,97.09,95.13,96.42,17223678.96
1643544000,96.42,96.57,93.96,95.07,17641069.67
1643558400,95.07,95.91,91.81,92.08,32925199.19
1643572800,92.08,94.27,91.45,93.32,25841580.92
1643587200,93.32,93.65,89.32,90.81,38040236.42
1643601600,90.81,90.81,89.12,90.23,19938389.85
1643616000,90.23,91.76,90.02,91.43,21747631.26
1643630400,91.43,96.04,90.37,95.31,55077979.120000005
1643644800,95.31,98.74,95.02,98.47,107369805.6
1643659200,98.47,101.39,97.48,99.54,83489520.12
1643673600,99.54,108.37,99.08,107.07,142602171.91
1643688000,107.07,107.61,104.61,105.53,64090618.54
1643702400,105.53,108.9,103.9,106.45,74690173.2
1643716800,106.45,110.81,106.12,108.73,114429602.21
1643731200,108.73,113.72,107.83,108.01,154205362.66
1643745600,108.01,112.28,107.94,110.09,70750098.1
1643760000,110.09,112.45,108.26,110.73,68605703.25999999
1643774400,110.73,110.8,107.67,108.51,46777926.32
1643788800,108.51,110.61,108.38,110.04,30580235.67
1643803200,110.04,112.33,105.37,106.03,90199819.0
1643817600,106.03,111.92,103.63,110.06,100817165.63
1643832000,110.06,110.14,96.96,101.89,237591593.8
1643846400,101.89,103.17,96.72,97.47,84101786.89
1643860800,97.47,99.55,97.24,99.45,33793028.58
1643875200,99.45,100.02,94.12,97.43,64606177.49
1643889600,97.43,99.03,94.35,98.34,79244834.69
1643904000,98.34,99.24,95.96,96.9,43422187.28
1643918400,96.9,102.34,95.9,101.9,76144967.57
1643932800,101.9,103.89,100.39,102.45,48189491.28
1643947200,102.45,106.9,101.76,104.91,65580009.87
1643961600,104.91,106.99,104.57,104.86,52660564.79
1643976000,104.86,109.82,101.76,107.25,138463290.95999998
1643990400,107.25,111.53,107.05,110.74,118782869.39
1644004800,110.74,112.89,109.4,112.58,59935558.510000005
1644019200,112.58,114.25,110.33,114.12,72664437.46000001
1644033600,114.12,118.68,113.68,115.66,85064186.17
1644048000,115.66,116.99,114.51,115.02,40291218.13
1644062400,115.02,117.24,114.3,116.12,44098609.35
1644076800,116.12,116.44,110.92,113.59,69904327.46
1644091200,113.59,115.84,112.99,113.82,32607526.73
1644105600,113.82,115.82,113.75,114.51,26243678.24
1644120000,114.51,114.96,112.24,114.4,41731530.27
1644134400,114.4,116.12,113.66,114.43,32382014.48
1644148800,114.43,115.96,111.67,113.1,45569223.19
1644163200,113.1,114.55,112.11,112.92,30333719.45
1644177600,112.92,115.54,112.15,115.33,37527186.510000005
1644192000,115.33,119.75,112.8,119.3,69470689.62
1644206400,119.3,120.05,117.12,117.34,50039941.68
1644220800,117.34,117.93,115.6,117.58,43324270.16
1644235200,117.58,121.79,116.7,121.48,81343916.22
1644249600,121.48,121.97,119.41,120.29,87344848.95
1644264000,120.29,120.99,116.64,117.57,68769889.39
1644278400,117.57,119.03,115.63,117.57,62017321.9
1644292800,117.57,120.32,116.95,117.84,82786541.43
1644307200,117.84,117.95,112.27,114.43,65992185.25
1644321600,114.43,114.43,110.32,112.12,83886766.24
1644336000,112.12,112.75,110.43,110.96,56945585.57
1644350400,110.96,114.81,109.78,113.42,68574312.86
1644364800,113.42,115.15,110.92,111.29,43616409.28
1644379200,111.29,112.0,109.41,111.66,36309190.67
1644393600,111.66,113.78,110.5,113.38,26345948.32
1644408000,113.38,117.2,112.93,113.3,58054069.010000005
1644422400,113.3,115.76,112.65,115.15,48846113.19
1644436800,115.15,116.51,113.77,114.04,40241195.14
1644451200,114.04,114.15,110.65,111.06,44068906.31
1644465600,111.06,112.6,110.89,112.46,25009654.39
1644480000,112.46,114.97,112.17,113.87,34433577.57
1644494400,113.87,114.21,105.82,112.04,122146222.43
1644508800,112.04,113.01,108.22,108.89,75947077.77
1644523200,108.89,109.55,105.79,106.18,46111882.02
1644537600,106.18,106.62,103.7,104.74,59214083.35
1644552000,104.74,105.89,103.32,105.77,27279237.62
1644566400,105.77,106.52,104.55,105.57,22970512.9
1644580800,105.57,108.36,105.08,106.9,43473584.49
1644595200,106.9,107.16,99.39,99.71,107028502.73
1644609600,99.71,100.06,95.2,96.52,93180580.26
1644624000,96.52,98.54,95.47,96.9,34580810.91
1644638400,96.9,97.67,92.91,93.71,40851581.75
1644652800,93.71,96.24,93.71,96.12,21070201.03
1644667200,96.12,96.24,93.58,95.07,28496879.55
1644681600,95.07,99.87,94.73,97.24,42533389.72
1644696000,97.24,98.35,94.27,95.96,34496844.8
1644710400,95.96,97.39,95.15,95.95,25628965.65
1644724800,95.95,96.7,95.26,96.36,12956329.0
1644739200,96.36,97.0,95.52,96.21,12875754.22
1644753600,96.21,96.96,95.48,95.62,20851104.130000003
1644768000,95.62,95.69,91.42,92.23,50863242.11
1644782400,92.23,94.14,91.98,92.9,21419368.37
1644796800,92.9,93.8,90.83,93.57,34794839.27
1644811200,93.57,94.85,92.77,94.81,20853434.43
1644825600,94.81,94.95,91.76,93.17,25474303.32
1644840000,93.17,97.92,92.39,96.59,54356853.67
1644854400,96.59,97.95,93.4,94.4,46813990.69
1644868800,94.4,97.21,93.71,96.43,35726336.74
1644883200,96.43,102.5,96.39,101.37,55096908.94
1644897600,101.37,102.39,100.4,102.06,27033575.33
1644912000,102.06,103.74,101.36,102.5,50656395.96
1644926400,102.5,103.31,101.2,102.85,45602397.57
1644940800,102.85,103.27,100.92,101.66,44141127.26
1644955200,101.66,105.83,101.03,105.54,53162647.61
1644969600,105.54,105.63,102.53,102.87,39528461.45
1644984000,102.87,104.49,100.88,104.3,31698070.85
1644998400,104.3,104.43,101.54,102.55,24453496.94
1645012800,102.55,102.8,98.42,99.12,51162506.62
1645027200,99.12,103.65,98.33,103.28,56215925.99
1645041600,103.28,103.61,101.63,101.94,35937039.58
1645056000,101.94,102.84,99.19,99.26,29423424.43
1645070400,99.26,100.99,98.17,100.95,29041633.85
1645084800,100.95,101.12,97.96,99.14,31806235.77
1645099200,99.14,99.71,96.68,97.38,40412829.26
1645113600,97.38,97.83,93.12,94.9,57863212.19
1645128000,94.9,94.93,92.39,93.58,41428298.17
1645142400,93.58,95.57,92.84,94.43,33226212.67
1645156800,94.43,95.55,93.87,95.26,15370295.44
1645171200,95.26,96.43,93.7,93.98,17319061.25
1645185600,93.98,94.86,90.21,90.95,51643025.97
1645200000,90.95,92.03,89.36,91.05,51416750.44
1645214400,91.05,91.42,89.4,89.93,26905758.950000003
1645228800,89.93,92.27,89.83,91.24,14582314.46
1645243200,91.24,92.73,91.09,92.15,12361014.43
1645257600,92.15,92.38,88.71,89.52,46408095.120000005
1645272000,89.52,91.12,88.72,91.02,20800214.7
1645286400,91.02,92.18,89.73,89.92,20633351.0
1645300800,89.92,91.75,89.56,91.31,12863483.1
1645315200,91.31,91.44,87.94,88.45,21522690.58
1645329600,88.45,88.67,85.69,87.37,35803194.48
1645344000,87.37,90.16,85.8,89.19,36338686.09
1645358400,89.19,90.88,87.43,89.49,29116306.73
1645372800,89.49,93.47,89.29,92.05,42323437.39
1645387200,92.05,93.94,90.31,90.75,38989683.6
1645401600,90.75,95.34,90.54,93.88,53029981.83
1645416000,93.88,95.76,93.84,95.52,24108282.06
1645430400,95.52,96.16,88.19,89.22,40710016.27
1645444800,89.22,92.25,87.05,89.64,81236689.72999999
1645459200,89.64,90.32,86.32,87.53,59789490.5
1645473600,87.53,88.29,82.73,82.99,60088283.35
1645488000,82.99,84.63,81.06,81.63,52269812.74
1645502400,81.63,83.8,81.43,82.18,40001506.75
1645516800,82.18,85.94,81.9,85.24,31570138.89
1645531200,85.24,87.59,84.27,85.9,41756184.81
1645545600,85.9,86.56,83.87,86.3,39384408.26
1645560000,86.3,87.14,84.81,86.44,25867922.86
1645574400,86.44,88.78,86.16,87.27,46391271.26
1645588800,87.27,90.02,87.03,89.18,31638702.95
1645603200,89.18,93.25,88.8,92.07,41166768.45
1645617600,92.07,93.34,89.14,89.78,66531098.07
1645632000,89.78,92.21,87.62,88.15,46420529.76
1645646400,88.15,88.33,84.44,84.61,45620154.86
1645660800,84.61,85.86,76.28,77.52,105484167.46
1645675200,77.52,84.04,75.43,82.15,118198057.7
1645689600,82.15,84.58,79.4,81.42,72681653.03999999
1645704000,81.42,86.19,79.53,85.0,76215491.88
1645718400,85.0,91.37,83.44,90.96,96399772.21
1645732800,90.96,92.69,86.79,89.41,70002622.05
1645747200,89.41,90.82,87.71,89.7,35807420.59
1645761600,89.7,89.91,86.88,88.78,33082127.42
1645776000,88.78,89.44,87.0,89.25,29421109.96
1645790400,89.25,92.19,87.94,91.17,73503668.75999999
1645804800,91.17,92.0,88.91,89.6,59905338.69
1645819200,89.6,95.05,89.08,92.84,65709536.97
1645833600,92.84,95.16,92.21,92.83,40236394.15
1645848000,92.83,93.63,90.55,92.05,18652542.02
1645862400,92.05,92.99,90.12,90.71,25783031.83
1645876800,90.71,92.09,90.17,91.31,15393850.9
1645891200,91.31,91.71,89.29,90.82,33038777.15
1645905600,90.82,92.67,89.63,90.29,24229587.65
1645920000,90.29,90.73,86.3,87.06,33639189.63
1645934400,87.06,89.28,86.64,88.9,14561016.08
1645948800,88.9,90.93,88.12,90.84,17583792.59
1645963200,90.84,92.23,88.55,91.23,35470666.71
1645977600,91.23,91.3,84.54,84.89,43009490.71
1645992000,84.89,86.57,84.18,85.66,44512780.16
1646006400,85.66,88.08,84.21,86.75,36279210.23
1646020800,86.75,88.8,84.79,88.15,23444788.09
1646035200,88.15,91.14,88.14,90.8,37035351.24
1646049600,90.8,96.71,88.96,95.63,112127597.14000002
1646064000,95.63,97.15,94.36,96.24,76042564.57
1646078400,96.24,102.36,96.04,99.75,84944889.19
1646092800,99.75,101.03,96.07,97.38,106699191.27
1646107200,97.38,97.9,95.15,96.97,46064182.83
1646121600,96.97,98.51,94.39,97.81,50184168.28
1646136000,97.81,101.88,96.77,97.96,113450682.84
1646150400,97.96,99.11,96.12,97.76,50249703.95
1646164800,97.76,99.38,96.93,98.65,40778881.2
1646179200,98.65,105.18,96.85,104.26,111649161.06
1646193600,104.26,105.31,101.33,102.38,56558807.18
1646208000,102.38,106.37,101.26,104.65,65682276.67
1646222400,104.65,105.21,100.28,101.62,88109678.67
1646236800,101.62,103.37,99.98,100.91,60230609.65
1646251200,100.91,101.89,99.97,100.75,46345681.49
1646265600,100.75,101.71,97.86,98.42,56459312.43
1646280000,98.42,100.72,97.99,99.83,26306536.17
1646294400,99.83,101.21,98.82,99.77,29712870.28
1646308800,99.77,100.92,95.11,95.88,60801787.07
1646323200,95.88,96.22,94.13,94.94,67838464.49000001
1646337600,94.94,96.39,94.1,95.6,37585934.94
1646352000,95.6,95.88,90.69,91.53,69304176.39
1646366400,91.53,92.25,90.85,91.96,25944126.17
1646380800,91.96,93.81,90.6,93.13,32211212.15
1646395200,93.13,93.65,90.76,91.29,70077655.6
1646409600,91.29,92.87,88.45,88.55,59343343.620000005
1646424000,88.55,89.37,87.03,88.24,49895309.39
1646438400,88.24,88.35,86.08,87.74,45043729.57
1646452800,87.74,89.21,86.92,88.84,28976167.06
1646467200,88.84,89.12,87.94,88.76,19149883.96
1646481600,88.76,89.7,87.86,89.13,19784641.37
1646496000,89.13,91.15,89.13,90.15,35311639.02
1646510400,90.15,90.47,89.07,89.61,19810817.79
1646524800,89.61,89.9,87.5,87.67,25487526.89
1646539200,87.67,88.93,86.84,88.42,22737040.51
1646553600,88.42,88.42,85.97,86.87,27045029.85
1646568000,86.87,88.15,86.56,87.24,20221557.73
1646582400,87.24,88.23,84.98,85.41,40216473.36
1646596800,85.41,86.37,84.19,84.55,35456219.89
1646611200,84.55,84.64,81.54,82.26,51149166.11
1646625600,82.26,83.36,81.37,81.82,25662540.64
1646640000,81.82,83.28,81.44,83.2,26228179.73
1646654400,83.2,86.58,83.17,85.06,51283619.3
1646668800,85.06,85.95,80.11,80.34,56305606.5
1646683200,80.34,82.89,79.99,81.88,44874694.17
1646697600,81.88,84.48,81.39,83.47,39243198.84
1646712000,83.47,84.16,82.56,83.0,28148356.17
1646726400,83.0,84.9,82.74,83.96,27156825.38
1646740800,83.96,84.5,81.86,82.78,38907262.23
1646755200,82.78,84.98,81.39,82.84,60302527.97
1646769600,82.84,83.15,81.47,82.31,21465009.15
1646784000,82.31,88.46,82.03,88.19,55510407.11
1646798400,88.19,89.62,87.06,89.25,41783344.03
1646812800,89.25,89.75,87.99,88.27,28137522.96
1646827200,88.27,89.28,86.58,88.92,56478575.79
1646841600,88.92,89.29,86.08,87.01,53649564.8
1646856000,87.01,88.79,86.12,88.07,33558362.04
1646870400,88.07,88.61,85.38,85.41,42583039.62
1646884800,85.41,85.56,82.02,82.62,45024678.89
1646899200,82.62,83.19,81.9,82.11,25692825.52
1646913600,82.11,83.91,80.99,81.92,53965257.620000005
1646928000,81.92,82.61,81.76,82.51,28545312.74
1646942400,82.51,84.0,82.25,82.93,24205539.75
1646956800,82.93,83.18,80.88,81.97,33078122.880000003
1646971200,81.97,82.59,80.3,82.22,28347920.01
1646985600,82.22,83.86,81.29,83.33,25876979.03
1647000000,83.33,84.28,81.41,81.75,43414016.96
1647014400,81.75,81.78,80.41,80.57,37700875.84
1647028800,80.57,81.53,80.09,80.67,22650017.6
1647043200,80.67,82.72,80.64,81.82,17830069.8
1647057600,81.82,82.48,81.36,81.72,14624966.99
1647072000,81.72,81.73,80.66,81.13,11405466.77
1647086400,81.13,82.31,81.04,81.78,13068279.84
1647100800,81.78,82.33,81.56,81.65,11273271.4
1647115200,81.65,82.2,81.37,81.41,12378710.22
1647129600,81.41,82.57,81.05,82.55,12468011.72
1647144000,82.55,83.17,81.73,81.77,12480929.83
1647158400,81.77,81.83,80.89,81.07,10833499.14
1647172800,81.07,81.66,80.13,81.21,19545938.13
1647187200,81.21,81.44,80.35,80.47,15438448.88
1647201600,80.47,80.47,77.92,78.76,41754081.78
1647216000,78.76,79.87,78.07,79.59,26886085.57
1647230400,79.59,81.39,79.53,80.87,22012255.700000003
1647244800,80.87,82.23,80.87,80.96,17824426.69
1647259200,80.96,81.44,80.18,80.94,36036609.01
1647273600,80.94,81.01,78.57,79.92,36910435.65
1647288000,79.92,81.33,79.19,81.26,25302838.95
1647302400,81.26,81.52,79.35,79.67,19669312.44
1647316800,79.67,80.34,78.91,79.31,13786061.38
1647331200,79.31,80.4,78.98,80.14,15381521.05
1647345600,80.14,81.24,79.66,81.03,23215125.94
1647360000,81.03,85.88,80.76,84.54,59405008.58
1647374400,84.54,85.14,82.81,82.85,37101750.66
1647388800,82.85,86.21,82.28,82.37,53377508.42
1647403200,82.37,82.9,81.55,82.74,20454354.130000003
1647417600,82.74,84.58,82.73,84.26,28137444.62
1647432000,84.26,84.81,82.79,83.98,35209210.14
1647446400,83.98,85.97,82.3,85.69,53395809.33
1647460800,85.69,87.99,85.62,87.84,34442180.3
1647475200,87.84,89.13,87.04,88.01,35759415.67
1647489600,88.01,88.96,86.82,87.22,21562467.41
1647504000,87.22,87.78,86.68,87.71,18887736.34
1647518400,87.71,90.7,87.62,89.38,60520479.58
1647532800,89.38,90.85,88.73,90.79,60426446.68
1647547200,90.79,90.99,87.74,87.88,39903868.09
1647561600,87.88,88.09,85.71,86.06,42999189.03
1647576000,86.06,87.15,85.6,85.78,25210572.12
1647590400,85.78,86.59,84.53,84.94,25203809.05
1647604800,84.94,88.31,84.71,88.31,43586942.25
1647619200,88.31,91.99,88.31,91.09,78705201.85
1647633600,91.09,91.73,88.97,89.81,35392217.53
1647648000,89.81,92.31,89.43,90.34,44764001.23
1647662400,90.34,90.85,89.3,89.36,25572145.69
1647676800,89.36,91.02,89.31,90.76,17082477.44
1647691200,90.76,94.25,90.45,94.12,52230510.55
1647705600,94.12,94.55,92.4,92.71,45601137.42
1647720000,92.71,93.45,91.43,92.41,30257733.56
1647734400,92.41,92.53,90.44,90.83,25997891.26
1647748800,90.83,91.6,90.46,91.06,11690179.75
1647763200,91.06,91.67,89.73,90.01,14417802.83
1647777600,90.01,90.7,88.99,89.24,25577840.11
1647792000,89.24,89.91,87.97,89.54,32935877.95
1647806400,89.54,90.34,88.39,88.6,22731047.06
1647820800,88.6,89.2,86.92,87.75,29574273.58
1647835200,87.75,89.74,87.63,89.65,15278857.3
1647849600,89.65,91.15,89.45,89.93,25695822.38
1647864000,89.93,91.22,88.77,89.62,42445007.9
1647878400,89.62,89.63,87.53,88.75,42505761.56
1647892800,88.75,89.23,88.3,88.65,14792305.29
1647907200,88.65,91.71,88.05,91.06,36775883.51
1647921600,91.06,92.42,89.61,90.3,33317689.12
1647936000,90.3,92.22,90.11,92.04,21783240.92
1647950400,92.04,93.96,91.12,92.77,50447070.61
1647964800,92.77,93.56,91.51,91.57,28504733.05
1647979200,91.57,92.46,90.34,90.47,26497976.83
1647993600,90.47,91.34,89.35,90.17,28245443.92
1648008000,90.17,91.8,89.71,91.16,17402871.84
1648022400,91.16,91.76,90.63,91.35,17715914.5
1648036800,91.35,96.27,91.02,95.73,87556728.30000001
1648051200,95.73,96.12,92.6,92.81,69114751.25
1648065600,92.81,95.22,92.68,94.89,34839787.17
1648080000,94.89,95.95,93.53,94.67,56340670.26
1648094400,94.67,97.6,94.63,97.14,37843404.95
1648108800,97.14,101.78,96.77,100.08,81415057.11
1648123200,100.08,102.17,98.29,101.64,107559317.64
1648137600,101.64,103.71,100.69,102.92,83236487.62
1648152000,102.92,103.55,101.54,102.39,40552102.98
1648166400,102.39,104.72,100.93,103.5,57044350.97
1648180800,103.5,104.86,102.8,102.95,35257609.18
1648195200,102.95,104.48,101.58,104.32,34878645.620000005
1648209600,104.32,104.49,99.75,100.25,62757452.63
1648224000,100.25,100.85,97.12,98.52,93181609.48
1648238400,98.52,99.27,97.88,98.65,24991114.380000003
1648252800,98.65,99.25,97.72,99.02,24368648.26
1648267200,99.02,101.5,98.62,101.29,30366803.39
1648281600,101.29,101.5,100.03,100.48,15984883.24
1648296000,100.48,101.95,99.8,101.17,23487559.25
1648310400,101.17,103.34,101.14,102.76,41491480.25
1648324800,102.76,103.39,101.29,101.79,23803114.96
1648339200,101.79,103.0,101.39,101.87,20979274.94
1648353600,101.87,102.48,101.15,102.23,10217546.48
1648368000,102.23,102.43,100.24,100.46,19099683.74
1648382400,100.46,101.59,98.89,101.53,27127185.24
1648396800,101.53,103.38,100.98,103.25,31867174.09
1648411200,103.25,107.44,101.92,107.08,81144697.69
1648425600,107.08,107.59,105.22,106.87,48406572.79
1648440000,106.87,111.91,105.99,108.9,65942068.03
1648454400,108.9,111.67,107.71,110.04,43118163.93
1648468800,110.04,113.84,109.32,110.0,97730139.97
1648483200,110.0,113.03,109.0,111.38,79939280.47
1648497600,111.38,113.07,105.62,105.93,81080245.96000001
1648512000,105.93,110.53,105.61,109.19,59921833.2
1648526400,109.19,111.75,108.65,109.97,48131650.99
1648540800,109.97,113.52,109.92,113.31,52102422.23
1648555200,113.31,115.65,111.44,111.64,95700417.69
1648569600,111.64,114.04,109.02,113.81,106911528.18
1648584000,113.81,113.9,109.35,111.78,55325088.36
1648598400,111.78,111.78,107.16,110.75,63585511.97
1648612800,110.75,112.89,109.64,112.35,43443566.23
1648627200,112.35,112.86,110.91,112.28,31093909.34
1648641600,112.28,123.97,111.67,123.27,247250995.43
1648656000,123.27,124.56,119.84,121.05,152574894.67
1648670400,121.05,121.4,119.16,120.64,53133472.43
1648684800,120.64,123.85,120.01,121.22,62773053.16
1648699200,121.22,123.55,120.44,123.32,32209942.14
1648713600,123.32,127.85,122.58,127.27,77675080.69
1648728000,127.27,129.36,122.27,125.32,195290045.03
1648742400,125.32,127.51,121.82,123.02,157537960.95
1648756800,123.02,125.61,122.3,122.84,59211618.3
1648771200,122.84,124.93,117.78,121.96,128630496.53
1648785600,121.96,126.45,119.96,126.44,71769331.53
1648800000,126.44,127.07,124.05,124.44,48065325.57
1648814400,124.44,133.75,122.18,132.67,181393927.61
1648828800,132.67,137.62,132.22,137.45,119807488.57
1648843200,137.45,138.44,133.49,134.54,82058147.41
1648857600,134.54,137.29,133.07,134.71,67173540.63
1648872000,134.71,136.37,134.17,135.85,30623452.95
1648886400,135.85,138.44,135.07,137.78,34559358.05
1648900800,137.78,143.54,136.34,137.98,123972205.43
1648915200,137.98,140.49,134.5,135.92,95488079.44
1648929600,135.92,137.55,131.44,132.51,65891317.78999999
1648944000,132.51,136.19,130.68,135.41,73132392.33
1648958400,135.41,138.94,135.41,137.56,45662306.44
1648972800,137.56,140.98,136.4,139.13,49154455.89
1648987200,139.13,140.02,135.6,136.09,52897146.35
1649001600,136.09,136.95,134.17,135.34,44667409.620000005
1649016000,135.34,139.49,135.11,136.91,53564121.77
1649030400,136.91,137.42,134.22,135.37,46239747.57
1649044800,135.37,138.28,134.9,137.0,25375294.7
1649059200,137.0,137.87,133.13,134.76,43421368.67
1649073600,134.76,135.49,128.46,129.31,87101971.14
1649088000,129.31,131.67,125.91,130.11,94888494.69
1649102400,130.11,133.09,129.07,132.13,78367896.42
1649116800,132.13,133.97,129.79,133.4,34786175.57
1649131200,133.4,134.23,131.49,133.35,19562553.55
1649145600,133.35,134.86,131.51,134.55,26616368.39
1649160000,134.55,136.63,129.24,131.49,96622775.58
1649174400,131.49,133.62,129.29,131.19,70299845.86
1649188800,131.19,131.48,126.09,126.83,54607059.4
1649203200,126.83,126.94,120.25,123.7,90808759.57
1649217600,123.7,127.39,123.07,125.53,35417824.120000005
1649232000,125.53,125.77,119.34,121.64,63825576.620000005
1649246400,121.64,123.2,114.88,117.64,165415509.8
1649260800,117.64,120.54,114.66,118.81,123069785.96
1649275200,118.81,119.62,112.16,112.99,68492545.37
1649289600,112.99,114.91,110.96,113.76,90232586.82
1649304000,113.76,116.44,113.07,115.98,34442278.78
1649318400,115.98,117.67,113.8,117.44,43423644.72
1649332800,117.44,118.61,111.76,113.26,93121119.66
1649347200,113.26,118.58,112.73,117.71,60159727.25
1649361600,117.71,119.96,116.78,118.6,37298116.63
1649376000,118.6,122.41,118.01,122.1,60028455.91
1649390400,122.1,122.38,116.75,119.12,39355520.010000005
1649404800,119.12,120.22,114.94,115.28,44781152.47
1649419200,115.28,118.52,112.92,116.49,69312975.07
1649433600,116.49,116.91,112.74,113.64,65492959.38
1649448000,113.64,114.0,108.15,109.97,60985702.98
1649462400,109.97,111.82,108.32,109.41,46902903.21
1649476800,109.41,111.15,109.01,110.72,20120419.9
1649491200,110.72,111.17,109.05,110.5,15234421.1
1649505600,110.5,111.8,109.42,109.62,30202037.05
1649520000,109.62,111.58,109.29,109.81,20397036.28
1649534400,109.81,113.67,109.57,112.96,25319203.54
1649548800,112.96,113.98,111.35,113.44,22727487.69
1649563200,113.44,113.62,111.45,111.64,20155513.67
1649577600,111.64,112.23,109.8,111.1,19099523.46
1649592000,111.1,112.69,110.55,112.45,19978155.85
1649606400,112.45,116.04,111.95,114.58,36014639.78
1649620800,114.58,115.37,110.62,111.02,44287367.83
1649635200,111.02,111.94,108.39,110.01,47817030.03
1649649600,110.01,111.35,109.61,111.15,22548507.4
1649664000,111.15,111.83,103.4,103.96,78591614.78999999
1649678400,103.96,104.77,101.27,101.48,80496958.49
1649692800,101.48,103.87,100.79,101.42,58270262.45
1649707200,101.42,102.6,98.2,99.65,72229775.46000001
1649721600,99.65,101.1,98.41,99.71,41895125.3
1649736000,99.71,103.25,99.3,103.04,34782225.18
1649750400,103.04,105.71,102.26,105.61,35196862.81
1649764800,105.61,109.36,104.9,106.0,129321502.16
1649779200,106.0,107.1,100.36,100.98,62109544.76
1649793600,100.98,103.66,100.81,103.26,37240808.18
1649808000,103.26,105.06,101.94,103.67,31813942.57
1649822400,103.67,104.83,103.01,103.93,23763676.01
1649836800,103.93,104.3,101.08,101.11,21914339.22
1649851200,101.11,106.0,100.12,105.23,72144628.49
1649865600,105.23,105.97,103.71,103.96,42473249.71
1649880000,103.96,105.45,103.72,104.97,24652766.97
1649894400,104.97,107.33,104.55,105.66,34349155.12
1649908800,105.66,107.7,105.62,106.43,23684861.22
1649923200,106.43,107.27,103.28,103.65,26616021.97
1649937600,103.65,105.76,101.14,101.35,55598624.66
1649952000,101.35,101.95,99.04,99.6,63214777.21
1649966400,99.6,101.26,99.14,100.77,22433035.85
1649980800,100.77,102.11,99.57,102.04,19340241.4
1649995200,102.04,102.48,100.56,101.82,17820570.97
1650009600,101.82,102.08,100.88,101.68,12213276.06
1650024000,101.68,102.88,99.92,102.35,30479201.130000003
1650038400,102.35,102.81,100.24,100.41,30796836.48
1650052800,100.41,101.42,100.35,101.35,15495072.51
1650067200,101.35,102.04,100.93,101.09,13413331.47
1650081600,101.09,101.89,101.01,101.47,8304091.55
1650096000,101.47,102.76,101.13,101.92,13054775.22
1650110400,101.92,103.48,100.81,101.02,21416362.5
1650124800,101.02,102.71,100.81,101.95,15914550.63
1650139200,101.95,102.9,101.75,102.1,18360096.68
1650153600,102.1,102.36,101.05,101.53,11838408.75
1650168000,101.53,102.23,101.36,101.92,8141647.6
1650182400,101.92,102.51,101.82,102.47,7159792.3
1650196800,102.47,105.25,102.34,105.11,29372535.71
1650211200,105.11,105.44,102.82,104.05,41068495.38
1650225600,104.05,104.27,99.68,100.18,36602671.82
1650240000,100.18,101.73,99.91,101.19,20413750.77
1650254400,101.19,101.32,95.09,96.44,59690085.38
1650268800,96.44,97.27,94.85,96.79,26221999.38
1650283200,96.79,99.18,96.79,98.69,39148472.88
1650297600,98.69,102.34,97.11,101.18,57304709.94
1650312000,101.18,102.66,101.04,102.37,28387438.88
1650326400,102.37,103.75,101.24,101.42,28883440.55
1650340800,101.42,102.57,101.06,101.84,15451128.58
1650355200,101.84,103.49,101.48,102.55,19262770.44
1650369600,102.55,108.54,102.48,106.53,76339786.39999999
1650384000,106.53,107.18,105.38,106.96,33792566.910000004
1650398400,106.96,108.82,105.78,108.61,47321853.37
1650412800,108.61,109.47,107.06,108.28,32146584.6
1650427200,108.28,108.58,106.7,107.03,20147751.08
1650441600,107.03,110.91,106.62,110.47,43375265.04
1650456000,110.47,110.75,104.8,105.76,73418516.41
1650470400,105.76,106.67,104.35,105.99,40681673.63
1650484800,105.99,107.59,105.04,105.59,28726777.26
1650499200,105.59,107.16,105.41,107.02,26688494.88
1650513600,107.02,107.59,105.33,106.82,22403670.75
1650528000,106.82,109.0,105.79,108.39,36276519.69
1650542400,108.39,109.98,107.66,107.78,67750732.26
1650556800,107.78,107.78,104.29,104.37,65332445.97
1650571200,104.37,104.37,100.03,101.77,68167465.72
1650585600,101.77,103.1,101.46,102.49,28036673.07
1650600000,102.49,103.55,101.36,102.63,26536085.65
1650614400,102.63,102.96,100.12,102.22,24518663.3
1650628800,102.22,102.78,99.36,99.68,49548760.88
1650643200,99.68,101.98,99.23,100.91,38967088.89
1650657600,100.91,101.73,100.02,100.54,19320036.93
1650672000,100.54,100.98,99.33,99.86,19646741.07
1650686400,99.86,101.27,98.37,101.2,26161667.12
1650700800,101.2,102.03,100.72,101.56,17935192.759999998
1650715200,101.56,102.55,100.83,102.09,20776520.79
1650729600,102.09,102.89,101.46,102.07,19330239.57
1650744000,102.07,102.46,100.29,100.61,15826502.58
1650758400,100.61,101.58,100.26,101.28,16885736.46
1650772800,101.28,101.99,101.17,101.77,11302756.41
1650787200,101.77,102.25,100.86,101.13,11730546.11
1650801600,101.13,101.53,99.86,100.05,30072733.89
1650816000,100.05,101.24,98.64,100.5,29626726.83
1650830400,100.5,100.69,99.01,99.23,17014613.43
1650844800,99.23,99.42,96.2,98.08,42083252.0
1650859200,98.08,98.28,94.35,95.17,29542206.0
1650873600,95.17,96.93,94.53,96.76,25137798.71
1650888000,96.76,98.24,95.9,96.99,40851261.62
1650902400,96.99,100.76,96.81,100.72,44011933.42
1650916800,100.72,101.58,99.84,100.99,26065006.21
1650931200,100.99,101.98,100.27,100.97,18635642.84
1650945600,100.97,101.51,100.18,100.89,15115679.260000002
1650960000,100.89,101.55,99.79,100.47,16637862.18
1650974400,100.47,101.07,96.38,96.54,43537430.96
1650988800,96.54,97.75,95.67,96.64,42819573.89
1651003200,96.64,97.47,94.68,95.71,32870849.99
1651017600,95.71,97.19,94.93,96.78,19697497.96
1651032000,96.78,99.45,96.62,99.3,21949267.92
1651046400,99.3,100.11,98.13,99.19,28312725.42
1651060800,99.19,100.76,96.86,98.13,58290565.46
1651075200,98.13,98.98,96.82,97.41,33829996.35
1651089600,97.41,98.88,97.22,98.34,17930895.43
1651104000,98.34,99.87,97.99,99.17,24335713.56
1651118400,99.17,99.99,98.58,99.51,17335801.240000002
1651132800,99.51,100.54,99.04,99.86,19639931.21
1651147200,99.86,100.08,96.35,97.52,55201389.56
1651161600,97.52,100.2,96.85,98.72,43825433.82
1651176000,98.72,99.11,97.31,98.22,25613869.34
1651190400,98.22,98.64,96.97,97.23,19615147.74
1651204800,97.23,97.99,96.76,97.81,16206100.84
1651219200,97.81,97.98,95.18,95.6,30006330.99
1651233600,95.6,96.97,95.21,96.16,43918161.83
1651248000,96.16,96.35,92.34,92.9,62230487.04
1651262400,92.9,94.44,92.59,93.93,29804661.79
1651276800,93.93,94.93,93.67,94.08,19660330.23
1651291200,94.08,94.93,93.68,94.02,15183139.82
1651305600,94.02,94.51,93.6,93.87,12039497.9
1651320000,93.87,94.18,91.52,92.25,28502235.85
1651334400,92.25,92.57,90.32,91.57,27080497.69
1651348800,91.57,91.57,82.03,84.65,73796150.8
1651363200,84.65,88.42,84.17,88.03,48795441.27
1651377600,88.03,89.89,87.1,88.88,27739187.1
1651392000,88.88,89.91,87.83,88.28,13951211.57
1651406400,88.28,90.32,87.05,90.01,28994279.63
1651420800,90.01,93.11,87.07,88.0,46498619.33
1651435200,88.0,90.43,87.76,89.68,28453655.91
1651449600,89.68,90.86,88.68,89.34,27081669.9
1651464000,89.34,90.75,89.05,89.8,18100185.24
1651478400,89.8,90.02,86.3,86.76,30279081.42
1651492800,86.76,88.88,86.22,87.67,56254223.11
1651507200,87.67,87.9,85.08,87.22,47654824.33
1651521600,87.22,88.43,86.28,87.47,21575620.52
1651536000,87.47,88.64,86.7,88.63,20466964.32
1651550400,88.63,88.78,87.82,88.35,15998468.23
1651564800,88.35,88.69,87.21,88.44,15703103.68
1651579200,88.44,88.55,86.68,87.2,28855061.66
1651593600,87.2,87.42,84.83,85.4,37290773.73
1651608000,85.4,86.56,84.64,85.84,21232112.44
1651622400,85.84,86.73,85.46,86.11,18942938.96
1651636800,86.11,87.48,85.48,87.3,19259079.15
1651651200,87.3,88.7,87.05,88.43,25692570.52
1651665600,88.43,88.71,86.3,87.15,37613382.73
1651680000,87.15,92.2,86.51,91.56,98322556.65
1651694400,91.56,93.03,91.3,92.75,28109810.700000003
1651708800,92.75,95.17,92.71,94.29,40042957.88
1651723200,94.29,94.5,92.79,93.16,21362067.55
1651737600,93.16,93.36,92.05,92.3,19266650.94
1651752000,92.3,92.95,84.29,85.05,94771054.96
1651766400,85.05,86.2,81.42,83.78,108532727.9
1651780800,83.78,85.35,83.07,84.51,32582060.01
1651795200,84.51,84.75,82.48,82.76,32580882.33
1651809600,82.76,83.41,81.01,82.45,55132063.91
1651824000,82.45,83.58,80.39,81.25,39595250.28
1651838400,81.25,83.15,79.94,81.74,104789079.08
1651852800,81.74,82.44,80.98,81.93,47023421.02
1651867200,81.93,82.38,81.3,81.65,17403146.75
1651881600,81.65,81.95,80.36,80.48,16267969.7
1651896000,80.48,80.92,79.09,80.42,31976774.3
1651910400,80.42,81.99,80.19,81.74,19405083.58
1651924800,81.74,82.27,80.87,82.06,24407420.16
1651939200,82.06,82.18,81.19,81.39,18854668.56
1651953600,81.39,81.4,77.19,78.83,50386542.72
1651968000,78.83,79.34,75.95,76.92,49216502.26
1651982400,76.92,78.56,76.91,77.86,25289212.72
1651996800,77.86,79.31,77.77,79.09,16395784.62
1652011200,79.09,79.28,76.73,77.11,39041078.73
1652025600,77.11,78.05,73.71,76.34,60840727.96000001
1652040000,76.34,76.48,74.65,75.31,25887974.29
1652054400,75.31,77.19,73.74,75.21,51501166.25
1652068800,75.21,76.01,73.37,73.91,28145867.43
1652083200,73.91,75.22,70.89,72.21,61356736.5
1652097600,72.21,73.04,69.27,69.87,93744436.53
1652112000,69.87,70.31,62.92,65.13,172563096.27
1652126400,65.13,68.41,61.79,62.11,93968208.53
1652140800,62.11,66.52,60.24,64.48,116640877.15
1652155200,64.48,72.88,64.1,69.02,110673045.19
1652169600,69.02,72.03,68.43,71.59,64120326.79
1652184000,71.59,74.03,67.29,69.43,129101508.17
1652198400,69.43,71.05,67.17,67.5,80349040.45
1652212800,67.5,67.64,63.24,66.85,89012546.57
1652227200,66.85,68.26,65.03,66.23,55392167.46
1652241600,66.23,68.35,60.69,62.49,77790653.87
1652256000,62.49,66.33,60.99,61.35,96696279.97
1652270400,61.35,63.82,46.82,55.42,274530385.4
1652284800,55.42,56.68,46.96,47.72,179328514.03
1652299200,47.72,50.82,43.12,50.82,186012326.23
1652313600,50.82,53.97,44.98,45.1,184687486.11
1652328000,45.1,46.42,35.95,44.04,167268151.68
1652342400,44.04,47.23,40.89,43.73,92281393.36
1652356800,43.73,49.15,42.41,44.55,116412732.84
1652371200,44.55,47.91,43.24,44.64,82010527.75999999
1652385600,44.64,45.62,41.46,44.58,67524319.22
1652400000,44.58,52.04,43.83,50.64,86855675.67
1652414400,50.64,53.74,48.8,48.95,93582706.06
1652428800,48.95,53.22,48.95,53.04,65262045.55
1652443200,53.04,56.27,51.86,52.93,110190919.34
1652457600,52.93,54.13,49.65,51.41,103898926.29
1652472000,51.41,51.86,48.15,48.86,45245910.35
1652486400,48.86,53.7,48.54,51.69,59393597.53
1652500800,51.69,53.3,50.45,50.61,35828113.94
1652515200,50.61,51.42,47.36,47.94,36712068.26
1652529600,47.94,48.97,46.11,46.33,43495811.09
1652544000,46.33,50.54,45.87,49.32,59530529.21
1652558400,49.32,52.86,49.26,52.34,42574452.6
1652572800,52.34,52.6,49.59,50.12,44947504.05
1652587200,50.12,52.48,49.8,51.38,31851680.35
1652601600,51.38,53.6,50.77,53.42,33232994.34
1652616000,53.42,54.66,52.18,52.81,40625538.57
1652630400,52.81,55.58,52.63,55.22,47063362.16
1652644800,55.22,59.19,54.96,58.74,67544531.4
1652659200,58.74,58.75,55.23,56.02,53214998.94
1652673600,56.02,56.33,53.18,53.74,47711765.46
1652688000,53.74,55.14,52.51,53.77,43251738.12
1652702400,53.77,55.39,51.87,53.2,69845889.64
1652716800,53.2,55.42,52.21,53.95,61845709.56
1652731200,53.95,55.72,53.11,53.69,52355039.17
1652745600,53.69,56.07,53.62,55.69,38811100.36
1652760000,55.69,57.58,55.04,55.75,33597504.55
1652774400,55.75,57.02,55.4,55.6,28920522.97
1652788800,55.6,58.14,54.3,55.12,58913345.01
1652803200,55.12,55.99,53.03,55.15,53580056.1
1652817600,55.15,57.57,54.94,57.02,41985566.58
1652832000,57.02,57.82,54.85,55.08,41702075.7
1652846400,55.08,56.18,54.75,55.36,26300135.13
1652860800,55.36,55.5,53.76,54.14,28973907.78
1652875200,54.14,54.26,49.67,50.34,95921562.13
1652889600,50.34,51.94,49.78,51.7,67378760.38
1652904000,51.7,51.7,49.39,49.83,45416338.45
1652918400,49.83,50.89,48.3,50.54,55601257.64
1652932800,50.54,52.18,50.13,51.03,37624562.35
1652947200,51.03,51.47,48.22,51.18,63147366.85
1652961600,51.18,53.99,50.27,53.21,102294768.4
1652976000,53.21,53.51,51.55,51.56,49994834.27
1652990400,51.56,52.61,50.65,52.12,33659724.94
1653004800,52.12,53.48,51.41,51.45,39741869.5
1653019200,51.45,52.31,50.55,52.1,39147876.02
1653033600,52.1,53.57,51.78,53.12,38155159.24
1653048000,53.12,53.19,49.27,49.35,75519516.2
1653062400,49.35,50.25,47.76,50.1,79247047.3
1653076800,50.1,50.72,49.27,49.37,34342294.26
1653091200,49.37,50.26,48.38,50.07,26102727.18
1653105600,50.07,50.31,49.39,49.94,19538869.91
1653120000,49.94,50.11,48.91,49.37,18331295.33
1653134400,49.37,50.77,48.93,50.64,32287292.9
1653148800,50.64,51.16,49.89,50.15,23547367.0
1653163200,50.15,50.58,49.39,50.25,17853375.7
1653177600,50.25,50.67,49.88,50.07,16485118.55
1653192000,50.07,50.47,49.64,50.2,14960216.0
1653206400,50.2,51.92,50.14,51.45,33180215.480000004
1653220800,51.45,52.84,51.28,51.76,44017311.1
1653235200,51.76,52.16,51.1,51.35,18798855.33
1653249600,51.35,53.12,51.26,52.46,31531781.35
1653264000,52.46,53.1,51.78,52.17,23632017.87
1653278400,52.17,54.33,51.86,53.5,36770555.05
1653292800,53.5,54.61,52.88,53.95,30131449.51
1653307200,53.95,54.6,52.18,53.82,63018903.63
1653321600,53.82,54.35,49.99,50.01,67675711.29
1653336000,50.01,51.01,48.58,49.1,49573432.8
1653350400,49.1,49.92,48.85,49.82,30145458.34
1653364800,49.82,50.26,49.34,49.8,25871337.75
1653379200,49.8,49.91,48.62,49.47,35342565.94
1653393600,49.47,50.51,47.06,50.03,77041712.13
1653408000,50.03,50.78,48.49,49.0,63846596.56
1653422400,49.0,50.06,48.67,49.63,31942746.25
1653436800,49.63,50.48,48.99,50.26,24662158.03
1653451200,50.26,50.29,48.53,48.76,22586038.59
1653465600,48.76,49.32,47.53,47.65,26279665.53
1653480000,47.65,48.83,47.52,48.21,38966258.33
1653494400,48.21,49.09,47.75,48.24,36316324.9
1653508800,48.24,48.83,47.82,47.92,22998545.22
1653523200,47.92,48.59,47.82,48.15,18835903.95
1653537600,48.15,48.26,45.58,46.34,40002219.32
1653552000,46.34,46.42,43.12,43.69,67909214.96000001
1653566400,43.69,45.8,41.69,45.07,134859078.39
1653580800,45.07,46.62,43.99,44.02,48490270.99
1653595200,44.02,44.77,43.31,43.43,30865653.88
1653609600,43.43,43.89,41.17,42.62,67004610.97
1653624000,42.62,42.85,39.97,41.02,70740858.71
1653638400,41.02,42.24,40.52,41.58,43101472.84
1653652800,41.58,43.57,41.24,42.1,63152582.86
1653667200,42.1,42.31,40.44,41.8,56850124.260000005
1653681600,41.8,42.56,40.57,41.1,27653689.62
1653696000,41.1,42.39,40.25,41.27,36100342.75
1653710400,41.27,42.15,41.05,41.68,24350731.23
1653724800,41.68,41.93,41.1,41.59,17949603.259999998
1653739200,41.59,43.45,41.44,42.92,34756117.42
1653753600,42.92,44.66,42.54,44.37,37416862.82
1653768000,44.37,44.99,43.67,44.22,21898923.17
1653782400,44.22,44.37,42.14,42.33,37024195.88
1653796800,42.33,42.59,41.8,42.39,20432800.4
1653811200,42.39,44.14,42.3,44.04,43756440.09
1653825600,44.04,45.56,44.04,44.64,43378947.09
1653840000,44.64,45.26,44.03,44.21,26234168.4
1653854400,44.21,45.1,44.13,44.92,22198722.44
1653868800,44.92,46.6,44.23,45.9,54783446.57
1653883200,45.9,47.35,45.5,47.05,43149548.17
1653897600,47.05,47.18,45.83,46.03,32907762.32
1653912000,46.03,46.62,44.92,45.8,49018399.38
1653926400,45.8,46.3,45.38,45.63,29689096.78
1653940800,45.63,48.32,45.44,47.18,63216914.63
1653955200,47.18,48.17,46.2,47.66,42978364.55
1653969600,47.66,47.81,45.88,46.33,36877542.04
1653984000,46.33,46.89,45.94,46.56,31757536.74
1653998400,46.56,46.74,44.56,46.31,72337487.65
1654012800,46.31,46.77,45.17,45.54,47192969.4
1654027200,45.54,46.18,45.37,45.74,22926472.47
1654041600,45.74,46.1,44.64,44.76,27344850.97
1654056000,44.76,45.17,44.33,44.53,26235089.44
1654070400,44.53,45.25,44.19,44.57,26170517.09
1654084800,44.57,45.62,42.8,42.91,81322058.5
1654099200,42.91,43.06,40.73,41.24,88071877.84
1654113600,41.24,41.31,39.59,40.09,48177262.51
1654128000,40.09,40.21,38.68,38.78,53094759.03
1654142400,38.78,40.07,38.11,39.66,47896230.44
1654156800,39.66,41.15,39.46,40.99,39466138.22
1654171200,40.99,41.19,39.64,40.66,80823436.94
1654185600,40.66,41.01,39.87,40.42,48815412.96
1654200000,40.42,41.55,40.35,40.82,36738592.53
1654214400,40.82,41.51,40.41,41.11,36303668.29
1654228800,41.11,41.17,40.26,40.32,25160241.02
1654243200,40.32,40.43,37.94,38.21,62666371.85
1654257600,38.21,38.64,37.66,38.03,57563038.22
1654272000,38.03,38.55,37.75,38.12,43555463.81
1654286400,38.12,38.91,37.89,38.23,32128879.02
1654300800,38.23,38.34,35.72,36.26,55008467.62
1654315200,36.26,37.43,36.19,37.3,26331142.92
1654329600,37.3,37.86,36.82,36.96,21587038.79
1654344000,36.96,38.16,36.54,37.75,38158163.54
1654358400,37.75,38.16,37.34,37.48,21613264.5
1654372800,37.48,39.46,37.42,38.97,27335747.81
1654387200,38.97,39.44,37.83,38.28,21863954.17
1654401600,38.28,39.3,37.92,38.79,23493710.93
1654416000,38.79,39.93,38.72,39.44,28672394.790000003
1654430400,39.44,39.81,38.73,39.77,22363074.18
1654444800,39.77,40.17,39.19,39.61,26251237.970000003
1654459200,39.61,40.04,38.37,38.49,44488387.56
1654473600,38.49,41.92,38.31,41.75,74759560.82
1654488000,41.75,43.91,41.49,43.0,54397297.24
1654502400,43.0,44.65,42.92,43.89,57957620.39
1654516800,43.89,44.09,42.28,42.8,71198829.17
1654531200,42.8,42.84,41.5,42.18,54996578.72
1654545600,42.18,43.19,41.08,42.36,37704283.59
1654560000,42.36,42.65,38.69,39.53,99391849.21
1654574400,39.53,39.65,38.81,39.28,27885162.85
1654588800,39.28,39.63,37.36,38.04,42222102.99
1654603200,38.04,39.61,37.65,39.14,45312475.45
1654617600,39.14,41.1,38.62,40.42,48569390.25
1654632000,40.42,41.33,38.41,39.29,58088201.01
1654646400,39.29,40.89,38.3,38.62,53242076.18
1654660800,38.62,39.52,38.29,39.24,33272395.47
1654675200,39.24,39.69,38.96,39.29,20902370.72
1654689600,39.29,40.11,38.72,39.67,42561622.16
1654704000,39.67,39.81,38.4,38.82,30302374.91
1654718400,38.82,39.36,38.65,38.79,17927624.5
1654732800,38.79,39.2,38.41,39.1,22730718.86
1654747200,39.1,39.5,38.84,39.5,16429312.53
1654761600,39.5,41.9,39.28,41.19,60830901.48
1654776000,41.19,41.64,39.81,40.3,56678601.05
1654790400,40.3,41.37,39.52,39.56,36659212.48
1654804800,39.56,40.12,39.4,39.93,21388447.86
1654819200,39.93,40.87,39.02,40.24,35582166.47
1654833600,40.24,40.79,40.03,40.31,15550940.82
1654848000,40.31,40.62,38.88,39.3,28187311.67
1654862400,39.3,39.68,37.43,37.95,66715755.71
1654876800,37.95,38.03,36.95,37.2,52273634.59
1654891200,37.2,38.01,36.81,37.12,19890917.35
1654905600,37.12,37.69,36.95,37.5,12140635.52
1654920000,37.5,37.88,37.11,37.66,14745048.33
1654934400,37.66,37.73,35.12,35.46,40323396.71
1654948800,35.46,35.73,33.15,33.71,60059364.55
1654963200,33.71,34.73,33.33,34.09,34133607.42
1654977600,34.09,34.64,33.61,33.86,20015271.72
1654992000,33.86,34.28,31.5,32.3,51779730.34
1655006400,32.3,33.14,31.05,33.11,40543012.48
1655020800,33.11,33.79,32.25,32.7,27698978.81
1655035200,32.7,34.4,31.36,33.99,56917531.71
1655049600,33.99,34.23,32.3,32.57,29033675.79
1655064000,32.57,32.77,30.54,30.59,35023305.67
1655078400,30.59,31.05,27.62,28.81,95658476.87
1655092800,28.81,29.64,27.21,27.52,62077413.91
1655107200,27.52,28.33,26.02,26.79,101238208.98
1655121600,26.79,28.19,26.06,27.87,94589423.18
1655136000,27.87,29.07,27.41,28.24,65596836.59
1655150400,28.24,29.79,26.96,28.54,57810562.89
1655164800,28.54,29.09,25.84,28.89,87647586.52
1655179200,28.89,32.2,28.02,31.04,97554523.14
1655193600,31.04,31.08,28.62,29.03,42681338.46
1655208000,29.03,31.33,28.35,31.0,75975368.11
1655222400,31.0,31.13,29.01,29.39,58023185.1
1655236800,29.39,29.99,27.93,29.51,43042748.96
1655251200,29.51,30.24,28.6,28.74,36003145.63
1655265600,28.74,28.78,27.36,27.61,49592639.92
1655280000,27.61,29.13,26.75,28.85,63370238.76
1655294400,28.85,29.96,28.58,29.47,54311548.96
1655308800,29.47,32.94,28.3,31.46,123620986.96
1655323200,31.46,34.8,31.05,34.71,68949810.17999999
1655337600,34.71,35.9,33.69,33.76,58889418.65
1655352000,33.76,34.2,32.43,32.59,41068083.53
1655366400,32.59,32.95,30.71,31.26,53176985.97
1655380800,31.26,32.52,30.02,31.26,72996851.07
1655395200,31.26,32.7,30.45,30.79,73972710.69
1655409600,30.79,31.54,29.53,30.08,41517272.26
1655424000,30.08,31.25,29.23,29.98,42140701.82
1655438400,29.98,31.86,29.9,31.54,29431506.08
1655452800,31.54,32.02,30.93,31.54,25202509.07
1655467200,31.54,32.01,30.8,31.2,48538083.09
1655481600,31.2,32.08,30.93,31.11,39142335.85
1655496000,31.11,31.69,30.55,30.67,21414704.25
1655510400,30.67,31.25,29.74,30.03,25937356.07
1655524800,30.03,30.37,28.1,28.45,36849987.33
1655539200,28.45,30.63,27.8,29.96,56664374.91
1655553600,29.96,30.38,29.49,29.76,31443721.49
1655568000,29.76,30.56,28.04,28.04,58869455.89
1655582400,28.04,31.97,27.06,31.97,100670195.04
1655596800,31.97,32.31,29.72,30.13,44763786.29
1655611200,30.13,30.56,28.79,29.15,41396231.55
1655625600,29.15,32.94,28.69,32.37,53923894.61
1655640000,32.37,33.6,31.53,33.44,56832695.7
1655654400,33.44,34.19,31.96,33.15,42258606.870000005
1655668800,33.15,35.31,33.01,34.16,52442861.13
1655683200,34.16,34.49,31.74,32.24,47663417.150000006
1655697600,32.24,32.79,31.7,32.19,27631430.13
1655712000,32.19,36.84,32.16,36.27,67803254.13
1655726400,36.27,36.63,34.5,35.25,73244165.29
1655740800,35.25,35.26,33.89,34.39,55766925.26
1655755200,34.39,35.69,33.76,35.22,46729791.91
1655769600,35.22,35.82,34.2,35.16,38845102.99
1655784000,35.16,37.61,34.72,36.81,48158314.78
1655798400,36.81,38.46,36.68,37.12,46708152.96
1655812800,37.12,39.11,36.92,37.92,64356454.92999999
1655827200,37.92,38.58,36.5,36.57,46345830.66
1655841600,36.57,36.8,35.61,36.37,33682998.28
1655856000,36.37,36.67,34.51,34.69,46138091.51
1655870400,34.69,35.22,33.74,33.81,50470399.17
1655884800,33.81,36.07,33.61,35.44,38096498.7
1655899200,35.44,36.84,34.51,34.71,69118915.83
1655913600,34.71,35.31,33.91,34.38,44000090.21
1655928000,34.38,35.05,33.84,34.07,28621342.95
1655942400,34.07,35.83,33.89,35.11,30311174.86
1655956800,35.11,36.62,34.98,35.95,27920784.89
1655971200,35.95,37.39,35.7,36.88,40693155.81
1655985600,36.88,37.74,36.08,37.17,61526097.14
1656000000,37.17,38.32,36.24,37.54,71186870.64
1656014400,37.54,38.57,37.22,38.13,40889658.21
1656028800,38.13,39.57,37.65,38.9,49873612.7
1656043200,38.9,39.26,37.72,38.32,24249129.03
1656057600,38.32,40.5,38.07,40.26,60068568.05
1656072000,40.26,41.25,39.73,40.04,50921993.34
1656086400,40.04,41.11,39.42,41.1,30207333.09
1656100800,41.1,42.87,40.87,41.87,55485928.86
1656115200,41.87,42.4,40.69,41.35,37278016.67
1656129600,41.35,42.3,40.95,42.12,27133145.09
1656144000,42.12,42.56,41.73,41.81,22298411.74
1656158400,41.81,42.02,39.74,39.85,42261484.77
1656172800,39.85,40.9,39.73,40.32,27141549.52
1656187200,40.32,42.55,40.06,42.2,40604187.01
1656201600,42.2,42.45,40.73,41.38,32049938.47
1656216000,41.38,41.79,40.77,41.28,23999180.4
1656230400,41.28,42.16,40.56,42.07,25922559.07
1656244800,42.07,42.43,39.97,40.59,43968538.34
1656259200,40.59,40.89,39.57,40.67,30030479.25
1656273600,40.67,41.38,39.16,39.38,58326182.29
1656288000,39.38,40.26,38.91,40.12,31847540.96
1656302400,40.12,40.82,39.61,40.57,43126622.42
1656316800,40.57,41.22,40.26,40.3,24901002.33
1656331200,40.3,40.44,38.24,38.73,62547822.32
1656345600,38.73,39.13,37.96,38.3,42467932.59
1656360000,38.3,39.11,38.25,38.46,28033338.42
1656374400,38.46,38.92,36.96,37.71,42555041.28
1656388800,37.71,38.68,37.53,38.59,21327476.54
1656403200,38.59,39.67,38.43,39.19,33347992.46
1656417600,39.19,39.85,36.98,37.01,64295862.07
1656432000,37.01,37.16,35.58,35.9,85131216.83
1656446400,35.9,36.62,35.04,35.29,31823381.24
1656460800,35.29,36.05,35.0,35.43,33054116.51
1656475200,35.43,35.67,34.41,35.28,41545198.79
1656489600,35.28,35.69,34.26,34.9,36004430.0
1656504000,34.9,35.09,33.58,34.63,70052450.94
1656518400,34.63,34.63,33.09,34.39,57199472.88
1656532800,34.39,35.09,33.51,33.96,51954320.36
1656547200,33.96,34.14,32.5,32.96,53502619.9
1656561600,32.96,33.15,31.53,31.88,45560994.36
1656576000,31.88,32.07,31.19,31.63,42505680.4
1656590400,31.63,32.27,30.88,32.04,55300588.04
1656604800,32.04,32.81,31.49,31.95,43285816.24
1656619200,31.95,33.82,31.43,33.74,51403839.15
1656633600,33.74,35.34,33.43,33.61,72341317.47
1656648000,33.61,33.69,32.31,33.1,48716063.93
1656662400,33.1,33.52,31.75,32.28,40042156.54
1656676800,32.28,33.12,32.0,32.31,53910107.98
1656691200,32.31,33.45,32.22,33.19,32369046.26
1656705600,33.19,33.93,32.58,32.8,31007676.36
1656720000,32.8,33.39,32.04,32.12,30051271.94
1656734400,32.12,32.83,32.07,32.39,12566505.5
1656748800,32.39,32.75,31.82,32.73,16277248.89
1656763200,32.73,33.32,32.57,32.83,20078560.24
1656777600,32.83,33.44,32.66,33.09,15253737.35
1656792000,33.09,34.09,32.86,33.32,15680803.63
1656806400,33.32,33.58,32.66,33.04,11191571.53
1656820800,33.04,33.59,32.31,32.81,22939539.56
1656835200,32.81,33.08,32.46,32.87,10114645.46
1656849600,32.87,32.96,32.11,32.3,14744331.74
1656864000,32.3,33.5,32.25,33.41,14142656.43
1656878400,33.41,33.63,33.1,33.36,14948484.95
1656892800,33.36,33.82,32.6,32.6,21274440.22
1656907200,32.6,33.04,32.42,32.75,11302057.65
1656921600,32.75,34.32,32.71,34.32,21148608.23
1656936000,34.32,35.08,33.74,34.26,32795440.66
1656950400,34.26,35.27,34.11,34.83,25330806.07
1656964800,34.83,36.89,34.7,36.68,38887739.94
1656979200,36.68,36.93,35.14,35.8,37747624.02
1656993600,35.8,36.26,35.55,35.87,22306587.09
1657008000,35.87,35.89,33.79,33.94,37276955.99
1657022400,33.94,34.04,33.11,33.83,44036729.36
1657036800,33.83,36.03,33.61,35.68,56508120.34
1657051200,35.68,36.37,35.09,35.37,42991492.97
1657065600,35.37,36.0,34.78,35.53,36015016.38
1657080000,35.53,36.38,35.24,35.91,33599453.99
1657094400,35.91,36.63,35.56,35.57,25919792.51
1657108800,35.57,36.43,35.3,35.68,44545307.02
1657123200,35.68,36.73,35.63,36.2,54196954.71
1657137600,36.2,37.57,35.91,37.01,31199342.37
1657152000,37.01,37.38,36.7,37.07,24654612.57
1657166400,37.07,37.08,36.37,36.79,17503349.97
1657180800,36.79,37.36,36.63,37.23,13713541.680000002
1657195200,37.23,38.53,36.74,38.27,43591852.1
1657209600,38.27,39.23,38.07,39.02,57434732.94
1657224000,39.02,39.06,38.12,38.46,30486381.69
1657238400,38.46,39.81,38.02,38.62,41453777.37
1657252800,38.62,38.77,37.18,37.49,30955639.3
1657267200,37.49,37.62,36.58,37.17,33758808.22
1657281600,37.17,38.77,36.45,38.54,65797304.12
1657296000,38.54,39.32,37.94,38.92,41471329.13
1657310400,38.92,39.14,38.0,38.11,24855275.87
1657324800,38.11,38.79,37.79,38.3,27926109.93
1657339200,38.3,38.84,38.21,38.6,16229515.24
1657353600,38.6,38.82,38.03,38.15,16217842.14
1657368000,38.15,38.33,37.76,38.03,18419868.27
1657382400,38.03,38.88,37.95,38.37,21488539.28
1657396800,38.37,38.48,37.93,38.05,14964671.61
1657411200,38.05,38.12,37.09,37.35,22345326.22
1657425600,37.35,37.51,37.14,37.27,12525462.68
1657440000,37.27,37.36,36.62,36.9,14218798.21
1657454400,36.9,37.1,36.26,36.66,22934614.83
1657468800,36.66,37.26,36.39,37.26,18023619.05
1657483200,37.26,37.39,36.5,36.66,19980250.73
1657497600,36.66,36.71,35.32,35.77,36731966.45
1657512000,35.77,35.79,34.76,35.15,25691294.4
1657526400,35.15,35.63,35.02,35.12,20365899.9
1657540800,35.12,35.75,34.58,35.14,43407635.84
1657555200,35.14,35.63,35.03,35.3,21199101.58
1657569600,35.3,35.41,33.23,33.4,41936628.24
1657584000,33.4,33.96,33.24,33.59,26217387.41
1657598400,33.59,34.09,33.25,33.46,22826787.64
1657612800,33.46,34.11,33.12,33.9,19606355.24
1657627200,33.9,34.56,33.71,34.17,42045427.04000001
1657641600,34.17,34.45,32.68,32.91,42440400.01
1657656000,32.91,33.26,32.57,32.66,22256996.14
1657670400,32.66,33.2,32.36,33.02,20192737.63
1657684800,33.02,33.71,32.93,33.67,22321988.81
1657699200,33.67,34.1,33.6,33.93,23071465.98
1657713600,33.93,34.46,31.85,33.22,109417528.82
1657728000,33.22,33.99,32.95,33.61,49422387.02
1657742400,33.61,35.03,33.46,34.93,37206117.46
1657756800,34.93,35.29,34.5,34.55,38929550.96
1657771200,34.55,34.71,34.17,34.32,27919959.0
1657785600,34.32,34.46,33.56,33.78,29204322.03
1657800000,33.78,35.29,33.61,35.13,52823360.04
1657814400,35.13,37.04,34.83,36.33,79832230.64
1657828800,36.33,37.26,36.33,37.13,27276648.6
1657843200,37.13,37.82,36.54,37.35,34895986.51
1657857600,37.35,37.53,36.52,37.46,30678955.04
1657872000,37.46,38.45,37.45,37.71,40474656.760000005
1657886400,37.71,38.56,37.36,37.68,40835092.35
1657900800,37.68,38.86,37.04,38.84,45512039.32
1657915200,38.84,39.07,37.25,37.37,29764894.88
1657929600,37.37,37.51,36.73,37.21,20757648.85
1657944000,37.21,37.25,36.36,36.42,14083244.21
1657958400,36.42,36.9,36.39,36.74,8858565.08
1657972800,36.74,37.98,36.62,37.93,25480416.7
1657987200,37.93,40.45,37.9,39.41,90720834.07
1658001600,39.41,39.91,38.83,39.59,30985095.4
1658016000,39.59,40.47,39.28,39.88,34022772.46
1658030400,39.88,41.07,39.86,40.34,39775305.31
1658044800,40.34,40.55,39.31,39.79,23885129.46
1658059200,39.79,39.88,39.05,39.27,25646899.18
1658073600,39.27,39.8,38.3,39.02,38471250.120000005
1658088000,39.02,39.55,38.51,38.62,22818115.71
1658102400,38.62,40.88,38.55,40.57,36694835.45
1658116800,40.57,42.48,40.28,42.14,54477793.87
1658131200,42.14,42.67,41.31,41.62,38362502.38
1658145600,41.62,42.56,41.2,42.3,50715929.16
1658160000,42.3,42.45,39.71,40.02,61104392.74
1658174400,40.02,44.04,39.74,43.54,51788039.5
1658188800,43.54,46.06,42.82,42.99,102873465.03
1658203200,42.99,44.12,42.56,43.47,49126536.72
1658217600,43.47,45.9,43.24,45.55,55667660.21
1658232000,45.55,47.45,45.26,46.6,111483160.3
1658246400,46.6,47.26,45.38,45.44,71368422.27
1658260800,45.44,46.1,44.63,44.88,45384818.04
1658275200,44.88,45.77,44.11,45.47,49465508.7
1658289600,45.47,46.04,44.41,44.42,46333828.870000005
1658304000,44.42,45.63,43.75,45.33,55419540.93
1658318400,45.33,46.32,44.88,45.37,72481999.13
1658332800,45.37,45.49,43.15,43.19,73643670.47
1658347200,43.19,43.55,41.27,42.03,77445964.42
1658361600,42.03,42.47,39.91,40.02,69199076.4
1658376000,40.02,41.49,39.67,41.05,47382375.03
1658390400,41.05,41.88,40.64,41.78,39221273.85
1658404800,41.78,42.42,40.84,41.89,73647283.35
1658419200,41.89,43.89,41.86,43.8,70026084.34
1658433600,43.8,44.07,42.54,43.11,43380667.620000005
1658448000,43.11,43.52,42.28,42.67,30561625.3
1658462400,42.67,43.45,42.08,43.06,32128759.6
1658476800,43.06,44.32,42.85,44.16,41471618.41
1658491200,44.16,44.2,41.53,41.69,59124878.99
1658505600,41.69,41.9,40.04,40.23,55094279.34
1658520000,40.23,41.09,40.15,40.55,22420084.33
1658534400,40.55,41.44,40.12,41.09,19195220.72
1658548800,41.09,41.92,41.03,41.33,16661202.34
1658563200,41.33,41.51,39.55,39.6,27576554.26
1658577600,39.6,40.47,39.39,40.2,29674661.45
1658592000,40.2,40.37,38.62,39.36,45605507.96
1658606400,39.36,40.22,39.19,39.98,19557839.74
1658620800,39.98,40.43,39.48,39.61,17350087.85
1658635200,39.61,41.16,39.53,40.72,21486564.31
1658649600,40.72,41.38,40.24,40.89,21376220.15
1658664000,40.89,41.33,40.12,41.23,23614809.29
1658678400,41.23,41.29,40.61,40.84,14489939.52
1658692800,40.84,42.09,40.72,40.96,36125706.32
1658707200,40.96,41.1,37.73,38.08,66522827.620000005
1658721600,38.08,38.73,37.79,38.57,21029741.35
1658736000,38.57,39.25,38.35,38.87,20073363.75
1658750400,38.87,39.36,38.3,38.49,43627327.35
1658764800,38.49,39.01,37.35,37.95,39433604.83
1658779200,37.95,38.92,36.58,36.6,42190762.29
1658793600,36.6,36.81,35.55,36.21,49210820.61
1658808000,36.21,36.47,35.48,35.65,26299884.17
1658822400,35.65,36.24,35.36,35.82,22921718.73
1658836800,35.82,36.28,34.94,35.0,44338388.31
1658851200,35.0,35.59,34.68,35.02,27206601.7
1658865600,35.02,36.34,34.81,36.27,28122591.84
1658880000,36.27,36.32,35.68,35.79,19578231.66
1658894400,35.79,37.17,35.77,36.82,25631292.03
1658908800,36.82,37.07,36.32,36.4,21024817.1
1658923200,36.4,37.45,36.21,37.19,35308513.44
1658937600,37.19,40.28,36.43,39.37,104469035.42
1658952000,39.37,40.54,39.29,40.24,51030424.86
1658966400,40.24,40.46,39.05,39.73,41997258.05
1658980800,39.73,40.0,39.27,39.33,22534854.22
1658995200,39.33,40.84,39.28,40.53,35648395.07
1659009600,40.53,42.11,39.3,41.92,117568754.49
1659024000,41.92,42.97,41.77,42.06,67811888.13
1659038400,42.06,44.19,42.05,42.94,62113591.52
1659052800,42.94,43.57,42.42,43.53,31791242.28
1659067200,43.53,44.4,42.75,43.07,43144175.63
1659081600,43.07,43.31,41.42,41.95,45860286.59
1659096000,41.95,43.5,41.18,42.65,61638986.32
1659110400,42.65,42.7,41.28,41.72,52995045.19
1659124800,41.72,43.1,41.55,41.93,38303426.35
1659139200,41.93,42.5,41.46,41.9,40658367.07
1659153600,41.9,42.49,41.52,42.36,27146790.43
1659168000,42.36,43.07,41.87,42.41,31177747.71
1659182400,42.41,46.32,42.21,46.29,96017285.87
1659196800,46.29,46.68,44.87,45.11,54533968.6
1659211200,45.11,45.48,43.43,43.85,42222485.0
1659225600,43.85,44.16,43.01,43.25,26227821.3
1659240000,43.25,44.46,43.24,43.86,27198947.45
1659254400,43.86,44.77,43.35,44.44,24551041.59
1659268800,44.44,44.62,43.66,44.14,20397524.43
1659283200,44.14,45.21,42.87,43.78,47720762.02
1659297600,43.78,43.9,42.24,42.37,34380021.53
1659312000,42.37,43.26,42.07,43.02,25250482.6
1659326400,43.02,43.13,42.29,42.96,20178464.5
1659340800,42.96,43.12,41.66,42.25,25740239.17
1659355200,42.25,42.98,41.33,42.48,49165661.64
1659369600,42.48,42.55,40.61,41.11,49989254.93
1659384000,41.11,41.89,40.8,41.66,23399679.11
1659398400,41.66,42.11,39.99,40.25,37769790.23
1659412800,40.25,40.65,39.96,40.53,18774581.91
1659427200,40.53,40.81,39.83,40.57,18425220.92
1659441600,40.57,41.66,39.93,41.5,48305101.43
1659456000,41.5,42.43,40.95,41.15,43863717.86
1659470400,41.15,41.5,39.53,39.75,32532203.56
1659484800,39.75,40.11,37.48,38.54,141076862.44
1659499200,38.54,39.4,38.19,38.34,61822642.62
1659513600,38.34,39.96,38.34,39.6,41353476.12
1659528000,39.6,41.02,39.59,40.18,76422514.57
1659542400,40.18,40.72,39.81,40.12,31802203.08
1659556800,40.12,40.27,38.23,38.57,26375457.92
1659571200,38.57,39.67,38.45,39.34,18169527.61
1659585600,39.34,39.72,38.59,39.22,12353094.66
1659600000,39.22,39.33,38.56,38.63,23033605.81
1659614400,38.63,39.82,38.35,38.86,41190099.18
1659628800,38.86,39.01,37.96,38.39,31660972.31
1659643200,38.39,39.02,38.18,38.82,15789102.92
1659657600,38.82,40.17,38.71,40.14,23472482.6
1659672000,40.14,40.57,39.7,40.08,21087286.34
1659686400,40.08,41.07,39.87,41.02,24135221.62
1659700800,41.02,41.34,39.66,40.04,53881657.86
1659715200,40.04,40.15,39.45,39.96,27800807.68
1659729600,39.96,40.77,39.76,40.56,31562585.56
1659744000,40.56,40.72,40.18,40.53,15091922.93
1659758400,40.53,40.67,40.26,40.41,9511324.72
1659772800,40.41,40.88,40.29,40.31,11311283.72
1659787200,40.31,40.56,40.19,40.45,9311909.46
1659801600,40.45,40.91,39.85,40.81,19931146.02
1659816000,40.81,40.89,39.95,40.07,14905262.34
1659830400,40.07,40.27,39.22,39.77,17270397.68
1659844800,39.77,40.2,39.73,39.99,9917924.65
1659859200,39.99,40.17,39.7,40.14,10044681.77
1659873600,40.14,40.61,40.11,40.35,14312200.76
1659888000,40.35,40.79,40.26,40.57,14071715.67
1659902400,40.57,41.55,40.49,40.62,24135377.92
1659916800,40.62,42.08,40.56,41.93,35627921.41
1659931200,41.93,42.79,41.87,42.7,23896211.32
1659945600,42.7,43.42,42.44,43.42,27927599.950000003
1659960000,43.42,43.69,42.41,42.51,40955631.83
1659974400,42.51,42.57,42.05,42.51,23929134.66
1659988800,42.51,43.15,41.82,42.22,23557597.77
1660003200,42.22,42.46,41.56,42.44,17275196.46
1660017600,42.44,42.76,42.24,42.56,19692394.68
1660032000,42.56,42.59,40.75,40.85,34618131.03
1660046400,40.85,41.43,39.76,40.13,44468700.92
1660060800,40.13,40.48,39.93,40.08,19683383.37
1660075200,40.08,40.72,40.06,40.35,18867872.53
1660089600,40.35,40.35,39.18,39.28,34690062.42
1660104000,39.28,39.82,39.17,39.69,15774706.63
1660118400,39.69,40.19,39.68,40.06,19728685.95
1660132800,40.06,42.47,39.86,42.11,91368908.01
1660147200,42.11,42.45,41.24,41.32,30598637.31
1660161600,41.32,42.87,41.32,42.48,25128354.95
1660176000,42.48,44.07,42.37,43.83,40336761.67
1660190400,43.83,45.1,43.83,44.55,50720792.2
1660204800,44.55,44.63,43.77,44.09,23381562.28
1660219200,44.09,45.33,43.37,43.49,60638506.69
1660233600,43.49,44.02,42.88,43.38,30629020.61
1660248000,43.38,43.52,42.44,42.8,19475714.56
1660262400,42.8,43.67,42.24,43.44,20888908.26
1660276800,43.44,43.66,42.83,43.16,15821272.65
1660291200,43.16,43.81,42.18,42.32,28290999.95
1660305600,42.32,43.31,42.31,43.22,27587010.38
1660320000,43.22,44.86,42.98,44.69,43641154.71
1660334400,44.69,45.53,44.34,45.52,40697944.72
1660348800,45.52,47.78,45.31,47.45,76328721.88
1660363200,47.45,48.4,46.95,47.18,43647733.43
1660377600,47.18,47.77,46.42,46.76,28067304.26
1660392000,46.76,47.13,46.07,46.28,27814711.74
1660406400,46.28,46.8,46.1,46.33,24049905.53
1660420800,46.33,47.3,46.21,46.6,19455428.61
1660435200,46.6,47.59,46.11,46.75,32113484.18
1660449600,46.75,48.07,46.56,47.77,29257620.75
1660464000,47.77,47.8,46.64,46.73,25854957.3
1660478400,46.73,46.74,45.83,46.03,24978904.04
1660492800,46.03,46.1,44.58,45.12,37034980.19
1660507200,45.12,45.81,44.78,44.87,29915381.01
1660521600,44.87,47.24,44.4,46.48,56400261.09
1660536000,46.48,46.63,43.55,43.83,48436687.67
1660550400,43.83,44.44,43.26,43.82,28705886.71
1660564800,43.82,44.58,43.28,44.51,45820148.72
1660579200,44.51,44.77,43.65,43.82,26154572.91
1660593600,43.82,44.14,42.76,43.73,34121514.37
1660608000,43.73,44.2,42.57,43.64,36338854.71
1660622400,43.64,43.79,42.79,43.3,24416830.72
1660636800,43.3,44.31,43.15,43.99,29107279.47
1660651200,43.99,44.23,42.64,43.42,47366974.75
1660665600,43.42,43.59,42.56,43.12,33407284.380000003
1660680000,43.12,43.5,42.85,43.09,15212999.34
1660694400,43.09,44.09,42.97,44.01,29351744.49
1660708800,44.01,44.72,43.03,43.15,35490522.0
1660723200,43.15,43.45,42.62,42.77,24541523.57
1660737600,42.77,42.8,40.74,41.1,87348525.66
1660752000,41.1,41.88,40.65,40.73,47791919.55
1660766400,40.73,41.12,40.18,40.53,43402960.24
1660780800,40.53,41.04,40.15,40.82,26843777.17
1660795200,40.82,41.05,40.56,40.91,18688633.49
1660809600,40.91,41.4,40.7,41.34,21542166.72
1660824000,41.34,41.67,40.67,41.17,35020406.58
1660838400,41.17,41.26,40.37,40.77,30230912.74
1660852800,40.77,41.25,39.34,39.51,34280459.05
1660867200,39.51,39.59,37.8,38.31,71509984.42
1660881600,38.31,38.42,35.84,36.66,70082773.87
1660896000,36.66,36.67,35.57,36.37,57129700.64
1660910400,36.37,37.26,36.08,36.96,49394012.26
1660924800,36.96,37.78,36.73,37.16,52434379.39
1660939200,37.16,37.27,35.62,35.82,55832763.54000001
1660953600,35.82,36.86,35.79,36.6,41135516.54
1660968000,36.6,37.26,36.47,37.04,37295731.09
1660982400,37.04,37.12,36.41,36.59,25947056.99
1660996800,36.59,36.95,36.2,36.51,29230935.05
1661011200,36.51,36.6,34.37,34.42,59046631.48
1661025600,34.42,35.37,34.19,35.28,40942850.42
1661040000,35.28,35.66,35.02,35.12,21724856.21
1661054400,35.12,35.48,34.54,35.44,35806636.64
1661068800,35.44,36.26,35.4,36.19,32097456.89
1661083200,36.19,36.3,35.61,36.01,21220922.03
1661097600,36.01,36.56,35.85,36.35,26591061.48
1661112000,36.35,37.03,35.95,36.48,49109983.65
1661126400,36.48,36.54,36.05,36.11,25833618.47
1661140800,36.11,36.32,34.84,34.9,39907096.48
1661155200,34.9,34.92,33.76,34.64,44657607.29
1661169600,34.64,34.86,33.9,34.82,46727272.7
1661184000,34.82,35.03,33.99,34.59,27183272.15
1661198400,34.59,35.57,34.48,35.42,25511860.31
1661212800,35.42,35.57,35.1,35.22,18490843.32
1661227200,35.22,35.41,34.24,34.95,24069323.41
1661241600,34.95,35.73,34.83,35.66,22456164.47
1661256000,35.66,36.1,35.19,35.7,32018935.65
1661270400,35.7,35.77,35.19,35.4,18798664.33
1661284800,35.4,35.89,35.31,35.65,18570452.37
1661299200,35.65,35.72,34.31,34.6,26706922.87
1661313600,34.6,35.34,34.48,34.89,26396079.14
1661328000,34.89,35.44,34.88,35.4,15822460.819999998
1661342400,35.4,36.09,35.18,36.06,27621566.04
1661356800,36.06,36.39,35.68,35.83,21042913.13
1661371200,35.83,36.07,34.87,34.88,20653669.98
1661385600,34.88,35.67,34.87,35.23,20335997.5
1661400000,35.23,36.28,35.2,36.27,20672772.59
1661414400,36.27,36.36,35.95,36.32,17052068.13
1661428800,36.32,36.48,35.39,35.74,29888206.79
1661443200,35.74,35.85,35.43,35.8,17785079.5
1661457600,35.8,35.98,35.06,35.28,16332549.15
1661472000,35.28,35.3,34.68,35.11,16593174.03
1661486400,35.11,35.23,34.42,34.68,22480671.93
1661500800,34.68,34.78,33.87,34.25,18794913.17
1661515200,34.25,35.78,32.99,33.27,76625829.94
1661529600,33.27,33.38,32.58,32.93,29017890.06
1661544000,32.93,33.16,31.37,31.73,31243979.01
1661558400,31.73,32.03,31.53,31.87,18213164.73
1661572800,31.87,32.19,31.15,32.19,19084333.51
1661587200,32.19,32.24,31.8,31.99,16616455.01
1661601600,31.99,32.05,31.07,31.37,22986992.69
1661616000,31.37,31.45,30.87,31.33,16825302.39
1661630400,31.33,31.66,31.05,31.52,12021368.0
1661644800,31.52,31.78,31.18,31.41,10412003.11
1661659200,31.41,31.85,31.27,31.8,8954433.01
1661673600,31.8,32.03,31.52,31.77,11292415.44
1661688000,31.77,31.91,31.22,31.84,12338145.23
1661702400,31.84,32.21,31.66,31.7,12148371.43
1661716800,31.7,31.89,30.13,30.43,27604251.39
1661731200,30.43,30.96,29.97,30.69,29649204.35
1661745600,30.69,30.8,30.12,30.58,15349213.52
1661760000,30.58,30.77,30.34,30.69,18577555.08
1661774400,30.69,32.3,30.65,31.78,45437642.83
1661788800,31.78,31.93,31.43,31.53,26112668.33
1661803200,31.53,32.64,31.48,32.43,17626416.4
1661817600,32.43,32.51,31.87,32.32,19496215.62
1661832000,32.32,33.05,32.29,32.74,19585454.64
1661846400,32.74,33.07,32.61,32.75,14262363.33
1661860800,32.75,32.86,30.94,31.21,41166531.8
1661875200,31.21,32.01,30.64,31.56,31786877.78
1661889600,31.56,32.04,31.34,31.47,17383307.24
1661904000,31.47,32.65,31.45,32.46,22400806.62
1661918400,32.46,32.88,32.2,32.32,15954660.53
1661932800,32.32,32.8,31.95,32.58,17680673.96
1661947200,32.58,32.96,31.58,31.93,28052131.57
1661961600,31.93,32.36,31.45,32.12,17208433.919999998
1661976000,32.12,32.49,31.18,31.49,25224091.72
1661990400,31.49,31.75,30.98,31.22,15934046.25
1662004800,31.22,31.54,30.84,31.07,12794583.38
1662019200,31.07,31.58,30.85,31.47,14723135.26
1662033600,31.47,31.49,30.44,30.75,26857865.38
1662048000,30.75,31.09,30.48,31.06,18030231.32
1662062400,31.06,31.78,31.0,31.6,15129817.11
1662076800,31.6,31.81,31.11,31.57,12577979.15
1662091200,31.57,31.95,31.43,31.62,10967988.22
1662105600,31.62,31.69,31.26,31.56,10747464.36
1662120000,31.56,32.38,31.46,32.28,35922056.34
1662134400,32.28,32.34,30.77,31.06,23580840.93
1662148800,31.06,31.27,30.89,31.24,9080425.84
1662163200,31.24,31.26,30.86,30.93,7911746.77
1662177600,30.93,31.27,30.81,31.04,6937219.74
1662192000,31.04,31.21,30.89,31.04,6366723.25
1662206400,31.04,31.28,31.0,31.13,7197682.699999999
1662220800,31.13,31.2,30.83,30.99,8269921.979999999
1662235200,30.99,31.21,30.92,31.11,7302518.220000001
1662249600,31.11,31.68,31.08,31.43,8064776.52
1662264000,31.43,31.54,31.08,31.11,6716978.39
1662278400,31.11,31.86,31.03,31.86,7917008.64
1662292800,31.86,32.01,31.45,31.81,9087920.32
1662307200,31.81,31.94,31.65,31.74,7466410.9
1662321600,31.74,32.19,31.74,32.16,8926969.71
1662336000,32.16,32.52,32.06,32.11,12112534.86
1662350400,32.11,32.18,31.48,31.69,11378536.94
1662364800,31.69,31.74,31.15,31.27,9960041.76
1662379200,31.27,31.92,31.18,31.85,14398601.69
1662393600,31.85,32.01,31.7,31.73,9725494.29
1662408000,31.73,32.43,31.71,32.17,15492682.13
1662422400,32.17,33.48,32.16,32.7,27711155.56
1662436800,32.7,33.24,32.53,32.98,13358642.239999998
1662451200,32.98,33.29,32.78,33.25,10392841.29
1662465600,33.25,33.86,32.41,33.78,33997014.74
1662480000,33.78,33.84,30.75,31.02,55367735.1
1662494400,31.02,31.33,30.46,30.89,19523717.22
1662508800,30.89,31.19,30.32,30.86,17548358.65
1662523200,30.86,31.17,30.7,31.09,9147419.58
1662537600,31.09,31.32,30.96,31.16,8976523.89
1662552000,31.16,31.58,30.86,31.49,15612952.22
1662566400,31.49,32.35,31.42,31.97,18994105.85
1662580800,31.97,32.93,31.96,32.7,23516377.95
1662595200,32.7,32.83,32.26,32.44,11634000.19
1662609600,32.44,32.77,32.02,32.38,12616469.61
1662624000,32.38,33.23,32.34,32.91,14673309.21
1662638400,32.91,34.0,32.18,33.4,51050895.17
1662652800,33.4,33.47,32.9,33.46,20515195.1
1662667200,33.46,33.82,33.35,33.61,13134800.02
1662681600,33.61,34.84,33.6,34.75,25928529.380000003
1662696000,34.75,35.55,34.69,35.4,34920668.93
1662710400,35.4,35.95,35.14,35.38,24835884.66
1662724800,35.38,35.9,34.85,34.97,28706215.4
1662739200,34.97,35.17,34.44,34.8,25636279.68
1662753600,34.8,35.22,34.29,34.69,16140665.58
1662768000,34.69,35.01,34.33,34.72,15552414.89
1662782400,34.72,35.17,34.29,34.33,16345620.72
1662796800,34.33,34.85,34.33,34.76,8212677.31
1662811200,34.76,34.94,34.32,34.52,10132627.48
1662825600,34.52,35.03,34.31,34.93,13478233.9
1662840000,34.93,35.42,34.63,35.06,14497320.74
1662854400,35.06,35.32,34.72,34.78,13143502.58
1662868800,34.78,34.94,34.08,34.64,10367804.72
1662883200,34.64,34.83,34.46,34.79,5604139.0600000005
1662897600,34.79,35.26,34.55,35.25,17087623.17
1662912000,35.25,35.99,35.18,35.3,21025332.07
1662926400,35.3,35.56,34.34,35.01,15990399.98
1662940800,35.01,36.36,34.42,34.91,34619065.2
1662955200,34.91,35.51,34.59,35.49,13681361.16
1662969600,35.49,38.16,35.34,37.71,86657748.47999999
1662984000,37.71,38.37,36.94,37.16,44008614.56
1662998400,37.16,37.87,36.84,37.66,26095356.3
1663012800,37.66,37.81,37.2,37.46,14034421.94
1663027200,37.46,38.9,36.71,38.78,32850679.45
1663041600,38.78,38.96,38.16,38.54,28157820.51
1663056000,38.54,38.91,38.17,38.46,23756236.76
1663070400,38.46,38.84,34.37,34.73,96227310.17
1663084800,34.73,35.31,33.31,34.07,45647352.83
1663099200,34.07,34.31,32.94,32.99,26786576.88
1663113600,32.99,33.81,32.71,33.58,26386214.05
1663128000,33.58,33.9,32.85,33.17,17207937.28
1663142400,33.17,33.67,32.96,33.22,12576789.77
1663156800,33.22,33.69,32.95,33.53,22653730.01
1663171200,33.53,33.61,32.74,33.5,22123431.7
1663185600,33.5,34.34,33.28,34.12,14693681.6
1663200000,34.12,34.13,32.87,33.07,17886569.68
1663214400,33.07,34.86,32.78,34.7,32158551.23
1663228800,34.7,34.81,33.7,33.93,15147905.95
1663243200,33.93,34.05,32.29,32.97,33739525.85
1663257600,32.97,33.68,32.81,33.42,23209481.8
1663272000,33.42,33.79,32.77,33.07,15371566.22
1663286400,33.07,33.25,32.39,32.85,19379739.69
1663300800,32.85,33.09,32.8,32.82,5774914.27
1663315200,32.82,33.13,32.34,33.08,10370165.1
1663329600,33.08,33.11,31.86,32.27,29174928.91
1663344000,32.27,32.28,31.54,32.12,22666575.51
1663358400,32.12,32.38,32.05,32.24,10964910.25
1663372800,32.24,32.97,32.22,32.67,10094644.27
1663387200,32.67,33.06,32.54,32.84,6470575.85
1663401600,32.84,32.98,32.62,32.62,5275355.26
1663416000,32.62,33.32,32.53,33.3,10065766.91
1663430400,33.3,33.61,33.11,33.26,11197007.23
1663444800,33.26,33.89,33.19,33.69,8259671.42
1663459200,33.69,33.87,33.25,33.4,11506702.53
1663473600,33.4,33.86,33.39,33.83,7438877.94
1663488000,33.83,33.99,32.98,33.34,11999042.93
1663502400,33.34,33.47,32.76,32.9,10965254.45
1663516800,32.9,32.99,32.07,32.41,16835796.38
1663531200,32.41,32.43,30.87,31.1,21358752.58
1663545600,31.1,31.76,30.62,30.9,25639226.49
1663560000,30.9,31.64,30.87,31.1,17581641.42
1663574400,31.1,31.46,30.63,31.25,12617309.98
1663588800,31.25,32.53,31.19,31.92,23979601.11
1663603200,31.92,32.99,31.7,32.82,24191436.21
1663617600,32.82,33.08,32.58,32.63,15179103.34
1663632000,32.63,32.88,31.95,32.44,16222752.85
1663646400,32.44,32.73,32.12,32.33,13822371.63
1663660800,32.33,32.53,31.91,32.19,11913604.77
1663675200,32.19,32.56,31.58,32.51,22137489.57
1663689600,32.51,32.52,31.46,31.83,22457250.9
1663704000,31.83,32.0,31.31,31.42,12323101.81
1663718400,31.42,31.99,31.32,31.85,9383737.15
1663732800,31.85,32.04,31.43,31.76,8954087.86
1663747200,31.76,32.11,31.43,32.06,8907648.89
1663761600,32.06,32.33,31.25,31.51,18393333.82
1663776000,31.51,33.44,31.07,31.56,76813727.47
1663790400,31.56,31.67,30.04,30.69,30098741.47
1663804800,30.69,31.14,30.59,31.02,14451295.819999998
1663819200,31.02,31.76,31.02,31.75,10772185.81
1663833600,31.75,32.44,31.71,32.36,16334160.77
1663848000,32.36,32.49,31.62,31.91,20256583.06
1663862400,31.91,32.86,31.56,32.5,20000587.57
1663876800,32.5,32.68,32.08,32.42,12878734.13
1663891200,32.42,33.21,32.17,32.99,14646880.3
1663905600,32.99,33.29,32.54,32.57,16514266.58
1663920000,32.57,32.67,31.54,31.75,18019333.54
1663934400,31.75,32.27,31.21,31.6,22054115.7
1663948800,31.6,31.95,31.3,31.94,19165531.78
1663963200,31.94,33.96,31.93,33.66,40465240.49
1663977600,33.66,34.47,33.42,33.98,18673223.95
1663992000,33.98,34.03,33.52,33.74,12623087.28
1664006400,33.74,34.76,33.57,34.49,17945941.62
1664020800,34.49,34.58,33.57,33.71,20123207.05
1664035200,33.71,34.15,33.27,34.07,17283917.42
1664049600,34.07,34.09,33.15,33.39,19019447.94
1664064000,33.39,33.69,33.36,33.68,8004660.29
1664078400,33.68,34.03,33.63,33.97,12304730.68
1664092800,33.97,33.98,33.47,33.64,9585199.26
1664107200,33.64,33.79,32.81,33.23,14242433.66
1664121600,33.23,33.36,32.59,32.72,15581013.63
1664136000,32.72,32.72,31.9,32.33,17724580.39
1664150400,32.33,32.71,32.05,32.52,14080842.94
1664164800,32.52,32.61,31.88,32.46,14672968.05
1664179200,32.46,33.31,32.14,32.55,17755427.55
1664193600,32.55,33.42,32.27,33.11,24836772.700000003
1664208000,33.11,33.95,32.69,33.74,27437729.05
1664222400,33.74,33.94,33.34,33.88,14947907.13
1664236800,33.88,34.96,33.74,34.74,30591451.6
1664251200,34.74,35.02,34.48,34.52,19930985.55
1664265600,34.52,34.96,34.34,34.68,14812341.65
1664280000,34.68,35.41,34.31,34.35,33955371.27
1664294400,34.35,34.54,32.08,32.62,55193363.03
1664308800,32.62,32.93,32.35,32.68,13800992.35
1664323200,32.68,32.93,31.64,32.34,28476054.97
1664337600,32.34,32.58,31.87,32.32,15028957.18
1664352000,32.32,32.84,31.84,32.48,23875377.12
1664366400,32.48,33.15,32.39,33.13,23639747.64
1664380800,33.13,33.75,32.8,33.58,29778197.17
1664395200,33.58,33.8,33.12,33.23,15273276.65
1664409600,33.23,33.91,32.97,33.74,18102546.17
1664424000,33.74,33.96,33.14,33.37,13889268.47
1664438400,33.37,33.93,33.23,33.76,11568704.21
1664452800,33.76,34.21,32.65,34.14,34802183.58
1664467200,34.14,34.41,33.41,33.82,34008113.59
1664481600,33.82,34.12,33.63,33.93,16332690.87
1664496000,33.93,34.32,33.74,34.09,21866670.15
1664510400,34.09,34.34,33.88,34.23,11128361.77
1664524800,34.23,34.64,33.91,33.95,17544139.049999997
1664539200,33.95,35.2,33.38,34.67,59403392.900000006
1664553600,34.67,34.84,33.64,33.73,33109298.22
1664568000,33.73,33.87,32.62,33.25,24062904.49
1664582400,33.25,33.25,32.7,33.06,11493751.66
1664596800,33.06,33.07,32.77,33.0,9102529.0
1664611200,33.0,33.17,32.81,33.03,8506100.64
1664625600,33.03,33.09,32.82,33.01,6176349.8100000005
1664640000,33.01,33.01,32.37,32.64,13019953.14
1664654400,32.64,32.68,32.4,32.44,6488345.39
1664668800,32.44,32.95,32.41,32.85,8763413.459999999
1664683200,32.85,33.02,32.76,32.83,6051035.83
1664697600,32.83,32.89,32.2,32.53,12583394.86
1664712000,32.53,32.6,32.22,32.41,9578454.95
1664726400,32.41,32.84,32.37,32.74,9017512.4
1664740800,32.74,32.77,31.91,32.06,17921705.47
1664755200,32.06,32.51,31.8,32.32,12528572.16
1664769600,32.32,32.46,31.97,32.25,11478235.74
1664784000,32.25,32.51,32.13,32.51,6274647.18
1664798400,32.51,33.14,32.43,32.84,20061573.06
1664812800,32.84,33.23,32.69,32.95,17986971.9
1664827200,32.95,33.26,32.75,32.9,14332371.07
1664841600,32.9,33.16,32.84,33.11,9165389.59
1664856000,33.11,33.8,32.99,33.74,23660705.86
1664870400,33.74,33.87,33.42,33.69,11718736.75
1664884800,33.69,34.4,33.57,34.19,35099880.95
1664899200,34.19,34.26,33.81,34.11,15634258.24
1664913600,34.11,34.4,33.93,34.11,11387151.43
1664928000,34.11,34.38,33.91,34.09,11417424.73
1664942400,34.09,34.31,33.95,34.13,8971733.16
1664956800,34.13,34.14,33.45,33.54,14799924.94
1664971200,33.54,33.7,33.21,33.7,17937132.16
1664985600,33.7,34.29,33.63,33.87,22375483.15
1665000000,33.87,34.15,33.68,34.05,13954231.9
1665014400,34.05,34.5,34.04,34.33,18633788.82
1665028800,34.33,34.47,33.89,34.06,13944996.43
1665043200,34.06,34.16,33.86,34.14,10944668.83
1665057600,34.14,34.3,33.58,33.84,25228133.73
1665072000,33.84,34.02,33.6,33.64,21490410.04
1665086400,33.64,33.79,33.27,33.36,12949913.59
1665100800,33.36,33.77,33.34,33.64,8352617.3
1665115200,33.64,33.75,33.15,33.34,11348348.84
1665129600,33.34,33.46,33.17,33.36,8674617.49
1665144000,33.36,33.38,32.43,32.9,30654297.2
1665158400,32.9,33.05,32.67,32.97,12891619.83
1665172800,32.97,33.15,32.84,32.99,7707863.62
1665187200,32.99,33.07,32.78,32.82,7985588.65
1665201600,32.82,33.0,32.74,33.0,4416673.83
1665216000,33.0,33.0,32.85,32.96,3433380.98
1665230400,32.96,32.98,32.7,32.83,6023171.91
1665244800,32.83,32.96,32.67,32.71,7182840.3
1665259200,32.71,32.8,32.37,32.59,8309870.189999999
1665273600,32.59,32.64,32.45,32.51,4282084.63
1665288000,32.51,32.76,32.47,32.72,4427976.52
1665302400,32.72,32.94,32.61,32.84,6275119.08
1665316800,32.84,33.13,32.81,33.11,6439630.73
1665331200,33.11,33.13,32.88,32.96,5855070.38
1665345600,32.96,32.98,32.62,32.93,8514598.129999999
1665360000,32.93,33.45,32.85,33.05,9974691.42
1665374400,33.05,33.11,32.78,32.9,7538609.09
1665388800,32.9,32.91,32.38,32.71,10956484.34
1665403200,32.71,32.91,32.41,32.59,16414479.79
1665417600,32.59,32.64,32.27,32.46,13398070.36
1665432000,32.46,32.57,31.93,31.95,10280918.03
1665446400,31.95,31.95,31.08,31.37,19592602.19
1665460800,31.37,31.6,31.29,31.55,8864864.34
1665475200,31.55,31.63,31.27,31.55,6960526.94
1665489600,31.55,31.72,31.08,31.56,16651197.19
1665504000,31.56,31.86,31.14,31.15,19311806.28
1665518400,31.15,31.38,30.42,30.79,18901321.33
1665532800,30.79,31.1,30.67,30.94,9154635.9
1665547200,30.94,31.42,30.93,31.25,8742660.69
1665561600,31.25,31.54,31.16,31.25,5425247.47
1665576000,31.25,31.34,30.93,31.29,12444180.12
1665590400,31.29,31.3,30.86,31.12,10222087.88
1665604800,31.12,31.28,31.09,31.16,5041415.85
1665619200,31.16,31.2,30.61,30.77,7107766.470000001
1665633600,30.77,30.77,29.36,29.73,20566032.37
1665648000,29.73,29.94,28.27,28.79,39730275.6
1665662400,28.79,29.94,27.75,29.65,76084034.49
1665676800,29.65,30.92,29.61,30.58,27015262.65
1665691200,30.58,30.9,30.5,30.51,10005300.25
1665705600,30.51,31.88,30.4,31.65,20977657.95
1665720000,31.65,31.98,31.22,31.34,9730030.21
1665734400,31.34,31.52,31.16,31.22,11107868.09
1665748800,31.22,31.8,30.81,30.82,25098788.1
1665763200,30.82,30.89,29.98,30.19,22048606.43
1665777600,30.19,30.29,29.64,30.0,13319855.06
1665792000,30.0,30.2,29.89,30.11,7181719.71
1665806400,30.11,30.18,29.86,30.06,5947844.199999999
1665820800,30.06,30.06,29.56,29.98,8054009.050000001
1665835200,29.98,30.09,29.73,29.92,6711460.15
1665849600,29.92,30.08,29.76,29.85,5123116.68
1665864000,29.85,29.85,29.45,29.59,7010508.94
1665878400,29.59,29.94,29.56,29.79,4252763.28
1665892800,29.79,29.92,29.68,29.77,2542195.2800000003
1665907200,29.77,30.05,29.77,29.95,3710401.03
1665921600,29.95,30.04,29.83,29.97,4284302.09
1665936000,29.97,30.41,29.83,30.4,6826867.76
1665950400,30.4,30.52,29.89,30.16,14432713.11
1665964800,30.16,30.25,29.84,30.02,6485410.109999999
1665979200,30.02,30.38,29.96,30.32,8331078.58
1665993600,30.32,30.77,30.18,30.54,9070882.15
1666008000,30.54,31.2,30.43,30.95,19549409.02
1666022400,30.95,31.0,30.57,30.8,11500224.01
1666036800,30.8,31.29,30.78,31.21,9461689.35
1666051200,31.21,31.48,30.91,31.11,8775542.6
1666065600,31.11,31.25,30.92,31.13,8059572.32
1666080000,31.13,31.14,30.42,30.84,10546956.88
1666094400,30.84,31.02,30.13,30.31,18769176.37
1666108800,30.31,30.49,29.74,30.07,24426171.21
1666123200,30.07,30.47,30.04,30.14,8296116.73
1666137600,30.14,30.26,29.89,30.04,8561061.55
1666152000,30.04,30.06,29.77,30.05,9617710.97
1666166400,30.05,30.18,29.79,29.93,7148639.63
1666180800,29.93,30.01,29.57,29.99,15225118.47
1666195200,29.99,30.01,29.53,29.75,13686156.09
1666209600,29.75,29.84,28.62,28.85,21708323.93
1666224000,28.85,28.99,28.44,28.91,26068927.53
1666238400,28.91,29.35,28.88,29.25,10896459.44
1666252800,29.25,29.47,29.17,29.34,5710951.28
1666267200,29.34,29.45,28.97,29.15,18145158.0
1666281600,29.15,29.15,28.07,28.25,21447892.53
1666296000,28.25,28.39,27.97,28.01,20226415.22
1666310400,28.01,28.24,27.52,28.13,14815022.26
1666324800,28.13,28.21,27.84,27.92,7278104.97
1666339200,27.92,27.94,27.23,27.48,17309295.349999998
1666353600,27.48,27.7,26.84,27.57,46880648.28
1666368000,27.57,28.27,27.57,28.19,23148075.57
1666382400,28.19,28.28,27.88,28.1,9266957.82
1666396800,28.1,28.18,27.67,27.82,6595593.41
1666411200,27.82,27.89,27.49,27.77,7438446.779999999
1666425600,27.77,28.01,27.73,27.98,6210921.800000001
1666440000,27.98,28.22,27.84,28.0,9295379.08
1666454400,28.0,28.07,27.64,27.83,6695306.93
1666468800,27.83,28.2,27.76,28.01,7006210.59
1666483200,28.01,28.57,27.92,28.37,9718402.72
1666497600,28.37,28.56,28.23,28.43,5503254.67
1666512000,28.43,28.52,27.95,27.97,8417160.96
1666526400,27.97,28.16,27.74,27.94,8263168.25
1666540800,27.94,29.03,27.92,28.82,17190946.029999997
1666555200,28.82,29.42,28.75,29.28,18594423.19
1666569600,29.28,29.49,28.57,28.61,13332983.87
1666584000,28.61,28.78,28.38,28.54,10205453.43
1666598400,28.54,29.2,28.48,29.14,7838550.01
1666612800,29.14,29.18,28.19,28.45,21861156.87
1666627200,28.45,28.59,28.17,28.41,10812181.8
1666641600,28.41,28.57,28.23,28.3,5946060.1
1666656000,28.3,28.53,28.1,28.47,8566918.68
1666670400,28.47,28.6,28.35,28.44,7241860.32
1666684800,28.44,28.45,28.06,28.22,8810593.79
1666699200,28.22,29.79,28.11,29.7,33633303.93
1666713600,29.7,32.35,29.7,31.52,122345558.04
1666728000,31.52,31.59,30.73,30.88,27161609.78
1666742400,30.88,31.37,30.83,31.15,17166083.48
1666756800,31.15,31.53,30.99,31.35,15514398.510000002
1666771200,31.35,31.88,31.13,31.27,20185691.93
1666785600,31.27,32.12,30.65,31.42,40799255.22
1666800000,31.42,31.66,30.96,31.27,20412407.94
1666814400,31.27,31.58,31.01,31.29,16242507.26
1666828800,31.29,31.63,31.08,31.45,18697557.17
1666843200,31.45,32.36,31.41,31.65,27817607.26
1666857600,31.65,31.86,31.22,31.37,13765832.58
1666872000,31.37,32.08,31.19,31.3,40927662.74
1666886400,31.3,31.62,31.11,31.43,22756377.06
1666900800,31.43,31.5,30.47,30.58,32255677.16
1666915200,30.58,30.86,30.39,30.68,12633457.83
1666929600,30.68,30.72,30.12,30.22,8618333.95
1666944000,30.22,30.64,30.22,30.43,9896169.61
1666958400,30.43,31.31,30.14,31.1,29391583.93
1666972800,31.1,32.28,31.06,32.02,37425787.03
1666987200,32.02,32.55,32.0,32.07,22611398.75
1667001600,32.07,33.0,31.87,32.91,19186620.55
1667016000,32.91,33.31,32.55,33.3,24632421.67
1667030400,33.3,33.84,32.9,32.99,22096549.68
1667044800,32.99,33.4,32.76,33.16,19122762.01
1667059200,33.16,33.74,32.78,32.95,26110871.58
1667073600,32.95,33.14,32.62,32.88,10439875.89
1667088000,32.88,33.27,32.73,33.02,10223282.71
1667102400,33.02,33.53,32.76,33.42,11555707.32
1667116800,33.42,33.54,32.4,32.69,17647124.36
1667131200,32.69,32.72,32.13,32.21,11848484.58
1667145600,32.21,32.49,32.03,32.36,7162591.47
1667160000,32.36,33.15,31.95,32.94,19065664.3
1667174400,32.94,33.39,32.43,32.83,20795107.89
1667188800,32.83,33.49,32.82,33.43,19026401.64
1667203200,33.43,34.39,33.16,34.04,34176841.230000004
1667217600,34.04,34.16,32.63,33.01,42329547.64
1667232000,33.01,33.23,32.55,32.56,18570734.95
1667246400,32.56,32.76,32.21,32.56,17637982.9
1667260800,32.56,33.0,32.51,32.61,10851051.44
1667275200,32.61,33.22,32.57,33.02,13546559.44
1667289600,33.02,33.39,32.83,32.91,13844122.46
1667304000,32.91,33.13,32.28,32.47,21349009.35
1667318400,32.47,32.58,32.16,32.21,11859847.48
1667332800,32.21,32.42,32.16,32.2,8015984.19
1667347200,32.2,32.36,31.93,32.25,14088944.78
1667361600,32.25,32.4,31.52,31.72,10243618.2
1667376000,31.72,31.95,30.64,31.3,16701403.48
1667390400,31.3,31.55,31.13,31.32,10731417.27
1667404800,31.32,32.93,30.83,30.91,59398927.17
1667419200,30.91,31.02,30.23,30.81,29809415.54
1667433600,30.81,31.79,30.62,31.64,16997560.36
1667448000,31.64,32.24,31.63,31.64,14613545.24
1667462400,31.64,32.04,31.14,31.25,11757858.99
1667476800,31.25,31.57,30.88,31.18,20120720.19
1667491200,31.18,31.44,31.16,31.29,11805463.05
1667505600,31.29,31.42,30.61,30.85,11280080.23
1667520000,30.85,31.93,30.66,31.93,15806999.55
1667534400,31.93,32.58,31.68,32.38,17443238.31
1667548800,32.38,32.75,32.16,32.31,17843028.060000002
1667563200,32.31,33.98,31.84,33.13,53645208.19
1667577600,33.13,33.52,32.7,33.51,27906419.59
1667592000,33.51,34.21,33.39,33.74,22611434.7
1667606400,33.74,35.02,33.67,34.71,36142478.33
1667620800,34.71,35.57,34.52,35.24,17686760.81
1667635200,35.24,35.55,34.82,35.44,15113176.3
1667649600,35.44,38.09,34.4,37.27,70803820.65
1667664000,37.27,38.74,35.77,37.08,85045998.97
1667678400,37.08,37.33,36.42,36.89,25801023.87
1667692800,36.89,37.05,35.65,36.02,30749217.09
1667707200,36.02,36.22,35.53,36.17,15565440.490000002
1667721600,36.17,36.39,35.57,35.75,15309808.41
1667736000,35.75,36.0,35.08,35.08,26277008.74
1667750400,35.08,35.38,33.72,34.2,46573539.99
1667764800,34.2,34.2,32.34,32.62,47355865.120000005
1667779200,32.62,33.12,32.15,32.45,35257493.28
1667793600,32.45,32.56,30.69,30.78,40399080.78
1667808000,30.78,31.92,30.7,31.61,29859641.53
1667822400,31.61,32.79,30.87,32.76,56009102.59
1667836800,32.76,32.89,31.89,32.4,41501006.95
1667851200,32.4,32.47,28.15,29.62,86889100.86
1667865600,29.62,29.69,26.01,26.56,96417514.13
1667880000,26.56,28.59,24.9,27.93,186752503.95
1667894400,27.93,29.06,27.79,28.0,50441232.510000005
1667908800,28.0,28.51,26.64,27.71,59206464.79
1667923200,27.71,31.63,21.5,23.78,228156555.79
1667937600,23.78,24.52,22.52,24.02,96940836.0
1667952000,24.02,24.03,21.02,21.77,57436329.87
1667966400,21.77,21.82,18.73,18.86,99896772.5
1667980800,18.86,20.51,15.87,19.91,99834104.55
1667995200,19.91,20.6,15.44,15.7,97189139.7
1668009600,15.7,17.32,12.57,14.04,112779102.41
1668024000,14.04,15.01,12.08,14.17,88729704.44
1668038400,14.17,16.45,12.9,15.32,56392681.68
1668052800,15.32,16.84,14.75,16.12,32481289.94
1668067200,16.12,16.16,13.29,14.07,36239883.89
1668081600,14.07,18.5,13.91,17.63,57102064.38
1668096000,17.63,19.08,16.36,17.23,38260572.79
1668110400,17.23,18.39,16.75,17.6,29063566.74
1668124800,17.6,18.06,15.74,16.33,23021395.44
1668139200,16.33,17.68,16.12,17.18,14328334.93
1668153600,17.18,18.25,17.03,18.1,11820592.4
1668168000,18.1,18.22,15.15,16.41,33177824.72
1668182400,16.41,16.61,15.78,16.15,17602208.490000002
1668196800,16.15,16.42,15.31,16.35,23975675.07
1668211200,16.35,16.38,15.67,15.77,10608456.12
1668225600,15.77,15.86,14.74,15.43,11987634.9
1668240000,15.43,15.66,14.99,15.29,7231278.73
1668254400,15.29,15.5,14.77,14.8,8882265.17
1668268800,14.8,15.22,14.75,15.15,8415062.64
1668283200,15.15,15.15,14.44,14.55,7553416.35
1668297600,14.55,14.71,14.03,14.52,12210867.63
1668312000,14.52,14.64,13.51,13.93,9660337.68
1668326400,13.93,13.97,13.33,13.77,7123294.619999999
1668340800,13.77,14.4,13.6,14.04,8370467.3
1668355200,14.04,14.18,13.62,13.98,9075443.9
1668369600,13.98,14.0,13.02,13.17,11332230.08
1668384000,13.17,13.32,12.21,13.01,16361150.61
1668398400,13.01,14.81,12.45,14.54,17776058.87
1668412800,14.54,14.97,14.19,14.24,10073477.42
1668427200,14.24,14.98,13.52,13.73,16701215.88
1668441600,13.73,14.21,13.37,13.72,10381419.3
1668456000,13.72,14.2,13.57,13.98,12605763.45
1668470400,13.98,14.43,13.8,14.21,13016368.68
1668484800,14.21,14.65,13.91,14.46,6127445.630000001
1668499200,14.46,14.89,14.43,14.53,6334234.27
1668513600,14.53,15.09,14.08,14.34,18450062.76
1668528000,14.34,14.62,13.99,14.32,10762683.69
1668542400,14.32,14.42,14.12,14.29,9465298.26
1668556800,14.29,14.57,14.07,14.5,9079149.32
1668571200,14.5,14.56,14.26,14.33,3009247.28
1668585600,14.33,14.6,14.07,14.16,5692948.66
1668600000,14.16,14.18,13.65,13.75,8209499.45
1668614400,13.75,14.21,13.62,14.11,7341216.21
1668628800,14.11,14.41,14.09,14.27,5395531.64
1668643200,14.27,14.51,14.21,14.25,6405718.25
1668657600,14.25,14.42,14.06,14.24,4627382.32
1668672000,14.24,14.32,14.07,14.2,2357873.39
1668686400,14.2,14.22,12.92,13.51,23326922.4
1668700800,13.51,13.76,13.3,13.43,17287936.9
1668715200,13.43,13.78,13.4,13.64,7952485.02
1668729600,13.64,13.87,13.52,13.69,6563178.55
1668744000,13.69,13.72,13.54,13.6,4513398.45
1668758400,13.6,13.72,13.45,13.54,3685180.5
1668772800,13.54,13.62,13.23,13.36,5927245.33
1668787200,13.36,13.37,12.98,13.12,9549250.8
1668801600,13.12,13.27,13.09,13.25,3554716.85
1668816000,13.25,13.26,12.63,12.88,5953381.65
1668830400,12.88,13.0,12.7,12.83,3244947.6
1668844800,12.83,12.98,12.77,12.84,2437802.67
1668859200,12.84,12.87,12.58,12.71,4758984.27
1668873600,12.71,12.88,12.65,12.79,3258398.02
1668888000,12.79,12.96,12.74,12.82,4763732.04
1668902400,12.82,12.92,12.68,12.91,3090927.83
1668916800,12.91,13.57,12.91,13.06,6974119.92
1668931200,13.06,13.08,12.54,12.55,3825883.6
1668945600,12.55,13.1,12.47,13.0,7881826.96
1668960000,13.0,13.02,12.66,12.74,3415214.4000000004
1668974400,12.74,12.77,12.11,12.26,10245145.58
1668988800,12.26,12.27,11.54,11.74,10937716.84
1669003200,11.74,11.99,11.63,11.7,4435097.59
1669017600,11.7,11.89,11.52,11.81,4472703.23
1669032000,11.81,12.15,11.71,11.9,7985875.6
1669046400,11.9,12.06,11.26,11.42,9778905.85
1669060800,11.42,11.99,11.4,11.83,10244146.31
1669075200,11.83,12.03,11.56,11.59,6333469.87
1669089600,11.59,11.68,11.31,11.5,4739558.48
1669104000,11.5,11.51,11.0,11.02,6614402.79
1669118400,11.02,12.07,10.94,12.04,17943050.880000003
1669132800,12.04,12.15,11.66,11.82,9020225.31
1669147200,11.82,12.5,11.82,12.43,10050711.76
1669161600,12.43,13.42,12.39,13.06,16739950.5
1669176000,13.06,13.25,12.82,13.11,8639868.98
1669190400,13.11,13.45,12.93,13.33,10664176.11
1669204800,13.33,13.35,12.71,13.06,12468172.01
1669219200,13.06,14.44,12.99,14.05,23019913.83
1669233600,14.05,14.46,13.85,14.34,22441522.89
1669248000,14.34,14.93,13.97,14.63,19475404.32
1669262400,14.63,14.63,14.18,14.4,7258696.62
1669276800,14.4,14.46,13.84,14.06,7614647.27
1669291200,14.06,14.53,13.98,14.45,11577353.15
1669305600,14.45,14.78,14.31,14.43,9028290.73
1669320000,14.43,14.68,14.28,14.59,7027994.63
1669334400,14.59,14.6,13.96,14.2,10568456.55
1669348800,14.2,14.26,13.89,14.24,5631980.68
1669363200,14.24,14.46,13.98,14.32,5877013.25
1669377600,14.32,14.42,14.03,14.13,5497848.5
1669392000,14.13,14.23,13.95,14.22,4576018.6
1669406400,14.22,14.3,14.01,14.01,5588545.6
1669420800,14.01,14.57,13.98,14.36,7609971.82
1669435200,14.36,14.49,14.23,14.47,3001188.51
1669449600,14.47,14.95,14.33,14.75,9684047.9
1669464000,14.75,14.75,14.37,14.41,5755083.62
1669478400,14.41,14.42,14.07,14.23,4493523.13
1669492800,14.23,14.23,13.96,14.17,5672358.23
1669507200,14.17,14.31,14.06,14.27,4265327.54
1669521600,14.27,14.44,14.17,14.31,6982551.36
1669536000,14.31,14.36,14.2,14.33,4435187.88
1669550400,14.33,14.42,14.16,14.4,4538837.78
1669564800,14.4,14.43,14.2,14.29,3025172.5
1669579200,14.29,14.43,14.05,14.1,6780680.94
1669593600,14.1,14.17,12.78,13.09,21854333.39
1669608000,13.09,13.57,13.05,13.43,11393443.97
1669622400,13.43,13.59,13.28,13.46,5666422.59
1669636800,13.46,13.51,13.08,13.21,6925878.37
1669651200,13.21,13.74,12.97,13.35,13629684.09
1669665600,13.35,13.42,13.27,13.33,3280252.35
1669680000,13.33,13.57,13.15,13.47,6036538.46
1669694400,13.47,13.88,13.45,13.73,5844925.46
1669708800,13.73,13.95,13.6,13.65,3489338.9400000004
1669723200,13.65,13.66,13.33,13.42,5042479.13
1669737600,13.42,13.45,13.27,13.41,4634888.04
1669752000,13.41,13.47,13.27,13.34,6315699.43
1669766400,13.34,13.93,13.33,13.5,10081312.79
1669780800,13.5,13.74,13.5,13.71,7406899.850000001
1669795200,13.71,13.81,13.63,13.71,3863752.65
1669809600,13.71,13.73,13.48,13.54,4840230.94
1669824000,13.54,13.86,13.23,13.64,11220573.510000002
1669838400,13.64,14.32,13.62,14.15,10056346.66
1669852800,14.15,14.19,13.8,13.93,5011329.1
1669867200,13.93,14.0,13.81,13.82,3228929.56
1669881600,13.82,13.93,13.75,13.83,2316586.71
1669896000,13.83,13.94,13.47,13.64,7886398.07
1669910400,13.64,13.65,13.5,13.53,4011095.2
1669924800,13.53,13.57,13.4,13.52,4968342.93
1669939200,13.52,13.68,13.34,13.44,3525627.5900000003
1669953600,13.44,13.56,13.33,13.53,2093565.23
1669968000,13.53,13.68,13.5,13.61,2673562.38
1669982400,13.61,13.81,13.38,13.54,5906599.26
1669996800,13.54,13.7,13.45,13.69,3540105.68
1670011200,13.69,13.8,13.66,13.72,3645981.05
1670025600,13.72,13.77,13.57,13.64,2101086.3
1670040000,13.64,13.7,13.51,13.55,1600483.18
1670054400,13.55,13.59,13.45,13.5,1571838.9300000002
1670068800,13.5,13.6,13.48,13.58,1529404.08
1670083200,13.58,13.62,13.49,13.53,2408825.14
1670097600,13.53,13.54,13.22,13.3,3027954.66
1670112000,13.3,13.54,13.27,13.43,1980282.48
1670126400,13.43,13.51,13.42,13.46,1079968.33
1670140800,13.46,13.49,13.35,13.38,1124827.71
1670155200,13.38,13.51,13.36,13.5,1961473.06
1670169600,13.5,13.57,13.44,13.55,2922592.47
1670184000,13.55,13.75,13.53,13.71,2606064.17
1670198400,13.71,14.16,13.66,13.91,8617436.8
1670212800,13.91,14.04,13.84,13.94,2773465.31
1670227200,13.94,14.09,13.93,13.99,3099218.56
1670241600,13.99,14.01,13.66,13.75,5415891.03
1670256000,13.75,14.01,13.59,13.69,6202229.8100000005
1670270400,13.69,14.0,13.65,13.82,3738464.17
1670284800,13.82,14.3,13.81,14.17,9624517.14
1670299200,14.17,14.38,14.03,14.15,5843791.52
1670313600,14.15,14.19,13.89,14.01,2703403.33
1670328000,14.01,14.12,13.91,13.98,3847560.1
1670342400,13.98,14.1,13.93,14.02,3847540.2
1670356800,14.02,14.31,14.01,14.29,4438331.16
1670371200,14.29,14.33,14.03,14.04,4217219.53
1670385600,14.04,14.08,13.58,13.63,5244957.7
1670400000,13.63,13.72,13.44,13.61,7975687.1
1670414400,13.61,13.74,13.59,13.69,3239808.75
1670428800,13.69,13.74,13.53,13.58,2974832.88
1670443200,13.58,13.62,13.46,13.5,2463534.23
1670457600,13.5,13.54,13.35,13.45,3467138.71
1670472000,13.45,13.55,13.27,13.51,2889260.55
1670486400,13.51,13.57,13.38,13.5,1589476.28
1670500800,13.5,13.62,13.44,13.58,2826388.27
1670515200,13.58,13.77,13.54,13.74,3616588.4
1670529600,13.74,13.78,13.62,13.69,2568604.4
1670544000,13.69,13.79,13.62,13.75,2163142.49
1670558400,13.75,13.75,13.64,13.71,1286588.03
1670572800,13.71,14.02,13.65,13.88,3979438.94
1670587200,13.88,13.93,13.68,13.86,4124017.39
1670601600,13.86,13.89,13.55,13.61,4084818.52
1670616000,13.61,13.64,13.5,13.58,2640942.02
1670630400,13.58,13.66,13.54,13.63,1072596.82
1670644800,13.63,13.72,13.62,13.62,1517937.21
1670659200,13.62,13.65,13.56,13.59,784678.25
1670673600,13.59,13.67,13.56,13.65,1135708.5
1670688000,13.65,13.71,13.61,13.66,1402704.89
1670702400,13.66,13.69,13.55,13.57,1594508.91
1670716800,13.57,13.65,13.53,13.65,1033975.22
1670731200,13.65,13.67,13.61,13.66,759197.76
1670745600,13.66,13.67,13.62,13.64,473843.77
1670760000,13.64,13.74,13.61,13.66,2091126.58
1670774400,13.66,13.8,13.64,13.73,2208184.73
1670788800,13.73,13.74,13.39,13.43,4697931.8
1670803200,13.43,13.48,12.84,12.96,9441504.9
1670817600,12.96,13.04,12.93,12.99,2308964.76
1670832000,12.99,13.23,12.96,13.16,2086603.62
1670846400,13.16,13.2,13.01,13.1,4710940.609999999
1670860800,13.1,13.24,13.09,13.23,4312279.4
1670875200,13.23,13.39,13.2,13.32,4600547.08
1670889600,13.32,13.39,13.06,13.07,3314388.55
1670904000,13.07,13.19,12.78,12.98,4547960.9
1670918400,12.98,13.36,12.94,13.35,4274349.45
1670932800,13.35,14.15,13.18,13.72,19666081.25
1670947200,13.72,13.84,13.58,13.79,5759693.640000001
1670961600,13.79,13.89,13.72,13.89,3060782.18
1670976000,13.89,13.99,13.83,13.95,3446837.39
1670990400,13.95,14.03,13.81,13.9,3242817.2
1671004800,13.9,14.01,13.89,13.97,2957099.06
1671019200,13.97,14.54,13.95,14.49,12969942.87
1671033600,14.49,14.95,14.18,14.29,27330585.05
1671048000,14.29,14.48,14.06,14.12,10169374.13
1671062400,14.12,14.52,13.87,14.38,9164337.45
1671076800,14.38,14.39,14.13,14.13,4326817.24
1671091200,14.13,14.2,14.02,14.1,2969198.73
1671105600,14.1,14.15,13.89,13.99,7696798.44
1671120000,13.99,14.13,13.87,14.1,6650426.93
1671134400,14.1,14.21,13.94,14.04,4590983.46
1671148800,14.04,14.17,13.89,14.04,4548031.27
1671163200,14.04,14.1,13.91,14.09,2953206.16
1671177600,14.09,14.1,13.36,13.51,10298791.87
1671192000,13.51,13.51,12.98,13.01,12234209.93
1671206400,13.01,13.1,12.65,13.01,15544109.53
1671220800,13.01,13.09,11.99,12.24,14262409.0
1671235200,12.24,12.38,11.94,12.27,11406501.43
1671249600,12.27,12.54,12.18,12.46,8746833.41
1671264000,12.46,12.5,12.27,12.32,4709086.79
1671278400,12.32,12.36,12.21,12.32,4643445.77
1671292800,12.32,12.35,12.15,12.27,3602073.09
1671307200,12.27,12.55,12.25,12.51,3477900.27
1671321600,12.51,12.54,12.38,12.49,2430411.77
1671336000,12.49,12.6,12.42,12.44,3005628.51
1671350400,12.44,12.48,12.27,12.4,2306737.5700000003
1671364800,12.4,12.46,12.29,12.32,1413340.79
1671379200,12.32,12.54,12.29,12.44,3443200.95
1671393600,12.44,12.61,12.34,12.37,4806454.55
1671408000,12.37,12.59,12.17,12.24,5611961.98
1671422400,12.24,12.34,12.18,12.24,2748679.62
1671436800,12.24,12.36,12.22,12.28,2842714.16
1671451200,12.28,12.34,12.16,12.17,5528385.29
1671465600,12.17,12.23,11.92,12.01,11076016.59
1671480000,12.01,12.14,11.67,11.94,8494363.86
1671494400,11.94,12.32,11.83,12.2,7909560.689999999
1671508800,12.2,12.44,12.18,12.35,4962966.37
1671523200,12.35,12.45,12.31,12.38,2824446.09
1671537600,12.38,12.48,12.19,12.34,5889736.47
1671552000,12.34,12.36,12.12,12.23,4768305.75
1671566400,12.23,12.32,12.2,12.26,3795538.22
1671580800,12.26,12.29,12.06,12.08,4515568.96
1671595200,12.08,12.11,11.93,12.04,3056478.73
1671609600,12.04,12.15,11.97,12.1,3490285.07
1671624000,12.1,12.12,11.94,12.08,3876499.14
1671638400,12.08,12.08,11.93,11.97,3107006.43
1671652800,11.97,12.22,11.9,12.14,5571348.29
1671667200,12.14,12.19,12.07,12.13,2700815.34
1671681600,12.13,12.15,11.98,12.07,2125024.7
1671696000,12.07,12.17,12.04,12.11,2241190.96
1671710400,12.11,12.16,11.72,11.77,6943316.149999999
1671724800,11.77,11.88,11.69,11.84,4977705.62
1671739200,11.84,12.08,11.67,11.81,12967815.25
1671753600,11.81,12.11,11.72,12.02,5169707.58
1671768000,12.02,12.04,11.86,11.89,2876961.51
1671782400,11.89,11.97,11.8,11.88,2675373.5
1671796800,11.88,11.96,11.77,11.85,5896463.0
1671811200,11.85,11.87,11.79,11.84,2522152.95
1671825600,11.84,11.87,11.73,11.78,3872894.41
1671840000,11.78,11.79,11.7,11.79,2476513.71
1671854400,11.79,11.79,11.12,11.37,16638938.88
1671868800,11.37,11.37,11.2,11.32,4375806.97
1671883200,11.32,11.39,11.27,11.37,2852780.63
1671897600,11.37,11.57,11.35,11.56,5019807.78
1671912000,11.56,11.61,11.35,11.45,3024733.91
1671926400,11.45,11.5,11.4,11.47,1502628.97
1671940800,11.47,11.55,11.41,11.49,1873036.56
1671955200,11.49,11.51,11.37,11.39,1680379.43
1671969600,11.39,11.43,11.24,11.35,2497741.74
1671984000,11.35,11.4,11.27,11.4,2267010.84
1671998400,11.4,11.45,11.32,11.39,1706543.76
1672012800,11.39,11.49,11.25,11.42,2947951.71
1672027200,11.42,11.44,11.26,11.31,3025714.23
1672041600,11.31,11.37,11.29,11.35,1908984.76
1672056000,11.35,11.37,11.11,11.19,4282535.12
1672070400,11.19,11.23,11.06,11.18,3318654.43
1672084800,11.18,11.35,11.16,11.33,2929447.0700000003
1672099200,11.33,11.44,11.26,11.28,4005039.67
1672113600,11.28,11.29,11.18,11.22,1842099.85
1672128000,11.22,11.23,11.1,11.14,2379926.37
1672142400,11.14,11.16,10.73,10.76,8963977.42
1672156800,10.76,11.03,10.72,11.02,7963269.18
1672171200,11.02,11.16,10.96,11.09,4380304.84
1672185600,11.09,11.12,10.69,10.78,7419306.5
1672200000,10.78,10.79,9.734,10.15,21235118.37
1672214400,10.15,10.19,9.85,10.02,7366926.11
1672228800,10.02,10.32,9.873,9.939,19373949.66
1672243200,9.939,10.09,9.772,9.772,11289027.7
1672257600,9.772,9.899,9.421,9.759,16442567.1
1672272000,9.759,9.879,9.523,9.759,9130527.41
1672286400,9.759,9.779,9.553,9.611,5305585.36
1672300800,9.611,9.639,9.262,9.451,10391039.22
1672315200,9.451,9.517,9.313,9.372,8887690.299999999
1672329600,9.372,9.447,8.674,8.771,17082422.86
1672344000,8.771,10.82,8.028,9.641,54548350.25
1672358400,9.641,10.23,9.401,9.511,48321248.75
1672372800,9.511,9.725,9.101,9.147,19854458.81
1672387200,9.147,9.244,9.03,9.121,6359133.69
1672401600,9.121,10.02,9.112,9.571,19030125.54
1672416000,9.571,10.05,9.499,9.851,16645828.7
1672430400,9.851,10.06,9.703,9.909,14519207.01
1672444800,9.909,10.05,9.734,9.75,8412118.46
1672459200,9.75,9.867,9.659,9.831,4651566.45
1672473600,9.831,9.918,9.734,9.86,4032457.17
1672488000,9.86,10.18,9.852,10.15,8892304.31
1672502400,10.15,10.18,9.931,10.06,7366149.27
1672516800,10.06,10.12,9.854,9.952,6442630.38
1672531200,9.952,10.08,9.903,9.96,5863033.41
1672545600,9.96,9.977,9.7,9.779,10302247.66
1672560000,9.779,9.979,9.7,9.93,9959569.23
1672574400,9.93,9.96,9.8,9.87,3164122.34
1672588800,9.87,10.06,9.84,9.96,4466419.21
1672603200,9.96,10.06,9.94,9.99,2891710.2800000003
1672617600,9.99,10.02,9.791,10.0,4598726.98
1672632000,10.0,11.97,9.93,11.07,21714779.93
1672646400,11.07,11.37,10.91,11.02,20613671.96
1672660800,11.02,11.22,11.0,11.12,11552232.02
1672675200,11.12,11.45,11.08,11.27,8559953.99
1672689600,11.27,11.44,11.19,11.28,9243277.85
1672704000,11.28,11.34,11.01,11.22,7207144.0
1672718400,11.22,12.04,11.2,11.94,17679238.46
1672732800,11.94,12.02,11.71,11.85,8182342.74
1672747200,11.85,13.25,11.79,13.09,33656595.08
1672761600,13.09,13.8,12.71,12.94,44411790.07
1672776000,12.94,13.46,12.93,13.39,17884461.46
1672790400,13.39,14.05,13.25,13.57,42972690.86
1672804800,13.57,14.22,13.29,14.17,22543040.89
1672819200,14.17,14.17,13.57,13.63,14136479.43
1672833600,13.63,13.73,13.18,13.36,18595150.76
1672848000,13.36,13.62,13.09,13.18,23270690.03
1672862400,13.18,13.64,12.82,13.44,21306226.11
1672876800,13.44,13.44,13.04,13.21,12337751.05
1672891200,13.21,13.48,13.13,13.24,9464903.67
1672905600,13.24,13.31,12.95,13.28,8135629.28
1672920000,13.28,13.39,13.03,13.28,9663649.02
1672934400,13.28,13.49,13.06,13.42,8254163.84
1672948800,13.42,13.86,13.36,13.43,18029290.18
1672963200,13.43,13.57,13.14,13.2,13545947.69
1672977600,13.2,13.24,13.02,13.12,7505944.42
1672992000,13.12,13.25,12.88,13.01,9872608.25
1673006400,13.01,13.21,12.69,13.2,15286942.59
1673020800,13.2,13.43,13.06,13.35,12758044.36
1673035200,13.35,13.59,13.17,13.5,8100746.61
1673049600,13.5,13.5,13.28,13.33,6792870.87
1673064000,13.33,13.33,13.2,13.29,4474820.0600000005
1673078400,13.29,13.32,13.13,13.16,4042889.18
1673092800,13.16,13.28,13.14,13.28,3269557.77
1673107200,13.28,13.28,13.18,13.22,2551829.93
1673121600,13.22,13.25,13.01,13.1,4083294.98
1673136000,13.1,13.41,12.85,13.38,12938096.78
1673150400,13.38,13.42,13.26,13.34,4238950.46
1673164800,13.34,13.76,13.29,13.52,8350103.6
1673179200,13.52,13.93,13.44,13.87,11063760.75
1673193600,13.87,13.89,13.48,13.55,10474535.53
1673208000,13.55,14.87,13.53,14.45,22784363.67
1673222400,14.45,16.75,14.29,16.04,77142472.41
1673236800,16.04,16.52,15.94,16.36,34769111.78
1673251200,16.36,16.78,16.1,16.36,28915209.6
1673265600,16.36,17.52,16.1,17.11,50538064.23
1673280000,17.11,17.37,16.24,16.28,47723961.57
1673294400,16.28,16.64,16.02,16.26,28869910.11
1673308800,16.26,16.59,15.57,15.97,23825055.89
1673323200,15.97,16.3,15.86,15.9,21976664.81
1673337600,15.9,16.34,15.82,16.05,15688828.35
1673352000,16.05,16.49,15.82,16.24,25433927.8
1673366400,16.24,16.47,16.04,16.39,15717746.67
1673380800,16.39,16.73,16.15,16.21,14701601.69
1673395200,16.21,16.32,15.87,16.02,15480075.95
1673409600,16.02,16.16,15.86,16.1,9938766.55
1673424000,16.1,16.14,15.95,16.04,5602903.44
1673438400,16.04,16.04,15.31,15.42,19940328.07
1673452800,15.42,16.12,15.29,16.01,18582283.35
1673467200,16.01,16.6,15.75,16.37,22412929.44
1673481600,16.37,16.97,16.16,16.43,28304082.44
1673496000,16.43,16.5,16.16,16.24,12077100.46
1673510400,16.24,16.24,15.9,16.08,8912246.58
1673524800,16.08,16.48,15.59,15.98,29183643.77
1673539200,15.98,16.8,15.91,16.55,26806556.31
1673553600,16.55,16.7,16.31,16.6,17610258.4
1673568000,16.6,16.83,16.32,16.73,12729702.01
1673582400,16.73,17.34,16.7,16.9,28499460.12
1673596800,16.9,17.1,16.55,16.69,13482704.01
1673611200,16.69,16.87,16.47,16.82,13333698.93
1673625600,16.82,17.15,16.53,17.15,15867954.68
1673640000,17.15,18.6,17.03,18.29,49169960.23
1673654400,18.29,22.81,18.21,21.91,116296369.37
1673668800,21.91,24.62,21.8,23.58,89987098.46
1673683200,23.58,23.92,21.34,22.38,75173592.88
1673697600,22.38,23.52,21.82,22.34,48953144.1
1673712000,22.34,23.41,22.15,23.09,51693809.85
1673726400,23.09,24.72,22.53,24.24,44045490.97
1673740800,24.24,24.91,22.55,23.07,74167097.59
1673755200,23.07,23.17,22.13,22.63,27114213.56
1673769600,22.63,23.06,21.99,22.9,31393849.65
1673784000,22.9,23.86,22.71,23.71,38646457.4
1673798400,23.71,23.78,23.0,23.35,31540440.35
1673812800,23.35,23.4,22.67,22.88,22306797.2
1673827200,22.88,24.14,22.45,23.24,38535798.45
1673841600,23.24,25.0,23.07,24.24,38945055.56
1673856000,24.24,24.26,22.88,23.38,31454826.49
1673870400,23.38,23.54,22.27,23.08,27056144.24
1673884800,23.08,23.77,22.87,23.56,31462459.56
1673899200,23.56,24.21,23.33,23.58,27919351.630000003
1673913600,23.58,23.81,22.81,23.19,25942947.39
1673928000,23.19,23.78,23.14,23.42,17905541.86
1673942400,23.42,23.92,23.37,23.76,11587756.38
1673956800,23.76,23.95,23.16,23.29,30138964.630000003
1673971200,23.29,23.57,23.06,23.44,15538640.07
1673985600,23.44,23.69,22.72,22.89,21203030.91
1674000000,22.89,23.32,22.65,23.07,32257674.21
1674014400,23.07,23.31,22.86,22.99,13777590.73
1674028800,22.99,22.99,22.16,22.54,20486006.95
1674043200,22.54,23.62,20.89,21.75,46760218.57
1674057600,21.75,22.28,20.34,21.77,70211789.69
1674072000,21.77,21.87,20.71,20.81,34980882.81
1674086400,20.81,21.51,20.76,21.34,25105296.86
1674100800,21.34,21.77,21.27,21.3,13639156.03
1674115200,21.3,21.49,20.81,20.93,11380322.42
1674129600,20.93,21.18,20.43,21.07,19636499.380000003
1674144000,21.07,21.72,20.86,21.65,17786446.43
1674158400,21.65,21.86,21.32,21.4,15291711.32
1674172800,21.4,21.63,21.02,21.33,17191468.650000002
1674187200,21.33,21.42,20.93,21.08,10206910.96
1674201600,21.08,21.23,20.97,21.14,8901299.7
1674216000,21.14,21.54,21.08,21.43,12716319.51
1674230400,21.43,23.39,21.42,23.3,39717726.44
1674244800,23.3,25.81,23.29,25.54,75735839.72
1674259200,25.54,25.85,24.45,24.83,40677287.76
1674273600,24.83,25.69,24.73,25.56,24565350.66
1674288000,25.56,26.46,24.38,25.2,58248465.25
1674302400,25.2,25.64,25.09,25.21,26218480.54
1674316800,25.21,26.06,25.21,25.63,26968772.41
1674331200,25.63,25.68,24.52,24.57,24387295.41
1674345600,24.57,25.32,24.41,24.99,21283484.19
1674360000,24.99,25.43,24.93,25.14,14791490.62
1674374400,25.14,25.32,24.8,24.87,13710304.12
1674388800,24.87,25.42,24.66,24.97,19651611.82
1674403200,24.97,25.27,24.75,24.88,23287149.81
1674417600,24.88,24.91,23.52,24.22,34002868.77
1674432000,24.22,24.93,24.09,24.52,17030534.869999997
1674446400,24.52,24.79,24.36,24.47,9817762.76
1674460800,24.47,24.8,24.22,24.62,14225032.41
1674475200,24.62,24.73,23.76,24.18,29212737.93
1674489600,24.18,24.75,23.97,24.17,24152104.94
1674504000,24.17,24.51,24.04,24.35,9788747.73
1674518400,24.35,25.21,24.07,24.99,18706795.92
1674532800,24.99,25.01,24.63,24.8,9883333.15
1674547200,24.8,24.96,24.31,24.47,10639780.53
1674561600,24.47,24.6,24.04,24.48,13554710.82
1674576000,24.48,24.55,24.12,24.45,6274518.05
1674590400,24.45,24.5,22.41,22.77,32019577.66
1674604800,22.77,22.98,22.24,22.94,17051923.54
1674619200,22.94,23.43,22.88,23.29,8731606.68
1674633600,23.29,23.4,23.0,23.13,5957090.63
1674648000,23.13,24.54,22.71,23.35,37091214.07
1674662400,23.35,23.79,23.25,23.75,14165756.78
1674676800,23.75,25.41,23.74,24.51,42433638.09
1674691200,24.51,25.22,24.44,24.79,17581842.8
1674705600,24.79,24.94,24.27,24.36,10071908.61
1674720000,24.36,24.58,24.09,24.32,5582485.79
1674734400,24.32,25.1,24.11,24.24,18417012.33
1674748800,24.24,24.71,23.79,24.47,14386390.86
1674763200,24.47,24.61,24.21,24.35,8244318.46
1674777600,24.35,24.52,23.36,23.73,17883529.58
1674792000,23.73,24.05,23.66,24.04,7066985.01
1674806400,24.04,24.05,23.6,23.71,5787677.57
1674820800,23.71,24.19,23.37,23.9,21829314.81
1674835200,23.9,24.59,23.83,24.47,15169473.34
1674849600,24.47,24.95,24.03,24.44,19301078.38
1674864000,24.44,24.87,24.3,24.51,10002901.47
1674878400,24.51,25.19,24.19,24.35,10590271.38
1674892800,24.35,24.47,24.2,24.31,3531648.75
1674907200,24.31,24.32,23.74,24.18,9750241.34
1674921600,24.18,24.22,23.94,24.12,4214307.9
1674936000,24.12,24.14,23.76,24.01,6004527.58
1674950400,24.01,24.68,23.73,24.13,13660809.18
1674964800,24.13,24.19,24.04,24.14,2842344.47
1674979200,24.14,24.49,24.08,24.35,5143751.43
1674993600,24.35,24.77,24.22,24.68,10269471.13
1675008000,24.68,26.55,24.47,26.29,49976809.31
1675022400,26.29,26.76,25.98,26.08,20605066.24
1675036800,26.08,26.32,25.2,25.44,19402539.81
1675051200,25.44,25.59,25.26,25.39,8796016.59
1675065600,25.39,25.52,23.79,24.05,26307532.34
1675080000,24.05,24.76,23.87,24.37,18235057.87
1675094400,24.37,24.63,23.29,23.61,22572707.28
1675108800,23.61,24.0,23.38,23.97,14048921.65
1675123200,23.97,24.28,23.67,24.01,10165256.48
1675137600,24.01,24.12,23.67,24.11,6270171.609999999
1675152000,24.11,24.13,23.49,23.75,5690372.57
1675166400,23.75,24.34,23.64,24.08,12971862.47
1675180800,24.08,24.46,24.03,24.21,13248972.67
1675195200,24.21,24.24,23.65,23.93,11919858.02
1675209600,23.93,24.02,23.67,23.88,7140491.94
1675224000,23.88,24.0,23.42,23.57,7681432.109999999
1675238400,23.57,23.62,23.17,23.54,7950604.76
1675252800,23.54,23.67,22.73,22.83,18599333.4
1675267200,22.83,24.58,22.51,24.29,38983727.85
1675281600,24.29,25.2,24.13,25.0,28168073.65
1675296000,25.0,25.78,24.96,25.29,23280238.98
1675310400,25.29,25.42,24.74,24.87,10672695.94
1675324800,24.87,25.08,24.81,25.01,4691972.67
1675339200,25.01,25.25,24.6,25.01,21267245.96
1675353600,25.01,26.14,24.89,25.08,30965518.2
1675368000,25.08,25.23,24.12,24.32,18480285.82
1675382400,24.32,24.48,24.05,24.35,8664290.89
1675396800,24.35,24.54,24.26,24.33,6621971.109999999
1675411200,24.33,24.53,24.12,24.52,6010473.71
1675425600,24.52,25.22,24.07,24.89,27558615.51
1675440000,24.89,25.05,24.36,24.38,13325611.21
1675454400,24.38,24.81,24.26,24.68,7946724.34
1675468800,24.68,24.81,24.43,24.46,3892235.31
1675483200,24.46,24.53,24.3,24.51,2083756.75
1675497600,24.51,24.6,24.42,24.58,2201498.1
1675512000,24.58,24.94,24.54,24.7,4686911.430000001
1675526400,24.7,24.79,24.52,24.68,4537079.31
1675540800,24.68,24.76,24.2,24.36,5603391.0
1675555200,24.36,24.43,24.09,24.31,5153185.19
1675569600,24.31,24.47,24.27,24.37,2104449.19
1675584000,24.37,24.46,24.16,24.21,2195993.93
1675598400,24.21,24.24,23.33,23.65,16539852.43
1675612800,23.65,23.71,23.23,23.38,9682999.45
1675627200,23.38,23.68,23.05,23.49,6783332.0
1675641600,23.49,23.73,23.26,23.4,3142757.47
1675656000,23.4,23.46,22.91,23.38,7126534.25
1675670400,23.38,23.41,23.06,23.34,1874950.19
1675684800,23.34,23.49,22.82,23.44,6928823.75
1675699200,23.44,23.61,23.16,23.38,7732905.72
1675713600,23.38,23.38,22.51,22.69,8829416.65
1675728000,22.69,23.17,22.55,23.06,5506584.84
1675742400,23.06,23.35,23.03,23.23,4147208.06
1675756800,23.23,23.44,23.11,23.34,3458439.43
1675771200,23.34,23.42,22.93,23.02,5811775.01
1675785600,23.02,23.93,22.63,23.28,25625166.58
1675800000,23.28,23.96,23.15,23.84,10844015.91
1675814400,23.84,24.2,23.81,23.91,8123054.89
1675828800,23.91,23.97,23.58,23.77,3028746.33
1675843200,23.77,23.79,23.54,23.74,2260037.09
1675857600,23.74,23.96,23.25,23.27,11186569.39
1675872000,23.27,23.46,22.81,23.09,12900623.72
1675886400,23.09,23.28,22.87,23.22,4245055.66
1675900800,23.22,23.34,22.05,22.35,12777612.54
1675915200,22.35,22.9,22.22,22.78,5960542.89
1675929600,22.78,22.97,22.73,22.8,4173688.9
1675944000,22.8,22.98,22.6,22.65,5694626.53
1675958400,22.65,22.7,21.51,21.81,16279741.71
1675972800,21.81,21.81,20.01,20.47,24775740.54
1675987200,20.47,20.92,20.31,20.8,10615675.78
1676001600,20.8,21.12,20.53,21.11,8207521.640000001
1676016000,21.11,21.21,20.66,20.68,5819042.36
1676030400,20.68,21.02,20.46,20.73,8630120.21
1676044800,20.73,20.98,20.52,20.89,7398847.27
1676059200,20.89,20.9,19.71,20.13,11538055.72
1676073600,20.13,20.49,20.11,20.41,4055937.81
1676088000,20.41,20.42,20.17,20.34,5186724.64
1676102400,20.34,20.38,20.23,20.32,1217897.4300000002
1676116800,20.32,20.63,20.29,20.53,3311282.47
1676131200,20.53,20.53,20.27,20.39,3412103.0300000003
1676145600,20.39,20.92,20.34,20.82,3618576.8
1676160000,20.82,20.83,20.63,20.67,1687354.22
1676174400,20.67,21.01,20.64,20.86,2876724.17
1676188800,20.86,21.07,20.84,21.05,2772939.24
1676203200,21.05,21.58,20.79,21.42,6497372.7700000005
1676217600,21.42,22.43,21.4,22.06,13931645.9
1676232000,22.06,22.22,21.12,21.51,13107313.31
1676246400,21.51,21.6,20.49,20.92,10897150.74
1676260800,20.92,21.3,20.86,21.2,6024278.87
1676275200,21.2,21.21,20.08,20.47,10924406.54
1676289600,20.47,20.69,20.39,20.4,7125960.2
1676304000,20.4,20.55,19.76,20.46,13824043.64
1676318400,20.46,20.88,20.25,20.78,8106312.95
1676332800,20.78,21.09,20.69,20.85,5857729.24
1676347200,20.85,21.11,20.79,21.05,2894604.87
1676361600,21.05,21.62,20.78,21.38,8416348.46
1676376000,21.38,22.38,20.91,21.9,31096709.37
1676390400,21.9,22.07,21.65,22.04,11847153.53
1676404800,22.04,22.06,21.55,21.85,7339353.23
1676419200,21.85,21.93,21.46,21.62,4809531.12
1676433600,21.62,21.69,21.5,21.56,2395896.42
1676448000,21.56,22.23,21.48,22.12,4308952.59
1676462400,22.12,22.74,22.11,22.43,18008807.04
1676476800,22.43,23.02,22.28,22.99,12456627.37
1676491200,22.99,23.98,22.94,23.87,22553274.82
1676505600,23.87,24.15,23.55,23.83,13226897.57
1676520000,23.83,23.99,23.55,23.72,7383615.32
1676534400,23.72,23.9,23.49,23.56,4319035.84
1676548800,23.56,23.88,23.06,23.88,17102810.369999997
1676563200,23.88,24.14,23.38,23.61,15086591.61
1676577600,23.61,23.61,22.21,22.26,23576289.67
1676592000,22.26,22.8,22.04,22.69,8365708.950000001
1676606400,22.69,22.81,22.53,22.55,3590021.7
1676620800,22.55,22.72,22.48,22.59,5261251.94
1676635200,22.59,22.99,22.43,22.8,8278309.320000001
1676649600,22.8,23.49,22.58,23.46,9566483.27
1676664000,23.46,23.56,22.73,23.17,13184754.99
1676678400,23.17,23.62,23.14,23.35,4564849.0
1676692800,23.35,23.48,23.13,23.23,2536109.35
1676707200,23.23,23.26,22.93,23.05,2748863.38
1676721600,23.05,23.55,23.01,23.44,3780958.05
1676736000,23.44,23.92,23.41,23.51,11587158.8
1676750400,23.51,23.67,23.3,23.47,3608589.82
1676764800,23.47,23.6,23.22,23.3,3017869.32
1676779200,23.3,23.98,23.27,23.54,5576324.23
1676793600,23.54,23.72,23.47,23.71,2964552.12
1676808000,23.71,25.21,23.69,25.2,19388007.08
1676822400,25.2,25.36,24.02,24.64,22200010.950000003
1676836800,24.64,25.63,24.07,24.85,22842850.61
1676851200,24.85,26.3,24.13,26.16,29659563.73
1676865600,26.16,27.11,25.86,26.48,30874190.94
1676880000,26.48,26.67,26.04,26.36,13047680.25
1676894400,26.36,26.71,26.16,26.54,16923892.18
1676908800,26.54,26.56,25.57,26.36,21252041.04
1676923200,26.36,26.37,25.93,26.26,9088283.04
1676937600,26.26,26.61,25.79,26.14,16788233.35
1676952000,26.14,26.3,25.72,26.01,7641688.85
1676966400,26.01,26.24,24.93,25.05,18974396.71
1676980800,25.05,25.38,24.83,25.05,13684012.12
1676995200,25.05,25.49,24.71,25.22,12780122.17
1677009600,25.22,25.46,24.5,24.98,11471932.84
1677024000,24.98,25.23,23.89,24.45,15321735.83
1677038400,24.45,24.47,23.46,23.83,15482206.31
1677052800,23.83,23.83,23.22,23.56,16692615.73
1677067200,23.56,23.79,23.26,23.67,14270969.31
1677081600,23.67,24.16,23.41,23.81,14485718.81
1677096000,23.81,24.34,23.48,24.17,7258571.6
1677110400,24.17,24.7,23.97,24.44,9382319.25
1677124800,24.44,24.58,24.25,24.51,4210472.26
1677139200,24.51,24.63,23.61,23.77,11209982.78
1677153600,23.77,24.38,23.61,23.87,11592449.56
1677168000,23.87,24.08,23.62,24.04,7784955.96
1677182400,24.04,24.21,23.68,23.92,5087427.56
1677196800,23.92,24.14,23.71,23.78,7065372.8
1677211200,23.78,24.1,23.76,23.97,4116139.67
1677225600,23.97,24.05,23.55,23.79,4449274.0200000005
1677240000,23.79,24.0,22.93,23.05,12071529.48
1677254400,23.05,23.06,22.53,23.05,13805031.06
1677268800,23.05,23.35,22.49,23.08,8340405.05
1677283200,23.07,23.33,22.94,22.97,3942362.93
1677297600,22.97,23.18,22.85,22.95,2542445.39
1677312000,22.95,23.02,22.64,22.78,3240741.58
1677326400,22.78,22.8,22.08,22.33,7991706.16
1677340800,22.33,22.51,21.7,21.92,8090341.58
1677355200,21.92,22.51,21.46,22.4,7722312.359999999
1677369600,22.4,22.74,22.24,22.68,3375915.18
1677384000,22.68,22.84,22.52,22.8,3157475.33
1677398400,22.8,22.99,22.66,22.86,4627063.41
1677412800,22.86,22.97,22.6,22.94,3624277.9
1677427200,22.94,23.4,22.69,23.36,7221133.470000001
1677441600,23.36,23.53,22.97,23.28,7936929.25
1677456000,23.28,23.3,23.0,23.05,7646554.22
1677470400,23.05,23.05,22.78,22.91,4448614.54
1677484800,22.91,22.96,22.65,22.78,3757394.77
1677499200,22.78,23.41,22.68,23.06,12856460.25
1677513600,23.06,23.12,22.33,22.54,10051496.98
1677528000,22.54,22.79,22.38,22.67,6424228.0200000005
1677542400,22.67,22.77,22.43,22.61,4443386.73
1677556800,22.61,22.62,22.07,22.08,6224458.91
1677571200,22.08,22.3,22.05,22.21,3426732.5700000003
1677585600,22.21,22.61,22.21,22.54,7775264.189999999
1677600000,22.54,22.7,22.19,22.2,5054736.82
1677614400,22.2,22.28,21.8,21.88,11251659.32
1677628800,21.88,22.4,21.7,22.33,6626535.85
1677643200,22.33,22.68,22.32,22.61,4600627.68
1677657600,22.61,22.89,22.56,22.7,4438680.31
1677672000,22.7,22.85,22.54,22.65,6136034.0600000005
1677686400,22.65,22.66,22.12,22.13,5294185.640000001
1677700800,22.13,22.54,22.1,22.51,5057589.42
1677715200,22.51,22.66,21.89,22.05,6457059.71
1677729600,22.05,22.16,21.88,21.99,3485209.75
1677744000,21.99,22.1,21.91,22.08,3368806.83
1677758400,22.08,22.1,21.69,21.85,8963542.36
1677772800,21.85,22.15,21.71,22.08,4986753.95
1677787200,22.08,22.15,21.93,21.99,3893860.11
1677801600,21.99,22.01,20.4,20.87,21918292.18
1677816000,20.87,21.24,20.82,21.08,4808125.17
1677830400,21.08,21.22,21.07,21.14,3115149.9
1677844800,21.14,21.44,21.03,21.26,6673244.48
1677859200,21.26,21.45,21.16,21.44,5404463.87
1677873600,21.44,21.53,21.2,21.42,3844033.06
1677888000,21.42,21.61,21.3,21.33,3261412.25
1677902400,21.33,21.37,21.04,21.17,2766932.07
1677916800,21.17,21.26,21.08,21.16,1585576.93
1677931200,21.16,21.19,20.94,20.96,3557700.7
1677945600,20.96,21.02,20.62,20.68,1123918.06
1677960000,20.68,21.0,20.3,20.99,3959450.55
1677974400,20.99,21.67,20.95,21.33,9511678.95
1677988800,21.33,21.43,21.25,21.3,3628400.19
1678003200,21.3,21.37,21.16,21.2,3194980.96
1678017600,21.2,21.35,21.17,21.27,4490236.64
1678032000,21.27,21.32,21.03,21.1,5307697.55
1678046400,21.1,21.31,20.84,20.97,7428935.27
1678060800,20.97,21.09,20.69,20.93,8883530.03
1678075200,20.93,20.97,20.61,20.75,4482849.54
1678089600,20.75,20.79,20.64,20.7,3610075.96
1678104000,20.7,21.08,20.57,21.06,7082328.79
1678118400,21.06,21.16,20.76,20.77,6382000.64
1678132800,20.77,20.77,20.48,20.62,7551328.31
1678147200,20.62,20.95,20.45,20.8,6785825.37
1678161600,20.8,20.85,20.69,20.71,2472897.85
1678176000,20.71,20.74,20.29,20.3,5677665.65
1678190400,20.3,20.64,19.93,20.43,20447390.24
1678204800,20.43,20.51,20.0,20.02,9377880.82
1678219200,20.02,20.28,19.73,20.24,8700134.73
1678233600,20.24,20.38,19.8,19.99,6923884.88
1678248000,19.99,20.06,19.14,19.2,10994375.52
1678262400,19.2,19.53,19.17,19.32,6354348.24
1678276800,19.32,19.37,18.66,19.24,22472189.24
1678291200,19.24,19.41,18.47,18.67,15580743.56
1678305600,18.67,18.95,18.14,18.42,19196511.52
1678320000,18.42,18.67,18.37,18.58,9175111.76
1678334400,18.58,18.75,18.49,18.5,5231191.74
1678348800,18.5,18.6,18.26,18.53,8428423.47
1678363200,18.53,18.66,18.14,18.36,12835262.48
1678377600,18.36,18.39,17.49,17.73,27719247.51
1678392000,17.73,17.74,16.73,17.35,42113176.61
1678406400,17.35,17.37,16.8,17.14,15061603.95
1678420800,17.14,17.19,16.63,16.99,13758558.41
1678435200,16.99,17.02,16.02,16.71,20064096.36
1678449600,16.71,17.92,16.61,17.68,44326816.58
1678464000,17.68,17.96,17.42,17.78,23193307.380000003
1678478400,17.78,18.41,17.48,18.24,17012185.689999998
1678492800,18.24,19.12,18.12,18.34,17300978.75
1678507200,18.34,18.37,17.07,17.17,14216319.88
1678521600,17.17,17.82,17.05,17.49,10598921.72
1678536000,17.49,17.61,17.23,17.3,5895396.31
1678550400,17.3,18.12,17.17,18.12,10943154.41
1678564800,18.12,18.32,18.01,18.21,8808050.79
1678579200,18.21,18.27,17.95,18.09,7665474.96
1678593600,18.09,18.29,17.88,17.99,5410501.800000001
1678608000,17.99,18.38,17.96,18.25,4959286.46
1678622400,18.25,18.27,17.97,18.06,3810601.62
1678636800,18.06,19.05,17.99,18.65,23340553.28
1678651200,18.65,20.63,18.64,20.32,31935588.55
1678665600,20.32,20.7,19.54,19.58,30503369.55
1678680000,19.58,19.89,19.58,19.83,11665702.45
1678694400,19.83,19.87,19.0,19.26,14223741.86
1678708800,19.26,21.47,18.9,20.82,55372324.65
1678723200,20.82,21.1,20.32,20.59,26626656.94
1678737600,20.59,20.65,20.22,20.47,15887070.6
1678752000,20.47,20.57,20.24,20.49,11741382.55
1678766400,20.49,20.75,20.04,20.12,12116086.63
1678780800,20.12,20.32,19.85,20.23,10097055.03
1678795200,20.23,22.19,20.14,21.99,56416570.05
1678809600,21.99,22.09,20.41,21.0,36762632.33
1678824000,21.0,21.1,20.35,20.93,12672945.46
1678838400,20.93,21.3,20.67,21.14,14407272.04
1678852800,21.14,21.55,21.08,21.34,7017177.17
1678867200,21.34,21.35,20.3,20.67,11579990.83
1678881600,20.67,21.06,19.15,19.3,33217565.38
1678896000,19.3,19.45,18.77,19.15,29285199.07
1678910400,19.15,19.56,19.07,19.32,9973648.46
1678924800,19.32,19.54,18.97,19.39,10195583.01
1678939200,19.39,19.68,19.12,19.57,9588152.22
1678953600,19.57,19.84,19.33,19.73,9025678.67
1678968000,19.73,19.76,19.09,19.65,16249223.569999998
1678982400,19.65,19.95,19.31,19.82,8711105.11
1678996800,19.82,19.83,19.32,19.72,5532399.55
1679011200,19.72,20.32,19.47,20.04,15866466.59
1679025600,20.04,20.3,19.93,20.06,11441488.14
1679040000,20.06,20.77,20.0,20.73,10658981.38
1679054400,20.73,20.74,19.85,20.06,17829267.66
1679068800,20.06,20.64,19.93,20.58,14198002.51
1679083200,20.58,21.71,20.26,21.65,21871008.54
1679097600,21.65,22.92,21.34,22.69,31911479.11
1679112000,22.69,22.9,22.18,22.23,13862804.33
1679126400,22.23,22.56,21.84,22.55,9589560.25
1679140800,22.55,22.57,21.54,21.89,15047366.62
1679155200,21.89,22.42,21.29,22.0,17021960.24
1679169600,22.0,22.24,21.12,21.26,11390246.19
1679184000,21.26,21.91,21.25,21.88,7363683.729999999
1679198400,21.88,21.97,21.35,21.6,5161629.6
1679212800,21.6,21.82,21.3,21.77,5888627.7
1679227200,21.77,22.17,21.53,22.07,7735514.29
1679241600,22.07,22.49,22.04,22.26,14071580.46
1679256000,22.26,22.34,21.8,21.91,12953957.24
1679270400,21.91,23.02,21.73,21.77,27731648.74
1679284800,21.77,23.19,21.45,23.15,21164996.94
1679299200,23.15,23.65,23.0,23.42,26287486.91
1679313600,23.42,23.97,22.99,23.23,32519852.78
1679328000,23.23,23.48,21.89,22.22,33275826.48
1679342400,22.22,22.84,22.11,22.2,17152024.65
1679356800,22.2,22.77,22.08,22.51,16632373.43
1679371200,22.51,22.71,21.8,22.02,12453898.88
1679385600,22.02,22.58,21.61,22.51,15068008.03
1679400000,22.51,23.37,22.43,22.98,24044484.69
1679414400,22.98,23.24,22.2,22.59,22039544.34
1679428800,22.59,22.73,22.32,22.61,13664094.43
1679443200,22.61,22.62,22.09,22.38,12622430.99
1679457600,22.38,22.62,22.3,22.38,9366351.1
1679472000,22.38,22.73,22.18,22.53,12747396.84
1679486400,22.53,23.12,22.41,22.68,18163874.85
1679500800,22.68,23.04,21.01,21.16,39947703.22
1679515200,21.16,21.92,21.05,21.46,19006747.64
1679529600,21.46,21.65,21.16,21.32,9829754.25
1679544000,21.32,21.78,21.26,21.76,6782677.41
1679558400,21.76,21.87,21.65,21.82,5410483.27
1679572800,21.82,22.71,21.45,22.45,24608556.95
1679587200,22.45,22.77,21.75,22.14,20522405.0
1679601600,22.14,22.3,21.94,22.21,8203604.390000001
1679616000,22.21,22.3,22.04,22.12,5863537.84
1679630400,22.12,22.17,21.91,22.02,5569972.09
1679644800,22.02,22.05,21.26,21.5,13569316.56
1679659200,21.5,21.77,20.99,21.22,26064290.41
1679673600,21.22,21.34,20.29,20.78,22821650.56
1679688000,20.78,20.82,20.37,20.68,8070354.07
1679702400,20.68,20.94,20.66,20.75,4333997.84
1679716800,20.75,20.85,20.54,20.65,2111039.3
1679731200,20.65,20.72,20.44,20.69,2729104.04
1679745600,20.69,20.98,20.59,20.91,4616014.15
1679760000,20.91,20.95,20.13,20.17,5343953.3
1679774400,20.17,20.47,20.15,20.44,2780505.34
1679788800,20.44,20.77,20.32,20.7,2166044.72
1679803200,20.7,20.89,20.65,20.8,1290631.57
1679817600,20.8,20.97,20.73,20.86,2216836.15
1679832000,20.86,21.16,20.77,20.84,7050876.359999999
1679846400,20.84,21.02,20.68,20.94,2289065.0700000003
1679860800,20.94,21.1,20.79,20.96,3148501.98
1679875200,20.96,20.99,20.61,20.74,2967539.02
1679889600,20.74,20.76,20.41,20.46,2697051.79
1679904000,20.46,20.67,20.38,20.64,2857514.37
1679918400,20.64,20.72,19.4,19.8,15729612.56
1679932800,19.8,19.98,19.62,19.7,7705857.03
1679947200,19.7,19.95,19.61,19.9,3286379.17
1679961600,19.9,19.99,19.63,19.73,3421420.74
1679976000,19.73,20.08,19.73,19.88,2470724.8200000003
1679990400,19.88,20.17,19.63,20.09,3619282.42
1680004800,20.09,20.4,19.84,20.25,9855253.45
1680019200,20.25,20.84,20.07,20.7,11817240.32
1680033600,20.7,20.74,20.25,20.45,5247273.45
1680048000,20.45,20.87,20.44,20.67,7109606.66
1680062400,20.67,21.27,20.64,21.22,6712743.44
1680076800,21.22,21.54,21.12,21.21,6642296.51
1680091200,21.21,21.35,20.98,21.25,6929636.8
1680105600,21.25,21.26,20.98,21.19,4764008.01
1680120000,21.19,21.33,20.95,21.1,3660738.29
1680134400,21.1,21.67,20.67,21.06,13183152.98
1680148800,21.06,21.23,20.86,21.02,4652530.949999999
1680163200,21.02,21.05,20.54,20.69,4842923.01
1680177600,20.69,20.71,20.47,20.54,12804534.6
1680192000,20.54,20.54,20.18,20.5,8600924.95
1680206400,20.5,20.72,20.38,20.55,4981398.92
1680220800,20.55,20.75,20.45,20.55,4621483.01
1680235200,20.55,20.62,20.07,20.31,3242090.35
1680249600,20.31,20.42,20.24,20.33,1971424.07
1680264000,20.33,21.0,20.23,20.86,8962897.08
1680278400,20.86,21.02,20.7,20.98,4767171.42
1680292800,20.98,21.47,20.84,21.18,5581106.75
1680307200,21.18,21.33,20.93,21.05,3098299.51
1680321600,21.05,21.28,20.87,21.02,2109863.75
1680336000,21.02,21.11,20.95,21.02,1084533.13
1680350400,21.02,21.1,20.89,20.97,1655281.09
1680364800,20.97,21.04,20.8,20.94,2221285.22
1680379200,20.94,21.23,20.94,21.09,2312529.17
1680393600,21.09,21.16,20.89,21.03,1871441.49
1680408000,21.03,21.3,20.94,21.2,1597805.94
1680422400,21.2,21.22,20.99,21.0,1178164.29
1680436800,21.0,21.0,20.5,20.61,4817022.140000001
1680451200,20.61,20.68,20.27,20.35,3091521.18
1680465600,20.35,20.57,20.3,20.53,2284027.72
1680480000,20.53,20.55,19.99,20.04,9435406.91
1680494400,20.04,20.26,20.01,20.26,3735020.55
1680508800,20.26,20.56,20.25,20.41,6514262.01
1680523200,20.41,20.6,20.09,20.32,6081469.53
1680537600,20.32,20.96,20.18,20.91,13334048.96
1680552000,20.91,21.0,20.08,20.46,10194864.8
1680566400,20.46,20.58,20.31,20.43,3574655.81
1680580800,20.43,20.65,20.33,20.53,3672975.99
1680595200,20.53,20.99,20.49,20.98,4767871.71
1680609600,20.98,21.25,20.71,20.87,10265773.81
1680624000,20.87,21.01,20.77,20.94,3264680.23
1680638400,20.94,21.08,20.84,20.92,3647764.53
1680652800,20.92,21.34,20.86,21.13,9132668.17
1680667200,21.13,21.31,21.12,21.2,3208757.47
1680681600,21.2,21.27,21.1,21.19,2223615.09
1680696000,21.19,21.24,20.6,20.84,12373276.49
1680710400,20.84,20.97,20.64,20.92,6073670.21
1680724800,20.92,21.06,20.82,20.97,2976165.77
1680739200,20.97,20.99,20.57,20.83,3630020.36
1680753600,20.83,20.83,20.64,20.64,1980368.37
1680768000,20.64,20.76,20.48,20.69,5011633.96
1680782400,20.69,20.83,20.47,20.76,5114802.95
1680796800,20.76,20.86,20.62,20.72,2714766.14
1680811200,20.72,20.79,20.54,20.62,2652057.93
1680825600,20.62,20.78,20.43,20.56,2537471.14
1680840000,20.56,20.57,20.26,20.3,4179831.09
1680854400,20.3,20.45,20.25,20.32,2945964.5700000003
1680868800,20.32,20.64,20.3,20.54,3374645.08
1680883200,20.54,20.58,20.44,20.49,1989950.07
1680897600,20.49,20.54,20.37,20.45,2298227.4
1680912000,20.45,20.5,20.3,20.49,2038386.51
1680926400,20.49,20.73,20.46,20.62,2335011.16
1680940800,20.62,20.65,20.53,20.58,1326156.46
1680955200,20.58,20.59,20.4,20.47,1417838.42
1680969600,20.47,20.47,20.09,20.21,7215210.02
1680984000,20.21,20.23,19.9,20.04,6851664.109999999
1680998400,20.04,20.25,20.03,20.11,1429794.78
1681012800,20.11,20.24,19.91,20.04,2032557.66
1681027200,20.04,20.21,19.98,20.21,959705.02
1681041600,20.21,20.31,20.04,20.14,1918536.6
1681056000,20.14,20.39,20.07,20.29,2538556.18
1681070400,20.29,20.44,20.22,20.3,1982785.92
1681084800,20.3,20.36,20.16,20.27,2598029.51
1681099200,20.27,20.32,20.2,20.24,1537610.85
1681113600,20.24,20.38,20.24,20.29,1273699.61
1681128000,20.29,20.31,20.1,20.23,3101778.16
1681142400,20.23,20.74,20.18,20.71,13088099.16
1681156800,20.71,20.96,20.56,20.92,6789370.430000001
1681171200,20.92,21.41,20.84,21.29,15957585.04
1681185600,21.29,22.69,21.26,22.5,28824954.58
1681200000,22.5,22.61,22.23,22.24,10311708.59
1681214400,22.24,23.48,22.17,23.34,31312236.53
1681228800,23.34,23.72,23.11,23.44,27521615.67
1681243200,23.44,23.49,22.93,23.01,12852794.68
1681257600,23.01,23.57,22.35,22.58,17196457.85
1681272000,22.58,24.04,22.54,23.71,17325370.59
1681286400,23.71,23.9,23.3,23.52,8320220.7
1681300800,23.52,24.46,23.32,23.63,35885867.54
1681315200,23.63,24.44,23.57,23.91,32067945.52
1681329600,23.91,24.18,23.65,23.82,6926904.3
1681344000,23.82,24.11,23.67,24.02,8600304.6
1681358400,24.02,24.28,23.91,24.15,5395371.93
1681372800,24.15,24.51,23.93,24.35,8774421.65
1681387200,24.35,25.28,24.32,24.66,29942098.71
1681401600,24.66,24.91,24.42,24.76,9401630.02
1681416000,24.76,24.82,24.35,24.46,6471958.100000001
1681430400,24.46,25.34,24.26,25.11,26031992.19
1681444800,25.11,25.51,24.88,24.91,15458029.25
1681459200,24.91,25.15,24.83,25.05,6563659.34
1681473600,25.05,25.12,23.84,23.85,20425334.15
1681488000,23.85,24.75,23.77,24.54,15458711.88
1681502400,24.54,24.97,24.46,24.74,9031921.35
1681516800,24.74,24.81,24.19,24.3,6112599.79
1681531200,24.3,24.51,24.04,24.44,4027575.67
1681545600,24.44,24.53,24.25,24.37,4142776.04
1681560000,24.37,24.54,24.19,24.36,5276928.69
1681574400,24.36,24.43,23.88,24.07,9124380.86
1681588800,24.07,24.16,23.84,24.07,4207537.24
1681603200,24.07,24.5,23.86,24.35,6046373.779999999
1681617600,24.35,24.46,24.22,24.27,2555576.12
1681632000,24.27,24.36,24.03,24.08,2974116.22
1681646400,24.08,24.37,24.02,24.34,2701289.62
1681660800,24.34,24.84,24.22,24.57,6791231.75
1681675200,24.57,25.49,24.35,25.37,19145244.6
1681689600,25.37,26.01,24.82,25.82,28632551.54
1681704000,25.82,25.98,25.11,25.13,9627821.58
1681718400,25.13,25.39,24.71,24.93,11442324.01
1681732800,24.93,25.46,24.36,24.56,18251473.06
1681747200,24.56,24.9,24.36,24.74,9567640.97
1681761600,24.74,24.81,24.5,24.59,4439381.5
1681776000,24.59,24.69,24.0,24.45,13075471.34
1681790400,24.45,25.16,24.38,25.1,6107801.180000001
1681804800,25.1,25.45,24.88,25.35,8461559.95
1681819200,25.35,25.4,24.86,24.94,11399644.24
1681833600,24.94,25.01,24.45,24.69,8837474.85
1681848000,24.69,24.91,24.6,24.83,5921193.29
1681862400,24.83,24.99,24.56,24.63,5381757.56
1681876800,24.63,24.77,24.28,24.38,7448102.37
1681891200,24.38,24.38,22.04,23.23,33565660.010000005
1681905600,23.23,23.57,22.96,23.36,14735065.52
1681920000,23.36,23.49,22.92,22.99,15516694.98
1681934400,22.99,23.15,22.22,22.69,16128914.21
1681948800,22.69,23.1,22.42,22.87,7171039.76
1681963200,22.87,23.08,22.61,22.62,8794267.04
1681977600,22.62,22.86,22.26,22.33,7046777.699999999
1681992000,22.33,23.16,22.12,22.12,19342909.76
1682006400,22.12,22.43,21.58,21.78,29684770.31
1682020800,21.78,22.3,21.71,22.2,6146006.92
1682035200,22.2,22.4,22.0,22.31,4737369.13
1682049600,22.31,22.37,21.84,22.27,5000161.71
1682064000,22.27,22.39,21.94,22.03,4498635.75
1682078400,22.03,22.29,21.83,21.87,7710947.52
1682092800,21.87,21.92,21.09,21.21,24435984.29
1682107200,21.21,21.43,21.01,21.26,10399082.61
1682121600,21.26,21.39,21.06,21.39,3138858.5
1682136000,21.39,21.51,21.25,21.27,2621528.01
1682150400,21.27,21.4,21.23,21.38,1390879.9
1682164800,21.38,21.74,21.38,21.74,4137201.73
1682179200,21.74,21.96,21.64,21.79,3986163.3
1682193600,21.79,21.98,21.71,21.8,5253237.32
1682208000,21.8,21.81,21.47,21.72,2606367.35
1682222400,21.72,22.13,21.7,22.09,4045229.53
1682236800,22.09,22.21,21.94,22.15,3441059.6100000003
1682251200,22.15,22.24,21.49,21.66,4204664.04
1682265600,21.66,21.68,20.98,21.2,7324059.15
1682280000,21.2,21.54,21.11,21.47,2723223.26
1682294400,21.47,22.0,21.27,21.69,6864732.86
1682308800,21.69,21.78,21.2,21.27,3662644.8
1682323200,21.27,21.73,21.16,21.73,3668984.55
1682337600,21.73,21.98,21.29,21.33,8159611.2
1682352000,21.33,21.53,21.02,21.32,5413837.57
1682366400,21.32,21.47,21.26,21.39,2254962.3
1682380800,21.39,21.45,20.82,20.88,4861195.65
1682395200,20.88,21.15,20.87,20.9,2355765.29
1682409600,20.9,21.05,20.75,21.0,4359190.73
1682424000,21.0,21.14,20.8,20.86,6967251.78
1682438400,20.86,21.29,20.78,21.17,4073735.65
1682452800,21.17,21.95,21.17,21.94,8637837.24
1682467200,21.94,22.09,21.76,21.81,5195087.15
1682481600,21.81,22.15,21.81,21.92,2595765.6
1682496000,21.92,22.63,21.92,22.46,7752520.84
1682510400,22.46,22.96,22.46,22.69,15198378.29
1682524800,22.69,22.84,20.85,21.1,16932985.560000002
1682539200,21.1,21.53,20.43,21.28,15355001.73
1682553600,21.28,22.08,21.2,21.64,10855300.38
1682568000,21.64,22.03,21.54,21.7,5296302.9
1682582400,21.7,21.77,21.54,21.67,3943915.81
1682596800,21.67,22.46,21.36,22.26,11939239.82
1682611200,22.26,22.5,22.04,22.34,8920822.07
1682625600,22.34,22.54,22.15,22.33,7408891.73
1682640000,22.33,22.66,22.21,22.31,6023713.76
1682654400,22.31,22.63,22.3,22.62,2334563.77
1682668800,22.62,22.85,22.36,22.52,3725028.37
1682683200,22.52,22.73,22.19,22.4,6377993.22
1682697600,22.4,23.49,22.39,23.34,27563963.18
1682712000,23.34,23.5,23.15,23.36,8029517.41
1682726400,23.36,23.5,23.22,23.33,2938842.89
1682740800,23.33,23.42,23.17,23.29,2186430.21
1682755200,23.29,23.36,23.2,23.31,2207230.36
1682769600,23.31,23.82,23.26,23.36,11784295.53
1682784000,23.36,23.41,23.0,23.32,5807440.26
1682798400,23.32,23.33,22.95,23.2,4208758.44
1682812800,23.2,23.22,23.0,23.14,1900539.67
1682827200,23.14,23.49,23.1,23.43,1743442.91
1682841600,23.43,23.74,23.43,23.5,2666208.73
1682856000,23.5,23.97,23.35,23.7,5528305.640000001
1682870400,23.7,23.88,23.07,23.19,9242185.17
1682884800,23.19,23.22,22.7,22.73,10900945.66
1682899200,22.73,22.88,21.98,22.19,14945656.64
1682913600,22.19,22.37,22.06,22.34,3369074.49
1682928000,22.34,22.36,22.16,22.23,1513405.67
1682942400,22.23,22.31,21.79,21.89,8775180.42
1682956800,21.89,21.98,21.59,21.75,8561436.85
1682971200,21.75,22.07,21.63,21.97,5420627.85
1682985600,21.97,22.03,21.77,21.87,2154871.79
1683000000,21.87,21.99,21.76,21.91,1023322.48
1683014400,21.91,22.0,21.8,21.99,3137740.38
1683028800,21.99,22.31,21.78,22.21,11355229.64
1683043200,22.21,22.4,22.13,22.32,5548032.26
1683057600,22.32,22.36,22.2,22.27,5753718.87
1683072000,22.27,22.28,21.78,21.9,6083281.66
1683086400,21.9,22.01,21.69,21.76,3368035.61
1683100800,21.76,21.85,21.36,21.4,3427109.62
1683115200,21.4,21.5,21.25,21.34,5748476.85
1683129600,21.34,21.72,21.28,21.43,8916924.62
1683144000,21.43,22.3,21.41,22.24,10019237.74
1683158400,22.24,22.53,22.16,22.25,8442044.649999999
1683172800,22.25,22.34,22.12,22.13,2530489.02
1683187200,22.13,22.43,22.11,22.25,2439701.98
1683201600,22.25,22.33,21.76,21.83,8695541.96
1683216000,21.83,21.93,21.63,21.75,4177706.57
1683230400,21.75,21.8,21.64,21.74,1880099.93
1683244800,21.74,22.13,21.69,21.9,5642349.67
1683259200,21.9,22.02,21.71,21.81,3074403.54
1683273600,21.81,22.03,21.8,22.01,1788057.62
1683288000,22.01,22.51,21.66,22.33,14091935.07
1683302400,22.33,22.97,22.33,22.9,18234702.11
1683316800,22.9,23.07,22.72,22.85,4132740.53
1683331200,22.85,23.27,22.69,22.75,10815136.02
1683345600,22.75,22.83,22.59,22.67,3005877.5
1683360000,22.67,22.71,22.49,22.7,3281064.79
1683374400,22.7,22.72,21.63,21.83,13949831.86
1683388800,21.83,22.2,21.79,22.04,3283096.31
1683403200,22.04,22.06,21.89,21.97,2489157.1
1683417600,21.97,22.07,21.78,21.92,3270801.97
1683432000,21.92,22.1,21.92,22.09,1405085.63
1683446400,22.09,22.27,21.98,22.14,2419569.8200000003
1683460800,22.14,22.58,22.14,22.49,5533791.73
1683475200,22.49,22.8,22.41,22.51,7302991.12
1683489600,22.51,22.62,21.69,21.7,12200951.38
1683504000,21.7,21.85,20.83,21.35,16633403.17
1683518400,21.35,21.48,21.01,21.26,4202872.27
1683532800,21.26,21.35,21.1,21.28,4428029.5
1683547200,21.28,21.42,21.11,21.19,7692057.979999999
1683561600,21.19,21.23,20.06,20.44,18340440.16
1683576000,20.44,20.8,20.4,20.69,6588239.8
1683590400,20.69,20.84,20.56,20.68,2978540.43
1683604800,20.68,20.78,20.48,20.77,3226887.1300000004
1683619200,20.77,20.87,20.59,20.87,2182914.63
1683633600,20.87,21.06,20.58,20.61,5459343.69
1683648000,20.61,20.87,20.45,20.65,7162866.27
1683662400,20.65,20.74,20.4,20.69,3195334.28
1683676800,20.69,20.89,20.64,20.72,3028369.3
1683691200,20.72,20.84,20.56,20.56,1868424.52
1683705600,20.56,20.77,20.51,20.76,1726522.01
1683720000,20.76,21.32,20.67,21.09,10233876.76
1683734400,21.09,21.21,19.99,20.98,19536342.42
1683748800,20.98,21.29,20.87,20.94,6641462.18
1683763200,20.94,20.95,20.55,20.57,3141115.93
1683777600,20.57,20.7,20.55,20.6,1395579.97
1683792000,20.6,20.66,20.35,20.51,2472621.45
1683806400,20.51,20.77,19.95,20.18,11914816.760000002
1683820800,20.18,20.2,19.8,20.02,9227655.01
1683835200,20.02,20.31,19.98,20.2,3665320.33
1683849600,20.2,20.28,19.86,19.99,3261030.48
1683864000,19.99,20.21,19.83,20.11,3589654.5
1683878400,20.11,20.37,20.07,20.31,4555727.94
1683892800,20.31,20.68,20.28,20.31,12016555.93
1683907200,20.31,20.52,19.96,20.51,6457540.07
1683921600,20.51,20.97,20.42,20.92,10124112.55
1683936000,20.92,21.21,20.81,21.17,5086163.0
1683950400,21.17,21.26,20.99,21.25,3195927.37
1683964800,21.25,21.29,21.05,21.08,1619673.77
1683979200,21.08,21.15,20.79,20.88,4779757.7700000005
1683993600,20.88,21.11,20.81,20.96,2450123.98
1684008000,20.96,21.03,20.84,20.85,1696607.09
1684022400,20.85,20.99,20.64,20.97,5953920.08
1684036800,20.97,21.2,20.93,21.11,2994415.0700000003
1684051200,21.11,21.13,20.96,20.97,770228.85
1684065600,20.97,21.26,20.86,21.19,3568001.42
1684080000,21.19,21.2,20.87,20.94,2292586.58
1684094400,20.94,21.0,20.85,20.94,1618626.23
1684108800,20.94,21.27,20.62,21.23,8394126.58
1684123200,21.23,21.5,21.13,21.39,4030766.17
1684137600,21.39,21.52,21.29,21.3,3096071.91
1684152000,21.3,21.46,21.21,21.38,8784273.899999999
1684166400,21.38,21.49,21.13,21.16,7098159.71
1684180800,21.16,21.16,20.96,20.99,3876320.74
1684195200,20.99,21.14,20.68,20.87,7147446.86
1684209600,20.87,21.07,20.77,21.05,4043939.15
1684224000,21.05,21.1,20.82,20.89,3637217.85
1684238400,20.89,20.9,20.67,20.78,5726561.25
1684252800,20.78,20.81,20.48,20.51,7090105.91
1684267200,20.51,20.72,20.44,20.68,4812240.94
1684281600,20.68,21.07,20.59,20.97,4992570.89
1684296000,20.97,21.0,20.56,20.57,2998565.33
1684310400,20.57,20.69,20.49,20.52,2989677.8600000003
1684324800,20.52,20.72,20.43,20.58,3850438.02
1684339200,20.58,21.15,20.54,21.04,9455920.69
1684353600,21.04,21.19,20.94,21.06,4011614.8
1684368000,21.06,21.09,20.88,21.03,4308429.21
1684382400,21.03,21.04,20.74,20.93,4886852.5600000005
1684396800,20.93,20.96,20.74,20.82,4518986.76
1684411200,20.82,20.82,20.48,20.52,7470472.45
1684425600,20.52,20.59,20.1,20.35,8327018.88
1684440000,20.35,20.51,20.28,20.34,2760766.35
1684454400,20.34,20.42,20.29,20.34,1746104.73
1684468800,20.34,20.48,20.31,20.43,1214234.81
1684483200,20.43,20.52,20.38,20.46,1329230.53
1684497600,20.46,20.58,20.24,20.42,4540706.0600000005
1684512000,20.42,20.51,20.33,20.37,2112787.63
1684526400,20.37,20.4,20.33,20.35,1260514.21
1684540800,20.35,20.36,20.18,20.28,2263354.13
1684555200,20.28,20.29,20.12,20.17,1982602.72
1684569600,20.17,20.26,20.17,20.21,1295647.31
1684584000,20.21,20.31,20.19,20.28,1785349.01
1684598400,20.28,20.36,20.21,20.29,2959693.83
1684612800,20.29,20.31,20.21,20.28,1636400.87
1684627200,20.28,20.39,20.22,20.25,2100640.67
1684641600,20.25,20.29,20.23,20.29,1109205.79
1684656000,20.29,20.34,20.1,20.15,1574460.64
1684670400,20.15,20.19,19.85,19.94,3667879.71
1684684800,19.94,20.02,19.84,19.99,2879561.08
1684699200,19.99,20.06,19.44,19.62,6122301.96
1684713600,19.62,19.68,19.31,19.53,4245766.87
1684728000,19.53,19.78,19.53,19.7,2465582.72
1684742400,19.7,19.91,19.7,19.86,3208609.44
1684756800,19.86,20.02,19.58,19.66,6309574.39
1684771200,19.66,19.76,19.57,19.68,4929360.37
1684785600,19.68,19.75,19.51,19.53,4330349.87
1684800000,19.53,20.17,19.42,20.05,7332078.67
1684814400,20.05,20.1,19.77,19.85,2888806.51
1684828800,19.85,19.94,19.73,19.93,1824635.31
1684843200,19.93,20.07,19.82,20.0,4532323.029999999
1684857600,20.0,20.15,19.88,20.02,4383821.8100000005
1684872000,20.02,20.12,19.98,20.03,2241030.87
1684886400,20.03,20.06,19.45,19.56,5102959.529999999
1684900800,19.56,19.6,19.38,19.44,3171591.79
1684915200,19.44,19.56,19.35,19.42,1512147.96
1684929600,19.42,19.49,18.78,19.17,13840125.2
1684944000,19.17,19.29,19.05,19.19,4598971.65
1684958400,19.19,19.36,19.15,19.22,2825620.17
1684972800,19.22,19.4,18.8,19.37,4792564.1
1684987200,19.37,19.47,19.27,19.27,2046313.12
1685001600,19.27,19.41,19.25,19.39,1907391.67
1685016000,19.39,19.54,19.2,19.24,4658410.95
1685030400,19.24,19.41,19.19,19.31,3174808.24
1685044800,19.31,19.34,19.21,19.25,1583726.67
1685059200,19.25,19.37,19.19,19.28,1596089.29
1685073600,19.28,19.32,19.09,19.32,990642.13
1685088000,19.32,19.36,19.25,19.3,1360414.94
1685102400,19.3,19.56,19.22,19.44,4120601.08
1685116800,19.44,19.5,19.3,19.48,2044955.71
1685131200,19.48,19.51,19.36,19.36,1136523.77
1685145600,19.36,19.5,19.34,19.49,1087487.78
1685160000,19.49,19.64,19.46,19.54,956525.11
1685174400,19.54,19.55,19.45,19.49,530583.01
1685188800,19.49,19.63,19.47,19.63,1258398.93
1685203200,19.63,19.69,19.54,19.68,1859285.79
1685217600,19.68,20.53,19.67,20.44,8130709.64
1685232000,20.44,20.77,20.31,20.51,7757861.869999999
1685246400,20.51,20.57,20.44,20.5,1667696.08
1685260800,20.5,20.66,20.41,20.53,1604987.48
1685275200,20.53,20.68,20.43,20.52,1908190.61
1685289600,20.52,20.96,20.48,20.77,4662024.49
1685304000,20.77,21.18,20.73,20.82,5631955.87
1685318400,20.82,20.99,20.69,20.71,5626859.69
1685332800,20.71,20.79,20.56,20.74,1890331.61
1685347200,20.74,20.78,20.63,20.76,1223584.28
1685361600,20.76,20.78,20.44,20.49,3374722.41
1685376000,20.49,20.59,20.28,20.51,5442012.31
1685390400,20.51,20.69,20.45,20.59,2495256.86
1685404800,20.59,21.16,20.48,20.88,8067754.29
1685419200,20.88,20.93,20.66,20.75,3603169.7
1685433600,20.75,21.36,20.75,21.29,6287966.26
1685448000,21.29,21.4,20.89,20.96,11008116.86
1685462400,20.96,21.43,20.82,21.37,8609217.96
1685476800,21.37,21.4,21.15,21.27,3331836.39
1685491200,21.27,21.34,20.97,21.1,3300210.2
1685505600,21.1,21.14,20.5,20.73,7596631.689999999
1685520000,20.73,20.81,20.54,20.62,2727537.1
1685534400,20.62,20.71,20.41,20.49,5265314.37
1685548800,20.49,20.72,20.45,20.65,3737445.87
1685563200,20.65,20.84,20.64,20.82,2639257.0
1685577600,20.82,20.99,20.44,20.71,5781379.2700000005
1685592000,20.71,20.74,20.57,20.62,1654776.68
1685606400,20.62,20.73,20.6,20.72,1271314.56
1685620800,20.72,20.91,20.63,20.69,4552538.67
1685635200,20.69,20.86,20.55,20.68,3457770.89
1685649600,20.68,20.72,20.43,20.51,2250592.19
1685664000,20.51,20.78,20.32,20.77,2844215.92
1685678400,20.77,21.15,20.73,21.0,4755322.8
1685692800,21.0,21.29,20.99,21.25,4904168.699999999
1685707200,21.25,21.31,20.96,21.19,5171030.35
1685721600,21.19,21.36,21.08,21.29,2796876.23
1685736000,21.29,21.37,21.19,21.26,2113279.92
1685750400,21.26,21.31,21.1,21.14,1447570.1
1685764800,21.14,21.19,21.04,21.17,1820290.41
1685779200,21.17,21.25,21.1,21.18,1523558.85
1685793600,21.18,21.26,21.1,21.25,1736347.55
1685808000,21.25,21.36,21.06,21.06,3250108.49
1685822400,21.06,21.21,20.99,21.21,2601077.08
1685836800,21.21,21.31,21.05,21.27,1918291.98
1685851200,21.27,21.8,21.23,21.61,5990184.609999999
1685865600,21.61,21.74,21.47,21.71,1855946.0
1685880000,21.71,22.16,21.69,22.06,8171983.34
1685894400,22.06,22.3,21.92,22.22,5237603.29
1685908800,22.22,22.31,21.79,21.82,6118761.49
1685923200,21.82,22.06,21.52,21.54,5808308.82
1685937600,21.54,21.69,21.41,21.66,3857146.84
1685952000,21.66,21.69,21.51,21.62,2856176.5300000003
1685966400,21.62,21.62,19.91,19.92,21455810.47
1685980800,19.92,20.55,19.23,20.04,25706368.03
1685995200,20.04,20.15,19.7,20.02,5285636.1
1686009600,20.02,20.04,19.72,20.0,3831250.58
1686024000,20.0,20.12,19.92,20.11,2185524.98
1686038400,20.11,20.13,19.85,19.89,1459823.62
1686052800,19.89,20.04,19.26,19.94,15402918.2
1686067200,19.94,20.65,19.91,20.6,13056068.32
1686081600,20.6,20.7,20.23,20.4,5891309.140000001
1686096000,20.4,20.54,20.04,20.17,5904247.890000001
1686110400,20.17,20.26,19.99,20.04,1644236.92
1686124800,20.04,20.11,19.61,19.96,6192629.01
1686139200,19.96,19.97,19.32,19.35,8371128.48
1686153600,19.35,19.36,18.68,18.98,16311867.77
1686168000,18.98,18.99,18.53,18.63,6603220.94
1686182400,18.63,18.88,18.26,18.47,3509471.5
1686196800,18.47,18.76,18.4,18.65,1973506.18
1686211200,18.65,18.83,18.55,18.8,2754723.96
1686225600,18.8,19.0,18.73,18.93,4229555.859999999
1686240000,18.93,18.94,18.57,18.87,2775521.73
1686254400,18.87,19.1,18.83,18.89,1764545.78
1686268800,18.89,18.92,18.61,18.78,1340835.63
1686283200,18.78,18.81,18.52,18.59,1675834.54
1686297600,18.59,19.36,18.56,19.28,3954863.98
1686312000,19.28,19.33,18.52,18.69,8337784.83
1686326400,18.69,18.69,17.27,17.37,14838858.61
1686340800,17.37,17.73,17.11,17.4,8505088.42
1686355200,17.4,17.41,16.09,16.29,14284310.26
1686369600,16.29,16.47,13.13,14.45,34942241.83
1686384000,14.45,15.0,14.32,14.92,8617298.33
1686398400,14.92,14.93,14.43,14.78,9433577.18
1686412800,14.78,15.86,14.57,15.32,11675468.08
1686427200,15.32,15.9,15.21,15.64,8781146.44
1686441600,15.64,15.8,15.42,15.59,5418311.69
1686456000,15.59,15.74,15.31,15.41,3535968.79
1686470400,15.41,15.71,15.31,15.53,1714595.6800000002
1686484800,15.53,15.69,15.13,15.23,2632508.39
1686499200,15.23,16.15,15.16,16.0,4628790.86
1686513600,16.0,16.17,15.4,15.55,4112012.09
1686528000,15.55,15.6,14.92,15.1,3238172.35
1686542400,15.1,15.31,15.01,15.09,1528372.32
1686556800,15.09,15.68,15.04,15.41,2411477.26
1686571200,15.41,15.47,15.15,15.21,2892523.35
1686585600,15.21,15.32,14.75,14.96,7531618.26
1686600000,14.96,15.38,14.91,15.18,3940799.33
1686614400,15.18,15.51,15.03,15.35,2054015.08
1686628800,15.35,15.51,15.14,15.42,1410710.34
1686643200,15.42,15.68,15.37,15.64,2511608.81
1686657600,15.64,15.99,14.77,14.82,9374081.3
1686672000,14.82,15.14,14.79,14.96,3872521.81
1686686400,14.96,15.08,14.87,15.03,2411705.11
1686700800,15.03,15.29,14.93,15.25,1684629.32
1686715200,15.25,15.27,15.01,15.05,1158683.8199999998
1686729600,15.05,15.25,15.04,15.21,994380.49
1686744000,15.21,15.29,15.02,15.1,2622786.3200000003
1686758400,15.1,15.35,14.93,15.1,4015064.96
1686772800,15.1,15.12,14.12,14.48,8239158.52
1686787200,14.48,15.02,14.42,14.92,3310228.81
1686801600,14.92,14.92,14.64,14.78,1666974.8
1686816000,14.78,14.87,14.43,14.63,1964452.46
1686830400,14.63,14.77,14.34,14.46,3280173.66
1686844800,14.46,14.79,14.17,14.75,4728325.28
1686859200,14.75,15.05,14.59,14.77,3843956.22
1686873600,14.77,14.85,14.63,14.8,1142209.5
1686888000,14.8,14.96,14.77,14.85,1154288.78
1686902400,14.85,14.93,14.51,14.55,1320045.29
1686916800,14.55,15.0,14.43,14.98,3213759.6300000004
1686931200,14.98,15.45,14.88,15.27,9463270.24
1686945600,15.27,15.43,15.21,15.32,5541304.94
1686960000,15.32,15.43,15.16,15.43,2562642.58
1686974400,15.43,16.1,15.36,15.84,4114325.25
1686988800,15.84,15.94,15.7,15.76,1535257.9700000002
1687003200,15.76,15.91,15.57,15.65,2643602.28
1687017600,15.65,15.78,15.61,15.64,1509023.33
1687032000,15.64,15.76,15.58,15.65,1159456.67
1687046400,15.65,15.66,15.44,15.59,1003186.67
1687060800,15.59,15.69,15.5,15.59,923343.68
1687075200,15.59,15.74,15.51,15.72,776081.65
1687089600,15.72,15.79,15.62,15.71,977598.88
1687104000,15.71,15.82,15.69,15.81,1775315.14
1687118400,15.81,15.84,15.31,15.43,2222991.02
1687132800,15.43,15.57,15.36,15.47,1128950.18
1687147200,15.47,15.54,15.43,15.48,1043545.79
1687161600,15.48,15.56,15.41,15.55,702498.28
1687176000,15.55,15.69,15.46,15.56,2131742.29
1687190400,15.56,15.97,15.44,15.85,3279334.25
1687204800,15.85,16.13,15.81,16.1,3217789.2800000003
1687219200,16.1,16.29,16.01,16.03,4315745.33
1687233600,16.03,16.13,15.92,15.98,1141531.82
1687248000,15.98,15.98,15.78,15.92,1844437.59
1687262400,15.92,16.08,15.73,15.94,3029302.5
1687276800,15.94,16.49,15.86,16.36,8034061.26
1687291200,16.36,16.68,16.28,16.65,6217874.68
1687305600,16.65,17.18,16.58,16.74,11359806.77
1687320000,16.74,16.95,16.71,16.83,3374007.13
1687334400,16.83,16.89,16.65,16.79,1920987.89
1687348800,16.79,17.09,16.57,16.89,6120916.53
1687363200,16.89,17.25,16.82,17.12,10160934.1
1687377600,17.12,17.41,16.98,17.24,4961362.91
1687392000,17.24,17.74,17.18,17.53,4797370.1
1687406400,17.53,17.55,17.15,17.37,2817150.04
1687420800,17.37,17.4,16.68,16.86,4373032.52
1687435200,16.86,17.16,16.7,16.9,4668921.9
1687449600,16.9,17.11,16.8,16.94,3943450.51
1687464000,16.94,16.96,16.58,16.64,1924082.17
1687478400,16.64,16.79,16.52,16.78,4145021.63
1687492800,16.78,16.86,16.69,16.77,2313344.34
1687507200,16.77,16.83,16.55,16.6,1482773.32
1687521600,16.6,17.1,16.19,16.97,9337931.4
1687536000,16.97,17.27,16.88,17.15,15531687.580000002
1687550400,17.15,17.55,16.95,17.15,7457772.8
1687564800,17.15,17.53,17.08,17.37,5434562.87
1687579200,17.37,17.43,17.04,17.07,1855350.21
1687593600,17.07,17.33,17.07,17.22,1640808.34
1687608000,17.22,17.39,16.56,16.64,4476439.83
1687622400,16.64,16.8,16.43,16.7,6040028.37
1687636800,16.7,16.7,16.43,16.66,1487943.83
1687651200,16.66,16.99,16.58,16.99,1666523.71
1687665600,16.99,17.35,16.95,17.28,4565589.21
1687680000,17.28,17.38,17.05,17.23,2665716.53
1687694400,17.23,17.29,16.78,17.13,4811037.65
1687708800,17.13,17.26,16.89,16.98,3566140.35
1687723200,16.98,17.11,16.8,16.97,2294802.48
1687737600,16.97,16.97,16.58,16.75,2290475.75
1687752000,16.75,17.05,16.62,16.94,2185966.94
1687766400,16.94,16.97,16.74,16.92,1992259.09
1687780800,16.92,17.12,16.74,16.81,5243288.58
1687795200,16.81,16.82,16.16,16.32,6885385.73
1687809600,16.32,16.33,15.95,16.28,5204149.859999999
1687824000,16.28,16.51,16.14,16.5,3912787.11
1687838400,16.5,16.73,16.35,16.72,2868189.5
1687852800,16.72,16.76,16.51,16.7,2524354.54
1687867200,16.7,16.83,16.36,16.4,4460096.26
1687881600,16.4,16.81,16.35,16.72,3765422.57
1687896000,16.72,16.93,16.51,16.63,3946384.42
1687910400,16.63,16.64,16.13,16.4,6704360.91
1687924800,16.4,16.4,15.88,15.98,4761229.33
1687939200,15.98,16.23,15.93,16.21,2195678.12
1687953600,16.21,16.51,16.1,16.33,3860481.48
1687968000,16.33,16.41,15.7,15.91,7893601.540000001
1687982400,15.91,16.1,15.75,15.98,2831680.09
1687996800,15.98,16.18,15.87,16.03,1636914.75
1688011200,16.03,16.35,16.0,16.26,4060848.35
1688025600,16.26,18.27,16.24,18.04,18244903.05
1688040000,18.04,18.23,17.28,17.67,13309552.94
1688054400,17.67,17.79,17.54,17.74,3513513.41
1688068800,17.74,18.07,17.45,17.99,4976857.66
1688083200,17.99,19.08,17.86,18.96,10683665.82
1688097600,18.96,19.06,18.42,18.8,4397916.29
1688112000,18.8,19.02,18.59,18.88,2987359.95
1688126400,18.88,19.55,17.11,18.28,17954345.86
1688140800,18.28,19.99,18.18,19.1,15283189.11
1688155200,19.1,19.37,18.83,18.86,5805305.529999999
1688169600,18.86,19.01,18.17,18.29,4820217.43
1688184000,18.29,18.48,17.91,18.44,5335466.7700000005
1688198400,18.44,18.49,18.2,18.33,2036820.77
1688212800,18.33,18.56,18.27,18.44,2030004.03
1688227200,18.44,18.49,18.26,18.34,1914254.17
1688241600,18.34,18.75,18.34,18.71,2499609.27
1688256000,18.71,18.9,18.55,18.76,3059843.08
1688270400,18.76,19.48,18.58,19.22,5324653.0600000005
1688284800,19.22,19.4,19.01,19.04,2354598.63
1688299200,19.04,19.39,18.86,19.29,8131075.23
1688313600,19.29,19.48,19.08,19.37,4603112.22
1688328000,19.37,19.73,19.31,19.46,6773739.82
1688342400,19.46,19.65,19.2,19.59,2706592.74
1688356800,19.59,19.59,19.24,19.42,1284747.7999999998
1688371200,19.42,19.5,19.31,19.47,2035295.59
1688385600,19.47,19.5,18.95,19.29,5471523.859999999
1688400000,19.29,19.36,19.03,19.28,3851983.63
1688414400,19.28,19.33,18.87,19.27,3987696.11
1688428800,19.27,19.51,19.23,19.3,2403903.18
1688443200,19.3,19.31,19.08,19.1,1822592.77
1688457600,19.1,19.25,19.08,19.25,1018279.22
1688472000,19.25,19.94,19.21,19.85,6565592.81
1688486400,19.85,19.86,19.32,19.5,5590435.25
1688500800,19.5,19.58,19.14,19.15,2629686.18
1688515200,19.15,19.3,19.12,19.29,1889653.6
1688529600,19.29,19.39,19.2,19.32,1179616.23
1688544000,19.32,19.33,18.55,18.71,7945528.949999999
1688558400,18.71,18.9,18.45,18.59,5048662.23
1688572800,18.59,18.87,18.51,18.61,2780004.18
1688587200,18.61,19.03,18.55,19.0,3027478.85
1688601600,19.0,19.74,18.96,19.46,10642313.6
1688616000,19.46,19.73,19.34,19.59,3577053.7
1688630400,19.59,20.34,19.56,19.9,6750172.18
1688644800,19.9,19.92,18.75,19.72,19319686.61
1688659200,19.72,20.95,19.5,20.89,20553026.380000003
1688673600,20.89,20.97,19.61,19.61,11446077.13
1688688000,19.61,20.51,19.47,20.2,13357201.85
1688702400,20.2,20.29,19.32,19.46,8730647.18
1688716800,19.46,20.34,19.27,20.18,7930058.9
1688731200,20.18,21.6,20.17,21.24,22834496.7
1688745600,21.24,21.51,21.05,21.43,10501244.05
1688760000,21.43,21.7,21.17,21.51,6308436.64
1688774400,21.51,21.99,21.45,21.7,7351141.2
1688788800,21.7,22.03,21.32,22.0,5524382.12
1688803200,22.0,22.46,21.81,21.95,6876324.56
1688817600,21.95,21.97,21.41,21.51,6931364.4
1688832000,21.51,21.99,21.44,21.62,9228976.97
1688846400,21.62,21.97,21.43,21.82,6847915.84
1688860800,21.82,22.35,21.55,21.69,10093009.94
1688875200,21.69,21.87,21.43,21.56,2189205.22
1688889600,21.56,21.88,21.52,21.61,1962608.19
1688904000,21.61,21.85,21.15,21.24,5458690.74
1688918400,21.24,21.4,21.18,21.3,2317156.6
1688932800,21.3,21.47,21.01,21.33,3562077.43
1688947200,21.33,21.36,20.81,21.25,8201581.52
1688961600,21.25,21.26,20.59,20.72,3532855.5700000003
1688976000,20.72,20.87,20.51,20.8,3235202.8
1688990400,20.8,21.27,20.66,21.15,5614253.41
1689004800,21.15,21.61,20.92,21.59,8165291.56
1689019200,21.59,21.8,21.09,21.3,15259671.44
1689033600,21.3,21.79,21.22,21.73,5535183.65
1689048000,21.73,22.23,21.72,22.11,5968692.17
1689062400,22.11,22.15,21.85,22.05,2826451.2
1689076800,22.05,22.34,21.88,22.13,9464422.9
1689091200,22.13,22.18,21.91,21.98,3771861.36
1689105600,21.98,22.1,21.76,22.07,2976752.38
1689120000,22.07,22.27,21.9,21.93,2738152.26
1689134400,21.93,22.16,21.87,22.03,1446710.6
1689148800,22.03,22.16,21.95,22.13,1567031.38
1689163200,22.13,22.74,21.99,22.41,25255414.31
1689177600,22.41,22.46,21.77,21.83,10409904.53
1689192000,21.83,22.12,21.77,21.93,4004179.97
1689206400,21.93,22.01,21.56,21.65,4129189.38
1689220800,21.65,21.94,21.44,21.77,3279941.9
1689235200,21.77,22.47,21.72,22.41,7801798.74
1689249600,22.41,25.73,22.15,24.03,26235914.98
1689264000,24.03,26.79,24.03,26.24,57951244.69
1689278400,26.24,26.24,25.39,26.02,12642013.17
1689292800,26.02,32.06,25.65,28.55,56759120.67
1689307200,28.55,28.87,28.26,28.74,13094708.06
1689321600,28.74,29.65,27.66,28.06,13569563.04
1689336000,28.06,28.36,27.38,28.19,21831306.31
1689350400,28.19,28.25,25.62,26.09,43544555.24
1689364800,26.09,26.93,25.25,26.7,15848150.2
1689379200,26.7,27.97,26.51,27.14,17524002.88
1689393600,27.14,28.94,27.13,28.73,13043131.63
1689408000,28.73,29.1,28.47,28.94,9244029.71
1689422400,28.94,29.02,27.45,27.57,18176293.99
1689436800,27.57,28.2,27.07,27.91,13959482.32
1689451200,27.91,27.91,27.21,27.45,5670051.51
1689465600,27.45,27.95,26.54,27.05,12277154.41
1689480000,27.05,27.94,27.04,27.7,4153519.93
1689494400,27.7,28.3,27.66,28.07,5899330.09
1689508800,28.07,28.61,27.95,28.11,19901166.81
1689523200,28.11,28.14,27.35,27.38,8252024.17
1689537600,27.38,27.78,27.11,27.43,7744408.0
1689552000,27.43,28.43,27.25,28.03,11362141.46
1689566400,28.03,28.47,27.47,27.65,6295593.86
1689580800,27.65,27.65,26.58,27.13,11115897.17
1689595200,27.13,27.38,26.45,27.01,18074526.87
1689609600,27.01,27.25,25.61,26.19,18922507.4
1689624000,26.19,27.01,26.16,26.83,13713141.61
1689638400,26.83,27.09,26.45,26.58,7276622.48
1689652800,26.58,26.62,25.69,25.72,7337034.51
1689667200,25.72,26.19,24.92,25.01,11704512.8
1689681600,25.01,25.67,24.76,25.53,17643920.9
1689696000,25.53,25.78,24.88,25.3,12181108.14
1689710400,25.3,25.58,25.05,25.56,6369434.0600000005
1689724800,25.56,26.58,25.37,26.41,13607838.26
1689739200,26.41,26.53,26.09,26.21,4866524.890000001
1689753600,26.21,26.5,25.74,26.48,7999022.4
1689768000,26.48,26.74,25.86,26.39,13231715.67
1689782400,26.39,26.92,26.2,26.78,14280454.37
1689796800,26.78,26.99,26.27,26.31,11224525.37
1689811200,26.31,26.81,26.16,26.49,4868695.390000001
1689825600,26.49,26.93,26.33,26.87,4817668.43
1689840000,26.87,27.35,26.82,27.16,8924899.54
1689854400,27.16,27.24,25.58,25.69,20225479.59
1689868800,25.69,25.76,25.22,25.39,12469033.84
1689883200,25.39,25.66,25.05,25.36,7508705.67
1689897600,25.36,25.62,25.09,25.48,4942121.91
1689912000,25.48,25.5,25.15,25.18,3208569.52
1689926400,25.18,25.47,25.07,25.27,2978051.86
1689940800,25.27,25.6,25.24,25.31,6440336.79
1689955200,25.31,26.01,25.18,25.82,9995944.19
1689969600,25.82,25.9,25.47,25.51,5747362.01
1689984000,25.51,25.97,25.47,25.84,3206957.0
1689998400,25.84,25.86,25.61,25.77,1387014.19
1690012800,25.77,25.88,25.43,25.61,2240247.24
1690027200,25.61,25.76,25.51,25.71,2659706.55
1690041600,25.71,25.75,25.24,25.31,4636145.8
1690056000,25.31,25.36,24.09,24.52,9529009.49
1690070400,24.52,24.79,24.16,24.72,7678014.14
1690084800,24.72,24.92,24.63,24.69,4740846.74
1690099200,24.69,24.86,24.63,24.67,2230038.55
1690113600,24.67,24.72,24.52,24.69,3581204.74
1690128000,24.69,25.25,24.69,24.89,7236722.13
1690142400,24.89,24.99,24.52,24.76,4122712.99
1690156800,24.76,24.83,24.21,24.33,5550563.279999999
1690171200,24.33,24.66,24.09,24.57,2136591.6
1690185600,24.57,24.63,23.2,23.63,8795366.59
1690200000,23.63,23.68,22.87,23.19,15619806.48
1690214400,23.19,23.44,23.06,23.3,4988408.53
1690228800,23.3,23.61,23.24,23.37,3607852.39
1690243200,23.37,23.52,23.15,23.37,2966739.7
1690257600,23.37,23.4,22.98,23.09,3193204.33
1690272000,23.09,23.39,23.03,23.17,2285503.06
1690286400,23.17,23.58,22.75,23.22,9963501.4
1690300800,23.22,23.45,23.08,23.16,4037398.73
1690315200,23.16,24.0,23.13,23.29,8338644.359999999
1690329600,23.29,23.7,23.18,23.51,7148550.32
1690344000,23.51,23.61,23.4,23.48,2884588.85
1690358400,23.48,23.96,23.45,23.82,3536647.15
1690372800,23.82,24.99,23.81,24.92,13579382.79
1690387200,24.92,25.65,24.52,25.38,16849114.57
1690401600,25.38,25.55,25.07,25.18,8096890.28
1690416000,25.18,25.5,24.68,24.93,10129899.13
1690430400,24.93,25.35,24.92,25.02,3007617.12
1690444800,25.02,25.47,24.93,25.39,5351310.07
1690459200,25.39,25.65,25.06,25.15,8209609.06
1690473600,25.15,25.33,24.72,24.93,9124528.61
1690488000,24.93,25.23,24.75,25.1,4443015.21
1690502400,25.1,25.37,24.83,24.92,3915321.58
1690516800,24.92,25.01,24.57,24.61,5277485.41
1690531200,24.61,24.82,24.52,24.64,2773845.13
1690545600,24.64,25.52,24.62,25.21,10880036.32
1690560000,25.21,25.42,24.83,25.05,8446818.73
1690574400,25.05,25.11,24.81,24.81,2857528.75
1690588800,24.81,25.2,24.74,25.14,3863186.02
1690603200,25.14,25.24,25.03,25.06,3523732.53
1690617600,25.06,25.16,24.94,24.96,2482766.36
1690632000,24.96,25.19,24.93,25.09,2537463.21
1690646400,25.09,25.34,25.03,25.22,3238858.8200000003
1690660800,25.22,25.38,25.14,25.16,3597060.35
1690675200,25.16,25.21,25.02,25.04,2401059.43
1690689600,25.04,25.11,24.86,24.93,2887082.94
1690704000,24.93,25.05,24.84,24.97,2938550.96
1690718400,24.97,25.07,24.72,24.88,3579017.51
1690732800,24.88,24.99,24.04,24.24,9117901.36
1690747200,24.24,24.32,23.55,24.25,8746208.82
1690761600,24.25,24.79,24.12,24.63,5302068.61
1690776000,24.63,24.68,24.38,24.5,3005777.58
1690790400,24.5,24.59,24.36,24.45,3508598.59
1690804800,24.45,24.68,23.89,23.93,9058200.29
1690819200,23.93,24.14,23.54,23.66,7127367.67
1690833600,23.66,23.92,23.57,23.72,3652195.3
1690848000,23.72,23.98,22.86,23.39,9223250.76
1690862400,23.39,23.63,23.27,23.48,3459389.97
1690876800,23.48,23.62,23.3,23.33,3234285.26
1690891200,23.33,23.46,22.81,23.24,7601847.73
1690905600,23.24,23.78,23.19,23.6,5702890.46
1690920000,23.6,24.05,23.46,24.05,4631968.75
1690934400,24.05,24.27,23.64,23.66,8805449.61
1690948800,23.66,23.8,23.58,23.62,3570598.01
1690963200,23.62,23.7,23.43,23.67,2199003.35
1690977600,23.67,23.7,23.09,23.25,7495086.199999999
1690992000,23.25,23.32,22.87,23.17,6863906.35
1691006400,23.17,23.31,23.0,23.14,2196371.31
1691020800,23.14,23.38,23.07,23.23,1937880.8
1691035200,23.23,23.27,22.51,22.69,4517669.22
1691049600,22.69,22.83,22.49,22.73,3761845.35
1691064000,22.73,23.07,22.59,22.78,4811024.25
1691078400,22.78,23.05,22.68,22.87,3137447.63
1691092800,22.87,23.09,22.5,22.62,4561696.38
1691107200,22.62,22.77,22.5,22.74,3233277.79
1691121600,22.74,22.99,22.64,22.95,3048692.01
1691136000,22.95,23.04,22.81,22.9,1898966.4
1691150400,22.9,23.55,22.84,23.34,10230336.18
1691164800,23.34,23.45,22.78,22.9,6435480.17
1691179200,22.9,22.99,22.52,22.77,4007589.47
1691193600,22.77,22.79,22.47,22.69,3127515.19
1691208000,22.69,22.84,22.54,22.74,1145207.96
1691222400,22.74,22.91,22.68,22.76,1863459.25
1691236800,22.76,22.78,22.48,22.58,2270464.6
1691251200,22.58,22.66,22.22,22.58,2781910.05
1691265600,22.58,22.68,22.48,22.63,1507070.24
1691280000,22.63,22.88,22.57,22.82,2832432.8400000003
1691294400,22.82,23.09,22.8,23.0,2530927.37
1691308800,23.0,23.44,22.97,23.19,4696784.82
1691323200,23.19,23.24,22.83,22.99,2660886.47
1691337600,22.99,23.25,22.9,23.18,3515156.16
1691352000,23.18,23.36,23.04,23.18,2146503.53
1691366400,23.18,23.61,23.0,23.27,2395253.47
1691380800,23.27,23.38,22.96,23.11,2450024.1
1691395200,23.11,23.11,22.98,23.05,2019698.02
1691409600,23.05,23.13,22.64,22.72,3886875.75
1691424000,22.72,23.03,22.33,22.94,5928496.7
1691438400,22.94,23.11,22.9,23.11,2063401.78
1691452800,23.11,23.22,23.01,23.13,4172276.75
1691467200,23.13,23.35,23.09,23.2,1925478.22
1691481600,23.2,23.35,23.14,23.35,1159274.51
1691496000,23.35,23.9,23.17,23.72,9928933.57
1691510400,23.72,24.77,23.7,24.59,13991327.13
1691524800,24.59,24.65,24.02,24.21,11503206.65
1691539200,24.21,24.46,24.17,24.3,3714259.34
1691553600,24.3,24.62,24.25,24.57,3325331.89
1691568000,24.57,24.97,24.52,24.87,7573728.25
1691582400,24.87,25.0,24.44,24.54,10127284.35
1691596800,24.54,24.59,24.21,24.28,5126129.04
1691611200,24.28,24.46,24.1,24.37,3244232.94
1691625600,24.37,24.52,24.19,24.21,2970495.92
1691640000,24.21,24.36,24.11,24.29,2056383.6
1691654400,24.29,24.47,24.22,24.38,1608429.92
1691668800,24.38,24.88,24.34,24.53,6113603.58
1691683200,24.53,24.61,24.35,24.56,3724692.4
1691697600,24.56,24.73,24.52,24.59,2820468.3200000003
1691712000,24.59,24.89,24.59,24.66,3500848.47
1691726400,24.66,24.79,24.44,24.46,3623996.89
1691740800,24.46,24.54,24.36,24.51,2460778.79
1691755200,24.51,24.84,24.38,24.52,4709830.699999999
1691769600,24.52,24.63,24.32,24.41,4287547.720000001
1691784000,24.41,24.62,24.35,24.61,1583255.12
1691798400,24.61,24.75,24.38,24.46,3343434.57
1691812800,24.46,24.55,24.4,24.53,1006087.67
1691827200,24.53,24.54,24.43,24.53,751159.91
1691841600,24.53,24.69,24.5,24.65,1996911.5300000005
1691856000,24.65,24.84,24.63,24.73,4026257.61
1691870400,24.73,25.18,24.71,24.91,4786287.42
1691884800,24.91,24.94,24.69,24.89,2036856.51
1691899200,24.89,24.91,24.65,24.75,1212916.49
1691913600,24.75,24.85,24.67,24.68,731772.58
1691928000,24.68,24.75,24.49,24.57,3158585.64
1691942400,24.57,24.68,24.4,24.65,2724328.81
1691956800,24.65,24.66,24.19,24.21,2724595.26
1691971200,24.21,24.4,24.05,24.37,3302716.34
1691985600,24.37,24.5,24.35,24.38,1459720.4
1692000000,24.38,24.55,24.37,24.49,3706775.78
1692014400,24.49,24.87,24.3,24.81,7460969.78
1692028800,24.81,25.28,24.52,24.79,9620299.19
1692043200,24.79,25.21,24.75,25.17,5171808.4
1692057600,25.17,25.34,24.86,24.97,5129600.69
1692072000,24.97,25.03,24.71,24.85,1798394.91
1692086400,24.85,25.03,24.71,24.79,2035737.96
1692100800,24.79,24.97,24.65,24.69,3162554.64
1692115200,24.69,24.81,23.77,24.03,13676212.02
1692129600,24.03,24.13,23.72,23.88,8803507.030000001
1692144000,23.88,24.0,23.6,23.66,4662445.35
1692158400,23.66,23.75,23.35,23.42,4908347.26
1692172800,23.42,23.54,23.2,23.48,3308358.34
1692187200,23.48,23.48,22.92,23.05,7115540.16
1692201600,23.05,23.61,22.88,23.31,7946707.85
1692216000,23.31,23.38,22.38,22.79,10013296.4
1692230400,22.79,23.4,22.47,23.29,5730928.95
1692244800,23.29,23.36,23.19,23.23,2303433.87
1692259200,23.23,23.28,22.97,23.06,1833485.36
1692273600,23.06,23.39,22.56,22.86,8868682.8
1692288000,22.86,23.29,22.61,23.07,6443063.649999999
1692302400,23.07,23.1,20.27,21.69,27460766.13
1692316800,21.69,22.03,21.32,21.55,5999516.109999999
1692331200,21.55,22.19,21.41,22.09,4345124.07
1692345600,22.09,22.17,21.81,22.02,2785190.17
1692360000,22.02,22.04,21.56,21.58,5816816.859999999
1692374400,21.58,21.73,20.92,21.27,8268046.93
1692388800,21.27,21.49,21.22,21.33,3448553.32
1692403200,21.33,21.66,21.29,21.42,1830923.56
1692417600,21.42,21.84,21.37,21.82,2300971.05
1692432000,21.82,21.87,21.59,21.64,1210399.65
1692446400,21.64,21.99,21.63,21.98,2826334.17
1692460800,21.98,22.16,21.79,21.88,3608192.07
1692475200,21.88,21.91,21.72,21.89,1939392.9
1692489600,21.89,21.95,21.75,21.81,1199912.81
1692504000,21.81,21.82,21.58,21.74,1341471.24
1692518400,21.74,22.03,21.65,21.97,1067161.26
1692532800,21.97,21.98,21.68,21.78,1149341.94
1692547200,21.78,21.87,21.6,21.8,2169046.46
1692561600,21.8,21.94,21.72,21.77,1746083.59
1692576000,21.77,21.77,21.34,21.41,2475861.11
1692590400,21.41,21.68,21.28,21.33,2020249.92
1692604800,21.33,21.35,20.99,21.21,5021122.93
1692619200,21.21,21.39,20.35,20.72,7698201.23
1692633600,20.72,21.37,20.68,21.28,5580102.32
1692648000,21.28,21.39,21.19,21.2,3019247.23
1692662400,21.2,21.27,21.03,21.09,1659181.25
1692676800,21.09,21.18,20.96,21.16,1650896.9
1692691200,21.16,21.2,20.92,20.93,1283176.79
1692705600,20.93,21.07,20.59,20.68,4692545.72
1692720000,20.68,20.71,20.0,20.06,11701178.03
1692734400,20.06,20.67,19.37,20.56,8707335.33
1692748800,20.56,20.75,20.46,20.59,3273666.74
1692763200,20.59,20.88,20.49,20.75,3085003.35
1692777600,20.75,20.91,20.61,20.61,1970236.22
1692792000,20.61,20.96,20.38,20.93,5113571.99
1692806400,20.93,21.67,20.91,21.49,12961549.77
1692820800,21.49,21.81,21.27,21.73,6050128.66
1692835200,21.73,21.81,21.6,21.76,2567517.9
1692849600,21.76,22.02,21.67,21.73,3364528.63
1692864000,21.73,21.9,21.62,21.78,1981670.04
1692878400,21.78,21.78,21.01,21.03,9670680.55
1692892800,21.03,21.19,20.77,20.91,3627344.7
1692907200,20.91,21.08,20.68,21.05,2649551.4
1692921600,21.05,21.05,20.5,20.74,2286472.96
1692936000,20.74,20.75,20.43,20.56,2213752.48
1692950400,20.56,20.76,20.55,20.67,1468470.7999999998
1692964800,20.67,20.86,20.25,20.35,5444213.58
1692979200,20.35,20.46,20.08,20.23,5146286.36
1692993600,20.23,20.42,20.18,20.42,2670519.93
1693008000,20.42,20.42,20.21,20.39,1191704.86
1693022400,20.39,20.43,20.2,20.31,948811.08
1693036800,20.31,20.35,20.24,20.29,692725.55
1693051200,20.29,20.38,20.18,20.36,1172120.58
1693065600,20.36,20.38,20.2,20.33,1080297.46
1693080000,20.33,20.37,20.23,20.28,760539.54
1693094400,20.28,20.39,20.23,20.28,791275.6
1693108800,20.28,20.42,20.28,20.37,842224.5299999999
1693123200,20.37,20.73,20.37,20.57,1541764.99
1693137600,20.57,20.9,20.55,20.74,2344432.96
1693152000,20.74,20.79,20.55,20.78,2017514.11
1693166400,20.78,20.83,20.63,20.79,1166421.96
1693180800,20.79,20.79,20.42,20.48,1640525.71
1693195200,20.48,20.49,20.2,20.38,1195470.36
1693209600,20.38,20.38,20.03,20.36,3417239.48
1693224000,20.36,20.77,20.33,20.52,4816673.14
1693238400,20.52,20.68,20.36,20.47,2758291.42
1693252800,20.47,20.63,20.36,20.55,1465272.9300000002
1693267200,20.55,20.75,20.42,20.49,1534846.39
1693281600,20.49,20.51,20.21,20.26,1272881.65
1693296000,20.26,20.33,20.11,20.14,1697372.93
1693310400,20.14,22.02,20.11,21.32,18765589.08
1693324800,21.32,21.95,21.2,21.59,8888376.040000001
1693339200,21.59,21.97,21.59,21.79,10945458.35
1693353600,21.79,21.99,21.49,21.65,3630503.65
1693368000,21.65,21.75,21.55,21.63,2572149.53
1693382400,21.63,21.7,21.39,21.42,3045009.33
1693396800,21.42,21.52,20.67,20.83,7675517.79
1693411200,20.83,20.85,20.61,20.68,5092037.34
1693425600,20.68,20.9,20.66,20.82,1838681.44
1693440000,20.82,20.82,20.61,20.64,2211807.91
1693454400,20.64,20.84,20.64,20.78,1530532.0699999998
1693468800,20.78,21.05,20.68,20.88,1722165.17
1693483200,20.88,20.89,20.23,20.32,9199698.68
1693497600,20.32,20.34,19.43,19.83,19042038.61
1693512000,19.83,19.83,19.47,19.73,7281222.64
1693526400,19.73,19.92,19.7,19.88,2002216.05
1693540800,19.88,19.92,19.77,19.8,2791178.84
1693555200,19.8,19.91,19.72,19.84,2594929.21
1693569600,19.84,19.92,19.27,19.39,8220538.84
1693584000,19.39,19.54,19.03,19.26,7401161.459999999
1693598400,19.26,19.5,19.21,19.32,2518998.22
1693612800,19.32,19.59,19.31,19.57,1644985.32
1693627200,19.57,19.64,19.44,19.57,1086876.59
1693641600,19.57,19.65,19.49,19.57,1015837.34
1693656000,19.57,19.68,19.37,19.56,1725734.4
1693670400,19.56,19.6,19.14,19.4,2785628.45
1693684800,19.4,19.55,19.36,19.49,1044180.15
1693699200,19.49,19.66,19.46,19.63,1909007.51
1693713600,19.63,19.64,19.48,19.53,1012588.76
1693728000,19.53,19.53,19.32,19.42,1001091.97
1693742400,19.42,19.57,19.3,19.34,2105657.92
1693756800,19.34,19.56,19.24,19.47,1554533.77
1693771200,19.47,19.63,19.43,19.57,1772307.12
1693785600,19.57,20.02,19.56,19.75,3088349.83
1693800000,19.75,19.85,19.63,19.77,1648753.69
1693814400,19.77,19.87,19.58,19.58,1862272.84
1693828800,19.58,19.63,19.23,19.39,3952102.66
1693843200,19.39,19.52,19.33,19.42,1691143.57
1693857600,19.42,19.51,19.18,19.51,2097467.74
1693872000,19.51,19.55,19.04,19.21,3369008.09
1693886400,19.21,19.43,19.21,19.39,1179374.84
1693900800,19.39,19.61,19.25,19.54,2268137.13
1693915200,19.54,20.57,19.48,20.39,13587357.03
1693929600,20.39,20.56,20.16,20.23,5231865.91
1693944000,20.23,20.34,20.06,20.26,6436190.33
1693958400,20.26,20.37,20.08,20.14,4030051.6
1693972800,20.14,20.15,19.68,19.72,3834448.12
1693987200,19.72,19.86,19.7,19.75,2318114.99
1694001600,19.75,19.82,19.15,19.38,6907514.07
1694016000,19.38,19.85,19.15,19.46,4725281.95
1694030400,19.46,19.66,19.46,19.64,1530634.06
1694044800,19.64,19.8,19.57,19.75,2750168.87
1694059200,19.75,19.82,19.54,19.55,1503356.83
1694073600,19.55,19.58,19.35,19.39,3666977.42
1694088000,19.39,19.59,19.32,19.51,2175940.22
1694102400,19.51,19.75,19.51,19.67,2799393.52
1694116800,19.67,19.99,19.61,19.91,4588404.04
1694131200,19.91,20.28,19.85,20.01,3929373.28
1694145600,20.01,20.08,19.84,19.91,1625446.26
1694160000,19.91,19.92,19.36,19.55,3290317.2
1694174400,19.55,19.68,19.5,19.52,3150863.49
1694188800,19.52,19.57,19.39,19.57,2306863.91
1694203200,19.57,19.64,19.48,19.61,1648814.63
1694217600,19.61,19.61,19.47,19.54,1018368.55
1694232000,19.54,19.59,19.46,19.46,1549181.98
1694246400,19.46,19.57,19.44,19.57,727369.44
1694260800,19.57,19.58,19.47,19.53,629106.76
1694275200,19.53,19.57,19.37,19.44,1548026.83
1694289600,19.44,19.54,19.42,19.44,793334.41
1694304000,19.44,19.44,19.2,19.21,1740758.63
1694318400,19.21,19.21,18.0,18.52,11360066.54
1694332800,18.52,18.53,18.26,18.34,2434642.79
1694347200,18.34,18.45,17.81,18.22,10186569.62
1694361600,18.22,18.25,17.83,18.19,5563077.12
1694376000,18.19,18.59,18.13,18.24,4417455.53
1694390400,18.24,18.45,17.99,18.35,4952163.25
1694404800,18.35,18.43,18.14,18.2,1672365.61
1694419200,18.2,18.21,17.38,17.66,7318124.33
1694433600,17.66,17.96,17.36,17.83,12220608.43
1694448000,17.83,17.98,17.42,17.5,4389849.3100000005
1694462400,17.5,17.75,17.42,17.72,4564882.41
1694476800,17.72,18.5,17.57,18.19,6133730.55
1694491200,18.19,18.27,17.85,17.98,4356152.21
1694505600,17.98,18.78,17.93,18.3,5183534.35
1694520000,18.3,18.4,17.91,18.01,7767606.25
1694534400,18.01,18.28,17.7,17.94,6648750.9
1694548800,17.94,18.06,17.87,17.92,2463284.54
1694563200,17.92,18.17,17.78,17.83,2890191.35
1694577600,17.83,18.54,17.69,17.88,4065899.43
1694592000,17.88,18.27,17.86,18.17,2308918.82
1694606400,18.17,18.56,17.97,18.39,9417207.3
1694620800,18.39,18.53,17.88,18.35,10976270.58
1694635200,18.35,18.51,18.26,18.4,2997918.67
1694649600,18.4,19.32,18.4,18.93,11659012.35
1694664000,18.93,18.94,18.6,18.79,2994131.08
1694678400,18.79,18.9,18.54,18.85,2629757.66
1694692800,18.85,19.18,18.76,18.98,4955148.83
1694707200,18.98,19.11,18.88,19.05,2712015.96
1694721600,19.05,19.1,18.8,18.86,2107448.59
1694736000,18.86,19.18,18.74,19.16,4335041.16
1694750400,19.16,19.29,19.04,19.09,2844231.3000000003
1694764800,19.09,19.24,19.0,19.02,1423311.35
1694779200,19.02,19.06,18.74,18.88,4110185.62
1694793600,18.88,18.91,18.56,18.74,4742389.93
1694808000,18.74,19.49,18.68,19.14,5572653.49
1694822400,19.14,19.44,19.06,19.22,3226662.16
1694836800,19.22,19.38,19.07,19.11,1294466.59
1694851200,19.11,19.23,19.04,19.15,1021250.86
1694865600,19.15,19.2,18.88,18.97,2498495.81
1694880000,18.97,19.14,18.93,18.97,1509314.25
1694894400,18.97,19.15,18.96,19.13,1002700.4
1694908800,19.13,19.14,18.75,19.03,1655606.18
1694923200,19.03,19.06,18.91,18.91,626497.5700000001
1694937600,18.91,19.11,18.89,19.03,776195.07
1694952000,19.03,19.09,18.96,19.0,666757.81
1694966400,19.0,19.0,18.77,18.91,1272962.6
1694980800,18.91,18.91,18.66,18.82,2152317.94
1694995200,18.82,19.28,18.61,19.2,4512327.05
1695009600,19.2,19.31,19.0,19.11,1414113.08
1695024000,19.11,19.74,19.1,19.59,4740241.67
1695038400,19.59,20.14,19.55,19.96,9882835.41
1695052800,19.96,20.06,19.51,19.79,7984405.89
1695067200,19.79,19.89,19.62,19.66,3089600.92
1695081600,19.66,19.98,19.58,19.98,2578675.37
1695096000,19.98,19.99,19.75,19.81,1320138.99
1695110400,19.81,20.38,19.78,20.22,6220873.46
1695124800,20.22,20.22,19.84,20.14,5520648.75
1695139200,20.14,20.16,19.85,19.94,2811857.15
1695153600,19.94,20.09,19.86,20.04,2826155.99
1695168000,20.04,20.23,19.86,19.92,2911308.71
1695182400,19.92,19.97,19.81,19.96,1972853.07
1695196800,19.96,20.17,19.9,20.06,1501928.04
1695211200,20.06,20.36,19.92,20.2,6351507.17
1695225600,20.2,20.51,19.9,20.12,9592661.41
1695240000,20.12,20.46,20.1,20.29,3578021.67
1695254400,20.29,20.3,19.93,20.19,4040494.12
1695268800,20.19,20.19,19.77,19.93,3359898.91
1695283200,19.93,19.96,19.41,19.58,7484220.199999999
1695297600,19.58,19.65,19.28,19.62,9889903.24
1695312000,19.62,19.71,19.54,19.63,2198826.3
1695326400,19.63,19.63,19.43,19.46,1856566.72
1695340800,19.46,19.68,19.25,19.67,5435716.68
1695355200,19.67,19.73,19.54,19.63,2114006.88
1695369600,19.63,19.79,19.6,19.69,1608392.51
1695384000,19.69,19.7,19.46,19.46,2493473.08
1695398400,19.46,19.5,19.3,19.35,2111036.13
1695412800,19.35,19.49,19.17,19.42,2225112.58
1695427200,19.42,19.57,19.29,19.38,2057687.96
1695441600,19.38,19.54,19.32,19.51,2121590.01
1695456000,19.51,19.54,19.44,19.52,834391.28
1695470400,19.52,19.53,19.3,19.32,1512031.63
1695484800,19.32,19.5,19.29,19.48,1070602.39
1695499200,19.48,19.49,19.39,19.48,797339.3
1695513600,19.48,19.65,19.45,19.57,1812060.95
1695528000,19.57,19.64,19.49,19.63,1108195.68
1695542400,19.63,19.67,19.53,19.59,728763.48
1695556800,19.59,19.65,19.44,19.52,1388999.62
1695571200,19.52,19.65,19.45,19.47,1330389.63
1695585600,19.47,19.53,19.22,19.36,1647226.26
1695600000,19.36,19.6,19.1,19.47,4412247.01
1695614400,19.47,19.54,19.34,19.49,1440464.84
1695628800,19.49,19.56,19.4,19.53,1776981.11
1695643200,19.53,19.65,19.44,19.56,5645386.699999999
1695657600,19.56,19.74,19.47,19.51,1962545.16
1695672000,19.51,19.56,19.35,19.39,1500326.21
1695686400,19.39,19.51,19.29,19.44,2384949.0300000003
1695700800,19.44,19.48,19.3,19.32,2248047.7800000003
1695715200,19.32,19.43,19.24,19.38,1742862.05
1695729600,19.38,19.4,19.11,19.16,2541152.56
1695744000,19.16,19.29,19.11,19.23,2912178.81
1695758400,19.23,19.25,18.84,19.02,4438904.73
1695772800,19.02,19.12,18.93,19.02,2324416.21
1695787200,19.02,19.03,18.89,18.94,1187703.52
1695801600,18.94,19.46,18.86,19.38,4459939.14
1695816000,19.38,19.46,18.77,18.93,13148513.5
1695830400,18.93,19.01,18.74,18.96,2701860.41
1695844800,18.96,19.15,18.88,19.12,2449409.45
1695859200,19.12,19.4,19.09,19.19,3553437.41
1695873600,19.19,19.23,19.16,19.2,5085389.44
1695888000,19.2,19.27,19.1,19.15,5037286.14
1695902400,19.15,19.6,19.14,19.59,5097812.33
1695916800,19.59,19.73,19.44,19.71,5897057.12
1695931200,19.71,20.03,19.59,19.98,5349143.61
1695945600,19.98,20.34,19.86,20.2,4716718.7
1695960000,20.2,20.34,20.05,20.27,2366625.25
1695974400,20.27,20.31,20.03,20.08,1608567.14
1695988800,20.08,20.45,20.02,20.34,5048107.45
1696003200,20.34,20.35,20.08,20.24,2615139.15
1696017600,20.24,20.36,20.2,20.27,1932503.83
1696032000,20.27,20.44,20.22,20.23,2503323.8
1696046400,20.23,20.34,20.09,20.32,1024119.11
1696060800,20.32,20.38,20.27,20.28,832663.73
1696075200,20.28,21.62,20.28,21.43,15716339.55
1696089600,21.43,21.79,21.26,21.41,5992154.0
1696104000,21.41,21.46,21.24,21.36,1684925.99
1696118400,21.36,21.42,21.14,21.21,2437091.0500000003
1696132800,21.21,21.41,21.17,21.38,1312742.04
1696147200,21.38,23.98,21.37,22.99,11912549.45
1696161600,22.99,23.44,22.86,23.09,12351996.2
1696176000,23.09,23.09,22.46,22.73,7434617.86
1696190400,22.73,24.46,22.6,23.86,16066880.63
1696204800,23.86,24.32,23.59,24.1,7701817.51
1696219200,24.1,24.74,24.06,24.33,9933097.8
1696233600,24.33,24.51,23.81,23.83,9400710.69
1696248000,23.83,24.48,23.62,24.08,11204709.31
1696262400,24.08,24.28,23.11,23.83,12988245.29
1696276800,23.83,23.83,22.92,23.36,6403316.28
1696291200,23.36,23.75,23.31,23.65,3668827.37
1696305600,23.65,24.23,23.5,23.83,4049433.92
1696320000,23.83,24.42,23.81,23.92,5487557.529999999
1696334400,23.92,24.73,23.77,23.99,14872635.47
1696348800,23.99,24.33,23.45,23.51,7438017.66
1696363200,23.51,23.75,23.23,23.61,8796965.69
1696377600,23.61,23.65,22.8,23.12,6449194.76
1696392000,23.12,23.22,22.79,23.17,2602550.61
1696406400,23.17,23.83,23.12,23.58,4447136.79
1696420800,23.58,23.63,22.69,22.7,8216006.5
1696435200,22.7,23.28,22.61,22.92,6440613.88
1696449600,22.92,23.31,22.88,23.14,5075293.52
1696464000,23.14,23.88,23.05,23.23,7947053.47
1696478400,23.23,23.48,22.84,23.0,2679411.39
1696492800,23.0,23.34,22.9,23.22,1976235.33
1696507200,23.22,23.57,22.67,22.82,7160788.91
1696521600,22.82,23.06,22.59,22.82,5210028.85
1696536000,22.82,22.87,22.63,22.69,1939530.83
1696550400,22.69,23.33,22.67,23.2,3286123.6
1696564800,23.2,23.42,22.95,23.33,2652940.81
1696579200,23.33,23.54,23.09,23.19,2757219.31
1696593600,23.19,23.71,22.72,23.52,8007577.859999999
1696608000,23.52,23.75,23.36,23.45,5810493.35
1696622400,23.45,23.76,23.33,23.43,4974048.76
1696636800,23.43,23.74,23.35,23.7,2799403.86
1696651200,23.7,24.18,23.5,23.55,4602333.34
1696665600,23.55,23.85,23.39,23.5,3302429.5300000003
1696680000,23.5,23.59,23.32,23.36,2555423.37
1696694400,23.36,23.46,23.11,23.13,2227073.41
1696708800,23.13,23.37,23.13,23.31,1918266.1
1696723200,23.31,23.64,23.19,23.54,2612748.8
1696737600,23.54,23.57,23.22,23.35,1131996.79
1696752000,23.35,23.53,23.18,23.24,1447541.72
1696766400,23.24,23.51,23.09,23.5,1975786.68
1696780800,23.5,23.56,23.28,23.34,1915465.1
1696795200,23.34,23.49,23.19,23.24,1211602.04
1696809600,23.24,23.32,23.11,23.27,3416526.0700000003
1696824000,23.27,23.37,22.89,23.0,1890501.0
1696838400,23.0,23.01,22.11,22.18,6984808.779999999
1696852800,22.18,22.39,22.08,22.21,4366563.76
1696867200,22.21,22.43,21.65,22.2,7048350.100000001
1696881600,22.2,22.25,22.01,22.1,1789996.94
1696896000,22.1,22.25,21.9,22.16,2952332.68
1696910400,22.16,22.4,22.06,22.34,957799.93
1696924800,22.34,22.45,22.12,22.12,1443197.87
1696939200,22.12,22.48,21.94,21.98,4532634.33
1696953600,21.98,22.07,21.71,22.03,4792027.25
1696968000,22.03,22.2,21.82,22.11,2396127.7
1696982400,22.11,22.29,21.79,21.98,3858350.16
1696996800,21.98,22.36,21.97,22.02,4963603.56
1697011200,22.02,22.4,22.0,22.15,4359521.68
1697025600,22.15,22.33,21.9,21.99,5526462.119999999
1697040000,21.99,22.03,21.61,21.9,4716769.13
1697054400,21.9,22.02,21.74,22.01,1797283.48
1697068800,22.01,22.03,21.52,21.69,2927624.96
1697083200,21.69,21.83,21.64,21.64,940700.82
1697097600,21.64,21.65,21.18,21.5,4071510.56
1697112000,21.5,21.53,21.25,21.25,4433747.58
1697126400,21.25,21.36,20.96,21.22,5710483.42
1697140800,21.22,21.34,21.13,21.29,1498987.94
1697155200,21.29,21.46,21.11,21.13,1573954.0699999998
1697169600,21.13,21.45,21.12,21.39,2131326.24
1697184000,21.39,21.55,21.3,21.48,1784001.34
1697198400,21.48,21.61,21.34,21.42,4088485.0
1697212800,21.42,21.61,21.42,21.57,2438214.82
1697227200,21.57,22.19,21.56,21.84,6805361.97
1697241600,21.84,22.05,21.81,22.05,2527598.15
1697256000,22.05,22.14,21.94,22.06,1788131.27
1697270400,22.06,22.23,21.92,21.97,1777178.04
1697284800,21.97,22.09,21.86,22.09,1114359.9300000002
1697299200,22.09,22.09,21.99,22.04,840598.91
1697313600,22.04,22.05,21.93,22.0,682461.4
1697328000,22.0,22.17,21.84,21.95,1161570.11
1697342400,21.95,21.96,21.88,21.94,756611.99
1697356800,21.94,22.02,21.83,21.88,1494571.95
1697371200,21.88,21.93,21.67,21.75,2341625.26
1697385600,21.75,21.98,21.7,21.92,3223994.0700000003
1697400000,21.92,22.11,21.84,21.94,2608665.23
1697414400,21.94,22.23,21.91,22.12,2088101.9
1697428800,22.12,22.86,22.12,22.82,6652990.86
1697443200,22.82,23.18,22.65,23.17,5388251.66
1697457600,23.17,24.79,22.92,23.16,28947518.21
1697472000,23.16,24.14,23.16,23.86,9849062.86
1697486400,23.86,24.19,23.67,23.97,6649087.46
1697500800,23.97,24.37,23.8,24.03,7571226.31
1697515200,24.03,24.22,23.77,24.11,2759708.73
1697529600,24.11,24.55,24.06,24.1,6153219.67
1697544000,24.1,24.18,23.49,23.92,9409900.51
1697558400,23.92,24.39,23.75,24.18,9374164.24
1697572800,24.18,24.24,23.9,23.95,4992650.64
1697587200,23.95,24.1,23.83,24.04,7537609.3
1697601600,24.04,24.41,23.9,23.91,7360489.84
1697616000,23.91,24.15,23.8,23.82,2047060.28
1697630400,23.82,23.92,23.64,23.7,5318536.58
1697644800,23.7,23.78,23.58,23.71,4181475.23
1697659200,23.71,23.74,23.36,23.42,7452060.11
1697673600,23.42,23.58,23.15,23.46,3814217.37
1697688000,23.46,23.89,23.45,23.85,3132198.02
1697702400,23.85,24.29,23.73,24.28,5798576.68
1697716800,24.28,24.89,24.07,24.79,13028100.77
1697731200,24.79,25.62,24.69,25.16,27243037.65
1697745600,25.16,25.25,24.75,24.94,6226225.41
1697760000,24.94,25.73,24.75,25.68,10773019.56
1697774400,25.68,26.57,25.61,26.27,19303904.5
1697788800,26.27,27.43,26.26,26.9,16402912.37
1697803200,26.9,27.11,26.59,26.89,20030364.01
1697817600,26.89,27.05,26.32,26.88,15789561.32
1697832000,26.88,27.35,26.74,27.04,9815048.09
1697846400,27.04,27.14,26.67,26.81,5425144.33
1697860800,26.81,28.2,26.68,28.08,11763404.83
1697875200,28.08,29.89,27.87,29.52,17051406.189999998
1697889600,29.52,29.67,28.63,29.06,19885040.97
1697904000,29.06,29.91,28.9,29.52,14226943.48
1697918400,29.52,30.27,29.26,29.33,18001102.36
1697932800,29.33,29.91,29.21,29.73,6583012.67
1697947200,29.73,30.01,28.25,28.84,9116544.21
1697961600,28.84,29.05,28.1,28.35,7706591.04
1697976000,28.35,28.91,28.32,28.44,7040904.7
1697990400,28.44,29.14,28.41,28.71,7824254.800000001
1698004800,28.71,29.33,28.69,29.05,8261499.09
1698019200,29.05,30.68,28.76,30.68,21674182.32
1698033600,30.68,31.37,29.93,30.11,22338232.61
1698048000,30.11,30.35,29.36,29.74,14406049.52
1698062400,29.74,29.9,28.83,29.0,17609005.89
1698076800,29.0,30.0,28.92,29.95,19879809.85
1698091200,29.95,32.73,29.78,31.92,36693339.88
1698105600,31.92,32.55,31.28,31.41,29940152.71
1698120000,31.41,31.77,30.66,31.24,10128423.6
1698134400,31.24,31.97,31.19,31.84,10307504.61
1698148800,31.84,32.58,30.49,30.9,34917661.52
1698163200,30.9,31.19,30.01,30.5,22133969.95
1698177600,30.5,30.79,29.53,30.18,20624268.9
1698192000,30.18,32.19,30.01,31.02,16749343.41
1698206400,31.02,31.85,30.58,30.98,8083013.6
1698220800,30.98,32.43,30.81,32.25,16345849.46
1698235200,32.25,33.87,32.25,33.43,37201793.34
1698249600,33.43,33.57,32.32,32.78,23374180.11
1698264000,32.78,33.07,31.89,32.44,16057161.33
1698278400,32.44,32.8,31.76,32.77,20962938.04
1698292800,32.77,33.26,32.05,32.83,11562286.6
1698307200,32.83,33.0,31.61,31.83,23047974.48
1698321600,31.83,32.39,30.9,31.31,18003351.11
1698336000,31.31,31.68,30.73,31.56,20397219.03
1698350400,31.56,33.24,31.48,32.77,21291736.58
1698364800,32.77,32.85,31.84,32.39,16729722.92
1698379200,32.39,32.89,32.14,32.35,9536043.03
1698393600,32.35,33.09,32.18,32.59,10304907.04
1698408000,32.59,33.34,31.93,32.2,19420950.38
1698422400,32.2,32.48,31.31,31.93,16663310.2
1698436800,31.93,32.27,31.48,31.74,11385827.15
1698451200,31.74,32.37,31.65,32.33,5100556.03
1698465600,32.33,32.48,32.08,32.29,3242508.73
1698480000,32.29,32.51,32.08,32.19,3124041.6
1698494400,32.19,32.23,31.66,32.02,6361699.05
1698508800,32.02,32.11,31.53,31.57,5120855.0600000005
1698523200,31.57,32.0,31.41,31.65,5647667.609999999
1698537600,31.65,31.84,31.31,31.57,4785097.49
1698552000,31.57,32.36,31.52,32.29,6712129.08
1698566400,32.29,32.39,32.15,32.27,4746928.66
1698580800,32.27,32.71,32.2,32.65,8894899.66
1698595200,32.65,33.16,32.5,33.01,20737755.81
1698609600,33.01,33.01,32.53,32.84,9793839.97
1698624000,32.84,33.02,32.54,32.75,9472635.2
1698638400,32.75,32.98,32.47,32.56,11453801.16
1698652800,32.56,35.13,32.51,34.95,28165088.25
1698667200,34.95,35.31,34.55,35.05,15674325.73
1698681600,35.05,35.05,34.27,34.89,18827152.86
1698696000,34.89,34.96,34.5,34.95,16791066.79
1698710400,34.95,36.46,34.85,35.79,39688247.72
1698724800,35.79,36.57,35.6,35.72,19563595.27
1698739200,35.72,36.96,35.69,36.6,16387092.91
1698753600,36.6,36.69,35.59,36.11,27705619.86
1698768000,36.11,36.45,35.84,36.29,12060138.83
1698782400,36.29,38.6,36.27,38.43,54307998.04
1698796800,38.43,38.79,37.95,38.3,25876714.66
1698811200,38.3,39.28,37.98,38.46,22732752.68
1698825600,38.46,39.79,38.02,39.3,26851463.89
1698840000,39.3,41.71,38.89,40.69,76067039.03
1698854400,40.69,46.84,40.26,42.0,124367694.37
1698868800,42.0,43.86,40.42,41.17,59070062.120000005
1698883200,41.17,42.83,41.13,42.62,24086020.41
1698897600,42.62,43.48,41.16,43.21,28312489.24
1698912000,43.21,44.56,42.68,44.5,20805402.43
1698926400,44.5,44.51,39.58,40.05,47039050.93
1698940800,40.05,41.59,38.67,41.43,51136103.89
1698955200,41.43,42.12,39.58,40.25,26310310.09
1698969600,40.25,40.25,38.05,38.99,25226128.29
1698984000,38.99,39.12,38.06,39.01,25376607.92
1698998400,39.01,39.75,38.11,39.16,14478508.59
1699012800,39.16,40.19,38.81,39.83,36122255.18
1699027200,39.83,40.05,38.53,39.18,17186076.85
1699041600,39.18,39.91,39.06,39.48,10725270.28
1699056000,39.48,41.26,39.02,41.13,19582107.05
1699070400,41.13,42.1,40.44,41.74,17488869.39
1699084800,41.74,42.69,41.14,41.55,12884241.57
1699099200,41.55,42.22,40.99,41.28,15275920.48
1699113600,41.28,41.88,41.06,41.42,10557636.14
1699128000,41.42,42.75,41.34,42.44,18927720.97
1699142400,42.44,42.86,41.74,42.53,16605017.37
1699156800,42.53,42.55,41.47,41.59,13154194.3
1699171200,41.59,41.81,41.13,41.66,9863365.09
1699185600,41.66,41.87,40.53,40.75,23679985.73
1699200000,40.75,41.6,40.68,40.77,8781435.45
1699214400,40.77,41.76,40.3,41.2,15468037.81
1699228800,41.2,41.87,40.95,41.14,13222486.76
1699243200,41.14,41.25,39.7,39.95,23367037.87
1699257600,39.95,40.72,39.72,40.32,10826648.97
1699272000,40.32,40.74,39.92,40.25,16734061.38
1699286400,40.25,40.53,39.9,40.48,15070221.93
1699300800,40.48,42.21,40.04,42.17,32880061.1
1699315200,42.17,42.25,40.12,40.83,23899300.43
1699329600,40.83,41.67,40.68,41.56,6860332.17
1699344000,41.56,41.75,40.52,41.11,10965150.23
1699358400,41.11,42.15,40.75,41.21,38994940.89
1699372800,41.21,44.41,41.05,43.89,75556536.77
1699387200,43.89,44.74,42.79,42.95,47032736.57
1699401600,42.95,43.51,42.28,43.39,14473237.51
1699416000,43.39,43.78,43.02,43.5,10310107.53
1699430400,43.5,43.87,43.12,43.33,7338875.689999999
1699444800,43.33,43.61,42.33,42.75,15259094.4
1699459200,42.75,43.61,42.56,43.1,25161508.59
1699473600,43.1,43.49,42.48,43.13,30014639.31
1699488000,43.13,44.14,42.53,44.13,42704942.82
1699502400,44.13,44.63,43.85,43.93,16253015.01
1699516800,43.93,47.43,43.93,47.15,42990162.81
1699531200,47.15,48.87,45.74,46.48,98225845.44
1699545600,46.48,46.78,43.36,44.43,71323274.75
1699560000,44.43,45.74,43.09,45.31,37940420.03
1699574400,45.31,47.98,45.08,47.4,40381238.31
1699588800,47.4,48.83,46.81,47.53,40402788.39
1699603200,47.53,51.12,46.59,50.66,56483690.03
1699617600,50.66,51.92,48.68,50.91,68011009.62
1699632000,50.91,54.98,50.69,54.16,85073481.32000001
1699646400,54.16,57.63,53.1,56.72,81055597.74000001
1699660800,56.72,57.68,54.44,55.85,59866464.120000005
1699675200,55.85,56.0,53.63,54.22,28405872.39
1699689600,54.22,55.86,53.85,55.29,24372324.0
1699704000,55.29,63.93,55.08,60.91,129909556.28
1699718400,60.91,62.53,58.08,60.42,99712501.83
1699732800,60.42,60.42,55.38,56.34,73552334.8
1699747200,56.34,57.91,54.54,57.4,56875197.84
1699761600,57.4,61.88,56.51,61.13,55384706.37
1699776000,61.13,61.45,58.51,59.99,31056526.56
1699790400,59.99,60.4,57.78,58.66,34615885.41
1699804800,58.66,58.77,55.06,56.03,66592059.25
1699819200,56.03,57.49,55.66,56.3,47765680.87
1699833600,56.3,59.4,55.18,57.09,66897934.16
1699848000,57.09,59.47,56.73,58.28,30485483.04
1699862400,58.28,59.61,56.52,57.06,22708809.18
1699876800,57.06,59.83,54.57,55.67,62706564.85
1699891200,55.67,56.95,52.38,54.66,63847595.510000005
1699905600,54.66,54.68,51.6,51.61,54962857.43
1699920000,51.61,54.86,51.31,54.06,51211327.49
1699934400,54.06,55.43,53.82,55.24,18240884.32
1699948800,55.24,55.8,52.04,52.68,32917892.37
1699963200,52.68,57.93,52.07,56.17,80368892.3
1699977600,56.17,56.97,52.42,55.09,57769203.42
1699992000,55.09,57.46,54.84,56.83,48394344.88
1700006400,56.83,57.96,56.16,56.26,33494569.57
1700020800,56.26,59.58,56.26,59.19,31021242.92
1700035200,59.19,63.86,58.77,63.03,67366905.07
1700049600,63.03,63.84,61.36,62.43,74278744.62
1700064000,62.43,65.79,60.7,65.38,74303185.22
1700078400,65.38,67.14,64.2,65.5,68128318.97999999
1700092800,65.5,66.74,64.46,65.91,41786418.38
1700107200,65.91,68.16,64.81,65.71,45972244.97
1700121600,65.71,66.11,63.31,64.04,41104934.19
1700136000,64.04,64.7,60.52,61.57,91419543.85
1700150400,61.57,62.92,59.07,62.31,80743604.42
1700164800,62.31,62.9,56.39,57.78,117669644.93
1700179200,57.78,60.54,57.62,58.97,65907660.66
1700193600,58.97,59.97,58.02,58.16,19870877.4
1700208000,58.16,59.04,56.56,58.17,33198160.8
1700222400,58.17,59.62,54.13,55.07,60423240.81
1700236800,55.07,58.74,54.42,57.58,48820946.55
1700251200,57.58,59.43,57.52,58.54,31387099.22
1700265600,58.54,58.61,56.31,56.71,28348422.28
1700280000,56.71,57.44,54.74,56.37,20430917.62
1700294400,56.37,57.65,56.08,56.98,13289955.17
1700308800,56.98,58.35,55.56,58.03,27105610.14
1700323200,58.03,59.38,57.58,59.08,55481716.16
1700337600,59.08,59.35,58.03,58.58,19152642.58
1700352000,58.58,58.59,56.67,58.26,21393802.18
1700366400,58.26,60.86,57.77,60.45,26396367.39
1700380800,60.45,61.88,59.42,59.84,33096106.26
1700395200,59.84,60.36,59.09,60.0,22926076.05
1700409600,60.0,61.32,59.46,61.23,40581132.31
1700424000,61.23,62.18,60.2,61.13,56532221.42
1700438400,61.13,61.34,59.82,59.95,33121972.73
1700452800,59.95,60.19,59.15,59.89,20426777.22
1700467200,59.89,61.06,59.33,60.15,22157664.08
1700481600,60.15,60.65,57.77,59.04,32560324.96
1700496000,59.04,59.45,56.76,57.6,51164712.05
1700510400,57.6,57.81,56.04,56.6,39093049.54
1700524800,56.6,57.39,55.14,56.04,28372416.19
1700539200,56.04,56.45,55.33,55.38,14103282.98
1700553600,55.38,57.12,55.38,56.28,14674112.79
1700568000,56.28,56.64,52.85,55.16,55620008.02
1700582400,55.16,56.19,52.44,54.81,55370441.04
1700596800,54.81,55.72,51.31,51.66,49979121.57
1700611200,51.66,54.49,51.49,54.38,31457246.44
1700625600,54.38,55.29,53.92,54.69,18158624.0
1700640000,54.69,55.22,54.39,54.48,12881509.36
1700654400,54.48,55.69,54.06,54.95,28810064.950000003
1700668800,54.95,57.66,54.41,57.34,55936865.28
1700683200,57.34,58.93,56.97,57.58,44783486.49
1700697600,57.58,58.48,57.0,57.61,27992979.22
1700712000,57.61,58.49,57.5,57.82,14177065.88
1700726400,57.82,58.97,57.21,57.97,21092902.79
1700740800,57.97,59.56,56.49,56.59,31372061.4
1700755200,56.59,57.26,56.16,56.35,21326710.68
1700769600,56.35,56.95,56.3,56.46,16144883.89
1700784000,56.46,57.53,56.19,57.29,19091219.32
1700798400,57.29,57.44,56.66,57.36,12233114.37
1700812800,57.36,58.76,57.09,58.05,25950359.14
1700827200,58.05,58.49,57.24,58.18,29682986.01
1700841600,58.18,58.43,56.87,57.17,26318847.93
1700856000,57.17,57.6,56.46,56.86,15235352.28
1700870400,56.86,59.76,55.91,58.83,45377914.18
1700884800,58.83,59.01,58.45,58.66,11021194.77
1700899200,58.66,58.87,57.4,57.85,10768320.23
1700913600,57.85,58.76,57.76,58.56,14073974.15
1700928000,58.56,59.7,58.41,59.07,27286348.19
1700942400,59.07,59.33,58.63,58.83,12527919.13
1700956800,58.83,59.06,58.02,58.35,15496285.72
1700971200,58.35,58.64,58.19,58.42,11157433.47
1700985600,58.42,58.61,57.77,57.82,9627426.62
1701000000,57.82,58.03,56.67,57.07,23071511.11
1701014400,57.07,57.29,56.18,57.22,22329425.71
1701028800,57.22,58.6,57.02,57.57,20789270.88
1701043200,57.57,58.05,56.22,56.61,19205956.05
1701057600,56.61,57.3,55.56,55.95,16580651.03
1701072000,55.95,56.28,54.73,55.02,25705046.89
1701086400,55.02,55.2,53.93,53.96,34418639.83
1701100800,53.96,55.16,53.5,54.11,24857239.49
1701115200,54.11,55.19,53.71,55.07,17391460.49
1701129600,55.07,55.41,54.63,54.94,14551913.22
1701144000,54.94,55.32,53.95,55.11,9521095.51
1701158400,55.11,56.29,54.68,56.2,10630984.48
1701172800,56.2,56.42,55.43,56.09,19302445.02
1701187200,56.09,58.43,55.99,58.11,48802475.75
1701201600,58.11,58.7,57.63,58.21,30640447.47
1701216000,58.21,58.87,57.75,58.55,20231742.54
1701230400,58.55,59.66,58.25,59.37,21259134.34
1701244800,59.37,61.79,59.37,60.66,44175694.86
1701259200,60.66,61.63,59.18,60.06,46652445.16
1701273600,60.06,60.39,58.92,60.09,28010986.52
1701288000,60.09,60.25,58.62,59.29,32008145.65
1701302400,59.29,60.88,58.77,60.44,18365973.0
1701316800,60.44,61.23,59.68,60.01,15103286.86
1701331200,60.01,60.92,59.17,60.79,12077233.86
1701345600,60.79,61.69,59.21,59.57,29647171.67
1701360000,59.57,60.04,58.95,60.01,13056028.19
1701374400,60.01,60.18,58.98,59.28,12774630.23
1701388800,59.28,61.11,58.64,60.77,31973237.0
1701403200,60.77,61.29,60.23,60.89,13084656.93
1701417600,60.89,61.89,60.73,61.07,14247123.52
1701432000,61.07,61.2,59.77,60.12,19245477.26
1701446400,60.12,61.06,59.92,60.52,23324428.5
1701460800,60.52,60.7,59.62,59.78,15059473.06
1701475200,59.78,61.19,59.7,61.05,14794404.43
1701489600,61.05,62.65,60.86,62.03,20122113.9
1701504000,62.03,62.5,61.66,62.21,10340201.41
1701518400,62.21,62.56,61.51,61.91,15136206.54
1701532800,61.91,63.28,61.46,62.99,32308709.03
1701547200,62.99,63.92,62.74,63.71,28050144.09
1701561600,63.71,65.54,63.56,64.1,43638253.45
1701576000,64.1,64.32,63.55,63.96,19131785.57
1701590400,63.96,64.14,63.08,63.54,16443550.92
1701604800,63.54,63.65,62.48,63.0,24515309.84
1701619200,63.0,63.02,62.27,62.97,23245913.72
1701633600,62.97,64.1,62.56,63.0,38351137.34
1701648000,63.0,64.88,62.96,64.24,41811296.52
1701662400,64.24,65.24,63.55,63.69,41866198.150000006
1701676800,63.69,64.34,59.93,62.11,47775756.64
1701691200,62.11,62.23,59.47,60.5,54861011.900000006
1701705600,60.5,61.27,60.34,61.02,28310308.65
1701720000,61.02,62.05,60.68,61.58,33826064.09
1701734400,61.58,62.13,59.71,60.6,33154572.23
1701748800,60.6,60.64,59.14,59.69,24461408.78
1701763200,59.69,60.44,59.46,60.17,8260204.72
1701777600,60.17,61.63,60.03,60.98,17447913.37
1701792000,60.98,62.56,60.43,61.38,43841932.09
1701806400,61.38,61.61,60.24,61.01,20940779.56
1701820800,61.01,64.45,61.01,64.34,77697017.09
1701835200,64.34,64.65,62.63,63.37,33298864.85
1701849600,63.37,66.61,62.08,63.06,52582719.89
1701864000,63.06,63.73,62.43,62.62,23836953.85
1701878400,62.62,64.46,62.52,64.43,26966212.76
1701892800,64.43,64.59,61.56,61.86,28743369.94
1701907200,61.86,64.0,61.65,62.95,23587208.01
1701921600,62.95,63.83,62.86,63.39,8977759.11
1701936000,63.39,64.3,61.86,64.21,25331722.72
1701950400,64.21,66.17,63.66,65.83,51103547.67
1701964800,65.83,67.49,64.55,64.77,59332531.14
1701979200,64.77,69.41,64.66,67.78,98308953.97
1701993600,67.78,72.26,67.78,71.47,67616843.53
1702008000,71.47,72.87,70.9,71.44,51175854.620000005
1702022400,71.44,73.73,70.5,72.98,34216049.65
1702036800,72.98,74.23,71.75,72.04,52394094.43
1702051200,72.04,74.04,72.03,72.32,45565861.41
1702065600,72.32,75.3,72.29,74.94,51264638.08
1702080000,74.94,75.49,72.91,74.17,40345696.66
1702094400,74.17,77.75,73.74,76.97,43504322.66
1702108800,76.97,77.51,74.84,77.18,49542494.3
1702123200,77.18,77.47,75.18,75.61,49341844.900000006
1702137600,75.61,75.84,72.77,74.08,55135105.19
1702152000,74.08,74.28,71.63,72.25,36895024.41
1702166400,72.25,73.95,72.25,73.01,23955779.08
1702180800,73.01,73.61,71.64,72.47,29408451.98
1702195200,72.47,72.72,70.67,71.4,24181417.78
1702209600,71.4,74.63,71.33,73.7,32114774.89
1702224000,73.7,74.08,72.15,73.44,31262840.6
1702238400,73.44,74.87,73.3,74.81,37919975.43000001
1702252800,74.81,74.93,65.87,70.92,86544571.8
1702267200,70.92,71.2,67.89,68.47,51900150.44
1702281600,68.47,69.91,67.77,69.64,28294913.32
1702296000,69.64,69.84,66.93,69.25,50729121.51
1702310400,69.25,70.73,67.91,69.26,51569630.53
1702324800,69.26,70.54,67.71,70.24,39441181.13
1702339200,70.24,72.44,70.22,71.17,48366245.49
1702353600,71.17,71.74,69.61,71.74,22563786.82
1702368000,71.74,72.16,70.52,70.64,16105583.39
1702382400,70.64,72.29,68.18,68.39,50247853.05
1702396800,68.39,68.72,65.75,67.55,51163977.78
1702411200,67.55,69.03,66.91,68.54,27458459.2
1702425600,68.54,68.72,65.16,65.47,33031699.31
1702440000,65.47,66.24,63.76,64.86,27952132.130000003
1702454400,64.86,66.52,64.78,65.36,16600225.07
1702468800,65.36,68.12,65.15,67.54,27104345.52
1702483200,67.54,70.54,66.79,70.36,42482950.39
1702497600,70.36,73.26,70.09,70.63,69483544.92
1702512000,70.63,71.04,69.69,70.1,20916036.92
1702526400,70.1,71.95,69.71,71.55,31324682.19
1702540800,71.55,73.6,71.08,73.51,20410665.82
1702555200,73.51,73.82,68.45,71.68,57483310.4
1702569600,71.68,74.47,71.68,73.32,41119051.53
1702584000,73.32,76.23,72.71,75.68,48725667.36
1702598400,75.68,75.81,74.04,74.32,34768590.15
1702612800,74.32,77.04,74.31,76.68,37556734.35
1702627200,76.68,79.23,76.22,79.12,39969365.63
1702641600,79.12,79.44,75.23,76.04,50172856.23
1702656000,76.04,77.48,73.66,76.92,43404542.38
1702670400,76.92,77.2,72.09,72.52,53018840.84
1702684800,72.52,74.35,71.18,74.15,49230869.4
1702699200,74.15,74.5,73.59,74.31,14304725.4
1702713600,74.31,75.12,73.72,75.09,11585959.83
1702728000,75.09,77.17,74.87,77.09,33292712.24
1702742400,77.09,77.11,73.76,74.09,31982205.94
1702756800,74.09,74.52,72.58,73.67,40423273.56
1702771200,73.67,74.04,72.56,73.49,16997065.48
1702785600,73.49,74.11,71.98,72.3,16699579.48
1702800000,72.3,73.21,71.86,73.01,9254651.58
1702814400,73.01,73.18,71.36,72.58,31087387.41
1702828800,72.58,74.9,72.2,73.44,36326952.84
1702843200,73.44,74.06,70.42,70.77,35891699.09
1702857600,70.77,71.9,68.55,69.87,37749656.64
1702872000,69.87,70.1,68.66,68.88,20295129.57
1702886400,68.88,69.86,67.08,68.95,40021040.14
1702900800,68.95,71.77,68.2,70.69,37127523.46
1702915200,70.69,72.64,70.39,72.34,29688248.28
1702929600,72.34,75.46,71.67,74.41,54943509.19
1702944000,74.41,75.99,73.85,75.26,34985938.54
1702958400,75.26,76.3,74.94,75.68,22713682.6
1702972800,75.68,76.06,74.49,74.59,18597969.65
1702987200,74.59,75.07,72.78,73.64,31624419.08
1703001600,73.64,74.29,71.78,74.21,37368905.96
1703016000,74.21,75.31,72.26,73.02,34285828.36
1703030400,73.02,75.08,72.96,74.9,24712523.47
1703044800,74.9,76.14,74.33,76.07,24021204.6
1703059200,76.07,78.48,75.52,77.04,42680218.79
1703073600,77.04,81.14,76.37,80.72,95110336.58
1703088000,80.72,84.12,79.14,81.1,113348924.63
1703102400,81.1,82.43,79.12,82.23,83903800.26
1703116800,82.23,84.69,81.09,83.42,56320163.98
1703131200,83.42,87.04,83.03,86.83,46150156.32
1703145600,86.83,88.34,85.16,87.03,41795271.28
1703160000,87.03,88.69,85.67,87.51,56958377.95
1703174400,87.51,95.0,87.5,92.87,151327916.99
1703188800,92.87,95.61,91.3,93.89,87858395.74000001
1703203200,93.89,99.54,93.08,97.79,132267006.53
1703217600,97.79,99.28,92.25,93.7,80201886.25
1703232000,93.7,95.23,90.34,93.78,60344448.69
1703246400,93.78,96.82,92.02,96.35,74488165.99
1703260800,96.35,97.63,93.4,96.93,87934129.84
1703275200,96.93,98.45,95.94,98.01,45484453.65
1703289600,98.01,98.22,93.44,93.8,46514033.18
1703304000,93.8,96.56,92.93,95.4,26754976.17
1703318400,95.4,96.45,94.77,95.92,19013273.12
1703332800,95.92,97.3,95.36,96.83,26712218.15
1703347200,96.83,103.71,96.21,102.9,113729560.79
1703361600,102.9,110.0,101.61,107.95,129895876.66
1703376000,107.95,117.09,107.41,116.33,160270814.01999998
1703390400,116.33,118.04,110.28,114.5,118604554.23
1703404800,114.5,114.71,107.88,110.38,71211436.83
1703419200,110.38,114.6,109.14,113.62,79488673.35
1703433600,113.62,116.83,112.41,115.22,92294437.84
1703448000,115.22,115.56,109.43,112.54,106338516.34
1703462400,112.54,113.06,108.04,112.13,72106798.56
1703476800,112.13,114.44,111.44,112.92,37318055.81
1703491200,112.92,113.6,109.88,111.77,31006166.220000003
1703505600,111.77,123.94,110.38,123.15,136133529.76
1703520000,123.15,125.95,120.9,121.32,134608087.69
1703534400,121.32,121.91,116.53,120.95,91895892.79
1703548800,120.95,121.32,116.63,119.39,58214511.94
1703563200,119.39,120.7,110.8,113.36,126521983.38
1703577600,113.36,115.39,111.22,114.72,53006005.94
1703592000,114.72,117.08,110.27,110.36,78085812.51
1703606400,110.36,112.81,102.17,106.58,183121728.05
1703620800,106.58,112.99,106.2,112.48,80298947.61
1703635200,112.48,113.65,107.86,108.56,66834475.77
1703649600,108.56,112.69,108.49,111.44,39883851.77
1703664000,111.44,115.32,111.02,112.79,53119732.91
1703678400,112.79,113.21,106.34,107.79,104530758.41
1703692800,107.79,110.45,104.83,109.02,97896220.76
1703707200,109.02,110.68,106.54,106.93,50978862.38
1703721600,106.93,109.66,103.24,104.56,77491173.41
1703736000,104.56,106.42,102.33,105.9,53316929.96
1703750400,105.9,106.16,103.24,104.83,38076136.98
1703764800,104.83,105.11,97.11,99.73,123114674.44
1703779200,99.73,101.65,98.45,101.09,55183729.32
1703793600,101.09,104.01,98.9,101.85,78401973.05
1703808000,101.85,105.92,99.56,104.92,64913380.78
1703822400,104.92,108.61,104.21,105.14,65136282.52
1703836800,105.14,109.92,105.05,107.6,57112650.13
1703851200,107.6,109.84,104.58,106.0,80047904.6
1703865600,106.0,107.92,102.48,105.85,105616982.59
1703880000,105.85,106.33,102.79,106.19,40277620.44
1703894400,106.19,107.42,102.96,103.56,23465877.41
1703908800,103.56,104.84,103.22,103.47,14644659.36
1703923200,103.47,103.47,100.74,102.15,22731261.63
1703937600,102.15,104.34,102.08,104.22,18241320.11
1703952000,104.22,104.87,102.64,103.27,19369615.68
1703966400,103.27,104.26,101.23,101.9,19743330.99
1703980800,101.9,102.92,99.44,100.66,29156386.130000003
1703995200,100.66,104.81,100.44,103.94,28557124.05
1704009600,103.94,105.11,103.38,104.19,13825945.9
1704024000,104.19,105.14,102.18,102.46,18777286.97
1704038400,102.46,104.42,102.26,103.73,21082302.83
1704052800,103.73,104.99,99.88,101.73,41934830.91
1704067200,101.73,104.67,101.55,103.06,31402947.06
1704081600,103.06,103.96,101.48,102.48,18195968.6
1704096000,102.48,104.82,101.82,104.33,16919291.51
1704110400,104.33,106.38,103.92,106.01,26520495.58
1704124800,106.01,109.14,105.93,108.85,50133667.7
1704139200,108.85,110.25,107.27,110.02,42367850.88
1704153600,110.02,113.21,108.77,111.49,78526926.94
1704168000,111.49,114.76,111.01,114.53,45799441.14
1704182400,114.53,117.0,112.92,113.91,56151620.53
1704196800,113.91,114.44,107.86,109.7,65907945.97
1704211200,109.7,110.48,106.82,107.7,53018933.28
1704225600,107.7,108.92,106.05,106.76,37393534.58
1704240000,106.76,108.73,106.6,108.14,21230069.84
1704254400,108.14,109.96,107.2,107.85,24602951.68
1704268800,107.85,109.39,102.55,103.45,39697267.95
1704283200,103.45,103.46,84.21,101.99,257215776.29
1704297600,101.99,103.18,95.5,97.46,90268122.09
1704312000,97.46,100.52,97.31,98.59,40056438.07
1704326400,98.59,101.99,97.71,101.19,32759888.98
1704340800,101.19,101.67,98.86,98.95,19267367.880000003
1704355200,98.95,99.35,96.77,98.57,28324605.2
1704369600,98.57,104.4,98.27,103.85,50785324.73
1704384000,103.85,106.95,101.68,105.35,74281011.32000001
1704398400,105.35,108.13,104.52,105.02,59932379.08
1704412800,105.02,105.48,98.87,101.04,48567063.95
1704427200,101.04,102.2,100.17,101.23,20808788.49
1704441600,101.23,103.13,99.36,99.68,26576714.44
1704456000,99.68,101.58,96.87,98.06,56110311.31
1704470400,98.06,98.91,95.4,97.99,41236259.94
1704484800,97.99,100.54,97.96,100.01,34483015.629999995
1704499200,100.01,100.31,97.86,98.78,19396403.36
1704513600,98.78,98.94,91.66,94.58,48035645.83
1704528000,94.58,95.73,93.83,94.51,19495131.45
1704542400,94.51,96.5,92.92,95.25,19413964.76
1704556800,95.25,97.27,94.61,95.15,21060673.09
1704571200,95.15,95.71,92.3,93.83,28213029.6
1704585600,93.83,96.34,91.56,92.92,35123559.03
1704600000,92.92,95.56,92.88,95.31,23162658.52
1704614400,95.31,95.59,93.05,94.59,13950086.79
1704628800,94.59,96.81,93.45,94.03,28138808.65
1704643200,94.03,95.05,93.14,94.81,20895345.46
1704657600,94.81,95.35,87.87,89.49,73245000.09
1704672000,89.49,90.89,85.49,87.28,100732197.59
1704686400,87.28,90.74,87.01,89.76,36828669.19
1704700800,89.76,92.28,88.66,92.26,22729194.3
1704715200,92.26,95.7,92.25,94.72,91801900.16
1704729600,94.72,99.98,93.87,99.38,80355132.71000001
1704744000,99.38,99.51,96.41,98.01,55212261.82
1704758400,98.01,99.93,95.45,99.91,57872803.12
1704772800,99.91,104.0,99.65,101.93,65866229.03
1704787200,101.93,102.69,99.69,101.91,23340666.74
1704801600,101.91,102.39,96.35,99.85,47921210.65
1704816000,99.85,101.49,98.41,99.36,36666770.5
1704830400,99.36,104.15,95.66,99.45,80683345.2
1704844800,99.45,100.18,97.56,99.74,26456617.23
1704859200,99.74,100.39,98.12,98.17,14455733.23
1704873600,98.17,98.25,96.31,97.41,21255384.96
1704888000,97.41,97.64,92.23,94.73,84998541.39
1704902400,94.73,98.26,94.03,96.34,59562998.28
1704916800,96.34,105.6,93.26,102.01,132748157.76
1704931200,102.01,102.12,99.2,100.3,44177058.59
1704945600,100.3,101.72,98.06,99.74,37073331.94
1704960000,99.74,104.59,99.59,104.47,41596279.58
1704974400,104.47,107.19,99.68,100.77,110514396.93
1704988800,100.77,101.49,97.55,101.35,88714032.87
1705003200,101.35,102.3,99.05,99.9,43349642.98
1705017600,99.9,100.29,97.54,97.76,29237830.37
1705032000,97.76,100.47,97.69,98.85,21162683.85
1705046400,98.85,99.09,97.63,98.26,15418404.04
1705060800,98.26,99.31,95.06,95.26,48664934.09
1705075200,95.26,96.61,92.7,95.12,65417287.24999999
1705089600,95.12,95.85,86.94,92.06,80168927.2
1705104000,92.06,92.6,89.53,91.07,31179260.21
1705118400,91.07,93.24,90.92,92.55,18067165.38
1705132800,92.55,93.18,91.51,92.2,13855224.41
1705147200,92.2,93.3,91.1,92.91,21514519.79
1705161600,92.91,95.68,91.6,94.88,37027316.08
1705176000,94.88,97.29,94.74,95.84,55125396.67
1705190400,95.84,96.92,94.25,96.89,35111438.19
1705204800,96.89,98.77,95.97,98.24,31704188.96
1705219200,98.24,98.55,96.64,96.72,9525906.59
1705233600,96.72,99.76,96.29,99.56,27395298.73
1705248000,99.56,104.4,95.66,95.99,125397894.1
1705262400,95.99,97.58,93.68,93.8,63564902.73
1705276800,93.8,96.89,93.78,95.8,32186979.94
1705291200,95.8,96.74,94.96,95.56,19894200.21
1705305600,95.56,95.89,94.42,95.45,12705935.1
1705320000,95.45,95.74,93.01,93.47,31562741.96
1705334400,93.47,96.6,93.26,95.94,29050999.67
1705348800,95.94,96.38,93.25,94.32,20761357.11
1705363200,94.32,96.11,94.31,96.07,15586142.82
1705377600,96.07,98.07,95.27,97.63,19797845.98
1705392000,97.63,98.11,96.24,96.63,12524068.2
1705406400,96.63,97.66,94.1,97.2,27853942.43
1705420800,97.2,97.75,96.08,96.74,17280155.09
1705435200,96.74,98.69,96.7,97.59,27570710.12
1705449600,97.59,100.99,97.35,99.96,41973691.2
1705464000,99.96,100.25,96.92,97.24,22094748.17
1705478400,97.24,102.7,96.72,101.96,37603057.33
1705492800,101.96,102.63,99.16,99.31,68260332.57
1705507200,99.31,101.14,97.18,100.72,56210076.0
1705521600,100.72,102.25,100.04,102.07,72044418.11
1705536000,102.07,103.45,99.49,99.77,46693236.510000005
1705550400,99.77,101.38,99.69,100.67,21874419.23
1705564800,100.67,101.09,98.26,98.85,20277117.73
1705579200,98.85,99.14,97.68,98.14,23657192.96
1705593600,98.14,98.14,91.48,92.23,86171459.55
1705608000,92.23,94.79,92.11,94.31,44712061.07
1705622400,94.31,94.63,91.42,92.98,29291559.74
1705636800,92.98,95.34,92.76,94.37,17819255.880000003
1705651200,94.37,95.31,93.74,94.73,14900152.23
1705665600,94.73,94.73,90.61,91.09,45634530.47
1705680000,91.09,94.55,87.02,94.05,101817598.69
1705694400,94.05,94.84,92.69,93.59,27507787.43
1705708800,93.59,94.13,92.0,93.56,19013293.89
1705723200,93.56,93.61,91.74,91.84,16373525.67
1705737600,91.84,92.22,91.07,91.9,7967360.54
1705752000,91.9,92.11,90.17,90.84,16422915.1
1705766400,90.84,92.52,90.74,91.95,9238152.6
1705780800,91.95,93.38,91.74,92.75,14732991.28
1705795200,92.75,93.22,91.8,92.89,12611378.32
1705809600,92.89,93.02,91.81,92.29,8884043.92
1705824000,92.29,93.85,92.19,93.09,10434902.59
1705838400,93.09,93.65,91.97,92.48,8144863.0
1705852800,92.48,92.84,91.63,92.39,9062408.45
1705867200,92.39,92.54,90.74,91.0,16194995.39
1705881600,91.0,91.83,88.24,89.27,25636498.05
1705896000,89.27,90.06,88.17,89.1,16534864.74
1705910400,89.1,89.1,86.27,88.33,28228304.89
1705924800,88.33,89.88,85.61,87.13,34117563.32
1705939200,87.13,87.53,82.01,83.54,69454641.08
1705953600,83.54,86.3,83.14,83.74,45238877.48
1705968000,83.74,85.83,83.57,85.12,25510733.89
1705982400,85.12,85.87,82.25,82.73,14181022.29
1705996800,82.73,83.37,79.01,80.11,56548033.43000001
1706011200,80.11,83.25,78.91,82.65,66732327.38
1706025600,82.65,83.79,80.83,80.86,33156812.65
1706040000,80.86,84.37,80.34,84.29,29670674.66
1706054400,84.29,85.68,83.36,83.48,30786455.24
1706068800,83.48,86.73,83.29,86.06,19230035.46
1706083200,86.06,88.43,85.87,87.16,28570309.29
1706097600,87.16,87.92,85.21,86.97,36109407.76
1706112000,86.97,87.79,85.59,86.32,26466840.65
1706126400,86.32,89.37,85.89,88.74,37150451.07
1706140800,88.74,89.54,87.72,88.34,29434517.92
1706155200,88.34,88.58,86.72,88.19,17285375.77
1706169600,88.19,89.2,86.57,88.98,21154097.33
1706184000,88.98,89.25,85.99,86.38,28969620.89
1706198400,86.38,88.1,85.07,87.7,29827939.12
1706212800,87.7,87.78,86.44,86.86,11181119.3
1706227200,86.86,88.21,85.91,87.88,16517103.17
1706241600,87.88,88.4,86.72,86.94,9400219.47
1706256000,86.94,92.3,86.92,91.89,36581316.28
1706270400,91.89,92.55,90.07,92.43,43102231.17
1706284800,92.43,93.68,92.19,92.89,42876301.66
1706299200,92.89,93.66,91.72,92.23,25948799.01
1706313600,92.23,93.71,92.11,92.66,19120367.07
1706328000,92.66,92.73,90.8,91.16,15176483.19
1706342400,91.16,92.25,90.69,91.98,8912860.42
1706356800,91.98,92.97,91.66,92.82,17629259.61
1706371200,92.82,93.45,92.3,93.17,18443817.95
1706385600,93.17,94.62,92.93,94.26,27446399.19
1706400000,94.26,96.72,93.48,96.67,30000138.53
1706414400,96.67,97.21,95.3,95.74,30885424.290000003
1706428800,95.74,99.42,95.57,98.42,29903431.14
1706443200,98.42,98.74,96.67,97.08,37740171.49
1706457600,97.08,97.85,94.19,94.49,31810338.76
1706472000,94.49,96.31,93.48,95.97,26642949.42
1706486400,95.97,98.93,95.07,97.85,31827406.04
1706500800,97.85,97.94,96.22,96.7,18281608.35
1706515200,96.7,97.94,96.29,97.38,15945597.9
1706529600,97.38,100.0,95.53,99.9,43478652.49
1706544000,99.9,101.72,98.98,100.54,90374840.8
1706558400,100.54,101.95,100.54,101.67,38132412.23
1706572800,101.67,103.76,100.99,102.14,51246787.07
1706587200,102.14,103.35,101.72,102.9,25961696.520000003
1706601600,102.9,106.3,102.6,106.06,50463013.72
1706616000,106.06,106.39,103.58,104.75,67881831.33
1706630400,104.75,105.64,103.33,105.3,52879230.2
1706644800,105.3,105.59,101.0,101.4,49372917.06
1706659200,101.4,101.95,98.63,101.13,61811500.64
1706673600,101.13,101.71,100.06,101.63,22863838.49
1706688000,101.63,101.88,97.25,99.13,41526464.75
1706702400,99.13,101.81,96.69,101.52,73246442.38
1706716800,101.52,102.72,99.65,100.99,57972299.87
1706731200,100.99,101.13,95.89,96.89,71297618.81
1706745600,96.89,97.58,93.02,93.46,106393346.59
1706760000,93.46,95.64,93.02,94.87,32896961.29
1706774400,94.87,96.63,94.57,95.35,18112482.34
1706788800,95.35,97.41,94.68,95.97,43814294.08
1706803200,95.97,97.91,94.86,97.8,43387976.96
1706817600,97.8,98.84,96.9,97.78,32357567.14
1706832000,97.78,99.95,97.4,98.96,48504995.11
1706846400,98.96,101.43,98.37,101.17,24767505.03
1706860800,101.17,102.24,99.89,101.92,26557255.49
1706875200,101.92,102.47,98.27,101.23,64393505.4
1706889600,101.23,102.04,98.35,99.41,44572801.63
1706904000,99.41,100.77,98.89,100.51,28827421.39
1706918400,100.51,101.15,99.14,99.21,24628785.03
1706932800,99.21,100.08,98.7,99.04,21041914.12
1706947200,99.04,99.33,98.38,98.57,16140594.71
1706961600,98.57,98.89,96.62,97.96,26230347.57
1706976000,97.96,98.66,97.22,98.07,23404868.03
1706990400,98.07,98.41,97.52,97.9,12036344.11
1707004800,97.9,98.51,96.89,98.29,8584404.04
1707019200,98.29,98.29,96.12,96.45,11481623.03
1707033600,96.45,98.17,95.91,97.86,12233058.91
1707048000,97.86,98.42,97.21,97.57,16797444.52
1707062400,97.57,97.59,96.12,96.24,19750654.27
1707076800,96.24,96.93,95.08,95.42,19998574.61
1707091200,95.42,96.13,94.16,95.97,21240743.67
1707105600,95.97,97.82,95.66,97.51,23125877.14
1707120000,97.51,98.11,96.88,97.79,11258406.02
1707134400,97.79,98.57,95.15,95.47,27918131.83
1707148800,95.47,96.42,95.28,95.81,24280315.07
1707163200,95.81,95.95,94.14,95.5,22897050.68
1707177600,95.5,96.64,95.12,95.89,15799395.760000002
1707192000,95.89,95.98,94.87,95.68,7987376.5
1707206400,95.68,96.21,93.1,94.22,38198974.73
1707220800,94.22,95.87,93.23,95.67,37030705.31
1707235200,95.67,97.62,95.1,97.56,34209250.54
1707249600,97.56,97.87,96.77,96.85,42043068.04
1707264000,96.85,97.39,95.45,95.46,18337946.71
1707278400,95.46,96.13,94.98,95.43,10439090.89
1707292800,95.43,95.93,94.6,95.09,8716158.34
1707307200,95.09,96.57,95.06,96.17,24294483.33
1707321600,96.17,97.98,96.1,97.01,38030168.36
1707336000,97.01,101.5,97.01,101.11,63550152.04
1707350400,101.11,102.48,100.92,101.71,53147297.23
1707364800,101.71,102.0,100.54,100.8,33573770.47
1707379200,100.8,102.3,100.79,101.22,37282866.08
1707393600,101.22,105.13,101.03,104.81,108495689.53
1707408000,104.81,104.91,101.79,102.33,48435445.53
1707422400,102.33,103.38,102.33,102.79,23265273.5
1707436800,102.79,105.78,102.79,104.31,51318131.94
1707451200,104.31,105.77,103.79,105.33,29401976.32
1707465600,105.33,106.37,104.33,105.87,31751296.29
1707480000,105.87,106.92,104.12,105.65,59362697.66
1707494400,105.65,106.51,104.41,105.07,52558967.53
1707508800,105.07,109.13,104.93,106.96,59740026.18
1707523200,106.96,110.78,106.94,110.78,49235093.65
1707537600,110.78,110.97,108.75,108.93,37927154.84
1707552000,108.93,109.67,107.38,108.21,35973459.91
1707566400,108.21,108.82,107.26,108.64,19172813.94
1707580800,108.64,109.57,107.86,109.18,18624296.31
1707595200,109.18,110.42,108.7,109.07,30418098.38
1707609600,109.07,109.75,107.85,109.45,17990726.65
1707624000,109.45,109.97,108.83,109.23,20795878.47
1707638400,109.23,110.33,108.61,109.77,17026172.96
1707652800,109.77,110.68,108.76,108.87,23079794.3
1707667200,108.87,109.18,107.8,108.2,23952784.11
1707681600,108.2,108.8,107.33,107.48,20810693.85
1707696000,107.48,109.35,104.67,106.31,39318265.28
1707710400,106.31,106.41,104.72,105.96,13294837.87
1707724800,105.96,106.35,103.46,104.2,18794103.3
1707739200,104.2,109.01,103.85,108.88,34010163.31
1707753600,108.88,111.31,107.64,109.76,78241427.53999999
1707768000,109.76,112.24,109.73,111.73,58924899.14
1707782400,111.73,114.97,111.73,113.05,68976760.51
1707796800,113.05,114.6,113.04,114.04,21279200.57
1707811200,114.04,115.1,112.95,114.13,22928095.59
1707825600,114.13,114.19,109.01,110.33,57555849.93
1707840000,110.33,112.36,108.36,111.56,38685973.58
1707854400,111.56,113.79,111.55,112.57,31098874.0
1707868800,112.57,112.61,110.7,111.92,16606798.77
1707883200,111.92,113.36,111.33,113.14,16717931.44
1707897600,113.14,116.35,112.87,115.68,46387980.2
1707912000,115.68,118.71,115.12,116.96,69858248.6
1707926400,116.96,117.06,114.76,116.19,37668869.26
1707940800,116.19,117.4,116.04,117.11,32574309.89
1707955200,117.11,118.44,116.1,117.34,41255777.71
1707969600,117.34,117.36,114.78,115.15,22691359.37
1707984000,115.15,117.11,114.84,116.17,17557806.240000002
1707998400,116.17,117.4,112.59,114.05,64829776.95
1708012800,114.05,115.1,113.06,114.11,39008746.26
1708027200,114.11,114.47,111.61,113.61,40305395.43000001
1708041600,113.61,114.28,112.31,113.95,22528961.28
1708056000,113.95,114.06,111.51,111.57,20111988.41
1708070400,111.57,112.68,110.19,112.17,26936978.93
1708084800,112.17,113.24,108.03,109.68,43213008.1
1708099200,109.68,110.46,108.28,108.69,27173824.61
1708113600,108.69,110.76,108.4,110.4,16447982.11
1708128000,110.4,111.13,109.22,109.95,13233061.75
1708142400,109.95,110.45,108.69,110.38,9445528.74
1708156800,110.38,110.84,108.46,109.42,15341050.11
1708171200,109.42,109.55,105.68,107.25,29139787.37
1708185600,107.25,108.07,106.54,108.06,10934635.59
1708200000,108.06,109.7,107.82,108.96,11080442.45
1708214400,108.96,109.8,107.57,108.43,11325414.96
1708228800,108.43,109.68,108.12,109.16,10538087.2
1708243200,109.16,112.96,108.87,111.82,23508081.84
1708257600,111.82,112.47,110.76,112.37,16246076.56
1708272000,112.37,114.05,111.75,112.82,25803369.6
1708286400,112.82,113.58,111.95,112.24,19663450.18
1708300800,112.24,112.87,111.28,111.67,17673701.15
1708315200,111.67,113.62,111.17,113.26,21678615.17
1708329600,113.26,113.36,110.83,112.72,19074140.66
1708344000,112.72,114.86,111.8,113.72,31129588.95
1708358400,113.72,114.08,111.52,111.99,37175456.93
1708372800,111.99,113.04,111.14,111.55,17834461.25
1708387200,111.55,112.1,109.08,109.51,32729753.07
1708401600,109.51,110.96,109.05,109.39,11123510.93
1708416000,109.39,110.78,108.05,110.39,15334403.45
1708430400,110.39,110.71,103.88,106.6,75732317.67999999
1708444800,106.6,107.68,104.72,107.33,53596914.48
1708459200,107.33,109.66,106.74,108.35,28954044.12
1708473600,108.35,108.38,106.42,106.61,18799574.89
1708488000,106.61,107.03,104.51,104.83,14436484.04
1708502400,104.83,105.56,102.33,102.77,22192970.3
1708516800,102.77,104.36,101.04,103.82,42127129.010000005
1708531200,103.82,104.47,100.22,102.02,39911824.25
1708545600,102.02,105.66,101.42,105.06,55380442.8
1708560000,105.06,105.09,102.07,103.59,20046965.16
1708574400,103.59,105.38,103.22,105.03,18481158.65
1708588800,105.03,107.07,104.86,105.8,25683717.96
1708603200,105.8,106.09,103.13,105.35,22105613.19
1708617600,105.35,105.4,103.22,103.48,32560560.27
1708632000,103.48,105.21,101.48,101.69,41434176.49
1708646400,101.69,102.79,100.99,101.73,13767284.07
1708660800,101.73,103.05,101.37,101.93,8410532.7
1708675200,101.93,103.0,101.27,102.65,8073532.609999999
1708689600,102.65,102.84,100.23,100.28,25910258.16
1708704000,100.28,101.66,98.71,101.36,31299492.78
1708718400,101.36,101.73,98.88,99.89,23027407.7
1708732800,99.89,100.75,98.5,100.22,21240611.96
1708747200,100.22,102.21,100.18,102.21,12030619.0
1708761600,102.21,102.76,101.55,102.1,11705017.28
1708776000,102.1,102.54,101.73,101.98,8971319.93
1708790400,101.98,104.13,101.93,104.07,21208904.13
1708804800,104.07,104.74,103.73,104.04,12946593.5
1708819200,104.04,104.38,102.18,103.4,16820978.71
1708833600,103.4,103.62,102.75,103.02,8029093.94
1708848000,103.02,103.08,102.08,102.8,4207084.79
1708862400,102.8,103.76,102.3,102.76,9126011.72
1708876800,102.76,103.65,102.19,103.37,9631613.79
1708891200,103.37,104.31,103.02,103.47,15420576.11
1708905600,103.47,104.71,102.27,103.42,19475305.26
1708920000,103.42,104.24,102.96,103.3,13176441.27
1708934400,103.3,104.11,100.63,100.94,13785108.62
1708948800,100.94,105.06,100.32,105.02,34455106.14
1708963200,105.02,110.3,104.6,109.74,116215844.56
1708977600,109.74,110.82,108.5,109.97,37297645.74
1708992000,109.97,112.48,109.34,110.26,76132319.1
1709006400,110.26,111.45,109.19,110.49,26462490.05
1709020800,110.49,112.12,110.48,111.52,18388786.52
1709035200,111.52,111.85,106.21,106.86,58419443.08
1709049600,106.86,108.47,105.4,108.45,35118800.27
1709064000,108.45,109.42,107.65,108.42,23097558.5
1709078400,108.42,109.34,107.38,107.67,16020309.71
1709092800,107.67,110.19,107.64,110.1,15542634.65
1709107200,110.1,114.9,109.3,111.48,76969469.68
1709121600,111.48,113.74,110.55,113.04,84414756.41
1709136000,113.04,116.96,108.33,111.47,162138619.66
1709150400,111.47,118.98,110.27,118.98,104184300.23
1709164800,118.98,124.33,117.35,123.52,131045628.42
1709179200,123.52,125.97,122.19,125.48,74513763.28
1709193600,125.48,132.61,125.24,129.17,125847274.83
1709208000,129.17,134.67,127.31,132.44,117760000.09
1709222400,132.44,133.01,126.32,130.23,118343865.65
1709236800,130.23,131.93,122.73,125.7,97837141.92
1709251200,125.7,137.11,125.69,134.0,113843591.71
1709265600,134.0,137.78,131.67,131.92,52386729.53
1709280000,131.92,135.49,130.95,135.47,28167134.58
1709294400,135.47,135.48,130.34,131.23,73241043.19
1709308800,131.23,133.4,129.48,131.09,74052864.16
1709323200,131.09,131.89,129.48,129.52,63905468.82
1709337600,129.52,131.68,127.44,130.17,66137630.17
1709352000,130.17,130.71,127.98,129.27,32825658.91
1709366400,129.27,130.54,127.53,128.89,28683132.26
1709380800,128.89,130.47,127.53,128.06,37830903.36
1709395200,128.06,130.87,127.64,130.69,27397754.02
1709409600,130.69,131.42,128.38,130.15,30693659.67
1709424000,130.15,130.77,128.4,130.23,27293135.35
1709438400,130.23,130.61,124.87,126.9,43073936.94
1709452800,126.9,131.31,125.31,128.8,40694232.5
1709467200,128.8,129.62,127.74,129.48,32864810.01
1709481600,129.48,131.2,128.92,130.27,34958915.0
1709496000,130.27,132.19,129.61,130.25,31903592.3
1709510400,130.25,133.02,128.58,129.07,53190545.74
1709524800,129.07,129.9,128.65,129.62,24669321.14
1709539200,129.62,134.99,129.55,132.64,61214739.12
1709553600,132.64,133.72,129.64,131.89,60912627.2
1709568000,131.89,132.1,127.68,129.69,101869106.37
1709582400,129.69,133.53,128.47,133.36,59349029.65
1709596800,133.36,133.52,129.46,130.31,75509750.8
1709611200,130.31,132.77,128.01,129.61,58005983.69
1709625600,129.61,132.18,129.09,130.73,33772309.27
1709640000,130.73,142.73,130.73,139.44,187510736.74
1709654400,139.44,140.53,109.61,119.7,248438843.24
1709668800,119.7,127.45,117.35,125.58,152845702.59
1709683200,125.58,126.9,120.3,122.49,57881959.8
1709697600,122.49,133.3,122.47,133.25,76564282.4
1709712000,133.25,134.92,129.3,131.98,46651952.68
1709726400,131.98,132.18,125.54,128.31,79411259.55
1709740800,128.31,132.16,128.22,130.99,69086014.84
1709755200,130.99,132.47,130.33,130.89,51508570.63
1709769600,130.89,141.76,130.71,138.27,152136350.45
1709784000,138.27,140.05,136.06,138.34,55107833.67
1709798400,138.34,144.45,138.21,140.3,67908712.36
1709812800,140.3,149.62,139.23,146.08,154777820.07999998
1709827200,146.08,149.41,145.52,148.97,100750937.91
1709841600,148.97,149.13,143.79,144.07,89190864.0
1709856000,144.07,146.62,143.41,144.46,40884672.46
1709870400,144.46,145.77,142.28,144.77,54239753.82
1709884800,144.77,149.29,144.7,149.15,37250890.5
1709899200,149.15,152.94,143.37,145.68,112625477.04
1709913600,145.68,150.88,142.01,148.01,106138003.49
1709928000,148.01,149.37,143.82,145.11,67965832.81
1709942400,145.11,147.28,144.92,146.21,36166383.66
1709956800,146.21,149.44,145.8,148.66,26208648.46
1709971200,148.66,149.05,145.42,147.14,16833902.74
1709985600,147.14,147.58,145.44,147.32,18919941.52
1710000000,147.32,147.54,144.02,145.64,31594491.54
1710014400,145.64,146.99,144.19,144.58,22145720.41
1710028800,144.58,148.57,144.14,146.98,34680735.89
1710043200,146.98,148.71,146.87,148.5,24317711.62
1710057600,148.5,148.71,145.27,145.71,27770548.11
1710072000,145.71,146.11,142.01,143.29,40082632.16
1710086400,143.29,145.59,143.11,145.37,23922041.82
1710100800,145.37,145.52,140.67,144.56,51864447.24
1710115200,144.56,144.62,137.06,141.25,75088669.18
1710129600,141.25,148.22,139.78,148.0,55573497.62
1710144000,148.0,150.14,147.9,148.42,69008997.36
1710158400,148.42,150.07,145.76,147.2,97617839.6
1710172800,147.2,148.41,146.02,146.76,46199780.02
1710187200,146.76,149.26,146.62,148.87,35624053.44
1710201600,148.87,154.99,147.23,150.92,77284725.28999999
1710216000,150.92,154.46,149.42,151.93,68457571.49
1710230400,151.93,153.27,148.21,150.49,51210860.38
1710244800,150.49,151.95,147.4,150.26,91880681.35
1710259200,150.26,150.91,141.84,149.94,122753322.02
1710273600,149.94,151.16,146.99,151.05,65191605.39
1710288000,151.05,151.56,148.82,149.36,27372055.02
1710302400,149.36,152.97,148.83,150.74,39460914.34
1710316800,150.74,154.71,150.54,153.82,34898350.06
1710331200,153.82,159.47,150.08,157.42,108249231.46
1710345600,157.42,162.05,156.06,161.72,122194466.13
1710360000,161.72,166.88,159.69,163.93,106257369.34
1710374400,163.93,169.3,163.12,167.53,101151486.2
1710388800,167.53,169.98,165.33,168.39,59593408.64
1710403200,168.39,174.42,168.33,173.2,77756935.38
1710417600,173.2,173.48,164.37,167.62,149897841.79
1710432000,167.62,170.0,159.2,162.23,122401743.08
1710446400,162.23,178.29,161.97,176.64,131575933.98
1710460800,176.64,186.62,169.94,175.86,244629566.04
1710475200,175.86,181.77,171.34,175.98,125558037.63
1710489600,175.98,177.04,164.95,169.77,157645315.37
1710504000,169.77,184.67,168.11,181.79,207719204.46
1710518400,181.79,188.85,178.24,183.36,176948556.9
1710532800,183.36,185.52,175.19,183.84,155648736.72
1710547200,183.84,188.99,180.51,187.61,84087853.18
1710561600,187.61,193.56,185.22,192.8,103645589.62
1710576000,192.8,197.8,190.45,192.73,110868508.31
1710590400,192.73,195.91,187.83,195.1,116999229.65
1710604800,195.1,195.37,178.62,179.99,193829304.59
1710619200,179.99,185.71,176.91,181.95,166634065.13
1710633600,181.95,189.1,181.65,186.35,107514013.73
1710648000,186.35,188.56,178.58,181.81,77847041.28999999
1710662400,181.81,193.38,179.81,191.68,90122408.03
1710676800,191.68,195.77,188.33,195.35,96142186.97
1710691200,195.35,198.0,192.11,195.68,104604635.46
1710705600,195.68,204.17,195.44,201.69,135197925.02
1710720000,201.69,205.06,193.87,203.76,133571865.13
1710734400,203.76,204.88,200.07,203.12,61717917.77
1710748800,203.12,209.86,198.29,207.91,147395643.45999998
1710763200,207.91,209.1,198.24,203.75,153660497.0
1710777600,203.75,206.09,195.46,198.32,136988999.83
1710792000,198.32,204.85,195.44,195.91,105323500.22
1710806400,195.91,198.63,180.08,184.25,203803346.43
1710820800,184.25,188.97,179.99,186.03,163947787.54000002
1710835200,186.03,186.05,170.87,177.7,187286271.18
1710849600,177.7,185.89,174.59,182.78,167964170.64
1710864000,182.78,186.36,180.03,181.56,89313081.04
1710878400,181.56,181.87,165.62,169.91,175710094.28
1710892800,169.91,176.81,169.22,169.66,96845076.74
1710907200,169.66,174.12,162.49,173.42,104034461.1
1710921600,173.42,175.16,169.37,171.98,69091176.05
1710936000,171.98,176.69,170.06,170.61,115469356.1
1710950400,170.61,184.51,165.59,182.48,176334377.76
1710964800,182.48,193.24,181.82,191.92,155803083.87
1710979200,191.92,195.72,189.47,190.33,117751204.94
1710993600,190.33,192.28,184.81,188.64,68481163.12
1711008000,188.64,191.54,186.4,188.99,56077080.36
1711022400,188.99,191.41,183.69,185.31,72275185.62
1711036800,185.31,187.89,177.09,178.01,105021456.17
1711051200,178.01,181.91,175.88,179.44,52584858.83
1711065600,179.44,181.81,174.11,178.99,65475487.65
1711080000,178.99,180.8,177.6,179.11,27678163.57
1711094400,179.11,180.1,171.73,172.03,43760325.63
1711108800,172.03,173.9,167.64,171.68,96081051.72
1711123200,171.68,173.71,168.83,172.95,43143137.74
1711137600,172.95,175.17,168.2,175.17,51877436.94
1711152000,175.17,178.36,170.28,171.97,76195768.05
1711166400,171.97,177.51,171.49,175.96,26920871.74
1711180800,175.96,177.09,174.09,175.84,17416269.759999998
1711195200,175.84,178.93,174.46,175.17,46515325.73
1711209600,175.17,178.26,173.83,174.82,45651786.59
1711224000,174.82,175.48,172.6,172.72,23461244.53
1711238400,172.72,177.38,171.77,171.79,32808759.07
1711252800,171.79,173.79,171.44,173.54,16585416.94
1711267200,173.54,176.03,173.19,174.85,33705486.53
1711281600,174.85,177.17,174.57,176.24,31270316.41
1711296000,176.24,176.94,172.57,176.13,29298478.950000003
1711310400,176.13,186.75,175.45,183.79,126644078.21
1711324800,183.79,185.41,181.02,184.76,72587644.92
1711339200,184.76,189.58,183.93,185.9,52194350.26
1711353600,185.9,191.87,185.82,188.0,80539760.44
1711368000,188.0,194.53,186.52,192.82,100680667.26
1711382400,192.82,194.53,190.56,192.33,85639147.25
1711396800,192.33,193.09,188.48,189.01,52406796.70999999
1711411200,189.01,192.1,186.49,191.68,48480438.650000006
1711425600,191.68,196.81,191.41,194.08,61524000.3
1711440000,194.08,196.29,192.43,194.83,40195618.76
1711454400,194.83,195.3,189.59,190.4,67518021.87
1711468800,190.4,191.52,186.31,188.25,83173584.06
1711483200,188.25,192.58,188.2,190.47,42737780.36
1711497600,190.47,192.63,188.74,189.98,46628316.82
1711512000,189.98,190.5,186.13,186.8,31823687.03
1711526400,186.8,188.56,182.94,188.46,65588345.05
1711540800,188.46,191.11,181.02,181.03,148784531.35
1711555200,181.03,184.08,180.1,182.53,41969532.73
1711569600,182.53,186.93,182.48,186.23,51332674.76
1711584000,186.23,187.95,180.77,182.1,68867682.92
1711598400,182.1,187.53,181.92,187.41,33192556.31
1711612800,187.41,188.35,184.71,185.28,31006239.24
1711627200,185.28,189.41,182.6,187.39,73582079.09
1711641600,187.39,187.41,184.46,186.36,37406275.65
1711656000,186.36,190.93,186.24,189.67,47105926.0
1711670400,189.67,190.67,187.67,188.38,33661488.92
1711684800,188.38,189.14,183.31,183.64,41173658.93
1711699200,183.64,186.46,183.52,185.84,41093588.76
1711713600,185.84,189.81,184.32,184.85,46253107.07
1711728000,184.85,187.73,184.64,187.72,42736080.76
1711742400,187.72,193.04,187.44,192.19,72384618.2
1711756800,192.19,194.45,190.97,192.88,44333708.94
1711771200,192.88,199.96,192.73,195.9,91589500.32
1711785600,195.9,198.83,193.59,197.94,30541403.53
1711800000,197.94,198.69,195.0,196.43,29690971.15
1711814400,196.43,197.99,193.68,195.6,40352610.06
1711828800,195.6,196.68,193.5,194.28,29896362.58
1711843200,194.28,197.24,193.84,194.39,30496131.46
1711857600,194.39,197.26,194.04,196.75,25126985.1
1711872000,196.75,197.17,195.51,195.83,15136020.83
1711886400,195.83,197.71,195.53,195.66,20717381.52
1711900800,195.66,200.93,195.52,200.18,79636772.91
1711915200,200.18,203.1,198.52,202.43,69861402.78
1711929600,202.43,204.24,200.92,202.66,48460061.19
1711944000,202.66,203.56,193.55,198.01,63688019.45999999
1711958400,198.01,198.05,194.95,195.3,38056515.85
1711972800,195.3,197.76,187.09,188.06,119425640.16
1711987200,188.06,193.54,187.45,193.46,65819214.54
1712001600,193.46,194.07,191.92,192.35,41068911.66
1712016000,192.35,192.37,182.15,183.77,82993004.3
1712030400,183.77,186.43,181.23,183.22,56238257.28
1712044800,183.22,183.96,177.61,179.86,58789600.27
1712059200,179.86,182.23,175.94,177.44,101829542.18
1712073600,177.44,186.91,176.87,185.88,78348843.57
1712088000,185.88,186.49,180.75,181.52,65799779.91
1712102400,181.52,188.97,177.05,188.52,71488678.27000001
1712116800,188.52,191.96,187.06,189.63,45703922.96
1712131200,189.63,191.81,186.55,187.92,32656553.92
1712145600,187.92,191.29,186.71,189.11,46668067.2
1712160000,189.11,191.1,184.23,185.84,50055200.99
1712174400,185.84,186.57,182.24,185.14,35752253.66
1712188800,185.14,187.45,181.16,181.56,36078086.54
1712203200,181.56,185.7,180.32,184.94,27642699.43
1712217600,184.94,186.21,184.46,185.6,16056270.16
1712232000,185.6,189.59,185.44,187.04,59485892.17
1712246400,187.04,190.17,185.62,185.77,56236042.1
1712260800,185.77,186.36,181.2,184.09,62815850.86
1712275200,184.09,185.17,177.54,179.44,70935883.34
1712289600,179.44,180.39,173.04,175.05,75808965.96
1712304000,175.05,177.04,169.21,169.79,67201438.32
1712318400,169.79,177.54,168.07,176.2,93213618.49
1712332800,176.2,176.87,172.51,175.46,43570338.23
1712347200,175.46,176.88,174.27,174.46,25878813.37
1712361600,174.46,176.61,173.65,176.01,33146914.8
1712376000,176.01,178.23,174.86,177.34,24671035.64
1712390400,177.34,178.44,175.41,175.8,19401205.92
1712404800,175.8,177.26,173.86,177.14,22730032.81
1712419200,177.14,178.96,176.73,177.41,31540283.32
1712433600,177.41,179.78,176.81,178.74,42193035.65
1712448000,178.74,182.66,177.39,180.79,46272504.36
1712462400,180.79,181.47,179.3,179.8,24921657.05
1712476800,179.8,180.96,178.76,180.74,19352213.77
1712491200,180.74,182.18,179.6,179.68,30964317.19
1712505600,179.68,182.57,177.74,178.29,36147378.21
1712520000,178.29,179.97,176.92,179.52,30327370.28
1712534400,179.52,179.52,175.38,176.37,38638464.07
1712548800,176.37,181.09,175.78,180.06,38634673.21
1712563200,180.06,184.59,179.7,182.61,81192124.23
1712577600,182.61,183.48,179.4,181.42,60872863.14
1712592000,181.42,182.15,178.59,179.36,51604768.33
1712606400,179.36,181.37,179.21,180.69,36064373.04
1712620800,180.69,180.87,176.81,177.44,36253294.29
1712635200,177.44,178.56,175.36,175.67,34900417.730000004
1712649600,175.67,176.39,173.54,176.17,31135129.96
1712664000,176.17,176.5,168.99,172.43,64212463.52
1712678400,172.43,177.54,171.68,174.27,66662760.8
1712692800,174.27,175.82,172.11,172.32,27511660.25
1712707200,172.32,172.98,169.29,171.36,32697486.37
1712721600,171.36,173.55,170.85,172.7,18499288.89
1712736000,172.7,172.7,168.35,170.19,26122830.45
1712750400,170.19,170.56,162.41,167.86,106396721.22
1712764800,167.86,173.04,166.95,171.18,66277920.77
1712779200,171.18,175.48,170.25,173.35,49286736.85
1712793600,173.35,173.38,171.13,172.76,28662013.880000003
1712808000,172.76,175.95,171.68,174.52,20594097.13
1712822400,174.52,175.33,170.11,170.46,24350844.54
1712836800,170.46,175.26,170.12,173.38,44398369.66
1712851200,173.38,176.27,171.99,174.6,42445018.2
1712865600,174.6,175.56,171.92,172.43,27455321.1
1712880000,172.43,174.27,172.33,174.1,19203103.85
1712894400,174.1,175.93,173.0,173.22,20970840.19
1712908800,173.22,173.64,171.36,172.61,15900414.83
1712923200,172.61,172.64,166.62,167.29,56013430.22
1712937600,167.29,167.72,143.03,149.36,246307008.11
1712952000,149.36,154.68,148.85,153.29,83681580.0
1712966400,153.29,153.46,145.56,151.82,68586765.78999999
1712980800,151.82,154.93,150.67,151.07,38396343.78
1712995200,151.07,153.39,149.59,151.28,21196567.45
1713009600,151.28,153.02,148.46,148.95,31567496.18
1713024000,148.95,149.64,131.26,134.14,198968181.48
1713038400,134.14,143.58,119.92,138.51,352889362.78
1713052800,138.51,141.07,130.98,134.93,92455237.15
1713067200,134.93,144.58,133.96,144.15,52066376.11
1713081600,144.15,145.58,138.4,138.92,48290137.36
1713096000,138.92,143.36,135.62,138.04,62698552.09
1713110400,138.04,143.18,133.58,141.83,78142973.57
1713124800,141.83,152.73,139.89,151.45,97838200.35
1713139200,151.45,151.45,146.61,148.26,37250415.44
1713153600,148.26,156.1,146.28,153.94,46047639.9
1713168000,153.94,155.13,151.02,151.12,44003444.27
1713182400,151.12,152.36,141.6,143.34,111331917.31
1713196800,143.34,144.64,133.77,137.93,99609370.8
1713211200,137.93,140.15,135.6,138.59,40788784.45
1713225600,138.59,140.62,133.75,134.64,36958441.6
1713240000,134.64,139.0,130.51,137.96,49211184.3
1713254400,137.96,138.07,129.99,136.2,42340151.24
1713268800,136.2,136.2,127.57,127.74,78072157.78
1713283200,127.74,135.34,126.6,132.19,84730070.64
1713297600,132.19,138.03,131.73,136.27,43091432.21
1713312000,136.27,138.3,134.97,137.43,28114802.38
1713326400,137.43,142.72,136.76,139.53,36720214.33
1713340800,139.53,140.2,134.17,134.35,22003159.51
1713355200,134.35,135.04,127.49,128.79,98985017.89
1713369600,128.79,137.83,126.91,134.58,93250166.01
1713384000,134.58,137.85,131.65,131.89,51937855.66
1713398400,131.89,136.6,129.76,135.65,53192375.53
1713412800,135.65,136.75,129.11,129.55,45947076.97
1713427200,129.55,136.98,127.74,135.86,52673538.31
1713441600,135.86,141.43,132.13,139.13,70031622.06
1713456000,139.13,141.57,135.74,140.44,54204778.36
1713470400,140.44,143.88,139.68,142.1,40339181.09
1713484800,142.1,142.11,128.54,136.48,149454525.52
1713499200,136.48,146.8,136.29,143.38,88843636.27
1713513600,143.38,146.12,142.63,144.55,50926123.39
1713528000,144.55,147.57,141.82,146.31,65700907.0
1713542400,146.31,147.51,143.66,145.5,44154907.98
1713556800,145.5,145.95,140.13,142.53,58104219.83
1713571200,142.53,143.61,139.82,142.45,26456895.55
1713585600,142.45,145.05,141.72,143.55,14845775.43
1713600000,143.55,143.6,140.18,141.6,18540766.26
1713614400,141.6,147.46,141.07,147.26,34007451.22
1713628800,147.26,151.85,146.44,151.28,53645272.02
1713643200,151.28,152.39,149.19,151.28,31136619.4
1713657600,151.28,153.53,148.18,150.73,35358179.67
1713672000,150.73,151.74,150.02,151.17,15008529.12
1713686400,151.17,152.67,149.67,151.51,17530116.34
1713700800,151.51,151.76,148.71,150.1,21305599.91
1713715200,150.1,150.35,146.77,148.08,35194091.11
1713729600,148.08,150.81,147.55,148.78,30468851.6
1713744000,148.78,151.42,146.85,150.39,63753532.260000005
1713758400,150.39,156.67,150.07,153.67,38385134.58
1713772800,153.67,154.66,152.41,153.32,17478629.07
1713787200,153.32,154.97,151.73,153.52,39386796.41
1713801600,153.52,156.16,152.57,154.68,38625723.43
1713816000,154.68,158.47,154.07,157.03,41702259.01
1713830400,157.03,159.31,155.58,155.64,33565833.73
1713844800,155.64,156.89,153.18,153.65,20663160.22
1713859200,153.65,155.58,153.25,154.14,19623358.2
1713873600,154.14,159.76,153.73,157.88,54129354.37
1713888000,157.88,160.0,157.17,157.44,50364435.43
1713902400,157.44,157.69,154.55,154.68,48359485.06
1713916800,154.68,159.03,154.46,156.72,72149501.42
1713931200,156.72,159.74,156.35,157.88,36833609.87
1713945600,157.88,159.36,156.56,159.32,15003387.74
1713960000,159.32,159.6,151.07,151.54,74897371.67
1713974400,151.54,153.75,147.4,149.75,70876681.99000001
1713988800,149.75,150.32,145.54,147.72,38795532.85
1714003200,147.72,149.44,144.77,146.03,29165779.12
1714017600,146.03,148.5,144.84,146.23,27136998.22
1714032000,146.23,147.43,143.11,144.82,40868166.45999999
1714046400,144.82,148.25,142.11,147.71,70828329.11
1714060800,147.71,149.25,146.54,146.79,34177788.83
1714075200,146.79,148.86,144.77,144.85,38979462.51
1714089600,144.85,145.05,141.52,143.24,32027286.33
1714104000,143.24,144.8,142.41,143.48,17391122.04
1714118400,143.48,144.54,142.28,143.12,11800960.99
1714132800,143.12,146.06,141.24,142.64,39219549.56
1714147200,142.64,144.21,141.66,142.98,17932458.6
1714161600,142.98,143.74,138.68,139.16,27503617.48
1714176000,139.16,140.15,133.18,136.31,43638483.24
1714190400,136.31,137.15,135.56,136.08,15923124.78
1714204800,136.08,136.72,135.25,135.82,13295086.52
1714219200,135.82,139.69,135.64,137.58,19513638.44
1714233600,137.58,142.32,137.38,142.21,34224439.94
1714248000,142.21,142.96,139.94,141.23,16159509.010000002
1714262400,141.23,144.58,140.77,143.78,24097408.77
1714276800,143.78,144.32,142.85,143.5,14598416.24
1714291200,143.5,143.84,140.9,141.18,11820688.95
1714305600,141.18,142.84,141.12,141.96,8642875.13
1714320000,141.96,143.88,141.83,142.02,15161257.91
1714334400,142.02,142.26,137.11,137.97,35647256.39
1714348800,137.97,138.89,134.76,134.92,24535195.66
1714363200,134.92,136.74,134.1,134.99,19101545.82
1714377600,134.99,136.7,133.7,134.69,18259827.21
1714392000,134.69,137.45,133.99,136.48,28270655.98
1714406400,136.48,136.62,133.42,134.87,32332618.1
1714420800,134.87,138.67,134.02,137.74,30491437.74
1714435200,137.74,139.72,134.96,136.47,26698578.12
1714449600,136.47,136.68,134.67,135.05,22056161.9
1714464000,135.05,135.48,128.28,128.74,53093390.23
1714478400,128.74,130.27,126.66,127.69,55117257.47
1714492800,127.69,127.69,121.13,122.84,85942594.23
1714507200,122.84,128.63,122.81,126.68,45144125.23
1714521600,126.68,127.34,123.53,126.11,34585542.63
1714536000,126.11,126.62,118.58,120.44,43697579.38
1714550400,120.44,122.88,118.76,122.87,37416193.56
1714564800,122.87,124.77,121.38,123.24,46074858.78
1714579200,123.24,135.81,122.53,129.56,104558446.36
1714593600,129.56,134.98,128.76,134.49,50907731.05
1714608000,134.49,134.82,128.6,129.97,36101513.39
1714622400,129.97,132.84,128.18,131.31,22399311.85
1714636800,131.31,139.13,131.09,138.73,57241888.49
1714651200,138.73,140.36,135.07,139.08,64587134.42
1714665600,139.08,139.79,137.1,137.95,28979146.05
1714680000,137.95,140.69,135.68,137.62,35949476.58
1714694400,137.62,141.73,136.71,141.01,30246111.35
1714708800,141.01,141.52,136.84,137.22,32378424.96
1714723200,137.22,139.14,134.03,136.88,37475654.21
1714737600,136.88,143.94,136.58,142.11,84712025.34
1714752000,142.11,143.12,141.18,142.84,26850200.91
1714766400,142.84,145.02,142.6,143.73,37719697.47
1714780800,143.73,144.98,142.36,144.22,21140267.27
1714795200,144.22,146.35,143.78,144.0,18261397.28
1714809600,144.0,149.07,143.98,146.57,27337063.81
1714824000,146.57,148.26,145.64,146.22,22342685.23
1714838400,146.22,147.49,145.37,147.42,15653595.93
1714852800,147.42,147.86,145.88,146.05,15414116.18
1714867200,146.05,147.25,143.15,144.66,25497016.17
1714881600,144.66,145.99,144.19,145.66,17588794.93
1714896000,145.66,146.7,145.18,146.61,6579780.210000001
1714910400,146.61,147.98,145.42,147.46,19576106.94
1714924800,147.46,147.84,145.72,146.04,19478338.41
1714939200,146.04,146.18,144.74,145.73,19354042.86
1714953600,145.73,148.05,145.48,146.23,19945087.03
1714968000,146.23,149.3,145.95,148.75,23341752.38
1714982400,148.75,156.84,148.74,154.02,61990420.96
1714996800,154.02,156.18,149.82,153.87,74962402.86
1715011200,153.87,154.12,150.98,153.43,36657144.31
1715025600,153.43,155.78,152.6,152.82,28846222.76
1715040000,152.82,157.96,152.03,153.87,43438272.73
1715054400,153.87,156.22,153.22,155.16,21731506.37
1715068800,155.16,159.2,154.89,154.99,33478296.41
1715083200,154.99,156.98,152.27,154.71,39135594.12
1715097600,154.71,155.4,150.78,151.12,38656658.5
1715112000,151.12,152.37,148.0,148.03,36716263.19
1715126400,148.03,149.89,147.23,149.4,28586002.29
1715140800,149.4,149.77,145.73,146.42,25348434.270000003
1715155200,146.42,146.94,144.83,145.31,20787585.75
1715169600,145.31,148.8,144.43,145.83,49103886.46
1715184000,145.83,148.99,144.65,145.45,23510343.03
1715198400,145.45,145.83,139.98,142.15,52177637.370000005
1715212800,142.15,144.73,141.95,144.08,26640788.62
1715227200,144.08,145.69,142.57,143.18,19114654.72
1715241600,143.18,143.9,140.59,142.72,17300275.33
1715256000,142.72,147.85,141.61,146.42,37144228.89
1715270400,146.42,150.95,145.75,150.87,46952128.21
1715284800,150.87,153.29,149.24,152.57,42958674.68
1715299200,152.57,154.49,151.38,153.91,25943796.53
1715313600,153.91,155.68,152.34,154.36,20089714.12
1715328000,154.36,155.11,152.96,154.98,18580654.54
1715342400,154.98,155.32,145.9,146.93,93638705.59
1715356800,146.93,148.56,145.3,147.11,62659640.83
1715371200,147.11,147.96,144.6,146.03,35392170.629999995
1715385600,146.03,147.61,143.35,143.59,46752728.38
1715400000,143.59,146.39,143.54,145.67,15334911.18
1715414400,145.67,145.77,143.11,144.18,14463135.55
1715428800,144.18,146.9,143.85,145.59,17176684.83
1715443200,145.59,146.64,144.83,146.38,20197623.32
1715457600,146.38,146.48,145.07,145.37,10681283.89
1715472000,145.37,146.83,145.23,146.31,9876537.96
1715486400,146.31,147.64,143.72,144.1,25114797.94
1715500800,144.1,146.19,143.91,144.96,19648429.160000004
1715515200,144.96,145.6,144.04,145.12,10178846.27
1715529600,145.12,146.32,144.34,144.83,12703688.73
1715544000,144.83,145.15,142.61,143.39,13376675.2
1715558400,143.39,145.77,138.39,140.09,37875744.03
1715572800,140.09,143.91,137.88,143.51,24102638.44
1715587200,143.51,147.27,143.51,145.59,36431172.9
1715601600,145.59,148.18,144.8,147.26,46958389.38
1715616000,147.26,150.7,145.81,148.78,57288979.15
1715630400,148.78,149.65,146.74,147.47,29995406.81
1715644800,147.47,150.35,145.71,146.28,47746777.01
1715659200,146.28,148.95,143.66,146.48,18356737.08
1715673600,146.48,147.32,145.35,146.53,13398315.12
1715688000,146.53,148.26,141.88,142.82,46363953.11
1715702400,142.82,144.56,141.79,143.74,19167221.62
1715716800,143.74,143.79,141.9,141.97,17175934.69
1715731200,141.97,144.05,141.25,143.89,16749208.0
1715745600,143.89,144.54,143.14,144.26,10020346.64
1715760000,144.26,145.99,143.16,144.19,22784414.66
1715774400,144.19,154.08,143.7,151.7,131273899.47
1715788800,151.7,155.04,151.06,155.02,68265552.75
1715803200,155.02,158.82,154.35,158.57,50334312.82
1715817600,158.57,163.81,158.24,163.14,68513610.63
1715832000,163.14,163.54,161.34,162.78,31841475.81
1715846400,162.78,164.72,161.79,163.77,28289165.39
1715860800,163.77,163.77,157.57,160.44,80036876.78999999
1715875200,160.44,160.55,156.7,159.09,55841358.8
1715889600,159.09,159.58,157.52,159.34,16543056.23
1715904000,159.34,162.84,159.34,162.23,42047406.31
1715918400,162.23,169.79,161.08,169.28,51111345.56
1715932800,169.28,169.94,167.33,167.49,30464852.1
1715947200,167.49,170.98,165.96,169.72,52941571.39
1715961600,169.72,172.05,166.34,168.95,50355278.99
1715976000,168.95,169.84,167.45,169.5,32611765.11
1715990400,169.5,174.41,168.73,173.3,35770672.67
1716004800,173.3,173.9,172.14,172.32,19933935.7
1716019200,172.32,175.96,172.24,174.46,25356196.3
1716033600,174.46,174.63,171.14,172.48,38138843.99
1716048000,172.48,172.6,170.45,172.29,22350996.41
1716062400,172.29,173.64,171.77,172.47,17451134.93
1716076800,172.47,175.09,172.05,174.38,15372955.69
1716091200,174.38,175.37,172.46,174.18,17834733.64
1716105600,174.18,174.51,170.91,171.82,16901307.1
1716120000,171.82,171.87,166.2,168.29,34368342.92
1716134400,168.29,171.65,167.38,169.33,27204157.47
1716148800,169.33,171.6,168.31,169.94,18457379.73
1716163200,169.94,173.4,167.76,172.11,22623568.8
1716177600,172.11,178.52,171.83,178.08,43652365.03
1716192000,178.08,179.21,176.24,177.73,25929972.97
1716206400,177.73,179.45,175.34,179.02,36466517.44
1716220800,179.02,188.29,178.16,187.26,86319441.97999999
1716235200,187.26,187.69,182.37,186.75,116079511.82
1716249600,186.75,188.83,182.87,184.26,60164165.42
1716264000,184.26,184.96,180.37,181.29,26873298.06
1716278400,181.29,183.7,180.38,180.4,33969643.31
1716292800,180.4,181.15,176.0,176.65,99008991.83
1716307200,176.65,178.79,174.32,175.24,63652807.19
1716321600,175.24,178.54,175.14,178.15,49061885.73
1716336000,178.15,179.24,176.5,177.9,25459625.19
1716350400,177.9,182.78,175.03,179.86,63608683.3
1716364800,179.86,181.25,178.11,178.11,32390832.7
1716379200,178.11,182.64,176.28,181.33,59593309.47
1716393600,181.33,183.39,177.42,178.25,73932138.33
1716408000,178.25,180.67,176.26,176.86,49237205.85
1716422400,176.86,179.15,175.58,178.66,32669894.51
1716436800,178.66,178.66,176.23,177.36,52656033.78
1716451200,177.36,177.82,170.2,175.62,57401474.75
1716465600,175.62,176.9,169.05,172.57,91456057.66
1716480000,172.57,175.08,170.43,170.7,53281318.06
1716494400,170.7,180.9,165.8,176.09,119009740.69
1716508800,176.09,176.09,171.51,171.88,36713395.89
1716523200,171.88,171.91,165.17,166.19,41748320.27
1716537600,166.19,166.5,162.5,166.24,31958999.13
1716552000,166.24,168.98,165.06,167.24,74340359.57
1716566400,167.24,170.28,164.71,168.26,61852835.95
1716580800,168.26,168.74,166.71,167.7,25393779.36
1716595200,167.7,169.73,165.96,169.56,16620876.83
1716609600,169.56,170.07,168.13,168.97,12780202.64
1716624000,168.97,170.46,168.33,168.6,14446336.59
1716638400,168.6,168.85,166.73,167.82,18823385.12
1716652800,167.82,168.04,166.43,167.21,33963445.980000004
1716667200,167.21,168.57,166.55,168.33,16928666.68
1716681600,168.33,168.36,164.84,166.22,30491061.01
1716696000,166.22,166.88,164.37,165.27,41817515.48
1716710400,165.27,165.44,162.25,163.86,44370961.76
1716724800,163.86,165.66,162.18,162.75,54214239.09
1716739200,162.75,163.32,160.63,162.55,47130990.72
1716753600,162.55,164.04,160.93,163.26,31369256.31
1716768000,163.26,166.31,163.23,165.27,33141985.700000003
1716782400,165.27,166.27,163.76,165.45,11548892.42
1716796800,165.45,167.91,164.94,167.63,17683861.0
1716811200,167.63,171.25,166.61,170.87,29989906.03
1716825600,170.87,172.09,166.7,168.48,32524555.54
1716840000,168.48,171.51,168.29,170.01,21561126.4
1716854400,170.01,171.92,166.0,167.25,32756007.04
1716868800,167.25,167.44,164.8,165.99,19589648.08
1716883200,165.99,170.08,165.75,169.59,15075061.18
1716897600,169.59,173.07,166.61,168.07,52199744.6
1716912000,168.07,170.57,165.9,170.19,32129164.75
1716926400,170.19,170.52,168.21,168.53,17696685.830000002
1716940800,168.53,172.34,167.28,172.14,33838639.94
1716955200,172.14,173.75,170.65,170.7,23204935.96
1716969600,170.7,170.87,167.38,168.11,33541490.520000003
1716984000,168.11,169.71,167.07,168.49,63996392.05
1716998400,168.49,171.6,167.57,169.28,32360461.07
1717012800,169.28,169.74,167.77,168.11,25887903.39
1717027200,168.11,170.7,167.75,169.8,16543617.63
1717041600,169.8,170.7,164.24,164.99,26756158.04
1717056000,164.99,167.15,163.52,166.08,21468976.23
1717070400,166.08,169.6,165.91,168.43,70063622.52
1717084800,168.43,172.51,167.91,168.37,47379655.79
1717099200,168.37,168.37,166.23,166.86,28932254.19
1717113600,166.86,167.45,165.61,167.17,16739080.73
1717128000,167.17,167.57,164.96,166.59,23789740.8
1717142400,166.59,168.8,166.04,168.65,20282818.34
1717156800,168.65,170.84,164.67,164.68,51588269.38
1717171200,164.68,166.71,163.8,166.15,49352406.870000005
1717185600,166.15,166.82,164.96,165.52,13959202.67
1717200000,165.52,167.63,165.5,166.91,19216592.98
1717214400,166.91,167.31,166.36,166.7,6804698.18
1717228800,166.7,167.2,166.46,166.76,3784302.28
1717243200,166.76,167.79,166.68,167.2,8761877.8
1717257600,167.2,167.42,166.74,167.24,7166628.03
1717272000,167.24,167.61,165.56,165.99,15383593.22
1717286400,165.99,166.95,165.37,166.06,8327991.56
1717300800,166.06,166.33,164.83,164.88,20852197.0
1717315200,164.88,166.01,163.91,165.89,10272400.43
1717329600,165.89,166.1,164.55,164.99,21043850.4
1717344000,164.99,165.17,161.31,163.04,29791844.2
1717358400,163.04,163.59,161.65,163.04,25119996.21
1717372800,163.04,165.09,161.54,163.5,33212124.55
1717387200,163.5,165.67,162.69,165.24,14778036.32
1717401600,165.24,166.74,164.51,164.78,11208000.29
1717416000,164.78,167.14,163.01,164.87,60257382.27
1717430400,164.87,166.96,163.71,166.95,32434183.17
1717444800,166.95,167.08,164.43,164.89,19417780.69
1717459200,164.89,166.75,164.37,166.45,14956747.05
1717473600,166.45,166.93,164.9,165.23,9334164.35
1717488000,165.23,165.78,164.45,165.45,8638309.1
1717502400,165.45,167.9,165.27,167.88,47797580.870000005
1717516800,167.88,170.37,167.82,169.57,50277444.370000005
1717531200,169.57,171.87,168.33,171.81,24613661.97
1717545600,171.81,174.88,171.12,172.95,45158677.72
1717560000,172.95,174.16,172.35,173.43,16028337.56
1717574400,173.43,174.06,172.1,172.81,15190560.38
1717588800,172.81,175.06,171.24,174.8,55424016.16
1717603200,174.8,175.57,172.54,173.0,34094823.760000005
1717617600,173.0,173.82,172.77,173.57,16447313.43
1717632000,173.57,174.51,173.19,173.86,11439802.54
1717646400,173.86,174.04,171.58,172.62,17225047.8
1717660800,172.62,173.35,172.28,173.04,16126774.13
1717675200,173.04,173.67,172.38,172.97,28218704.0
1717689600,172.97,173.04,168.66,168.99,50371186.51
1717704000,168.99,170.79,167.64,170.07,25351528.82
1717718400,170.07,170.54,168.98,170.5,15455661.87
1717732800,170.5,172.48,170.43,171.98,19874424.38
1717747200,171.98,172.32,170.9,172.06,14186424.38
1717761600,172.06,172.64,169.14,170.02,35323603.27
1717776000,170.02,170.18,153.73,161.98,144408451.17000002
1717790400,161.98,163.13,161.03,162.48,22820957.47
1717804800,162.48,163.05,161.77,162.63,10949777.65
1717819200,162.63,163.73,161.36,163.49,12006758.63
1717833600,163.49,163.52,160.11,160.44,12026369.1
1717848000,160.44,161.31,158.29,160.06,30924123.34
1717862400,160.06,160.98,158.84,159.82,15548837.02
1717876800,159.82,159.96,157.36,157.79,15224305.31
1717891200,157.79,158.74,156.55,157.79,12134523.71
1717905600,157.79,159.75,157.28,159.0,6453666.859999999
1717920000,159.0,159.75,158.7,159.42,6648651.36
1717934400,159.42,161.83,159.23,161.65,15887590.18
1717948800,161.65,162.97,160.58,162.16,17405189.05
1717963200,162.16,162.34,161.28,162.1,8302762.14
1717977600,162.1,162.18,159.65,159.8,11385498.33
1717992000,159.8,160.47,157.46,157.58,19276111.6
1718006400,157.58,160.07,157.55,159.41,9605622.65
1718020800,159.41,163.19,157.74,162.35,21769417.46
1718035200,162.35,162.81,160.05,160.37,15724946.28
1718049600,160.37,160.61,158.29,158.98,14590957.46
1718064000,158.98,159.63,155.04,156.0,31677721.4
1718078400,156.0,156.04,152.56,153.31,25182816.92
1718092800,153.31,155.15,152.73,153.71,18114928.36
1718107200,153.71,154.35,146.33,147.54,83821690.67
1718121600,147.54,149.76,145.04,149.25,83752141.48
1718136000,149.25,150.25,148.08,149.36,29920201.57
1718150400,149.36,149.83,145.51,149.62,26142626.970000003
1718164800,149.62,151.89,149.54,151.74,14225222.97
1718179200,151.74,153.51,151.03,151.72,17589498.89
1718193600,151.72,161.8,151.63,158.83,72904131.94
1718208000,158.83,159.77,151.0,153.46,62537360.56
1718222400,153.46,155.56,152.86,155.17,29157788.92
1718236800,155.17,155.17,149.79,151.52,30062300.06
1718251200,151.52,152.78,150.86,152.1,11387770.67
1718265600,152.1,152.36,149.12,149.59,15249094.47
1718280000,149.59,151.99,146.08,146.83,57241741.52
1718294400,146.83,148.87,146.19,147.7,24781730.95
1718308800,147.7,148.33,146.0,147.24,19323119.73
1718323200,147.24,148.39,145.88,147.43,28787356.32
1718337600,147.43,148.71,146.7,147.55,15609337.05
1718352000,147.55,148.64,147.06,147.95,12138123.09
1718366400,147.95,148.9,142.89,143.67,54335221.28
1718380800,143.67,143.95,139.62,141.7,71872045.38
1718395200,141.7,145.01,141.43,143.01,27099036.24
1718409600,143.01,144.81,142.88,144.81,10962880.5
1718424000,144.81,145.41,143.55,143.65,8818916.370000001
1718438400,143.65,144.46,142.92,144.35,9278767.45
1718452800,144.35,145.31,143.95,145.1,9011826.92
1718467200,145.1,145.63,144.05,144.56,10465085.1
1718481600,144.56,145.57,143.8,145.45,8477331.370000001
1718496000,145.45,145.49,143.84,143.91,8242189.140000001
1718510400,143.91,145.12,143.01,144.38,7556778.24
1718524800,144.38,145.56,143.75,144.91,5582457.91
1718539200,144.91,148.68,144.72,148.46,16607504.24
1718553600,148.46,149.18,147.54,148.67,14419851.16
1718568000,148.67,151.21,148.31,151.2,22291540.7
1718582400,151.2,151.65,147.07,147.29,21470650.05
1718596800,147.29,149.07,145.77,146.55,15722666.36
1718611200,146.55,147.14,141.61,143.82,25758700.76
1718625600,143.82,144.47,140.73,141.08,23133034.29
1718640000,141.08,146.67,139.84,144.45,37209349.27
1718654400,144.45,144.53,141.41,143.23,25412928.98
1718668800,143.23,143.71,128.22,135.61,113083639.56
1718683200,135.61,137.84,134.76,136.7,33332390.25
1718697600,136.7,138.82,135.64,137.11,29750866.92
1718712000,137.11,137.63,132.89,135.94,56745903.06
1718726400,135.94,136.04,130.39,133.01,53573427.06
1718740800,133.01,138.37,132.07,137.37,51688294.31
1718755200,137.37,141.41,136.08,140.13,43027970.61
1718769600,140.13,141.86,139.52,139.93,15970053.1
1718784000,139.93,140.19,136.97,137.92,22080839.38
1718798400,137.92,138.77,135.52,136.84,22420444.27
1718812800,136.84,139.0,135.65,136.62,26118867.19
1718827200,136.62,136.74,134.48,135.62,18975712.72
1718841600,135.62,137.12,132.56,133.0,43375416.98
1718856000,133.0,138.01,132.52,137.08,25387515.31
1718870400,137.08,141.26,136.38,139.26,27468902.380000003
1718884800,139.26,139.62,132.55,133.19,51848566.52
1718899200,133.19,135.7,131.84,134.12,29447895.97
1718913600,134.12,134.8,133.37,133.48,17002469.490000002
1718928000,133.48,134.7,131.71,132.62,24723687.14
1718942400,132.62,133.18,130.62,131.38,27091192.0
1718956800,131.38,132.68,129.62,131.98,31352198.36
1718971200,131.98,133.65,129.34,131.28,45384516.53
1718985600,131.28,133.75,128.65,132.58,44965154.94
1719000000,132.58,135.3,131.93,134.55,28151795.61
1719014400,134.55,135.17,132.95,134.99,11443800.87
1719028800,134.99,136.64,134.49,134.78,12864693.89
1719043200,134.78,134.85,133.68,134.42,5653165.42
1719057600,134.42,134.68,133.83,134.2,9383220.34
1719072000,134.2,134.93,133.88,134.44,8420026.17
1719086400,134.44,134.58,133.11,133.66,7780015.859999999
1719100800,133.66,135.04,133.55,134.72,9263651.72
1719115200,134.72,134.95,134.17,134.62,5377795.18
1719129600,134.62,134.71,133.45,133.94,5661579.16
1719144000,133.94,134.28,131.4,131.5,12254023.4
1719158400,131.5,132.43,130.41,131.38,18094556.39
1719172800,131.38,131.41,128.1,128.59,34789653.69
1719187200,128.59,129.65,126.02,126.15,32624551.83
1719201600,126.15,126.59,123.17,125.14,54321008.36
1719216000,125.14,127.39,122.23,127.02,45363120.92
1719230400,127.02,129.76,125.65,126.25,71484658.59
1719244800,126.25,130.28,125.84,127.37,81912505.64
1719259200,127.37,132.54,125.61,132.26,69035983.81
1719273600,132.26,136.59,131.16,135.77,58605821.49
1719288000,135.77,136.79,134.66,134.74,32457865.27
1719302400,134.74,139.11,133.46,137.77,62287235.55
1719316800,137.77,139.87,136.44,139.43,44027730.29
1719331200,139.43,139.58,137.03,138.74,28616620.89
1719345600,138.74,138.96,135.91,136.54,28926712.79
1719360000,136.54,140.35,136.13,138.43,22175327.92
1719374400,138.43,138.74,136.3,137.9,11462166.42
1719388800,137.9,138.11,136.01,137.26,10132857.62
1719403200,137.26,139.5,136.08,136.87,32702836.94
1719417600,136.87,137.7,134.73,137.66,32668363.05
1719432000,137.66,138.36,136.23,136.71,18683583.79
1719446400,136.71,137.78,135.56,137.38,13540400.69
1719460800,137.38,137.62,135.11,135.82,6850146.3100000005
1719475200,135.82,139.29,135.46,138.92,13375226.61
1719489600,138.92,151.07,138.5,147.6,129503282.88
1719504000,147.6,149.29,146.52,148.24,32556440.93
1719518400,148.24,150.17,147.89,149.49,33083696.4
1719532800,149.49,150.54,146.5,147.43,29635195.27
1719547200,147.43,147.46,143.68,145.18,19741804.21
1719561600,145.18,146.04,144.64,145.3,17579947.35
1719576000,145.3,146.67,140.7,143.03,76134370.08
1719590400,143.03,143.62,139.85,140.6,51938062.29000001
1719604800,140.6,141.36,138.75,139.73,32574128.17
1719619200,139.73,142.25,139.68,141.5,29703384.47
1719633600,141.5,142.21,139.95,141.7,24247820.79
1719648000,141.7,142.94,141.21,142.39,18508797.65
1719662400,142.39,142.72,141.17,142.38,22681570.16
1719676800,142.38,142.45,140.65,141.42,19231895.26
1719691200,141.42,141.52,139.49,139.97,23494708.380000003
1719705600,139.97,140.81,137.96,138.07,27745791.880000003
1719720000,138.07,140.82,136.94,140.38,22578955.6
1719734400,140.38,141.51,140.01,140.88,19008972.16
1719748800,140.88,143.75,140.33,143.54,21588422.45
1719763200,143.54,145.59,142.56,144.62,23440992.61
1719777600,144.62,147.38,143.71,146.4,29208918.22
1719792000,146.4,148.82,145.78,147.43,36123627.1
1719806400,147.43,148.54,147.02,148.15,12869009.49
1719820800,148.15,148.93,145.69,145.93,22216802.5
1719835200,145.93,148.47,145.87,148.29,45309703.03
1719849600,148.29,149.06,146.47,147.17,51598548.84
1719864000,147.17,148.08,145.87,146.52,16157493.33
1719878400,146.52,149.64,146.01,149.02,14915299.07
1719892800,149.02,149.72,146.84,147.24,16475004.99
1719907200,147.24,149.82,146.73,149.45,11647978.43
1719921600,149.45,151.61,147.04,148.2,40679191.25
1719936000,148.2,153.41,147.51,152.54,49674438.81
1719950400,152.54,154.78,152.09,153.79,30633967.03
1719964800,153.79,154.22,149.12,150.32,28544640.72
1719979200,150.32,150.33,146.21,146.21,35106840.17
1719993600,146.21,147.02,142.66,143.85,41817646.63
1720008000,143.85,144.08,140.75,141.44,81123254.21000001
1720022400,141.44,142.97,139.06,140.26,58525450.16
1720036800,140.26,141.88,139.02,140.69,39306604.44
1720051200,140.69,142.6,132.67,136.98,76343980.82000001
1720065600,136.98,137.24,133.78,134.26,25724371.72
1720080000,134.26,135.7,132.22,132.62,33390130.450000003
1720094400,132.62,135.79,129.73,135.29,57494419.72
1720108800,135.29,135.86,133.62,133.94,21382776.4
1720123200,133.94,135.54,127.19,127.81,42304304.11
1720137600,127.81,129.12,121.3,123.65,93180563.41
1720152000,123.65,127.64,121.19,126.69,52907425.89
1720166400,126.69,130.93,122.08,130.06,57919784.15
1720180800,130.06,135.0,128.43,134.94,69783202.18
1720195200,134.94,136.35,133.7,134.98,43566837.89
1720209600,134.98,135.78,133.94,134.33,17444990.73
1720224000,134.33,137.79,132.4,134.44,22116511.65
1720238400,134.44,137.36,133.59,136.97,13501181.79
1720252800,136.97,140.62,136.51,138.74,18824989.49
1720267200,138.74,142.14,137.83,141.91,36092950.75
1720281600,141.91,143.55,140.8,142.84,28933940.55
1720296000,142.84,144.2,142.19,143.07,21667520.32
1720310400,143.07,143.34,140.31,142.09,28493937.0
1720324800,142.09,142.09,138.09,139.09,25742084.23
1720339200,139.09,140.64,138.78,139.9,8649434.5
1720353600,139.9,140.77,135.54,137.04,29114438.07
1720368000,137.04,139.57,136.8,137.32,20228827.91
1720382400,137.32,137.83,131.2,131.59,39481953.99
1720396800,131.59,132.92,127.87,130.77,48438981.91
1720411200,130.77,133.94,129.95,132.6,16916551.16
1720425600,132.6,141.81,132.39,140.56,45237543.09
1720440000,140.56,141.86,133.72,137.37,67473003.24
1720454400,137.37,138.53,135.09,138.34,29511097.0
1720468800,138.34,141.06,137.35,139.78,33450221.24
1720483200,139.78,141.11,136.47,140.4,28237321.630000003
1720497600,140.4,143.42,140.07,142.1,29646109.62
1720512000,142.1,144.22,140.32,141.93,19262485.63
1720526400,141.93,143.05,138.62,140.53,25098034.9
1720540800,140.53,143.07,140.13,142.12,37428191.79
1720555200,142.12,143.47,140.89,141.42,17034866.98
1720569600,141.42,141.81,138.61,141.76,16793907.59
1720584000,141.76,146.26,141.74,144.2,39401210.4
1720598400,144.2,144.49,142.32,142.79,15000541.69
1720612800,142.79,143.16,139.96,141.15,34083082.3
1720627200,141.15,142.56,140.32,141.09,15754670.15
1720641600,141.09,142.46,140.18,142.01,12252086.82
1720656000,142.01,143.16,139.14,140.29,18901512.66
1720670400,140.29,142.49,140.11,142.1,10698053.27
1720684800,142.1,143.95,142.1,143.55,16400126.25
1720699200,143.55,145.93,137.77,138.46,68788142.30000001
1720713600,138.46,139.01,136.45,136.57,29119254.07
1720728000,136.57,137.52,135.7,135.71,34818598.06
1720742400,135.71,138.15,134.1,136.54,33990965.92
1720756800,136.54,137.04,134.59,135.43,13453680.12
1720771200,135.43,135.88,133.99,135.65,10295956.39
1720785600,135.65,139.34,135.54,138.87,42760667.98
1720800000,138.87,140.64,137.83,138.53,38569600.63
1720814400,138.53,139.57,136.68,139.55,14461375.88
1720828800,139.55,139.94,138.31,138.83,8888281.42
1720843200,138.83,139.52,138.04,139.4,4565839.62
1720857600,139.4,140.93,138.52,140.14,8029238.470000001
1720872000,140.14,140.61,139.33,140.4,10242682.48
1720886400,140.4,140.9,139.29,139.88,14213675.43
1720900800,139.88,143.58,139.18,141.95,36939175.26
1720915200,141.95,145.17,141.94,144.04,39346391.61
1720929600,144.04,145.99,144.0,144.88,19830839.07
1720944000,144.88,146.98,144.79,144.93,18598138.12
1720958400,144.93,146.06,143.52,145.96,21660736.91
1720972800,145.96,146.02,144.64,145.26,10391597.97
1720987200,145.26,148.58,145.16,147.72,30454440.39
1721001600,147.72,152.16,147.11,151.5,52064153.23
1721016000,151.5,154.13,150.86,153.33,26884574.59
1721030400,153.33,154.09,151.03,151.69,19586751.54
1721044800,151.69,154.22,151.67,153.03,29799414.46
1721059200,153.03,157.2,152.69,155.52,56772699.04
1721073600,155.52,160.06,155.45,159.54,47948149.83
1721088000,159.54,160.21,156.28,157.95,39598384.67
1721102400,157.95,158.79,153.81,154.53,33407797.96
1721116800,154.53,157.64,152.66,157.39,30136337.71
1721131200,157.39,161.61,154.55,161.06,43829947.95999999
1721145600,161.06,162.61,159.01,161.99,51514493.43
1721160000,161.99,162.06,159.11,160.65,51249695.62
1721174400,160.65,163.8,160.16,161.0,51378148.75
1721188800,161.0,162.63,160.17,160.64,37780512.45
1721203200,160.64,163.66,159.68,160.85,21714975.13
1721217600,160.85,162.04,157.86,158.15,30808320.19
1721232000,158.15,158.3,154.61,156.86,46022407.35
1721246400,156.86,157.27,154.93,155.5,16174268.99
1721260800,155.5,159.87,155.5,158.94,18299271.33
1721275200,158.94,159.97,157.11,158.68,17319155.3
1721289600,158.68,159.87,158.2,159.45,8595498.92
1721304000,159.45,161.61,156.05,156.38,33474618.19
1721318400,156.38,157.67,155.2,156.94,32115261.78
1721332800,156.94,160.28,156.34,159.2,24530761.970000003
1721347200,159.2,161.94,156.21,161.81,22837977.66
1721361600,161.81,165.53,159.85,161.45,47939990.91
1721376000,161.45,163.38,159.02,162.63,44178158.49
1721390400,162.63,169.05,162.3,168.84,118599259.34
1721404800,168.84,172.37,168.37,170.55,65771878.29
1721419200,170.55,170.66,168.01,169.2,22320304.13
1721433600,169.2,171.91,168.41,169.66,24786842.04
1721448000,169.66,170.43,168.64,168.68,10196701.34
1721462400,168.68,169.91,167.76,168.1,9528603.94
1721476800,168.1,169.79,167.34,169.35,19678675.75
1721491200,169.35,174.63,169.06,172.52,62841650.010000005
1721505600,172.52,175.03,172.52,173.68,26400755.64
1721520000,173.68,175.49,172.87,173.23,18050770.32
1721534400,173.23,173.8,171.09,171.36,18187383.37
1721548800,171.36,173.04,171.17,172.92,11842232.56
1721563200,172.92,176.61,171.52,175.48,23562775.24
1721577600,175.48,178.12,170.56,178.06,70695376.91
1721592000,178.06,185.03,177.53,184.5,92554493.7
1721606400,184.5,184.92,180.78,180.98,38286033.24
1721620800,180.98,181.8,177.72,178.46,22269561.53
1721635200,178.46,180.9,176.81,180.65,19608749.76
1721649600,180.65,181.84,177.04,179.86,47996665.18
1721664000,179.86,183.09,178.73,182.89,32148362.0
1721678400,182.89,183.38,177.2,178.98,30496678.84
1721692800,178.98,180.59,177.2,179.11,23281617.8
1721707200,179.11,179.13,173.83,176.03,29993321.71
1721721600,176.03,178.69,174.2,175.69,29942898.88
1721736000,175.69,178.75,172.24,176.63,50458686.21
1721750400,176.63,177.02,170.49,172.04,58556138.35
1721764800,172.04,174.78,171.27,172.93,25460663.66
1721779200,172.93,174.5,171.0,173.69,21263160.82
1721793600,173.69,174.55,172.27,174.21,7930945.3
1721808000,174.21,178.45,173.7,177.82,38769827.97
1721822400,177.82,181.93,176.33,177.76,72231913.68
1721836800,177.76,182.49,176.5,178.16,79793888.05
1721851200,178.16,180.22,175.88,178.03,34116123.54
1721865600,178.03,179.58,168.43,170.56,75824720.74
1721880000,170.56,172.87,169.32,169.34,41485375.14
1721894400,169.34,171.15,166.95,168.84,40269011.1
1721908800,168.84,171.99,165.71,170.33,69391427.85
1721923200,170.33,172.49,166.66,168.06,48021673.64
1721937600,168.06,172.82,165.37,171.83,47794051.26
1721952000,171.83,176.88,171.75,175.71,39469258.84
1721966400,175.71,177.69,175.65,176.78,21154124.0
1721980800,176.78,179.98,176.78,178.83,28646062.6
1721995200,178.83,183.49,177.54,181.55,91774503.21
1722009600,181.55,182.95,180.74,182.22,40621176.92
1722024000,182.22,183.62,181.14,183.08,26013508.37
1722038400,183.08,184.29,181.37,182.69,22773976.73
1722052800,182.69,186.17,182.59,185.88,37515083.47
1722067200,185.88,187.33,184.34,185.43,23508140.24
1722081600,185.43,188.28,181.62,182.55,48724917.07000001
1722096000,182.55,183.45,179.27,181.5,47414014.48
1722110400,181.5,186.73,178.16,183.77,90749383.6
1722124800,183.77,186.62,182.45,184.34,26664510.54
1722139200,184.34,184.84,181.19,183.86,25760370.78
1722153600,183.86,185.82,183.01,185.26,15570427.64
1722168000,185.26,186.57,183.78,184.14,27311645.03
1722182400,184.14,185.5,183.15,184.79,15682314.25
1722196800,184.79,185.42,182.62,184.91,16710572.260000002
1722211200,184.91,193.31,184.42,192.24,93744215.45
1722225600,192.24,193.87,191.15,192.31,33743638.7
1722240000,192.31,192.37,190.35,190.83,29792130.05
1722254400,190.83,193.12,185.63,186.92,81494829.06
1722268800,186.92,187.4,184.12,186.84,62321571.27
1722283200,186.84,186.89,181.63,182.52,58750247.75
1722297600,182.52,183.76,179.33,182.53,43618881.62
1722312000,182.53,184.63,181.28,182.31,51199461.28
1722326400,182.31,182.77,180.1,181.0,15369812.489999998
1722340800,181.0,182.6,178.7,180.98,72761885.18
1722355200,180.98,181.45,176.28,177.89,45129358.04
1722369600,177.89,179.91,175.39,179.1,32562962.06
1722384000,179.1,181.52,178.07,180.93,26039604.69
1722398400,180.93,183.73,178.07,183.03,37838858.47
1722412800,183.03,184.39,181.22,181.61,31022069.68
1722427200,181.61,184.2,179.73,179.99,64183609.56
1722441600,179.99,182.55,174.91,176.46,81047453.97999999
1722456000,176.46,176.9,171.58,171.64,75802516.03999999
1722470400,171.64,172.88,168.42,168.55,92977010.09
1722484800,168.55,169.65,165.96,168.15,46448373.44
1722499200,168.15,169.82,167.97,169.63,22606591.64
1722513600,169.63,171.33,161.21,162.6,119034538.7
1722528000,162.6,162.83,157.79,162.26,102358091.09
1722542400,162.26,168.31,161.07,167.26,64123339.2
1722556800,167.26,169.28,161.42,164.19,40588160.93
1722571200,164.19,165.1,159.0,161.3,35125276.97
1722585600,161.3,165.23,160.31,164.24,43805372.51
1722600000,164.24,167.49,152.7,156.63,140095836.79
1722614400,156.63,157.26,149.84,151.11,79113468.97
1722628800,151.11,154.87,149.82,152.58,69899895.78999999
1722643200,152.58,153.8,148.46,153.35,53655710.31
1722657600,153.35,153.37,151.06,151.53,17641917.8
1722672000,151.53,152.45,148.24,152.25,26950802.12
1722686400,152.25,153.42,145.96,146.11,39392114.120000005
1722700800,146.11,147.41,139.84,140.36,97360167.6
1722715200,140.36,143.87,140.02,142.46,47574815.93
1722729600,142.46,145.96,141.86,144.27,29084256.64
1722744000,144.27,144.35,140.54,140.76,21170413.93
1722758400,140.76,144.41,139.53,143.45,26336387.38
1722772800,143.45,145.04,134.9,135.09,80652674.77
1722787200,135.09,142.86,131.31,141.99,151418715.93
1722801600,141.99,143.88,137.31,138.24,56866248.19
1722816000,138.24,139.24,121.89,126.1,276739379.56
1722830400,126.1,130.05,110.02,122.95,271145002.02
1722844800,122.95,123.92,110.56,116.03,157719285.24
1722859200,116.03,132.8,110.07,130.53,284564396.28
1722873600,130.53,135.54,126.79,128.74,159595187.59
1722888000,128.74,135.23,128.41,129.81,90192569.85
1722902400,129.81,141.17,129.44,138.71,107205482.48
1722916800,138.71,144.07,137.63,142.1,60524155.76
1722931200,142.1,142.14,136.51,139.59,52979868.61
1722945600,139.59,146.36,136.19,145.96,105782675.75
1722960000,145.96,148.47,145.05,146.44,77814161.53
1722974400,146.44,149.54,143.36,144.51,72628232.49
1722988800,144.51,151.8,142.47,151.72,84952394.59
1723003200,151.72,155.05,150.65,152.51,72394128.72
1723017600,152.51,154.93,150.85,151.74,58619382.98
1723032000,151.74,154.58,146.32,148.42,101669571.19
1723046400,148.42,149.44,142.36,143.16,88472097.9
1723060800,143.16,147.54,142.37,144.71,65134890.93
1723075200,144.71,156.32,141.45,153.1,114373180.42
1723089600,153.1,155.54,151.46,153.65,73194347.23
1723104000,153.65,155.67,153.06,154.2,30955870.21
1723118400,154.2,160.74,152.63,160.65,135047924.2
1723132800,160.65,162.86,155.26,155.88,89223370.49000001
1723147200,155.88,163.66,155.46,163.18,99885006.73
1723161600,163.18,163.56,158.31,158.95,82947970.43
1723176000,158.95,159.52,155.1,157.96,48595908.44
1723190400,157.96,159.64,155.39,156.7,34878128.379999995
1723204800,156.7,157.33,151.16,151.16,81464486.09
1723219200,151.16,154.34,150.84,153.66,51949534.73
1723233600,153.66,157.31,151.54,156.32,48908289.74
1723248000,156.32,158.77,153.41,154.2,52441690.75
1723262400,154.2,155.45,152.67,155.45,11787264.24
1723276800,155.45,155.85,153.63,154.84,14062233.71
1723291200,154.84,155.24,152.88,154.03,15516496.81
1723305600,154.03,155.33,153.07,154.55,14608276.52
1723320000,154.55,155.16,153.72,154.05,12428033.5
1723334400,154.05,156.97,153.74,155.72,14599182.03
1723348800,155.72,156.84,154.87,156.69,7668573.81
1723363200,156.69,157.99,153.11,153.74,14211312.2
1723377600,153.74,153.81,148.06,148.76,59115704.74
1723392000,148.76,149.8,145.65,145.77,36075238.66
1723406400,145.77,145.84,141.26,141.57,75332987.03999999
1723420800,141.57,144.81,141.27,143.95,29440323.24
1723435200,143.95,146.76,142.28,146.0,22327830.54
1723449600,146.0,150.97,143.66,150.34,63086129.32
1723464000,150.34,150.47,143.05,147.64,74896466.33
1723478400,147.64,148.18,143.02,143.72,38321747.31
1723492800,143.72,147.45,141.87,146.37,34597831.56
1723507200,146.37,147.32,143.01,143.71,26295063.17
1723521600,143.71,147.05,143.1,146.02,12728931.15
1723536000,146.02,146.39,143.34,145.84,20673349.95
1723550400,145.84,147.65,144.79,146.11,33977290.61
1723564800,146.11,149.88,144.97,146.6,48724690.66
1723579200,146.6,147.96,145.78,146.71,15420182.02
1723593600,146.71,147.27,143.68,145.2,21764642.42
1723608000,145.2,145.77,144.27,145.74,9561883.8
1723622400,145.74,149.59,144.97,148.1,39940159.45
1723636800,148.1,152.17,144.67,146.71,101441604.56
1723651200,146.71,147.27,143.82,144.28,31711915.99
1723665600,144.28,144.72,142.48,143.79,24079605.44
1723680000,143.79,145.42,143.23,144.7,20428760.28
1723694400,144.7,144.87,141.08,142.48,32718837.950000003
1723708800,142.48,143.5,141.36,143.15,17387231.84
1723723200,143.15,146.48,142.12,146.0,44005239.51
1723737600,146.0,147.58,137.86,140.01,95152815.16
1723752000,140.01,144.88,138.79,142.57,70288813.0
1723766400,142.57,144.34,140.73,142.03,41019902.54
1723780800,142.03,144.8,141.63,144.57,13026311.39
1723795200,144.57,144.85,141.84,142.01,12378978.01
1723809600,142.01,142.59,136.34,137.98,68077798.64
1723824000,137.98,141.49,136.12,140.98,46628347.6
1723838400,140.98,141.93,139.07,139.1,19993211.47
1723852800,139.1,140.33,137.69,138.92,14211695.2
1723867200,138.92,139.77,138.69,139.46,4720046.83
1723881600,139.46,140.17,138.17,139.17,8401023.030000001
1723896000,139.17,141.68,138.98,140.19,17218362.38
1723910400,140.19,141.63,140.15,141.08,14452498.41
1723924800,141.08,142.0,140.74,141.94,8029404.17
1723939200,141.94,143.23,141.09,141.22,22183705.41
1723953600,141.22,141.98,140.65,141.54,4677282.0
1723968000,141.54,146.89,141.35,144.63,42587938.07
1723982400,144.63,146.7,144.05,145.81,72788843.55
1723996800,145.81,146.64,144.38,146.45,29320925.94
1724011200,146.45,147.07,142.36,142.45,26060510.07
1724025600,142.45,143.44,141.59,143.23,18953462.53
1724040000,143.23,143.51,141.97,142.33,8441821.98
1724054400,142.33,143.32,140.46,142.37,16747280.62
1724068800,142.37,144.67,141.73,143.97,29643942.28
1724083200,143.97,146.2,142.65,142.98,32605078.14
1724097600,142.98,144.56,142.78,144.34,20337701.41
1724112000,144.34,147.9,143.54,145.63,39453960.91
1724126400,145.63,148.86,145.54,147.47,33816780.410000004
1724140800,147.47,147.75,145.26,145.44,13485875.66
1724155200,145.44,146.44,141.03,142.18,47995329.900000006
1724169600,142.18,144.35,141.69,144.03,20537688.76
1724184000,144.03,144.48,142.25,142.3,21483228.83
1724198400,142.3,143.09,141.63,142.55,14601307.98
1724212800,142.55,143.81,142.28,143.17,13029198.9
1724227200,143.17,143.49,141.04,141.35,16562012.9
1724241600,141.35,142.46,138.87,140.37,57166229.88
1724256000,140.37,143.71,139.69,143.47,36434293.59
1724270400,143.47,144.41,142.14,142.8,37051213.37
1724284800,142.8,143.27,140.72,141.77,18727738.01
1724299200,141.77,143.66,141.49,143.37,6698173.55
1724313600,143.37,144.74,142.73,144.58,20079131.95
1724328000,144.58,144.86,142.08,142.68,33021295.8
1724342400,142.68,143.57,142.45,142.72,11845393.78
1724356800,142.72,143.75,142.71,143.25,12053079.87
1724371200,143.25,145.68,143.21,144.5,19321618.27
1724385600,144.5,145.89,144.42,145.15,21741749.03
1724400000,145.15,145.49,143.45,143.5,17312907.05
1724414400,143.5,147.06,142.81,144.4,48599690.0
1724428800,144.4,150.22,144.12,149.77,63925265.2
1724443200,149.77,154.1,149.74,153.36,55444455.44
1724457600,153.36,154.63,152.08,153.32,30701317.05
1724472000,153.32,155.41,153.26,154.72,16282241.55
1724486400,154.72,158.75,154.44,157.41,34892334.24
1724500800,157.41,159.82,157.05,159.55,43329753.44
1724515200,159.55,162.32,159.48,160.62,62573505.54000001
1724529600,160.62,161.18,157.36,160.72,42225755.47
1724544000,160.72,160.74,157.41,158.31,19820085.25
1724558400,158.31,159.1,155.33,156.21,26280618.97
1724572800,156.21,157.93,155.82,157.36,14014837.87
1724587200,157.36,159.94,157.02,159.38,18906166.0
1724601600,159.38,160.36,158.58,159.15,17397399.189999998
1724616000,159.15,161.98,158.53,158.99,30175432.42
1724630400,158.99,160.21,157.58,160.16,23974084.66
1724644800,160.16,161.12,158.43,159.18,17791939.59
1724659200,159.18,161.97,158.58,160.4,20322359.02
1724673600,160.4,161.66,155.97,157.71,49243123.36
1724688000,157.71,159.36,155.64,158.01,33558816.47
1724702400,158.01,159.32,156.51,157.15,23428921.83
1724716800,157.15,159.04,157.08,158.56,18506413.06
1724731200,158.56,159.69,157.4,157.73,11373211.21
1724745600,157.73,158.0,153.43,154.24,23382750.07
1724760000,154.24,155.76,152.86,153.74,46750480.56
1724774400,153.74,155.54,153.25,154.91,28381738.55
1724788800,154.91,155.02,145.08,146.85,94972195.3
1724803200,146.85,148.28,145.42,148.2,24854487.21
1724817600,148.2,148.78,143.78,143.93,29023765.04
1724832000,143.93,148.05,142.86,147.2,30822034.09
1724846400,147.2,148.63,143.29,144.15,53064808.49
1724860800,144.15,145.57,140.59,144.26,59317501.88
1724875200,144.26,146.29,141.68,143.93,25436936.21
1724889600,143.93,145.0,143.08,143.33,15107187.55
1724904000,143.33,145.33,143.26,144.72,10928421.39
1724918400,144.72,146.86,144.46,145.72,18249023.71
1724932800,145.72,147.33,144.77,146.17,24154609.63
1724947200,146.17,146.82,138.62,140.29,52269516.56
1724961600,140.29,141.36,138.15,140.05,39876868.43
1724976000,140.05,141.1,138.45,138.77,22405618.8
1724990400,138.77,139.88,137.25,139.03,23857312.91
1725004800,139.03,140.01,138.41,138.66,6686163.5
1725019200,138.66,140.68,132.57,133.3,66204767.69
1725033600,133.3,137.79,132.14,135.92,50378336.77
1725048000,135.92,138.48,135.69,138.0,18567390.74
1725062400,138.0,139.16,137.53,138.3,10691773.28
1725076800,138.3,138.74,137.44,137.62,4722051.08
1725091200,137.62,137.86,135.87,137.0,8173661.57
1725105600,137.0,137.3,135.58,136.64,7235664.72
1725120000,136.64,136.67,134.63,135.01,10361318.69
1725134400,135.01,136.29,134.55,135.34,7273780.07
1725148800,135.34,135.59,132.9,134.08,12571017.84
1725163200,134.08,134.09,131.15,132.75,23359283.200000003
1725177600,132.75,132.76,130.26,131.89,34325904.72
1725192000,131.89,134.79,130.09,134.24,24160882.090000004
1725206400,134.24,135.85,131.89,135.25,27177194.25
1725220800,135.25,136.08,127.83,128.53,39130795.0
1725235200,128.53,130.63,128.33,130.17,22553912.67
1725249600,130.17,130.29,127.02,127.61,42769100.05
1725264000,127.61,132.87,127.27,131.81,25471671.2
1725278400,131.81,133.41,130.04,132.54,24527145.27
1725292800,132.54,133.83,131.77,133.04,17518602.84
1725307200,133.04,135.37,132.82,134.96,21920266.98
1725321600,134.96,137.39,134.21,135.51,26297629.65
1725336000,135.51,135.85,133.5,134.59,14874543.16
1725350400,134.59,134.6,132.85,134.37,13078476.34
1725364800,134.37,135.43,129.33,129.76,44633303.66
1725379200,129.76,132.19,129.34,130.89,24332845.44
1725393600,130.89,131.55,127.09,127.52,30793731.87
1725408000,127.52,128.82,122.73,127.71,68393069.89
1725422400,127.71,131.36,126.59,130.34,40383992.29
1725436800,130.34,130.64,128.13,128.44,12752928.73
1725451200,128.44,134.09,127.91,133.86,54254443.91
1725465600,133.86,134.95,132.62,133.17,51533195.68
1725480000,133.17,134.63,132.89,133.61,11274814.45
1725494400,133.61,134.4,131.32,131.57,12233210.73
1725508800,131.57,134.2,130.87,133.06,15501401.24
1725523200,133.06,133.77,131.72,132.79,9650112.72
1725537600,132.79,135.41,130.19,130.6,42701421.25
1725552000,130.6,131.08,127.93,128.41,43248592.0
1725566400,128.41,129.82,128.17,129.39,12893214.12
1725580800,129.39,131.49,128.65,130.68,12767172.94
1725595200,130.68,131.12,127.28,128.04,31934768.37
1725609600,128.04,130.99,127.96,130.23,28542907.69
1725624000,130.23,134.34,126.89,128.0,102987520.35
1725638400,128.0,128.2,123.84,125.06,80761004.72
1725652800,125.06,125.89,120.62,125.02,63279428.82
1725667200,125.02,125.74,124.15,125.16,15981532.69
1725681600,125.16,128.38,125.11,127.63,14557002.65
1725696000,127.63,127.72,126.76,127.02,6079081.43
1725710400,127.02,129.46,126.95,128.88,11853120.76
1725724800,128.88,129.13,126.3,128.36,16522109.6
1725739200,128.36,128.41,126.46,127.7,8957388.17
1725753600,127.7,128.47,126.87,128.23,9046176.79
1725768000,128.23,130.05,127.85,129.57,7619405.71
1725782400,129.57,130.95,129.2,130.09,17467407.919999998
1725796800,130.09,130.22,126.64,126.74,14996574.65
1725811200,126.74,129.28,126.66,128.71,12524804.7
1725825600,128.71,131.64,128.34,130.1,21477469.32
1725840000,130.1,131.01,127.96,128.62,20047824.89
1725854400,128.62,129.35,127.56,129.29,9461708.41
1725868800,129.29,130.93,129.23,129.42,16530115.83
1725883200,129.42,130.12,127.0,128.39,29621051.07
1725897600,128.39,135.02,128.32,135.02,70537766.1
1725912000,135.02,137.05,133.78,135.08,37585215.2
1725926400,135.08,135.19,132.83,132.93,22850948.43
1725940800,132.93,135.25,132.57,134.97,11815264.8
1725955200,134.97,135.45,134.05,135.25,12363770.53
1725969600,135.25,136.32,133.38,134.19,27408922.68
1725984000,134.19,137.95,133.78,136.75,38206924.79
1725998400,136.75,136.76,135.2,135.63,12919062.41
1726012800,135.63,135.9,133.35,133.58,18269919.19
1726027200,133.58,133.58,131.11,132.41,20192574.7
1726041600,132.41,132.43,130.42,131.97,13000441.1
1726056000,131.97,133.31,128.22,131.14,47195928.47
1726070400,131.14,133.54,131.08,132.81,34821497.28
1726084800,132.81,133.15,132.09,132.43,14260071.33
1726099200,132.43,136.01,132.4,135.68,33215426.770000003
1726113600,135.68,136.23,134.34,134.92,12201599.61
1726128000,134.92,135.37,134.23,134.81,9306561.45
1726142400,134.81,136.72,133.47,133.53,27163487.05
1726156800,133.53,135.76,133.49,135.76,25579653.01
1726171200,135.76,136.72,135.1,136.07,34728619.21
1726185600,136.07,136.19,134.4,134.46,9351237.06
1726200000,134.46,134.85,133.74,134.58,10016153.489999998
1726214400,134.58,134.65,132.56,132.59,14639927.01
1726228800,132.59,136.71,131.76,136.6,38305918.67
1726243200,136.6,138.29,136.04,138.07,49846380.870000005
1726257600,138.07,139.89,138.01,139.14,36799306.48
1726272000,139.14,139.87,138.59,139.5,12200406.44
1726286400,139.5,139.61,137.52,137.56,17865299.520000003
1726300800,137.56,137.61,136.6,136.85,6600229.98
1726315200,136.85,138.17,136.63,137.42,9845387.010000002
1726329600,137.42,137.91,135.7,136.64,15768736.27
1726344000,136.64,137.37,136.63,137.17,4975246.91
1726358400,137.17,137.96,137.13,137.51,6826067.45
1726372800,137.51,137.56,136.88,137.16,4612826.54
1726387200,137.16,137.17,135.24,135.6,16568567.02
1726401600,135.6,136.35,134.73,135.8,17254264.66
1726416000,135.8,135.84,133.02,133.49,31536001.41
1726430400,133.49,133.51,130.53,131.42,28416749.29
1726444800,131.42,131.81,129.33,130.62,17802155.64
1726459200,130.62,131.39,130.44,131.25,10763827.03
1726473600,131.25,132.33,130.71,131.89,13510124.44
1726488000,131.89,132.29,130.01,131.47,18227447.89
1726502400,131.47,131.74,128.91,131.09,37534544.13
1726516800,131.09,131.87,129.97,131.45,16153983.27
1726531200,131.45,131.95,130.34,131.14,13615688.91
1726545600,131.14,132.83,130.77,132.26,7298967.09
1726560000,132.26,133.35,131.78,131.97,19627167.38
1726574400,131.97,135.52,130.97,134.62,49081207.67
1726588800,134.62,134.92,131.14,132.23,31280028.76
1726603200,132.23,132.69,131.2,131.56,13684617.62
1726617600,131.56,132.13,130.27,131.7,14185101.36
1726632000,131.7,131.84,130.65,131.36,7017500.83
1726646400,131.36,131.36,128.14,129.42,16781063.689999998
1726660800,129.42,130.31,127.15,127.68,31837584.46
1726675200,127.68,133.01,127.32,129.48,70861316.13
1726689600,129.48,134.41,128.57,134.34,27614176.48
1726704000,134.34,138.66,134.32,138.02,59503534.7
1726718400,138.02,139.15,137.67,138.59,42281382.31
1726732800,138.59,139.66,138.32,139.53,32950058.39
1726747200,139.53,143.06,139.51,142.98,87856155.53
1726761600,142.98,144.0,142.54,143.09,46598679.63
1726776000,143.09,143.79,141.14,142.9,39484039.32
1726790400,142.9,144.67,141.23,144.65,22175762.83
1726804800,144.65,152.36,144.51,151.06,74845793.62
1726819200,151.06,151.75,150.04,150.6,30662333.69
1726833600,150.6,151.13,145.93,147.89,72289921.3
1726848000,147.89,148.39,144.81,146.71,38791376.23
1726862400,146.71,147.98,146.33,146.66,17452803.82
1726876800,146.66,147.97,145.06,146.0,14940306.65
1726891200,146.0,147.7,144.65,147.43,11555411.46
1726905600,147.43,147.93,146.49,147.22,9250817.68
1726920000,147.22,149.39,146.75,147.67,25272416.96
1726934400,147.67,148.79,147.25,147.39,15179487.77
1726948800,147.39,149.85,147.25,149.46,13378174.39
1726963200,149.46,149.9,147.14,148.11,16726499.05
1726977600,148.11,148.99,146.43,147.17,11433207.01
1726992000,147.17,147.57,144.18,144.86,15400687.67
1727006400,144.86,145.16,142.69,143.17,26757202.7
1727020800,143.17,145.42,142.51,144.68,20481834.42
1727035200,144.68,145.75,141.18,144.68,32585812.6
1727049600,144.68,149.05,142.19,147.75,37188461.59
1727064000,147.75,148.21,145.19,145.49,20740880.85
1727078400,145.49,145.59,143.12,143.55,17585112.6
1727092800,143.55,145.42,142.61,144.23,43315488.82
1727107200,144.23,144.97,142.79,143.34,21342846.7
1727121600,143.34,145.23,142.47,144.77,37523358.67
1727136000,144.77,146.88,143.13,146.64,50332369.1
1727150400,146.64,147.33,145.39,147.2,23787955.1
1727164800,147.2,148.89,145.98,146.45,29652918.470000003
1727179200,146.45,148.52,144.22,145.52,35429680.54
1727193600,145.52,148.52,145.35,148.31,32486015.9
1727208000,148.31,153.93,148.04,152.72,81549344.71
1727222400,152.72,153.88,151.11,151.99,42345110.34
1727236800,151.99,152.21,149.0,149.76,22725791.62
1727251200,149.76,150.99,149.46,150.94,14941319.66
1727265600,150.94,152.95,149.78,150.41,35868041.370000005
1727280000,150.41,151.98,148.88,149.96,32826369.130000003
1727294400,149.96,150.84,147.3,147.97,23198029.93
1727308800,147.97,149.5,146.59,149.19,23340657.52
1727323200,149.19,151.84,148.68,151.78,18546586.12
1727337600,151.78,153.12,150.5,152.92,25980867.96
1727352000,152.92,157.99,151.38,157.13,97026866.85
1727366400,157.13,158.03,155.44,155.6,49439823.42
1727380800,155.6,156.41,154.02,155.58,30550987.66
1727395200,155.58,156.41,154.01,155.7,31249499.13
1727409600,155.7,158.86,155.66,157.53,28166995.08
1727424000,157.53,159.22,155.8,156.11,34004943.89
1727438400,156.11,161.24,155.59,159.1,77997705.62
1727452800,159.1,159.62,157.14,157.63,51551765.79
1727467200,157.63,158.54,157.36,157.64,14421401.95
1727481600,157.64,159.4,157.64,158.67,13360539.03
1727496000,158.67,158.87,156.29,156.43,16092844.670000002
1727510400,156.43,157.56,155.08,157.18,18558185.16
1727524800,157.18,158.04,156.29,156.89,13978874.86
1727539200,156.89,157.35,156.43,156.89,13537073.14
1727553600,156.89,157.06,155.68,156.78,14983417.02
1727568000,156.78,158.51,156.27,157.78,22510678.13
1727582400,157.78,158.17,155.12,155.47,20112436.53
1727596800,155.47,156.88,155.16,156.78,19278663.88
1727611200,156.78,157.59,155.73,157.27,17705198.259999998
1727625600,157.27,159.69,156.68,159.44,21727245.74
1727640000,159.44,161.73,157.96,158.52,42396493.02
1727654400,158.52,159.73,155.38,156.19,31845773.82
1727668800,156.19,157.7,155.24,156.88,15876826.49
1727683200,156.88,156.94,153.75,155.61,32061976.95
1727697600,155.61,157.31,154.14,154.16,28647436.53
1727712000,154.16,155.66,153.96,154.97,24583462.44
1727726400,154.97,156.89,151.74,152.55,34031490.04
1727740800,152.55,155.14,151.45,155.0,40395977.06
1727755200,155.0,157.03,154.79,156.79,26911103.56
1727769600,156.79,157.3,156.03,156.49,13229782.39
1727784000,156.49,156.63,146.17,149.61,126965198.35
1727798400,149.61,149.91,142.6,145.37,87486207.63000001
1727812800,145.37,146.38,142.28,145.15,50598661.86
1727827200,145.15,148.0,143.45,147.21,28744902.9
1727841600,147.21,148.95,146.21,147.78,24502448.78
1727856000,147.78,148.42,145.12,146.12,17863016.1
1727870400,146.12,147.69,142.76,147.48,45954647.57
1727884800,147.48,148.47,138.63,140.0,108811790.12
1727899200,140.0,141.66,138.64,140.17,37690024.16
1727913600,140.17,142.93,138.67,142.89,43972759.38
1727928000,142.89,142.89,139.91,139.93,15166896.21
1727942400,139.93,140.05,135.27,136.85,49115291.43
1727956800,136.85,138.5,133.12,135.57,96245623.06
1727971200,135.57,137.42,133.65,137.33,32367657.83
1727985600,137.33,137.87,135.3,136.79,22311671.99
1728000000,136.79,138.67,135.95,137.33,24028101.91
1728014400,137.33,139.72,137.28,139.54,17547318.7
1728028800,139.54,140.98,139.18,140.1,26824198.54
1728043200,140.1,142.58,138.15,142.42,60513892.78
1728057600,142.42,144.51,141.84,143.88,53526167.26
1728072000,143.88,144.59,142.63,143.19,33607392.77
1728086400,143.19,144.05,141.75,141.81,16522139.6
1728100800,141.81,144.53,141.59,143.79,15408100.32
1728115200,143.79,144.89,143.36,143.42,10130964.56
1728129600,143.42,144.14,142.57,142.91,13414575.54
1728144000,142.91,143.02,142.03,142.14,11561449.81
1728158400,142.14,142.96,141.07,142.64,10707039.38
1728172800,142.64,143.62,142.05,142.7,10204938.06
1728187200,142.7,143.37,142.09,142.98,7644893.83
1728201600,142.98,144.26,142.63,144.07,6655059.07
1728216000,144.07,146.6,143.98,145.99,22298452.69
1728230400,145.99,146.47,144.89,145.45,23942968.59
1728244800,145.45,146.71,144.35,146.48,16892468.28
1728259200,146.48,150.97,145.99,149.88,57887834.94
1728273600,149.88,150.47,147.96,148.02,15830431.81
1728288000,148.02,149.17,145.67,147.35,22607069.36
1728302400,147.35,152.25,146.37,148.69,65360664.58
1728316800,148.69,149.38,145.55,147.02,36847003.18
1728331200,147.02,147.22,143.5,143.95,39644224.49
1728345600,143.95,145.52,143.49,144.65,19049776.99
1728360000,144.65,144.97,142.19,143.05,18504175.83
1728374400,143.05,144.5,142.69,144.42,14083481.53
1728388800,144.42,145.45,141.16,142.74,42552335.2
1728403200,142.74,143.98,141.72,143.67,17226325.17
1728417600,143.67,144.56,142.59,143.42,13879867.82
1728432000,143.42,145.24,143.05,143.89,19008941.11
1728446400,143.89,144.22,142.67,143.11,10989297.52
1728460800,143.11,143.38,142.16,143.07,26290056.29
1728475200,143.07,143.19,140.13,142.69,39872220.34
1728489600,142.69,142.75,139.81,140.97,26858613.130000003
1728504000,140.97,140.97,138.58,139.22,20422904.44
1728518400,139.22,140.23,137.59,139.75,18353424.15
1728532800,139.75,140.72,139.39,139.59,10719654.83
1728547200,139.59,140.31,137.36,140.26,16566306.59
1728561600,140.26,140.54,136.1,138.5,38000194.23
1728576000,138.5,138.89,135.39,137.97,36807122.75
1728590400,137.97,138.94,137.08,138.93,17105051.3
1728604800,138.93,141.4,138.6,140.76,23838013.1
1728619200,140.76,141.97,140.55,141.09,13620668.09
1728633600,141.09,142.56,140.93,141.92,15958323.4
1728648000,141.92,145.46,141.82,144.39,67143257.78999999
1728662400,144.39,146.49,143.91,145.44,28843036.72
1728676800,145.44,146.36,145.12,145.47,14500595.18
1728691200,145.47,146.54,144.61,145.09,17325126.08
1728705600,145.09,145.92,145.09,145.51,6420651.16
1728720000,145.51,147.16,145.43,146.22,13238656.49
1728734400,146.22,147.25,145.72,146.04,16935175.86
1728748800,146.04,147.22,146.03,146.79,12798856.11
1728763200,146.79,147.17,146.33,146.36,7908759.18
1728777600,146.36,147.0,145.13,145.25,9083133.55
1728792000,145.25,146.93,145.22,146.36,4612130.02
1728806400,146.36,148.29,146.35,146.46,11495936.52
1728820800,146.46,147.98,144.47,145.32,17821872.82
1728835200,145.32,146.44,144.68,145.96,14581589.59
1728849600,145.96,148.76,145.66,147.68,21197886.14
1728864000,147.68,152.47,146.76,152.41,35966097.239999995
1728878400,152.41,153.23,150.81,152.96,30887237.7
1728892800,152.96,153.81,151.98,153.06,23146606.05
1728907200,153.06,157.96,152.52,156.67,64110076.86
1728921600,156.67,156.77,154.62,155.63,36403407.02
1728936000,155.63,157.99,155.39,157.52,25686843.0
1728950400,157.52,158.19,155.12,155.36,33534782.73
1728964800,155.36,156.24,153.68,155.03,15654759.89
1728979200,155.03,155.38,151.7,152.29,26431140.56
1728993600,152.29,159.45,150.37,153.25,101049735.76
1729008000,153.25,156.24,153.08,155.16,39458757.79
1729022400,155.16,155.23,152.37,154.74,29703132.95
1729036800,154.74,156.02,152.96,154.2,27855798.87
1729051200,154.2,154.89,153.03,153.62,17218495.89
1729065600,153.62,158.28,153.4,155.89,38668898.11
1729080000,155.89,156.84,153.89,155.66,47804277.64
1729094400,155.66,155.91,154.12,154.38,24780788.53
1729108800,154.38,155.09,153.63,154.22,22269559.26
1729123200,154.22,155.65,153.75,154.57,17172717.009999998
1729137600,154.57,154.74,151.59,152.56,19052528.41
1729152000,152.56,153.38,151.07,151.27,13649068.32
1729166400,151.27,153.15,150.83,152.82,37644374.27
1729180800,152.82,152.83,147.67,149.34,52257294.08
1729195200,149.34,150.89,149.27,150.43,15403278.03
1729209600,150.43,153.17,149.59,151.83,24369150.9
1729224000,151.83,154.17,151.83,153.85,13492582.81
1729238400,153.85,154.26,152.81,152.95,10177996.15
1729252800,152.95,155.18,152.13,154.73,31385081.53
1729267200,154.73,156.64,153.68,154.8,41283062.67
1729281600,154.8,155.14,153.82,154.92,17084880.71
1729296000,154.92,155.95,154.22,154.54,12954370.91
1729310400,154.54,155.09,154.16,154.55,5998083.890000001
1729324800,154.55,155.02,153.67,153.77,6488492.63
1729339200,153.77,157.46,153.76,156.49,15364011.55
1729353600,156.49,156.91,155.37,156.37,14782148.81
1729368000,156.37,159.74,156.15,159.68,28621571.34
1729382400,159.68,160.5,158.17,159.03,27897753.93
1729396800,159.03,160.59,158.59,158.78,13221349.69
1729411200,158.78,159.4,158.42,159.16,6468304.3
1729425600,159.16,161.41,157.62,159.97,29252423.95
1729440000,159.97,161.16,159.36,160.38,15116682.59
1729454400,160.38,167.88,160.17,167.36,75038787.28
1729468800,167.36,169.99,167.22,169.42,63239288.13
1729483200,169.42,171.55,168.47,168.58,33239887.95
1729497600,168.58,169.49,165.64,166.3,32581538.18
1729512000,166.3,166.93,161.4,165.2,80760341.21000001
1729526400,165.2,167.99,163.04,167.72,46492684.900000006
1729540800,167.72,168.06,166.04,166.14,34183038.19
1729555200,166.14,167.75,162.96,166.33,37185656.11
1729569600,166.33,168.81,166.14,166.97,18897738.61
1729584000,166.97,168.9,163.48,167.8,37677676.21
1729598400,167.8,170.89,164.78,167.71,77775976.67
1729612800,167.71,168.97,165.92,168.37,40033437.05
1729627200,168.37,169.07,166.83,167.44,21010960.76
1729641600,167.44,167.79,164.47,165.36,31145050.71
1729656000,165.36,166.27,164.23,165.57,21992692.75
1729670400,165.57,166.77,164.07,166.22,17302539.83
1729684800,166.22,169.34,164.89,167.97,50754585.74
1729699200,167.97,173.44,164.55,172.74,76435090.45
1729713600,172.74,174.0,169.83,170.67,55841104.620000005
1729728000,170.67,174.76,170.34,174.0,52864978.72
1729742400,174.0,174.99,172.59,173.37,26909047.22
1729756800,173.37,174.12,170.89,173.67,24241063.07
1729771200,173.67,176.9,173.58,175.28,64701739.17
1729785600,175.28,177.43,174.58,177.24,55123859.7
1729800000,177.24,179.1,176.42,177.07,44811287.97
1729814400,177.07,177.31,174.27,174.59,29459409.53
1729828800,174.59,174.91,171.45,171.75,32743859.96
1729843200,171.75,173.98,170.76,173.55,30004831.48
1729857600,173.55,177.41,171.26,172.33,56017396.03
1729872000,172.33,172.87,164.82,167.74,108665232.92
1729886400,167.74,168.49,159.14,164.65,87918743.59
1729900800,164.65,165.6,162.26,165.42,36873220.48
1729915200,165.42,168.9,165.16,167.19,22604821.93
1729929600,167.19,170.02,167.17,168.46,25371832.69
1729944000,168.46,169.25,167.11,168.39,20405410.45
1729958400,168.39,171.99,168.39,171.31,24794691.04
1729972800,171.31,172.97,170.43,170.67,30840363.06
1729987200,170.67,172.97,170.09,171.89,20997194.92
1730001600,171.89,173.22,171.45,173.04,12342501.84
1730016000,173.04,175.3,172.99,173.78,20863290.44
1730030400,173.78,176.83,173.78,175.54,36869552.47
1730044800,175.54,177.5,174.47,176.99,34729005.160000004
1730059200,176.99,178.01,176.4,176.47,28952305.14
1730073600,176.47,176.91,174.69,175.51,30736893.23
1730088000,175.51,176.41,172.91,175.49,33093159.62
1730102400,175.49,178.3,175.43,176.75,31279965.88
1730116800,176.75,177.7,173.21,173.28,51829189.05
1730131200,173.28,177.9,172.31,176.29,59565529.62
1730145600,176.29,179.55,175.71,178.15,55121386.03
1730160000,178.15,182.09,177.05,181.63,67132431.06
1730174400,181.63,182.57,179.36,179.97,42077542.27
1730188800,179.97,181.71,179.9,180.69,30864410.38
1730203200,180.69,180.87,178.19,180.61,70930598.0
1730217600,180.61,183.26,178.13,178.17,79471531.18
1730232000,178.17,180.16,176.36,179.38,43040173.7
1730246400,179.38,180.75,176.91,180.01,23987874.26
1730260800,180.01,181.19,178.18,178.61,16531082.26
1730275200,178.61,179.22,175.16,175.52,30879751.65
1730289600,175.52,177.18,173.17,173.93,56703436.73
1730304000,173.93,175.74,173.36,174.28,29862095.77
1730318400,174.28,176.94,173.14,174.85,32799542.56
1730332800,174.85,176.43,174.14,174.28,16608878.009999998
1730347200,174.28,175.9,173.18,174.48,25828978.54
1730361600,174.48,176.26,173.34,175.0,16276723.71
1730376000,175.0,175.36,169.34,170.55,65457958.13
1730390400,170.55,170.59,168.37,168.47,48781449.17
1730404800,168.47,170.07,167.38,168.45,35777636.11
1730419200,168.45,169.11,165.25,166.96,26141755.18
1730433600,166.96,167.41,164.94,165.8,11288632.88
1730448000,165.8,168.63,165.47,167.76,15726569.54
1730462400,167.76,173.9,163.64,164.09,84702963.22
1730476800,164.09,167.71,163.71,166.45,40055765.61
1730491200,166.45,166.98,163.88,166.05,19763410.0
1730505600,166.05,168.52,165.98,166.93,11436507.97
1730520000,166.93,167.59,165.62,167.55,8273345.890000001
1730534400,167.55,167.76,165.8,165.95,5853562.72
1730548800,165.95,166.31,162.11,163.79,26446282.93
1730563200,163.79,165.35,163.02,165.12,16721252.739999998
1730577600,165.12,166.86,164.94,166.1,13553564.329999998
1730592000,166.1,166.51,160.86,161.95,30655996.04
1730606400,161.95,163.96,161.79,163.46,11052763.18
1730620800,163.46,164.68,162.64,163.56,8220417.239999999
1730635200,163.56,164.51,157.92,159.95,37778428.23
1730649600,159.95,161.71,158.01,160.98,35361696.95
1730664000,160.98,163.74,160.47,162.44,30328667.39
1730678400,162.44,164.85,160.42,162.69,21357414.62
1730692800,162.69,163.69,161.25,161.27,10069995.81
1730707200,161.27,164.62,160.0,163.94,17996673.77
1730721600,163.94,164.85,161.59,162.99,31872135.07
1730736000,162.99,163.37,159.07,159.49,33088964.04
1730750400,159.49,159.84,155.04,157.87,48936760.2
1730764800,157.87,159.54,156.78,159.53,27038100.82
1730779200,159.53,162.29,159.26,161.98,16754052.8
1730793600,161.98,162.96,161.0,162.31,15280960.27
1730808000,162.31,167.79,161.81,165.85,70820626.66
1730822400,165.85,169.31,163.5,164.11,52652522.92
1730836800,164.11,167.76,163.43,166.65,35374496.14
1730851200,166.65,184.93,166.45,184.92,226523512.8
1730865600,184.92,188.36,182.7,183.84,163905285.43
1730880000,183.84,186.87,180.13,186.77,69644598.58
1730894400,186.77,188.68,184.36,185.63,85041237.47
1730908800,185.63,188.59,184.87,188.59,60651455.59
1730923200,188.59,190.04,186.73,186.78,82272250.5
1730937600,186.78,191.99,186.08,189.19,58555622.82
1730952000,189.19,190.15,186.11,188.13,27095798.86
1730966400,188.13,189.33,186.07,186.13,24770697.71
1730980800,186.13,192.83,186.06,192.79,50265453.61
1730995200,192.79,197.96,191.15,197.2,161056696.53
1731009600,197.2,197.99,194.34,196.44,65003268.82
1731024000,196.44,201.12,195.82,198.33,84671721.62
1731038400,198.33,200.99,197.55,200.63,41790899.31999999
1731052800,200.63,204.98,198.38,203.24,70869654.47
1731067200,203.24,205.14,198.51,201.15,84637045.36
1731081600,201.15,202.23,196.41,199.87,69525035.24
1731096000,199.87,200.45,197.32,199.98,56676214.23
1731110400,199.98,200.3,197.41,199.11,34015760.7
1731124800,199.11,202.48,199.11,200.4,48972538.35
1731139200,200.4,203.45,199.72,202.3,51179877.7
1731153600,202.3,202.59,197.41,198.49,49849741.010000005
1731168000,198.49,199.61,195.13,197.83,43830902.26
1731182400,197.83,202.04,197.44,200.02,57159173.28
1731196800,200.02,204.94,198.86,201.57,68765255.85
1731211200,201.57,208.99,201.08,205.14,98586334.63
1731225600,205.14,207.48,204.11,206.85,46604535.66
1731240000,206.85,213.27,203.66,212.35,104751241.49
1731254400,212.35,215.43,206.52,208.61,140140587.62
1731268800,208.61,213.99,199.72,210.23,129723881.9
1731283200,210.23,212.5,208.4,210.2,62078938.37
1731297600,210.2,210.24,204.39,208.23,46730330.46
1731312000,208.23,217.82,206.85,217.79,80356095.19999999
1731326400,217.79,220.88,214.73,219.39,167307594.79000002
1731340800,219.39,222.18,216.72,218.25,130109464.62
1731355200,218.25,224.47,217.15,222.42,164534270.08
1731369600,222.42,222.73,215.62,220.97,94994624.15
1731384000,220.97,222.09,216.49,222.02,82035442.09
1731398400,222.02,225.3,208.9,211.47,137945015.62
1731412800,211.47,214.03,205.03,210.61,157665667.17000002
1731427200,210.61,215.64,206.91,213.47,119290338.6
1731441600,213.47,215.59,210.26,211.86,95686965.44
1731456000,211.86,213.4,203.49,203.54,88102224.83
1731470400,203.54,207.54,201.12,205.49,75950904.71
1731484800,205.49,209.5,204.2,207.94,52477758.06
1731499200,207.94,217.55,206.32,216.85,198981268.87
1731513600,216.85,220.78,210.54,211.19,188838953.4
1731528000,211.19,215.73,206.27,215.45,91007005.07
1731542400,215.45,219.61,212.4,219.56,75312220.86
1731556800,219.56,220.76,215.31,218.32,64610821.76
1731571200,218.32,222.79,213.7,216.23,81763675.7
1731585600,216.23,217.99,209.39,210.85,118221656.07
1731600000,210.85,217.09,209.95,215.68,85649667.06
1731614400,215.68,215.68,206.84,209.54,88495357.22
1731628800,209.54,212.9,208.11,209.13,59892868.55
1731643200,209.13,210.73,204.62,209.26,54127716.34
1731657600,209.26,213.9,207.97,213.6,40887957.12
1731672000,213.6,215.33,206.77,208.28,96617866.21
1731686400,208.28,213.55,208.03,212.42,84015096.64
1731700800,212.42,220.4,212.27,218.51,107861393.34
1731715200,218.51,221.64,215.99,221.48,59069456.79
1731729600,221.48,221.99,218.63,219.01,57079302.29
1731744000,219.01,219.82,216.71,218.94,39163472.98
1731758400,218.94,221.7,213.97,215.05,75306610.64
1731772800,215.05,217.13,213.61,216.38,55524561.58
1731787200,216.38,217.46,214.2,215.77,45537813.47
1731801600,215.77,221.49,212.27,221.46,68406764.2
1731816000,221.46,239.81,221.46,237.17,234948386.53
1731830400,237.17,241.96,234.31,234.75,102678487.66
1731844800,234.75,235.92,229.8,233.98,74173248.04
1731859200,233.98,235.59,231.29,235.38,72156087.5
1731873600,235.38,238.35,231.66,237.54,83339377.17
1731888000,237.54,244.13,234.11,244.11,100926799.72
1731902400,244.11,245.04,239.61,242.09,88013827.44999999
1731916800,242.09,248.41,239.79,242.37,127136518.24
1731931200,242.37,245.03,237.9,243.48,150884434.99
1731945600,243.48,243.88,234.47,236.6,142652486.57999998
1731960000,236.6,241.03,235.86,239.94,71357082.85
1731974400,239.94,243.4,237.73,240.76,54549263.27
1731988800,240.76,244.53,238.96,243.46,41014098.36
1732003200,243.46,247.05,242.14,246.23,59372777.45
1732017600,246.23,247.71,238.51,240.78,109152277.29
1732032000,240.78,244.82,240.4,243.8,96578627.35
1732046400,243.8,244.48,233.8,237.96,102104179.33
1732060800,237.96,238.08,230.78,234.11,57488159.06999999
1732075200,234.11,236.6,231.89,236.2,54914050.44
1732089600,236.2,239.01,235.1,237.84,51753490.26
1732104000,237.84,242.67,235.78,238.68,90232228.01
1732118400,238.68,239.31,231.21,233.28,107175085.44
1732132800,233.28,238.24,232.11,235.65,65054823.38
1732147200,235.65,238.93,230.04,236.08,77282334.3
1732161600,236.08,242.83,235.86,241.6,93653085.15
1732176000,241.6,243.5,240.02,240.06,58700429.870000005
1732190400,240.06,252.51,240.04,248.94,227689078.84
1732204800,248.94,259.81,248.47,254.14,244729088.79
1732219200,254.14,257.73,253.17,256.72,91191833.09
1732233600,256.72,264.52,252.77,262.81,125839909.06
1732248000,262.81,263.01,258.18,259.48,73983176.53
1732262400,259.48,261.16,256.42,259.49,49534344.61
1732276800,259.49,260.57,252.65,256.65,97019716.7
1732291200,256.65,256.65,251.84,254.29,84859923.6
1732305600,254.29,258.19,253.49,257.21,65797892.9
1732320000,257.21,257.98,253.68,257.47,57657363.76
1732334400,257.47,264.16,257.17,258.55,90233879.47
1732348800,258.55,259.64,256.19,256.37,33191385.58
1732363200,256.37,263.94,256.2,260.22,76274363.0
1732377600,260.22,260.75,254.65,254.77,89471597.12
1732392000,254.77,256.34,253.09,255.15,50771714.66
1732406400,255.15,259.95,254.77,258.83,47034141.61
1732420800,258.83,259.46,254.51,256.91,33346399.04
1732435200,256.91,257.0,248.38,248.8,55527062.75
1732449600,248.8,250.43,241.28,244.28,81739478.09
1732464000,244.28,250.44,243.93,248.75,57644444.0
1732478400,248.75,254.91,248.38,252.98,55772956.12
1732492800,252.98,253.41,246.05,252.71,40792154.54
1732507200,252.71,254.28,252.02,253.55,31685448.0
1732521600,253.55,256.69,251.52,252.38,46354193.82
1732536000,252.38,252.7,235.29,245.07,206077555.27
1732550400,245.07,246.11,237.42,239.72,96787533.15
1732564800,239.72,241.08,231.2,234.15,125659115.45
1732579200,234.15,239.5,233.56,237.56,54640325.59
1732593600,237.56,239.86,235.06,235.79,37649798.29
1732608000,235.79,236.58,221.86,227.75,128947733.99
1732622400,227.75,232.37,225.84,227.46,115469476.87
1732636800,227.46,232.65,223.54,229.05,72174717.83
1732651200,229.05,232.05,227.38,230.62,56275196.21
1732665600,230.62,233.64,228.13,231.46,42764061.59
1732680000,231.46,234.86,227.57,234.31,39844815.47
1732694400,234.31,237.07,232.13,235.05,37741258.24
1732708800,235.05,241.06,232.71,240.8,81997263.62
1732723200,240.8,241.24,237.92,239.37,74680120.81
1732737600,239.37,243.56,239.15,242.26,87016219.71
1732752000,242.26,245.48,238.28,240.26,58985060.2
1732766400,240.26,241.34,236.88,238.15,26140248.01
1732780800,238.15,239.2,234.52,236.96,30466272.1
1732795200,236.96,237.79,232.94,233.11,42419257.52
1732809600,233.11,237.05,233.11,235.51,28106121.97
1732824000,235.51,238.43,234.96,237.63,22868280.88
1732838400,237.63,243.07,236.66,242.05,45474635.64
1732852800,242.05,242.24,237.68,237.74,34932517.07
1732867200,237.74,245.51,237.73,245.26,35545989.28
1732881600,245.26,246.89,242.19,243.85,81231272.8
1732896000,243.85,244.76,240.19,241.3,81951813.16
1732910400,241.3,245.48,241.2,243.46,37732195.75
1732924800,243.46,243.47,239.29,243.05,38555154.63
1732939200,243.05,245.14,241.74,244.3,31587522.6
1732953600,244.3,245.4,240.2,241.56,25606207.75
1732968000,241.56,243.11,238.76,239.99,39634306.33
1732982400,239.99,240.57,238.95,240.07,32606600.89
1732996800,240.07,241.22,237.64,237.75,38552346.7
1733011200,237.75,239.95,234.32,235.72,47640864.73
1733025600,235.72,236.97,235.15,235.59,22854882.24
1733040000,235.59,238.79,235.51,237.24,25456094.07
1733054400,237.24,239.47,236.37,238.7,25472032.21
1733068800,238.7,239.5,235.14,236.41,61495040.86
1733083200,236.41,239.21,234.5,236.96,64146454.94
1733097600,236.96,238.36,228.22,228.62,123966854.28
1733112000,228.62,230.38,226.07,228.71,84046533.91
1733126400,228.71,228.8,223.0,224.83,74744808.43
1733140800,224.83,229.68,221.75,229.4,124001300.7
1733155200,229.4,230.04,220.17,223.92,132230809.35
1733169600,223.92,225.92,221.3,225.81,92790170.99
1733184000,225.81,229.3,223.26,227.99,63418512.01
1733198400,227.99,230.95,225.3,227.01,55013104.77
1733212800,227.01,228.5,223.04,225.54,38097815.38
1733227200,225.54,226.4,215.15,223.3,129406582.82
1733241600,223.3,228.45,220.42,228.24,84834552.61
1733256000,228.24,239.79,227.89,234.11,198602108.29
1733270400,234.11,240.65,234.11,237.83,97783820.33
1733284800,237.83,240.95,236.06,236.74,42703516.14
1733299200,236.74,237.94,235.27,236.14,42709291.66
1733313600,236.14,236.25,230.05,234.0,98668872.5
1733328000,234.0,234.26,224.79,233.05,115656492.55
1733342400,233.05,236.7,226.14,229.48,167243218.28
1733356800,229.48,238.77,223.26,233.12,156380001.58
1733371200,233.12,238.54,231.62,234.03,78006854.96
1733385600,234.03,242.47,233.67,241.98,97672670.74
1733400000,241.98,244.95,236.5,239.3,138895054.45
1733414400,239.3,243.07,232.47,233.16,114184917.18
1733428800,233.16,240.98,225.86,236.17,150964988.73
1733443200,236.17,247.06,234.72,242.07,120883983.6
1733457600,242.07,242.95,237.99,239.43,38898748.26
1733472000,239.43,240.63,233.8,234.36,45373145.33
1733486400,234.36,240.06,231.17,238.28,89514680.48
1733500800,238.28,240.71,237.35,240.12,69753949.62
1733515200,240.12,241.11,235.75,237.18,60613780.24
1733529600,237.18,237.7,234.41,235.21,51596151.70999999
1733544000,235.21,236.84,234.62,236.47,28840797.46
1733558400,236.47,239.52,235.33,238.43,26574885.83
1733572800,238.43,243.37,237.57,241.03,54495359.53
1733587200,241.03,242.72,239.03,241.89,54027127.22
1733601600,241.89,243.7,238.15,238.34,60775861.99
1733616000,238.34,241.65,237.88,240.86,33959532.68
1733630400,240.86,241.2,236.82,237.76,23011674.48
1733644800,237.76,237.91,233.36,236.14,29203458.55
1733659200,236.14,237.74,234.68,237.52,28816424.77
1733673600,237.52,237.79,234.21,236.61,30968243.7
1733688000,236.61,237.91,234.73,237.2,25608098.69
1733702400,237.2,237.42,230.36,231.96,49525973.620000005
1733716800,231.96,232.91,228.45,231.68,42103806.05
1733731200,231.68,231.84,225.37,226.01,40764197.32
1733745600,226.01,231.74,223.06,224.22,83631191.88
1733760000,224.22,226.0,221.64,221.79,76504211.0
1733774400,221.79,223.94,205.36,216.81,216974898.97
1733788800,216.81,221.02,207.14,215.88,122709112.67
1733803200,215.88,218.78,212.33,217.4,49602758.22
1733817600,217.4,218.65,215.25,216.3,32444061.99
1733832000,216.3,218.76,206.46,206.66,128691821.75
1733846400,206.66,212.89,203.3,212.2,196634838.56
1733860800,212.2,216.41,211.41,213.75,72396769.68
1733875200,213.75,219.45,211.64,219.44,68780016.69
1733889600,219.44,220.38,217.07,218.52,37433800.77
1733904000,218.52,225.51,218.45,224.93,47713125.0
1733918400,224.93,230.42,224.22,228.59,117306694.1
1733932800,228.59,230.71,227.41,230.01,70050110.23
1733947200,230.01,230.82,226.89,227.42,58488045.2
1733961600,227.42,232.1,225.86,230.5,49085237.03
1733976000,230.5,233.0,229.07,230.08,39813839.15
1733990400,230.08,233.53,228.43,229.57,32691402.36
1734004800,229.57,233.31,228.85,231.39,78192128.88
1734019200,231.39,234.75,226.57,227.27,101084113.06
1734033600,227.27,229.7,225.7,227.01,44715337.11
1734048000,227.01,228.42,224.39,227.23,42471677.86
1734062400,227.23,227.6,223.22,224.86,23264403.93
1734076800,224.86,227.22,224.0,225.65,19104887.380000003
1734091200,225.65,226.65,220.76,221.21,125448405.05
1734105600,221.21,223.87,220.66,223.3,69714956.31
1734120000,223.3,224.93,223.16,224.84,43232525.25
1734134400,224.84,227.11,223.72,226.26,35010579.71
1734148800,226.26,227.46,225.14,225.99,16475414.05
1734163200,225.99,226.74,224.19,224.36,13600655.55
1734177600,224.36,224.61,220.44,222.57,33044641.7
1734192000,222.57,222.57,216.76,218.07,43924642.41
1734206400,218.07,220.86,215.17,219.87,37790895.97
1734220800,219.87,221.72,218.87,219.43,20128346.77
1734235200,219.43,221.78,215.71,217.24,21596714.69
1734249600,217.24,220.04,216.5,218.32,46533736.6
1734264000,218.32,221.33,217.33,220.82,43571070.65
1734278400,220.82,222.33,220.42,221.13,27185354.68
1734292800,221.13,225.4,216.23,224.23,51252336.72
1734307200,224.23,227.34,220.42,221.12,62807665.98
1734321600,221.12,223.81,220.58,223.07,20848662.85
1734336000,223.07,223.23,213.57,214.06,68159369.47
1734350400,214.06,218.03,213.17,216.96,70736212.33
1734364800,216.96,221.81,216.79,218.41,74916244.5
1734379200,218.41,219.0,215.95,216.25,52042409.81
1734393600,216.25,216.71,211.54,215.47,51381564.49
1734408000,215.47,216.51,213.11,215.6,28132025.57
1734422400,215.6,223.73,215.53,221.61,58228274.9
1734436800,221.61,227.51,217.07,220.52,84464613.49000001
1734451200,220.52,228.96,219.93,227.49,153293320.77
1734465600,227.49,228.54,221.7,223.18,45115501.16
1734480000,223.18,225.98,217.12,217.5,47847162.54
1734494400,217.5,218.21,213.62,215.92,37829149.85
1734508800,215.92,218.87,215.34,217.81,22301237.9
1734523200,217.81,218.71,214.6,217.7,42464768.02
1734537600,217.7,218.2,211.64,211.64,67267323.19
1734552000,211.64,212.6,204.83,206.45,162096620.65
1734566400,206.45,209.12,199.3,208.71,102301815.24
1734580800,208.71,212.02,207.2,211.73,38059157.54
1734595200,211.73,211.73,207.91,210.34,25008781.15
1734609600,210.34,210.9,202.28,205.33,68322506.22
1734624000,205.33,206.74,186.91,191.51,208373626.79
1734638400,191.51,197.93,187.5,193.67,111273379.78
1734652800,193.67,199.48,191.55,196.23,66541809.35
1734667200,196.23,197.27,187.97,191.11,60304029.35
1734681600,191.11,191.34,175.06,175.79,200864382.34
1734696000,175.79,191.08,175.6,189.76,139887287.98000002
1734710400,189.76,193.12,188.19,191.54,82082156.32000001
1734724800,191.54,194.47,187.83,194.46,58553939.61
1734739200,194.46,196.54,193.01,194.17,35984439.99
1734753600,194.17,202.02,194.13,198.71,46822870.04
1734768000,198.71,198.84,192.2,192.89,33947647.7
1734782400,192.89,193.01,183.21,186.62,76237547.05
1734796800,186.62,187.4,178.4,181.44,93174369.86
1734811200,181.44,183.3,178.59,181.28,57740271.38
1734825600,181.28,183.86,179.91,182.45,32453240.71
1734840000,182.45,184.66,177.88,184.17,40123734.99
1734854400,184.17,186.86,183.64,186.6,27274132.34
1734868800,186.6,187.71,178.92,181.72,37279687.17
1734883200,181.72,183.88,177.74,178.32,40027130.43
1734897600,178.32,182.17,176.77,180.34,42321586.940000005
1734912000,180.34,187.16,176.38,186.03,64690851.84
1734926400,186.03,187.49,179.75,182.05,41284437.16
1734940800,182.05,186.39,181.61,183.35,25978529.12
1734955200,183.35,185.43,180.54,180.66,49160769.870000005
1734969600,180.66,189.39,180.55,187.2,67776904.68
1734984000,187.2,193.21,186.52,189.91,65258623.63
1734998400,189.91,190.11,185.89,189.73,30152423.44
1735012800,189.73,191.66,189.05,191.21,18241617.7
1735027200,191.21,193.69,190.3,192.67,22760513.69
1735041600,192.67,198.87,191.01,197.61,50362747.28
1735056000,197.61,198.49,195.05,195.15,52828062.24
1735070400,195.15,197.88,193.19,196.96,28225355.39
1735084800,196.96,201.69,196.26,199.68,44142873.77
1735099200,199.68,200.39,197.6,197.98,20775017.3
1735113600,197.98,200.33,195.03,195.56,24794604.200000003
1735128000,195.56,199.25,195.0,198.07,19266687.84
1735142400,198.07,199.28,196.01,199.04,21177150.67
1735156800,199.04,199.92,195.41,197.33,23120385.94
1735171200,197.33,199.58,195.58,196.48,34179912.5
1735185600,196.48,196.48,193.2,193.28,32474894.83
1735200000,193.28,193.65,188.06,189.59,38806575.15
1735214400,189.59,189.94,187.41,188.53,25835572.91
1735228800,188.53,190.83,187.27,189.03,29750413.12
1735243200,189.03,189.84,186.46,188.24,29070133.21
1735257600,188.24,190.1,187.09,189.22,21157376.06
1735272000,189.22,190.94,185.62,186.45,20347264.51
1735286400,186.45,194.11,186.43,191.1,39036101.36
1735300800,191.1,191.18,183.05,183.85,36394822.96
1735315200,183.85,187.04,182.54,186.62,38833299.66
1735329600,186.62,186.7,182.92,183.94,34739962.94
1735344000,183.94,185.71,183.57,184.74,26034689.29
1735358400,184.74,185.98,184.0,184.83,15891814.87
1735372800,184.83,187.01,184.74,186.86,13703901.36
1735387200,186.86,190.93,186.2,189.84,30031965.66
1735401600,189.84,194.96,189.32,193.39,44041074.41
1735416000,193.39,195.68,192.33,195.15,36236648.24
1735430400,195.15,195.35,192.12,194.45,33757118.75
1735444800,194.45,196.96,193.76,195.74,18679081.18
1735459200,195.74,196.93,194.61,195.81,14386717.48
1735473600,195.81,197.35,192.62,194.85,35133787.400000006
1735488000,194.85,195.13,191.82,192.35,26268130.46
1735502400,192.35,192.43,188.23,189.61,32488634.89
1735516800,189.61,193.95,188.74,190.93,34770720.57
1735531200,190.93,193.26,189.22,192.02,22923216.64
1735545600,192.02,193.73,191.2,193.17,18615086.62
1735560000,193.17,194.48,185.57,186.93,54371455.54
1735574400,186.93,196.02,185.61,195.91,68008665.16
1735588800,195.91,196.19,188.87,191.04,50480222.79
1735603200,191.04,191.69,188.03,189.61,28967955.55
1735617600,189.61,190.36,187.74,189.8,21429768.18
1735632000,189.8,194.61,189.73,193.5,29493169.85
1735646400,193.5,198.47,192.73,198.17,66945472.81
1735660800,198.17,198.84,192.97,193.5,70355682.18
1735675200,193.5,194.48,188.37,188.87,44005592.78
1735689600,188.87,192.28,188.66,190.02,38103244.9
1735704000,190.02,190.16,188.95,189.68,30884887.83
1735718400,189.68,191.45,187.62,190.98,22473513.65
1735732800,190.98,191.67,188.81,191.46,26650542.13
1735747200,191.46,193.47,188.84,192.69,40664361.8
1735761600,192.69,194.92,192.69,193.85,35418772.99
1735776000,193.85,199.24,193.09,198.17,59805208.35
1735790400,198.17,206.56,198.16,205.63,66878694.61
1735804800,205.63,208.61,205.44,208.33,35614470.54
1735819200,208.33,210.14,205.31,206.54,66907873.5
1735833600,206.54,208.9,204.6,206.47,50552849.16
1735848000,206.47,208.28,205.04,208.06,31970121.77
1735862400,208.06,208.26,205.5,207.83,26144772.86
1735876800,207.83,209.75,206.88,207.81,29793440.92
1735891200,207.81,214.91,207.48,214.39,38852070.78
1735905600,214.39,218.4,211.98,217.23,75001374.18
1735920000,217.23,219.65,216.33,217.02,62340124.88
1735934400,217.02,217.89,215.74,217.89,24510715.73
1735948800,217.89,217.98,215.74,216.89,24338251.55
1735963200,216.89,217.88,215.58,216.66,22492609.03
1735977600,216.66,216.66,214.38,216.39,15302341.48
1735992000,216.39,217.55,213.57,214.33,26707687.36
1736006400,214.33,215.94,213.72,215.57,21106113.18
1736020800,215.57,217.22,215.42,216.65,22550050.32
1736035200,216.65,218.81,215.27,217.89,26827508.26
1736049600,217.89,218.96,215.95,216.43,16896182.87
1736064000,216.43,216.52,212.83,213.86,20811064.75
1736078400,213.86,214.55,211.59,213.54,25093951.34
1736092800,213.54,214.23,211.48,212.76,28676755.27
1736107200,212.76,214.5,212.55,213.36,18968742.83
1736121600,213.36,216.9,211.52,215.55,32520572.96
1736136000,215.55,216.79,213.92,215.16,24084679.26
1736150400,215.16,216.17,213.21,216.16,16153495.86
1736164800,216.16,222.06,215.72,221.59,67782365.2
1736179200,221.59,223.16,217.43,220.14,57415958.27
1736193600,220.14,220.53,217.75,218.36,29308436.81
1736208000,218.36,219.19,216.35,217.42,26353538.26
1736222400,217.42,217.51,215.53,216.05,24166149.17
1736236800,216.05,216.79,212.94,214.07,25851461.56
1736251200,214.07,214.32,205.39,207.71,91856610.07
1736265600,207.71,208.99,203.43,204.45,69517961.08
1736280000,204.45,204.81,201.78,202.14,45036215.03
1736294400,202.14,203.2,196.68,198.65,65643257.05
1736308800,198.65,199.49,193.2,195.69,56877418.46
1736323200,195.69,197.89,194.46,195.45,37629163.93
1736337600,195.45,199.5,194.87,197.71,53926029.52
1736352000,197.71,197.92,188.34,194.31,119189000.17
1736366400,194.31,198.24,193.66,197.45,36115968.4
1736380800,197.45,198.98,194.09,194.3,29908597.630000003
1736395200,194.3,195.4,189.73,190.0,25069695.9
1736409600,190.0,192.7,189.05,191.1,35231058.27
1736424000,191.1,193.0,185.05,192.15,74668327.21000001
1736438400,192.15,192.76,185.75,185.86,56504859.42
1736452800,185.86,187.52,182.07,184.99,66126172.75
1736467200,184.99,189.47,184.98,189.15,27630044.06
1736481600,189.15,192.97,188.43,191.75,31514741.37
1736496000,191.75,192.85,191.18,191.98,22298461.38
1736510400,191.98,192.14,183.51,187.26,57220834.67
1736524800,187.26,191.94,183.83,190.22,83679505.58
1736539200,190.22,190.47,186.68,187.62,43029486.75
1736553600,187.62,188.72,185.57,186.32,39512288.96
1736568000,186.32,187.08,185.11,186.11,30223124.42
1736582400,186.11,186.79,184.06,186.59,33496044.19
1736596800,186.59,188.13,185.84,186.9,19632471.36
1736611200,186.9,187.87,185.6,187.61,19514579.45
1736625600,187.61,191.77,187.4,188.02,41513888.66
1736640000,188.02,188.5,186.48,187.18,18065879.91
1736654400,187.18,187.28,185.52,186.46,18949695.29
1736668800,186.46,186.85,185.09,186.59,18046276.380000003
1736683200,186.59,190.89,186.11,190.42,16527898.49
1736697600,190.42,190.63,188.61,188.79,22586960.83
1736712000,188.79,189.87,186.49,188.42,19161940.53
1736726400,188.42,191.8,184.14,184.97,49306020.05
1736740800,184.97,186.83,181.39,182.29,37378765.88
1736755200,182.29,182.36,175.05,175.22,53940361.0
1736769600,175.22,180.26,169.14,178.74,121301977.98
1736784000,178.74,179.72,174.4,177.48,62192123.23
1736798400,177.48,183.71,176.52,182.75,60121485.49
1736812800,182.75,184.52,181.8,184.16,33468789.61
1736827200,184.16,186.8,184.16,185.55,21396596.94
1736841600,185.55,190.0,185.54,186.99,37404167.49
1736856000,186.99,190.0,185.55,186.81,43182513.89
1736870400,186.81,187.77,185.74,186.95,54221441.04
1736884800,186.95,188.74,185.72,187.5,23404972.59
1736899200,187.5,189.64,186.93,189.64,29947488.67
1736913600,189.64,190.68,188.31,189.92,23862404.21
1736928000,189.92,190.6,185.8,186.93,21045714.14
1736942400,186.93,198.0,185.93,196.54,121998610.84
1736956800,196.54,202.37,196.53,201.94,94540154.55
1736971200,201.94,206.04,201.94,205.9,101387862.81
1736985600,205.9,206.25,201.26,201.93,47370578.02
1737000000,201.93,203.4,201.44,203.06,19108719.42
1737014400,203.06,212.68,198.45,212.68,63035652.11
1737028800,212.68,217.04,205.37,209.0,156316720.39
1737043200,209.0,215.36,208.79,214.13,118280383.9
1737057600,214.13,214.44,208.52,211.09,63561509.44
1737072000,211.09,215.2,209.84,210.97,78966897.62
1737086400,210.97,213.79,210.91,213.28,35198950.25
1737100800,213.28,219.6,213.25,218.76,67712629.32
1737115200,218.76,221.99,216.5,218.68,118528235.84
1737129600,218.68,221.96,215.68,217.33,108196218.2
1737144000,217.33,221.22,216.64,219.57,57401487.86
1737158400,219.57,228.77,217.35,220.59,155585652.52
1737172800,220.59,238.2,219.91,232.83,395051361.32
1737187200,232.83,244.82,230.96,238.82,295630156.52
1737201600,238.82,259.89,238.82,257.38,354368473.85
1737216000,257.38,270.0,242.43,255.19,585786121.74
1737230400,255.19,264.56,247.0,261.87,231305448.39
1737244800,261.87,264.8,252.03,255.37,193251507.82
1737259200,255.37,277.42,253.96,271.14,448519855.66
1737273600,271.14,294.95,266.31,285.62,491409152.24
1737288000,285.62,289.08,263.51,270.61,424002672.64
1737302400,270.61,278.09,263.94,269.26,243744674.52
1737316800,269.26,279.48,237.61,252.19,775683364.96
1737331200,252.19,252.27,229.39,241.35,432500625.11
1737345600,241.35,264.55,238.99,262.06,255087383.08
1737360000,262.06,273.1,255.95,260.0,262908001.66000003
1737374400,260.0,261.16,249.65,253.67,201729520.71
1737388800,253.67,256.35,234.59,246.02,315384019.67
1737403200,246.02,250.47,241.13,241.72,154398134.8
1737417600,241.72,244.51,231.51,237.51,165815012.65
1737432000,237.51,238.6,230.12,236.44,108490320.8
1737446400,236.44,241.76,235.2,239.17,81385254.69
1737460800,239.17,244.55,235.63,240.65,127174520.31
1737475200,240.65,260.11,239.54,253.35,208955694.96
1737489600,253.35,255.92,246.66,250.36,157890523.58
1737504000,250.36,257.77,248.46,254.14,142572698.1
1737518400,254.14,259.67,252.41,258.51,100746834.79
1737532800,258.51,258.84,252.24,257.71,58949454.57
1737547200,257.71,264.84,254.47,257.32,158729374.3
1737561600,257.32,266.34,253.32,265.21,144403142.81
1737576000,265.21,271.91,255.51,257.31,275598739.11
1737590400,257.31,258.32,246.25,248.71,127889922.59
1737604800,248.71,250.51,244.95,249.35,77517681.86
1737619200,249.35,249.67,242.29,244.11,72099275.7
1737633600,244.11,254.66,242.12,249.34,163652550.52
1737648000,249.34,256.31,245.37,246.93,138800001.54
1737662400,246.93,258.4,243.74,253.13,255792135.74
1737676800,253.13,256.41,247.29,252.25,98609327.32
1737691200,252.25,264.33,250.65,259.69,116792677.67
1737705600,259.69,267.25,259.69,266.88,94550853.95
1737720000,266.88,269.94,260.94,262.32,130878062.72
1737734400,262.32,265.53,260.59,262.1,103812045.28
1737748800,262.1,262.46,252.79,253.37,107855048.51
1737763200,253.37,253.65,248.07,252.73,85951578.65
1737777600,252.73,252.73,246.47,247.22,64662530.87
1737792000,247.22,250.68,246.3,249.98,44714693.88
1737806400,249.98,254.62,248.29,253.69,54507602.0
1737820800,253.69,260.73,253.12,258.45,102468881.0
1737835200,258.45,259.7,255.58,256.33,59803144.25
1737849600,256.33,259.7,253.56,258.32,58346847.1
1737864000,258.32,259.92,257.34,258.91,41752030.84
1737878400,258.91,258.91,252.86,255.56,38555846.21
1737892800,255.56,257.47,253.16,254.55,52752150.02
1737907200,254.55,257.49,253.85,256.24,45258655.69
1737921600,256.24,256.55,240.2,240.45,135914655.61
1737936000,240.45,242.53,232.67,235.72,203174058.33
1737950400,235.72,235.72,221.87,227.47,185756931.62
1737964800,227.47,227.95,220.98,225.78,101321625.52
1737979200,225.78,237.72,223.61,233.67,178929507.88
1737993600,233.67,235.9,223.88,226.41,161664693.65
1738008000,226.41,237.8,226.4,234.9,104550933.08
1738022400,234.9,237.71,232.93,236.67,71809436.13
1738036800,236.67,243.92,236.67,238.76,78710033.2
1738051200,238.76,239.65,235.51,238.27,46509096.28
1738065600,238.27,240.07,233.62,237.45,95536396.47
1738080000,237.45,237.74,230.32,232.13,101068893.31
1738094400,232.13,232.54,224.96,226.94,139487616.65
1738108800,226.94,231.87,226.69,231.12,48148813.94
1738123200,231.12,234.69,229.79,234.32,53662412.96
1738137600,234.32,235.74,230.14,231.87,32542193.64
1738152000,231.87,231.93,225.74,228.37,98680996.46
1738166400,228.37,235.46,222.6,231.61,138792230.11
1738180800,231.61,238.37,227.62,228.13,140803420.13
1738195200,228.13,240.86,226.84,240.24,103599551.72
1738209600,240.24,242.0,237.25,238.89,71466963.83
1738224000,238.89,241.85,238.09,241.74,46477279.3
1738238400,241.74,244.68,239.11,241.16,108863868.32
1738252800,241.16,243.38,238.91,241.13,65401677.760000005
1738267200,241.13,242.21,238.33,238.36,57036653.95
1738281600,238.36,239.16,235.14,235.94,45930056.22
1738296000,235.94,238.36,234.99,235.76,35162077.94
1738310400,235.76,239.02,234.25,238.76,33014772.7
1738324800,238.76,241.79,236.1,240.18,84837538.48
1738339200,240.18,240.25,230.09,230.43,97239875.75
1738353600,230.43,231.83,228.13,231.71,72208467.2
1738368000,231.71,234.1,230.62,231.42,36021639.57
1738382400,231.42,233.04,229.97,230.61,23106104.32
1738396800,230.61,230.88,226.25,228.0,33089790.2
1738411200,228.0,229.4,224.86,226.37,41473277.63
1738425600,226.37,227.53,221.04,221.72,57636267.78
1738440000,221.72,221.73,212.73,212.95,123494174.71
1738454400,212.95,218.78,206.77,206.98,112821627.32
1738468800,206.98,213.99,206.46,211.71,73524272.4
1738483200,211.71,215.67,207.71,208.62,84360331.94
1738497600,208.62,214.11,208.19,211.96,70175543.28999999
1738512000,211.96,212.05,194.84,203.46,230259619.63
1738526400,203.46,206.67,192.66,203.43,178339974.03
1738540800,203.43,203.79,176.11,198.05,359840841.8
1738555200,198.05,199.98,189.45,199.3,105698158.79
1738569600,199.3,202.26,193.56,198.76,74760553.29
1738584000,198.76,210.28,190.02,207.36,252476848.71
1738598400,207.36,215.6,203.97,215.51,164464275.27
1738612800,215.51,218.88,210.13,216.48,128210844.92
1738627200,216.48,220.11,214.11,215.67,81546257.44
1738641600,215.67,216.23,202.13,204.43,129757357.5
1738656000,204.43,210.92,202.65,207.82,61665910.95
1738670400,207.82,216.86,207.82,215.82,92142216.03
1738684800,215.82,218.47,208.44,208.44,113697970.57
1738699200,208.44,210.39,202.57,206.7,137677380.81
1738713600,206.7,209.45,205.18,207.41,49561859.39
1738728000,207.41,208.32,203.59,205.17,33490551.06
1738742400,205.17,206.97,203.03,206.37,32189724.65
1738756800,206.37,207.67,201.5,201.89,64961026.33
1738771200,201.89,202.16,196.44,199.6,101767798.32
1738785600,199.6,200.65,195.16,196.11,54783193.22
1738800000,196.11,201.23,196.02,200.72,42109347.61
1738814400,200.72,203.98,200.3,202.07,36813116.05
1738828800,202.07,203.07,198.74,200.36,32181458.84
1738843200,200.36,200.69,190.62,191.28,73000664.25
1738857600,191.28,192.98,188.5,189.9,126399566.31
1738872000,189.9,194.65,187.58,189.57,72339437.91
1738886400,189.57,195.84,189.24,193.3,46628368.23
1738900800,193.3,195.4,189.22,192.57,36085917.98
1738915200,192.57,198.68,191.76,198.55,35384396.61
1738929600,198.55,203.58,195.97,198.12,91333954.59
1738944000,198.12,199.24,194.78,195.46,85140818.27
1738958400,195.46,195.62,188.17,192.09,66571084.99
1738972800,192.09,194.27,191.47,193.04,43221909.5
1738987200,193.04,193.33,189.82,192.8,30279524.950000003
1739001600,192.8,194.93,191.68,194.38,19380346.65
1739016000,194.38,196.39,192.75,193.34,29520221.22
1739030400,193.34,198.4,193.2,196.95,56922039.03
1739044800,196.95,200.99,196.84,199.49,59383302.44
1739059200,199.49,207.11,198.67,207.1,76157144.39
1739073600,207.1,207.5,204.05,204.16,73247188.9
1739088000,204.16,204.73,201.38,201.56,62589605.3
1739102400,201.56,202.94,196.61,200.8,74339078.99000001
1739116800,200.8,202.42,197.93,199.16,49401584.28
1739131200,199.16,200.97,193.64,200.52,69421931.95
1739145600,200.52,205.09,195.98,202.02,66225049.61
1739160000,202.02,204.62,199.99,202.81,36629503.17
1739174400,202.81,205.97,202.64,204.55,29580409.52
1739188800,204.55,209.13,201.61,203.15,67511174.87
1739203200,203.15,204.41,201.08,201.4,43271392.59
1739217600,201.4,202.76,199.3,200.53,36708975.54
1739232000,200.53,204.71,200.02,201.18,37435869.04
1739246400,201.18,206.2,201.09,204.44,41458639.77
1739260800,204.44,205.92,201.34,203.44,35877454.98
1739275200,203.44,203.44,197.93,199.48,38716322.89
1739289600,199.48,200.12,195.09,195.63,63743263.21
1739304000,195.63,199.45,195.52,197.95,47903430.58
1739318400,197.95,198.49,193.77,194.25,50853612.13
1739332800,194.25,196.14,193.08,195.2,52527743.22
1739347200,195.2,197.96,195.05,197.31,16329237.4
1739361600,197.31,198.5,188.55,192.0,109047392.15
1739376000,192.0,196.63,189.4,193.71,62956663.2
1739390400,193.71,198.45,193.08,196.79,60918297.67999999
1739404800,196.79,198.2,195.07,198.19,37399944.2
1739419200,198.19,198.47,192.79,193.1,27286815.44
1739433600,193.1,193.51,191.21,191.95,30145498.61
1739448000,191.95,193.13,188.98,191.99,48155620.3
1739462400,191.99,194.61,190.06,192.71,43296708.26
1739476800,192.71,195.47,192.62,194.3,61046772.71
1739491200,194.3,197.42,194.19,197.05,50306769.77
1739505600,197.05,197.38,194.81,196.63,34306968.19
1739520000,196.63,201.4,196.43,199.61,55686289.1
1739534400,199.61,202.07,196.48,200.86,62762272.14
1739548800,200.86,205.34,198.93,201.61,95085119.75
1739563200,201.61,202.28,198.15,199.46,50515482.71
1739577600,199.46,200.31,196.82,198.41,32453190.69
1739592000,198.41,198.86,195.28,195.94,25945170.39
1739606400,195.94,196.75,194.0,194.89,20333785.94
1739620800,194.89,196.06,193.37,194.68,31603208.69
1739635200,194.68,195.21,193.38,194.21,21746403.01
1739649600,194.21,195.08,192.68,194.52,25498999.81
1739664000,194.52,195.49,193.09,194.73,44714322.08
1739678400,194.73,196.25,192.39,192.94,22266396.07
1739692800,192.94,193.98,192.25,193.75,10795884.17
1739707200,193.75,193.81,189.3,190.37,40791068.9
1739721600,190.37,191.32,187.68,189.28,44097460.67
1739736000,189.28,189.87,186.18,188.32,38332738.23
1739750400,188.32,189.71,185.38,186.39,33999214.25
1739764800,186.39,186.52,180.85,181.39,76362919.98
1739779200,181.39,185.45,180.85,184.26,42153592.16
1739793600,184.26,186.91,179.96,180.38,75196905.26
1739808000,180.38,181.35,174.75,177.1,132517296.34
1739822400,177.1,181.32,177.04,177.52,47857759.85
1739836800,177.52,179.06,175.47,177.99,53943653.09
1739851200,177.99,177.99,163.94,165.7,150196192.64
1739865600,165.7,170.83,163.16,168.68,78514033.98
1739880000,168.68,171.42,164.36,165.9,99374703.08
1739894400,165.9,167.02,160.83,165.19,138135296.21
1739908800,165.19,169.67,163.86,169.23,86284641.02000001
1739923200,169.23,170.77,166.65,167.41,51080583.6
1739937600,167.41,169.75,163.74,168.93,42709047.68
1739952000,168.93,174.24,168.43,173.89,49481170.63
1739966400,173.89,174.08,168.21,169.7,56912327.5
1739980800,169.7,173.38,168.2,168.67,55032065.54
1739995200,168.67,169.88,166.44,168.9,63996115.04
1740009600,168.9,172.84,167.68,172.44,35014382.87
1740024000,172.44,174.94,170.87,171.8,31346703.59
1740038400,171.8,175.1,170.94,174.01,42175761.09
1740052800,174.01,176.67,171.27,171.58,64269722.66
1740067200,171.58,175.47,171.31,175.04,36342927.14
1740081600,175.04,176.53,173.27,176.07,35478014.91
1740096000,176.07,176.5,173.04,173.32,21811146.17
1740110400,173.32,176.82,173.31,175.86,25555230.25
1740124800,175.86,180.24,175.86,177.22,38382024.78
1740139200,177.22,180.55,170.61,173.18,93997678.03
1740153600,173.18,175.67,168.27,168.37,100149989.58
1740168000,168.37,169.85,167.03,168.83,44791531.44
1740182400,168.83,172.72,168.01,170.33,33030728.54
1740196800,170.33,172.77,170.11,171.73,19572444.64
1740211200,171.73,174.06,171.36,173.56,18916736.76
1740225600,173.56,174.56,172.61,174.23,23624507.99
1740240000,174.23,174.66,172.34,172.64,21417540.58
1740254400,172.64,173.65,171.92,172.09,14189348.15
1740268800,172.09,172.29,170.23,170.64,19099767.12
1740283200,170.64,173.09,170.01,172.89,12275379.8
1740297600,172.89,172.92,169.56,169.65,15029374.28
1740312000,169.65,169.93,166.64,166.82,23147590.29
1740326400,166.82,168.72,166.81,167.73,25797651.83
1740340800,167.73,168.85,166.45,167.96,19594309.53
1740355200,167.96,169.64,160.64,161.04,71231151.95
1740369600,161.04,161.76,157.29,161.04,66917054.15
1740384000,161.04,161.12,155.44,159.33,51347992.53
1740398400,159.33,160.39,150.71,152.65,112645502.26
1740412800,152.65,155.16,147.99,150.1,113698863.25
1740427200,150.1,152.6,137.82,141.83,175647360.51999998
1740441600,141.83,144.46,138.18,138.87,137631236.2
1740456000,138.87,141.75,133.15,136.28,127995329.04
1740470400,136.28,141.29,131.97,141.21,93727629.06
1740484800,141.21,141.74,134.5,138.7,109966119.77
1740499200,138.7,145.38,137.85,145.25,123302297.49
1740513600,145.25,146.93,143.12,144.17,66741739.02
1740528000,144.17,145.0,141.49,143.18,45672647.62
1740542400,143.18,144.5,139.51,140.1,45342268.49
1740556800,140.1,142.07,137.95,138.02,44239934.2
1740571200,138.02,140.28,134.52,139.08,106979804.85
1740585600,139.08,139.61,130.49,131.79,153094198.44
1740600000,131.79,137.58,130.73,135.11,89819876.69
1740614400,135.11,138.91,134.8,138.43,51872403.27
1740628800,138.43,142.7,136.94,140.86,45599481.66
1740643200,140.86,142.31,139.17,140.37,37406726.5
1740657600,140.37,141.11,136.21,139.57,60555637.46
1740672000,139.57,140.03,135.51,136.09,63004124.47
1740686400,136.09,137.99,134.6,137.56,63315802.97
1740700800,137.56,137.82,127.05,127.43,110746478.47
1740715200,127.43,129.41,125.43,128.38,86058477.61
1740729600,128.38,134.6,127.79,133.43,45702477.25
1740744000,133.43,147.88,132.89,145.63,160653303.94
1740758400,145.63,147.22,143.72,146.32,74215199.72
1740772800,146.32,148.6,144.59,148.11,55410374.93
1740787200,148.11,151.07,145.52,145.71,58172884.73
1740801600,145.71,147.12,142.16,142.45,38158266.2
1740816000,142.45,144.19,139.54,140.3,26286204.26
1740830400,140.3,141.61,138.52,140.36,45507282.5
1740844800,140.36,141.37,138.79,140.48,34020803.31
1740859200,140.48,143.79,139.85,143.61,37883552.76
1740873600,143.61,145.88,142.8,143.79,39695320.22
1740888000,143.79,145.07,142.2,143.72,25814764.82
1740902400,143.72,144.78,142.44,143.46,21763865.05
1740916800,143.46,163.49,140.02,157.47,184111593.68
1740931200,157.47,179.93,157.46,172.29,541628565.95
1740945600,172.29,179.27,171.78,178.75,175956807.07999998
1740960000,178.75,179.45,168.1,169.84,140126460.26
1740974400,169.84,170.47,159.94,162.27,95407463.84
1740988800,162.27,163.3,156.97,161.07,68214983.59
1741003200,161.07,167.05,154.27,157.66,167147334.48
1741017600,157.66,159.5,140.14,141.74,236435350.2
1741032000,141.74,144.83,139.1,142.04,105956449.5
1741046400,142.04,144.98,132.44,136.33,121952692.48
1741060800,136.33,139.47,135.61,135.93,48341423.18
1741075200,135.93,138.44,134.61,136.94,41101811.93
1741089600,136.94,143.11,132.57,138.5,139860799.71
1741104000,138.5,144.68,130.73,143.17,152725263.39
1741118400,143.17,146.85,141.6,144.79,124133739.24
1741132800,144.79,145.46,141.7,141.77,85281258.4
1741147200,141.77,144.05,140.79,142.88,36639304.68
1741161600,142.88,149.7,142.74,147.12,57178980.72
1741176000,147.12,149.25,140.34,141.65,119414104.69
1741190400,141.65,146.4,140.23,144.78,66422182.55
1741204800,144.78,146.78,143.98,146.32,40007997.09
1741219200,146.32,150.63,144.58,148.74,58985213.91
1741233600,148.74,150.63,147.69,148.66,41242206.14
1741248000,148.66,152.88,148.35,151.72,42341503.43
1741262400,151.72,151.87,145.13,149.05,90459115.31
1741276800,149.05,149.4,142.46,143.59,57038235.31
1741291200,143.59,145.86,143.22,143.3,41166149.88
1741305600,143.3,145.53,135.08,140.79,91809113.14
1741320000,140.79,144.59,140.63,144.33,26800174.43
1741334400,144.33,146.19,142.67,143.58,34964291.28
1741348800,143.58,148.07,141.76,144.88,68761759.65
1741363200,144.88,150.82,141.28,146.31,109207486.32
1741377600,146.31,147.49,137.49,139.34,102830772.69
1741392000,139.34,141.0,137.77,139.65,27250260.85
1741406400,139.65,140.95,138.33,138.77,15310086.45
1741420800,138.77,139.16,136.67,137.5,15099543.82
1741435200,137.5,138.69,136.12,137.16,22782921.24
1741449600,137.16,138.82,135.26,138.41,29293804.92
1741464000,138.41,138.53,136.34,136.95,17316694.9
1741478400,136.95,138.46,136.52,137.9,14109383.83
1741492800,137.9,139.8,137.68,139.61,21581055.72
1741507200,139.61,139.72,135.67,136.3,23869571.59
1741521600,136.3,136.38,129.88,130.17,60476592.45
1741536000,130.17,131.49,125.83,129.18,67885555.87
1741550400,129.18,130.54,125.36,126.47,75254928.57
1741564800,126.47,129.11,124.14,126.6,47641437.09
1741579200,126.6,129.17,126.49,128.08,18651568.6
1741593600,128.08,131.49,125.96,129.88,36385849.13
1741608000,129.88,130.82,120.19,121.91,128438381.1
1741622400,121.91,122.29,115.45,119.62,140830830.41000003
1741636800,119.62,120.13,117.52,118.24,52369848.870000005
1741651200,118.24,121.79,112.19,119.95,116115719.96
1741665600,119.95,123.96,119.75,123.05,37425243.51
1741680000,123.05,125.79,122.96,124.71,37449466.65
1741694400,124.71,126.08,118.55,124.96,98055278.36
1741708800,124.96,128.4,122.8,128.14,86312338.03
1741723200,128.14,128.2,125.1,125.34,39009422.15
1741737600,125.34,127.04,122.49,122.51,33640666.89
1741752000,122.51,123.44,121.24,123.16,28497772.18
1741766400,123.16,126.77,122.89,126.74,29869231.4
1741780800,126.74,131.34,123.07,124.54,106482831.35
1741795200,124.54,126.28,123.3,125.05,56993282.23
1741809600,125.05,127.02,123.96,126.62,34050333.43
1741824000,126.62,127.37,124.72,124.97,26904457.35
1741838400,124.97,125.32,123.05,124.26,19359920.42
1741852800,124.26,127.98,123.66,126.83,30567438.380000003
1741867200,126.83,128.3,123.61,124.29,57142771.24
1741881600,124.29,124.35,121.02,121.39,43702923.21
1741896000,121.39,124.28,120.74,123.32,24808203.33
1741910400,123.32,125.4,122.97,124.46,26186818.37
1741924800,124.46,125.54,124.4,124.69,11974491.39
1741939200,124.69,126.55,124.62,126.15,17308030.54
1741953600,126.15,133.63,125.46,132.13,103759738.92
1741968000,132.13,134.71,130.92,134.33,52720601.870000005
1741982400,134.33,136.03,132.38,133.56,43130776.62
1741996800,133.56,135.27,132.95,135.06,21063763.5
1742011200,135.06,135.37,132.73,132.94,24319486.51
1742025600,132.94,133.68,132.48,133.4,12636247.2
1742040000,133.4,135.82,133.16,135.12,20206085.74
1742054400,135.12,136.55,133.62,134.51,24045269.17
1742068800,134.51,136.53,134.42,135.9,19103248.4
1742083200,135.9,136.7,134.18,135.51,23544282.76
1742097600,135.51,136.22,133.87,134.67,17561118.08
1742112000,134.67,134.96,129.71,129.89,33737380.14
1742126400,129.89,130.85,127.48,128.81,37406334.67
1742140800,128.81,131.15,126.12,126.91,51128422.23
1742155200,126.91,127.74,125.2,126.1,35634648.3
1742169600,126.1,129.21,125.9,129.0,36472534.9
1742184000,129.0,129.48,126.54,129.21,21461023.39
1742198400,129.21,129.6,128.43,129.18,15930986.62
1742212800,129.18,129.96,125.55,127.5,61106710.17
1742227200,127.5,130.62,126.68,129.84,48333447.81
1742241600,129.84,129.93,127.76,128.04,19372851.18
1742256000,128.04,128.19,123.58,124.16,46522178.68
1742270400,124.16,125.22,123.28,125.19,31410791.2
1742284800,125.19,125.96,123.2,123.53,28635963.17
1742299200,123.53,123.78,121.8,122.54,42143574.51
1742313600,122.54,124.48,122.45,124.19,27930254.27
1742328000,124.19,125.67,123.5,125.32,17270775.41
1742342400,125.32,126.67,124.21,126.47,19660478.6
1742356800,126.47,126.84,125.39,125.7,15955896.91
1742371200,125.7,129.49,125.7,128.69,29189142.75
1742385600,128.69,132.71,126.97,132.34,79488412.03
1742400000,132.34,134.33,128.25,133.05,89722017.37
1742414400,133.05,136.09,133.04,135.39,53727865.14
1742428800,135.39,136.11,132.88,133.95,35244410.55
1742443200,133.95,134.93,132.83,134.05,19354092.15
1742457600,134.05,134.57,130.33,130.6,33318357.62
1742472000,130.6,132.23,128.5,128.9,69670197.92
1742486400,128.9,129.28,126.61,127.89,40409379.55
1742500800,127.89,128.42,127.17,127.5,19177171.13
1742515200,127.5,129.0,127.29,127.9,17653006.97
1742529600,127.9,128.7,127.37,128.01,13022527.74
1742544000,128.01,129.02,125.71,126.37,26940914.48
1742558400,126.37,127.68,125.35,125.92,40124576.77
1742572800,125.92,129.6,124.83,128.19,53849373.32
1742587200,128.19,130.12,127.54,128.45,29588763.11
1742601600,128.45,129.3,127.78,128.84,14747026.44
1742616000,128.84,129.68,128.52,128.77,9125798.01
1742630400,128.77,131.77,128.75,130.3,23368803.03
1742644800,130.3,130.5,128.63,129.22,17981839.25
1742659200,129.22,130.25,128.92,129.95,14067102.84
1742673600,129.95,130.04,128.11,128.49,15872747.78
1742688000,128.49,130.8,128.23,130.79,13519783.05
1742702400,130.79,131.46,129.73,131.15,11228992.71
1742716800,131.15,134.02,130.94,133.06,26459604.25
1742731200,133.06,133.79,132.24,132.5,32147723.7
1742745600,132.5,132.71,130.35,130.53,21462502.64
1742760000,130.53,132.85,130.2,132.84,22761287.74
1742774400,132.84,138.43,132.08,138.16,76002220.21000001
1742788800,138.16,139.33,137.78,138.92,46674449.29
1742803200,138.92,144.11,138.64,143.41,86145324.93
1742817600,143.41,145.11,142.32,143.3,106630971.32
1742832000,143.3,143.47,141.31,142.8,44829664.25
1742846400,142.8,143.63,139.67,141.02,40169830.5
1742860800,141.02,142.3,138.22,138.63,32345963.48
1742875200,138.63,140.34,138.18,139.48,23127175.44
1742889600,139.48,143.4,139.45,142.21,32123377.55
1742904000,142.21,147.53,141.18,145.32,116140033.41
1742918400,145.32,146.26,143.69,145.07,60984301.83
1742932800,145.07,146.11,142.52,143.7,51545289.04
1742947200,143.7,144.61,141.55,141.86,32098368.12
1742961600,141.86,144.89,141.69,144.56,25660349.54
1742976000,144.56,145.53,143.86,144.65,21647820.61
1742990400,144.65,145.1,138.97,139.35,84520771.95
1743004800,139.35,140.22,136.23,137.48,47281168.57
1743019200,137.48,138.51,135.94,137.37,34304198.37
1743033600,137.37,140.23,136.85,139.9,32966985.99
1743048000,139.9,140.08,137.94,138.91,23199270.19
1743062400,138.91,139.24,137.17,137.44,31527966.66
1743076800,137.44,139.78,135.65,137.78,54856233.38
1743091200,137.78,139.71,137.37,139.05,36728899.17
1743105600,139.05,139.92,138.1,138.41,19601435.9
1743120000,138.41,139.0,136.17,136.78,38124053.03
1743134400,136.78,137.26,131.34,131.6,54138823.05
1743148800,131.6,132.59,130.34,131.9,49602556.75
1743163200,131.9,132.13,129.14,129.87,75269033.57000001
1743177600,129.87,130.21,128.99,129.33,35589328.480000004
1743192000,129.33,130.34,127.69,129.43,31943671.24
1743206400,129.43,130.47,126.59,128.78,27409220.68
1743220800,128.78,129.04,125.45,126.34,21657936.76
1743235200,126.34,127.03,124.31,125.22,26745745.14
1743249600,125.22,126.74,124.96,126.26,22264375.63
1743264000,126.26,126.71,123.65,125.21,33424049.74
1743278400,125.21,125.36,122.7,124.53,26561071.03
1743292800,124.53,126.59,123.48,125.7,23846366.7
1743307200,125.7,126.5,125.13,125.46,14925068.58
1743321600,125.46,126.38,124.64,125.07,13882880.21
1743336000,125.07,125.55,123.2,124.88,25466289.56
1743350400,124.88,127.02,123.0,125.82,30263107.92
1743364800,125.82,126.33,123.19,124.8,22100426.0
1743379200,124.8,127.58,122.75,124.55,41631485.9
1743393600,124.55,126.99,124.33,125.79,31627432.02
1743408000,125.79,126.64,123.05,124.27,30276622.83
1743422400,124.27,127.8,123.25,126.77,63607789.55
1743436800,126.77,127.34,123.85,125.23,44639544.0
1743451200,125.23,126.23,124.51,124.55,32752590.25
1743465600,124.55,126.69,123.76,126.02,28255387.590000004
1743480000,126.02,126.78,125.58,126.68,16818563.92
1743494400,126.68,129.95,126.66,127.58,57060842.69
1743508800,127.58,130.38,124.69,129.26,72164739.71000001
1743523200,129.26,129.6,125.53,126.81,48256599.3
1743537600,126.81,127.52,125.28,126.69,27439308.01
1743552000,126.69,126.92,124.1,124.34,36173761.24
1743566400,124.34,125.0,123.49,124.56,22373149.85
1743580800,124.56,126.69,124.31,125.68,26285895.81
1743595200,125.68,131.02,125.13,130.39,103835165.54
1743609600,130.39,131.74,129.17,131.43,56963426.8
1743624000,131.43,136.03,117.25,117.39,244344988.29
1743638400,117.39,120.92,116.21,119.81,85571605.25
1743652800,119.81,120.83,117.93,118.63,46309408.48
1743667200,118.63,119.22,115.16,115.73,69790554.55
1743681600,115.73,115.98,112.22,114.14,116899170.63
1743696000,114.14,115.94,113.25,115.35,55930910.01
1743710400,115.35,117.38,115.06,117.11,32451382.96
1743724800,117.11,117.36,114.61,115.36,30410548.08
1743739200,115.36,118.32,114.69,118.14,32436085.5
1743753600,118.14,119.91,113.29,114.54,70316244.25
1743768000,114.54,120.94,113.96,118.57,123955961.71
1743782400,118.57,123.86,118.19,122.59,119462817.67
1743796800,122.59,123.97,121.7,122.75,37040751.48
1743811200,122.75,122.81,120.61,120.69,26629405.07
1743825600,120.69,121.27,120.17,121.02,14764150.37
1743840000,121.02,121.9,119.85,120.25,18056154.02
1743854400,120.25,120.28,116.33,117.51,41383683.49
1743868800,117.51,119.29,117.48,118.55,20070438.55
1743883200,118.55,120.47,118.37,120.26,24366567.04
1743897600,120.26,121.04,119.38,119.91,21394124.58
1743912000,119.91,120.53,118.79,119.16,16842640.8
1743926400,119.16,120.1,118.13,118.54,19338256.02
1743940800,118.54,118.76,114.27,114.96,77177385.63
1743955200,114.96,115.21,106.24,108.05,154746110.36
1743969600,108.05,108.47,103.78,105.83,107055682.66
1743984000,105.83,107.69,102.19,103.2,84738469.50999999
1743998400,103.2,103.68,95.24,97.07,140020792.78
1744012800,97.07,102.54,96.86,100.21,108921501.66
1744027200,100.21,112.81,99.7,106.62,275164074.48
1744041600,106.62,107.92,103.53,105.67,125507998.51
1744056000,105.67,109.26,105.67,106.94,49818786.43
1744070400,106.94,112.54,106.66,111.29,82601536.25999999
1744084800,111.29,112.12,107.95,108.67,43774178.71
1744099200,108.67,111.79,107.14,111.55,42642815.41
1744113600,111.55,112.15,106.65,107.16,103483556.64
1744128000,107.16,107.25,102.88,103.93,99033871.66
1744142400,103.93,106.42,103.57,105.36,96767412.5
1744156800,105.36,106.5,101.19,103.09,96021649.01
1744171200,103.09,107.73,102.97,107.34,79685635.5
1744185600,107.34,108.19,102.71,103.37,56060815.63
1744200000,103.37,107.33,102.27,106.44,63513660.69
1744214400,106.44,120.76,106.17,118.85,205852464.75
1744228800,118.85,120.45,118.09,119.04,55356188.64
1744243200,119.04,119.25,114.48,115.46,43216133.84
1744257600,115.46,116.91,114.1,114.74,30940499.24
1744272000,114.74,115.19,113.37,113.91,19525512.48
1744286400,113.91,115.67,109.35,109.51,90681525.0
1744300800,109.51,111.81,108.31,111.29,104467180.2
1744315200,111.29,113.33,111.23,112.76,39811608.650000006
1744329600,112.76,115.69,112.1,115.35,39038950.72
1744344000,115.35,117.66,114.93,116.53,24776119.15
1744358400,116.53,119.32,115.86,117.93,45370157.370000005
1744372800,117.93,121.4,117.53,119.85,99680832.95
1744387200,119.85,122.0,118.62,120.85,60351390.53
1744401600,120.85,122.62,119.95,121.36,38756821.36
1744416000,121.36,122.17,119.37,120.13,29437562.15
1744430400,120.13,124.52,119.78,124.2,42363536.7
1744444800,124.2,125.46,123.99,124.56,26407885.970000003
1744459200,124.56,131.69,124.35,130.45,95175195.36
1744473600,130.45,131.54,128.18,130.71,51339874.26
1744488000,130.71,134.05,130.66,132.23,57600465.69
1744502400,132.23,133.95,130.91,131.79,42579160.6
1744516800,131.79,132.0,128.17,128.52,32904810.47
1744531200,128.52,131.56,128.18,129.78,30237759.06
1744545600,129.78,130.38,126.81,128.69,40812269.21
1744560000,128.69,132.48,127.07,128.17,50337740.58
1744574400,128.17,129.78,125.29,128.31,71877802.35
1744588800,128.31,136.01,127.92,131.68,91356210.94
1744603200,131.68,134.29,131.24,132.28,37211260.53
1744617600,132.28,134.11,131.49,133.48,37244237.68
1744632000,133.48,134.75,128.12,128.77,102616096.52
1744646400,128.77,131.98,128.1,131.04,43383685.02
1744660800,131.04,131.18,128.67,129.38,32376601.41
1744675200,129.38,130.71,127.73,130.54,56027747.25
1744689600,130.54,132.26,129.67,131.56,20875130.87
1744704000,131.56,133.85,131.4,132.13,30859535.58
1744718400,132.13,134.4,129.11,129.6,64417273.1
1744732800,129.6,130.59,127.31,127.92,52488738.05
1744747200,127.92,128.58,125.84,126.09,39315157.45
1744761600,126.09,127.32,124.81,126.44,40320430.23
1744776000,126.44,126.67,124.41,124.78,28079511.37
1744790400,124.78,126.61,123.5,126.22,36127466.12
1744804800,126.22,129.48,124.47,128.36,65640187.85
1744819200,128.36,133.87,124.9,132.46,118183804.99
1744833600,132.46,133.67,130.78,131.32,50888232.63
1744848000,131.32,132.65,129.51,129.78,36417151.95
1744862400,129.78,135.57,129.62,134.25,56224296.57
1744876800,134.25,134.97,132.41,133.09,35633152.71
1744891200,133.09,134.45,130.58,133.44,65898575.73
1744905600,133.44,136.14,132.04,132.95,85689840.66
1744920000,132.95,135.28,132.95,134.84,28742706.8
1744934400,134.84,135.99,133.79,134.52,27298010.880000003
1744948800,134.52,134.99,133.27,134.89,18821877.8
1744963200,134.89,135.49,133.56,134.26,23611854.65
1744977600,134.26,135.14,132.48,132.9,29579328.61
1744992000,132.9,134.47,132.7,134.21,17054388.740000002
1745006400,134.21,134.38,133.22,134.05,19039790.02
1745020800,134.05,139.15,133.59,138.83,78524008.75999999
1745035200,138.83,139.43,137.82,138.78,44349983.67
1745049600,138.78,139.95,138.51,138.75,40701568.37
1745064000,138.75,140.51,138.53,138.96,32243581.86
1745078400,138.96,139.34,137.69,138.7,26355481.62
1745092800,138.7,139.9,138.34,139.86,17509481.43
1745107200,139.86,141.95,139.44,140.97,49587342.73
1745121600,140.97,141.61,138.67,139.66,43617496.96
1745136000,139.66,139.83,135.91,136.43,61255404.05
1745150400,136.43,138.03,135.69,135.98,44614127.03
1745164800,135.98,137.25,135.78,137.2,26795180.43
1745179200,137.2,138.5,136.39,137.86,36488394.32
1745193600,137.86,143.08,137.67,139.38,64333487.46
1745208000,139.38,141.83,139.26,140.2,26945462.16
1745222400,140.2,141.13,138.36,139.01,16797027.82
1745236800,139.01,140.12,136.79,138.39,55053656.61
1745251200,138.39,138.8,133.86,136.89,103215979.68
1745265600,136.89,137.39,135.37,136.57,42603773.31
1745280000,136.57,139.87,134.82,139.37,39945418.09
1745294400,139.37,140.6,138.46,140.17,19075515.47
1745308800,140.17,140.8,138.98,140.46,20397776.69
1745323200,140.46,145.67,140.12,145.41,103216700.92
1745337600,145.41,147.68,143.65,144.37,69955367.66
1745352000,144.37,150.24,143.55,148.84,92060315.06
1745366400,148.84,149.5,147.22,149.29,50527765.830000006
1745380800,149.29,152.34,148.66,151.65,60022747.83
1745395200,151.65,153.72,151.07,152.13,53020624.88
1745409600,152.13,154.14,148.77,151.43,109950824.54
1745424000,151.43,152.48,148.99,150.23,52647495.08
1745438400,150.23,151.87,149.9,151.17,28568786.99
1745452800,151.17,151.47,147.69,147.79,35590870.94
1745467200,147.79,149.17,147.01,147.19,26407812.82
1745481600,147.19,147.76,145.28,147.71,32075324.49
1745496000,147.71,151.5,147.11,149.39,69925391.59
1745510400,149.39,152.47,148.93,151.63,53454526.03
1745524800,151.63,152.91,150.1,152.59,38208706.07
1745539200,152.59,154.49,150.58,151.77,45511392.36
1745553600,151.77,155.01,150.82,154.9,46960023.39
1745568000,154.9,155.04,153.02,154.82,58793809.94
1745582400,154.82,156.95,152.33,153.04,114400498.79
1745596800,153.04,153.32,150.53,151.5,50425893.2
1745611200,151.5,152.59,150.03,150.92,38990081.35
1745625600,150.92,153.24,150.92,151.43,27981751.0
1745640000,151.43,152.41,150.07,151.42,21150444.09
1745654400,151.42,152.37,148.07,148.54,27416192.67
1745668800,148.54,149.6,147.82,149.39,26918610.81
1745683200,149.39,149.52,148.4,149.29,16170511.96
1745697600,149.29,149.72,148.42,149.28,16070300.62
1745712000,149.28,150.41,146.08,147.59,34857364.79
1745726400,147.59,147.89,145.58,147.46,17578094.82
1745740800,147.46,148.78,147.39,148.01,13483039.82
1745755200,148.01,149.78,147.07,149.06,28775612.53
1745769600,149.06,150.28,148.28,150.09,23579100.63
1745784000,150.09,150.15,147.92,148.04,19876232.49
1745798400,148.04,149.51,144.7,148.44,57253739.95
1745812800,148.44,151.53,148.44,151.13,38440856.63
1745827200,151.13,153.43,149.14,151.73,61228026.83
1745841600,151.73,151.87,145.6,146.35,88808597.46000001
1745856000,146.35,148.9,145.42,148.47,54953059.55
1745870400,148.47,148.48,146.61,147.88,27736607.14
1745884800,147.88,149.25,147.01,147.51,32060395.59
1745899200,147.51,148.98,145.61,148.94,25298365.06
1745913600,148.94,149.52,147.68,149.05,21711723.91
1745928000,149.05,149.28,146.91,148.08,40213482.77
1745942400,148.08,150.37,147.77,149.29,50469445.6
1745956800,149.29,149.55,145.02,146.35,48096190.99
1745971200,146.35,148.67,145.15,148.2,45920569.98
1745985600,148.2,148.39,146.17,146.45,24444420.22
1746000000,146.45,148.03,146.1,147.97,12003550.14
1746014400,147.97,148.02,140.42,142.23,129683872.01
1746028800,142.23,146.04,141.38,145.62,55591741.8
1746043200,145.62,148.12,145.37,147.57,37389347.9
1746057600,147.57,149.67,147.57,148.73,27986726.88
1746072000,148.73,150.23,148.03,149.84,18688258.6
1746086400,149.84,152.48,149.6,151.78,32481373.08
1746100800,151.78,154.0,150.65,151.9,67526773.03999999
1746115200,151.9,152.9,150.16,150.32,49995668.92
1746129600,150.32,150.98,149.94,150.9,30163386.74
1746144000,150.9,151.79,150.14,150.81,23211395.19
1746158400,150.81,151.09,148.44,148.56,25462760.36
1746172800,148.56,150.82,148.45,150.77,16801628.7
1746187200,150.77,151.97,149.43,149.95,57036634.17
1746201600,149.95,151.45,147.86,148.17,32247596.67
1746216000,148.17,148.71,147.41,148.09,20601687.66
1746230400,148.09,149.07,147.59,148.35,15168767.26
1746244800,148.35,148.62,147.47,148.16,13071540.36
1746259200,148.16,148.4,146.78,147.18,22579791.23
1746273600,147.18,148.99,147.17,148.49,16843931.119999997
1746288000,148.49,148.51,145.9,147.47,18812206.21
1746302400,147.47,147.94,146.69,146.76,11137471.74
1746316800,146.76,147.69,145.55,145.64,14880866.69
1746331200,145.64,146.56,145.22,145.65,13737909.62
1746345600,145.65,146.0,144.73,145.47,12057647.56
1746360000,145.47,147.24,145.01,146.82,12401709.98
1746374400,146.82,147.8,146.05,146.2,15479254.89
1746388800,146.2,147.18,143.66,143.99,23979509.03
1746403200,143.99,145.45,142.56,144.93,26848288.770000003
1746417600,144.93,147.34,144.92,146.88,19881671.74
1746432000,146.88,147.06,143.63,144.24,16573998.04
1746446400,144.24,145.41,143.23,143.74,29954024.43
1746460800,143.74,147.11,143.7,146.48,29504671.13
1746475200,146.48,147.72,144.96,146.67,22749511.38
1746489600,146.67,146.8,143.81,144.62,19845399.08
1746504000,144.62,145.84,144.33,145.24,10699041.26
1746518400,145.24,145.25,141.97,142.56,23411753.74
1746532800,142.56,143.92,141.39,143.15,27262894.23
1746547200,143.15,145.26,142.42,144.85,27812575.35
1746561600,144.85,147.22,143.53,146.88,33465500.32
1746576000,146.88,149.56,145.45,146.23,41944738.29
1746590400,146.23,147.31,145.42,147.27,21841670.59
1746604800,147.27,148.26,146.94,147.58,13842169.66
1746619200,147.58,147.74,145.49,145.77,29422428.96
1746633600,145.77,147.35,144.71,145.79,44473069.98
1746648000,145.79,148.32,145.52,147.36,30471692.53
1746662400,147.36,151.16,147.12,150.89,46689409.38
1746676800,150.89,151.96,150.06,151.61,39423065.61
1746691200,151.61,155.27,151.58,154.58,43048820.53
1746705600,154.58,163.0,154.24,160.19,133311758.36
1746720000,160.19,161.05,158.58,160.55,87139340.92
1746734400,160.55,164.53,159.84,164.44,74711438.22
1746748800,164.44,164.46,161.31,161.35,45915651.06
1746763200,161.35,166.89,161.07,165.12,51381973.93
1746777600,165.12,176.08,164.31,172.32,151119170.74
1746792000,172.32,173.39,167.42,170.75,116851734.04
1746806400,170.75,172.57,168.6,171.94,73447099.08
1746820800,171.94,173.81,171.19,172.8,39428051.8
1746835200,172.8,175.15,170.72,171.61,39064960.24
1746849600,171.61,172.54,169.82,172.35,31697564.59
1746864000,172.35,173.43,168.77,169.0,40532774.88
1746878400,169.0,172.03,169.0,171.09,28349784.44
1746892800,171.09,173.83,170.89,172.19,44206939.71
1746907200,172.19,178.88,171.47,177.93,69539776.55
1746921600,177.93,180.03,172.94,175.88,101248413.85
1746936000,175.88,177.6,172.38,172.66,38600616.32
1746950400,172.66,175.02,172.63,174.8,19572387.45
1746964800,174.8,175.21,169.52,170.5,52734615.42
1746979200,170.5,173.48,169.47,172.8,57315905.15
1746993600,172.8,173.89,171.33,173.23,29356190.07
1747008000,173.23,176.89,171.83,174.9,76463657.98
1747022400,174.9,179.61,173.7,176.09,204518733.75
1747036800,176.09,176.94,173.75,174.09,50456941.77
1747051200,174.09,181.35,174.02,174.39,144556556.77
1747065600,174.39,176.65,168.37,171.19,91890591.8
1747080000,171.19,174.88,170.44,174.22,39553333.03
1747094400,174.22,174.38,166.97,166.99,63919401.93
1747108800,166.99,172.39,166.18,171.49,32965066.18
1747123200,171.49,175.18,170.96,174.02,35756151.78
1747137600,174.02,176.29,172.24,176.11,77900331.72
1747152000,176.11,184.45,175.76,182.15,133709323.81
1747166400,182.15,184.79,180.51,183.77,82230947.1
1747180800,183.77,184.84,179.12,180.27,76966051.86
1747195200,180.27,183.94,179.87,181.75,42050139.73
1747209600,181.75,182.63,177.68,181.06,57691327.69
1747224000,181.06,181.85,175.71,177.39,74863813.34
1747238400,177.39,177.71,173.21,177.15,68029076.82
1747252800,177.15,177.73,175.29,176.68,39769248.7
1747267200,176.68,178.36,174.09,174.12,48043355.12
1747281600,174.12,175.3,169.82,170.43,47322606.79
1747296000,170.43,173.08,168.76,171.12,50318214.48
1747310400,171.12,172.86,167.05,172.29,104458100.69
1747324800,172.29,174.51,167.79,169.75,104349446.35
1747339200,169.75,170.64,166.83,169.17,62008283.17
1747353600,169.17,173.65,168.77,172.65,46171781.24
1747368000,172.65,173.55,171.18,172.19,29900911.1
1747382400,172.19,174.24,169.48,172.86,41369488.82
1747396800,172.86,174.18,170.94,172.15,56049774.11
1747411200,172.15,172.74,169.84,171.51,44237646.28
1747425600,171.51,171.51,166.44,167.48,48594943.35
1747440000,167.48,168.58,164.1,168.3,59859580.58
1747454400,168.3,169.99,167.38,168.58,28435343.75
1747468800,168.58,169.4,166.79,167.65,23383768.23
1747483200,167.65,168.24,165.86,167.36,28131081.25
1747497600,167.36,167.54,164.5,165.31,40633042.69
1747512000,165.31,167.94,164.42,166.02,39136027.97
1747526400,166.02,167.93,165.95,166.94,23733628.24
1747540800,166.94,170.74,166.92,170.7,24252035.61
1747555200,170.7,172.01,170.66,170.81,19664135.15
1747569600,170.81,176.67,170.25,176.28,44719043.63
1747584000,176.28,176.82,166.72,166.73,102920556.48
1747598400,166.73,174.32,164.72,173.38,80044117.17
1747612800,173.38,173.95,165.03,165.38,61102786.46
1747627200,165.38,166.81,159.5,161.96,71134604.25
1747641600,161.96,162.71,160.52,162.23,36051067.72
1747656000,162.23,164.76,160.19,164.24,65734023.05
1747670400,164.24,167.41,162.83,166.64,68999223.96
1747684800,166.64,167.81,165.21,166.88,30687130.34
1747699200,166.88,173.05,166.85,169.22,76069494.0
1747713600,169.22,170.66,167.15,167.42,36719977.63
1747728000,167.42,168.16,165.31,166.54,32468899.45
1747742400,166.54,167.4,164.6,166.71,46074171.0
1747756800,166.71,169.18,164.66,168.26,56615795.39
1747771200,168.26,169.42,166.39,168.64,46418916.44
1747785600,168.64,170.99,166.9,170.04,40815629.59
1747800000,170.04,171.82,168.42,168.9,51322727.74
1747814400,168.9,169.73,167.47,169.42,27294294.03
1747828800,169.42,173.7,168.45,172.25,74831560.94
1747843200,172.25,175.0,165.66,171.27,174153830.41
1747857600,171.27,175.98,169.24,173.61,68929634.82000001
1747872000,173.61,177.53,172.67,176.87,81351566.8
1747886400,176.87,178.75,175.28,178.54,55765504.25
1747900800,178.54,180.83,177.23,178.13,61722238.66
1747915200,178.13,179.96,177.12,179.05,84234209.22
1747929600,179.05,180.42,177.62,177.94,63140187.98
1747944000,177.94,180.06,177.36,179.72,36288832.38
1747958400,179.72,185.43,179.37,185.03,100493969.21
1747972800,185.03,185.33,180.05,182.58,86974387.43
1747987200,182.58,187.67,177.2,177.85,114784972.51
1748001600,177.85,183.79,173.6,180.72,196631215.93
1748016000,180.72,182.22,178.47,179.13,85352491.53
1748030400,179.13,179.29,173.36,174.03,69420835.24000001
1748044800,174.03,176.11,172.67,175.15,57509304.51
1748059200,175.15,176.43,173.54,173.97,25832096.23
1748073600,173.97,178.36,173.33,176.94,34531467.09
1748088000,176.94,177.16,175.14,176.38,27948233.79
1748102400,176.38,177.73,175.39,177.19,22985624.44
1748116800,177.19,177.97,175.44,175.96,26306202.020000003
1748131200,175.96,176.95,170.45,173.71,72505769.17
1748145600,173.71,174.46,171.96,172.39,23267870.59
1748160000,172.39,172.42,170.21,172.01,34042630.54
1748174400,172.01,172.68,169.23,170.36,39855677.13
1748188800,170.36,172.83,169.27,172.59,23609970.07
1748203200,172.59,175.93,171.02,175.81,52079732.8
1748217600,175.81,177.87,175.25,177.1,41535855.29
1748232000,177.1,179.09,176.7,178.27,31495465.84
1748246400,178.27,178.45,176.53,178.0,23641109.25
1748260800,178.0,178.83,176.03,177.54,36124140.13
1748275200,177.54,178.1,173.56,174.16,43003806.48
1748289600,174.16,176.04,173.72,174.98,25579386.5
1748304000,174.98,175.81,171.36,173.57,34443336.89
1748318400,173.57,175.92,172.58,175.46,21497784.31
1748332800,175.46,177.22,175.11,176.85,22504296.83
1748347200,176.85,179.48,175.16,178.52,87419596.26
1748361600,178.52,179.38,177.47,177.57,57431227.06
1748376000,177.57,178.69,175.68,176.8,37233569.63
1748390400,176.8,177.48,174.35,175.21,34196195.22
1748404800,175.21,175.39,173.82,174.0,15128947.85
1748419200,174.0,174.62,173.0,174.6,27416542.3
1748433600,174.6,175.19,169.03,169.73,82753896.72
1748448000,169.73,172.06,169.21,169.42,33289988.23
1748462400,169.42,172.68,169.23,172.28,27948139.75
1748476800,172.28,175.41,171.4,173.77,57480951.65
1748491200,173.77,173.99,170.26,172.31,28879602.77
1748505600,172.31,173.5,171.77,172.93,20113655.28
1748520000,172.93,172.97,169.14,169.8,48355896.46
1748534400,169.8,170.33,166.07,166.82,69346598.89
1748548800,166.82,168.52,166.05,166.71,28960193.8
1748563200,166.71,167.48,160.29,165.17,67877842.11
1748577600,165.17,165.9,162.65,162.76,24247394.95
1748592000,162.76,164.2,161.6,163.88,40745418.02
1748606400,163.88,163.98,160.13,161.24,47308301.11
1748620800,161.24,161.79,156.35,160.88,78836968.24000001
1748635200,160.88,161.02,155.34,156.26,31776199.37
1748649600,156.26,157.27,152.22,154.22,67822532.85
1748664000,154.22,155.93,153.12,154.96,19324013.89
1748678400,154.96,155.3,152.7,153.02,17427799.71
1748692800,153.02,156.84,152.75,155.73,36453053.37
1748707200,155.73,158.02,155.31,157.59,26765332.76
1748721600,157.59,158.08,156.41,156.53,22495337.63
1748736000,156.53,156.8,153.54,154.79,26510388.97
1748750400,154.79,156.01,154.25,154.52,12468832.31
1748764800,154.52,154.7,150.68,152.13,32899226.41
1748779200,152.13,154.65,150.75,154.25,26059811.45
1748793600,154.25,156.81,153.57,155.98,44200689.88
1748808000,155.98,157.98,155.28,157.77,25833685.39
1748822400,157.77,158.98,155.44,155.55,35561556.85
1748836800,155.55,156.79,154.76,155.6,18363755.31
1748851200,155.6,156.6,153.02,153.53,34338028.93
1748865600,153.53,154.56,151.76,153.24,62965109.02
1748880000,153.24,155.18,151.87,153.01,32983684.58
1748894400,153.01,157.29,153.01,156.91,33305985.94
1748908800,156.91,162.46,156.5,159.5,47885739.72
1748923200,159.5,160.27,158.33,159.89,14071395.32
1748937600,159.89,161.74,158.4,160.67,17060354.71
1748952000,160.67,163.71,159.6,162.33,45096439.79
1748966400,162.33,162.54,160.11,160.68,31559202.69
1748980800,160.68,160.69,154.36,155.3,46148039.92
1748995200,155.3,157.72,154.29,156.67,27297477.9
1749009600,156.67,157.09,155.88,156.53,11098883.09
1749024000,156.53,157.97,155.85,156.0,13015998.12
1749038400,156.0,158.01,154.7,157.17,33993992.91
1749052800,157.17,157.64,155.36,155.47,25167373.56
1749067200,155.47,155.64,153.05,153.31,38303841.09
1749081600,153.31,154.66,153.11,153.91,18506485.54
1749096000,153.91,154.2,152.04,152.52,22659505.82
1749110400,152.52,153.1,151.35,152.44,30473464.87
1749124800,152.44,154.48,148.73,150.96,61052403.39
1749139200,150.96,151.13,144.46,146.21,66809953.42
1749153600,146.21,146.6,141.57,144.38,82047804.44
1749168000,144.38,146.94,144.27,146.93,28210789.53
1749182400,146.93,148.3,146.75,147.46,25517412.16
1749196800,147.46,149.67,147.33,149.23,20133643.87
1749211200,149.23,152.46,149.23,151.17,45010125.82
1749225600,151.17,151.65,148.63,149.26,29341638.98
1749240000,149.26,150.07,147.82,147.95,15370182.71
1749254400,147.95,149.82,147.01,149.59,19115451.36
1749268800,149.59,152.91,149.12,152.48,20896377.45
1749283200,152.48,152.79,151.34,151.53,10702270.18
1749297600,151.53,152.49,150.83,151.1,15545036.14
1749312000,151.1,151.67,150.29,150.66,13305398.89
1749326400,150.66,151.54,149.86,150.16,11837449.79
1749340800,150.16,150.42,149.27,149.95,8683572.75
1749355200,149.95,150.57,149.22,149.38,7884615.6
1749369600,149.38,149.77,148.1,149.7,14652055.8
1749384000,149.7,151.22,149.13,150.81,15146293.44
1749398400,150.81,154.57,150.73,154.55,21230862.32
1749412800,154.55,155.33,152.25,152.53,17266031.81
1749427200,152.53,153.23,150.9,151.63,16470267.92
1749441600,151.63,151.96,149.7,150.95,16054153.1
1749456000,150.95,156.66,150.5,155.68,40042459.77
1749470400,155.68,155.9,153.17,155.12,35187229.72
1749484800,155.12,157.04,155.1,155.83,29415982.1
1749499200,155.83,161.76,155.83,161.23,41938318.28
1749513600,161.23,161.84,158.79,159.22,25093197.1
1749528000,159.22,159.62,157.5,158.57,17056796.27
1749542400,158.57,161.51,157.24,160.88,31075503.58
1749556800,160.88,161.99,156.4,158.08,54221908.58
1749571200,158.08,165.49,157.15,163.65,91869651.63
1749585600,163.65,165.68,162.92,165.14,63074166.33
1749600000,165.14,167.42,163.49,166.71,53568269.04
1749614400,166.71,167.13,164.42,166.7,51717663.02
1749628800,166.7,167.2,164.02,164.49,37591615.63
1749643200,164.49,168.37,163.75,167.29,86279664.76
1749657600,167.29,167.44,162.42,162.73,70470040.99
1749672000,162.73,163.94,159.28,161.02,47904897.51
1749686400,161.02,161.34,159.29,159.87,33683986.04
1749700800,159.87,160.57,158.3,158.82,27084620.93
1749715200,158.82,159.94,157.47,157.76,27459811.86
1749729600,157.76,160.67,156.53,157.07,60783575.99
1749744000,157.07,160.53,154.56,154.88,45188139.620000005
1749758400,154.88,155.45,152.11,152.41,50190593.84
1749772800,152.41,152.63,140.95,144.89,188875016.06
1749787200,144.89,145.52,142.73,145.1,36270962.48
1749801600,145.1,146.7,143.76,145.53,49831272.18
1749816000,145.53,147.87,144.04,147.24,53500657.71
1749830400,147.24,148.62,144.41,145.25,51470101.64
1749844800,145.25,149.0,144.83,148.66,31496717.31
1749859200,148.66,148.76,146.49,146.78,25273737.36
1749873600,146.78,147.2,145.64,146.26,18226446.25
1749888000,146.26,146.27,145.03,145.91,14939799.97
1749902400,145.91,145.99,143.92,144.64,27012006.33
1749916800,144.64,145.15,143.06,143.58,21624933.9
1749931200,143.58,145.1,142.06,144.72,21956344.77
1749945600,144.72,146.12,144.68,145.83,11051741.82
1749960000,145.83,148.14,145.79,145.98,18427251.37
1749974400,145.98,146.73,144.31,146.39,15703610.95
1749988800,146.39,153.04,146.22,150.86,62513814.63
1750003200,150.86,153.54,150.27,152.27,28429185.64
1750017600,152.27,153.03,148.23,152.98,37029488.26
1750032000,152.98,157.35,151.05,155.61,50938278.84
1750046400,155.61,157.93,155.54,157.31,30523802.88
1750060800,157.31,157.52,154.86,156.51,21331538.14
1750075200,156.51,157.82,154.73,156.65,64945164.98
1750089600,156.65,158.81,156.44,157.87,43652352.47
1750104000,157.87,157.95,150.39,150.74,69066625.36
1750118400,150.74,154.06,147.58,153.4,63163171.85
1750132800,153.4,154.34,152.47,152.72,22643697.05
1750147200,152.72,152.93,150.21,150.57,21883105.57
1750161600,150.57,151.43,146.6,147.65,39223598.93
1750176000,147.65,150.4,145.63,148.91,51676254.27
1750190400,148.91,149.3,146.35,147.61,32879982.68
1750204800,147.61,149.12,146.58,148.42,20245889.25
1750219200,148.42,149.3,146.95,148.03,15033329.84
1750233600,148.03,148.56,145.4,146.54,18743028.08
1750248000,146.54,146.79,143.87,145.8,44891907.66
1750262400,145.8,146.49,143.81,144.75,46943598.56
1750276800,144.75,147.95,144.15,146.41,27466035.47
1750291200,146.41,147.94,145.05,146.64,20955698.61
1750305600,146.64,147.17,145.07,145.13,14849044.54
1750320000,145.13,146.54,144.9,145.14,10091108.99
1750334400,145.14,145.53,143.01,143.2,23578381.38
1750348800,143.2,146.01,143.15,145.53,25455935.15
1750363200,145.53,147.47,145.09,147.06,23360775.31
1750377600,147.06,147.53,145.47,145.48,13205428.08
1750392000,145.48,147.78,144.34,147.49,12726732.77
1750406400,147.49,148.8,147.01,148.22,19473943.06
1750420800,148.22,148.39,142.42,142.87,45885363.2
1750435200,142.87,143.01,135.74,139.86,85426952.69
1750449600,139.86,141.71,138.71,140.15,32321974.8
1750464000,140.15,141.36,139.58,140.81,19840471.81
1750478400,140.81,141.0,139.9,140.68,10292848.74
1750492800,140.68,142.61,140.34,142.11,14982801.19
1750507200,142.11,142.48,139.22,140.35,19957554.55
1750521600,140.35,141.09,137.28,137.31,29389148.700000003
1750536000,137.31,138.9,131.03,135.47,76625203.19
1750550400,135.47,137.64,133.3,135.14,51416134.75
1750564800,135.14,136.53,134.68,134.87,15175755.97
1750579200,134.87,135.38,132.05,133.3,21821886.45
1750593600,133.3,133.89,126.65,128.59,111176801.77
1750608000,128.59,131.48,128.35,129.11,41267792.06
1750622400,129.11,132.6,126.09,131.78,58946910.71
1750636800,131.78,133.55,131.6,132.72,20665838.13
1750651200,132.72,135.05,132.44,134.45,19879901.41
1750665600,134.45,134.92,133.32,134.16,15727641.83
1750680000,134.16,137.48,133.0,133.49,53817034.45999999
1750694400,133.49,140.28,130.75,139.88,91655952.99
1750708800,139.88,147.01,139.37,144.6,102200073.55
1750723200,144.6,144.87,142.43,143.37,27119029.700000003
1750737600,143.37,146.81,142.98,144.13,34918138.89
1750752000,144.13,145.86,143.14,144.66,53028157.71
1750766400,144.66,145.78,143.54,144.37,44967666.65
1750780800,144.37,146.66,142.93,143.73,47630945.93
1750795200,143.73,145.99,143.3,145.98,19590384.58
1750809600,145.98,146.95,145.13,145.63,25802202.74
1750824000,145.63,147.5,145.0,147.08,22297476.83
1750838400,147.08,147.18,145.11,146.35,28161851.33
1750852800,146.35,147.99,143.2,143.76,51762900.64
1750867200,143.76,144.8,142.92,144.8,36084480.1
1750881600,144.8,145.65,142.38,143.65,22046768.72
1750896000,143.65,148.03,143.52,146.0,31852929.0
1750910400,146.0,146.15,144.13,145.26,16568351.14
1750924800,145.26,145.88,143.24,143.72,18941861.92
1750939200,143.72,144.02,141.5,143.07,36955420.2
1750953600,143.07,143.31,141.02,142.35,27487876.12
1750968000,142.35,144.03,138.72,139.15,40718382.22
1750982400,139.15,141.63,137.25,141.44,25662473.14
1750996800,141.44,142.28,140.28,140.39,16874695.12
1751011200,140.39,142.83,140.39,142.19,18042122.57
1751025600,142.19,143.89,141.22,143.55,37760441.28
1751040000,143.55,144.87,140.22,141.86,38734610.97
1751054400,141.86,143.39,141.71,142.17,16924745.65
1751068800,142.17,143.61,141.24,143.46,20697535.25
1751083200,143.46,146.8,143.18,146.61,18800245.39
1751097600,146.61,147.59,145.71,147.2,21498305.01
1751112000,147.2,148.69,145.97,148.23,21373304.74
1751126400,148.23,152.72,148.18,150.75,60652558.98
1751140800,150.75,151.43,150.14,150.81,15041437.47
1751155200,150.81,151.13,149.49,149.57,15441708.88
1751169600,149.57,150.36,149.46,150.35,8462436.74
1751184000,150.35,152.21,150.02,151.77,18760132.24
1751198400,151.77,152.59,150.81,150.84,26310223.29
1751212800,150.84,152.26,149.79,151.22,16741325.26
1751227200,151.22,154.76,150.43,153.36,39609522.79
1751241600,153.36,154.11,151.39,151.85,28910209.65
1751256000,151.85,152.11,149.78,150.69,29622134.47
1751270400,150.69,151.09,149.51,150.42,16051820.4
1751284800,150.42,162.24,149.8,157.9,124675699.27
1751299200,157.9,158.5,155.4,157.83,70373088.32000001
1751313600,157.83,157.86,154.6,154.88,32008508.67
1751328000,154.88,155.63,153.24,153.98,22842179.77
1751342400,153.98,153.98,148.88,150.15,34365377.52
1751356800,150.15,150.15,148.27,148.89,24298583.06
1751371200,148.89,149.33,146.33,147.28,45642017.02
1751385600,147.28,148.5,145.37,145.52,31743359.6
1751400000,145.52,147.05,144.9,146.93,22315806.47
1751414400,146.93,149.27,145.9,148.9,21099995.23
1751428800,148.9,149.93,148.37,149.17,15432565.76
1751443200,149.17,149.99,148.47,148.66,16887139.130000003
1751457600,148.66,151.64,147.2,151.39,49879451.56
1751472000,151.39,153.71,150.45,153.14,60129213.14
1751486400,153.14,154.51,152.01,152.35,31196663.69
1751500800,152.35,154.08,151.88,153.48,16677437.29
1751515200,153.48,155.97,153.28,155.68,21996174.55
1751529600,155.68,156.41,154.25,154.58,19291640.02
1751544000,154.58,155.28,150.04,150.24,74101886.14
1751558400,150.24,152.1,150.01,151.88,30539183.96
1751572800,151.88,153.29,151.88,152.4,16502632.17
1751587200,152.4,153.23,150.99,151.78,18646758.73
1751601600,151.78,153.91,150.37,150.55,20260902.89
1751616000,150.55,151.02,149.11,150.27,18101780.49
1751630400,150.27,151.28,146.4,146.66,32262144.010000005
1751644800,146.66,147.06,145.29,146.76,26986021.93
1751659200,146.76,148.39,146.44,147.75,14988398.47
1751673600,147.75,148.48,147.29,147.81,9922797.42
1751688000,147.81,148.55,146.81,147.9,9316237.4
1751702400,147.9,148.58,146.89,148.25,7162583.94
1751716800,148.25,148.7,147.14,147.18,9791048.15
1751731200,147.18,147.31,145.98,146.93,12426175.53
1751745600,146.93,148.07,146.54,147.62,10172694.4
1751760000,147.62,147.7,146.92,147.41,6193171.63
1751774400,147.41,148.52,147.15,147.95,10681385.45
1751788800,147.95,148.06,146.85,148.04,5559962.67
1751803200,148.04,152.1,147.94,151.54,31703691.09
1751817600,151.54,153.2,150.75,151.32,21800683.02
1751832000,151.32,153.84,151.3,151.91,29171066.84
1751846400,151.91,152.9,150.3,151.91,23146891.78
1751860800,151.91,152.47,150.93,152.41,11889486.53
1751875200,152.41,153.58,151.7,152.84,15724994.09
1751889600,152.84,153.37,151.06,151.11,42184474.91
1751904000,151.11,151.58,148.67,148.99,69661320.01
1751918400,148.99,148.99,147.75,148.91,34795307.78
1751932800,148.91,150.1,147.86,148.68,29125601.73
1751947200,148.68,149.73,148.24,149.68,9673532.87
1751961600,149.68,151.64,149.57,151.31,13303947.38
1751976000,151.31,152.87,149.82,149.88,27957612.92
1751990400,149.88,152.85,149.44,151.69,34928212.84
1752004800,151.69,151.97,150.05,151.73,21438521.26
1752019200,151.73,152.36,151.15,151.34,18825208.51
1752033600,151.34,153.86,150.62,153.04,22208993.17
1752048000,153.04,154.4,152.37,153.76,25565109.88
1752062400,153.76,155.52,152.93,154.02,52883137.48
1752076800,154.02,157.85,152.37,157.33,87102123.66
1752091200,157.33,157.97,155.51,157.11,53082099.65
1752105600,157.11,159.37,156.0,157.43,30081023.57
1752120000,157.43,158.7,156.77,157.97,16728590.82
1752134400,157.97,159.2,157.29,157.72,16412704.12
1752148800,157.72,158.43,155.75,156.52,29532449.69
1752163200,156.52,161.24,156.19,159.45,71290951.1
1752177600,159.45,165.38,159.39,164.34,83601195.58
1752192000,164.34,165.45,162.0,165.28,34045342.16
1752206400,165.28,166.87,163.25,163.35,46066550.64
1752220800,163.35,165.4,163.35,163.92,27673960.27
1752235200,163.92,168.21,161.87,162.35,102944114.01
1752249600,162.35,165.04,161.33,164.67,58310885.82
1752264000,164.67,164.88,159.65,162.98,45285423.48
1752278400,162.98,163.98,161.86,163.52,23103575.3
1752292800,163.52,163.9,162.12,163.29,16697649.95
1752307200,163.29,163.49,161.5,161.68,15204614.16
1752321600,161.68,161.86,157.81,158.21,41389801.54
1752336000,158.21,160.8,157.99,160.77,22875507.83
1752350400,160.77,160.98,159.03,160.76,14188627.34
1752364800,160.76,161.82,160.25,161.24,19333259.57
1752379200,161.24,162.8,161.09,162.73,14487163.15
1752393600,162.73,162.79,161.66,162.1,10982012.89
1752408000,162.1,164.22,161.9,162.12,31603475.97
1752422400,162.12,163.58,160.59,162.6,29721964.71
1752436800,162.6,163.13,159.73,161.22,32488733.73
1752451200,161.22,168.21,160.71,167.13,50318481.28
1752465600,167.13,168.66,165.42,167.31,59250137.47
1752480000,167.31,168.16,166.12,166.59,34636098.95
1752494400,166.59,168.63,163.08,163.96,68767420.00999999
1752508800,163.96,165.34,162.45,164.27,45723200.68
1752523200,164.27,164.27,161.74,162.26,29675408.16
1752537600,162.26,162.94,158.22,159.16,44837114.17
1752552000,159.16,160.85,158.29,159.54,21589447.73
1752566400,159.54,160.1,158.41,159.84,16630863.62
1752580800,159.84,162.15,157.22,160.43,59029857.99
1752595200,160.43,163.64,160.0,160.19,52056320.85
1752609600,160.19,164.24,159.75,164.03,32749904.41
1752624000,164.03,165.26,161.56,162.53,31298474.72
1752638400,162.53,164.64,161.82,164.08,17557012.89
1752652800,164.08,167.51,163.88,166.66,54387128.69
1752667200,166.66,168.82,165.46,168.49,136368204.73
1752681600,168.49,174.78,168.44,174.33,113519865.39
1752696000,174.33,176.08,172.48,173.73,95701495.34
1752710400,173.73,174.92,168.82,169.62,40157017.04
1752724800,169.62,174.23,169.34,174.08,32957393.16
1752739200,174.08,178.23,172.74,176.25,76466874.61
1752753600,176.25,177.6,172.89,174.25,64533342.75
1752768000,174.25,175.48,171.28,173.15,67373739.18
1752782400,173.15,177.49,171.46,176.0,88870649.58
1752796800,176.0,181.3,175.43,180.96,83560660.23
1752811200,180.96,184.76,180.02,181.13,74757789.39
1752825600,181.13,182.06,177.21,178.54,63915103.0
1752840000,178.54,182.16,175.05,177.1,99870787.67
1752854400,177.1,179.2,176.28,177.09,93278292.39
1752868800,177.09,177.62,173.37,177.36,77623248.21
1752883200,177.36,177.75,174.15,177.57,72921386.3
1752897600,177.57,177.84,176.25,177.15,31333045.91
1752912000,177.15,177.85,175.53,176.7,20279435.81
1752926400,176.7,177.85,174.91,177.48,35326580.78
1752940800,177.48,178.1,176.19,177.13,53475895.010000005
1752955200,177.13,178.71,175.17,177.05,57192528.04
1752969600,177.05,179.83,176.43,178.06,77382592.47999999
1752984000,178.06,178.72,177.03,178.02,39106652.89
1752998400,178.02,181.59,178.02,180.51,41589528.83
1753012800,180.51,183.22,180.04,182.06,62521936.04
1753027200,182.06,183.71,180.34,182.08,72309120.58
1753041600,182.08,182.43,177.93,181.54,76323891.67999999
1753056000,181.54,187.1,178.39,186.79,81597540.84
1753070400,186.79,191.07,185.14,190.12,88130343.25
1753084800,190.12,192.98,189.79,191.51,86165674.1
1753099200,191.51,199.45,190.36,196.95,264839806.44
1753113600,196.95,197.33,193.09,194.74,164660335.8
1753128000,194.74,197.87,193.77,195.82,81773869.32
1753142400,195.82,204.77,193.89,200.19,216823910.27
1753156800,200.19,201.32,194.25,198.16,113288307.0
1753171200,198.16,200.25,194.19,200.03,84339228.69
1753185600,200.03,205.09,197.06,201.93,196006040.9
1753200000,201.93,204.32,198.43,199.05,160094913.75
1753214400,199.05,206.4,198.51,205.8,81011056.00999999
1753228800,205.8,205.84,201.11,201.49,53826187.66
1753243200,201.49,202.37,199.02,199.54,39247191.01
1753257600,199.54,200.09,196.05,197.52,45056532.29
1753272000,197.52,197.66,187.81,192.81,183455993.61
1753286400,192.81,192.84,186.11,188.25,129642345.87
1753300800,188.25,190.16,184.1,189.5,94017902.92
1753315200,189.5,192.02,188.6,189.99,38585338.62
1753329600,189.99,190.21,179.48,184.3,108708630.98
1753344000,184.3,187.02,183.05,186.53,57071871.24
1753358400,186.53,191.93,183.48,188.63,109985604.71
1753372800,188.63,190.16,184.98,188.09,110004623.34
1753387200,188.09,189.14,182.17,182.97,76238092.57
1753401600,182.97,183.55,175.77,177.83,117342450.89
1753416000,177.83,179.8,175.98,177.57,65342559.67
1753430400,177.57,182.14,176.94,181.17,67168239.7
1753444800,181.17,181.9,176.29,178.24,178651384.76000002
1753459200,178.24,182.87,177.54,182.22,63404084.56
1753473600,182.22,186.92,182.15,186.8,56226047.24
1753488000,186.8,186.97,184.47,186.02,30430455.26
1753502400,186.02,187.15,185.69,186.5,19161397.63
1753516800,186.5,189.79,186.49,187.78,30906308.09
1753531200,187.78,188.51,186.16,187.57,28118938.62
1753545600,187.57,187.83,185.13,186.46,46498065.66
1753560000,186.46,186.8,184.43,184.92,29009345.59
1753574400,184.92,187.64,184.62,187.28,25927407.27
1753588800,187.28,188.4,186.72,187.32,19659600.2
1753603200,187.32,188.6,186.27,187.06,18714914.62
1753617600,187.06,187.37,184.99,186.5,25610844.46
1753632000,186.5,189.82,186.03,187.01,47535476.19
1753646400,187.01,190.74,186.55,188.71,60995970.73
1753660800,188.71,193.83,187.76,193.4,62686658.07
1753675200,193.4,195.31,191.71,192.38,59948379.77
1753689600,192.38,193.36,190.68,191.99,28350157.56
1753704000,191.99,193.53,186.59,187.2,102366800.0
1753718400,187.2,188.02,183.49,185.3,85493425.33
1753732800,185.3,185.52,182.22,183.13,53338635.57
1753747200,183.13,184.72,180.72,184.35,50763727.54
1753761600,184.35,186.64,183.27,186.04,25005161.89
1753776000,186.04,186.51,182.29,182.94,24332247.3
1753790400,182.94,184.95,179.31,180.84,75212764.97
1753804800,180.84,182.36,178.26,181.08,63651949.93
1753819200,181.08,181.92,179.27,181.47,42709513.620000005
1753833600,181.47,182.31,178.85,181.7,25808018.43
1753848000,181.7,182.5,179.37,180.83,16927208.27
1753862400,180.83,181.48,176.51,177.26,32739793.53
1753876800,177.26,180.59,176.69,179.17,52880701.31
1753891200,179.17,180.16,170.45,176.12,95698021.23
1753905600,176.12,178.07,174.79,177.77,40691279.74
1753920000,177.77,180.55,177.65,180.3,29733663.27
1753934400,180.3,181.62,179.84,181.25,24850251.73
1753948800,181.25,182.67,180.26,180.72,21152426.66
1753963200,180.72,180.86,175.29,177.33,65301086.4
1753977600,177.33,179.72,174.77,175.27,66870832.22
1753992000,175.27,175.68,171.49,172.22,66148018.99
1754006400,172.22,172.24,167.48,171.13,139483602.59
1754020800,171.13,171.13,168.04,169.36,62694223.33
1754035200,169.36,169.36,166.21,169.16,51248833.27
1754049600,169.16,170.29,164.57,168.53,99251174.3
1754064000,168.53,169.71,165.11,166.4,77927068.34
1754078400,166.4,166.72,159.2,162.67,87146952.22
1754092800,162.67,164.95,162.54,164.34,22304399.56
1754107200,164.34,165.21,161.82,164.39,14787751.1
1754121600,164.39,165.06,162.24,164.47,14628805.66
1754136000,164.47,164.93,161.05,161.47,29330434.05
1754150400,161.47,162.26,155.81,157.45,76982512.72
1754164800,157.45,159.77,157.09,158.48,29725087.07
1754179200,158.48,161.11,156.3,160.86,26767160.22
1754193600,160.86,161.59,160.03,161.37,12181340.35
1754208000,161.37,162.9,160.71,161.49,15107557.15
1754222400,161.49,162.33,160.42,162.1,20729906.53
1754236800,162.1,162.77,161.17,161.66,20123521.18
1754251200,161.66,163.13,160.77,162.01,26905696.89
1754265600,162.01,164.98,161.46,163.03,31259764.53
1754280000,163.03,163.45,161.33,163.07,17601710.200000003
1754294400,163.07,164.05,161.67,162.4,22097686.71
1754308800,162.4,166.92,162.19,165.53,77865793.78
1754323200,165.53,169.83,165.03,165.64,60851483.87
1754337600,165.64,169.79,165.32,169.57,35158151.04
1754352000,169.57,169.95,167.59,167.93,23685758.46
1754366400,167.93,169.24,165.8,166.22,21881413.61
1754380800,166.22,171.69,165.68,170.88,26087569.42
1754395200,170.88,171.02,163.03,163.76,73368403.2
1754409600,163.76,164.91,162.29,162.73,34057746.4
1754424000,162.73,164.53,161.31,164.07,27494310.06
1754438400,164.07,164.13,161.19,161.87,23956810.15
1754452800,161.87,164.75,161.28,164.24,22425682.97
1754467200,164.24,164.61,162.78,164.2,19141923.3
1754481600,164.2,169.41,162.65,169.07,57040073.1
1754496000,169.07,169.97,167.23,168.84,41200354.14
1754510400,168.84,168.9,167.39,168.16,20796925.91
1754524800,168.16,169.02,166.74,166.92,18148271.11
1754539200,166.92,170.37,166.82,170.05,26116877.83
1754553600,170.05,173.51,169.12,172.88,44181208.26
1754568000,172.88,173.2,169.77,170.55,49651637.78
1754582400,170.55,171.96,167.12,171.85,41650826.09
1754596800,171.85,175.55,171.62,175.44,48472958.36
1754611200,175.44,175.97,173.51,174.76,78769990.0
1754625600,174.76,177.86,173.92,177.19,33551834.59
1754640000,177.19,177.96,174.98,177.74,31838944.61
1754654400,177.74,179.17,174.28,175.27,80360513.69999999
1754668800,175.27,179.64,175.26,178.5,73935713.05
1754683200,178.5,178.79,176.7,176.83,28429265.32
1754697600,176.83,179.01,176.67,177.3,23091781.48
1754712000,177.3,182.15,176.99,180.63,53912765.93
1754726400,180.63,183.33,180.45,180.81,35356420.21
1754740800,180.81,182.52,178.97,180.12,41027247.81
1754755200,180.12,182.71,179.52,182.16,34416472.51
1754769600,182.16,183.45,179.78,179.99,48325055.8
1754784000,179.99,186.0,179.88,184.98,61215938.43000001
1754798400,184.98,186.17,178.02,178.94,80761146.94
1754812800,178.94,181.06,177.55,179.97,32820187.72
1754827200,179.97,182.38,178.55,181.55,35866231.27
1754841600,181.55,183.31,181.25,182.83,23208217.77
1754856000,182.83,183.94,181.33,182.73,45016562.870000005
1754870400,182.73,185.82,181.33,185.16,56436836.59
1754884800,185.16,186.77,182.81,182.98,52562641.48
1754899200,182.98,184.62,178.34,179.1,39354908.81
1754913600,179.1,180.48,177.24,180.17,68715314.81
1754928000,180.17,181.75,175.58,176.62,61793603.59
1754942400,176.59,176.73,173.47,174.88,64572974.87
1754956800,174.88,176.79,174.7,175.55,28672890.8
1754971200,175.55,176.64,173.66,175.92,26770228.51
1754985600,175.92,176.51,173.72,175.25,29226490.66
1755000000,175.25,182.05,174.74,181.71,118839211.9
1755014400,181.71,191.12,180.77,190.67,185355123.03
1755028800,190.67,193.7,189.64,191.72,122408148.33
1755043200,191.72,199.47,191.45,197.7,145922904.2
1755057600,197.7,200.02,195.19,198.71,94059321.45
1755072000,198.71,202.67,197.66,200.98,124064003.97
1755086400,200.98,204.92,194.67,197.49,286149522.27
1755100800,197.49,202.24,197.1,202.16,147312578.22
1755115200,202.16,203.39,199.92,201.62,90627304.37
1755129600,201.62,209.18,200.71,207.99,181956280.97
1755144000,207.99,209.89,204.16,205.7,150335470.2
1755158400,205.7,205.93,201.94,203.69,95518045.7
1755172800,203.69,205.52,187.35,194.97,383046878.35
1755187200,194.97,195.54,190.7,193.01,119401041.97
1755201600,193.01,193.31,187.48,192.61,83290835.10000001
1755216000,192.61,195.79,192.15,195.34,48716248.47
1755230400,195.34,198.19,194.64,197.11,43026374.89
1755244800,197.11,197.74,193.79,194.45,34641621.02
1755259200,194.45,196.22,184.0,185.63,171425644.25
1755273600,185.63,186.99,183.44,184.01,109135093.11
1755288000,184.01,188.41,183.5,185.89,63280796.13
1755302400,185.89,188.48,185.48,187.26,41049927.67
1755316800,187.26,189.72,186.28,189.25,34767106.94
1755331200,189.25,189.37,185.59,185.84,36547892.510000005
1755345600,185.84,189.56,185.36,188.91,43496209.69
1755360000,188.91,189.48,187.24,188.82,25914359.130000003
1755374400,188.82,190.14,188.07,189.74,20334748.86
1755388800,189.74,192.05,187.53,191.73,45343358.72
1755403200,191.73,193.63,191.5,192.02,33830242.24
1755417600,192.02,193.77,191.65,193.65,41350246.59
1755432000,193.65,195.55,192.0,195.55,37246290.14
1755446400,195.55,195.91,190.7,191.32,67014275.99
1755460800,191.32,193.53,191.02,191.15,62622496.70999999
1755475200,191.15,191.44,181.94,182.85,113648867.72
1755489600,182.85,183.64,180.35,180.73,60789035.03
1755504000,180.73,182.05,180.11,181.47,36597947.25
1755518400,181.47,183.47,180.64,183.19,73723911.34
1755532800,183.19,185.81,181.92,183.31,66885196.48
1755547200,183.31,185.09,182.13,183.0,36831933.76
1755561600,183.0,185.92,178.31,178.63,69038186.81
1755576000,178.63,180.66,177.47,180.19,40875541.52
1755590400,180.19,182.87,179.19,182.73,27489052.24
1755604800,182.73,183.44,177.54,177.99,103515287.49
1755619200,177.99,178.78,175.68,176.72,76815211.18
1755633600,176.72,179.53,175.9,176.21,65139068.02
1755648000,176.21,181.47,176.05,180.51,52518742.66
1755662400,180.51,181.69,179.86,180.53,24100395.51
1755676800,180.53,182.27,178.29,180.24,42762045.09
1755691200,180.24,185.07,177.59,183.05,114549978.03
1755705600,183.05,188.02,182.62,187.64,92342836.8
1755720000,187.64,187.98,185.83,187.97,43363535.16
1755734400,187.97,190.08,185.54,188.45,67690263.57
1755748800,188.45,188.66,185.89,186.97,28281964.54
1755763200,186.97,187.03,183.46,184.01,51971987.99
1755777600,184.01,186.38,181.44,181.58,114228003.75
1755792000,181.58,182.88,179.88,180.11,77215096.36
1755806400,180.11,181.82,179.37,180.28,35780252.29
1755820800,180.28,183.47,179.97,181.73,39010898.65
1755835200,181.73,184.29,181.71,183.95,27267681.91
1755849600,183.95,185.0,179.59,179.6,32932824.31
1755864000,179.6,195.42,177.29,193.5,267199683.85
1755878400,193.5,199.71,193.5,198.94,162780993.67000002
1755892800,198.94,202.53,198.37,200.64,124535839.47
1755907200,200.64,200.74,195.24,198.09,81993779.25
1755921600,198.09,208.4,198.03,205.06,177761365.26
1755936000,205.06,205.52,201.48,201.88,62395450.92
1755950400,201.88,203.73,200.52,202.53,75333230.01
1755964800,202.53,204.51,202.19,204.02,65457879.08
1755979200,204.02,204.8,202.72,204.07,46806892.37
1755993600,204.07,211.82,204.07,208.94,187134787.57
1756008000,208.94,210.64,206.54,206.59,85060357.75
1756022400,206.59,208.88,203.41,204.46,57099699.5
1756036800,204.46,209.29,203.56,205.62,76411365.25999999
1756051200,205.62,211.94,202.11,204.95,205418198.99
1756065600,204.95,207.11,201.09,205.96,122090870.77
1756080000,205.96,213.47,202.26,209.22,234614674.04
1756094400,209.22,209.64,198.68,199.76,174682362.82
1756108800,199.76,200.73,195.02,197.51,137649319.23
1756123200,197.51,199.43,195.61,196.57,112949324.68
1756137600,196.57,198.38,190.97,191.44,143962891.73000002
1756152000,191.44,192.08,185.46,187.22,176772735.62
1756166400,187.22,189.37,185.67,186.94,78623774.11
1756180800,186.94,189.95,186.94,188.96,55979463.56
1756195200,188.96,190.38,186.72,187.97,48789852.42
1756209600,187.97,192.56,187.21,190.79,136419993.62
1756224000,190.79,197.51,190.63,197.46,99680895.32
1756238400,197.46,198.11,195.43,195.88,63225505.6
1756252800,195.88,202.78,193.83,201.96,88475449.65
1756267200,201.96,205.75,200.87,202.43,134783856.64
1756281600,202.43,205.48,201.55,205.07,81955183.35
1756296000,205.07,209.42,202.7,208.72,208665394.77
1756310400,208.72,212.08,205.93,206.42,219679404.61
1756324800,206.42,209.42,202.55,202.94,281410420.29
1756339200,202.94,208.35,201.69,208.19,114124400.31
1756353600,208.19,213.28,207.5,213.12,173520764.88
1756368000,213.12,216.45,211.4,213.18,152939604.69
1756382400,213.18,216.89,210.22,211.11,276460660.05999994
1756396800,211.11,214.0,207.28,209.93,147339278.08
1756411200,209.93,215.7,209.69,214.45,139361865.96
1756425600,214.45,217.92,212.1,216.93,190821184.26
1756440000,216.93,217.94,207.88,208.77,182689444.6
1756454400,208.77,210.03,205.32,207.59,148831892.82999998
1756468800,207.59,214.43,203.99,204.48,410552144.2
1756483200,204.48,205.52,201.38,202.98,211240898.09
1756497600,202.98,205.52,199.93,205.13,117389844.62
1756512000,205.13,206.63,200.8,205.64,88433868.28
1756526400,205.64,207.03,204.44,205.15,55544840.18
1756540800,205.15,205.54,201.71,202.67,48977619.8
1756555200,202.67,202.7,197.6,201.06,86582921.75999999
1756569600,201.06,201.61,199.75,201.25,38471383.61
1756584000,201.25,203.34,199.8,202.74,34300951.84
1756598400,202.74,206.64,202.73,205.55,84398231.03
1756612800,205.55,205.64,202.8,203.54,39683653.88
1756627200,203.54,205.86,202.28,203.69,45767606.99
1756641600,203.69,204.85,201.59,204.56,44296773.6
1756656000,204.56,205.95,203.7,204.61,58201927.49
1756670400,204.61,205.79,200.36,200.67,71295420.56
1756684800,200.67,202.46,196.33,198.51,131059472.99
1756699200,198.51,202.9,196.7,202.9,84432520.48
1756713600,202.9,204.53,198.39,199.4,79679552.59
1756728000,199.4,201.15,197.72,198.39,67396418.56
1756742400,198.39,200.15,197.37,200.13,54254272.72
1756756800,200.13,200.15,194.22,197.32,111610731.32
1756771200,197.32,203.33,196.77,201.85,90692663.67
1756785600,201.85,204.42,201.41,202.11,71040512.18
1756800000,202.11,204.41,201.72,201.99,58794593.1
1756814400,201.99,205.09,197.48,200.3,252920498.2
1756828800,200.3,207.07,199.53,205.52,136055941.25
1756843200,205.52,209.68,204.95,209.63,101924279.74
1756857600,209.63,211.96,207.46,210.05,120813008.53
1756872000,210.05,210.46,208.02,209.36,50761375.32
1756886400,209.36,211.4,208.21,210.44,55522942.64
1756900800,210.44,213.01,208.85,211.45,128651212.06
1756915200,211.45,212.02,208.91,210.46,67863597.54
1756929600,210.46,211.02,208.48,210.83,45430135.19
1756944000,210.83,212.01,207.59,208.25,66238543.44
1756958400,208.25,208.57,205.77,206.77,43214048.92
1756972800,206.77,208.83,206.66,207.29,37028760.29
1756987200,207.29,208.53,203.43,203.81,123784912.66
1757001600,203.81,205.19,201.87,202.13,79331505.68
1757016000,202.13,204.81,201.94,202.34,59176270.47
1757030400,202.34,204.06,201.03,203.57,49584707.22
1757044800,203.57,208.44,203.06,207.92,49212078.68
1757059200,207.92,207.97,204.57,206.69,48126039.79
1757073600,206.69,210.04,201.68,203.57,244699085.27
1757088000,203.57,205.55,201.92,205.39,93759830.53
1757102400,205.39,205.7,202.74,203.39,65741144.3
1757116800,203.39,204.65,203.18,204.05,41969522.38
1757131200,204.05,204.06,202.15,203.04,25051934.34
1757145600,203.04,203.54,201.96,202.41,27187381.17
1757160000,202.41,202.86,201.05,201.26,36742780.61
1757174400,201.26,202.32,199.37,199.74,66675235.3
1757188800,199.74,201.23,199.73,200.19,27530229.47
1757203200,200.19,203.28,200.17,202.86,42750414.5
1757217600,202.86,203.31,202.28,203.01,14965456.29
1757232000,203.01,203.96,202.77,203.96,19806447.33
1757246400,203.96,205.49,203.09,205.18,51822942.88
1757260800,205.18,205.46,201.39,203.05,65679837.19
1757275200,203.05,207.93,202.55,206.36,85674955.58
1757289600,206.36,208.93,205.59,207.63,73247517.86
1757304000,207.63,208.81,206.66,207.89,57042139.99
1757318400,207.89,215.74,207.37,214.23,191229781.99
1757332800,214.23,216.72,212.96,215.06,233688723.84
1757347200,215.06,217.14,213.9,216.18,202376444.6
1757361600,216.18,216.23,213.59,214.14,96562761.13
1757376000,214.14,214.9,210.92,214.63,77196628.71
1757390400,214.63,219.75,214.0,219.23,119012511.0
1757404800,219.23,219.48,217.05,217.26,65235531.03
1757419200,217.26,218.57,211.75,213.06,209150054.73
1757433600,213.06,216.99,213.03,216.36,87942295.34
1757448000,216.36,217.81,215.05,217.24,61494090.58
1757462400,217.24,219.62,215.13,219.19,96495039.01
1757476800,219.19,222.9,217.86,222.25,104120207.86
1757491200,222.25,222.42,218.88,220.27,82495996.67999999
1757505600,220.27,225.97,219.8,223.19,259832229.15
1757520000,223.19,224.12,220.62,221.3,108692098.48
1757534400,221.3,224.71,221.03,224.13,73220044.52
1757548800,224.13,225.68,223.07,224.25,72836855.41
1757563200,224.25,224.32,221.8,223.31,64497279.65
1757577600,223.31,225.89,222.39,225.12,71589940.6
1757592000,225.12,228.99,223.33,226.91,296248571.6
1757606400,226.91,228.39,225.4,226.65,110578478.33
1757620800,226.65,229.03,225.53,228.85,94727852.03
1757635200,228.85,235.83,228.23,235.21,314407679.07
1757649600,235.21,239.85,234.31,237.41,212618626.92
1757664000,237.41,239.6,236.76,239.22,114416386.28
1757678400,239.22,241.88,237.7,239.41,220039426.27
1757692800,239.41,241.68,238.05,241.33,228380966.13
1757707200,241.33,244.27,238.59,242.36,182603433.53
1757721600,242.36,244.31,240.9,243.75,106519410.98
1757736000,243.75,243.83,241.41,242.62,80583220.11
1757750400,242.62,243.86,241.46,242.09,80008638.91
1757764800,242.09,243.23,238.15,239.53,128575405.75
1757779200,239.53,239.82,235.6,239.09,128685826.57
1757793600,239.09,243.24,238.98,242.49,94687803.45
1757808000,242.49,249.92,242.35,246.98,216679889.88
1757822400,246.98,248.46,244.58,246.53,141612761.75
1757836800,246.53,248.27,245.72,246.23,95688522.41
1757851200,246.23,246.89,241.67,243.93,191072687.66
1757865600,243.93,248.55,242.25,242.62,143753438.35
1757880000,242.62,244.8,239.35,239.89,128512286.86
1757894400,239.89,243.48,239.25,242.74,86283827.45
1757908800,242.74,244.08,236.33,238.04,137574959.25
1757923200,238.04,238.14,231.67,236.53,231514904.51
1757937600,236.53,238.16,232.08,233.06,223156100.16
1757952000,233.06,234.68,230.21,233.06,222316051.0
1757966400,233.06,235.41,232.76,234.39,91103986.27
1757980800,234.39,235.83,232.9,235.13,115678707.31
1757995200,235.13,237.04,233.02,235.79,82667322.0
1758009600,235.79,236.93,234.83,235.41,66086845.2
1758024000,235.41,238.07,231.36,237.81,158429553.32999998
1758038400,237.81,240.98,236.28,237.9,232451373.66
1758052800,237.9,239.03,236.57,237.0,100785411.36
1758067200,237.0,237.88,233.94,234.14,129798406.5
1758081600,234.14,238.15,233.31,237.79,106291463.21
1758096000,237.79,237.79,233.77,234.22,86629370.16
1758110400,234.22,236.02,233.66,233.96,97882675.78
1758124800,233.96,239.18,232.36,238.88,311020034.91
1758139200,238.88,246.71,236.12,244.92,201495647.89
1758153600,244.92,247.92,244.27,246.8,118913399.32
1758168000,246.8,247.06,242.68,244.8,79147598.5
1758182400,244.8,247.22,244.46,246.06,74275360.42
1758196800,246.06,249.07,245.16,248.36,168134284.03
1758211200,248.36,253.58,247.43,248.47,303313738.22
1758225600,248.47,249.23,245.92,247.6,103335634.06
1758240000,247.6,248.64,244.84,245.14,81773251.69
1758254400,245.14,245.82,242.98,243.99,83005956.87
1758268800,243.99,244.95,240.28,241.02,98912630.61
1758283200,241.02,242.81,235.95,237.67,204688775.01
1758297600,237.67,239.02,235.27,236.06,147713138.29
1758312000,236.06,238.96,236.05,238.66,52562243.15
1758326400,238.66,240.11,237.57,238.21,47310761.68
1758340800,238.21,239.91,237.94,239.89,24851397.09
1758355200,239.89,239.89,237.07,238.32,34470631.739999995
1758369600,238.32,241.31,237.23,240.23,47824443.02
1758384000,240.23,241.21,238.16,238.78,46073097.81
1758398400,238.78,240.47,238.59,239.6,27411081.48
1758412800,239.6,241.86,239.1,241.86,32533422.06
1758427200,241.86,241.94,239.66,240.03,25757747.08
1758441600,240.03,240.21,237.28,238.79,35195774.230000004
1758456000,238.79,240.38,237.87,238.05,36938288.06
1758470400,238.05,238.54,236.21,238.14,43991218.11
1758484800,238.14,238.22,235.46,236.32,49003890.61
1758499200,236.32,237.08,230.67,232.96,163381846.31
1758513600,232.96,233.31,216.17,222.07,261422066.95
1758528000,222.07,222.94,219.57,221.63,161561275.26
1758542400,221.63,224.19,220.15,220.9,216551242.91
1758556800,220.9,221.71,216.69,217.26,207235884.84
1758571200,217.26,221.23,216.6,220.56,94385685.5
1758585600,220.56,221.55,212.52,217.11,139297418.53
1758600000,217.11,220.35,214.19,219.12,91370447.95
1758614400,219.12,220.97,218.03,219.53,62625884.18
1758628800,219.53,220.77,217.17,219.41,117696709.52
1758643200,219.41,221.77,214.48,214.61,147126157.49
1758657600,214.61,216.66,213.3,213.34,83803691.72
1758672000,213.34,216.5,207.72,208.6,137148119.16
1758686400,208.6,211.48,205.05,210.62,166178728.01
1758700800,210.62,212.6,209.88,212.4,110631401.38
1758715200,212.4,216.3,211.53,213.71,129997835.69
1758729600,213.71,215.57,212.53,213.3,98245568.07
1758744000,213.3,213.33,210.88,211.69,64972545.68
1758758400,211.69,212.53,206.07,207.32,158298560.57
1758772800,207.32,207.61,202.85,204.22,157529872.34
1758787200,204.22,205.96,200.8,201.41,131356618.23
1758801600,201.41,204.12,197.6,201.21,307546844.43
1758816000,201.21,202.07,193.74,198.16,331857928.09000003
1758830400,198.16,198.78,191.49,192.83,171467629.70999998
1758844800,192.83,197.64,192.66,196.61,115252671.07
1758859200,196.61,197.52,193.92,196.46,107799311.66
1758873600,196.46,197.11,190.93,193.56,146282005.74
1758888000,193.56,198.4,192.3,196.14,380677108.04
1758902400,196.14,202.86,195.94,200.86,262401716.9
1758916800,200.86,205.63,199.74,205.28,139909847.6
1758931200,205.28,205.56,203.72,204.05,52398748.41
1758945600,204.05,204.26,201.67,202.17,38635408.29
1758960000,202.17,202.32,200.01,201.79,56016262.21
1758974400,201.79,203.87,201.12,203.66,43428272.48
1758988800,203.66,203.72,201.01,202.32,48609407.6
1759003200,202.32,205.02,202.03,203.58,30443363.08
1759017600,203.58,204.19,200.9,201.53,44392738.58
1759032000,201.53,202.54,200.5,202.21,23506575.29
1759046400,202.21,202.77,199.34,199.94,34261763.65
1759060800,199.94,203.6,198.1,203.52,64666230.95
1759075200,203.52,206.76,203.34,206.27,85605524.6
1759089600,206.27,211.03,206.13,210.92,111005678.7
1759104000,210.92,210.95,208.94,210.35,61562530.63
1759118400,210.35,210.71,207.45,209.01,49251446.1
1759132800,209.01,209.73,206.13,207.17,53204636.65
1759147200,207.17,213.64,204.77,210.2,204611119.72
1759161600,210.2,213.67,207.82,213.06,109534919.77
1759176000,213.06,214.87,212.59,212.91,79053601.8
1759190400,212.91,213.83,210.03,210.84,99275468.08
1759204800,210.84,211.84,208.69,209.1,43713667.26
1759219200,209.1,209.1,205.67,207.18,73840417.47
1759233600,207.18,209.7,204.81,206.09,146371969.8
1759248000,206.09,209.25,204.32,208.98,125812955.11
1759262400,208.98,210.99,207.51,208.75,104381705.04
1759276800,208.75,210.95,206.49,206.76,105742021.17
1759291200,206.76,210.4,206.43,210.23,62753923.71
1759305600,210.23,218.02,209.97,217.89,171670937.79
1759320000,217.89,220.83,217.3,220.37,154201554.37
1759334400,220.37,221.11,217.54,220.21,106747669.87
1759348800,220.21,222.86,218.58,222.16,88628209.5
1759363200,222.16,225.16,219.67,223.91,122864499.09
1759377600,223.91,226.71,222.6,223.02,85538883.53
1759392000,223.02,226.77,222.88,225.41,54858123.95
1759406400,225.41,227.6,222.79,227.34,162797093.05
1759420800,227.34,233.97,226.5,232.48,254537633.94
1759435200,232.48,235.04,230.99,234.9,126868604.67
1759449600,234.9,235.02,230.74,232.42,99956966.67
1759464000,232.42,233.42,227.95,229.59,79089024.95
1759478400,229.59,231.97,228.06,230.97,73632847.17
1759492800,230.97,235.19,227.34,235.02,158753092.84
1759507200,235.02,237.17,228.99,233.32,290648884.46000004
1759521600,233.32,234.15,230.92,232.96,82329601.23
1759536000,232.96,234.2,228.11,229.39,82566512.78
1759550400,229.39,230.68,228.92,229.28,34963775.16
1759564800,229.28,230.05,228.38,229.33,32708370.38
1759579200,229.33,229.96,224.5,224.83,83271151.63
1759593600,224.83,227.14,224.33,227.05,49674073.2
1759608000,227.05,228.36,227.05,227.99,26380696.79
1759622400,227.99,232.34,226.64,231.02,88620400.71000001
1759636800,231.02,236.97,231.02,236.69,116863039.6
1759651200,236.69,237.29,230.85,232.75,78761246.14
1759665600,232.75,232.75,228.59,230.22,67313078.14
1759680000,230.22,231.51,226.78,227.1,87937667.62
1759694400,227.1,229.34,226.81,228.67,43351232.7
1759708800,228.67,233.38,227.66,232.37,106230190.86
1759723200,232.37,234.84,230.28,231.44,66773045.86
1759737600,231.44,234.22,231.44,233.13,54114746.76
1759752000,233.13,236.78,232.79,235.77,152320949.21
1759766400,235.77,237.91,234.23,235.49,130671719.15
1759780800,235.49,236.26,231.88,232.47,103110390.65
1759795200,232.47,234.09,231.16,234.05,74624786.57
1759809600,234.05,235.27,229.66,231.17,73031563.86
1759824000,231.17,231.78,228.45,230.65,59575646.95
1759838400,230.65,231.81,221.6,223.92,240460851.99
1759852800,223.92,225.44,220.85,221.81,158212028.21
1759867200,221.81,224.39,219.85,220.1,81239655.17
1759881600,220.1,222.9,218.13,218.45,92515517.73
1759896000,218.45,221.05,217.53,221.03,65711227.46
1759910400,221.03,222.72,220.79,221.3,51549213.15
1759924800,221.3,224.2,218.99,221.29,100288065.07
1759939200,221.29,229.71,220.81,229.4,149299112.26
1759953600,229.4,229.77,227.49,229.12,97570782.59
1759968000,229.12,229.66,223.96,226.23,91383668.89
1759982400,226.23,228.81,224.24,224.6,63575562.54
1759996800,224.6,224.88,219.45,223.22,85642576.96
1760011200,223.22,226.41,218.71,219.23,141236209.48
1760025600,219.23,220.23,216.78,218.38,142366867.12
1760040000,218.38,221.78,217.73,221.03,77380917.95
1760054400,221.03,222.95,219.64,221.76,60697699.260000005
1760068800,221.76,222.96,218.03,218.2,47131863.370000005
1760083200,218.2,221.62,217.49,221.22,60197339.05
1760097600,221.22,224.51,209.08,210.75,262805819.33
1760112000,210.75,213.13,203.56,205.37,273700610.85
1760126400,205.37,207.82,175.41,188.9,640300825.2
1760140800,188.9,191.18,182.81,185.06,223505224.05
1760155200,185.06,187.16,180.3,183.03,140081624.67
1760169600,183.03,188.48,181.98,184.05,131715123.2
1760184000,184.05,185.23,181.13,184.03,121593013.59
1760198400,184.03,184.93,176.88,177.77,143725897.76999998
1760212800,177.77,178.94,172.85,177.84,173221570.25
1760227200,177.84,178.67,173.24,177.24,122490573.46
1760241600,177.24,183.14,176.84,182.72,95213280.06
1760256000,182.72,182.93,180.51,181.06,67092018.4
1760270400,181.06,191.92,178.31,191.38,205090907.13
1760284800,191.38,196.68,191.36,196.02,191492720.54
1760299200,196.02,199.17,193.4,197.23,172018702.92000002
1760313600,197.23,200.16,194.59,195.03,110271801.91
1760328000,195.03,199.7,193.15,196.98,84207774.59
1760342400,196.98,198.85,190.45,192.77,81136806.67
1760356800,192.77,197.82,191.51,196.61,159838961.44
1760371200,196.61,208.94,196.45,207.33,248617877.38
1760385600,207.33,209.46,207.05,208.87,74824984.63
1760400000,208.87,211.46,205.19,205.92,151243253.98000002
1760414400,205.92,206.07,192.42,194.61,213143732.78
1760428800,194.61,197.76,191.27,195.51,221774035.38
1760443200,195.51,202.71,191.76,202.32,255516508.65
1760457600,202.32,206.43,197.27,198.6,278914333.95
1760472000,198.6,203.53,198.33,202.55,86973620.56
1760486400,202.55,205.95,201.07,201.79,82619805.55
1760500800,201.79,205.49,200.64,204.78,62009802.67
1760515200,204.78,208.97,202.27,202.79,103774434.41
1760529600,202.79,205.02,196.37,197.28,232767257.04
1760544000,197.28,198.88,194.29,194.9,130716272.11
1760558400,194.9,196.7,192.2,193.95,99168181.71
1760572800,193.95,196.2,193.28,193.73,56277960.92
1760587200,193.73,195.67,191.51,192.96,60662730.0
1760601600,192.96,197.24,187.71,196.89,119350225.58
1760616000,196.89,198.44,186.8,187.68,180938769.28
1760630400,187.68,192.37,184.0,185.17,208344799.59
1760644800,185.17,186.19,182.12,184.87,143122849.89
1760659200,184.87,187.58,184.32,187.12,62449619.68
1760673600,187.12,187.48,177.4,177.75,130941168.11
1760688000,177.75,182.62,174.16,181.46,222959525.89
1760702400,181.46,182.83,176.38,182.76,190281179.78
1760716800,182.76,185.46,181.54,182.0,133172450.58
1760731200,182.0,186.09,181.54,182.05,70992060.53
1760745600,182.05,185.57,181.88,184.89,44096812.900000006
1760760000,184.89,188.35,183.2,186.36,48605122.51
1760774400,186.36,187.23,184.54,186.17,43620929.6
1760788800,186.17,187.47,184.07,185.14,41940641.17
1760803200,185.14,186.44,183.42,186.41,38733038.41
1760817600,186.41,187.9,186.0,187.65,32894110.64
1760832000,187.65,187.94,184.97,187.08,37103562.51
1760846400,187.08,187.71,185.29,185.94,21227157.94
1760860800,185.94,190.07,183.26,189.07,79316553.78
1760875200,189.07,191.77,188.21,190.87,59529436.91
1760889600,190.87,192.32,188.37,188.98,80778125.32000001
1760904000,188.98,190.19,187.01,187.95,54095676.39
1760918400,187.95,191.79,183.92,191.3,78022711.61
1760932800,191.3,194.58,190.71,193.12,70912497.27000001
1760947200,193.12,194.16,191.1,192.27,48578540.68
1760961600,192.27,193.03,190.51,190.59,74664247.18
1760976000,190.59,190.59,185.67,188.9,92676384.14
1760990400,188.9,191.22,188.36,189.78,55827730.41
1761004800,189.78,190.28,185.38,185.66,58662201.13
1761019200,185.66,185.66,182.8,185.07,71683642.13
1761033600,185.07,186.76,183.83,186.34,30756973.54
1761048000,186.34,197.22,184.08,196.38,171516653.03
1761062400,196.38,197.79,192.21,194.04,127153119.19
1761076800,194.04,194.31,185.19,185.73,138364712.61
1761091200,185.73,187.52,184.26,185.35,64977246.08
1761105600,185.35,186.38,183.42,185.07,38015502.13
1761120000,185.07,186.05,182.26,185.15,44307072.59
1761134400,185.15,186.98,181.39,184.0,133625143.33
1761148800,184.0,184.94,177.63,180.26,133213079.6
1761163200,180.26,180.8,177.37,180.16,101389778.21
1761177600,180.16,183.41,179.74,182.9,65651975.86
1761192000,182.9,188.01,182.75,187.52,45443993.56
1761206400,187.52,189.51,187.52,188.01,43994900.78
1761220800,188.01,192.58,186.72,191.1,98174870.11
1761235200,191.1,193.5,190.16,191.28,81426000.80000001
1761249600,191.28,191.56,188.43,191.42,50724610.58
1761264000,191.42,193.93,190.94,191.37,45886150.15
1761278400,191.37,194.59,190.89,192.26,51388951.19
1761292800,192.26,193.51,190.7,192.21,32763321.46
1761307200,192.21,196.29,188.86,189.48,134247986.6
1761321600,189.48,193.64,188.87,193.09,48257711.7
1761336000,193.09,194.15,192.87,193.62,37484610.01
1761350400,193.62,194.51,192.46,193.52,25542117.16
1761364800,193.52,194.88,193.47,193.99,19657202.13
1761379200,193.99,195.28,191.32,192.79,27845379.37
1761393600,192.79,194.25,191.93,192.01,18362154.93
1761408000,192.01,194.64,191.52,194.56,13294560.61
1761422400,194.56,194.89,193.83,193.88,20603758.62
1761436800,193.88,194.39,192.0,193.02,22949462.41
1761451200,193.02,194.32,192.8,193.91,12075883.32
1761465600,193.91,197.9,193.8,197.75,39602523.14
1761480000,197.75,199.85,196.95,199.55,49910316.83
1761494400,199.55,199.68,198.28,198.9,33054808.5
1761508800,198.9,202.11,196.94,200.07,90351204.96
1761523200,200.07,205.06,199.55,204.34,71601288.55
1761537600,204.34,205.3,202.29,202.55,43438540.02
1761552000,202.55,202.55,198.35,200.19,60551116.43
1761566400,200.19,200.57,198.36,200.12,69488696.56
1761580800,200.12,203.29,199.91,200.06,87504804.83
1761595200,200.06,200.26,197.34,198.71,54820610.22
1761609600,198.71,202.05,198.47,201.28,49896007.26
1761624000,201.28,203.0,198.68,202.39,52631557.19
1761638400,202.39,203.97,199.27,199.74,41492540.69
1761652800,199.74,203.04,196.84,198.87,133576864.43
1761667200,198.87,201.28,194.56,195.48,88906846.05000001
1761681600,195.48,195.48,190.7,194.23,113293309.5
1761696000,194.23,195.12,192.82,193.97,40002389.34
1761710400,193.97,196.1,193.83,195.7,19708668.35
1761724800,195.7,199.4,193.87,198.78,41502110.67
1761739200,198.78,201.71,196.47,196.79,107060323.85
1761753600,196.79,198.75,189.93,192.81,234175657.96
1761768000,192.81,197.04,192.03,193.98,89228853.88
1761782400,193.98,198.18,192.2,197.13,57589784.81
1761796800,197.13,197.22,190.36,195.8,88092116.56
1761811200,195.8,196.11,191.12,191.89,52358774.92
1761825600,191.89,192.07,184.52,185.06,166915066.41
1761840000,185.06,186.34,178.66,179.07,162212234.76
1761854400,179.07,184.75,178.78,184.69,91017246.55
1761868800,184.69,186.89,183.73,185.14,62714581.61
1761883200,185.14,186.99,184.77,185.33,32927157.85
1761897600,185.33,189.08,184.56,188.83,33442690.08
1761912000,188.83,190.19,185.98,188.15,136309540.89
1761926400,188.15,189.0,184.34,188.35,116406019.15
1761940800,188.35,188.7,186.48,187.16,31760971.44
1761955200,187.16,187.39,185.45,187.11,34652529.96
1761969600,187.11,187.42,184.93,185.73,32906693.29
1761984000,185.73,186.61,185.21,186.1,16838500.43
1761998400,186.1,186.53,183.77,186.33,30562529.32
1762012800,186.33,187.05,184.86,186.21,23597918.6
1762027200,186.21,186.87,184.95,186.3,20706317.69
1762041600,186.3,186.33,184.63,185.28,18579018.89
1762056000,185.28,188.25,184.99,187.66,29520614.52
1762070400,187.66,187.88,184.43,186.14,27721597.51
1762084800,186.14,186.48,183.56,183.79,32623633.48
1762099200,183.79,184.64,182.08,184.01,32387489.33
1762113600,184.01,188.04,183.59,187.76,32222974.03
1762128000,187.76,189.03,176.9,177.57,97577644.38
1762142400,177.57,178.79,174.28,176.51,95889698.02
1762156800,176.51,176.9,173.75,175.34,64167061.43
1762171200,175.34,176.92,165.32,166.78,191481180.92
1762185600,166.78,170.97,165.66,166.73,145008725.61
1762200000,166.73,167.21,163.27,166.05,122149419.12
1762214400,166.05,168.37,164.18,167.65,70060598.17999999
1762228800,167.65,168.09,155.83,157.0,202214206.02
1762243200,157.0,162.14,156.39,161.69,83221370.1
1762257600,161.69,165.2,159.05,161.43,129283024.55
1762272000,161.43,162.29,152.19,154.53,235385198.61
1762286400,154.53,155.86,146.25,155.03,279917998.44
1762300800,155.03,157.46,147.3,156.93,164084239.03
1762315200,156.93,158.54,155.69,156.5,70292586.29
1762329600,156.5,157.74,153.73,157.5,62771686.26
1762344000,157.5,160.49,156.8,160.48,124601847.26
1762358400,160.48,163.95,158.55,162.54,103122358.44
1762372800,162.54,163.99,161.11,162.38,73147714.67999999
1762387200,162.38,162.92,159.69,162.42,50246275.86
1762401600,162.42,162.76,158.27,158.83,35507160.5
1762416000,158.83,159.87,157.67,158.84,32092036.4
1762430400,158.84,161.43,155.33,155.86,108073290.38
1762444800,155.86,158.57,150.82,156.82,96637482.94
1762459200,156.82,157.72,153.4,155.22,55699453.010000005
1762473600,155.22,158.51,154.2,156.8,54543547.08
1762488000,156.8,158.21,155.21,157.73,36149849.09
1762502400,157.73,158.12,151.65,153.8,44485595.06
1762516800,153.8,156.18,149.75,155.32,108545171.11
1762531200,155.32,164.39,154.3,164.09,130349026.57
1762545600,164.09,164.3,161.57,161.72,75185939.96000001
1762560000,161.72,164.82,160.5,162.45,58240831.16
1762574400,162.45,163.56,159.57,160.98,36893879.96
1762588800,160.98,162.26,159.05,159.31,26036047.56
1762603200,159.31,159.64,155.91,156.61,37674098.71
1762617600,156.61,158.13,155.8,157.31,34548646.63
1762632000,157.31,158.41,157.2,157.98,17785623.229999997
1762646400,157.98,158.26,155.14,155.86,26363724.07
1762660800,155.86,159.51,155.85,159.26,32952749.160000004
1762675200,159.26,159.88,157.28,159.02,19415114.59
1762689600,159.02,163.95,158.63,162.5,75850432.35
1762704000,162.5,166.29,161.23,166.15,49101103.71
1762718400,166.15,166.52,163.91,164.52,55121382.02
1762732800,164.52,168.74,163.42,168.13,79073579.71
1762747200,168.13,168.91,166.41,167.37,35253700.53
1762761600,167.37,169.74,166.12,168.3,38441943.93
1762776000,168.3,170.44,165.2,166.24,70081618.43
1762790400,166.24,168.39,165.21,167.16,52738164.45
1762804800,167.16,168.38,164.79,167.3,52768065.47
1762819200,167.3,171.89,166.0,169.92,71783944.0
1762833600,169.92,170.03,163.61,163.96,60768393.92
1762848000,163.96,164.9,162.78,163.64,49436224.53
1762862400,163.64,164.36,160.06,160.83,80676021.12
1762876800,160.83,161.2,157.42,157.58,54696266.72
1762891200,157.58,157.81,153.91,154.55,68797886.74
1762905600,154.55,155.55,153.57,154.55,54668990.51
1762920000,154.55,156.52,154.16,155.01,26346546.06
1762934400,155.01,161.13,154.99,160.01,55388106.77
1762948800,160.01,161.04,155.25,155.69,81012695.16
1762963200,155.69,156.17,151.18,153.04,94835309.44
1762977600,153.04,154.63,152.55,153.37,43790187.21
1762992000,153.37,155.73,150.44,154.34,61076645.150000006
1763006400,154.34,157.18,153.41,155.3,50537047.37
1763020800,155.3,156.47,153.86,156.26,25916274.29
1763035200,156.26,156.93,152.26,153.09,85831695.83
1763049600,153.09,153.32,142.04,142.66,168214610.94
1763064000,142.66,146.16,141.0,144.69,124798838.8
1763078400,144.69,145.61,142.74,144.24,57657849.51
1763092800,144.24,144.35,138.82,142.76,106061392.86
1763107200,142.76,143.1,139.8,140.7,54519435.85
1763121600,140.7,143.64,135.7,142.12,183832039.59
1763136000,142.12,144.11,140.55,143.05,72007050.32
1763150400,143.05,143.14,137.19,138.8,66913757.57
1763164800,138.8,143.24,138.67,142.47,36261346.67
1763179200,142.47,143.51,141.78,142.67,26670700.07
1763193600,142.67,142.76,139.89,140.12,21875748.63
1763208000,140.12,142.15,139.92,141.65,23330967.21
1763222400,141.65,144.57,140.77,141.7,42329946.08
1763236800,141.7,141.87,138.54,139.54,31086822.82
1763251200,139.54,141.4,137.34,141.32,29360116.99
1763265600,141.32,142.31,140.63,142.24,18190066.59
1763280000,142.24,143.23,139.48,139.86,30688947.03
1763294400,139.86,140.74,137.09,137.38,35208843.0
1763308800,137.38,138.4,134.38,136.78,90269801.15
1763323200,136.78,138.05,134.9,137.08,54437765.55
1763337600,137.08,140.52,136.02,140.17,48861559.7
1763352000,140.17,141.72,139.6,141.27,25619973.13
1763366400,141.27,142.7,140.87,141.77,36973765.76
1763380800,141.77,143.08,136.75,137.04,84622798.33
1763395200,137.04,137.07,129.27,129.53,168900025.23
1763409600,129.53,131.81,128.69,130.84,84459721.0
1763424000,130.84,135.04,128.9,134.37,90679848.78
1763438400,134.37,137.63,132.45,136.78,87418706.14
1763452800,136.78,138.98,136.36,137.69,42868507.41
1763467200,137.69,142.01,136.7,139.6,110490401.78
1763481600,139.6,142.03,138.68,141.39,88035212.0
1763496000,141.39,142.06,139.61,140.64,56685601.29
1763510400,140.64,142.73,139.24,139.75,50399617.57
1763524800,139.75,141.02,137.06,140.51,50859064.44
1763539200,140.51,140.92,138.3,138.48,25325789.14
1763553600,138.48,139.11,134.31,134.53,91696653.22
1763568000,134.53,135.34,130.45,131.61,105244419.94
1763582400,131.61,136.94,131.24,136.93,97891314.33
1763596800,136.93,144.31,136.27,143.06,138037043.20999998
1763611200,143.06,144.65,142.09,143.65,56179317.75
1763625600,143.65,143.81,141.0,141.98,38415821.72
1763640000,141.98,143.15,138.19,138.43,101958987.24
1763654400,138.43,138.58,131.05,133.77,249475699.46
1763668800,133.77,136.52,132.53,133.51,121434542.27
1763683200,133.51,134.93,130.93,132.49,79328979.78
1763697600,132.49,132.94,122.88,127.37,137354525.72
1763712000,127.37,129.2,123.65,124.18,125877974.79
1763726400,124.18,129.45,121.54,125.29,210306720.35
1763740800,125.29,130.48,123.48,128.03,146626015.4
1763755200,128.03,129.25,125.04,128.59,98959309.2
1763769600,128.59,129.85,126.77,127.07,48606936.16
1763784000,127.07,128.26,125.3,127.64,40414818.85
1763798400,127.64,127.65,125.29,126.6,28548883.35
1763812800,126.6,127.66,125.06,127.06,34774405.54
1763827200,127.06,128.5,126.73,127.14,33854512.63
1763841600,127.14,128.8,126.04,127.53,28594916.58
1763856000,127.53,130.76,127.49,129.89,46110885.73
1763870400,129.89,131.83,128.06,128.8,50931236.9
1763884800,128.8,130.76,128.79,129.68,26040818.41
1763899200,129.68,133.03,129.63,132.84,49833318.98
1763913600,132.84,133.39,130.83,132.34,42935913.89
1763928000,132.34,133.45,130.51,130.55,40706463.23
1763942400,130.55,134.35,129.28,133.37,71793876.05
1763956800,133.37,133.88,130.17,130.29,67751298.56
1763971200,130.29,130.68,128.41,129.57,42499321.59
1763985600,129.57,132.51,128.5,131.87,60497299.1
1764000000,131.87,137.95,131.78,137.19,121413629.44
1764014400,137.19,139.84,137.19,138.41,82514597.22
1764028800,138.41,138.93,137.24,137.78,43441810.86
1764043200,137.78,138.9,136.29,136.33,29359849.46
1764057600,136.33,136.81,134.76,136.28,54007307.2
1764072000,136.28,136.95,133.13,134.79,97082446.95
1764086400,134.79,137.94,134.17,136.64,80531245.28999999
1764100800,136.64,140.45,135.96,138.91,70382216.9
1764115200,138.91,140.6,137.89,138.11,40289966.870000005
1764129600,138.11,139.87,137.7,139.84,31045716.02
1764144000,139.84,139.87,136.19,136.85,35550014.3
1764158400,136.85,138.25,135.48,136.63,66854965.940000005
1764172800,136.63,144.72,136.44,143.97,145938560.69
1764187200,143.97,144.2,142.51,143.02,60865093.6
1764201600,143.02,144.1,142.08,142.54,50824064.77
1764216000,142.54,144.26,142.35,143.76,29578220.42
1764230400,143.76,143.87,141.54,142.07,34881397.42
1764244800,142.07,142.52,140.7,142.13,31037036.17
1764259200,142.13,143.09,141.37,142.71,41901032.81
1764273600,142.71,142.86,140.5,140.85,23479480.99
1764288000,140.85,141.43,138.6,139.66,35669260.129999995
1764302400,139.66,140.52,138.96,138.98,23470470.58
1764316800,138.98,142.62,138.94,140.99,42871282.02
1764331200,140.99,143.58,140.47,141.61,117406884.99
1764345600,141.61,141.65,136.05,137.56,77871057.05
1764360000,137.56,138.31,136.68,137.37,25753686.31
1764374400,137.37,137.91,136.82,136.86,15343604.86
1764388800,136.86,137.76,136.33,137.31,20520051.33
1764403200,137.31,137.48,136.48,137.36,12239876.79
1764417600,137.36,137.69,136.53,137.62,11728915.71
1764432000,137.62,138.08,134.84,135.74,38680238.54
1764446400,135.74,136.56,135.33,135.96,19308066.82
1764460800,135.96,136.82,135.31,136.45,17013798.009999998
1764475200,136.45,136.96,135.57,136.56,14342677.88
1764489600,136.56,137.1,136.17,136.46,11924008.37
1764504000,136.46,140.18,136.22,138.37,33143407.69
1764518400,138.37,139.86,137.4,137.63,52196384.39
1764532800,137.63,137.93,133.28,133.49,39724766.83
1764547200,133.49,133.73,126.55,127.0,138113506.03
1764561600,127.0,127.44,125.81,127.41,37463473.97
1764576000,127.41,127.99,126.9,127.12,29265432.270000003
1764590400,127.12,127.66,123.11,125.07,134285999.97
1764604800,125.07,125.31,123.29,123.85,59323792.39
1764619200,123.85,127.7,123.82,126.67,72072468.91
1764633600,126.67,128.52,126.05,127.26,46523718.87
1764648000,127.26,127.86,126.47,127.27,21085352.59
1764662400,127.27,128.8,126.01,128.31,26761826.39
1764676800,128.31,139.86,128.21,137.86,153029427.76999998
1764691200,137.86,140.92,137.38,140.28,95085765.1
1764705600,140.28,140.39,138.29,138.7,46941904.47
1764720000,138.7,140.65,137.8,140.39,38953720.94
1764734400,140.39,144.26,140.23,141.92,66831820.12
1764748800,141.92,142.7,140.84,141.75,23518059.4
1764763200,141.75,143.54,138.89,141.01,65273135.51
1764777600,141.01,142.36,139.95,141.28,54709369.67
1764792000,141.28,146.09,140.78,144.72,85539506.61
1764806400,144.72,146.91,143.71,144.68,46816887.42
1764820800,144.68,144.93,142.7,143.47,27142001.37
1764835200,143.47,144.2,142.73,143.07,22724796.22
1764849600,143.07,144.26,141.49,143.26,61051134.870000005
1764864000,143.26,143.86,137.85,139.7,77742941.93
1764878400,139.7,140.54,138.6,139.06,42320054.78
1764892800,139.06,140.21,138.36,138.6,31845134.2
1764907200,138.6,140.74,137.88,139.7,30174145.1
1764921600,139.7,139.7,136.2,137.04,37833453.34
1764936000,137.04,137.18,134.46,135.04,78351911.06
1764950400,135.04,135.21,130.89,132.55,74244452.17
1764964800,132.55,133.38,132.02,133.33,28805793.33
1764979200,133.33,134.16,132.88,133.77,21286178.27
1764993600,133.77,133.78,132.62,132.78,14449365.21
1765008000,132.78,133.32,131.92,133.24,10918736.18
1765022400,133.24,133.98,132.29,132.92,19468583.89
1765036800,132.92,133.55,131.85,132.12,20287146.61
1765051200,132.12,132.95,131.35,132.24,19637457.71
1765065600,132.24,133.58,131.98,133.53,16408116.66
1765080000,133.53,133.55,131.96,132.11,12656064.45
1765094400,132.11,132.58,131.58,132.45,12431959.23
1765108800,132.45,133.06,127.79,132.07,48313083.17
1765123200,132.07,136.28,130.53,135.74,63197812.78
1765137600,135.74,136.35,129.85,132.29,49082178.54
1765152000,132.29,134.71,131.57,134.33,37685278.21
1765166400,134.33,136.0,134.1,135.87,39689996.15
1765180800,135.87,139.35,135.7,138.41,49030587.0
1765195200,138.41,139.33,135.3,135.57,72271285.48
1765209600,135.57,136.55,133.07,133.69,50646160.9
1765224000,133.69,134.93,132.5,133.27,38504644.26
1765238400,133.27,134.44,132.52,134.18,26314294.62
1765252800,134.18,134.28,131.87,133.2,21151952.35
1765267200,133.2,133.41,132.08,132.96,15239857.6
1765281600,132.96,138.46,131.65,138.43,69481678.03
1765296000,138.43,144.91,138.43,142.13,141030897.24
1765310400,142.13,142.33,136.78,137.9,66375322.24
1765324800,137.9,138.62,137.23,138.21,33341399.62
1765339200,138.21,140.21,138.1,139.19,29749290.35
1765353600,139.19,139.84,136.35,137.24,32262770.98
1765368000,137.24,138.18,135.76,136.18,41555618.93
1765382400,136.18,139.51,135.78,138.68,96650658.75
1765396800,138.68,142.56,135.48,136.32,129458530.19
1765411200,136.32,136.47,129.11,129.44,82565667.37
1765425600,129.44,131.58,129.1,131.07,35318047.38
1765440000,131.07,131.43,130.24,130.96,15502949.000000002
1765454400,130.96,132.84,129.91,131.21,59700979.98
1765468800,131.21,135.58,130.14,133.93,90889018.67
1765483200,133.93,137.82,133.88,136.43,89724253.37
1765497600,136.43,137.97,135.4,137.12,37638085.63
1765512000,137.12,140.13,136.59,139.1,35057847.24
1765526400,139.1,139.15,137.26,138.75,32660198.64
1765540800,138.75,139.86,132.92,133.52,68191412.7
1765555200,133.52,133.94,130.37,131.29,99381613.61
1765569600,131.29,133.05,131.04,132.29,33591223.21
1765584000,132.29,133.0,132.27,132.89,16678739.12
1765598400,132.89,133.02,132.37,132.95,9734878.86
1765612800,132.95,134.28,132.95,133.33,13957672.06
1765627200,133.33,133.7,132.66,133.32,18886567.25
1765641600,133.32,133.83,132.16,132.76,20405085.72
1765656000,132.76,133.29,131.66,133.17,15328799.89
1765670400,133.17,133.69,132.75,132.98,15217113.25
1765684800,132.98,133.39,132.13,133.28,16501915.62
1765699200,133.28,133.5,130.23,131.53,28300523.28
1765713600,131.53,131.91,130.35,130.7,21806969.97
1765728000,130.7,131.63,129.48,130.34,28036486.75
1765742400,130.34,130.78,128.1,129.4,41060241.57
1765756800,129.4,133.23,129.33,131.18,49423779.080000006
1765771200,131.18,132.68,130.91,132.34,17384663.92
1765785600,132.34,133.01,132.09,132.27,11977202.71
1765800000,132.27,135.39,126.45,126.89,125179497.46
1765814400,126.89,127.28,123.63,125.0,98766479.07
1765828800,125.0,127.85,123.86,127.79,53618982.15
1765843200,127.79,128.03,124.93,126.47,40388826.9
1765857600,126.47,127.44,124.91,125.55,27810191.26
1765872000,125.55,128.99,125.42,128.61,28262869.700000003
1765886400,128.61,130.09,126.12,129.71,90940374.12
1765900800,129.71,129.81,126.73,127.7,55494305.86
1765915200,127.7,129.53,127.44,129.14,44500336.63
1765929600,129.14,129.8,128.2,128.24,32207876.41
1765944000,128.24,128.51,127.01,128.24,18072890.53
1765958400,128.24,128.24,125.95,127.56,21866231.82
1765972800,127.56,133.95,126.6,126.72,122032003.98
1765987200,126.72,127.93,121.32,122.36,145751287.95
1766001600,122.36,123.75,121.94,123.21,42101794.72
1766016000,123.21,124.08,122.95,123.6,33499192.67
1766030400,123.6,124.08,122.19,122.77,23669099.36
1766044800,122.77,124.09,122.42,123.97,20485176.65
1766059200,123.97,128.95,123.6,127.34,128207664.16
1766073600,127.34,127.41,117.4,117.52,165664843.87
1766088000,117.52,120.11,116.85,119.54,82666315.38
1766102400,119.54,122.42,117.58,121.48,60730937.84
1766116800,121.48,125.22,121.29,124.37,53708389.84
1766131200,124.37,125.67,123.81,125.29,24499943.38
1766145600,125.29,127.58,124.63,125.02,70124355.71000001
1766160000,125.02,126.88,123.55,126.17,63192012.48
1766174400,126.17,127.78,126.03,126.2,38227425.3
1766188800,126.2,126.42,125.25,126.15,16868555.97
1766203200,126.15,126.61,125.83,126.12,10290934.51
1766217600,126.12,126.81,125.83,126.42,9005843.129999999
1766232000,126.42,126.6,125.42,126.51,15012298.72
1766246400,126.51,126.65,125.7,126.0,11797204.76
1766260800,126.0,126.48,125.57,125.77,12021580.66
1766275200,125.77,126.07,124.63,125.2,17678205.89
1766289600,125.2,125.48,125.05,125.26,6004700.99
1766304000,125.26,126.57,124.77,125.45,12980577.08
1766318400,125.45,126.02,123.41,125.03,35708720.81
1766332800,125.03,126.28,124.37,125.65,21018806.07
1766347200,125.65,126.24,124.68,126.0,14113025.53
1766361600,126.0,128.48,124.53,125.99,47168963.58
1766376000,125.99,126.67,125.52,126.26,16053082.3
1766390400,126.26,127.39,125.45,126.98,21367634.04
1766404800,126.98,128.71,126.31,128.02,56202348.75
1766419200,128.02,128.31,124.58,124.6,45974068.36
1766433600,124.6,125.95,124.18,125.84,36612356.87
1766448000,125.84,126.85,124.86,125.58,17826010.8
1766462400,125.58,125.99,123.7,124.12,20397663.48
1766476800,124.12,125.15,123.88,124.81,16020552.06
1766491200,124.81,124.85,122.15,123.31,42036732.77
1766505600,123.31,124.89,122.75,123.92,45117444.46
1766520000,123.92,125.54,123.4,123.93,28167366.85
1766534400,123.93,124.21,121.71,122.63,23162374.84
1766548800,122.63,122.96,120.53,121.22,21161055.28
1766563200,121.22,122.14,121.03,121.99,17723182.92
1766577600,121.99,122.85,120.64,122.66,36047186.82
1766592000,122.66,123.35,121.71,122.77,28104347.22
1766606400,122.77,123.31,122.38,122.45,13200002.3
1766620800,122.45,123.07,122.0,122.6,9841132.62
1766635200,122.6,122.77,122.03,122.22,6095375.61
1766649600,122.22,122.57,121.24,121.6,12542791.61
1766664000,121.6,124.0,121.53,123.56,17149578.71
1766678400,123.56,124.36,122.73,123.39,19114873.55
1766692800,123.39,123.44,119.69,120.0,36401088.21
1766707200,120.0,124.27,119.2,122.57,55095452.42999999
1766721600,122.57,123.91,121.71,122.62,25525546.94
1766736000,122.62,124.03,122.21,123.75,26265531.82
1766750400,123.75,125.02,120.4,121.48,70786932.69
1766764800,121.48,122.29,121.08,122.08,34028202.55
1766779200,122.08,122.56,121.73,122.19,18953762.56
1766793600,122.19,123.71,121.79,123.59,17343714.87
1766808000,123.59,123.64,122.68,123.08,10276236.96
1766822400,123.08,123.26,122.46,122.92,5413109.88
1766836800,122.92,123.56,122.68,123.25,9217941.49
1766851200,123.25,123.38,122.7,123.19,11594698.09
1766865600,123.19,124.96,123.19,124.65,25218526.34
1766880000,124.65,124.79,123.81,124.04,8710599.71
1766894400,124.04,124.22,123.55,124.13,8046353.529999999
1766908800,124.13,124.73,123.9,124.55,6985772.33
1766923200,124.55,124.92,124.2,124.36,11515026.56
1766937600,124.36,124.66,123.01,123.23,16772117.59
1766952000,123.23,125.53,123.02,125.17,20688264.48
1766966400,125.17,129.95,124.93,128.45,99201837.03
1766980800,128.45,129.05,127.11,127.74,35315714.46
1766995200,127.74,128.28,124.91,124.95,36178475.16
1767009600,124.95,125.25,122.24,123.34,65374680.21
1767024000,123.34,123.85,122.54,122.93,34848679.510000005
1767038400,122.93,123.47,122.73,123.12,18993917.48
1767052800,123.12,123.76,122.46,123.64,20726834.28
1767067200,123.64,124.19,123.06,123.87,14407464.86
1767081600,123.87,124.97,123.84,124.13,17877932.740000002
1767096000,124.13,125.21,123.4,125.02,31515332.770000003
1767110400,125.02,126.37,123.66,124.61,46991958.33
1767124800,124.61,125.0,123.39,124.89,26905833.38
1767139200,124.89,125.93,124.28,125.66,30361342.39
1767153600,125.66,125.91,125.25,125.81,21770047.64
1767168000,125.81,126.67,125.28,126.58,25341476.0
1767182400,126.58,127.24,124.84,125.43,51258732.75
1767196800,125.43,125.57,124.08,124.21,51805595.08
1767211200,124.21,125.27,123.18,124.45,58538433.54
1767225600,124.45,125.58,124.4,124.98,26894110.130000003
1767240000,124.98,125.11,124.04,124.05,17067437.93
1767254400,124.05,125.1,123.96,125.03,8378627.84
1767268800,125.03,125.06,124.27,124.8,16191192.53
1767283200,124.8,125.64,124.15,125.58,20866705.03
1767297600,125.58,127.08,125.15,126.74,27510195.410000004
1767312000,126.74,127.84,125.71,127.37,24486711.28
1767326400,127.37,127.56,126.59,126.97,15309479.8
1767340800,126.97,129.83,126.97,128.09,34131181.53
1767355200,128.09,129.51,126.72,128.89,72057565.23
1767369600,128.89,132.37,128.59,131.56,117076063.58
1767384000,131.56,133.16,130.79,132.25,46503001.870000005
1767398400,132.25,133.11,132.04,132.79,27701247.16
1767412800,132.79,132.85,129.57,130.06,23093929.590000004
1767427200,130.06,131.4,129.76,130.65,17890119.22
1767441600,130.65,132.1,130.44,131.4,18072633.59
1767456000,131.4,132.06,131.4,131.72,15636892.06
1767470400,131.72,133.89,131.3,133.32,25534536.67
1767484800,133.32,134.82,133.28,134.58,37281856.81
1767499200,134.58,134.94,133.65,133.78,22406462.01
1767513600,133.78,134.8,133.19,134.34,18368460.84
1767528000,134.34,135.32,133.72,134.86,25174357.75
1767542400,134.86,135.48,133.07,133.51,28258715.99
1767556800,133.51,134.8,133.36,134.06,20994053.51
1767571200,134.06,137.65,133.93,136.59,61931048.64
1767585600,136.59,136.72,134.58,135.38,27760428.64
1767600000,135.38,135.97,134.69,135.69,19534618.86
1767614400,135.69,136.41,133.13,136.09,67275389.25
1767628800,136.09,138.8,134.31,138.21,67008387.52
1767643200,138.21,139.82,137.75,137.9,52801743.66
1767657600,137.9,138.59,136.9,138.37,36856388.64
1767672000,138.37,140.0,137.32,137.56,44816844.45
1767686400,137.56,139.63,137.37,139.46,35601709.410000004
1767700800,139.46,143.43,138.7,141.54,121440510.06
1767715200,141.54,141.91,136.12,137.48,93794424.48
1767729600,137.48,141.88,137.44,141.03,52411931.61
1767744000,141.03,141.31,138.45,139.49,34424597.52
1767758400,139.49,139.63,138.13,139.27,19098133.36
1767772800,139.27,139.7,136.49,137.86,28925300.01
1767787200,137.86,138.43,135.17,135.61,49475472.81
1767801600,135.61,136.54,134.31,135.62,40631350.92
1767816000,135.62,136.92,134.88,136.27,42191617.88
1767830400,136.27,138.16,135.88,136.6,44286612.39
1767844800,136.6,138.16,133.69,135.71,35757223.34
1767859200,135.71,136.03,133.78,134.61,22284233.7
1767873600,134.61,136.39,132.58,136.29,69935167.64
1767888000,136.29,138.94,136.14,137.41,49259991.72
1767902400,137.41,139.92,136.42,138.26,46760054.38
1767916800,138.26,140.97,137.63,140.63,49868356.98
1767931200,140.63,140.9,139.27,139.39,42195478.21
1767945600,139.39,139.49,136.89,138.13,34005115.47
1767960000,138.13,140.72,136.1,138.66,65250641.69
1767974400,138.66,140.1,135.32,135.66,79664621.23
1767988800,135.66,136.28,134.83,135.8,36283471.69
1768003200,135.8,136.5,135.52,135.97,19451138.57
1768017600,135.97,136.17,135.58,135.92,7844785.31
1768032000,135.92,136.86,135.83,136.42,10998337.58
1768046400,136.42,136.86,135.86,136.25,12414258.97
1768060800,136.25,136.56,135.74,136.06,11554513.77
1768075200,136.06,136.11,135.19,135.67,11038168.02
1768089600,135.67,136.33,135.58,136.09,17469612.009999998
1768104000,136.09,136.23,135.72,136.02,9914308.47
1768118400,136.02,136.69,135.93,136.37,16113420.33
1768132800,136.37,139.33,136.35,138.23,35339359.3
1768147200,138.23,141.36,138.23,139.24,61796596.23
1768161600,139.24,139.57,137.32,139.5,63029133.32
1768176000,139.5,144.17,138.73,142.34,101430947.33
1768190400,142.34,143.11,141.18,141.22,33319807.35
1768204800,141.22,141.85,138.88,139.87,52159080.89
1768219200,139.87,142.66,138.54,142.44,52240765.98
1768233600,142.44,144.15,140.5,140.88,74291602.27
1768248000,140.88,141.73,138.24,139.07,63521389.46
1768262400,139.07,139.41,137.69,138.57,39227540.04
1768276800,138.57,140.56,138.23,139.81,33538863.82
1768291200,139.81,142.94,139.79,141.68,49095212.82
1768305600,141.68,143.71,141.1,143.41,86180827.94
1768320000,143.41,144.46,142.41,144.2,90792936.32
1768334400,144.2,148.33,143.02,145.42,115703369.75
1768348800,145.42,146.48,144.25,146.21,66481692.73
1768363200,146.21,146.34,143.88,144.79,46286056.32
1768377600,144.79,145.71,143.47,143.69,41792944.29
1768392000,143.69,147.5,143.34,147.06,110340091.27
1768406400,147.06,148.39,145.35,146.76,99316147.26
1768420800,146.76,147.73,145.85,146.69,70950200.96
1768435200,146.69,146.71,143.22,143.44,45033609.38
1768449600,143.44,145.24,143.29,144.94,24614293.24
1768464000,144.94,145.95,143.95,144.81,27334930.78
1768478400,144.81,145.63,141.78,143.47,77669775.26
1768492800,143.47,144.13,140.92,141.5,58812452.43
1768507200,141.5,142.65,141.03,142.37,38178395.23
1768521600,142.37,142.77,141.67,141.91,18246307.96
1768536000,141.91,143.52,141.42,142.88,24377175.25
1768550400,142.88,143.47,142.67,143.09,11766396.05
1768564800,143.09,143.8,140.21,140.71,42621028.24
1768579200,140.71,144.46,140.61,144.11,73002600.28999999
1768593600,144.11,145.49,143.43,144.84,43095068.9
1768608000,144.84,144.91,144.14,144.31,20060519.95
1768622400,144.31,144.43,143.58,143.58,11636391.85
1768636800,143.58,144.58,143.27,143.95,17717184.19
1768651200,143.95,144.28,143.56,144.26,18103725.33
1768665600,144.26,144.45,143.63,144.2,12899432.88
1768680000,144.2,144.51,143.47,143.68,12091749.55
1768694400,143.68,143.93,141.92,142.77,32272314.76
1768708800,142.77,142.97,142.03,142.08,8301970.55
1768723200,142.08,142.58,141.92,142.35,6796311.65
1768737600,142.35,142.67,141.45,141.96,16923863.740000002
1768752000,141.96,143.19,141.74,142.23,26330130.68
1768766400,142.23,142.99,137.69,137.81,69910368.36
1768780800,137.81,137.81,130.82,133.88,156585125.71
1768795200,133.88,133.98,132.67,133.4,27769425.97
1768809600,133.4,134.29,133.23,134.05,21535961.380000003
1768824000,134.05,134.11,133.21,133.49,16766201.13
1768838400,133.49,134.64,133.41,134.38,30264686.96
1768852800,134.38,135.08,132.68,133.37,47047787.27
1768867200,133.37,134.53,133.0,134.16,35387738.44
1768881600,134.16,134.17,130.41,130.47,60850238.5
1768896000,130.47,130.61,128.24,128.69,64933390.84
1768910400,128.69,129.64,127.14,127.72,77471685.12
1768924800,127.72,128.46,126.18,127.08,67207777.36
1768939200,127.08,127.93,124.59,125.67,64734264.94
1768953600,125.67,127.69,125.61,127.45,38254973.96
1768968000,127.45,128.6,127.31,127.49,24243851.22
1768982400,127.49,128.04,126.7,126.81,23428788.68
1768996800,126.81,131.02,126.06,130.34,85151249.61
1769011200,130.34,131.57,125.18,131.4,117195583.28
1769025600,131.4,132.02,129.08,129.44,49763687.59
1769040000,129.44,130.5,129.43,129.75,14904233.66
1769054400,129.75,130.36,129.63,129.69,12272461.64
1769068800,129.69,130.24,129.24,130.02,20636634.36
1769083200,130.02,130.83,126.62,127.29,48095178.63
1769097600,127.29,129.26,126.82,129.16,35923549.08
1769112000,129.16,129.65,127.89,128.35,26549097.14
1769126400,128.35,128.84,127.95,128.6,12981060.13
1769140800,128.6,129.14,127.1,127.76,22735831.03
1769155200,127.76,127.83,126.79,127.38,11001724.36
1769169600,127.38,127.93,125.18,127.75,38517255.92
1769184000,127.75,130.04,127.32,127.94,54952667.57
1769198400,127.94,128.1,126.35,127.29,31250282.9
1769212800,127.29,127.92,127.14,127.72,12424927.12
1769227200,127.72,127.92,126.86,126.94,9311203.66
1769241600,126.94,127.19,126.76,126.97,5022554.42
1769256000,126.97,127.22,126.6,126.67,7853710.56
1769270400,126.67,127.32,126.48,127.12,10415925.96
1769284800,127.12,127.56,126.92,127.03,8443461.68
1769299200,127.03,127.28,126.17,126.47,9040637.02
1769313600,126.47,126.81,126.19,126.3,7163545.43
1769328000,126.3,126.97,125.81,126.58,11781842.9
1769342400,126.58,126.92,125.31,125.42,14328868.03
1769356800,125.42,125.42,117.24,117.86,115757261.3
1769371200,117.86,119.29,117.36,118.75,102982316.03
1769385600,118.75,122.63,118.45,121.4,56595521.03
1769400000,121.4,123.43,121.4,122.77,25693743.76
1769414400,122.77,123.44,121.66,122.39,21678934.8
1769428800,122.39,125.09,122.26,123.43,49787100.38
1769443200,123.43,125.45,122.95,124.2,59628894.36
1769457600,124.2,124.74,123.31,124.11,35620678.32
1769472000,124.11,125.01,123.62,124.37,26880302.69
1769486400,124.37,124.98,123.87,124.37,15137720.25
1769500800,124.37,124.64,123.42,123.96,11707744.75
1769515200,123.96,124.89,122.97,124.88,26674710.05
1769529600,124.88,126.64,123.43,125.69,53205819.14
1769544000,125.69,127.71,125.6,127.03,35320623.43
1769558400,127.03,127.35,126.5,126.8,17724178.68
1769572800,126.8,127.36,126.31,126.91,12629455.67
1769587200,126.91,128.15,125.86,128.01,20878706.99
1769601600,128.01,128.06,125.38,125.92,33704850.480000004
1769616000,125.92,126.86,125.11,125.85,35628856.04
1769630400,125.85,126.5,124.63,125.17,35785985.910000004
1769644800,125.17,125.31,122.5,122.88,54740619.86
1769659200,122.88,123.81,122.33,123.6,16042552.04
1769673600,123.6,123.71,122.51,122.59,15664043.0
1769688000,122.59,123.0,115.96,117.49,95085640.39
1769702400,117.49,119.8,115.24,116.63,110028882.22
1769716800,116.63,117.72,116.36,117.62,33074842.77
1769731200,117.62,117.95,112.22,114.27,98770569.33
1769745600,114.27,115.95,112.87,115.62,40871112.77
1769760000,115.62,117.09,114.5,116.89,37067063.45
1769774400,116.89,117.45,114.45,116.66,80111043.37
1769788800,116.66,118.93,114.17,118.12,101666467.64000002
1769803200,118.12,118.26,116.36,117.43,55033774.26
1769817600,117.43,118.46,117.23,118.23,58840002.96
1769832000,118.23,118.71,117.06,117.2,59143370.34
1769846400,117.2,117.36,114.16,115.86,82029161.33
1769860800,115.86,116.0,108.1,108.51,114353302.5
1769875200,108.51,109.62,96.93,101.65,268985020.48
1769889600,101.65,106.44,100.32,105.47,113716218.8
1769904000,105.47,106.31,104.15,104.88,41517538.54
1769918400,104.88,105.9,103.87,105.1,35424967.54
1769932800,105.1,105.93,103.52,104.97,29047596.58
1769947200,104.97,106.58,100.16,101.64,88688657.32999998
1769961600,101.64,104.15,100.85,101.86,66992314.77
1769976000,101.86,102.76,97.97,100.67,116352777.89
1769990400,100.67,103.02,95.88,99.97,136907794.69
1770004800,99.97,102.3,97.06,101.32,120116992.91
1770019200,101.32,103.33,101.29,102.68,52044808.42
1770033600,102.68,106.04,102.35,104.64,103662617.84
1770048000,104.64,105.67,103.45,103.88,71686523.27
1770062400,103.88,105.11,103.26,104.46,44327960.92
1770076800,104.46,104.58,102.11,104.07,35479474.95999999
1770091200,104.07,104.99,102.89,104.61,27047530.37
1770105600,104.61,104.93,102.43,102.92,32664232.02
1770120000,102.92,103.55,100.34,102.46,69602157.9
1770134400,102.46,102.47,96.55,98.9,155578603.58
1770148800,98.9,101.92,97.12,97.76,85660930.43
1770163200,97.76,99.53,97.05,99.01,47192652.9
1770177600,99.01,99.22,96.4,97.78,47085874.79
1770192000,97.78,97.84,94.74,96.0,55415337.67
1770206400,96.0,96.6,91.19,92.65,138505200.63
1770220800,92.65,94.51,89.85,94.19,195086139.37
1770235200,94.19,94.29,89.17,91.93,100315063.57
1770249600,91.93,92.69,90.1,90.98,71106633.97
1770264000,90.98,91.91,89.56,90.36,87838807.46
1770278400,90.36,93.24,88.53,89.82,68881119.2
1770292800,89.82,91.25,83.29,84.47,189322851.64
1770307200,84.47,86.01,81.09,81.51,213325309.19
1770321600,81.51,82.13,77.45,78.21,260497743.47
1770336000,78.21,80.17,67.65,76.62,308030950.40000004
1770350400,76.62,81.54,76.15,79.48,116971384.85
1770364800,79.48,81.93,78.61,81.28,73226842.42
1770379200,81.28,85.12,80.78,84.43,168866421.85
1770393600,84.43,88.68,83.7,87.0,171656287.69
1770408000,87.0,89.76,86.54,87.41,99391216.66
1770422400,87.41,88.33,85.87,88.05,47932369.8
1770436800,88.05,88.98,84.14,85.25,72185310.81
1770451200,85.25,85.68,84.47,84.86,29437290.46
1770465600,84.86,87.12,84.8,86.49,55666929.51
1770480000,86.49,89.13,86.28,88.24,99015023.32
1770494400,88.24,89.14,86.84,87.57,34446303.64
1770508800,87.57,88.16,86.67,86.75,21489366.8
1770523200,86.75,87.5,86.58,87.35,17927350.97
1770537600,87.35,88.89,86.4,88.18,34299555.2
1770552000,88.18,88.82,87.33,87.72,30246096.73
1770566400,87.72,88.55,85.74,88.36,33015489.48
1770580800,88.36,89.0,86.05,86.94,48316605.24
1770595200,86.94,87.92,85.8,87.63,40740928.47
1770609600,87.63,87.66,85.15,85.43,31665813.62
1770624000,85.43,85.56,82.81,83.4,42470090.92
1770638400,83.4,85.75,83.38,85.24,52459572.98
1770652800,85.24,88.63,84.78,87.92,69014297.49
1770667200,87.92,88.25,86.51,86.72,37297971.48
1770681600,86.72,87.44,85.24,85.8,26800016.94
1770696000,85.8,86.6,84.25,84.55,26153899.93
1770710400,84.55,84.99,83.7,83.77,20344982.25
1770724800,83.77,85.17,83.15,84.24,50370777.84
1770739200,84.24,85.09,82.42,83.04,56573429.32
1770753600,83.04,83.17,81.88,82.94,35779834.1
1770768000,82.94,84.34,82.55,83.28,29861217.28
1770782400,83.28,83.48,80.23,80.97,51087893.93
1770796800,80.97,81.42,80.36,81.22,23486576.23
1770811200,81.22,82.98,78.55,79.69,99832835.34
1770825600,79.69,80.87,78.01,79.68,64492554.65
1770840000,79.68,81.03,78.82,79.24,45053946.24
1770854400,79.24,80.72,79.23,80.58,28923279.14
1770868800,80.58,80.92,79.44,80.73,29650216.89
1770883200,80.73,82.19,80.27,81.85,26033701.91
1770897600,81.85,82.08,80.07,80.1,48357601.63
1770912000,80.1,80.18,76.85,77.56,91252838.85
1770926400,77.56,78.44,76.54,78.33,47254346.18
1770940800,78.33,79.4,77.47,78.99,32405159.69
1770955200,78.99,79.2,77.81,78.93,21055745.69
1770969600,78.93,80.56,78.8,80.24,28452708.12
1770984000,80.24,84.29,79.68,83.14,81961193.58
1770998400,83.14,85.58,82.89,84.61,67484807.64
1771012800,84.61,85.13,84.11,84.28,30733956.08
1771027200,84.28,85.25,84.18,85.01,18524354.03
1771041600,85.01,85.22,84.31,85.16,9837926.66
1771056000,85.16,87.28,85.13,87.26,29978177.56
1771070400,87.26,87.65,86.0,87.4,52178838.4
1771084800,87.4,88.41,87.01,88.16,43449642.8
1771099200,88.16,88.85,87.27,88.03,38349691.91
1771113600,88.03,88.73,87.31,88.56,38742329.45
1771128000,88.56,90.92,88.37,90.69,55388007.96
1771142400,90.69,91.21,88.97,89.12,38313054.57
1771156800,89.12,89.57,86.62,87.36,57921154.32
1771171200,87.36,87.82,85.16,85.29,50241474.68
1771185600,85.29,86.65,84.87,86.1,52528060.27
1771200000,86.1,86.56,84.8,85.11,30747380.520000003
1771214400,85.11,85.82,84.43,85.01,28656195.0
1771228800,85.01,86.21,84.49,85.46,20314505.96
1771243200,85.46,86.88,82.54,83.16,65635576.86
1771257600,83.16,85.11,83.07,84.6,39062767.6
1771272000,84.6,86.62,84.47,86.41,30942377.63
1771286400,86.41,87.63,85.74,86.33,31802331.62
1771300800,86.33,86.74,85.43,86.43,19112056.14
1771315200,86.43,86.71,84.72,85.06,16376115.85
1771329600,85.06,85.51,82.89,83.77,58985335.27
1771344000,83.77,85.71,83.12,84.84,50449477.69
1771358400,84.84,85.4,84.52,85.05,25777996.15
1771372800,85.05,85.44,83.9,85.28,25167691.18
1771387200,85.28,85.5,84.65,85.23,14198974.56
1771401600,85.23,86.02,82.83,82.83,25437236.07
1771416000,82.83,83.98,81.73,82.97,53469742.71
1771430400,82.97,83.05,80.47,80.9,51193266.52
1771444800,80.9,81.6,80.84,81.57,35365891.3
1771459200,81.57,82.01,81.22,81.74,15613803.2
1771473600,81.74,82.63,81.35,82.37,20600344.81
1771488000,82.37,82.38,80.88,81.21,14206477.36
1771502400,81.21,81.28,79.6,80.6,43090509.02
1771516800,80.6,82.16,79.91,81.92,40948112.27
1771531200,81.92,82.51,81.68,82.47,26230783.82
1771545600,82.47,83.51,82.29,83.0,25675582.8
1771560000,83.0,83.88,82.37,83.42,21431895.51
1771574400,83.42,84.82,83.28,83.55,35812155.89
1771588800,83.55,84.73,81.75,84.37,72533475.35000001
1771603200,84.37,85.43,82.8,84.73,74566456.82
1771617600,84.73,85.2,84.09,84.64,20609490.87
1771632000,84.64,84.99,84.2,84.32,13640696.49
1771646400,84.32,84.76,83.95,84.22,8055457.39
1771660800,84.22,85.61,84.19,85.36,15568733.03
1771675200,85.36,86.68,85.0,86.57,24937280.17
1771689600,86.57,86.7,85.81,86.2,21255821.83
1771704000,86.2,86.2,85.15,85.17,18682900.14
1771718400,85.17,85.57,84.72,85.05,19020718.75
1771732800,85.05,85.55,84.78,85.23,12739681.02
1771747200,85.23,85.42,84.86,85.24,7475147.99
1771761600,85.24,85.29,82.99,83.48,28300435.89
1771776000,83.48,83.59,82.8,83.27,11820142.78
1771790400,83.27,83.68,82.44,82.75,24097726.23
1771804800,82.75,82.81,77.25,77.65,94909968.81
1771819200,77.65,79.67,77.15,79.4,34919630.4
1771833600,79.4,80.66,78.53,80.05,30818186.97
1771848000,80.05,81.11,79.21,79.4,57182303.2
1771862400,79.4,79.79,77.27,78.28,61345296.17
1771876800,78.28,78.9,77.62,77.88,44797692.76
1771891200,77.88,78.49,75.74,76.84,47012130.94
1771905600,76.84,77.29,76.1,76.83,27135676.48
1771920000,76.83,77.17,76.0,76.76,16151334.62
1771934400,76.76,77.47,75.66,77.3,39813494.54
1771948800,77.3,78.52,77.24,78.39,42463862.32
1771963200,78.39,79.62,78.15,78.98,32483222.66
1771977600,78.98,82.91,78.74,81.74,69206851.92
1771992000,81.74,82.41,80.99,82.18,41230162.22
1772006400,82.18,83.38,81.93,83.37,33555066.68
1772020800,83.37,86.45,82.88,85.99,77992755.02
1772035200,85.99,89.65,85.99,89.44,88454722.63
1772049600,89.44,92.09,87.11,88.06,103296825.99
1772064000,88.06,89.26,87.58,87.95,42981469.84
1772078400,87.95,89.04,87.23,87.26,22950330.73
1772092800,87.26,88.67,86.62,86.82,31244421.23
1772107200,86.82,88.24,85.29,86.56,59136050.07
1772121600,86.56,86.75,84.37,86.48,92051131.92
1772136000,86.48,86.87,85.76,85.91,24752780.770000003
1772150400,85.91,87.81,85.2,87.63,30200775.29
1772164800,87.63,88.28,86.82,87.32,25798514.270000003
1772179200,87.32,87.93,83.34,83.62,38561537.120000005
1772193600,83.62,83.76,82.01,82.71,82660765.92
1772208000,82.71,82.71,81.12,81.55,50822813.56
1772222400,81.55,82.11,80.33,81.85,43395477.99
1772236800,81.85,82.25,81.56,81.74,11226560.41
1772251200,81.74,81.9,77.14,78.73,76657358.49
1772265600,78.73,79.58,77.75,78.78,45369341.67
1772280000,78.78,81.52,78.63,80.93,62848606.82
1772294400,80.93,82.9,80.51,82.22,50061186.95
1772308800,82.22,85.66,81.98,84.37,65454070.64
1772323200,84.37,88.87,84.3,88.01,73540266.26
1772337600,88.01,88.25,86.17,86.63,35248602.67
1772352000,86.63,86.81,84.73,85.18,31343925.66
1772366400,85.18,86.96,84.54,85.66,48264639.63
1772380800,85.66,86.08,83.05,83.24,66164314.27
1772395200,83.24,84.06,81.71,83.6,60068906.57
1772409600,83.6,86.16,83.48,84.76,40910986.61
1772424000,84.76,84.81,82.4,82.94,30230226.12
1772438400,82.94,84.27,82.37,83.88,34528728.4
1772452800,83.88,88.97,82.77,88.78,112004960.2
1772467200,88.78,90.29,86.43,87.67,116713792.52
1772481600,87.67,88.22,86.37,86.63,65288910.8
1772496000,86.63,87.32,85.23,86.29,45347789.64
1772510400,86.29,86.77,85.39,85.57,25907721.09
1772524800,85.57,85.75,83.71,84.19,48599546.61
1772539200,84.19,85.33,82.5,85.04,86633333.99000001
1772553600,85.04,87.32,84.17,85.07,86677398.55
1772568000,85.07,87.46,84.18,86.99,66405991.57000001
1772582400,86.99,88.07,85.18,85.77,51859907.89
1772596800,85.77,87.52,84.79,87.43,42696243.16
1772611200,87.43,91.39,86.99,89.77,100576132.57
1772625600,89.77,93.11,88.7,92.96,127376073.03
1772640000,92.96,94.08,90.72,93.24,87169641.06
1772654400,93.24,93.79,90.32,90.89,54581990.91
1772668800,90.89,91.44,89.65,90.04,43972772.13
1772683200,90.04,91.32,89.71,90.19,23008214.85
1772697600,90.19,92.98,89.7,91.84,38533963.53
1772712000,91.84,92.22,88.83,89.62,71094364.87
1772726400,89.62,89.64,87.93,88.75,55975774.75
1772740800,88.75,89.85,88.56,88.78,34206893.03
1772755200,88.78,89.31,88.04,88.41,31014288.88
1772769600,88.41,88.91,87.53,88.7,28645222.8
1772784000,88.7,88.7,87.11,87.26,22966453.18
1772798400,87.26,87.27,83.97,84.65,94992157.77
1772812800,84.65,85.88,83.65,85.21,59995457.07
1772827200,85.21,85.47,84.43,84.68,33657602.86
1772841600,84.68,85.06,84.32,84.53,16934703.18
1772856000,84.53,84.55,83.9,84.32,14747042.32
1772870400,84.32,84.92,84.13,84.67,7950911.23
1772884800,84.67,84.78,83.47,83.76,17827868.55
1772899200,83.76,84.06,82.29,82.53,22669274.78
1772913600,82.53,83.31,82.51,83.22,10724510.93
1772928000,83.22,83.48,82.11,82.34,16161600.62
1772942400,82.34,83.07,81.76,82.95,13913237.86
1772956800,82.95,84.09,82.55,82.82,13764271.42
1772971200,82.82,82.99,81.2,82.05,26296715.62
1772985600,82.05,82.65,81.32,82.48,19820969.47
1773000000,82.48,82.93,80.29,81.59,48027914.54
1773014400,81.59,84.48,81.55,83.16,53014483.1
1773028800,83.16,84.58,82.34,83.14,32327433.8
1773043200,83.14,84.58,82.98,83.57,23522651.46
1773057600,83.57,85.73,83.41,85.07,67829992.03999999
1773072000,85.07,87.05,84.33,85.99,64886713.86
1773086400,85.99,86.34,84.86,84.97,43249579.31
1773100800,84.97,86.9,84.85,85.57,34273311.35
1773115200,85.57,86.95,85.4,86.7,26242980.1
1773129600,86.7,87.67,86.6,86.81,29610988.36
1773144000,86.81,88.61,84.95,88.35,56073560.05
1773158400,88.35,88.8,85.67,86.02,50001505.33
1773172800,86.02,86.43,85.01,85.89,32792690.9
1773187200,85.89,86.27,85.51,85.65,24154252.97
1773201600,85.65,86.88,85.16,85.47,21304575.38
1773216000,85.47,85.61,84.39,84.55,24252328.43
1773230400,84.55,87.39,84.36,85.42,57295464.0
1773244800,85.42,88.09,85.34,87.28,59505974.51
1773259200,87.28,87.9,86.48,86.58,21495919.69
1773273600,86.58,86.77,84.73,85.03,28379262.62
1773288000,85.03,85.89,84.9,85.82,23176167.53
1773302400,85.82,87.11,85.39,86.81,27132192.06
1773316800,86.81,87.7,85.11,86.6,64005908.2
1773331200,86.6,87.1,85.7,86.81,30838225.6
1773345600,86.81,87.21,85.97,86.84,18901282.73
1773360000,86.84,91.1,86.72,89.71,84747756.91
1773374400,89.71,89.73,88.17,88.68,29839635.42
1773388800,88.68,90.46,88.35,90.34,34763249.4
1773403200,90.34,93.01,89.34,89.5,115112412.51
1773417600,89.5,90.15,88.38,88.92,66010839.6
1773432000,88.92,89.16,87.75,88.19,32565647.41
1773446400,88.19,88.64,87.83,88.43,13276051.48
1773460800,88.43,88.71,86.95,87.34,18423441.07
1773475200,87.34,87.57,86.54,86.98,11713218.74
1773489600,86.98,87.38,86.65,86.75,11383087.73
1773504000,86.75,87.14,86.64,87.02,8554908.18
1773518400,87.02,88.17,86.89,88.06,14961050.01
1773532800,88.06,88.66,87.6,87.87,24525549.5
1773547200,87.87,88.65,87.87,88.22,13903796.1
1773561600,88.22,88.87,88.16,88.57,11799097.0
1773576000,88.57,88.58,87.38,87.92,17221023.4
1773590400,87.92,88.8,87.48,88.2,17003267.23
1773604800,88.2,93.23,88.01,92.33,77211554.60000001
1773619200,92.33,93.96,91.2,93.16,67991566.07
1773633600,93.16,94.32,92.95,93.57,59085046.55
1773648000,93.57,94.01,92.59,93.76,30048508.51
1773662400,93.76,95.11,92.4,93.2,85856413.47
1773676800,93.2,95.48,93.14,95.24,56383773.4
1773691200,95.24,97.66,95.09,96.19,70871385.31
1773705600,96.19,96.95,93.73,94.09,62511242.81
1773720000,94.09,94.65,93.22,94.44,31065846.59
1773734400,94.44,95.09,93.27,93.68,33218554.98
1773748800,93.68,95.15,93.18,93.85,46692823.37
1773763200,93.85,95.62,93.76,94.68,40754295.98
1773777600,94.68,95.64,94.46,94.65,22887363.29
1773792000,94.65,95.66,94.14,95.09,18897445.09
1773806400,95.09,95.14,93.76,93.98,19440504.38
1773820800,93.98,94.46,91.82,92.03,28610467.12
1773835200,92.03,92.05,88.58,89.4,74354109.8
1773849600,89.4,90.85,88.66,89.71,51369820.63
1773864000,89.71,90.61,89.0,90.09,30747625.82
1773878400,90.09,91.41,89.8,90.75,19489345.19
1773892800,90.75,90.75,88.64,89.43,22456887.76
1773907200,89.43,90.47,89.11,89.6,20212556.03
1773921600,89.6,89.61,87.17,87.62,59050823.96
1773936000,87.62,89.25,87.01,88.7,40683997.14
1773950400,88.7,89.31,88.39,88.9,21674777.82
1773964800,88.9,89.78,88.87,89.58,16554868.329999998
1773979200,89.58,89.75,88.5,89.38,15861564.420000002
1773993600,89.38,90.44,88.62,89.15,17848359.79
1774008000,89.15,89.73,88.49,88.93,36530172.48
1774022400,88.93,89.19,88.13,88.98,23420314.17
1774036800,88.98,90.24,88.65,89.83,17876461.8
1774051200,89.83,90.63,89.72,90.44,11358729.06
1774065600,90.44,90.79,89.92,90.12,9348259.0
1774080000,90.09,90.37,89.82,89.93,11256180.79
1774094400,89.93,90.39,89.38,89.82,12027222.86
1774108800,89.82,89.98,89.41,89.79,7563761.4
1774123200,89.79,90.27,87.15,87.55,19795557.77
1774137600,87.55,89.13,86.27,88.66,38376378.16
1774152000,88.66,89.18,87.68,87.7,15644505.57
1774166400,87.7,87.72,86.83,86.84,18645561.7
1774180800,86.84,87.69,86.82,87.56,12404691.04
1774195200,87.56,87.69,86.52,86.87,14506103.920000002
1774209600,86.87,87.17,85.14,86.2,43558606.97
1774224000,86.2,87.18,85.47,86.38,18497592.53
1774238400,86.38,87.28,85.1,85.96,26397705.14
1774252800,85.96,91.89,85.18,88.74,81694706.87
1774267200,88.74,92.25,88.32,89.94,82024304.11
1774281600,89.94,91.88,89.4,91.38,49273264.45
1774296000,91.38,92.0,90.97,91.42,19687184.44
1774310400,91.42,91.64,89.95,90.31,20389376.32
1774324800,90.31,91.84,89.97,91.7,21107262.85
1774339200,91.7,92.19,91.12,91.75,28719763.22
1774353600,91.75,91.84,88.68,89.72,62540129.84
1774368000,89.72,89.95,88.39,88.48,45479655.120000005
1774382400,88.48,91.09,88.47,90.77,41395375.42999999
1774396800,90.77,91.88,90.71,91.65,26189441.6
1774411200,91.65,92.91,91.56,91.78,27532489.92
1774425600,91.78,93.43,91.78,92.96,28679466.22
1774440000,92.96,93.39,91.01,91.76,49282446.2
1774454400,91.76,92.7,91.39,91.72,31148719.27
1774468800,91.72,91.91,91.0,91.68,25290100.15
1774483200,91.68,91.94,90.58,91.04,20660608.07
1774497600,91.04,91.04,88.79,89.07,31289955.75
1774512000,89.07,89.08,87.42,87.53,25972392.58
1774526400,87.53,88.17,86.69,87.49,40841961.46
1774540800,87.49,87.68,85.39,85.42,42505622.22
1774555200,85.42,87.07,85.39,86.48,38749920.74
1774569600,86.48,86.98,86.14,86.37,19659935.72
1774584000,86.37,86.7,85.67,85.87,15943721.75
1774598400,85.87,86.08,82.62,83.34,54067894.99
1774612800,83.34,83.97,82.47,83.29,65991423.57
1774627200,83.29,83.36,81.8,82.74,43235799.95
1774641600,82.74,83.08,82.32,83.06,11836351.17
1774656000,83.06,83.06,82.2,82.55,14309368.41
1774670400,82.55,83.59,82.33,83.55,13511687.38
1774684800,83.55,83.63,82.66,82.89,9539165.15
1774699200,82.89,84.21,82.57,83.77,30163634.16
1774713600,83.77,83.88,82.99,83.23,11822773.6
1774728000,83.23,83.45,81.68,82.03,18834401.54
1774742400,82.03,83.16,81.82,82.94,11345259.06
1774756800,82.94,82.97,82.19,82.4,6826891.78
1774771200,82.4,82.77,81.94,82.54,7717759.98
1774785600,82.54,82.58,81.33,81.75,15675497.7
1774800000,81.75,82.04,81.12,81.56,12808057.77
1774814400,81.56,82.14,79.03,81.37,40520222.56
1774828800,81.37,83.85,81.12,83.22,33693490.72
1774843200,83.22,84.17,83.21,83.95,23283010.53
1774857600,83.95,84.81,83.57,84.18,30157317.14
1774872000,84.18,84.92,83.63,84.45,42860405.08
1774886400,84.45,84.48,81.91,82.33,34121185.82
1774900800,82.33,83.59,82.08,82.48,24134880.21
1774915200,82.48,84.52,82.1,83.52,36023330.03
1774929600,83.52,83.84,82.62,83.02,15540584.91
1774944000,83.02,83.26,80.08,80.79,59040148.650000006
1774958400,80.79,82.49,80.33,80.79,49133709.83
1774972800,82.82,82.9,82.41,82.62,9252610.71
1774987200,82.62,83.31,82.29,83.12,24797666.14
1775001600,83.12,83.5,82.44,83.36,19730516.45
1775016000,83.36,84.7,83.2,83.82,26465293.56
1775030400,83.36,83.54,83.15,83.36,2844375.83
1775044800,83.36,83.85,82.4,83.61,48679695.86
1775059200,83.62,84.38,83.62,83.8,7224340.97
1775073600,83.8,83.87,80.77,81.17,61625273.81
1775088000,81.17,81.75,78.3,78.99,75613763.42
1775102400,78.99,79.64,78.61,79.63,19212406.41
1775116800,79.63,79.63,78.19,78.31,20600163.34
1775131200,78.31,79.69,76.7,79.02,74485999.91
1775145600,79.02,79.84,78.42,78.98,44414553.150000006
1775160000,78.98,79.36,78.63,78.95,17044654.16
1775174400,78.95,79.78,78.86,79.01,19517554.770000003
1775188800,79.01,80.14,79.0,79.94,16896098.38
1775203200,79.94,80.45,79.64,80.18,23933332.69
1775217600,80.18,80.89,79.17,80.33,30454008.85
1775232000,80.1,80.28,79.86,80.19,3631938.99
1775246400,80.19,80.68,79.95,80.38,14849706.28
1775260800,80.38,80.39,80.06,80.17,8509946.16
1775275200,80.17,80.52,80.11,80.3,6322731.58
1775289600,80.3,80.38,79.9,80.18,6833699.91
1775304000,80.18,81.58,79.6,81.08,22638847.99
1775318400,81.08,81.33,80.62,80.85,17664372.36
1775332800,80.85,81.05,80.61,80.83,8023178.42
1775347200,80.83,80.84,80.37,80.54,7670125.51
1775361600,80.54,80.55,79.41,79.59,15932749.76
1775376000,79.59,80.2,79.53,79.89,5821865.18
1775390400,79.18,80.27,78.99,79.57,15789265.87
1775404800,79.57,80.2,79.37,79.81,15709399.35
1775419200,79.81,82.08,79.09,81.85,38941124.3
1775433600,81.85,82.93,81.64,82.08,36099487.16
1775448000,82.08,82.31,80.95,81.8,19227044.48
1775462400,82.68,82.68,82.33,82.44,2879934.39
1775476800,82.44,82.8,81.74,82.29,32565135.07
1775491200,82.29,82.47,81.21,81.93,31013555.3
1775505600,81.93,82.15,79.61,80.03,29463182.87
1775520000,80.03,80.21,79.39,79.8,27315396.47
1775534400,79.8,80.17,79.31,79.85,15684385.2
1775548800,79.36,79.54,78.94,79.21,10083745.97
1775563200,79.21,79.37,78.37,78.84,45662583.27
1775577600,78.84,81.83,78.64,81.62,55883771.57
1775592000,81.62,87.0,81.61,85.56,113196389.61
1775606400,85.56,85.89,84.26,84.54,36571055.0
1775620800,84.54,85.01,83.86,84.5,30202914.380000003
1775635200,84.5,84.97,84.16,84.47,22741755.43
1775649600,84.47,84.98,82.53,83.34,46293993.37
1775664000,83.34,84.18,82.78,83.21,28228408.85
1775678400,82.63,83.03,82.26,82.58,8437501.51
1775692800,82.58,82.67,81.72,82.05,22612749.63
1775707200,82.05,82.48,81.75,82.29,11881212.09
1775721600,82.29,82.71,82.05,82.18,19943330.81
1775736000,82.18,83.92,81.42,83.75,32553689.78
1775750400,83.75,84.73,82.94,84.17,43059498.31
1775764800,84.17,85.9,83.16,83.35,36760225.06
1775779200,83.35,83.78,82.7,82.91,29054023.32
1775793600,82.91,83.59,82.89,82.96,11106488.03
1775808000,82.96,83.75,82.72,83.54,16335226.26
1775822400,85.12,85.61,84.12,84.26,9330232.83
1775836800,84.26,85.51,84.16,85.47,21362965.06
1775851200,85.47,85.67,84.68,84.85,19415647.42
1775865600,84.85,84.95,84.37,84.43,10142573.87
1775880000,84.43,84.65,83.93,84.3,7283905.609999999
1775894400,84.09,84.3,83.84,84.27,2686924.82
1775908800,84.27,84.89,83.9,84.7,11498745.05
1775923200,84.7,86.28,84.63,86.04,22908965.75
1775937600,86.04,86.13,84.56,84.96,21893462.65
1775952000,84.96,85.03,81.93,82.37,35907096.3
1775966400,82.37,82.52,82.11,82.32,9941367.31
1775980800,82.32,82.42,81.99,82.25,8195315.24
1775995200,82.25,82.57,81.34,81.63,25719852.81
1776009600,81.63,82.34,81.57,82.02,9998062.14
1776024000,82.02,82.9,81.31,81.54,39123144.84
1776038400,81.54,82.45,81.41,81.91,16646936.79
1776052800,81.91,82.62,81.55,82.18,18459593.54
1776067200,82.18,82.3,81.67,81.89,15584759.63
1776081600,81.89,83.84,81.83,82.69,49454097.4
1776096000,82.69,84.28,82.39,84.14,45047909.61
1776110400,86.24,86.82,85.95,86.57,19583663.07
1776124800,86.57,86.77,85.71,86.08,36893793.52
1776139200,86.08,86.22,85.47,85.92,16732846.42
1776153600,85.92,86.56,85.63,85.81,23821079.02
1776168000,87.34,87.7,85.32,86.0,39703488.81
1776182400,86.0,86.18,83.8,83.99,51971684.2
1776196800,83.99,84.18,83.35,83.76,34770190.16
1776211200,83.76,84.1,83.18,83.49,27054929.52
1776225600,83.49,83.82,82.7,82.95,16719670.37
1776240000,82.95,83.68,82.78,83.62,25217726.72
1776254400,83.62,84.51,83.25,84.02,43425230.18
1776268800,84.02,85.84,83.93,85.53,48981697.44
1776283200,85.53,85.61,84.23,84.92,27408137.93
1776297600,84.92,85.59,84.51,85.3,17346039.27
1776312000,85.3,85.67,85.01,85.22,13333001.17
1776326400,85.22,85.52,84.66,85.1,21640848.67
1776340800,85.1,87.11,83.86,86.64,65273128.11
1776355200,86.64,90.15,85.67,90.11,97535111.55
1776369600,90.11,90.5,88.76,89.1,50612826.09
1776384000,89.1,89.21,87.49,87.74,32542964.41
1776398400,87.74,88.5,87.39,88.15,17439126.48
1776412800,88.15,89.57,87.4,88.24,37943630.88
1776427200,88.24,90.78,87.96,89.99,125397759.15
1776441600,89.99,90.6,88.92,89.27,54046093.46
1776456000,89.27,89.49,88.53,88.82,26394017.87
1776470400,88.82,89.19,88.29,88.36,15163272.69
1776484800,88.36,88.69,88.22,88.47,13454660.33
1776499200,88.47,88.52,86.31,86.56,35975847.16
1776513600,86.56,87.01,86.45,86.79,18530403.84
1776528000,86.79,87.0,85.84,86.17,23462044.43
1776542400,86.17,86.48,85.98,86.2,14193495.33
1776556800,86.2,86.41,85.32,85.64,20581989.62
1776571200,85.64,85.98,84.48,84.92,26712928.79
1776585600,84.92,85.73,84.49,85.65,20005896.42
1776600000,85.65,87.14,85.59,86.38,28821534.24
1776614400,86.38,86.52,84.93,85.36,28765947.57
1776628800,85.36,85.39,82.98,83.49,56721873.62
1776643200,83.49,84.65,83.38,84.63,23455714.62
1776657600,84.63,85.77,83.8,84.75,23060292.9
1776672000,84.75,85.43,84.6,85.1,21337079.6
1776686400,85.1,85.9,84.47,85.89,47587564.06
1776700800,85.89,86.24,85.3,85.84,30987146.32
1776715200,85.84,86.22,85.25,85.31,18453449.88
1776729600,85.31,85.85,85.04,85.2,20165053.91
1776744000,85.2,86.0,85.06,85.74,20853551.09
1776758400,85.74,86.39,85.57,85.89,18611345.77
1776772800,85.85,86.92,85.43,86.07,32759874.07
1776787200,86.07,86.31,84.35,84.58,45888773.1
1776801600,84.58,86.14,84.46,86.06,35717355.4
1776816000,86.06,87.9,86.04,87.29,48580014.31
1776830400,87.29,88.32,87.0,88.08,28647924.29
1776844800,88.08,88.87,87.64,88.35,24970872.43
1776859200,88.35,89.35,88.08,88.22,53038512.74
1776873600,88.22,88.49,87.13,87.42,38028111.72
1776888000,87.42,87.75,86.85,86.91,15316026.52
1776902400,86.91,87.17,85.5,85.81,31832323.14
1776916800,85.81,86.24,85.53,85.94,23417542.03
1776931200,85.94,85.97,85.25,85.85,17126664.79
1776945600,85.79,86.66,85.58,86.37,27559051.64
1776960000,86.37,86.43,84.52,85.33,46658074.83
1776974400,85.33,86.28,85.31,86.17,28411268.18
1776988800,86.17,86.4,85.43,85.74,17017511.11
1777003200,85.74,85.84,85.19,85.5,23322396.64
1777017600,85.5,86.3,84.98,86.23,26815067.5
1777032000,86.11,86.59,85.58,86.56,48673838.95
1777046400,86.56,86.61,85.99,86.34,16974952.98
1777060800,86.34,86.98,86.14,86.22,26437173.63
1777075200,86.22,86.52,86.06,86.49,7128416.57
1777089600,86.49,86.68,86.15,86.39,9049429.61
1777104000,86.39,86.82,86.28,86.4,9346240.34
1777118400,86.4,86.7,86.17,86.25,7609023.8
1777132800,86.25,86.35,85.57,85.71,14477707.77
1777147200,85.71,86.2,85.64,86.2,8184305.689999999
1777161600,86.2,86.46,85.87,86.01,9212708.94
1777176000,86.01,86.73,85.96,86.65,13249740.13
1777190400,86.65,86.78,86.46,86.52,6719040.03
1777204800,86.52,86.6,85.93,86.58,13520089.97
1777219200,86.58,87.22,86.3,86.91,15873095.72
1777233600,86.91,87.33,86.23,86.95,25959563.19
1777248000,86.95,88.09,86.58,87.76,30552220.77
1777262400,87.76,87.85,85.27,85.28,30575407.78
1777276800,85.28,85.62,85.05,85.27,29102863.41
1777291200,85.27,85.83,83.66,84.16,46670752.64
1777305600,84.26,84.68,83.83,84.17,19279554.05
1777320000,84.17,84.88,84.1,84.81,15150096.3
1777334400,84.81,84.92,83.91,84.17,18298629.44
1777348800,84.17,84.43,83.65,84.02,18076750.66
1777363200,84.02,84.19,83.29,83.4,10752712.62
1777377600,83.38,83.5,83.21,83.45,4120164.82
1777392000,83.45,84.02,83.31,83.89,14452209.36
1777406400,83.89,84.16,83.58,84.05,15476227.17
1777420800,84.05,84.71,83.8,84.58,15414957.2
1777435200,84.58,85.05,84.44,84.7,16988028.86
1777449600,84.7,85.55,84.36,84.91,21841917.35
1777464000,84.91,84.91,82.99,83.23,39180565.28
1777478400,83.32,83.39,81.38,82.15,28450780.33
1777492800,82.15,83.18,82.15,83.02,31207603.97
1777507200,83.02,83.96,82.67,83.02,32523351.21
1777521600,83.02,83.33,82.14,83.3,20461293.85
1777536000,83.3,83.51,82.76,82.97,17911077.25
1777550400,82.97,83.8,82.67,83.32,32835130.74
1777564800,83.32,83.4,82.84,83.03,24894184.06
1777579200,83.03,83.15,82.75,83.05,9298479.22
1777593600,83.05,84.34,83.05,83.87,19311758.56
1777608000,83.87,84.22,83.65,83.93,18020534.99
1777622400,83.93,84.27,83.71,84.0,10373757.24
1777636800,84.0,84.85,83.88,84.45,32752188.99
1777651200,84.45,84.61,83.78,83.88,19612467.72
1777665600,83.88,83.92,83.32,83.76,15492272.27
1777680000,83.76,84.17,83.44,83.8,12004022.41
1777694400,83.8,83.84,83.53,83.71,5518316.67
1777708800,83.71,84.14,83.52,83.68,6559307.3100000005
1777723200,83.68,84.08,83.67,84.02,8955210.370000001
1777737600,84.18,84.29,83.94,84.21,4247107.75
1777752000,84.21,84.95,84.07,84.26,13582577.46
1777766400,84.26,84.31,83.58,83.66,9373695.04
1777780800,83.66,84.0,83.58,83.86,3998993.71
1777795200,83.81,84.17,83.73,83.94,1809590.92
1777809600,84.08,84.42,84.08,84.14,3393391.2800000003
1777824000,84.14,84.47,83.99,84.36,7663319.48
1777838400,84.36,84.96,83.87,83.91,24448895.03
1777852800,83.91,85.59,83.35,85.4,46335442.18
1777867200,85.4,85.87,84.52,84.87,17666766.46
1777881600,84.87,85.18,83.25,83.94,23169135.82
1777896000,83.94,85.32,83.6,84.47,35537804.2
1777910400,84.48,85.17,84.36,84.43,16205178.18
1777924800,84.43,84.54,84.02,84.09,14541551.45
1777939200,84.09,84.95,84.03,84.78,12436462.31
1777953600,84.78,85.11,84.54,84.86,17727483.21
1777968000,84.86,85.0,84.43,84.97,7692115.300000001
1777982400,84.97,86.09,84.91,85.5,38125044.61
1777996800,85.5,86.57,85.06,86.5,29129004.34
1778011200,86.5,86.97,86.15,86.28,29654819.95
1778025600,86.28,87.45,86.1,87.32,27155662.78
1778040000,87.32,87.88,86.67,87.69,21801871.69
1778054400,87.69,90.01,87.65,89.86,36996647.74
1778068800,89.86,89.96,87.48,88.97,52649074.54
1778083200,88.97,89.49,88.49,89.26,33600683.62
1778097600,89.26,89.6,88.67,89.15,21787823.81
1778112000,89.15,89.25,87.63,87.77,19664073.63
1778126400,87.77,90.41,87.7,90.16,26353950.03
1778140800,90.16,90.26,88.73,89.56,20278171.58
1778155200,89.56,90.07,87.82,88.29,37029881.49
1778169600,88.29,89.05,87.98,88.42,37310375.49
1778184000,88.42,88.81,87.66,88.4,25023123.83
1778198400,88.4,88.63,87.63,88.21,10420973.58
1778212800,88.21,88.39,87.66,88.21,6041855.99
1778227200,88.21,88.73,88.01,88.64,11126190.69
1778241600,88.64,89.57,88.02,89.56,22020771.12
1778256000,89.56,92.78,89.34,92.61,63261966.39
1778270400,92.61,92.69,91.76,92.01,24613475.94
1778284800,92.01,93.84,91.86,93.65,30319965.16
1778299200,93.65,94.16,92.84,93.75,24651789.56
1778313600,93.75,93.93,93.08,93.63,12059513.12
1778328000,93.63,93.73,92.4,92.98,15615053.349999998
1778342400,92.98,93.63,92.7,93.51,17561251.060000002
1778356800,93.51,93.53,93.05,93.13,6804054.6
1778371200,93.13,93.49,92.59,93.42,14538496.72
1778385600,93.42,93.62,93.23,93.45,6562259.76
1778400000,93.45,94.77,92.94,93.55,23688838.22
1778414400,93.55,94.72,93.18,94.52,23691996.62
1778428800,94.52,96.88,94.17,96.46,51028124.96
1778443200,96.46,96.83,93.46,96.44,76039252.41
1778457600,96.44,96.64,94.47,94.76,53118940.620000005
1778472000,94.76,96.14,94.44,95.32,25845961.97
1778486400,95.32,95.56,94.57,95.24,17797322.89
1778500800,95.24,96.79,94.29,96.78,63036171.43
1778515200,96.78,98.37,96.49,98.19,76568659.88
1778529600,98.19,98.38,97.08,97.36,29044246.13
1778544000,97.36,97.65,95.53,96.12,35988673.64
1778558400,96.12,96.97,95.81,96.02,14026595.69
1778572800,96.02,96.11,94.58,94.95,33835362.36
1778587200,94.95,95.5,93.59,93.83,5825669.613604894
1778601600,93.83,94.96,93.54,94.87,4300069.994481935
1778616000,94.88,95.0,94.25,94.27,2708462.604179637
1778630400,94.27,95.55,94.05,95.55,2662366.575892953
1778644800,95.55,95.92,94.82,95.13,5540248.273079097
1778659200,95.14,95.86,94.25,94.3,2365147.823391432
1778673600,94.3,94.61,90.24,90.39,20724096.727958184
1778688000,90.41,91.37,90.37,90.93,5579229.040756076
1778702400,90.94,91.3,90.61,91.11,3307707.7984431544
1778716800,91.13,91.35,89.79,89.89,4235895.202472799
1778731200,89.9,91.7,89.83,90.82,4272658.259210916
1778745600,90.86,91.26,90.55,90.61,2870900.2248496083
1778760000,90.61,93.22,90.53,93.2,5767896.125767589
1778774400,93.17,93.66,92.3,92.88,7013619.413654335
1778788800,92.89,92.99,92.05,92.15,3623396.3774807
1778803200,92.14,92.64,91.4,92.03,4489150.01822698
1778817600,92.04,92.04,90.26,91.58,3274948.202156759
1778832000,91.59,91.61,90.91,91.26,2844601.0745345145
1778846400,91.25,91.26,88.45,89.02,5431283.043148835
1778860800,89.02,90.02,88.79,89.36,3560091.8314554747
1778875200,89.36,89.46,88.92,89.22,1708136.7816596066
1778889600,89.19,89.39,88.92,89.02,1523934.8674285852
1778904000,88.99,89.02,86.72,87.4,3579607.5769216344
1778918400,87.4,87.58,85.5,86.08,6810119.587133866
1778932800,86.06,86.64,86.0,86.44,1312449.515136256
1778947200,86.44,86.9,86.36,86.66,819906.067355874
1778961600,86.67,86.86,86.41,86.5,624894.4160185995
1778976000,86.49,86.68,85.57,86.48,2849923.331095573
1778990400,86.48,87.22,86.43,86.94,839245.0004886598
1779004800,86.94,87.19,86.58,86.87,2111961.4966810853
1779019200,86.87,86.97,85.95,86.41,1628328.2558124964
1779033600,86.41,86.88,85.95,86.77,2045833.1617629407
1779048000,86.74,86.9,83.44,85.2,4329398.269933542
1779062400,85.2,85.41,84.31,84.82,1991825.8589748663
1779076800,84.81,85.32,84.18,84.72,3048048.5016278857
1779091200,84.72,85.24,84.03,84.91,1335363.1355510552
1779105600,84.92,85.73,83.59,84.12,3044186.3175618686
1779120000,84.16,85.15,83.43,84.96,2923391.712246544
1779134400,84.96,85.68,84.75,85.33,2792623.9402396404
1779148800,85.33,85.88,84.55,84.98,1741832.6324697076
1779163200,85.02,85.56,84.42,85.42,1382032.6715787216
1779177600,85.43,85.48,84.22,84.32,2415611.766536548
1779192000,84.32,85.01,83.55,84.3,3986865.827689056
1779206400,84.31,84.93,84.09,84.28,3249553.487379127
1779220800,84.28,84.56,83.95,84.23,1657914.5270955735
1779235200,84.22,84.44,83.76,84.0,1678597.0795497114
1779249600,84.0,85.05,83.81,84.67,6083839.933619037
1779264000,84.67,85.09,84.53,84.62,3544401.0221676007
1779278400,84.62,86.18,84.09,85.82,6387861.666940328
1779292800,85.84,86.98,85.42,86.09,6413448.332311173
1779307200,86.09,86.24,85.5,86.06,2431912.4363617087
1779321600,86.06,86.95,86.03,86.76,2841814.631108273
1779336000,86.76,87.13,86.14,86.55,2253743.493754202
1779350400,86.55,87.11,85.48,85.5,2889007.0921977907
1779364800,85.52,86.78,85.2,86.38,2413571.506840679
1779379200,86.37,87.9,85.99,87.75,3759133.728744695
1779393600,87.76,87.82,86.95,87.26,2214018.4732831568
1779408000,87.27,87.27,86.48,86.95,1330580.6885262649
1779422400,86.95,87.28,86.42,86.89,1484179.2115464015
1779436800,86.89,87.4,86.63,87.23,1854529.1840276588
1779451200,87.23,87.77,86.18,86.68,3913203.490053088
1779465600,86.67,87.09,83.92,84.46,8060853.233231194
1779480000,84.45,85.2,83.91,84.28,2979847.390396783
1779494400,84.3,84.63,83.95,84.58,1665441.067726604
1779508800,84.59,84.61,81.37,82.15,7392734.050519945
1779523200,82.16,82.39,81.61,82.23,3147620.5245590694
1779537600,82.23,84.41,82.07,84.0,4496492.533314604
1779552000,84.0,85.05,83.83,84.87,4770940.839099183
1779566400,84.87,87.39,84.71,85.66,7757452.069129832
1779580800,85.67,86.12,85.49,85.69,1215072.5651798905
1779595200,85.72,86.55,85.5,85.97,1006591.564942873
1779609600,85.98,86.89,85.91,86.58,2445511.2785247923
1779624000,86.57,86.6,84.3,85.2,3472974.4840696324
1779638400,85.21,85.73,85.09,85.27,2325716.7715228754
1779652800,85.32,85.39,83.61,85.18,3187405.175450247
1779667200,85.18,85.66,84.7,84.83,2268257.522055373
1779681600,84.84,86.09,84.82,85.84,1343899.3194815796
1779696000,85.84,86.12,85.64,85.66,1084695.396920337
1779710400,85.7,86.42,85.58,86.16,1396961.819179913
1779724800,86.17,86.33,85.44,85.58,2333038.1396566923
1779739200,85.57,85.78,84.65,84.96,1375227.9193651986
1779753600,84.98,84.99,83.76,84.14,3315402.567352724
1779768000,84.14,84.87,83.94,84.25,560640.7307754689
1779782400,84.27,85.69,84.24,85.14,825438.9485858956
1779796800,85.13,86.05,83.92,84.38,2919560.369234491
1779811200,84.39,84.44,83.01,83.61,3210527.104536955
1779825600,83.66,83.86,83.43,83.6,1059957.4012061034
1779840000,83.64,84.08,83.38,83.51,864170.7287886034
1779854400,83.51,84.07,82.7,84.06,1744421.8273396336
1779868800,84.08,84.26,83.48,83.8,790577.9126233457
1779883200,83.81,84.65,82.87,84.27,2550265.1080175266
1779897600,84.29,84.59,83.03,83.75,2036130.5312740016
1779912000,83.76,83.99,82.0,82.31,3182622.7066155844
1779926400,82.31,82.63,80.35,80.6,3774337.6812133854
1779940800,80.6,81.14,79.9,81.12,3414027.942823402
1779955200,81.12,81.19,80.48,80.76,1254981.634841321
1779969600,80.75,81.5,79.83,81.03,3016906.271662025
1779984000,81.0,82.87,80.79,82.06,3299671.644559292
1779998400,82.07,82.55,81.67,82.02,2096885.8429289155
1780012800,82.02,82.35,81.38,81.49,3424788.620790302
1780027200,81.49,82.36,81.27,82.12,2621544.692291278
1780041600,82.13,82.5,81.42,81.65,727408.8088301214
1780056000,81.66,83.08,80.25,82.46,7215019.075582475
1780070400,82.46,83.08,81.49,82.02,3762258.011228909
1780084800,81.97,82.29,81.52,81.9,1630854.1981118324
1780099200,81.92,82.98,81.82,82.55,2153487.075216381
1780113600,82.56,82.69,81.79,82.27,2581230.335245431
1780128000,82.28,82.44,82.1,82.22,390665.5396634856
1780142400,82.22,82.78,82.15,82.55,599716.549893227
1780156800,82.57,82.99,82.51,82.86,1254102.7002592476
1780171200,82.87,83.04,82.37,82.6,1179550.073392579
1780185600,82.62,83.26,82.51,83.12,1357676.1451884217
1780200000,83.12,83.19,82.41,82.56,1159552.8899739112
1780214400,82.55,82.91,82.36,82.65,448389.0645041258
1780228800,82.65,83.0,81.71,81.76,2347085.184906278
1780243200,81.77,81.91,81.22,81.48,1705164.20936654
1780257600,81.48,82.77,81.48,82.32,1714766.156497411
1780272000,82.32,82.93,81.54,82.51,3053186.72267802
1780286400,82.5,82.64,80.54,80.65,5287636.871923708
1780300800,80.64,81.2,80.36,80.72,2535638.444452756
1780315200,80.71,80.97,79.06,79.48,6080943.638101728
1780329600,79.48,81.2,79.01,81.1,3348555.909844367
1780344000,81.09,81.49,80.24,81.17,3667879.089137675
1780358400,81.18,81.19,79.34,80.8,2829844.753285332
1780372800,80.8,80.89,79.1,79.57,3907335.2966931
1780387200,79.57,79.7,78.69,78.86,2882015.5542229805
1780401600,78.83,79.11,75.48,76.27,14473513.367031105
1780416000,76.25,77.56,74.4,75.43,7285773.90340248
1780430400,75.44,75.97,72.66,74.12,8220677.273481199
1780444800,74.14,75.04,72.21,72.61,5910963.83745997
1780459200,72.62,75.35,72.62,75.17,3353815.263593941
1780473600,75.18,75.58,74.64,75.01,1862174.4166726368
1780488000,75.04,75.28,73.15,73.15,3123002.731490576
1780502400,73.2,74.0,71.6,71.96,5870541.023259608
1780516800,71.92,73.07,70.84,71.53,4351771.75059137
1780531200,71.52,72.01,66.66,71.41,15155399.740761532
1780545600,71.41,71.7,69.1,69.12,5699641.125560558
1780560000,69.11,69.37,67.34,68.6,8156748.820278818
1780574400,68.62,70.58,68.26,69.59,6362323.671752794
1780588800,69.57,69.78,68.43,69.0,6527240.127112908
1780603200,69.0,69.04,67.51,68.82,3454114.426937144
1780617600,68.8,69.0,66.9,67.03,6198136.390932578
1780632000,67.05,68.03,63.73,66.09,19508258.820232693
1780646400,66.14,66.72,64.98,66.03,6365049.127816618
1780660800,66.02,66.75,63.76,64.28,8840600.66015164
1780675200,64.22,66.0,61.37,63.42,11240148.96448413
1780689600,63.41,65.39,62.65,63.61,7462510.676550021
1780704000,63.62,64.82,62.58,62.82,5565336.023747064
1780718400,62.83,63.31,60.12,62.73,7466757.827670605
1780732800,62.76,63.58,61.16,62.45,4751533.326111121
1780747200,62.44,63.05,61.31,62.01,5743421.241404882
1780761600,62.01,62.37,61.37,61.61,3178637.8138999604
1780776000,61.61,62.37,61.35,62.16,5923816.5347177535
1780790400,62.17,64.11,61.93,63.82,5416260.962913074
1780804800,63.81,65.02,63.23,64.88,4680506.970364958
1780819200,64.91,66.06,64.44,65.04,2607785.0489620604
1780833600,65.02,65.31,63.66,64.96,4954537.13405758
1780848000,64.98,65.59,63.64,63.93,2658091.476195522
1780862400,63.87,67.9,63.75,66.47,7390813.855504278
1780876800,66.46,67.05,65.36,66.31,3359059.969405562
1780891200,66.34,66.38,64.92,66.07,3781417.2790829698
1780905600,66.06,67.01,65.43,66.65,3867905.125440941
1780920000,66.65,67.81,65.96,67.08,4895850.092944907
1780934400,67.13,67.79,66.52,67.43,4309807.848423252
1780948800,67.42,68.17,66.67,66.82,3588958.206063276
1780963200,66.81,66.85,65.29,65.98,2459159.5721152145
1780977600,65.99,67.45,65.82,66.87,1796255.6803383206
1780992000,66.87,66.89,65.86,66.08,1710844.2530497434
1781006400,66.05,66.48,64.23,64.29,4374546.027271546
1781020800,64.29,65.61,63.49,65.4,7382700.678218629
1781035200,65.36,65.65,64.67,64.89,3419962.15035576
1781049600,64.99,65.26,64.2,64.47,1710694.6606404427
1781064000,64.49,64.72,63.77,64.45,989648.3246024963
1781078400,64.46,64.46,62.78,63.46,4083592.625599769
1781092800,63.46,65.68,63.27,65.37,5462227.69757614
1781107200,65.39,65.42,63.33,63.5,2870151.025328422
1781121600,63.49,63.6,62.27,63.13,5575318.532500493
1781136000,63.14,65.37,63.14,65.2,4557757.217065029
1781150400,65.18,65.36,64.71,64.93,3583104.0551515315
1781164800,64.96,66.11,64.92,65.8,2654118.3580215448
1781179200,65.81,65.86,64.85,65.47,3825879.4806975937
1781193600,65.48,67.28,64.97,66.89,6189291.279703742
1781208000,66.87,67.11,66.3,66.85,1738270.157059512
1781222400,66.86,67.19,66.37,66.94,2164676.843435262
1781236800,66.95,67.14,65.88,66.24,2169083.7780162822
1781251200,66.24,67.39,66.24,66.87,2496567.284126737
1781265600,66.87,68.76,66.31,67.21,5055439.432655411
1781280000,67.22,68.16,66.66,66.75,4129357.22077547
1781294400,66.76,66.9,66.43,66.79,1541518.4794676937
1781308800,66.77,67.48,66.68,66.88,1277709.771960709
1781323200,66.84,67.42,66.58,67.31,1356654.8850630082
1781337600,67.33,67.9,67.22,67.87,926863.2953906996
1781352000,67.87,68.65,67.76,68.56,2065963.627488033
1781366400,68.56,68.57,67.81,68.22,2769301.870058798
1781380800,68.2,69.55,68.04,68.87,3708359.0424076687
1781395200,68.92,69.07,68.61,68.94,1185398.2411331064
1781409600,68.93,68.97,68.01,68.17,1830166.183600784
1781424000,68.2,68.47,67.89,68.08,1232683.3147964485
1781438400,68.09,68.13,66.91,67.42,1863903.271483232
1781452800,67.42,67.72,67.19,67.51,863191.8002877282
1781467200,67.56,71.24,67.41,71.24,6601793.8465244025
1781481600,71.25,71.66,70.66,71.2,3306743.579183388
1781496000,71.21,71.52,70.78,71.23,1762552.089266003
1781510400,71.25,72.74,70.78,72.59,4156643.896466953
1781524800,72.57,75.21,72.28,75.2,10790246.828751534
1781539200,75.21,76.02,74.52,75.21,7862565.089799183
1781553600,75.21,75.39,73.6,73.95,3374336.423877164
1781568000,73.95,74.35,72.75,73.7,4483464.434629658
1781582400,73.7,74.48,73.16,74.42,5003106.969259509
1781596800,74.41,75.56,74.3,74.62,2100990.252068738
1781611200,74.62,75.46,72.27,73.23,7331095.656088848
1781625600,73.23,74.28,72.95,73.76,3636435.281767242
1781640000,73.77,74.17,73.36,73.39,2308403.3207196686
1781654400,73.46,74.37,73.1,73.62,1575179.3743575336
1781668800,73.63,74.0,72.92,73.2,1596328.8403243008
1781683200,73.2,73.22,71.65,71.98,2417358.3812299306
1781697600,71.97,73.8,71.55,73.77,5948645.4201009
1781712000,73.75,74.68,71.38,71.59,11826779.134853298
1781726400,71.55,72.19,70.77,71.98,4640722.248596021
1781740800,71.98,72.6,71.49,71.59,4632351.615970557
1781755200,71.58,71.76,70.59,71.69,3593349.189974596
1781769600,71.7,72.09,70.7,70.87,2831303.4329069424
1781784000,70.87,71.72,68.29,68.37,6541120.117869097
1781798400,68.36,69.44,68.14,69.28,16693983.457172342
1781812800,69.33,69.87,69.2,69.64,2607591.7317762207
1781827200,69.64,69.99,68.58,68.93,2907050.498670313
1781841600,68.98,69.2,67.9,68.3,1691323.100613091
1781856000,68.31,68.67,68.0,68.16,1472111.0221543664
1781870400,68.19,69.48,67.85,69.27,4219369.647573156
1781884800,69.28,69.49,68.58,68.88,4207414.324181009
1781899200,68.93,69.79,68.68,69.7,2182140.929779878
1781913600,69.67,70.07,69.37,69.94,3531114.8268387946
1781928000,69.94,72.37,69.83,71.51,3779465.653089079
1781942400,71.53,72.0,71.15,71.74,1348416.3200917628
1781956800,71.74,72.52,70.44,71.94,4221090.403962765
1781971200,71.97,71.98,71.01,71.78,1985495.969393888
1781985600,71.78,74.2,71.64,73.14,7455303.984756676
1782000000,73.14,73.76,72.8,73.55,1533981.3401036449
1782014400,73.53,73.76,72.91,73.13,935701.9726732183
1782028800,73.13,74.28,72.65,73.1,2046107.15488438
1782043200,73.11,74.19,72.83,74.07,1586295.2116973402
1782057600,74.05,74.58,73.71,74.34,2920566.7336009187
1782072000,74.35,74.43,72.19,72.42,5002375.84108623
1782086400,72.38,74.87,72.37,73.44,5030272.315784059
1782100800,73.44,74.36,73.27,74.02,1555759.009854659
1782115200,74.02,74.35,73.53,74.1,2154522.6540383385
1782129600,74.1,74.91,72.93,73.08,5062138.221911669
1782144000,73.07,73.48,72.4,72.62,6534617.323771196
1782158400,72.62,72.87,71.33,71.88,4045002.050723607
1782172800,71.88,71.95,71.24,71.92,2248763.646002968
1782187200,71.92,71.95,69.63,69.91,5104050.588566836
1782201600,69.94,70.03,68.11,69.22,6368587.256199591
1782216000,69.24,69.57,68.34,68.84,5460560.238317059
1782230400,68.84,69.35,68.57,68.77,4108549.0714050047
1782244800,68.76,69.74,68.76,69.61,1985483.244071765
1782259200,69.61,70.29,69.03,69.48,4222912.197656765
1782273600,69.49,70.12,68.9,69.28,4009280.770159196
1782288000,69.3,70.36,68.68,69.7,1780953.1146116378
1782302400,69.69,69.83,67.16,67.26,9055869.094291706
1782316800,67.23,67.92,64.6,66.04,11600530.510632249
1782331200,66.02,68.63,65.88,67.98,6683289.576618897
1782345600,68.04,68.19,67.32,67.59,3581120.2166192653
1782360000,67.6,69.53,67.4,69.34,3770430.547904193
1782374400,69.34,69.34,67.91,68.07,2118204.840182808
1782388800,68.09,68.81,63.72,66.22,8685572.368759478
1782403200,66.23,67.26,65.58,66.08,5173961.884059957
1782417600,66.12,68.67,65.98,67.61,5304891.656083649
1782432000,67.64,68.38,65.8,68.11,5801765.613065222
1782446400,68.11,70.89,67.87,70.72,5340944.005010636
1782460800,70.67,70.75,68.3,68.5,4702651.570053582
1782475200,68.52,72.12,68.14,71.96,11676375.346073745
1782489600,71.97,73.77,71.94,72.95,6586484.880985051
1782504000,72.95,73.53,71.3,71.79,2722894.1229412355
1782518400,71.79,72.36,71.24,72.15,2792045.4825718245
1782532800,72.15,72.47,71.4,72.19,1321428.4956974962
1782547200,72.2,72.22,71.4,71.68,785541.1057715523
1782561600,71.69,73.09,71.54,72.7,2605536.1135044554
1782576000,72.72,72.9,70.82,70.97,3812424.878130368
1782590400,70.99,71.5,70.11,70.39,3003696.6368565783
1782604800,70.4,70.93,70.36,70.76,893567.4505761403
1782619200,70.77,70.98,70.06,70.97,1389965.50013724
1782633600,70.97,72.09,70.97,71.8,1441508.4244306562
1782648000,71.81,72.27,71.24,71.94,1768416.5683489616
1782662400,71.97,72.0,70.17,70.62,2924077.1830581296
1782676800,70.62,71.69,69.49,71.28,5339323.981621495
1782691200,71.29,73.2,70.28,72.58,4718941.562153094
1782705600,72.56,72.97,70.92,72.6,1073662.312609335
1782720000,72.61,73.55,72.15,72.41,2873567.4373650914
1782734400,72.43,74.42,71.98,73.77,12290104.367300889
1782748800,73.78,76.34,72.79,75.86,8216446.729150675
1782763200,75.88,75.88,74.74,75.04,3369544.101352517
1782777600,75.05,75.1,73.94,74.07,3053140.9290122376
1782792000,74.07,74.14,73.56,74.05,1036723.221586438
1782806400,74.05,74.08,73.2,73.29,3969010.5212886
1782820800,73.28,73.95,71.8,73.02,7733459.11198736
1782835200,73.03,73.83,72.61,73.61,4398700.747593134
1782849600,73.56,73.8,73.1,73.56,3107965.0043781446
1782864000,73.57,75.54,72.16,75.35,8092520.285792178
1782878400,75.36,75.72,73.84,74.78,3287829.329028964
1782892800,74.78,75.46,74.38,74.74,2058343.829931838
1782907200,74.75,77.75,74.19,77.36,9970459.83181752
1782921600,77.36,78.17,76.76,76.89,8900270.37332005
1782936000,76.94,78.88,76.52,77.37,4874027.199798821
1782950400,77.38,78.87,76.83,78.64,5052155.003009094
1782964800,78.64,78.64,77.51,77.88,2378452.786449916
1782979200,77.89,82.65,77.86,82.3,13004758.597434817
1782993600,82.26,82.33,79.98,80.78,14468873.970950335
1783008000,80.79,81.23,80.11,80.78,6261940.775380726
1783022400,80.77,81.09,80.33,80.62,2478920.9880614984
1783036800,80.64,81.59,80.23,80.64,3046574.3230309505
1783051200,80.63,81.39,80.39,81.15,2107468.903416905
1783065600,81.15,81.76,80.6,81.46,2557935.831365993
1783080000,81.49,81.95,80.88,81.13,4076133.420859721
1783094400,81.13,83.13,81.04,82.4,5917363.919257267
1783108800,82.4,82.94,82.07,82.29,3629485.981355537
1783123200,82.27,82.75,81.75,82.65,3374379.677996316
1783137600,82.65,83.89,82.19,82.65,4318682.34685069
1783152000,82.64,82.7,81.34,81.74,2405348.957139636
1783166400,81.75,82.34,81.3,82.16,2795015.798608636
1783180800,82.17,82.73,81.64,81.82,5303748.527061774
1783195200,81.79,82.17,81.38,81.7,3992464.978304627
1783209600,81.72,81.77,80.16,80.48,6727113.87327436
1783224000,80.49,80.8,80.19,80.67,1077346.1707588923
1783238400,80.65,80.76,79.64,80.52,1784418.4870479617
1783252800,80.5,81.66,80.29,81.29,1888694.161095748
1783267200,81.3,81.44,80.75,80.96,2316538.93159916
1783281600,80.92,82.35,80.72,81.51,3758608.6628496815
1783296000,81.52,82.24,80.41,80.68,2688196.96778866
1783310400,80.72,80.91,80.07,80.73,1894918.7238859343
1783324800,80.77,80.98,79.95,80.33,1959800.8526415047
1783339200,80.32,81.45,79.16,81.42,7243112.634519161
1783353600,81.43,82.33,81.24,82.03,7089407.138124782
1783368000,82.03,83.65,81.65,81.9,3710340.312129736
1783382400,81.9,82.43,80.91,81.02,2812860.298196344
1783396800,81.02,81.69,80.44,81.43,1630120.823160594
1783411200,81.45,81.52,80.7,81.24,2320735.349227651
1783425600,81.26,82.29,80.45,82.01,7168259.634113627
1783440000,82.06,82.73,80.74,81.26,4279275.68273195
1783454400,81.32,81.43,80.3,80.5,4448323.946314131
1783468800,80.53,80.71,78.16,78.64,5946855.38599835
1783483200,78.67,78.87,77.73,78.23,2568732.446607392
1783497600,78.23,78.35,76.84,77.47,4888633.442391522
1783512000,77.48,77.57,76.22,76.68,8603951.050640833
1783526400,76.68,77.59,76.68,77.37,3639979.1227079392
1783540800,77.37,77.87,76.87,77.77,2089490.9153131093
1783555200,77.77,78.68,76.63,77.29,6394553.439923986
1783569600,77.31,78.73,77.16,78.12,3759981.2134908894
1783584000,78.15,78.34,77.24,77.56,1538704.4328686136
1783598400,77.56,78.4,77.3,77.56,3862748.4355546944
1783612800,77.56,78.35,77.19,78.1,2570371.0477660056
1783627200,78.11,78.24,77.75,77.99,2165761.187585986
1783641600,77.99,79.37,77.75,78.98,4008633.1617356967
1783656000,79.02,79.31,78.72,78.84,1023979.7473020426
1783670400,78.84,79.59,78.76,79.31,1372841.5597379212
1783684800,79.33,79.49,77.01,78.05,7359057.536891467
1783699200,78.08,78.2,77.29,77.85,2865315.54848442
1783713600,77.85,78.16,77.63,78.07,969880.1912716863
1783728000,78.08,78.08,77.42,77.75,2222092.9913856247
1783742400,77.75,78.05,77.56,77.94,537828.9357375007
1783756800,77.94,78.28,77.7,78.0,1506911.1380214689
1783771200,78.05,78.77,77.84,78.32,2893870.8582131453
1783785600,78.32,78.35,77.63,78.09,2026036.623435088
1783800000,78.09,78.25,76.72,76.74,2538952.8903378425
1783814400,76.72,77.01,75.58,76.99,4935405.690658101
1783828800,77.0,77.01,75.83,76.42,1423252.232409455
1783843200,76.46,77.22,76.34,77.02,1604966.9594821923
1783857600,76.87,77.66,76.74,77.42,3656439.221385437
1783872000,77.43,77.73,77.18,77.62,993426.8483953684
1783886400,77.63,77.67,76.41,76.85,1724847.388453136
1783900800,76.87,78.12,75.37,75.81,4825908.529155419
1783915200,75.82,76.61,75.64,76.4,902004.1150950064
1783929600,76.39,76.8,76.04,76.29,830337.4734581802
1783944000,76.3,76.32,75.04,75.73,3311147.7672050563
1783958400,75.75,75.94,74.46,75.12,3976377.750772687
1783972800,75.11,75.24,74.03,74.9,3744227.298328757
1783987200,74.92,75.45,74.47,75.08,1714605.9128409347
1784001600,75.07,75.39,74.8,74.86,756491.2475142657
1784016000,74.87,75.49,74.79,75.32,1385680.0077138373
1784030400,75.33,78.54,75.1,77.34,11890679.530314714
1784044800,77.32,77.59,76.79,77.1,3065392.863686608
1784059200,77.13,77.9,76.9,77.82,2337494.2903620126
1784073600,77.82,77.88,77.0,77.74,2252241.2352570985
1784088000,77.73,78.61,77.1,77.36,4663791.138747062
1784102400,77.36,77.83,77.18,77.46,3620022.743880376
1784116800,77.46,78.95,77.2,78.01,5206651.407203594
1784131200,78.0,78.04,76.9,77.11,4237113.898882866
1784145600,77.12,77.67,77.07,77.22,1902975.7189154853
1784160000,77.23,77.42,76.65,76.89,2324119.1971038627
1784174400,76.9,77.53,76.15,76.36,2157845.537550122
1784188800,76.39,76.42,75.59,76.21,2003370.289906493
1784203200,76.2,76.79,75.64,76.56,2193025.548907292
1784217600,76.58,76.58,75.35,75.76,3064097.942656425
1784232000,75.75,75.99,74.98,75.27,1713588.329276071
1784246400,75.25,75.68,74.7,75.14,1443689.3582020302
1784260800,75.15,75.26,74.24,74.55,1212549.538902554
1784275200,74.57,74.93,74.12,74.8,1388144.525905916
1784289600,74.8,74.81,73.32,74.71,3628782.34850088
1784304000,74.73,75.55,74.56,75.18,1824742.03056304
1784318400,75.15,75.19,74.79,74.98,1043718.8936820808
1784332800,74.98,75.4,74.93,75.32,927576.4060659118
1784347200,75.32,75.32,74.82,74.92,564501.2165313335
1784361600,74.92,74.98,74.62,74.9,410166.2220243343
1784376000,74.91,75.13,74.47,74.92,664448.2203975341
1784390400,74.91,75.56,74.8,75.38,1174467.6848726738
1784404800,75.41,75.57,75.29,75.47,1102610.3681383212
1784419200,75.47,76.49,75.4,75.86,1947471.8021581988
1784433600,75.91,76.26,75.69,76.08,455034.7673333123
1784448000,76.1,76.45,75.85,76.01,744459.1572716008
1784462400,76.01,76.62,75.71,76.16,1204056.1772341866
1784476800,76.16,76.22,75.28,75.8,1077020.4292930493
1784491200,75.84,76.5,75.6,76.34,1475683.148219761
1784505600,76.33,77.35,76.11,76.66,10581604.1366808
1784520000,76.71,76.88,75.48,76.13,986748.0774319168
1784534400,76.15,77.16,75.84,77.09,1387558.0095591466
1784548800,77.07,77.83,75.73,77.71,2717163.9510930288
1784563200,77.72,78.33,77.24,77.58,3754906.193002914
1784577600,77.59,77.99,77.36,77.79,1523574.7764079736
1784592000,77.79,78.48,77.61,78.13,1461154.5077308773
1784606400,78.13,78.82,77.95,78.5,1622802.7297382134
1784620800,78.51,78.66,78.03,78.31,926458.0619380848
1784635200,78.31,78.58,77.76,78.1,2482465.112600359
1784649600,78.1,78.22,77.45,77.81,2796724.1698689857
1784664000,77.83,78.14,77.76,78.09,922780.6278344034
1784678400,78.1,78.53,77.79,77.81,777735.313713396
1784692800,77.82,78.18,76.97,77.04,2245423.530992665
1784707200,77.07,77.76,77.01,77.52,642300.2656633615
1784721600,77.52,78.79,77.0,78.41,1866550.9585543245
1784736000,78.43,78.75,77.31,77.66,2216716.5881429883
1784750400,77.64,78.07,77.45,77.92,1799464.8821865602
1784764800,77.94,78.5,77.36,77.56,1065446.7257491671
1784779200,77.56,77.77,77.0,77.12,812263.0541541597
1784793600,77.12,77.83,77.07,77.64,1079516.3666318164
1784808000,77.63,77.68,75.84,76.33,3320515.358604705
1784822400,76.33,76.33,75.33,75.72,3807661.478432907
1784836800,75.69,76.22,75.68,75.82,2117842.3685793728
1784851200,75.82,76.04,75.24,75.78,7452789.151743362
1784865600,75.78,76.37,75.54,76.01,1158987.6062366252
1784880000,76.02,76.02,74.95,75.13,1808446.9043784323
1784894400,75.15,75.24,73.55,73.95,4366278.589339867
1784908800,73.98,74.15,73.66,73.89,3085845.445845912
1784923200,73.9,73.98,73.41,73.88,1114955.1526222024
1784937600,73.91,74.25,73.89,74.09,1402074.6042241678
1784952000,74.08,74.3,73.72,73.73,1435834.940997418
1784966400,73.73,73.98,73.51,73.83,622148.0156919705
1784980800,73.86,74.24,73.71,74.1,771684.4614568674
1784995200,74.11,74.65,74.02,74.51,1614866.1666639552
1785009600,74.51,74.63,74.23,74.47,1774847.1960449498
1785024000,74.47,74.99,74.41,74.95,941739.0446282828
1785038400,74.95,75.13,74.68,74.8,601746.4097713857
1785052800,74.82,75.2,74.78,74.87,1069922.2697273346
1785067200,74.89,75.43,74.71,75.43,815225.5370681966
1785081600,75.44,75.9,75.18,75.26,751669.2824041103
1785096000,75.29,77.01,75.22,76.7,2707170.982921128
1785110400,76.71,76.72,75.93,76.34,1933300.6503544743
1785124800,76.34,76.89,76.2,76.42,922899.467480468
1785139200,76.41,76.63,76.05,76.46,1015935.0780913284
1785153600,76.46,77.42,74.96,75.26,3189089.223756624
1785168000,75.21,76.16,75.08,75.93,3781526.429688869
1785182400,75.94,76.04,73.7,74.13,4008264.151972156
1785196800,74.14,74.2,72.78,73.21,3594299.2253171653
1785211200,73.22,73.46,72.93,73.21,1445327.1600266867
1785225600,73.21,73.43,72.83,73.14,1809200.2279749664
1785240000,73.12,74.49,72.31,74.26,3385248.3749675667
1785254400,74.27,74.49,73.48,74.22,2094539.746745905
1785268800,74.25,74.27,73.1,73.74,1880331.3536281183
1785283200,73.72,74.07,72.91,72.99,1271970.810695553
1785297600,73.01,74.18,72.64,74.13,1569353.5559431205
1785312000,74.18,74.23,73.62,73.85,1205810.7139380025
1785326400,73.88,73.88,72.89,73.02,1462176.7519286335
1785340800,73.02,74.42,72.65,72.68,5679395.000205573
1785355200,72.67,73.7,72.25,73.57,3370151.1855383622
1785369600,73.6,74.08,73.05,73.6,1179695.6800279804
1785384000,73.61,73.73,73.3,73.3,1113712.7065052174
1785398400,73.34,74.21,73.21,74.12,884836.0784768898
1785412800,74.13,74.8,74.0,74.56,1696904.733508057
1785427200,74.57,74.9,74.37,74.69,1606592.6307745858
1785441600,74.7,74.9,74.32,74.44,1526858.5567826692
1785456000,74.46,75.23,73.82,74.09,2074907.9348895208
1785470400,74.08,74.46,73.46,73.61,992699.1577504576
1785484800,73.62,73.71,73.22,73.49,875644.3925932321
1785499200,73.5,73.73,72.66,73.0,3036309.627385284
1785513600,73.01,73.38,72.84,73.04,1635134.703078708
1785528000,73.01,73.12,72.5,72.79,2214349.6503855395
1785542400,72.78,73.08,72.78,72.96,398051.79396239365
1785556800,72.97,73.13,72.79,72.9,605094.2556031555
1785571200,72.91,73.01,72.6,72.82,451107.00755922496
1785585600,72.83,72.97,72.68,72.77,458831.38962140365
1785600000,72.74,72.87,70.54,71.21,6002554.6386424415
1785614400,71.17,72.02,71.16,71.88,1267898.0125749218
1785628800,71.9,73.29,71.89,73.13,941788.4364427477
1785643200,73.13,73.58,73.13,73.38,1543483.9012600123
1785657600,73.4,73.44,72.83,72.93,678047.6277189809
1785672000,72.94,73.16,72.66,72.97,1044059.9830623898
1785686400,72.97,73.78,72.85,73.65,1265001.6044313528
1785700800,73.65,74.24,73.38,73.54,2810201.6812296724
1785715200,73.56,73.57,72.64,72.82,1628554.1202613276
1785729600,72.81,72.97,72.37,72.42,876127.6009095636
1785744000,72.43,72.71,71.9,72.35,1725583.617956653
1785758400,72.35,73.74,72.25,73.52,3256399.6202498353
1785772800,73.53,74.2,73.16,73.96,2223674.220283958
1785787200,73.93,74.08,73.32,73.49,726036.4688982354
1785801600,73.49,74.01,72.98,73.63,2918445.1001649513
1785816000,73.62,74.02,73.15,73.62,884758.9149936562
1785830400,73.61,73.9,73.03,73.87,533015.4439665056
1785844800,73.87,74.12,73.27,73.9,1965420.67982481
1785859200,73.92,74.32,73.51,74.12,1618810.5048749596
1785873600,74.12,74.38,73.67,73.69,1214748.7686171355
1785888000,73.7,74.42,73.36,73.73,1794051.5279184286
1785902400,73.73,74.22,73.57,73.9,959616.1310759957
1785916800,73.92,74.14,73.67,73.7,1104863.8753967572
1785931200,73.7,74.29,73.22,73.9,3073175.30556837
1785945600,73.89,74.74,73.88,74.41,1597680.0566792868
1785960000,74.41,74.5,73.77,73.97,1667508.412796565
1785974400,73.97,74.19,73.34,73.42,1163901.4090856812
1785988800,73.43,74.26,73.34,73.8,1511416.578831804
1786003200,73.8,73.98,73.1,73.39,1516884.6784649375
1786017600,73.38,73.56,72.79,73.32,2272851.7271252405
1786032000,73.25,73.47,72.5,72.74,1728884.5924798413
1786046400,72.74,72.93,72.29,72.63,1681560.2844305276
1786060800,72.62,72.85,72.42,72.56,595371.215765582
1786075200,72.56,73.0,72.39,72.85,816375.1729301093
1786089600,72.86,73.71,72.85,73.56,1141830.6789471752
1786104000,73.57,74.29,73.53,73.85,2837358.453452758
1786118400,73.88,74.08,73.12,73.97,3151020.533466177
1786132800,73.98,74.05,73.55,73.64,811287.2842264582
1786147200,73.6,74.93,73.54,74.78,1098303.051313315
1786161600,74.79,75.06,74.46,74.78,1554708.8989561303
1786176000,74.78,75.65,74.66,75.56,4950335.026842703
1786190400,75.56,76.73,75.3,76.28,5075814.34476747
1786204800,76.34,76.44,75.93,76.11,1840975.3064076353
1786219200,76.1,76.3,75.72,75.94,1083299.7999233427
1786233600,75.95,76.02,75.69,75.92,855662.3429475536
1786248000,75.93,76.43,75.82,76.31,961235.3024860967
1786262400,76.31,76.56,76.07,76.44,654527.5210248709
1786276800,76.43,77.4,76.25,77.35,1549552.917024055
1786291200,77.37,77.48,77.01,77.19,1562485.5541935847
1786305600,77.19,77.71,76.16,76.21,2756029.2190234168
1786320000,76.2,77.09,76.15,76.54,2210589.3072849484
1786334400,76.58,77.03,76.36,76.93,893538.283047199
1786348800,76.93,77.08,76.48,76.99,2182471.042912715
1786363200,76.98,77.04,75.53,75.91,5712099.545445144
1786377600,75.91,76.2,75.52,76.12,2116755.729058399
1786392000,76.11,76.42,75.91,75.91,1131757.6483073484
1786406400,75.93,76.22,75.65,76.01,2104029.9725593803
1786420800,76.01,76.16,75.35,75.63,2390704.2737360923
1786435200,75.64,76.29,75.56,76.14,1231565.7631695918
1786449600,76.17,76.19,74.58,74.87,3320864.7986331647
1786464000,74.88,75.64,74.72,75.6,1901180.6595249549
1786478400,75.62,76.61,75.61,76.22,3261166.682461288
1786492800,76.21,76.53,76.17,76.34,1553191.0576086175
1786507200,76.35,76.5,75.89,76.21,545703.9888056038
1786521600,76.21,76.81,76.07,76.77,1662771.7325325524
1786536000,76.77,77.22,75.32,75.67,3113308.654358952
1786550400,75.69,76.02,75.48,75.66,1856315.805861165
1786564800,75.66,75.95,75.3,75.56,1702111.0828844905
1786579200,75.56,76.23,75.42,76.16,1464238.1607442955
1786593600,76.18,76.54,75.95,76.36,591462.4534645715
1786608000,76.37,76.42,75.49,75.58,900429.9836828334
1786622400,75.59,76.5,75.56,75.57,1881910.9969003014
1786636800,75.58,76.2,75.0,76.13,4191501.273818811
1786651200,76.13,76.37,76.06,76.19,2153768.1894261222
1786665600,76.21,76.25,75.68,75.7,3633818.6662732433
1786680000,75.7,75.96,75.42,75.51,1714097.8863615436
1786694400,75.51,75.78,75.28,75.44,1019125.9875649472
1786708800,75.45,75.67,74.97,75.58,2899409.3058543624
1786723200,75.57,75.62,74.56,74.93,2827201.452924096
1786737600,74.93,75.35,74.9,75.33,882946.4923185112
1786752000,75.32,75.63,75.23,75.35,1530831.791006733
1786766400,75.35,75.53,75.15,75.17,777783.6404109288
1786780800,75.17,75.28,74.98,75.17,305536.5472617444
1786795200,75.18,75.51,75.13,75.46,712172.8139676424
1786809600,75.45,75.61,75.34,75.48,734535.4543449626
1786824000,75.49,75.65,75.25,75.29,455522.8585883749
1786838400,75.26,75.58,75.21,75.51,381888.45917956135
1786852800,75.51,75.53,75.2,75.38,908541.0370958657
1786867200,75.4,75.41,75.09,75.21,511670.53226599144
1786881600,75.2,75.56,75.12,75.49,972840.4225615365
1786896000,75.49,75.62,74.96,75.16,792463.2905156031
1786910400,75.16,75.25,74.05,74.55,2749397.994148292
1786924800,74.55,75.52,74.37,75.44,3189493.8912914135
1786939200,75.44,75.92,75.29,75.72,768073.7345143636
1786953600,75.72,75.85,75.11,75.59,2424937.8556762883
1786968000,75.63,76.16,75.21,76.02,1969075.920066282
1786982400,76.04,76.1,75.65,75.72,1401653.4215973376
1786996800,75.72,76.04,75.57,75.96,874562.0208490586
1787011200,75.96,76.03,75.15,75.44,475507.66013221047
1787025600,75.43,76.17,75.34,76.01,1126482.6364878938
1787040000,76.03,76.35,75.73,76.24,796230.1414097004
1787054400,76.27,77.25,75.99,77.11,3039079.4466595706
1787068800,77.12,77.34,76.81,77.13,1479080.2466559373
1787083200,77.14,77.17,76.72,77.0,886324.0742908292
1787097600,77.04,77.05,76.65,76.94,1019319.9292638523
1787112000,76.95,77.09,76.56,76.91,853428.3513701315
1787126400,76.91,77.6,76.85,77.46,1855965.4206209637
1787140800,77.48,82.86,77.36,81.83,14623657.154032368
1787155200,81.81,82.46,81.0,82.3,6093746.554271109
1787169600,82.36,87.28,82.25,85.33,15319014.389920404
1787184000,85.34,85.75,83.96,84.46,4335082.025503298
1787198400,84.46,86.12,84.38,86.11,3813866.9559865254
1787212800,86.11,88.01,86.03,87.18,4600173.710637655
1787227200,87.18,87.39,86.08,87.31,4084357.161821327
1787241600,87.31,87.88,86.65,87.23,4804692.532407271
1787256000,87.26,87.95,87.19,87.66,2287120.0801111404
1787270400,87.64,90.14,87.57,89.1,6438144.781153637
1787284800,89.08,91.28,88.85,90.35,8446364.216658128
1787299200,90.41,93.37,89.84,90.27,11213088.820103992
1787313600,90.28,92.09,89.75,91.3,6923867.9495003475
1787328000,91.34,92.02,90.73,90.94,6277876.0465416815
1787342400,90.94,94.97,90.56,93.72,9129417.302688986
1787356800,93.75,97.53,92.86,96.76,8078556.198833447
1787371200,96.79,102.67,87.69,94.45,32040775.391248457
1787385600,94.5,94.99,91.34,93.25,7984167.644862625
1787400000,93.25,94.3,92.82,93.04,3806705.6010953505
1787414400,93.04,94.81,93.04,94.54,4122129.2827527793
1787428800,94.49,94.78,92.63,93.81,3340110.1924695745
1787443200,93.81,97.44,93.41,93.7,15445030.026954878
1787457600,93.7,94.05,91.59,92.4,4920386.701166093
1787472000,92.47,94.8,92.31,94.6,2730780.9386099377
1787486400,94.57,95.84,93.29,95.34,5745370.523742674
1787500800,95.35,95.69,94.83,95.06,3110511.026857591
1787515200,95.07,96.25,94.78,95.41,4827611.679313173
1787529600,95.42,95.53,93.45,93.65,7681951.384366304
1787544000,93.66,95.43,93.53,94.04,4476676.825261563
1787558400,94.11,96.33,93.27,95.82,4703250.948644882
1787572800,95.83,97.54,94.26,96.43,9795999.384546673
1787587200,96.47,97.53,94.82,96.51,8080283.629599714
1787601600,96.52,98.99,95.74,98.99,5709377.830283162
1787616000,98.97,102.7,98.55,101.59,19159411.462398656
1787630400,101.61,103.07,99.57,100.23,7701274.6931972485
1787644800,100.21,101.07,98.51,98.58,4738603.593691522
1787659200,98.58,98.79,96.18,98.37,10117732.903889872
1787673600,98.39,98.85,97.47,97.96,4754479.435311832
1787688000,97.96,98.04,95.36,96.59,7699275.560006957
1787702400,96.61,97.53,96.18,97.05,3533517.7475866573
1787716800,97.05,97.3,96.29,96.94,1891461.58974018
1787731200,96.95,97.83,95.81,97.03,3957789.1619812385
1787745600,97.06,97.52,95.01,95.95,6255838.74989094
1787760000,95.95,97.25,95.51,96.79,5661397.418411461
1787774400,96.77,102.42,96.33,102.07,14022767.88130673
1787788800,102.1,102.1,100.54,101.04,5213586.794692461
1787803200,101.07,102.22,100.69,101.79,5066175.109054184
1787817600,101.79,105.77,101.72,103.94,13132676.290567014
1787832000,103.95,107.96,103.94,107.22,13801768.09147932
1787846400,107.22,109.87,106.67,109.34,17172999.72015457
1787860800,109.4,110.61,108.25,109.15,5790371.37182858
1787875200,109.16,110.07,105.93,106.86,16186384.824027047
1787889600,106.86,107.81,106.28,106.39,4513637.9104989935
1787904000,106.37,106.87,104.55,105.82,11503896.02602024
1787918400,105.83,109.7,103.65,105.29,26755825.484427355
1787932800,105.27,105.7,102.29,103.38,17167798.598632284
1787947200,103.35,104.38,102.87,104.14,7780740.734112111
1787961600,104.14,104.57,103.68,103.88,2701072.704329689
1787976000,103.89,104.21,103.36,103.79,3165528.513369394
1787990400,103.74,103.74,103.04,103.51,1542351.5143641748
1788004800,103.51,105.52,103.4,105.03,4658602.676416279
1788019200,105.05,105.83,104.41,105.36,5134530.359630706
1788033600,105.39,105.77,104.8,105.61,2629735.286631612
1788048000,105.62,105.71,104.98,105.06,1054952.0850852411
1788062400,105.08,105.43,104.69,104.83,2438928.8578092526
1788076800,104.85,105.33,104.45,105.1,2871072.3581920867
1788091200,105.11,106.2,105.05,105.97,1887492.7809206063
