time,open,high,low,close,volume
1640995200,0.8292,0.8512,0.8292,0.8414,4550408.57
1641009600,0.8414,0.846,0.8354,0.8415,3099075.5
1641024000,0.8415,0.8439,0.8355,0.839,2747190.59
1641038400,0.839,0.8451,0.839,0.8427,2082554.36
1641052800,0.8427,0.8559,0.8427,0.8523,3160394.15
1641067200,0.8523,0.8537,0.8452,0.8501,3420276.02
1641081600,0.8501,0.8507,0.8414,0.8439,2396104.89
1641096000,0.8439,0.8466,0.8378,0.8426,1590268.63
1641110400,0.8426,0.8484,0.8403,0.8455,1515752.54
1641124800,0.8455,0.8652,0.8431,0.8567,3257744.89
1641139200,0.8567,0.8639,0.8465,0.8519,4304163.37
1641153600,0.8519,0.861,0.8504,0.8592,1857440.73
1641168000,0.8592,0.8592,0.8445,0.8453,4374035.4
1641182400,0.8453,0.8477,0.8414,0.8426,5792806.859999999
1641196800,0.8426,0.8467,0.8344,0.8446,5169655.66
1641211200,0.8446,0.8456,0.8374,0.8379,4441241.63
1641225600,0.8379,0.8388,0.826,0.8336,6123064.66
1641240000,0.8336,0.8377,0.8217,0.8324,4792497.8
1641254400,0.8324,0.8339,0.823,0.8275,7041782.46
1641268800,0.8275,0.8301,0.8205,0.8274,8759609.3
1641283200,0.8274,0.837,0.8264,0.8361,4131254.01
1641297600,0.8361,0.845,0.8308,0.8343,10438362.52
1641312000,0.8343,0.8363,0.8152,0.8244,10729263.9
1641326400,0.8244,0.8303,0.8229,0.8229,2542157.01
1641340800,0.8229,0.8339,0.8215,0.8303,5899036.5600000005
1641355200,0.8303,0.834,0.8279,0.8288,5463439.73
1641369600,0.8288,0.8364,0.8239,0.826,3159549.1100000003
1641384000,0.826,0.8298,0.8209,0.8272,6341448.28
1641398400,0.8272,0.8296,0.7935,0.7979,9006409.75
1641412800,0.7979,0.8023,0.7126,0.7728,29593810.86
1641427200,0.7728,0.7779,0.7497,0.75,11067196.35
1641441600,0.75,0.7655,0.7476,0.7619,7077533.95
1641456000,0.7619,0.7622,0.7392,0.7481,13684740.3
1641470400,0.7481,0.7649,0.7424,0.7625,11727765.5
1641484800,0.7625,0.7818,0.7601,0.781,10689899.5
1641499200,0.781,0.7905,0.7771,0.78,7343803.46
1641513600,0.78,0.78,0.7403,0.7445,15540631.21
1641528000,0.7445,0.7541,0.7291,0.7519,17673880.25
1641542400,0.7519,0.7755,0.7492,0.7574,20731198.8
1641556800,0.7574,0.7672,0.7361,0.7487,17820299.28
1641571200,0.7487,0.7701,0.7441,0.7646,16260056.07
1641585600,0.7646,0.7776,0.7581,0.7627,6426420.65
1641600000,0.7627,0.7745,0.7617,0.7684,7291889.35
1641614400,0.7684,0.7752,0.7672,0.7723,4775930.65
1641628800,0.7723,0.7762,0.763,0.7644,7765363.939999999
1641643200,0.7644,0.7685,0.7531,0.7572,10330764.34
1641657600,0.7572,0.7618,0.7236,0.73,18818828.15
1641672000,0.73,0.7602,0.7267,0.7453,8692737.120000001
1641686400,0.7453,0.7568,0.7414,0.7513,5426144.12
1641700800,0.7513,0.7579,0.7487,0.7498,4513757.53
1641715200,0.7498,0.7525,0.741,0.7504,6438800.07
1641729600,0.7504,0.7516,0.7387,0.7432,5243583.74
1641744000,0.7432,0.7662,0.7423,0.7651,7129463.57
1641758400,0.7651,0.7667,0.7512,0.7529,6043305.03
1641772800,0.7529,0.7578,0.7477,0.7535,6982367.12
1641787200,0.7535,0.7586,0.7512,0.7516,6533589.609999999
1641801600,0.7516,0.7523,0.7397,0.7412,10422402.55
1641816000,0.7412,0.7429,0.6984,0.7247,25678664.21
1641830400,0.7247,0.744,0.7144,0.7225,16779042.16
1641844800,0.7225,0.7402,0.72,0.7402,7623016.16
1641859200,0.7402,0.7476,0.733,0.7462,12225915.6
1641873600,0.7462,0.7555,0.7439,0.7462,12947554.99
1641888000,0.7462,0.75,0.7309,0.7401,8598775.969999999
1641902400,0.7401,0.7467,0.7312,0.7412,10693244.58
1641916800,0.7412,0.7693,0.7408,0.7636,14620721.84
1641931200,0.7636,0.7759,0.7634,0.7703,7914962.78
1641945600,0.7703,0.7798,0.7677,0.7724,12068172.95
1641960000,0.7724,0.7736,0.7588,0.7603,9484390.9
1641974400,0.7603,0.7769,0.7577,0.7712,11515986.58
1641988800,0.7712,0.8008,0.771,0.7917,22726094.17
1642003200,0.7917,0.7987,0.7853,0.7979,12469308.06
1642017600,0.7979,0.8074,0.7954,0.7989,6105386.12
1642032000,0.7989,0.8023,0.7851,0.7877,12348463.99
1642046400,0.7877,0.7973,0.7872,0.7922,4230160.24
1642060800,0.7922,0.7992,0.784,0.784,8685847.47
1642075200,0.784,0.7986,0.7698,0.7756,13503764.72
1642089600,0.7756,0.7808,0.7628,0.7666,8197269.07
1642104000,0.7666,0.7732,0.7612,0.7678,6039207.64
1642118400,0.7678,0.7727,0.7648,0.7708,8907374.379999999
1642132800,0.7708,0.7903,0.7705,0.7807,14637905.52
1642147200,0.7807,0.7813,0.754,0.7574,18097020.33
1642161600,0.7574,0.7776,0.7522,0.7735,15877539.85
1642176000,0.7735,0.7759,0.7646,0.7721,10600114.6
1642190400,0.7721,0.7808,0.7712,0.7734,6799681.18
1642204800,0.7734,0.7772,0.7703,0.7729,6398554.71
1642219200,0.7729,0.7806,0.7698,0.7797,3640801.76
1642233600,0.7797,0.7806,0.7754,0.777,4693550.6
1642248000,0.777,0.788,0.7687,0.7869,5986704.41
1642262400,0.7869,0.7886,0.7824,0.7846,3923645.53
1642276800,0.7846,0.7897,0.7795,0.7796,4403131.84
1642291200,0.7796,0.7813,0.7733,0.7778,3096987.43
1642305600,0.7778,0.7828,0.7762,0.7812,2433727.67
1642320000,0.7812,0.7845,0.7758,0.7768,4271682.18
1642334400,0.7768,0.7806,0.7687,0.7777,6056080.5
1642348800,0.7777,0.7841,0.7742,0.7752,5452873.97
1642363200,0.7752,0.7812,0.7732,0.7785,2291067.47
1642377600,0.7785,0.7804,0.7667,0.7669,11321885.37
1642392000,0.7669,0.7683,0.756,0.7658,12221493.67
1642406400,0.7658,0.7699,0.7607,0.7658,7750018.279999999
1642420800,0.7658,0.7659,0.7585,0.7589,9651234.87
1642435200,0.7589,0.7646,0.7505,0.7639,6539916.81
1642449600,0.7639,0.7648,0.751,0.7623,5475736.59
1642464000,0.7623,0.7685,0.7558,0.7571,7883714.86
1642478400,0.7571,0.7628,0.751,0.7568,5900626.62
1642492800,0.7568,0.7569,0.7362,0.7474,11130437.55
1642507200,0.7474,0.7489,0.7379,0.7437,10019355.18
1642521600,0.7437,0.7497,0.7408,0.7491,8199335.84
1642536000,0.7491,0.7595,0.7434,0.7517,5278045.5
1642550400,0.7517,0.7534,0.7371,0.7414,14092830.08
1642564800,0.7414,0.7455,0.7263,0.7277,10223091.09
1642579200,0.7277,0.7393,0.7239,0.7385,9650635.41
1642593600,0.7385,0.7461,0.7359,0.7388,11551950.5
1642608000,0.7388,0.744,0.7344,0.7412,7189867.28
1642622400,0.7412,0.7441,0.7382,0.7382,5394964.3
1642636800,0.7382,0.7483,0.7376,0.7431,10841680.41
1642651200,0.7431,0.7484,0.7424,0.7457,6535936.51
1642665600,0.7457,0.7462,0.7399,0.7427,10701750.55
1642680000,0.7427,0.7613,0.7406,0.7599,9184464.0
1642694400,0.7599,0.762,0.7522,0.7579,7661552.8
1642708800,0.7579,0.759,0.7162,0.7197,15939049.87
1642723200,0.7197,0.7287,0.6875,0.6901,28450379.21
1642737600,0.6901,0.6991,0.6835,0.6952,10962648.28
1642752000,0.6952,0.6972,0.6848,0.6876,11859587.68
1642766400,0.6876,0.6881,0.6608,0.6819,21837887.11
1642780800,0.6819,0.6861,0.6658,0.666,13089154.96
1642795200,0.666,0.6733,0.6138,0.6373,41603559.1
1642809600,0.6373,0.6533,0.6306,0.6391,11851383.85
1642824000,0.6391,0.6468,0.5966,0.6003,21728316.09
1642838400,0.6003,0.6104,0.5507,0.5874,42052670.59
1642852800,0.5874,0.6122,0.573,0.5738,21690130.43
1642867200,0.5738,0.5902,0.563,0.5802,35780090.92
1642881600,0.5802,0.6071,0.5766,0.597,13551074.98
1642896000,0.597,0.6105,0.5906,0.6001,8021572.12
1642910400,0.6001,0.6189,0.598,0.616,10328205.34
1642924800,0.616,0.6273,0.6127,0.6166,11877129.39
1642939200,0.6166,0.6264,0.5998,0.6042,13338188.36
1642953600,0.6042,0.61,0.5914,0.5942,9330602.15
1642968000,0.5942,0.6351,0.5929,0.629,9002516.93
1642982400,0.629,0.629,0.6082,0.6136,11093233.7
1642996800,0.6136,0.6157,0.599,0.5994,10158434.78
1643011200,0.5994,0.606,0.56,0.5685,32539719.14
1643025600,0.5685,0.585,0.5536,0.5824,28159287.2
1643040000,0.5824,0.5996,0.5692,0.5976,19745991.84
1643054400,0.5976,0.6216,0.5969,0.6121,8603622.41
1643068800,0.6121,0.6123,0.5977,0.6008,10590373.66
1643083200,0.6008,0.6019,0.5877,0.5931,14056590.39
1643097600,0.5931,0.6096,0.5923,0.6004,9194296.82
1643112000,0.6004,0.6111,0.5926,0.6018,9594567.81
1643126400,0.6018,0.6176,0.6017,0.6126,7950500.91
1643140800,0.6126,0.6236,0.6029,0.6176,7288073.640000001
1643155200,0.6176,0.6217,0.6085,0.6204,15678398.4
1643169600,0.6204,0.6317,0.6183,0.621,8473625.72
1643184000,0.621,0.6375,0.6208,0.6336,13322459.05
1643198400,0.6336,0.6418,0.6207,0.6351,17114834.62
1643212800,0.6351,0.6586,0.624,0.6387,16250689.77
1643227200,0.6387,0.639,0.6059,0.6197,11243532.49
1643241600,0.6197,0.6244,0.5903,0.5942,14565821.91
1643256000,0.5942,0.6091,0.5935,0.6049,5263100.58
1643270400,0.6049,0.611,0.5974,0.6091,10008324.69
1643284800,0.6091,0.6195,0.6067,0.6108,6674820.49
1643299200,0.6108,0.6142,0.5997,0.6034,6090873.42
1643313600,0.6034,0.6095,0.5898,0.6085,6980990.01
1643328000,0.6085,0.6131,0.5987,0.6086,13311765.21
1643342400,0.6086,0.6111,0.6012,0.6018,7280049.289999999
1643356800,0.6018,0.6041,0.5923,0.595,8255359.729999999
1643371200,0.595,0.6042,0.5918,0.6029,10853891.62
1643385600,0.6029,0.609,0.5981,0.6039,7768759.57
1643400000,0.6039,0.6135,0.6008,0.6116,7808077.470000001
1643414400,0.6116,0.6155,0.6095,0.6122,3212824.4
1643428800,0.6122,0.6186,0.6098,0.6182,3914383.65
1643443200,0.6182,0.6197,0.6136,0.6157,3578153.31
1643457600,0.6157,0.623,0.6096,0.6141,7884087.16
1643472000,0.6141,0.6187,0.6104,0.616,3769321.29
1643486400,0.616,0.6254,0.6137,0.6175,4016056.2
1643500800,0.6175,0.6197,0.6112,0.616,2672420.71
1643515200,0.616,0.6234,0.615,0.6217,3328934.67
1643529600,0.6217,0.623,0.616,0.62,2437330.76
1643544000,0.62,0.6206,0.6104,0.6159,4693681.87
1643558400,0.6159,0.6162,0.5995,0.6008,5356983.95
1643572800,0.6008,0.6084,0.598,0.6019,4898749.99
1643587200,0.6019,0.6022,0.5817,0.5862,15430313.85
1643601600,0.5862,0.5905,0.5806,0.5896,8833800.39
1643616000,0.5896,0.5926,0.5851,0.5904,5638205.77
1643630400,0.5904,0.6008,0.584,0.597,11097270.65
1643644800,0.597,0.6104,0.5961,0.6072,9525462.84
1643659200,0.6072,0.6244,0.6057,0.6175,11075787.78
1643673600,0.6175,0.6279,0.6118,0.6265,9023825.84
1643688000,0.6265,0.6269,0.6169,0.6182,4438852.85
1643702400,0.6182,0.6295,0.6137,0.6217,7787580.63
1643716800,0.6217,0.6252,0.6159,0.6235,8105858.62
1643731200,0.6235,0.6289,0.6202,0.6228,5727455.29
1643745600,0.6228,0.6309,0.6223,0.6286,3775373.94
1643760000,0.6286,0.6316,0.623,0.6259,7912887.55
1643774400,0.6259,0.6278,0.622,0.6227,5662160.65
1643788800,0.6227,0.6272,0.6221,0.6261,4282553.81
1643803200,0.6261,0.6314,0.6097,0.6112,8633017.24
1643817600,0.6112,0.6143,0.6018,0.613,7227746.47
1643832000,0.613,0.6138,0.5957,0.6012,6189973.98
1643846400,0.6012,0.6037,0.5972,0.6007,8750378.2
1643860800,0.6007,0.6066,0.5999,0.6049,2610839.81
1643875200,0.6049,0.6059,0.5894,0.5982,8182779.86
1643889600,0.5982,0.6049,0.591,0.6042,9042470.53
1643904000,0.6042,0.6066,0.5972,0.5994,5718810.77
1643918400,0.5994,0.6108,0.5973,0.6099,5002060.62
1643932800,0.6099,0.6126,0.6045,0.6086,10573572.55
1643947200,0.6086,0.6212,0.6086,0.6172,8228267.640000001
1643961600,0.6172,0.6206,0.614,0.6141,8565660.17
1643976000,0.6141,0.6302,0.606,0.625,20867269.37
1643990400,0.625,0.6416,0.6244,0.6402,19133477.61
1644004800,0.6402,0.6592,0.6367,0.6558,9544647.86
1644019200,0.6558,0.6867,0.6511,0.6695,17797850.99
1644033600,0.6695,0.6793,0.6673,0.6702,8512437.22
1644048000,0.6702,0.6777,0.6692,0.6713,5889177.53
1644062400,0.6713,0.6766,0.6659,0.6741,6098404.5
1644076800,0.6741,0.6755,0.6514,0.6631,10098880.05
1644091200,0.6631,0.6714,0.6593,0.6664,3446354.48
1644105600,0.6664,0.6745,0.666,0.6708,3511090.89
1644120000,0.6708,0.6709,0.6636,0.6697,2362412.11
1644134400,0.6697,0.6721,0.661,0.6678,4517106.459999999
1644148800,0.6678,0.6798,0.6603,0.6668,7855930.88
1644163200,0.6668,0.6722,0.6645,0.6719,3753107.09
1644177600,0.6719,0.6875,0.6687,0.6837,6620698.300000001
1644192000,0.6837,0.7294,0.6725,0.7248,22801676.37
1644206400,0.7248,0.7593,0.7196,0.7559,20948983.73
1644220800,0.7559,0.7826,0.7491,0.7753,38971129.3
1644235200,0.7753,0.7772,0.7653,0.7744,24374986.75
1644249600,0.7744,0.8005,0.7741,0.7896,21072064.73
1644264000,0.7896,0.8389,0.7824,0.8318,42523013.32
1644278400,0.8318,0.8823,0.8144,0.8736,45552320.67
1644292800,0.8736,0.9145,0.8694,0.8983,59713125.04
1644307200,0.8983,0.9008,0.841,0.8598,53737585.06
1644321600,0.8598,0.8598,0.8202,0.8343,29038105.58
1644336000,0.8343,0.8384,0.8045,0.8157,27668155.38
1644350400,0.8157,0.8929,0.8122,0.8759,26536268.86
1644364800,0.8759,0.9038,0.8452,0.8483,39463792.1
1644379200,0.8483,0.8674,0.8456,0.8627,13620708.61
1644393600,0.8627,0.8634,0.8454,0.8575,20279213.130000003
1644408000,0.8575,0.9059,0.8535,0.8848,33088335.99
1644422400,0.8848,0.9154,0.8768,0.8925,21397491.7
1644436800,0.8925,0.9045,0.8629,0.8701,13436000.5
1644451200,0.8701,0.8801,0.8547,0.863,20807316.43
1644465600,0.863,0.8766,0.861,0.8724,10761233.37
1644480000,0.8724,0.8974,0.8702,0.8871,15838736.0
1644494400,0.8871,0.89,0.8387,0.8651,30467294.31
1644508800,0.8651,0.8767,0.8485,0.8494,18497757.7
1644523200,0.8494,0.8554,0.8234,0.8256,15438422.01
1644537600,0.8256,0.8304,0.8085,0.8218,18335526.64
1644552000,0.8218,0.824,0.7966,0.8197,12714386.13
1644566400,0.8197,0.8257,0.8046,0.8152,16201199.7
1644580800,0.8152,0.8333,0.8133,0.8196,13543717.61
1644595200,0.8196,0.822,0.7795,0.7902,23262103.5
1644609600,0.7902,0.7922,0.7513,0.7596,21252252.36
1644624000,0.7596,0.7792,0.7545,0.772,7130223.84
1644638400,0.772,0.7776,0.7478,0.7644,7150781.85
1644652800,0.7644,0.7775,0.7601,0.7736,8942213.77
1644667200,0.7736,0.8078,0.7641,0.8032,16074883.15
1644681600,0.8032,0.852,0.8026,0.8309,25995648.0
1644696000,0.8309,0.8437,0.8092,0.8226,11928529.61
1644710400,0.8226,0.8359,0.8121,0.8237,7510039.96
1644724800,0.8237,0.8349,0.8186,0.8296,6594841.07
1644739200,0.8296,0.847,0.823,0.8374,7921548.22
1644753600,0.8374,0.8441,0.8192,0.8239,11014795.65
1644768000,0.8239,0.8239,0.7933,0.8006,12857484.84
1644782400,0.8006,0.818,0.7967,0.8061,7122089.89
1644796800,0.8061,0.8112,0.7833,0.7932,15874486.54
1644811200,0.7932,0.7998,0.785,0.798,5970830.7
1644825600,0.798,0.8089,0.7802,0.7879,20098799.14
1644840000,0.7879,0.8127,0.7823,0.8026,13788906.86
1644854400,0.8026,0.8085,0.7818,0.7887,11101996.15
1644868800,0.7887,0.8068,0.7857,0.8015,6657662.33
1644883200,0.8015,0.8389,0.7968,0.8243,18239480.36
1644897600,0.8243,0.8291,0.8179,0.8269,5816766.29
1644912000,0.8269,0.8361,0.8236,0.8322,13800183.68
1644926400,0.8322,0.8345,0.8236,0.8255,10139769.07
1644940800,0.8255,0.8286,0.818,0.8258,9663969.12
1644955200,0.8258,0.8586,0.8248,0.8524,9530094.02
1644969600,0.8524,0.853,0.8333,0.8363,16491935.51
1644984000,0.8363,0.8397,0.8264,0.8384,7267827.1
1644998400,0.8384,0.8393,0.8239,0.8287,10400021.66
1645012800,0.8287,0.8312,0.8096,0.8172,13822592.07
1645027200,0.8172,0.8367,0.8113,0.8347,8052253.56
1645041600,0.8347,0.8533,0.8347,0.8371,11980218.55
1645056000,0.8371,0.845,0.8229,0.8229,15199964.86
1645070400,0.8229,0.8308,0.8109,0.8289,10321580.74
1645084800,0.8289,0.8294,0.8056,0.8162,14356577.91
1645099200,0.8162,0.8207,0.795,0.8016,14397622.65
1645113600,0.8016,0.8075,0.7713,0.7829,18945564.66
1645128000,0.7829,0.7831,0.7545,0.7677,16009544.41
1645142400,0.7677,0.7902,0.7642,0.7866,12861777.58
1645156800,0.7866,0.8051,0.7829,0.7991,8081191.38
1645171200,0.7991,0.8028,0.7732,0.7772,14267318.94
1645185600,0.7772,0.7853,0.7593,0.7665,20397820.96
1645200000,0.7665,0.7747,0.7573,0.7744,14767024.29
1645214400,0.7744,0.7953,0.7664,0.785,15483715.680000002
1645228800,0.785,0.7978,0.784,0.7913,7384431.75
1645243200,0.7913,0.8012,0.7895,0.7947,6497307.99
1645257600,0.7947,0.7969,0.7713,0.7747,6823287.96
1645272000,0.7747,0.8373,0.7717,0.8321,28842629.14
1645286400,0.8321,0.8493,0.8143,0.8147,20099821.26
1645300800,0.8147,0.825,0.8074,0.8218,9534798.59
1645315200,0.8218,0.8233,0.7907,0.799,10705977.42
1645329600,0.799,0.8048,0.7741,0.7902,15877601.05
1645344000,0.7902,0.7973,0.782,0.7914,12251007.23
1645358400,0.7914,0.8001,0.7773,0.7857,13204945.75
1645372800,0.7857,0.7907,0.7798,0.784,6821211.26
1645387200,0.784,0.7941,0.7673,0.7767,9682379.17
1645401600,0.7767,0.8016,0.7701,0.7873,15176876.88
1645416000,0.7873,0.8002,0.7873,0.7973,6729826.1
1645430400,0.7973,0.7988,0.7624,0.7698,12932202.11
1645444800,0.7698,0.7894,0.7574,0.7827,17330049.97
1645459200,0.7827,0.7891,0.7484,0.7571,17189147.27
1645473600,0.7571,0.7635,0.6969,0.7019,26331050.86
1645488000,0.7019,0.714,0.6723,0.6785,25807068.96
1645502400,0.6785,0.698,0.6764,0.681,15007058.14
1645516800,0.681,0.71,0.6794,0.7018,14939874.05
1645531200,0.7018,0.7168,0.6955,0.7054,17315587.91
1645545600,0.7054,0.7081,0.6923,0.7073,14249025.38
1645560000,0.7073,0.7268,0.7018,0.7215,9467977.51
1645574400,0.7215,0.7276,0.7053,0.7108,18044328.16
1645588800,0.7108,0.7254,0.7094,0.7241,7875811.71
1645603200,0.7241,0.7403,0.722,0.7323,13488144.31
1645617600,0.7323,0.744,0.7225,0.7236,14626615.02
1645632000,0.7236,0.7349,0.7031,0.7053,14996284.32
1645646400,0.7053,0.7144,0.6932,0.6962,9327651.6
1645660800,0.6962,0.7035,0.6291,0.64,30592067.56
1645675200,0.64,0.6523,0.6227,0.6433,25057213.45
1645689600,0.6433,0.6534,0.6287,0.6397,17506299.71
1645704000,0.6397,0.6551,0.6319,0.6523,19685994.76
1645718400,0.6523,0.6898,0.6509,0.6895,19411768.13
1645732800,0.6895,0.7154,0.6753,0.6963,19438783.96
1645747200,0.6963,0.7049,0.6885,0.6994,10253579.52
1645761600,0.6994,0.7019,0.6873,0.6992,8681648.1
1645776000,0.6992,0.6999,0.6833,0.6988,9082917.35
1645790400,0.6988,0.7242,0.6987,0.7161,19227605.83
1645804800,0.7161,0.7393,0.703,0.7304,28396472.45
1645819200,0.7304,0.7789,0.727,0.7698,16640264.06
1645833600,0.7698,0.7944,0.766,0.7766,20845394.83
1645848000,0.7766,0.7783,0.7521,0.7733,13290282.97
1645862400,0.7733,0.7801,0.7573,0.7598,11413621.77
1645876800,0.7598,0.7679,0.7527,0.7576,8974589.030000001
1645891200,0.7576,0.7613,0.7412,0.7531,9588760.55
1645905600,0.7531,0.7641,0.745,0.751,6331845.79
1645920000,0.751,0.7535,0.7234,0.7338,10533621.2
1645934400,0.7338,0.7463,0.7291,0.7396,8085383.36
1645948800,0.7396,0.7572,0.7374,0.7569,6859992.08
1645963200,0.7569,0.7672,0.736,0.7517,13710944.81
1645977600,0.7517,0.7521,0.7118,0.7141,10864424.89
1645992000,0.7141,0.7288,0.705,0.7217,15002552.73
1646006400,0.7217,0.7321,0.7112,0.7202,16779906.76
1646020800,0.7202,0.7271,0.7089,0.7226,8542217.32
1646035200,0.7226,0.7295,0.7196,0.7275,10195478.61
1646049600,0.7275,0.7628,0.7178,0.7617,25575402.07
1646064000,0.7617,0.768,0.7503,0.7626,15118589.4
1646078400,0.7626,0.7922,0.7616,0.7819,19902340.8
1646092800,0.7819,0.7891,0.7647,0.7748,18397758.82
1646107200,0.7748,0.7776,0.7652,0.7719,14818867.18
1646121600,0.7719,0.774,0.7584,0.7681,11079046.86
1646136000,0.7681,0.8032,0.7676,0.7801,25579606.47
1646150400,0.7801,0.7875,0.7691,0.7809,12753254.06
1646164800,0.7809,0.7886,0.7801,0.7844,5595298.54
1646179200,0.7844,0.7848,0.765,0.7781,16157522.84
1646193600,0.7781,0.7808,0.7615,0.7683,11865542.95
1646208000,0.7683,0.7791,0.7642,0.777,7525192.73
1646222400,0.777,0.7814,0.7572,0.7656,17277668.85
1646236800,0.7656,0.7748,0.7602,0.767,7214145.55
1646251200,0.767,0.7778,0.7656,0.7692,3481800.52
1646265600,0.7692,0.7705,0.7607,0.7654,11116777.61
1646280000,0.7654,0.7886,0.7592,0.7664,18224574.22
1646294400,0.7664,0.7718,0.7602,0.7663,7615682.34
1646308800,0.7663,0.7746,0.746,0.7491,16169575.86
1646323200,0.7491,0.7512,0.7344,0.7445,11476533.82
1646337600,0.7445,0.7587,0.7409,0.7521,7054628.97
1646352000,0.7521,0.7534,0.7243,0.7371,15051176.02
1646366400,0.7371,0.7429,0.7337,0.7375,9503027.36
1646380800,0.7375,0.7454,0.7263,0.7411,14557977.25
1646395200,0.7411,0.7429,0.7283,0.7329,15312182.57
1646409600,0.7329,0.7419,0.7126,0.7131,13290442.739999998
1646424000,0.7131,0.72,0.6966,0.7126,15769102.69
1646438400,0.7126,0.7226,0.7054,0.7207,7171461.83
1646452800,0.7207,0.7256,0.7167,0.7239,3603552.34
1646467200,0.7239,0.7384,0.7239,0.7348,5833953.89
1646481600,0.7348,0.7683,0.7348,0.7593,18535354.08
1646496000,0.7593,0.766,0.7493,0.7528,6630796.67
1646510400,0.7528,0.7593,0.7438,0.7542,3543784.83
1646524800,0.7542,0.7587,0.7421,0.7433,3705554.67
1646539200,0.7433,0.7493,0.7337,0.7464,8719781.81
1646553600,0.7464,0.7464,0.728,0.7344,7056042.97
1646568000,0.7344,0.7411,0.7303,0.7368,4832971.51
1646582400,0.7368,0.7466,0.7325,0.7341,4617512.39
1646596800,0.7341,0.7459,0.7228,0.7249,11681552.33
1646611200,0.7249,0.7257,0.7086,0.7189,17387457.66
1646625600,0.7189,0.7536,0.7182,0.737,12700835.42
1646640000,0.737,0.7455,0.732,0.7443,11637598.1
1646654400,0.7443,0.7531,0.7386,0.7463,17415484.97
1646668800,0.7463,0.7501,0.7113,0.7113,16510754.53
1646683200,0.7113,0.7302,0.7035,0.7205,13807792.61
1646697600,0.7205,0.7301,0.717,0.7277,12786157.73
1646712000,0.7277,0.7289,0.7135,0.723,15054945.32
1646726400,0.723,0.7302,0.7217,0.7269,7535273.470000001
1646740800,0.7269,0.729,0.7169,0.7229,15103688.4
1646755200,0.7229,0.728,0.7141,0.724,12681387.9
1646769600,0.724,0.7254,0.7161,0.721,4551345.35
1646784000,0.721,0.7501,0.7201,0.7436,16247409.28
1646798400,0.7436,0.7512,0.7419,0.7501,12268624.02
1646812800,0.7501,0.7568,0.7499,0.7515,7585635.26
1646827200,0.7515,0.7682,0.746,0.7666,20207959.97
1646841600,0.7666,0.7745,0.7571,0.7631,17447281.23
1646856000,0.7631,0.7688,0.7585,0.7659,4658541.7
1646870400,0.7659,0.7789,0.7534,0.7589,18899527.11
1646884800,0.7589,0.7598,0.7308,0.7384,14076838.81
1646899200,0.7384,0.7384,0.7289,0.7334,14170095.87
1646913600,0.7334,0.7438,0.7233,0.7288,16413347.89
1646928000,0.7288,0.7406,0.7271,0.7395,10501855.74
1646942400,0.7395,0.7451,0.7353,0.7364,8234608.31
1646956800,0.7364,0.7409,0.7274,0.7388,20002275.77
1646971200,0.7388,0.751,0.7353,0.7453,7217013.56
1646985600,0.7453,0.7475,0.7332,0.7444,15308537.39
1647000000,0.7444,0.7505,0.7282,0.7313,16577212.169999998
1647014400,0.7313,0.7365,0.7253,0.7365,13581274.82
1647028800,0.7365,0.8128,0.7365,0.8028,42173586.06
1647043200,0.8028,0.8487,0.7967,0.8157,28725480.17
1647057600,0.8157,0.8171,0.7921,0.7955,12581056.1
1647072000,0.7955,0.8005,0.7795,0.7861,13485773.07
1647086400,0.7861,0.7958,0.7798,0.7912,11501988.92
1647100800,0.7912,0.7947,0.7855,0.7906,4747041.62
1647115200,0.7906,0.8072,0.7835,0.786,10085946.09
1647129600,0.786,0.799,0.7842,0.7974,8527173.07
1647144000,0.7974,0.8038,0.7943,0.7979,6249385.84
1647158400,0.7979,0.8044,0.7886,0.7918,5676438.87
1647172800,0.7918,0.7918,0.779,0.7848,7694319.22
1647187200,0.7848,0.7924,0.7819,0.784,8096409.289999999
1647201600,0.784,0.7889,0.7535,0.7604,11687088.73
1647216000,0.7604,0.764,0.7456,0.7615,14799186.739999998
1647230400,0.7615,0.7735,0.761,0.7694,12508900.63
1647244800,0.7694,0.7762,0.7663,0.7668,9796988.88
1647259200,0.7668,0.7681,0.7584,0.7607,10753624.03
1647273600,0.7607,0.7627,0.7505,0.7617,16235619.12
1647288000,0.7617,0.7774,0.7594,0.7749,6616143.76
1647302400,0.7749,0.7765,0.7587,0.7624,13548118.46
1647316800,0.7624,0.7647,0.748,0.752,10605607.71
1647331200,0.752,0.7554,0.7418,0.754,10629836.31
1647345600,0.754,0.768,0.7522,0.7634,14735518.76
1647360000,0.7634,0.7716,0.7608,0.771,10138387.37
1647374400,0.771,0.7728,0.7637,0.7661,3689108.2
1647388800,0.7661,0.7886,0.7588,0.7613,18657406.5
1647403200,0.7613,0.7659,0.7582,0.7639,7520732.97
1647417600,0.7639,0.7736,0.7639,0.7701,11459589.9
1647432000,0.7701,0.7812,0.7645,0.7772,21334218.89
1647446400,0.7772,0.7862,0.7594,0.7862,17896302.08
1647460800,0.7862,0.7944,0.7811,0.7927,9275884.63
1647475200,0.7927,0.7981,0.7879,0.7937,14188926.0
1647489600,0.7937,0.7958,0.7845,0.7899,11766030.98
1647504000,0.7899,0.7924,0.7833,0.7878,8906876.790000001
1647518400,0.7878,0.7981,0.7876,0.7943,10811607.39
1647532800,0.7943,0.797,0.7888,0.7963,4017819.62
1647547200,0.7963,0.8018,0.7916,0.794,3979430.59
1647561600,0.794,0.8006,0.7847,0.7879,9402167.22
1647576000,0.7879,0.7941,0.7863,0.7877,7283423.71
1647590400,0.7877,0.7901,0.7767,0.7799,14470693.08
1647604800,0.7799,0.7873,0.7775,0.7869,19317754.93
1647619200,0.7869,0.797,0.7867,0.7967,18023365.4
1647633600,0.7967,0.7998,0.7927,0.7969,11278327.74
1647648000,0.7969,0.7991,0.7921,0.7972,4407920.63
1647662400,0.7972,0.8228,0.7959,0.8082,13063641.6
1647676800,0.8082,0.8169,0.808,0.8129,6737517.2
1647691200,0.8129,0.8207,0.8115,0.8172,9031335.47
1647705600,0.8172,0.8269,0.8149,0.8245,9068614.68
1647720000,0.8245,0.8258,0.8089,0.82,5714833.74
1647734400,0.82,0.8222,0.8093,0.8149,3517468.06
1647748800,0.8149,0.817,0.8118,0.8137,2905662.02
1647763200,0.8137,0.8146,0.8041,0.8071,6131229.9
1647777600,0.8071,0.8098,0.8015,0.804,8958141.99
1647792000,0.804,0.8089,0.7961,0.8079,6869063.24
1647806400,0.8079,0.81,0.8016,0.8055,14490678.21
1647820800,0.8055,0.8085,0.7882,0.7995,17453324.26
1647835200,0.7995,0.8119,0.7983,0.8106,6809976.21
1647849600,0.8106,0.8196,0.8057,0.8145,14199513.75
1647864000,0.8145,0.818,0.809,0.8158,16020931.32
1647878400,0.8158,0.8471,0.8103,0.847,19268533.83
1647892800,0.847,0.8543,0.8333,0.8384,19118311.64
1647907200,0.8384,0.8603,0.8347,0.8519,25018859.040000003
1647921600,0.8519,0.8646,0.8401,0.8473,18059111.99
1647936000,0.8473,0.8515,0.8435,0.8488,13122708.12
1647950400,0.8488,0.857,0.8374,0.8376,16932576.49
1647964800,0.8376,0.8414,0.8286,0.8301,9251606.55
1647979200,0.8301,0.8426,0.8293,0.837,5433823.58
1647993600,0.837,0.8457,0.8265,0.828,16792417.73
1648008000,0.828,0.8329,0.821,0.8225,14221990.989999998
1648022400,0.8225,0.8282,0.8177,0.8236,15439081.489999998
1648036800,0.8236,0.8403,0.8207,0.8396,8761872.93
1648051200,0.8396,0.8425,0.8263,0.8276,12746829.65
1648065600,0.8276,0.8388,0.8273,0.8378,3936092.61
1648080000,0.8378,0.8448,0.8274,0.832,18339321.24
1648094400,0.832,0.8391,0.8306,0.8356,14143611.43
1648108800,0.8356,0.8409,0.8333,0.8345,10100584.21
1648123200,0.8345,0.848,0.8285,0.8442,15019094.57
1648137600,0.8442,0.8501,0.839,0.8463,15478532.47
1648152000,0.8463,0.8493,0.8412,0.8429,6670098.140000001
1648166400,0.8429,0.8459,0.838,0.8397,11884597.19
1648180800,0.8397,0.8453,0.8387,0.839,7125392.54
1648195200,0.839,0.8411,0.8297,0.8399,18825467.44
1648209600,0.8399,0.8435,0.83,0.832,26038617.23
1648224000,0.832,0.835,0.821,0.8263,18521132.98
1648238400,0.8263,0.8288,0.8225,0.8245,4648170.0
1648252800,0.8245,0.8278,0.8209,0.8268,6273562.87
1648267200,0.8268,0.835,0.8251,0.8344,5598312.5
1648281600,0.8344,0.8344,0.8281,0.8309,7857668.6
1648296000,0.8309,0.8323,0.8252,0.8307,2992774.37
1648310400,0.8307,0.8333,0.8279,0.8296,1838541.68
1648324800,0.8296,0.8336,0.8295,0.8332,3579726.3
1648339200,0.8332,0.8426,0.8319,0.836,7761550.28
1648353600,0.836,0.84,0.8332,0.84,2553625.05
1648368000,0.84,0.8411,0.8355,0.8367,2739319.19
1648382400,0.8367,0.8383,0.8285,0.8377,5132301.35
1648396800,0.8377,0.8482,0.8359,0.8407,7609143.42
1648411200,0.8407,0.8581,0.8394,0.8579,11751548.75
1648425600,0.8579,0.8723,0.8542,0.8703,19871361.16
1648440000,0.8703,0.8774,0.8638,0.8669,16404835.21
1648454400,0.8669,0.8701,0.8622,0.8682,13611299.63
1648468800,0.8682,0.9025,0.8679,0.8791,28510686.66
1648483200,0.8791,0.9118,0.872,0.8977,24094756.14
1648497600,0.8977,0.9016,0.8562,0.8636,16172562.43
1648512000,0.8636,0.8783,0.8631,0.8717,18192810.8
1648526400,0.8717,0.8853,0.869,0.8691,12762503.5
1648540800,0.8691,0.8827,0.8677,0.8811,15231337.0
1648555200,0.8811,0.8853,0.8583,0.8591,18678723.16
1648569600,0.8591,0.8678,0.8442,0.864,12681360.88
1648584000,0.864,0.866,0.8464,0.8581,5508309.64
1648598400,0.8581,0.8635,0.8465,0.8614,17368836.77
1648612800,0.8614,0.8669,0.857,0.8609,11101448.85
1648627200,0.8609,0.869,0.8578,0.8675,8793291.16
1648641600,0.8675,0.8702,0.8543,0.8618,9878137.43
1648656000,0.8618,0.8715,0.857,0.861,12365896.3
1648670400,0.861,0.8644,0.8513,0.8612,7026965.44
1648684800,0.8612,0.8707,0.8585,0.8612,12718571.27
1648699200,0.8612,0.8682,0.86,0.8646,9305084.11
1648713600,0.8646,0.8731,0.8636,0.8673,7317010.69
1648728000,0.8673,0.8713,0.7893,0.8228,30370623.89
1648742400,0.8228,0.8234,0.801,0.8135,24391228.53
1648756800,0.8135,0.8218,0.8076,0.8148,7558315.51
1648771200,0.8148,0.8318,0.8085,0.8204,18031830.79
1648785600,0.8204,0.8258,0.8193,0.8235,15554401.68
1648800000,0.8235,0.825,0.8129,0.8142,37341645.34
1648814400,0.8142,0.8327,0.8076,0.8262,25486370.52
1648828800,0.8262,0.831,0.8207,0.8291,19020227.53
1648843200,0.8291,0.834,0.8248,0.8279,5452435.43
1648857600,0.8279,0.8406,0.8251,0.8377,5261023.2
1648872000,0.8377,0.8429,0.836,0.842,4475495.52
1648886400,0.842,0.85,0.8404,0.8414,4428139.09
1648900800,0.8414,0.8476,0.828,0.8326,9385931.83
1648915200,0.8326,0.8378,0.8195,0.8282,6922856.51
1648929600,0.8282,0.8336,0.823,0.8241,4272980.59
1648944000,0.8241,0.8282,0.8153,0.8282,7166667.05
1648958400,0.8282,0.8344,0.8279,0.8314,2721912.58
1648972800,0.8314,0.8347,0.8274,0.8336,2731198.08
1648987200,0.8336,0.8421,0.8325,0.8398,6058331.55
1649001600,0.8398,0.8476,0.835,0.8405,4372204.75
1649016000,0.8405,0.8521,0.8403,0.8429,5298382.600000001
1649030400,0.8429,0.8433,0.8294,0.8305,11016077.63
1649044800,0.8305,0.8387,0.8279,0.8328,13415163.1
1649059200,0.8328,0.8395,0.8231,0.8358,17825668.92
1649073600,0.8358,0.8377,0.8183,0.8199,12929161.66
1649088000,0.8199,0.8232,0.8054,0.8221,12967410.54
1649102400,0.8221,0.8301,0.8147,0.8265,4814430.11
1649116800,0.8265,0.8308,0.8243,0.8263,11522104.59
1649131200,0.8263,0.8295,0.822,0.823,10619530.31
1649145600,0.823,0.8304,0.8224,0.8289,8986373.969999999
1649160000,0.8289,0.834,0.8181,0.8218,19871268.38
1649174400,0.8218,0.836,0.8188,0.8232,19649317.51
1649188800,0.8232,0.8252,0.8151,0.817,5593430.7
1649203200,0.817,0.8175,0.7813,0.8093,24182238.72
1649217600,0.8093,0.8184,0.8071,0.8108,6748557.85
1649232000,0.8108,0.8115,0.7881,0.7957,14338241.74
1649246400,0.7957,0.7994,0.771,0.7795,23057079.15
1649260800,0.7795,0.7809,0.7591,0.7744,15344114.3
1649275200,0.7744,0.7841,0.7569,0.7598,7041247.22
1649289600,0.7598,0.7739,0.7529,0.7691,16103569.36
1649304000,0.7691,0.7784,0.769,0.7745,9258095.9
1649318400,0.7745,0.7883,0.7729,0.7851,9529902.02
1649332800,0.7851,0.7898,0.7684,0.7777,17389791.74
1649347200,0.7777,0.7861,0.7747,0.7811,9111410.1
1649361600,0.7811,0.7905,0.7777,0.7877,4314126.97
1649376000,0.7877,0.7929,0.7857,0.7926,11134096.43
1649390400,0.7926,0.7935,0.778,0.784,9874456.75
1649404800,0.784,0.7862,0.7677,0.769,19945499.32
1649419200,0.769,0.777,0.7605,0.7716,24927930.270000003
1649433600,0.7716,0.7737,0.7529,0.7589,22652974.5
1649448000,0.7589,0.7638,0.7473,0.7551,7659229.17
1649462400,0.7551,0.7628,0.7544,0.7616,6030665.86
1649476800,0.7616,0.7664,0.7569,0.7605,3472774.77
1649491200,0.7605,0.7636,0.7595,0.762,2651811.59
1649505600,0.762,0.7643,0.7538,0.7545,3460466.24
1649520000,0.7545,0.7637,0.7541,0.7616,3159004.89
1649534400,0.7616,0.7636,0.7585,0.7623,4771285.58
1649548800,0.7623,0.7683,0.7603,0.7663,2639598.95
1649563200,0.7663,0.767,0.7615,0.7617,2908535.54
1649577600,0.7617,0.7619,0.7558,0.7579,2915029.42
1649592000,0.7579,0.7614,0.7571,0.7594,5422925.74
1649606400,0.7594,0.7715,0.7592,0.7706,4902599.94
1649620800,0.7706,0.7731,0.7529,0.7545,6720927.85
1649635200,0.7545,0.7555,0.7327,0.7386,20875407.49
1649649600,0.7386,0.7444,0.7355,0.7435,10098798.31
1649664000,0.7435,0.7444,0.7055,0.7087,22013952.3
1649678400,0.7087,0.7145,0.7034,0.7042,18479246.85
1649692800,0.7042,0.7117,0.7015,0.7053,17062666.84
1649707200,0.7053,0.7065,0.6815,0.6949,15434051.38
1649721600,0.6949,0.7051,0.6934,0.6997,19257566.16
1649736000,0.6997,0.7112,0.6981,0.7043,13239637.68
1649750400,0.7043,0.7127,0.7032,0.7114,14698285.05
1649764800,0.7114,0.7205,0.7028,0.7079,22510660.79
1649779200,0.7079,0.7103,0.6921,0.693,15515862.06
1649793600,0.693,0.7255,0.6929,0.7151,11336511.89
1649808000,0.7151,0.7192,0.7096,0.7143,13676494.94
1649822400,0.7143,0.7208,0.7099,0.7141,12847509.7
1649836800,0.7141,0.7223,0.7044,0.7051,16192749.19
1649851200,0.7051,0.7237,0.7018,0.7215,20812431.33
1649865600,0.7215,0.7247,0.7164,0.7183,16275435.63
1649880000,0.7183,0.725,0.7177,0.7232,3907934.13
1649894400,0.7232,0.7406,0.7223,0.7362,14122923.86
1649908800,0.7362,0.7408,0.7296,0.7335,7945935.300000001
1649923200,0.7335,0.7356,0.7211,0.7227,10645215.31
1649937600,0.7227,0.7303,0.713,0.7135,8892839.93
1649952000,0.7135,0.7297,0.7086,0.7147,9974723.25
1649966400,0.7147,0.7296,0.7115,0.7263,4901784.53
1649980800,0.7263,0.7902,0.7261,0.7866,19264680.07
1649995200,0.7866,0.7968,0.7638,0.7781,23362382.66
1650009600,0.7781,0.7872,0.7715,0.7787,15171242.04
1650024000,0.7787,0.7845,0.7642,0.7747,12507363.65
1650038400,0.7747,0.7798,0.7701,0.7722,7815660.37
1650052800,0.7722,0.7909,0.7704,0.7857,7913252.81
1650067200,0.7857,0.7994,0.7791,0.7849,11771873.71
1650081600,0.7849,0.7886,0.7764,0.777,7718045.99
1650096000,0.777,0.7785,0.7714,0.775,8130973.729999999
1650110400,0.775,0.7815,0.7665,0.7687,5384059.609999999
1650124800,0.7687,0.7754,0.7674,0.7745,2716062.1
1650139200,0.7745,0.7838,0.7721,0.7809,3196623.25
1650153600,0.7809,0.7847,0.7717,0.7753,4147172.92
1650168000,0.7753,0.7809,0.7747,0.7791,2869296.11
1650182400,0.7791,0.7858,0.7757,0.7766,6297357.19
1650196800,0.7766,0.7854,0.7761,0.7797,4443337.470000001
1650211200,0.7797,0.7808,0.758,0.768,7967085.28
1650225600,0.768,0.7732,0.7484,0.7522,5914731.03
1650240000,0.7522,0.7607,0.7424,0.7575,11913750.85
1650254400,0.7575,0.7583,0.7279,0.734,24744372.17
1650268800,0.734,0.7437,0.7332,0.7394,9414836.71
1650283200,0.7394,0.7501,0.7394,0.7434,11928358.56
1650297600,0.7434,0.7634,0.7368,0.7585,11599522.12
1650312000,0.7585,0.7694,0.757,0.7693,3588509.97
1650326400,0.7693,0.7763,0.7672,0.7691,7886659.939999999
1650340800,0.7691,0.7741,0.764,0.7654,5977775.8
1650355200,0.7654,0.7715,0.7589,0.7644,16440242.4
1650369600,0.7644,0.7816,0.7637,0.7737,13706558.36
1650384000,0.7737,0.7776,0.7679,0.7738,8165109.970000001
1650398400,0.7738,0.7763,0.7686,0.7752,2976898.71
1650412800,0.7752,0.7752,0.7622,0.7684,11026902.63
1650427200,0.7684,0.7692,0.7617,0.7617,12231982.0
1650441600,0.7617,0.7722,0.7607,0.7713,11731350.18
1650456000,0.7713,0.7728,0.7514,0.7556,13813393.4
1650470400,0.7556,0.7561,0.7425,0.7481,13494262.14
1650484800,0.7481,0.7575,0.7462,0.752,4718326.75
1650499200,0.752,0.7572,0.7515,0.7544,9321034.5
1650513600,0.7544,0.7552,0.7428,0.749,15028959.12
1650528000,0.749,0.7587,0.7456,0.7559,13008839.09
1650542400,0.7559,0.7653,0.7552,0.7583,11678565.18
1650556800,0.7583,0.7682,0.744,0.7491,9053586.32
1650571200,0.7491,0.7493,0.7201,0.7328,12003905.97
1650585600,0.7328,0.7353,0.7289,0.7316,8236719.91
1650600000,0.7316,0.7385,0.7256,0.7302,6961575.58
1650614400,0.7302,0.7316,0.7196,0.7266,16001119.76
1650628800,0.7266,0.7277,0.7141,0.7176,12449175.9
1650643200,0.7176,0.7361,0.7159,0.7259,7864551.86
1650657600,0.7259,0.731,0.7155,0.7177,5425942.69
1650672000,0.7177,0.7266,0.709,0.7125,5855127.779999999
1650686400,0.7125,0.7153,0.7067,0.7119,3926740.16
1650700800,0.7119,0.7128,0.7082,0.7117,5514362.72
1650715200,0.7117,0.7148,0.7092,0.7123,2937398.89
1650729600,0.7123,0.7162,0.7105,0.7113,3216612.06
1650744000,0.7113,0.7149,0.703,0.7055,4519095.69
1650758400,0.7055,0.7103,0.7055,0.7094,3477199.81
1650772800,0.7094,0.7117,0.7091,0.7107,2799038.91
1650787200,0.7107,0.7117,0.7044,0.7049,5266498.89
1650801600,0.7049,0.7074,0.6976,0.7052,6436564.819999999
1650816000,0.7052,0.7065,0.6948,0.7016,5902496.83
1650830400,0.7016,0.7042,0.6975,0.6982,2976051.39
1650844800,0.6982,0.6995,0.6725,0.6793,18338994.77
1650859200,0.6793,0.6795,0.6461,0.652,17775289.56
1650873600,0.652,0.6655,0.646,0.6653,17392008.35
1650888000,0.6653,0.6727,0.6607,0.6678,17079260.58
1650902400,0.6678,0.688,0.667,0.6874,13948714.83
1650916800,0.6874,0.6977,0.684,0.6934,8746717.17
1650931200,0.6934,0.7063,0.6893,0.6964,16898750.04
1650945600,0.6964,0.6998,0.6791,0.686,12245329.85
1650960000,0.686,0.6895,0.6743,0.6785,16237810.44
1650974400,0.6785,0.6807,0.6514,0.6535,18263605.46
1650988800,0.6535,0.6592,0.6377,0.6464,10651264.11
1651003200,0.6464,0.6538,0.6284,0.6424,12284538.73
1651017600,0.6424,0.6516,0.6368,0.6494,11956412.36
1651032000,0.6494,0.6613,0.6484,0.6601,14427640.52
1651046400,0.6601,0.6622,0.641,0.6464,19089600.32
1651060800,0.6464,0.6594,0.6419,0.6472,14246429.72
1651075200,0.6472,0.6542,0.6425,0.6461,8571006.43
1651089600,0.6461,0.6529,0.6452,0.6523,3880660.74
1651104000,0.6523,0.6561,0.6475,0.6478,11231604.29
1651118400,0.6478,0.6522,0.6465,0.6493,10178213.23
1651132800,0.6493,0.6571,0.6461,0.6481,13604118.04
1651147200,0.6481,0.6503,0.6335,0.6388,14837726.31
1651161600,0.6388,0.6514,0.6366,0.6443,10783392.7
1651176000,0.6443,0.6488,0.6413,0.6428,3170832.86
1651190400,0.6428,0.6466,0.6334,0.6367,15373440.0
1651204800,0.6367,0.6424,0.6349,0.6401,4779575.83
1651219200,0.6401,0.6416,0.6129,0.6183,22672357.6
1651233600,0.6183,0.6254,0.6165,0.6202,19899112.37
1651248000,0.6202,0.6208,0.5996,0.6053,19031094.87
1651262400,0.6053,0.6151,0.605,0.6114,10559579.12
1651276800,0.6114,0.6213,0.6114,0.6198,2959461.89
1651291200,0.6198,0.6283,0.6176,0.6228,3992366.74
1651305600,0.6228,0.6247,0.6172,0.6203,6491209.37
1651320000,0.6203,0.6264,0.6097,0.6165,6102245.86
1651334400,0.6165,0.6183,0.6033,0.6115,6546856.8
1651348800,0.6115,0.6136,0.568,0.5853,16628661.18
1651363200,0.5853,0.594,0.5761,0.5917,13832258.91
1651377600,0.5917,0.5964,0.585,0.5868,17708405.51
1651392000,0.5868,0.5931,0.5868,0.5895,7753171.369999999
1651406400,0.5895,0.6058,0.5889,0.604,12325433.0
1651420800,0.604,0.6121,0.5932,0.5978,9509110.81
1651435200,0.5978,0.6097,0.5962,0.6071,7592348.729999999
1651449600,0.6071,0.6236,0.6052,0.6187,12425597.74
1651464000,0.6187,0.6304,0.6166,0.6234,17368795.64
1651478400,0.6234,0.6272,0.607,0.6095,18868357.47
1651492800,0.6095,0.6165,0.6038,0.6084,8698889.709999999
1651507200,0.6084,0.6133,0.5984,0.6081,10384012.12
1651521600,0.6081,0.6232,0.6064,0.6143,6097175.29
1651536000,0.6143,0.6276,0.6143,0.6231,13107942.46
1651550400,0.6231,0.6244,0.6131,0.6195,12594148.55
1651564800,0.6195,0.621,0.6138,0.6204,10381520.61
1651579200,0.6204,0.6209,0.6142,0.6156,9747660.41
1651593600,0.6156,0.6173,0.5967,0.5982,9601072.44
1651608000,0.5982,0.6061,0.5961,0.6047,5144414.9
1651622400,0.6047,0.618,0.6042,0.615,18243900.97
1651636800,0.615,0.6167,0.6057,0.6144,14210064.61
1651651200,0.6144,0.6216,0.6129,0.6197,13302211.05
1651665600,0.6197,0.6211,0.6092,0.6132,10898763.11
1651680000,0.6132,0.6481,0.6118,0.6388,18004144.11
1651694400,0.6388,0.6499,0.6387,0.6457,6946391.49
1651708800,0.6457,0.6569,0.6454,0.6489,16163057.43
1651723200,0.6489,0.6539,0.6414,0.6427,12871191.47
1651737600,0.6427,0.6429,0.6345,0.6358,12386760.61
1651752000,0.6358,0.6378,0.5961,0.601,22845338.5
1651766400,0.601,0.6048,0.5808,0.5937,16318580.81
1651780800,0.5937,0.6016,0.5897,0.5982,8242249.25
1651795200,0.5982,0.6158,0.5945,0.6092,20682007.68
1651809600,0.6092,0.6107,0.5941,0.6014,14231904.41
1651824000,0.6014,0.609,0.5928,0.5972,19291311.62
1651838400,0.5972,0.6051,0.5879,0.5962,23004100.08
1651852800,0.5962,0.6,0.5902,0.5964,20020469.43
1651867200,0.5964,0.6057,0.5952,0.6022,5265468.6
1651881600,0.6022,0.6041,0.5948,0.5949,3229211.88
1651896000,0.5949,0.5995,0.5932,0.5967,3642155.6
1651910400,0.5967,0.6011,0.5962,0.5979,3990431.4
1651924800,0.5979,0.5987,0.5934,0.5947,2669907.24
1651939200,0.5947,0.5972,0.5913,0.5925,2662115.66
1651953600,0.5925,0.5933,0.5695,0.5808,8900912.99
1651968000,0.5808,0.5825,0.568,0.5745,6974152.73
1651982400,0.5745,0.5763,0.5642,0.5726,6768884.069999999
1651996800,0.5726,0.5809,0.5697,0.5749,5250486.66
1652011200,0.5749,0.5757,0.5672,0.5691,7641904.21
1652025600,0.5691,0.5745,0.5578,0.5737,10127572.65
1652040000,0.5737,0.5745,0.564,0.5659,4716655.12
1652054400,0.5659,0.5782,0.5581,0.5642,11148696.88
1652068800,0.5642,0.5696,0.5513,0.5516,9511422.99
1652083200,0.5516,0.553,0.527,0.5365,25561014.86
1652097600,0.5365,0.5473,0.5206,0.5269,14337449.36
1652112000,0.5269,0.5304,0.4737,0.4891,31906812.45
1652126400,0.4891,0.5124,0.4865,0.4877,26545349.76
1652140800,0.4877,0.5082,0.4729,0.4988,33837968.95
1652155200,0.4988,0.5343,0.4978,0.5165,22987912.84
1652169600,0.5165,0.5286,0.5148,0.5238,10719319.46
1652184000,0.5238,0.5364,0.5066,0.5165,14876019.0
1652198400,0.5165,0.5251,0.5097,0.5198,10281492.32
1652212800,0.5198,0.5215,0.4934,0.5132,14600961.05
1652227200,0.5132,0.5223,0.5069,0.5146,22084478.68
1652241600,0.5146,0.5222,0.4889,0.4969,37890265.52
1652256000,0.4969,0.5172,0.4898,0.491,34198546.14
1652270400,0.491,0.5025,0.4093,0.4454,71319548.06
1652284800,0.4454,0.4467,0.4071,0.4111,27903494.91
1652299200,0.4111,0.4211,0.3655,0.4152,37378700.89
1652313600,0.4152,0.4277,0.3784,0.3789,38234178.31
1652328000,0.3789,0.3833,0.3344,0.3733,68169857.59
1652342400,0.3733,0.3857,0.3612,0.3739,32648422.470000003
1652356800,0.3739,0.3948,0.3634,0.3834,29157399.18
1652371200,0.3834,0.3993,0.3761,0.3869,19901087.11
1652385600,0.3869,0.3926,0.3688,0.3843,19944078.31
1652400000,0.3843,0.4482,0.3805,0.444,35717157.81
1652414400,0.444,0.4638,0.4308,0.4313,30736295.3
1652428800,0.4313,0.4561,0.4312,0.454,27585662.59
1652443200,0.454,0.4546,0.4317,0.4324,35320456.09
1652457600,0.4324,0.4395,0.4174,0.4259,21148532.02
1652472000,0.4259,0.4403,0.4202,0.422,10825372.55
1652486400,0.422,0.44,0.4195,0.4344,8626801.74
1652500800,0.4344,0.4346,0.4228,0.4275,6327882.59
1652515200,0.4275,0.4328,0.4024,0.409,12593700.15
1652529600,0.409,0.4113,0.3952,0.4013,12458489.48
1652544000,0.4013,0.4211,0.3991,0.4123,10035138.1
1652558400,0.4123,0.4296,0.4113,0.4259,6130193.98
1652572800,0.4259,0.4299,0.4144,0.4185,6711919.04
1652587200,0.4185,0.4256,0.4147,0.4197,6049801.39
1652601600,0.4197,0.4296,0.4167,0.4293,7921512.55
1652616000,0.4293,0.4336,0.4206,0.4251,9392511.64
1652630400,0.4251,0.4316,0.4223,0.4314,4527157.96
1652644800,0.4314,0.449,0.4308,0.4475,11606424.06
1652659200,0.4475,0.4476,0.4301,0.4326,19628213.34
1652673600,0.4326,0.4331,0.4084,0.4151,18861141.26
1652688000,0.4151,0.4225,0.4125,0.4185,14143171.61
1652702400,0.4185,0.4233,0.4113,0.4157,13463686.35
1652716800,0.4157,0.4406,0.412,0.4228,13222695.62
1652731200,0.4228,0.4303,0.4191,0.4221,6957258.17
1652745600,0.4221,0.436,0.422,0.4339,14024071.33
1652760000,0.4339,0.4369,0.427,0.4273,17944395.46
1652774400,0.4273,0.4326,0.427,0.43,15314174.84
1652788800,0.43,0.4382,0.4213,0.4259,12432279.6
1652803200,0.4259,0.4324,0.4168,0.4298,11451678.96
1652817600,0.4298,0.4394,0.4286,0.4372,4303197.529999999
1652832000,0.4372,0.4418,0.4259,0.4275,15374207.06
1652846400,0.4275,0.43,0.4231,0.4262,11762240.81
1652860800,0.4262,0.4292,0.4239,0.4261,9604772.29
1652875200,0.4261,0.4267,0.4034,0.4071,18170205.76
1652889600,0.4071,0.4169,0.4041,0.4155,8946686.15
1652904000,0.4155,0.4166,0.4035,0.4049,6625908.63
1652918400,0.4049,0.4124,0.3916,0.409,22760338.83
1652932800,0.409,0.4116,0.3992,0.4044,11157972.15
1652947200,0.4044,0.41,0.3981,0.4096,12826312.72
1652961600,0.4096,0.4233,0.4061,0.4209,16140677.12
1652976000,0.4209,0.4219,0.4163,0.4167,8105629.29
1652990400,0.4167,0.421,0.4138,0.42,4658101.99
1653004800,0.42,0.4337,0.4171,0.4309,15758191.490000002
1653019200,0.4309,0.4392,0.4268,0.4283,20909509.49
1653033600,0.4283,0.4317,0.4245,0.4277,22254837.51
1653048000,0.4277,0.4284,0.4084,0.4094,25303058.82
1653062400,0.4094,0.411,0.4011,0.4109,18686140.63
1653076800,0.4109,0.4144,0.4089,0.4099,4662881.98
1653091200,0.4099,0.4119,0.403,0.4112,8394336.6
1653105600,0.4112,0.4144,0.4079,0.4122,5004150.08
1653120000,0.4122,0.4135,0.4089,0.4099,5038885.58
1653134400,0.4099,0.416,0.4091,0.4151,5268474.57
1653148800,0.4151,0.4175,0.4135,0.415,5088762.27
1653163200,0.415,0.4159,0.4115,0.4141,3260298.89
1653177600,0.4141,0.4153,0.4111,0.4126,3711144.66
1653192000,0.4126,0.4138,0.4096,0.4134,2541273.8
1653206400,0.4134,0.4219,0.4124,0.4175,8216879.82
1653220800,0.4175,0.4208,0.4139,0.4169,6871552.65
1653235200,0.4169,0.4191,0.4148,0.4168,4165872.9
1653249600,0.4168,0.4245,0.4168,0.4215,3647313.58
1653264000,0.4215,0.4243,0.4171,0.4193,15059372.32
1653278400,0.4193,0.4266,0.4191,0.4243,11356832.07
1653292800,0.4243,0.4261,0.4201,0.4244,9177686.61
1653307200,0.4244,0.4278,0.421,0.4255,9180220.17
1653321600,0.4255,0.4281,0.4072,0.408,13469259.26
1653336000,0.408,0.4147,0.3998,0.4044,7015137.61
1653350400,0.4044,0.4115,0.4033,0.4111,14220671.9
1653364800,0.4111,0.413,0.4052,0.4103,9660374.92
1653379200,0.4103,0.4106,0.4031,0.4053,13851630.99
1653393600,0.4053,0.4069,0.3903,0.4044,14449235.99
1653408000,0.4044,0.4065,0.3986,0.4042,10435467.34
1653422400,0.4042,0.4116,0.4025,0.4081,4215466.01
1653436800,0.4081,0.4126,0.4063,0.4103,15240920.579999998
1653451200,0.4103,0.4108,0.4052,0.4056,7768827.9
1653465600,0.4056,0.4065,0.3942,0.3962,17352294.169999998
1653480000,0.3962,0.4124,0.3954,0.4014,19826772.5
1653494400,0.4014,0.4073,0.3993,0.4046,10123711.05
1653508800,0.4046,0.4083,0.404,0.4055,4255214.11
1653523200,0.4055,0.4103,0.405,0.4075,13014666.22
1653537600,0.4075,0.4087,0.3962,0.397,12613276.11
1653552000,0.397,0.3972,0.3833,0.3878,21864607.06
1653566400,0.3878,0.3957,0.3748,0.394,25805070.72
1653580800,0.394,0.4006,0.391,0.3914,10421735.04
1653595200,0.3914,0.3988,0.3906,0.3924,7178929.41
1653609600,0.3924,0.4004,0.3853,0.3981,14965660.47
1653624000,0.3981,0.4023,0.3903,0.3954,16554271.76
1653638400,0.3954,0.3966,0.3868,0.3907,23218768.34
1653652800,0.3907,0.3962,0.3842,0.3876,25201459.630000003
1653667200,0.3876,0.3886,0.3758,0.3823,25037950.05
1653681600,0.3823,0.3866,0.3791,0.3813,6616376.02
1653696000,0.3813,0.3867,0.3801,0.3848,5996753.04
1653710400,0.3848,0.3882,0.3838,0.3857,3961540.7
1653724800,0.3857,0.3861,0.3816,0.3827,9688703.73
1653739200,0.3827,0.3872,0.3825,0.3867,5232891.350000001
1653753600,0.3867,0.3871,0.3826,0.386,4661219.34
1653768000,0.386,0.3876,0.3817,0.3858,3285536.42
1653782400,0.3858,0.3863,0.379,0.3824,5098191.16
1653796800,0.3824,0.3835,0.3815,0.3832,2277398.47
1653811200,0.3832,0.3861,0.3821,0.3857,6158581.47
1653825600,0.3857,0.3901,0.3856,0.386,5513854.08
1653840000,0.386,0.388,0.3843,0.3851,3330424.42
1653854400,0.3851,0.3893,0.385,0.3886,3969426.83
1653868800,0.3886,0.4012,0.3865,0.3975,18406782.82
1653883200,0.3975,0.4047,0.3958,0.4,13015030.07
1653897600,0.4,0.4001,0.3964,0.3993,11484578.36
1653912000,0.3993,0.4021,0.3945,0.3994,9949912.62
1653926400,0.3994,0.4032,0.3977,0.4007,8299441.05
1653940800,0.4007,0.4194,0.3998,0.4184,11967105.44
1653955200,0.4184,0.4237,0.415,0.4181,19351087.51
1653969600,0.4181,0.4329,0.4139,0.4178,17284018.95
1653984000,0.4178,0.4224,0.4143,0.4214,14102952.91
1653998400,0.4214,0.4229,0.4063,0.4165,31275827.27
1654012800,0.4165,0.418,0.4117,0.4143,15103926.54
1654027200,0.4143,0.425,0.4141,0.4212,4692586.7
1654041600,0.4212,0.426,0.4162,0.4167,19377224.21
1654056000,0.4167,0.4218,0.4129,0.413,13308810.22
1654070400,0.413,0.4182,0.4126,0.4158,11434182.93
1654084800,0.4158,0.4213,0.407,0.407,15168556.87
1654099200,0.407,0.4075,0.3992,0.402,11744398.05
1654113600,0.402,0.402,0.3888,0.3977,12020639.71
1654128000,0.3977,0.3992,0.3928,0.3935,19270544.72
1654142400,0.3935,0.3993,0.3902,0.3932,17561657.560000002
1654156800,0.3932,0.3996,0.3925,0.3993,8932376.870000001
1654171200,0.3993,0.4009,0.3918,0.4,7214503.029999999
1654185600,0.4,0.4004,0.3949,0.3977,12264484.68
1654200000,0.3977,0.4067,0.3976,0.4049,5322430.69
1654214400,0.4049,0.4099,0.4036,0.4083,9777236.0
1654228800,0.4083,0.4089,0.403,0.4032,11016988.03
1654243200,0.4032,0.4037,0.3908,0.3928,17982327.67
1654257600,0.3928,0.3944,0.3851,0.3871,23286784.39
1654272000,0.3871,0.3872,0.3832,0.386,19455027.27
1654286400,0.386,0.3932,0.3853,0.3898,3996119.53
1654300800,0.3898,0.3907,0.3843,0.386,3906791.72
1654315200,0.386,0.3914,0.386,0.3909,3978152.21
1654329600,0.3909,0.3921,0.3888,0.3893,4708784.390000001
1654344000,0.3893,0.3926,0.3866,0.3908,4085954.18
1654358400,0.3908,0.3913,0.3884,0.3899,2726806.09
1654372800,0.3899,0.3937,0.3892,0.3921,2885605.81
1654387200,0.3921,0.3942,0.3893,0.3912,3432463.84
1654401600,0.3912,0.3921,0.3904,0.3909,1889715.48
1654416000,0.3909,0.3966,0.3908,0.3937,6544351.87
1654430400,0.3937,0.3955,0.3906,0.3951,5718353.26
1654444800,0.3951,0.399,0.3938,0.3988,2816540.08
1654459200,0.3988,0.3993,0.3947,0.3951,3140687.11
1654473600,0.3951,0.4034,0.3939,0.403,18437635.14
1654488000,0.403,0.4042,0.3993,0.4024,9375273.58
1654502400,0.4024,0.4089,0.4024,0.4039,14401969.15
1654516800,0.4039,0.4057,0.3984,0.4013,10927494.48
1654531200,0.4013,0.4013,0.3951,0.3996,8750835.73
1654545600,0.3996,0.4037,0.3967,0.4025,3876082.66
1654560000,0.4025,0.4026,0.3839,0.3883,20073770.72
1654574400,0.3883,0.3925,0.3879,0.3898,9324846.44
1654588800,0.3898,0.3925,0.3872,0.389,10585053.66
1654603200,0.389,0.3951,0.3876,0.3945,13126317.47
1654617600,0.3945,0.4153,0.3926,0.4139,9527425.83
1654632000,0.4139,0.4167,0.4014,0.4074,13190864.2
1654646400,0.4074,0.4099,0.3957,0.3968,22616535.630000003
1654660800,0.3968,0.4012,0.3947,0.3981,10274852.09
1654675200,0.3981,0.4012,0.3973,0.3985,9665452.61
1654689600,0.3985,0.4035,0.3952,0.4022,9442477.63
1654704000,0.4022,0.4032,0.3966,0.3999,6486008.81
1654718400,0.3999,0.4029,0.3994,0.4001,3950381.81
1654732800,0.4001,0.4014,0.3968,0.4009,12923665.06
1654747200,0.4009,0.4026,0.3997,0.4012,6601515.050000001
1654761600,0.4012,0.4035,0.4,0.4007,11614905.12
1654776000,0.4007,0.4013,0.3964,0.4003,8983312.95
1654790400,0.4003,0.4022,0.3985,0.3987,6754971.26
1654804800,0.3987,0.4011,0.3978,0.3997,4304062.42
1654819200,0.3997,0.4028,0.3933,0.4027,12805013.9
1654833600,0.4027,0.4112,0.4021,0.4047,14381209.11
1654848000,0.4047,0.4078,0.3986,0.4003,15748756.71
1654862400,0.4003,0.401,0.3863,0.3868,27821971.79
1654876800,0.3868,0.3871,0.3761,0.3809,19749882.24
1654891200,0.3809,0.3855,0.3799,0.3811,5243211.67
1654905600,0.3811,0.3849,0.3807,0.3845,3103074.85
1654920000,0.3845,0.3881,0.3839,0.3876,2788121.69
1654934400,0.3876,0.388,0.373,0.3756,8644875.57
1654948800,0.3756,0.3772,0.3564,0.3601,9600202.49
1654963200,0.3601,0.3685,0.3577,0.3661,6582967.42
1654977600,0.3661,0.3666,0.3555,0.3592,9672442.75
1654992000,0.3592,0.3617,0.3396,0.3445,21494274.48
1655006400,0.3445,0.3483,0.34,0.348,13739636.15
1655020800,0.348,0.3535,0.3448,0.3492,6323986.8
1655035200,0.3492,0.3649,0.3394,0.3599,11951667.579999998
1655049600,0.3599,0.3626,0.3522,0.3523,4306749.43
1655064000,0.3523,0.3586,0.3425,0.343,6277026.27
1655078400,0.343,0.35,0.3238,0.3308,28133186.12
1655092800,0.3308,0.3373,0.3131,0.3193,22907535.0
1655107200,0.3193,0.3239,0.3034,0.3093,24123160.29
1655121600,0.3093,0.3173,0.3009,0.3133,20998255.16
1655136000,0.3133,0.3221,0.3114,0.319,11861189.58
1655150400,0.319,0.3285,0.3046,0.3112,11516772.3
1655164800,0.3112,0.3154,0.2934,0.3136,22886261.72
1655179200,0.3136,0.3262,0.3089,0.3195,17922366.52
1655193600,0.3195,0.3198,0.3081,0.3108,13657511.62
1655208000,0.3108,0.3217,0.3085,0.3213,17098054.03
1655222400,0.3213,0.3222,0.3144,0.3191,8975319.48
1655236800,0.3191,0.3222,0.3098,0.3214,6665325.95
1655251200,0.3214,0.3235,0.3118,0.3127,15092479.73
1655265600,0.3127,0.3128,0.2998,0.3039,13312542.85
1655280000,0.3039,0.3109,0.2994,0.3089,16672298.06
1655294400,0.3089,0.3156,0.3071,0.3111,15460575.7
1655308800,0.3111,0.3307,0.299,0.3234,17708421.23
1655323200,0.3234,0.3461,0.3211,0.3433,9395423.09
1655337600,0.3433,0.347,0.3342,0.3344,21599978.07
1655352000,0.3344,0.3376,0.323,0.3238,11433923.1
1655366400,0.3238,0.3271,0.3123,0.3144,12836863.75
1655380800,0.3144,0.3211,0.3097,0.316,13324352.0
1655395200,0.316,0.3192,0.3125,0.314,11085817.75
1655409600,0.314,0.3217,0.307,0.3126,7045853.98
1655424000,0.3126,0.3298,0.3103,0.3231,16602010.96
1655438400,0.3231,0.3377,0.3224,0.3355,12256025.72
1655452800,0.3355,0.339,0.3242,0.3247,23761754.59
1655467200,0.3247,0.3272,0.3186,0.3206,20043491.32
1655481600,0.3206,0.3225,0.3156,0.317,16024028.95
1655496000,0.317,0.323,0.3168,0.3207,9044661.66
1655510400,0.3207,0.3258,0.3161,0.3194,4013220.76
1655524800,0.3194,0.3209,0.3045,0.3083,7343271.76
1655539200,0.3083,0.3096,0.3004,0.3052,8762977.56
1655553600,0.3052,0.3089,0.3038,0.305,5562351.07
1655568000,0.305,0.3081,0.2943,0.295,8439838.44
1655582400,0.295,0.3135,0.2868,0.3072,12156679.52
1655596800,0.3072,0.3106,0.2999,0.3002,6540208.76
1655611200,0.3002,0.3067,0.2979,0.3026,4376504.65
1655625600,0.3026,0.3172,0.3018,0.3126,7642163.83
1655640000,0.3126,0.318,0.3103,0.3175,4799301.32
1655654400,0.3175,0.3227,0.314,0.3203,7084094.67
1655668800,0.3203,0.3321,0.3202,0.326,6717450.890000001
1655683200,0.326,0.3276,0.3153,0.3175,19099540.02
1655697600,0.3175,0.3187,0.313,0.3169,9915127.48
1655712000,0.3169,0.3282,0.3163,0.3265,15062816.16
1655726400,0.3265,0.3276,0.3193,0.3251,6815536.25
1655740800,0.3251,0.3257,0.3155,0.3182,11784084.01
1655755200,0.3182,0.3248,0.317,0.3222,4491141.24
1655769600,0.3222,0.3261,0.3182,0.3234,13316366.56
1655784000,0.3234,0.3292,0.3212,0.3259,12610450.09
1655798400,0.3259,0.3315,0.3246,0.3261,18351486.78
1655812800,0.3261,0.3368,0.3252,0.3322,15727212.26
1655827200,0.3322,0.3347,0.3272,0.3275,5913429.04
1655841600,0.3275,0.3319,0.3262,0.3287,3952421.33
1655856000,0.3287,0.3291,0.3209,0.3212,15708737.09
1655870400,0.3212,0.3252,0.3187,0.319,6342231.859999999
1655884800,0.319,0.3241,0.3184,0.3228,9209294.81
1655899200,0.3228,0.3271,0.3191,0.3214,9407672.2
1655913600,0.3214,0.3237,0.319,0.3234,8594547.0
1655928000,0.3234,0.3256,0.3194,0.3219,3924806.95
1655942400,0.3219,0.3292,0.321,0.3233,12361003.95
1655956800,0.3233,0.329,0.323,0.3256,7476818.21
1655971200,0.3256,0.3288,0.3254,0.3275,8400184.19
1655985600,0.3275,0.3298,0.3238,0.3244,8860056.06
1656000000,0.3244,0.3327,0.3235,0.3325,7769350.77
1656014400,0.3325,0.3363,0.3306,0.3351,3894376.22
1656028800,0.3351,0.3763,0.3351,0.3672,30374705.35
1656043200,0.3672,0.3751,0.3633,0.3712,21643464.99
1656057600,0.3712,0.3868,0.3682,0.3716,26660698.69
1656072000,0.3716,0.3749,0.36,0.3605,26772635.4
1656086400,0.3605,0.3629,0.3519,0.3627,22110796.63
1656100800,0.3627,0.371,0.3613,0.3669,6029312.21
1656115200,0.3669,0.3736,0.3625,0.3686,5068507.11
1656129600,0.3686,0.3721,0.3663,0.3714,3244961.68
1656144000,0.3714,0.3718,0.3667,0.3673,4323274.85
1656158400,0.3673,0.3684,0.354,0.3543,5682297.63
1656172800,0.3543,0.3616,0.3541,0.3603,3419522.35
1656187200,0.3603,0.3689,0.3597,0.3673,2629620.0
1656201600,0.3673,0.3693,0.3627,0.3656,3575089.67
1656216000,0.3656,0.3706,0.3638,0.3674,2675358.54
1656230400,0.3674,0.3723,0.3636,0.3714,7296611.720000001
1656244800,0.3714,0.3746,0.3597,0.3656,6080632.35
1656259200,0.3656,0.3674,0.3599,0.3644,3343083.5
1656273600,0.3644,0.3685,0.3575,0.3588,4703450.28
1656288000,0.3588,0.3666,0.3585,0.3641,21971730.23
1656302400,0.3641,0.3648,0.359,0.3618,17646393.1
1656316800,0.3618,0.3651,0.3615,0.362,11669496.21
1656331200,0.362,0.3632,0.3479,0.3529,12320605.85
1656345600,0.3529,0.3569,0.3494,0.3522,5595569.66
1656360000,0.3522,0.3591,0.3508,0.353,4415673.33
1656374400,0.353,0.3554,0.3401,0.3436,26259518.07
1656388800,0.3436,0.3503,0.3427,0.3492,7981853.67
1656403200,0.3492,0.3536,0.3457,0.3477,15811004.35
1656417600,0.3477,0.3514,0.3403,0.3409,15590934.01
1656432000,0.3409,0.3432,0.3377,0.3424,10395157.81
1656446400,0.3424,0.3433,0.3351,0.3369,5674582.6
1656460800,0.3369,0.3409,0.3333,0.3357,19311598.45
1656475200,0.3357,0.3366,0.3265,0.3309,13483768.38
1656489600,0.3309,0.3322,0.3246,0.3268,14644337.07
1656504000,0.3268,0.3282,0.3198,0.3254,16457647.97
1656518400,0.3254,0.3322,0.3223,0.3321,7454586.06
1656532800,0.3321,0.3337,0.3268,0.3289,6300707.72
1656547200,0.3289,0.3301,0.3215,0.3251,18530775.36
1656561600,0.3251,0.3267,0.315,0.3176,12794716.95
1656576000,0.3176,0.3177,0.3058,0.3096,21242956.35
1656590400,0.3096,0.3145,0.3058,0.3122,14029127.23
1656604800,0.3122,0.3316,0.3114,0.3252,10453074.95
1656619200,0.3252,0.3329,0.3157,0.3321,11263850.84
1656633600,0.3321,0.3353,0.3213,0.3214,20939382.19
1656648000,0.3214,0.3217,0.3088,0.3179,23049787.130000003
1656662400,0.3179,0.321,0.3109,0.3128,19965563.22
1656676800,0.3128,0.3161,0.3105,0.3112,25340198.57
1656691200,0.3112,0.3142,0.3104,0.3142,18081399.29
1656705600,0.3142,0.3189,0.3119,0.3131,6388682.63
1656720000,0.3131,0.3151,0.3091,0.3105,4912436.08
1656734400,0.3105,0.3137,0.3105,0.3118,2250761.23
1656748800,0.3118,0.3126,0.3092,0.3114,4882266.29
1656763200,0.3114,0.3153,0.3108,0.3127,3539082.46
1656777600,0.3127,0.3169,0.3118,0.3152,3590650.21
1656792000,0.3152,0.3175,0.3139,0.3151,3556039.97
1656806400,0.3151,0.3155,0.3123,0.315,2455063.72
1656820800,0.315,0.3161,0.3082,0.3122,3773743.05
1656835200,0.3122,0.3126,0.3104,0.3116,8579071.62
1656849600,0.3116,0.3126,0.3091,0.3121,3096595.71
1656864000,0.3121,0.3241,0.3121,0.3231,3693136.26
1656878400,0.3231,0.3253,0.3184,0.321,5962423.0600000005
1656892800,0.321,0.3241,0.3154,0.3171,19686130.44
1656907200,0.3171,0.3199,0.3142,0.3166,13472925.61
1656921600,0.3166,0.3233,0.3144,0.3223,14092321.25
1656936000,0.3223,0.3268,0.3193,0.323,8650403.16
1656950400,0.323,0.3256,0.3209,0.3238,5680975.6
1656964800,0.3238,0.3291,0.3217,0.3281,4616221.35
1656979200,0.3281,0.3304,0.3243,0.3258,17609091.33
1656993600,0.3258,0.3289,0.3247,0.3258,9333887.31
1657008000,0.3258,0.3258,0.3162,0.3168,9407444.17
1657022400,0.3168,0.3173,0.3127,0.3157,15245113.55
1657036800,0.3157,0.3264,0.3152,0.3244,11657641.43
1657051200,0.3244,0.3271,0.3229,0.3249,6034147.449999999
1657065600,0.3249,0.3266,0.3194,0.3215,10812763.01
1657080000,0.3215,0.3255,0.3204,0.321,18645497.62
1657094400,0.321,0.3263,0.3205,0.3222,13215814.82
1657108800,0.3222,0.3238,0.32,0.3225,19464111.62
1657123200,0.3225,0.3279,0.3218,0.327,7252854.479999999
1657137600,0.327,0.3335,0.3263,0.3319,5522777.82
1657152000,0.3319,0.3345,0.3262,0.3287,20784718.36
1657166400,0.3287,0.3316,0.3283,0.3316,4523786.3
1657180800,0.3316,0.3322,0.3276,0.3289,11476786.06
1657195200,0.3289,0.3353,0.3283,0.3335,13280141.69
1657209600,0.3335,0.3416,0.3335,0.3413,15069365.71
1657224000,0.3413,0.3452,0.339,0.342,5329192.0
1657238400,0.342,0.358,0.3418,0.3546,16935182.14
1657252800,0.3546,0.3558,0.3479,0.3539,9823834.84
1657267200,0.3539,0.3562,0.3385,0.3405,24656191.56
1657281600,0.3405,0.3453,0.3357,0.3419,25161164.02
1657296000,0.3419,0.3447,0.3353,0.3441,21183116.72
1657310400,0.3441,0.347,0.339,0.3398,4806773.66
1657324800,0.3398,0.3441,0.3391,0.3427,4697673.18
1657339200,0.3427,0.3448,0.3411,0.3443,4432048.96
1657353600,0.3443,0.3455,0.3395,0.3411,4344907.15
1657368000,0.3411,0.3446,0.3406,0.344,2278572.3600000003
1657382400,0.344,0.3474,0.3431,0.3464,3511831.52
1657396800,0.3464,0.347,0.3437,0.3447,2018104.18
1657411200,0.3447,0.3448,0.3356,0.337,4784277.11
1657425600,0.337,0.3405,0.3357,0.3403,2060714.55
1657440000,0.3403,0.3408,0.3352,0.3375,3862775.52
1657454400,0.3375,0.3385,0.3162,0.3244,35358547.09
1657468800,0.3244,0.3278,0.3206,0.3278,5736816.18
1657483200,0.3278,0.3301,0.3221,0.3251,6589918.67
1657497600,0.3251,0.3286,0.3228,0.3249,18399554.64
1657512000,0.3249,0.3287,0.3171,0.3264,23251631.52
1657526400,0.3264,0.3282,0.3217,0.3253,11827934.57
1657540800,0.3253,0.3283,0.3208,0.323,12205814.79
1657555200,0.323,0.326,0.3221,0.3231,6410351.22
1657569600,0.3231,0.3241,0.3108,0.3148,9028115.76
1657584000,0.3148,0.3167,0.3121,0.3132,17305110.26
1657598400,0.3132,0.3177,0.3073,0.3106,10147897.26
1657612800,0.3106,0.3132,0.308,0.3114,12705757.51
1657627200,0.3114,0.3138,0.3095,0.3132,13049830.76
1657641600,0.3132,0.315,0.3075,0.309,11328282.93
1657656000,0.309,0.3124,0.3088,0.3112,6350772.5
1657670400,0.3112,0.3138,0.3067,0.3111,19586110.11
1657684800,0.3111,0.3205,0.311,0.3205,8725040.76
1657699200,0.3205,0.3209,0.3142,0.3168,15613404.64
1657713600,0.3168,0.3212,0.3027,0.3113,28794091.5
1657728000,0.3113,0.3184,0.31,0.3174,12880861.57
1657742400,0.3174,0.3253,0.3156,0.3235,8036795.300000001
1657756800,0.3235,0.3247,0.3189,0.3213,12444764.739999998
1657771200,0.3213,0.323,0.3179,0.3181,6834515.34
1657785600,0.3181,0.3193,0.3127,0.3137,15362991.37
1657800000,0.3137,0.3208,0.3123,0.3206,18825982.8
1657814400,0.3206,0.3297,0.3186,0.3269,14609446.09
1657828800,0.3269,0.3336,0.3259,0.3335,8416832.01
1657843200,0.3335,0.3484,0.3317,0.3442,18994485.75
1657857600,0.3442,0.3463,0.3353,0.3385,14796575.32
1657872000,0.3385,0.3435,0.3338,0.3346,17093597.11
1657886400,0.3346,0.3375,0.3288,0.3292,26145139.7
1657900800,0.3292,0.3346,0.3272,0.3345,18254663.23
1657915200,0.3345,0.3382,0.3313,0.3339,5076478.57
1657929600,0.3339,0.3369,0.3314,0.3359,3094831.11
1657944000,0.3359,0.3378,0.3321,0.3333,3903033.5
1657958400,0.3333,0.3419,0.333,0.339,10727816.34
1657972800,0.339,0.3444,0.339,0.3437,6040923.04
1657987200,0.3437,0.356,0.3436,0.3509,18131752.52
1658001600,0.3509,0.3539,0.3479,0.3505,6624525.0600000005
1658016000,0.3505,0.3543,0.3475,0.3529,6425399.6
1658030400,0.3529,0.3611,0.3526,0.3552,10613361.07
1658044800,0.3552,0.3566,0.3486,0.3518,5507398.4
1658059200,0.3518,0.3531,0.346,0.3488,6776411.39
1658073600,0.3488,0.3544,0.3412,0.3488,7366693.609999999
1658088000,0.3488,0.3511,0.3421,0.3431,3844514.3
1658102400,0.3431,0.3593,0.3429,0.3557,21607327.72
1658116800,0.3557,0.3672,0.3533,0.3641,19271344.29
1658131200,0.3641,0.3697,0.3613,0.364,13599260.36
1658145600,0.364,0.3683,0.3593,0.3672,11682197.61
1658160000,0.3672,0.3678,0.3525,0.356,8799638.32
1658174400,0.356,0.3671,0.3547,0.3653,4195346.8
1658188800,0.3653,0.3692,0.3544,0.3544,24182157.14
1658203200,0.3544,0.36,0.3515,0.3532,13481509.25
1658217600,0.3532,0.3621,0.3525,0.3597,9281540.36
1658232000,0.3597,0.366,0.3586,0.364,16512255.11
1658246400,0.364,0.3732,0.3634,0.3698,12244140.02
1658260800,0.3698,0.3767,0.3686,0.3731,7345452.57
1658275200,0.3731,0.38,0.3678,0.3769,16482327.750000002
1658289600,0.3769,0.3817,0.3729,0.3731,13291390.41
1658304000,0.3731,0.3776,0.3685,0.3733,13155016.58
1658318400,0.3733,0.3774,0.3711,0.3767,16708673.15
1658332800,0.3767,0.3781,0.3638,0.3694,10988087.71
1658347200,0.3694,0.3706,0.3576,0.3632,10315150.16
1658361600,0.3632,0.3669,0.3523,0.3557,15183399.32
1658376000,0.3557,0.3592,0.3526,0.3554,8273807.44
1658390400,0.3554,0.3593,0.3507,0.3526,12115904.49
1658404800,0.3526,0.3563,0.3487,0.353,14537300.68
1658419200,0.353,0.3656,0.3526,0.3655,9550308.39
1658433600,0.3655,0.3684,0.3631,0.3668,5896889.55
1658448000,0.3668,0.3695,0.3617,0.3633,11812999.21
1658462400,0.3633,0.3672,0.3598,0.3625,12797454.13
1658476800,0.3625,0.3697,0.3613,0.3692,11657024.35
1658491200,0.3692,0.3714,0.3595,0.3605,16783359.98
1658505600,0.3605,0.3626,0.3547,0.3557,12759784.77
1658520000,0.3557,0.3602,0.3542,0.358,4688984.46
1658534400,0.358,0.3604,0.3558,0.3585,3287077.58
1658548800,0.3585,0.3626,0.3585,0.3596,2417728.09
1658563200,0.3596,0.3622,0.3511,0.3516,4442763.6
1658577600,0.3516,0.3553,0.3503,0.3548,3508702.74
1658592000,0.3548,0.356,0.3498,0.3539,4045922.99
1658606400,0.3539,0.3603,0.3535,0.3593,2774021.38
1658620800,0.3593,0.3637,0.3561,0.3566,3571296.7
1658635200,0.3566,0.3637,0.3562,0.3614,3874889.23
1658649600,0.3614,0.3663,0.3595,0.3634,3371419.3600000003
1658664000,0.3634,0.3668,0.3588,0.3659,4340345.38
1658678400,0.3659,0.3661,0.3607,0.3613,3540533.24
1658692800,0.3613,0.3652,0.3576,0.3586,4608876.25
1658707200,0.3586,0.3601,0.3447,0.3457,22324902.81
1658721600,0.3457,0.3472,0.3419,0.3449,18956447.79
1658736000,0.3449,0.3487,0.3438,0.3465,5360347.38
1658750400,0.3465,0.347,0.3414,0.3451,10304283.16
1658764800,0.3451,0.3496,0.3388,0.3428,7804798.699999999
1658779200,0.3428,0.3475,0.3351,0.3359,5637123.93
1658793600,0.3359,0.3372,0.3298,0.334,20267448.68
1658808000,0.334,0.3363,0.3282,0.329,14254072.18
1658822400,0.329,0.3334,0.3276,0.3314,8989475.16
1658836800,0.3314,0.3329,0.3257,0.3263,12404919.73
1658851200,0.3263,0.3307,0.3261,0.3301,7432253.92
1658865600,0.3301,0.3385,0.3283,0.3375,5485549.33
1658880000,0.3375,0.3394,0.3303,0.3305,14653482.0
1658894400,0.3305,0.3373,0.3305,0.3365,12506887.0
1658908800,0.3365,0.3379,0.3338,0.3343,7012770.37
1658923200,0.3343,0.3402,0.3338,0.3381,10648000.41
1658937600,0.3381,0.3566,0.3343,0.3533,20439290.05
1658952000,0.3533,0.3597,0.3525,0.3595,6278366.44
1658966400,0.3595,0.3619,0.3549,0.3588,15863756.63
1658980800,0.3588,0.3597,0.3518,0.3521,15041293.95
1658995200,0.3521,0.3574,0.3518,0.3571,11202862.13
1659009600,0.3571,0.3678,0.3493,0.3645,17303159.35
1659024000,0.3645,0.3742,0.3641,0.3729,11825905.42
1659038400,0.3729,0.3792,0.3697,0.3739,10645452.63
1659052800,0.3739,0.3765,0.3676,0.3761,11959652.03
1659067200,0.3761,0.3798,0.3692,0.3716,13905647.1
1659081600,0.3716,0.3767,0.3663,0.3675,17769510.72
1659096000,0.3675,0.3729,0.3629,0.3684,29937892.18
1659110400,0.3684,0.3686,0.3596,0.3665,18041631.47
1659124800,0.3665,0.3736,0.3657,0.368,5119836.04
1659139200,0.368,0.3716,0.365,0.367,4352460.66
1659153600,0.367,0.3703,0.3633,0.3697,2520687.48
1659168000,0.3697,0.3731,0.3667,0.3715,4132511.96
1659182400,0.3715,0.4054,0.3708,0.4014,24570649.29
1659196800,0.4014,0.4098,0.3922,0.3931,10469843.02
1659211200,0.3931,0.3959,0.3849,0.3878,9118610.63
1659225600,0.3878,0.3936,0.3866,0.3888,5045050.68
1659240000,0.3888,0.3936,0.3866,0.392,2916465.58
1659254400,0.392,0.3972,0.3825,0.3909,6557399.880000001
1659268800,0.3909,0.3924,0.3868,0.3906,4364785.46
1659283200,0.3906,0.3988,0.3851,0.3934,7601016.77
1659297600,0.3934,0.3947,0.3784,0.3793,6219372.890000001
1659312000,0.3793,0.3858,0.3785,0.3813,21265587.01
1659326400,0.3813,0.3837,0.3771,0.3806,14318555.21
1659340800,0.3806,0.3815,0.3733,0.378,14655017.47
1659355200,0.378,0.3805,0.3713,0.3796,13058230.3
1659369600,0.3796,0.3796,0.3712,0.3755,7627687.53
1659384000,0.3755,0.3806,0.3748,0.3794,3512782.05
1659398400,0.3794,0.3938,0.3667,0.3706,24765227.51
1659412800,0.3706,0.3732,0.368,0.3705,12333766.66
1659427200,0.3705,0.3725,0.3674,0.3712,9679965.17
1659441600,0.3712,0.3735,0.3671,0.3729,14701773.84
1659456000,0.3729,0.3789,0.3709,0.3726,10835284.29
1659470400,0.3726,0.3758,0.3705,0.3712,4678182.69
1659484800,0.3712,0.3719,0.3629,0.3678,18645574.58
1659499200,0.3678,0.3716,0.3653,0.3691,11407652.77
1659513600,0.3691,0.3743,0.3691,0.373,10917769.37
1659528000,0.373,0.3762,0.3706,0.3721,12901704.05
1659542400,0.3721,0.3774,0.3716,0.376,8554901.17
1659556800,0.376,0.3764,0.3675,0.3697,1117470.88
1659571200,0.3697,0.374,0.3697,0.3709,9387757.85
1659585600,0.3709,0.3747,0.3692,0.3713,1729668.66
1659600000,0.3713,0.3717,0.3678,0.3697,8174274.529999999
1659614400,0.3697,0.3718,0.3648,0.3682,13258293.76
1659628800,0.3682,0.3698,0.3643,0.3672,7548974.79
1659643200,0.3672,0.3717,0.3672,0.3711,4707077.55
1659657600,0.3711,0.3757,0.37,0.3757,11634851.97
1659672000,0.3757,0.3781,0.3739,0.3741,7258864.91
1659686400,0.3741,0.3773,0.3718,0.3772,15995610.09
1659700800,0.3772,0.3781,0.3695,0.37,28175730.4
1659715200,0.37,0.3706,0.3671,0.3698,16905429.68
1659729600,0.3698,0.3768,0.3692,0.3764,3873084.37
1659744000,0.3764,0.378,0.3736,0.3741,2702889.95
1659758400,0.3741,0.3752,0.3735,0.3751,1472183.65
1659772800,0.3751,0.3759,0.374,0.3743,1961203.36
1659787200,0.3743,0.3756,0.3738,0.3748,2362063.02
1659801600,0.3748,0.3757,0.3715,0.3741,2715550.37
1659816000,0.3741,0.3748,0.3705,0.3714,1996794.5
1659830400,0.3714,0.3725,0.3683,0.3714,2572262.28
1659844800,0.3714,0.3722,0.3706,0.3718,1943588.81
1659859200,0.3718,0.3722,0.3708,0.3721,2162306.47
1659873600,0.3721,0.3754,0.372,0.3729,4524168.07
1659888000,0.3729,0.3754,0.372,0.3743,3787022.17
1659902400,0.3743,0.377,0.3713,0.3723,3162449.29
1659916800,0.3723,0.3743,0.3714,0.3731,14538863.5
1659931200,0.3731,0.3798,0.373,0.3767,14478471.77
1659945600,0.3767,0.3834,0.3765,0.3821,14953795.1
1659960000,0.3821,0.3845,0.3776,0.3793,10834991.04
1659974400,0.3793,0.3813,0.3771,0.3805,6423107.78
1659988800,0.3805,0.3832,0.3732,0.3788,5131329.59
1660003200,0.3788,0.38,0.3744,0.3769,12824017.61
1660017600,0.3769,0.3782,0.3749,0.3777,9755291.89
1660032000,0.3777,0.3779,0.368,0.3689,6457824.84
1660046400,0.3689,0.3705,0.3609,0.3637,16460505.62
1660060800,0.3637,0.3662,0.3626,0.366,6510144.859999999
1660075200,0.366,0.3697,0.3659,0.3675,5144959.69
1660089600,0.3675,0.3676,0.3584,0.3613,17390254.52
1660104000,0.3613,0.364,0.3589,0.363,8110608.92
1660118400,0.363,0.365,0.3621,0.3648,7687125.84
1660132800,0.3648,0.3793,0.3642,0.3771,19498183.76
1660147200,0.3771,0.379,0.3735,0.3758,7093254.14
1660161600,0.3758,0.3815,0.3758,0.3815,5168570.52
1660176000,0.3815,0.3858,0.3792,0.3813,19195214.89
1660190400,0.3813,0.3842,0.3786,0.3801,9982904.36
1660204800,0.3801,0.3814,0.3787,0.3805,8704007.5
1660219200,0.3805,0.385,0.3776,0.3787,12826816.72
1660233600,0.3787,0.3812,0.3771,0.3808,5152652.45
1660248000,0.3808,0.3821,0.3785,0.3803,3133737.94
1660262400,0.3803,0.3805,0.3746,0.3782,12278731.47
1660276800,0.3782,0.3787,0.375,0.3755,11685356.44
1660291200,0.3755,0.3789,0.3701,0.3714,13400638.2
1660305600,0.3714,0.3737,0.3711,0.3737,23077832.12
1660320000,0.3737,0.3772,0.3718,0.3771,15720515.88
1660334400,0.3771,0.3803,0.3755,0.3798,2550449.5700000003
1660348800,0.3798,0.3832,0.3785,0.3819,4011799.99
1660363200,0.3819,0.3874,0.3797,0.3813,3612456.19
1660377600,0.3813,0.3821,0.3775,0.3799,3102943.99
1660392000,0.3799,0.3818,0.3769,0.3809,1601846.62
1660406400,0.3809,0.3817,0.3777,0.3777,1820460.47
1660420800,0.3777,0.3795,0.3765,0.378,1319297.41
1660435200,0.378,0.389,0.3769,0.3842,3430090.18
1660449600,0.3842,0.3882,0.3825,0.3867,2472687.54
1660464000,0.3867,0.392,0.3851,0.3851,4960163.22
1660478400,0.3851,0.3861,0.3796,0.3827,4245013.41
1660492800,0.3827,0.383,0.374,0.3789,5463061.220000001
1660507200,0.3789,0.3806,0.3739,0.3756,3181043.72
1660521600,0.3756,0.3848,0.3743,0.3816,19143546.32
1660536000,0.3816,0.383,0.3689,0.3698,11154610.06
1660550400,0.3698,0.3717,0.366,0.3684,10890814.98
1660564800,0.3684,0.3726,0.3665,0.3725,11258017.67
1660579200,0.3725,0.3744,0.3702,0.3724,6288553.3100000005
1660593600,0.3724,0.3769,0.3709,0.3751,2987198.59
1660608000,0.3751,0.3771,0.3668,0.3715,19722164.27
1660622400,0.3715,0.3732,0.3689,0.3727,12624014.43
1660636800,0.3727,0.3777,0.3714,0.3766,10615367.43
1660651200,0.3766,0.3776,0.3711,0.3731,12964479.48
1660665600,0.3731,0.3763,0.3709,0.3749,11751773.66
1660680000,0.3749,0.3783,0.3739,0.377,4376189.43
1660694400,0.377,0.3921,0.377,0.387,19834333.77
1660708800,0.387,0.3915,0.377,0.3773,16570266.8
1660723200,0.3773,0.3791,0.3755,0.3771,12235101.35
1660737600,0.3771,0.3776,0.368,0.3728,14073200.57
1660752000,0.3728,0.378,0.3721,0.3777,12535571.41
1660766400,0.3777,0.3828,0.3746,0.3794,8353804.390000001
1660780800,0.3794,0.3813,0.3724,0.3735,19167328.27
1660795200,0.3735,0.3761,0.3718,0.3747,16091424.41
1660809600,0.3747,0.3787,0.3735,0.3787,12280663.52
1660824000,0.3787,0.3797,0.3745,0.3762,13658191.52
1660838400,0.3762,0.3789,0.3729,0.3778,8794716.52
1660852800,0.3778,0.3796,0.3692,0.3703,6368166.23
1660867200,0.3703,0.3705,0.3596,0.3608,15412452.07
1660881600,0.3608,0.3637,0.3423,0.3453,17210214.810000002
1660896000,0.3453,0.3453,0.3336,0.3386,26488767.42
1660910400,0.3386,0.3393,0.3341,0.3357,30695708.69
1660924800,0.3357,0.3418,0.3352,0.3413,16002090.43
1660939200,0.3413,0.3422,0.3315,0.3345,5078133.49
1660953600,0.3345,0.3409,0.3345,0.3401,4771687.67
1660968000,0.3401,0.3425,0.3386,0.3416,3944597.23
1660982400,0.3416,0.3427,0.3392,0.3417,2632584.34
1660996800,0.3417,0.3423,0.3394,0.3412,3675545.51
1661011200,0.3412,0.3422,0.3329,0.3358,4495464.01
1661025600,0.3358,0.3392,0.3322,0.3369,4824598.029999999
1661040000,0.3369,0.34,0.3357,0.3368,2804295.52
1661054400,0.3368,0.3439,0.3364,0.3438,9763698.89
1661068800,0.3438,0.3473,0.3414,0.345,4718016.41
1661083200,0.345,0.3455,0.3421,0.3429,2684238.7800000003
1661097600,0.3429,0.3462,0.3422,0.3441,5153891.34
1661112000,0.3441,0.3485,0.3426,0.3447,3610011.0
1661126400,0.3447,0.345,0.3365,0.3367,24230094.75
1661140800,0.3367,0.3414,0.3354,0.3355,8005777.57
1661155200,0.3355,0.3363,0.3314,0.3355,16643265.86
1661169600,0.3355,0.3383,0.3331,0.3373,13362147.38
1661184000,0.3373,0.3382,0.3328,0.3346,12102856.95
1661198400,0.3346,0.38,0.3346,0.3439,4964853.16
1661212800,0.3439,0.3445,0.3384,0.3386,19812605.56
1661227200,0.3386,0.3397,0.3325,0.3373,15733820.89
1661241600,0.3373,0.341,0.3373,0.3409,8523711.22
1661256000,0.3409,0.3446,0.3389,0.3424,13124502.99
1661270400,0.3424,0.3463,0.34,0.3448,9610938.46
1661284800,0.3448,0.3478,0.3441,0.347,5314576.12
1661299200,0.347,0.3475,0.3388,0.3395,14769782.88
1661313600,0.3395,0.3445,0.3389,0.3405,9793206.8
1661328000,0.3405,0.3437,0.3405,0.3435,9452340.24
1661342400,0.3435,0.3463,0.3421,0.3455,13883003.14
1661356800,0.3455,0.3514,0.3447,0.3496,11349429.19
1661371200,0.3496,0.3524,0.3451,0.3455,7620761.07
1661385600,0.3455,0.3502,0.3433,0.3453,20271070.63
1661400000,0.3453,0.3507,0.3451,0.3467,12673961.1
1661414400,0.3467,0.349,0.345,0.3485,11765593.53
1661428800,0.3485,0.3497,0.3436,0.3451,11735090.82
1661443200,0.3451,0.3491,0.3439,0.3487,9543383.17
1661457600,0.3487,0.3518,0.3475,0.3494,5514014.57
1661472000,0.3494,0.3494,0.3457,0.3474,9554066.69
1661486400,0.3474,0.3506,0.3461,0.3493,8410769.75
1661500800,0.3493,0.371,0.3492,0.3533,28670233.46
1661515200,0.3533,0.3596,0.3392,0.3402,39742234.19
1661529600,0.3402,0.3406,0.3326,0.3401,15140364.27
1661544000,0.3401,0.3431,0.3333,0.339,6732371.53
1661558400,0.339,0.3445,0.3326,0.3367,10036754.85
1661572800,0.3367,0.3367,0.3284,0.3361,6712321.53
1661587200,0.3361,0.3377,0.3338,0.3371,2779087.64
1661601600,0.3371,0.3372,0.3309,0.3345,3776103.56
1661616000,0.3345,0.3366,0.3323,0.3352,2846594.85
1661630400,0.3352,0.3366,0.3328,0.3347,2242411.91
1661644800,0.3347,0.3361,0.3326,0.3344,2912968.42
1661659200,0.3344,0.3348,0.3318,0.3343,2522443.0900000003
1661673600,0.3343,0.3356,0.3331,0.3353,2017655.89
1661688000,0.3353,0.3359,0.3329,0.334,3992155.44
1661702400,0.334,0.3372,0.3339,0.3347,2141804.77
1661716800,0.3347,0.3359,0.3215,0.3222,7917075.899999999
1661731200,0.3222,0.3252,0.3188,0.3231,19564102.71
1661745600,0.3231,0.3238,0.3191,0.322,18337530.9
1661760000,0.322,0.324,0.3185,0.3228,11634141.72
1661774400,0.3228,0.3309,0.3226,0.3279,14546704.52
1661788800,0.3279,0.3303,0.3264,0.3293,7494861.83
1661803200,0.3293,0.3342,0.3293,0.3338,4403908.29
1661817600,0.3338,0.3342,0.3282,0.3297,20705057.53
1661832000,0.3297,0.3356,0.3293,0.332,17625025.72
1661846400,0.332,0.3329,0.33,0.3306,13776047.34
1661860800,0.3306,0.3312,0.3217,0.3238,12657565.02
1661875200,0.3238,0.3283,0.3202,0.3261,14751196.29
1661889600,0.3261,0.3303,0.3251,0.3266,6560856.32
1661904000,0.3266,0.3325,0.3266,0.3319,14483422.84
1661918400,0.3319,0.3336,0.3304,0.3305,9966862.96
1661932800,0.3305,0.3337,0.3289,0.3301,13969116.53
1661947200,0.3301,0.3322,0.3231,0.3265,14637704.0
1661961600,0.3265,0.3305,0.3243,0.3295,10251620.77
1661976000,0.3295,0.3314,0.326,0.3277,4857108.35
1661990400,0.3277,0.3291,0.3224,0.3235,25388635.15
1662004800,0.3235,0.3271,0.3235,0.3258,5373598.65
1662019200,0.3258,0.3272,0.3236,0.3266,13365668.92
1662033600,0.3266,0.3271,0.3215,0.3229,14017321.81
1662048000,0.3229,0.3301,0.3223,0.33,10039480.62
1662062400,0.33,0.3334,0.3296,0.3331,5513873.59
1662076800,0.3331,0.3335,0.328,0.331,14870328.21
1662091200,0.331,0.335,0.3308,0.3315,11116875.4
1662105600,0.3315,0.332,0.3276,0.3289,18353272.21
1662120000,0.3289,0.333,0.3272,0.3303,32129208.9
1662134400,0.3303,0.3313,0.3253,0.3268,12010475.8
1662148800,0.3268,0.3316,0.3266,0.3313,2543410.53
1662163200,0.3313,0.3344,0.3277,0.3283,8009963.470000001
1662177600,0.3283,0.3313,0.3265,0.3283,2468217.25
1662192000,0.3283,0.3288,0.3276,0.3288,1891459.75
1662206400,0.3288,0.3304,0.3285,0.3294,1868423.99
1662220800,0.3294,0.3314,0.3279,0.3287,2354352.87
1662235200,0.3287,0.3302,0.3284,0.3296,1644987.97
1662249600,0.3296,0.3313,0.3292,0.3303,1246877.47
1662264000,0.3303,0.3327,0.3287,0.3288,3137943.44
1662278400,0.3288,0.3311,0.3275,0.331,5357259.91
1662292800,0.331,0.3324,0.3286,0.3299,5028988.41
1662307200,0.3299,0.3319,0.3296,0.3306,1942057.45
1662321600,0.3306,0.3323,0.3295,0.3317,3251385.35
1662336000,0.3317,0.3333,0.3299,0.3304,15959851.77
1662350400,0.3304,0.3309,0.3246,0.3254,17197251.810000002
1662364800,0.3254,0.3265,0.3223,0.3241,23096175.04
1662379200,0.3241,0.3285,0.3237,0.3282,9436206.75
1662393600,0.3282,0.3305,0.3272,0.3299,4196271.86
1662408000,0.3299,0.3335,0.3299,0.3328,4943816.87
1662422400,0.3328,0.3428,0.3302,0.3338,36119409.88
1662436800,0.3338,0.337,0.3322,0.3333,17843587.12
1662451200,0.3333,0.3363,0.332,0.3361,17051565.22
1662465600,0.3361,0.3367,0.3306,0.3342,16386881.35
1662480000,0.3342,0.3346,0.322,0.3233,18056461.27
1662494400,0.3233,0.3252,0.3186,0.3212,9409243.63
1662508800,0.3212,0.3231,0.3126,0.3182,25176278.61
1662523200,0.3182,0.3204,0.3153,0.3203,14371031.39
1662537600,0.3203,0.3232,0.3196,0.323,9359080.07
1662552000,0.323,0.3257,0.3215,0.3245,15958653.83
1662566400,0.3245,0.3343,0.3242,0.3338,11726599.94
1662580800,0.3338,0.3385,0.3336,0.3369,10045105.54
1662595200,0.3369,0.3375,0.3305,0.332,21197486.05
1662609600,0.332,0.336,0.3282,0.331,12314199.78
1662624000,0.331,0.3336,0.3289,0.3325,14201099.23
1662638400,0.3325,0.3353,0.3283,0.3332,17526102.51
1662652800,0.3332,0.3432,0.3301,0.3429,14839799.74
1662667200,0.3429,0.3431,0.3385,0.3396,6502730.5600000005
1662681600,0.3396,0.3463,0.3395,0.3448,13562168.57
1662696000,0.3448,0.352,0.3441,0.3494,16061459.54
1662710400,0.3494,0.3553,0.3489,0.3507,17187206.74
1662724800,0.3507,0.3532,0.3465,0.3467,33756486.0
1662739200,0.3467,0.3525,0.3448,0.3525,18744580.42
1662753600,0.3525,0.3594,0.3486,0.3571,9718128.2
1662768000,0.3571,0.3585,0.3522,0.3548,9528008.94
1662782400,0.3548,0.3619,0.3517,0.3531,6236222.23
1662796800,0.3531,0.3557,0.3524,0.3548,2963096.15
1662811200,0.3548,0.358,0.3535,0.3559,4436891.12
1662825600,0.3559,0.3576,0.3528,0.3573,4107637.3
1662840000,0.3573,0.3602,0.3548,0.3575,2784085.25
1662854400,0.3575,0.359,0.355,0.3563,3406756.04
1662868800,0.3563,0.3568,0.352,0.356,4433880.38
1662883200,0.356,0.3562,0.3543,0.3549,4266388.470000001
1662897600,0.3549,0.3563,0.3538,0.3553,3647958.54
1662912000,0.3553,0.3578,0.3546,0.3552,2225511.46
1662926400,0.3552,0.3601,0.3492,0.3552,8709996.19
1662940800,0.3552,0.3577,0.348,0.3496,18259737.8
1662955200,0.3496,0.3533,0.3496,0.3529,11176433.07
1662969600,0.3529,0.3573,0.3523,0.3547,19494863.75
1662984000,0.3547,0.3576,0.3517,0.3528,18098957.95
1662998400,0.3528,0.3571,0.3489,0.3568,7959545.84
1663012800,0.3568,0.3601,0.3558,0.3598,4812336.2
1663027200,0.3598,0.3602,0.351,0.3529,21680887.99
1663041600,0.3529,0.3573,0.3526,0.3567,14295081.579999998
1663056000,0.3567,0.3572,0.3527,0.3568,21363999.06
1663070400,0.3568,0.3572,0.3384,0.3392,22138036.49
1663084800,0.3392,0.341,0.3337,0.3371,11154860.61
1663099200,0.3371,0.3392,0.3309,0.3326,8373485.74
1663113600,0.3326,0.3355,0.3314,0.3354,17812069.68
1663128000,0.3354,0.3378,0.3336,0.3357,7486361.73
1663142400,0.3357,0.338,0.3341,0.3349,11999389.46
1663156800,0.3349,0.3381,0.3337,0.3364,13658452.66
1663171200,0.3364,0.3424,0.3331,0.3407,10147695.71
1663185600,0.3407,0.344,0.3394,0.3418,5048502.890000001
1663200000,0.3418,0.3423,0.3327,0.3355,20364958.03
1663214400,0.3355,0.3427,0.3339,0.3409,8707201.75
1663228800,0.3409,0.3409,0.3343,0.335,19636065.32
1663243200,0.335,0.3356,0.3247,0.3254,44098376.08
1663257600,0.3254,0.3299,0.325,0.3296,16287120.67
1663272000,0.3296,0.3303,0.3245,0.3262,4846963.720000001
1663286400,0.3262,0.3278,0.3215,0.3269,14906998.3
1663300800,0.3269,0.3291,0.3237,0.3261,13305634.22
1663315200,0.3261,0.3311,0.3228,0.3302,6313435.11
1663329600,0.3302,0.3346,0.3271,0.3345,7124822.52
1663344000,0.3345,0.342,0.3304,0.3413,10557581.11
1663358400,0.3413,0.3579,0.3412,0.3553,13001055.58
1663372800,0.3553,0.3553,0.349,0.3502,6565161.15
1663387200,0.3502,0.3512,0.3464,0.3478,3264023.52
1663401600,0.3478,0.3565,0.3477,0.3529,3705791.9
1663416000,0.3529,0.3792,0.3515,0.3708,21245330.21
1663430400,0.3708,0.3805,0.3707,0.3727,10228400.59
1663444800,0.3727,0.3782,0.3711,0.3763,5166512.3100000005
1663459200,0.3763,0.3766,0.3654,0.3683,7159682.76
1663473600,0.3683,0.3907,0.3668,0.3868,15285343.48
1663488000,0.3868,0.3936,0.3758,0.3778,20193599.9
1663502400,0.3778,0.3855,0.3743,0.3812,10291300.4
1663516800,0.3812,0.3972,0.3759,0.3966,23098938.87
1663531200,0.3966,0.3978,0.3558,0.3578,18748220.85
1663545600,0.3578,0.3652,0.3401,0.3448,31462158.21
1663560000,0.3448,0.3582,0.3426,0.35,22063874.3
1663574400,0.35,0.3538,0.3431,0.3505,22065350.27
1663588800,0.3505,0.3597,0.3488,0.3551,16147721.71
1663603200,0.3551,0.3915,0.3542,0.39,21914834.39
1663617600,0.39,0.3929,0.3771,0.3848,11462376.84
1663632000,0.3848,0.3902,0.3702,0.3727,33596151.31
1663646400,0.3727,0.3817,0.3724,0.3778,22531168.71
1663660800,0.3778,0.3826,0.3751,0.3819,14718565.04
1663675200,0.3819,0.4213,0.3744,0.4195,60033865.73
1663689600,0.4195,0.4228,0.4018,0.4102,34142923.629999995
1663704000,0.4102,0.4192,0.4045,0.4144,19158886.26
1663718400,0.4144,0.4151,0.4035,0.4044,28706543.06
1663732800,0.4044,0.4128,0.3902,0.4024,31139018.01
1663747200,0.4024,0.4078,0.3958,0.4055,18376647.49
1663761600,0.4055,0.4071,0.3917,0.3941,21476463.82
1663776000,0.3941,0.4334,0.3808,0.4075,57725407.56
1663790400,0.4075,0.4119,0.3851,0.3942,17230634.48
1663804800,0.3942,0.4047,0.3935,0.4021,20976024.44
1663819200,0.4021,0.4259,0.4021,0.4232,22588543.8
1663833600,0.4232,0.4359,0.4219,0.4325,20420625.75
1663848000,0.4325,0.4501,0.429,0.434,38042988.71
1663862400,0.434,0.4982,0.4292,0.4828,48734309.51
1663876800,0.4828,0.492,0.4761,0.4855,29516570.87
1663891200,0.4855,0.5469,0.477,0.539,57390927.45
1663905600,0.539,0.5582,0.5162,0.517,55966993.04
1663920000,0.517,0.5208,0.4792,0.4877,59976142.510000005
1663934400,0.4877,0.4985,0.4739,0.4887,69371255.85
1663948800,0.4887,0.4922,0.4567,0.4718,50348868.67
1663963200,0.4718,0.5285,0.4699,0.5068,50617991.77
1663977600,0.5068,0.5139,0.4969,0.5015,22739660.38
1663992000,0.5015,0.5191,0.4887,0.4924,28935864.770000003
1664006400,0.4924,0.4982,0.4848,0.4939,15990761.62
1664020800,0.4939,0.4991,0.4717,0.4783,26913314.81
1664035200,0.4783,0.5061,0.4767,0.4981,27395403.92
1664049600,0.4981,0.5079,0.4827,0.488,19531771.85
1664064000,0.488,0.4907,0.4758,0.486,11349597.51
1664078400,0.486,0.493,0.482,0.491,16548557.510000002
1664092800,0.491,0.5035,0.4836,0.5005,15034742.55
1664107200,0.5005,0.5206,0.4857,0.5045,47024009.4
1664121600,0.5045,0.5083,0.4905,0.5022,25268107.0
1664136000,0.5022,0.5059,0.4853,0.4916,27325952.51
1664150400,0.4916,0.5017,0.478,0.4821,38222242.97
1664164800,0.4821,0.4862,0.4623,0.4731,49757877.89
1664179200,0.4731,0.4808,0.4577,0.4631,37530284.39
1664193600,0.4631,0.4767,0.46,0.4737,27256342.880000003
1664208000,0.4737,0.478,0.4646,0.473,19446632.45
1664222400,0.473,0.4732,0.4649,0.4682,12319476.18
1664236800,0.4682,0.4811,0.4651,0.476,40341529.17
1664251200,0.476,0.4872,0.473,0.4796,22285574.19
1664265600,0.4796,0.4808,0.466,0.469,26602230.83
1664280000,0.469,0.4825,0.4668,0.4673,29063070.6
1664294400,0.4673,0.4694,0.4356,0.4451,40880745.17
1664308800,0.4451,0.4508,0.4425,0.4464,11253439.22
1664323200,0.4464,0.4498,0.4182,0.4258,40023573.16
1664337600,0.4258,0.432,0.4174,0.4238,21324417.06
1664352000,0.4238,0.4313,0.4179,0.4274,20261068.96
1664366400,0.4274,0.4384,0.4268,0.4365,25509838.92
1664380800,0.4365,0.4407,0.4279,0.4369,16384783.46
1664395200,0.4369,0.455,0.4356,0.4489,13204158.6
1664409600,0.4489,0.4514,0.4369,0.4415,26103620.62
1664424000,0.4415,0.4443,0.4349,0.439,15168650.3
1664438400,0.439,0.4426,0.437,0.4403,21679192.79
1664452800,0.4403,0.4405,0.4268,0.4341,21386384.7
1664467200,0.4341,0.4422,0.4315,0.4412,18781467.67
1664481600,0.4412,0.509,0.4409,0.487,62030628.86
1664496000,0.487,0.4875,0.4722,0.4804,27216276.86
1664510400,0.4804,0.4956,0.479,0.4891,22304263.07
1664524800,0.4891,0.4969,0.4774,0.479,31814065.99
1664539200,0.479,0.485,0.4695,0.4769,54190756.67
1664553600,0.4769,0.4987,0.4718,0.4857,26292734.520000003
1664568000,0.4857,0.4899,0.4743,0.4797,13765001.7
1664582400,0.4797,0.4815,0.467,0.4759,26582528.41
1664596800,0.4759,0.4778,0.4717,0.4758,7273733.02
1664611200,0.4758,0.4767,0.4689,0.4736,7572203.81
1664625600,0.4736,0.4839,0.4715,0.4822,11737069.18
1664640000,0.4822,0.4863,0.4708,0.4757,10385014.84
1664654400,0.4757,0.4776,0.4717,0.4754,4302520.36
1664668800,0.4754,0.4775,0.4732,0.4741,5761847.3100000005
1664683200,0.4741,0.4784,0.4735,0.4758,6179671.11
1664697600,0.4758,0.4773,0.4498,0.4613,24783842.58
1664712000,0.4613,0.4639,0.453,0.4583,10384404.29
1664726400,0.4583,0.4632,0.458,0.4618,5499727.98
1664740800,0.4618,0.4623,0.444,0.4484,11983526.46
1664755200,0.4484,0.4545,0.4454,0.447,24459026.51
1664769600,0.447,0.4474,0.4378,0.4413,33854752.82
1664784000,0.4413,0.4465,0.4386,0.446,16739590.61
1664798400,0.446,0.4556,0.4439,0.453,20093589.98
1664812800,0.453,0.4591,0.4494,0.4552,9982382.81
1664827200,0.4552,0.4691,0.4552,0.4622,14073331.7
1664841600,0.4622,0.4626,0.4516,0.4546,21834531.14
1664856000,0.4546,0.4641,0.4539,0.462,22858749.0
1664870400,0.462,0.4741,0.459,0.4716,23260927.56
1664884800,0.4716,0.484,0.4682,0.476,28348744.29
1664899200,0.476,0.4849,0.4724,0.4824,22288215.67
1664913600,0.4824,0.4852,0.4777,0.4796,10216272.11
1664928000,0.4796,0.4801,0.472,0.4749,23994412.94
1664942400,0.4749,0.4955,0.4748,0.4828,23530109.0
1664956800,0.4828,0.4845,0.474,0.4781,17327400.91
1664971200,0.4781,0.4919,0.4752,0.4878,20729588.35
1664985600,0.4878,0.5009,0.4864,0.4976,24966670.75
1665000000,0.4976,0.499,0.4881,0.489,7661244.23
1665014400,0.489,0.4983,0.4886,0.4974,16911094.17
1665028800,0.4974,0.5057,0.4933,0.4951,16685178.67
1665043200,0.4951,0.4989,0.4913,0.4982,14402937.92
1665057600,0.4982,0.5023,0.4904,0.4945,24395400.94
1665072000,0.4945,0.4996,0.4916,0.497,12971467.4
1665086400,0.497,0.5038,0.4897,0.4934,14219862.01
1665100800,0.4934,0.4948,0.4821,0.4893,17179644.47
1665115200,0.4893,0.4916,0.4849,0.4897,6648390.47
1665129600,0.4897,0.4928,0.4882,0.4903,11088615.8
1665144000,0.4903,0.4979,0.4832,0.4931,33498264.07
1665158400,0.4931,0.5317,0.4922,0.5184,40843575.04
1665172800,0.5184,0.522,0.5106,0.5182,11420412.53
1665187200,0.5182,0.5268,0.5152,0.5254,9623537.14
1665201600,0.5254,0.5291,0.5177,0.5197,11290193.54
1665216000,0.5197,0.5215,0.5137,0.5194,5262137.62
1665230400,0.5194,0.5213,0.5145,0.5201,4931238.3100000005
1665244800,0.5201,0.5262,0.5179,0.5186,9272336.2
1665259200,0.5186,0.5202,0.5113,0.5171,4545247.9
1665273600,0.5171,0.5172,0.5061,0.5102,5947779.77
1665288000,0.5102,0.518,0.5084,0.5166,3456956.33
1665302400,0.5166,0.52,0.5145,0.5188,3825398.0
1665316800,0.5188,0.5338,0.5157,0.5276,12477134.7
1665331200,0.5276,0.5468,0.5267,0.5397,15279641.2
1665345600,0.5397,0.5399,0.5315,0.5321,7392323.86
1665360000,0.5321,0.5379,0.5287,0.531,22410352.56
1665374400,0.531,0.535,0.5221,0.5224,21170910.62
1665388800,0.5224,0.523,0.512,0.5181,37917866.25
1665403200,0.5181,0.5238,0.5147,0.5227,14808361.42
1665417600,0.5227,0.5289,0.5167,0.5212,13523202.12
1665432000,0.5212,0.5239,0.4947,0.4948,14524630.88
1665446400,0.4948,0.4986,0.4856,0.493,30845770.03
1665460800,0.493,0.495,0.4837,0.4892,26457293.48
1665475200,0.4892,0.4918,0.4777,0.487,23653690.66
1665489600,0.487,0.4988,0.4842,0.4973,22140535.0
1665504000,0.4973,0.5021,0.4841,0.4871,21495999.84
1665518400,0.4871,0.4985,0.4816,0.4858,10432901.32
1665532800,0.4858,0.49,0.4824,0.4858,18932151.55
1665547200,0.4858,0.4924,0.4856,0.4894,12572834.13
1665561600,0.4894,0.4913,0.4854,0.4905,18510401.39
1665576000,0.4905,0.4954,0.4839,0.4953,18078616.13
1665590400,0.4953,0.4953,0.4857,0.4887,13028934.58
1665604800,0.4887,0.4907,0.4864,0.4882,6672862.2
1665619200,0.4882,0.4894,0.4678,0.4729,20705118.98
1665633600,0.4729,0.4744,0.4514,0.4555,29368066.32
1665648000,0.4555,0.4583,0.441,0.4569,19557215.85
1665662400,0.4569,0.477,0.4491,0.4756,34236477.68
1665676800,0.4756,0.4892,0.4734,0.4873,12988870.25
1665691200,0.4873,0.4893,0.4794,0.4797,5606593.98
1665705600,0.4797,0.5069,0.4784,0.5019,21641923.05
1665720000,0.5019,0.504,0.4946,0.4992,15140237.96
1665734400,0.4992,0.5048,0.4974,0.4985,17711050.330000002
1665748800,0.4985,0.5116,0.4903,0.4909,34266576.54
1665763200,0.4909,0.4968,0.4866,0.4873,12596343.34
1665777600,0.4873,0.49,0.4816,0.4885,9332474.9
1665792000,0.4885,0.4901,0.4842,0.4883,4527157.5600000005
1665806400,0.4883,0.4888,0.4852,0.4863,3050675.27
1665820800,0.4863,0.4867,0.4772,0.4856,6311427.890000001
1665835200,0.4856,0.4894,0.4824,0.4873,5885684.43
1665849600,0.4873,0.4883,0.482,0.4843,3333719.99
1665864000,0.4843,0.4843,0.4785,0.4818,4941323.25
1665878400,0.4818,0.4873,0.4816,0.4841,2911936.41
1665892800,0.4841,0.4863,0.4817,0.4837,3747873.71
1665907200,0.4837,0.4861,0.4802,0.4831,3758016.86
1665921600,0.4831,0.484,0.4794,0.4813,3542416.98
1665936000,0.4813,0.4818,0.4682,0.4818,11935340.13
1665950400,0.4818,0.4829,0.471,0.4766,7776024.21
1665964800,0.4766,0.4768,0.4626,0.4679,37357058.14
1665979200,0.4679,0.472,0.4664,0.4694,19348134.23
1665993600,0.4694,0.4758,0.4654,0.4755,22503220.58
1666008000,0.4755,0.482,0.4728,0.4777,20281451.13
1666022400,0.4777,0.4785,0.4714,0.473,12755786.99
1666036800,0.473,0.4818,0.4729,0.4799,13072328.73
1666051200,0.4799,0.484,0.4713,0.4768,29356374.07
1666065600,0.4768,0.4783,0.473,0.4768,12250804.97
1666080000,0.4768,0.4771,0.4661,0.4699,19100512.56
1666094400,0.4699,0.4726,0.4622,0.4674,16539040.43
1666108800,0.4674,0.4708,0.4532,0.4649,15404239.9
1666123200,0.4649,0.4695,0.4638,0.4658,8572707.3
1666137600,0.4658,0.4665,0.4582,0.4624,20301419.790000003
1666152000,0.4624,0.4627,0.4539,0.4576,15764153.14
1666166400,0.4576,0.4589,0.4521,0.454,17756095.63
1666180800,0.454,0.4582,0.4515,0.458,17105691.62
1666195200,0.458,0.4615,0.4555,0.461,17687834.240000002
1666209600,0.461,0.4642,0.4471,0.4506,16033697.739999998
1666224000,0.4506,0.4632,0.4499,0.4562,19981292.69
1666238400,0.4562,0.4629,0.456,0.462,15355401.6
1666252800,0.462,0.4637,0.4582,0.4629,21571940.65
1666267200,0.4629,0.4646,0.4596,0.461,16609126.68
1666281600,0.461,0.461,0.4239,0.4384,34960390.75
1666296000,0.4384,0.4545,0.4318,0.4466,21317881.5
1666310400,0.4466,0.4508,0.4409,0.447,23023853.08
1666324800,0.447,0.4484,0.4428,0.444,14316379.87
1666339200,0.444,0.4444,0.4378,0.4408,12831878.48
1666353600,0.4408,0.4503,0.4353,0.4477,24671206.23
1666368000,0.4477,0.4542,0.4452,0.4531,13622639.55
1666382400,0.4531,0.4618,0.4509,0.4615,11784655.96
1666396800,0.4615,0.4627,0.4565,0.4594,6210859.39
1666411200,0.4594,0.4598,0.4564,0.4592,3326249.27
1666425600,0.4592,0.4674,0.458,0.4669,5503741.13
1666440000,0.4669,0.4706,0.4637,0.4661,8870534.23
1666454400,0.4661,0.4668,0.4607,0.4638,4738652.76
1666468800,0.4638,0.4665,0.4633,0.4655,3428160.97
1666483200,0.4655,0.4659,0.4582,0.4607,5593042.88
1666497600,0.4607,0.462,0.4583,0.459,2444027.45
1666512000,0.459,0.4615,0.452,0.4529,6294959.65
1666526400,0.4529,0.4586,0.4529,0.4572,3290097.97
1666540800,0.4572,0.4679,0.454,0.4655,7576030.49
1666555200,0.4655,0.4725,0.4598,0.4689,9521561.87
1666569600,0.4689,0.4729,0.4557,0.4562,28884574.04
1666584000,0.4562,0.4588,0.4535,0.4571,20298233.32
1666598400,0.4571,0.4589,0.4522,0.458,20564725.89
1666612800,0.458,0.4591,0.4482,0.4557,19119967.87
1666627200,0.4557,0.458,0.454,0.4566,12582945.72
1666641600,0.4566,0.4596,0.4526,0.4532,10523684.38
1666656000,0.4532,0.4565,0.4434,0.448,36011515.72
1666670400,0.448,0.4513,0.4456,0.4492,12291721.96
1666684800,0.4492,0.4492,0.4435,0.4477,13964541.91
1666699200,0.4477,0.4582,0.4455,0.4566,19479475.3
1666713600,0.4566,0.4725,0.4556,0.4657,25208421.0
1666728000,0.4657,0.4659,0.4566,0.4608,11392687.91
1666742400,0.4608,0.4627,0.4564,0.4615,27823613.380000003
1666756800,0.4615,0.4656,0.4589,0.4624,10999703.260000002
1666771200,0.4624,0.4684,0.4611,0.4648,13418574.67
1666785600,0.4648,0.4712,0.462,0.4682,20520622.0
1666800000,0.4682,0.4696,0.462,0.4642,13002924.02
1666814400,0.4642,0.4709,0.4633,0.469,8955597.530000001
1666828800,0.469,0.4822,0.4674,0.4736,27240305.91
1666843200,0.4736,0.4785,0.4702,0.4729,13848711.95
1666857600,0.4729,0.4763,0.4689,0.4712,15403139.44
1666872000,0.4712,0.4755,0.4645,0.4672,20854400.74
1666886400,0.4672,0.4733,0.4644,0.4715,12455884.61
1666900800,0.4715,0.4722,0.4589,0.4617,11474699.31
1666915200,0.4617,0.4668,0.46,0.4631,13043949.82
1666929600,0.4631,0.4649,0.4564,0.4578,13785579.12
1666944000,0.4578,0.462,0.4567,0.4601,11198619.72
1666958400,0.4601,0.4672,0.4576,0.4645,19461610.13
1666972800,0.4645,0.4707,0.464,0.4704,12456150.54
1666987200,0.4704,0.4755,0.4693,0.4744,9447089.8
1667001600,0.4744,0.4747,0.47,0.4733,5217410.0
1667016000,0.4733,0.4738,0.4699,0.4729,4477850.8100000005
1667030400,0.4729,0.4837,0.4703,0.4713,16115010.5
1667044800,0.4713,0.4746,0.4681,0.4712,9567723.08
1667059200,0.4712,0.4791,0.4665,0.4718,11539033.91
1667073600,0.4718,0.4766,0.4666,0.4703,9455158.13
1667088000,0.4703,0.4734,0.4665,0.468,8378936.14
1667102400,0.468,0.471,0.4659,0.4707,4792270.22
1667116800,0.4707,0.4714,0.4608,0.4654,11975110.28
1667131200,0.4654,0.4654,0.4584,0.4602,6163300.21
1667145600,0.4602,0.4638,0.4588,0.462,5649629.28
1667160000,0.462,0.4641,0.4539,0.4582,7724606.02
1667174400,0.4582,0.4605,0.4484,0.4558,26836766.36
1667188800,0.4558,0.461,0.4543,0.4603,14932048.34
1667203200,0.4603,0.463,0.4543,0.4573,27634182.76
1667217600,0.4573,0.4609,0.4478,0.4517,26597928.24
1667232000,0.4517,0.4549,0.4503,0.4532,12595469.26
1667246400,0.4532,0.4671,0.4523,0.4645,14044136.57
1667260800,0.4645,0.4646,0.4569,0.4595,30289470.49
1667275200,0.4595,0.4623,0.4573,0.46,20262093.31
1667289600,0.46,0.4648,0.4587,0.4612,17421708.49
1667304000,0.4612,0.4621,0.4544,0.4588,17030772.45
1667318400,0.4588,0.4638,0.4563,0.4615,11285031.94
1667332800,0.4615,0.4665,0.4607,0.4635,7351955.9
1667347200,0.4635,0.4658,0.4579,0.4614,16742390.36
1667361600,0.4614,0.4617,0.4561,0.4589,7964730.34
1667376000,0.4589,0.4604,0.4511,0.4543,14979973.48
1667390400,0.4543,0.4576,0.4526,0.4571,10271682.01
1667404800,0.4571,0.4653,0.4511,0.4521,20483591.43
1667419200,0.4521,0.454,0.4453,0.4498,9250722.36
1667433600,0.4498,0.4584,0.4489,0.4556,27150576.03
1667448000,0.4556,0.4591,0.4555,0.4575,9786986.47
1667462400,0.4575,0.4595,0.4536,0.455,12579796.73
1667476800,0.455,0.4575,0.4519,0.4555,13945947.34
1667491200,0.4555,0.458,0.4545,0.4571,7728570.83
1667505600,0.4571,0.4594,0.4537,0.4549,5848840.42
1667520000,0.4549,0.4581,0.4533,0.4572,13906765.95
1667534400,0.4572,0.466,0.4563,0.4643,12889623.38
1667548800,0.4643,0.5073,0.4628,0.4886,44519510.93
1667563200,0.4886,0.5031,0.4857,0.4898,29569990.22
1667577600,0.4898,0.4949,0.4861,0.494,13436754.51
1667592000,0.494,0.5065,0.4935,0.5064,11285847.53
1667606400,0.5064,0.5097,0.4948,0.4989,7411500.92
1667620800,0.4989,0.5024,0.4956,0.4985,4877813.38
1667635200,0.4985,0.4989,0.4917,0.4972,4669473.82
1667649600,0.4972,0.5032,0.4922,0.4991,5713919.23
1667664000,0.4991,0.5092,0.4968,0.4981,8148619.54
1667678400,0.4981,0.502,0.4894,0.4931,9020537.69
1667692800,0.4931,0.4946,0.4873,0.4906,10012355.94
1667707200,0.4906,0.4921,0.4876,0.4889,2917244.33
1667721600,0.4889,0.4925,0.4885,0.4905,5151846.2
1667736000,0.4905,0.4924,0.4865,0.4899,6532964.77
1667750400,0.4899,0.49,0.4827,0.4843,8736078.79
1667764800,0.4843,0.4857,0.4684,0.4712,10350449.08
1667779200,0.4712,0.4755,0.4686,0.4737,28644357.020000003
1667793600,0.4737,0.4742,0.4616,0.4629,33390031.41
1667808000,0.4629,0.4721,0.4624,0.47,21757890.08
1667822400,0.47,0.4772,0.4697,0.4771,19012981.76
1667836800,0.4771,0.4797,0.4673,0.474,22104434.18
1667851200,0.474,0.4763,0.4594,0.4649,12940574.57
1667865600,0.4649,0.4669,0.4394,0.4408,44593891.86
1667880000,0.4408,0.4442,0.4249,0.4418,26367080.28
1667894400,0.4418,0.4419,0.4361,0.4377,17197308.83
1667908800,0.4377,0.441,0.4307,0.438,14028701.329999998
1667923200,0.438,0.4563,0.3381,0.3948,76498304.03999999
1667937600,0.3948,0.4114,0.3843,0.4061,22429217.75
1667952000,0.4061,0.4108,0.3796,0.3889,35414077.7
1667966400,0.3889,0.3941,0.3795,0.3862,14150078.16
1667980800,0.3862,0.3867,0.3558,0.3746,16878254.72
1667995200,0.3746,0.386,0.3607,0.3621,14900885.87
1668009600,0.3621,0.3671,0.3412,0.3556,18143909.08
1668024000,0.3556,0.3621,0.3181,0.329,26202515.71
1668038400,0.329,0.3515,0.3252,0.3477,16085278.66
1668052800,0.3477,0.3734,0.346,0.3675,15701315.09
1668067200,0.3675,0.3682,0.3535,0.3575,8005874.82
1668081600,0.3575,0.3946,0.3557,0.387,25544706.9
1668096000,0.387,0.3934,0.373,0.3861,10795158.81
1668110400,0.3861,0.4009,0.3819,0.3942,5260470.03
1668124800,0.3942,0.3972,0.3745,0.3777,8967692.66
1668139200,0.3777,0.3897,0.3759,0.3892,5268141.16
1668153600,0.3892,0.3947,0.386,0.3882,4954646.74
1668168000,0.3882,0.3956,0.3663,0.3747,7712458.59
1668182400,0.3747,0.3787,0.3674,0.3744,6087004.12
1668196800,0.3744,0.3854,0.3678,0.3839,3314162.48
1668211200,0.3839,0.3839,0.3727,0.3745,2300954.55
1668225600,0.3745,0.3757,0.3621,0.3681,3279959.06
1668240000,0.3681,0.371,0.3647,0.3708,2676450.77
1668254400,0.3708,0.3723,0.3658,0.3687,2562164.9
1668268800,0.3687,0.3697,0.3594,0.3649,3209252.95
1668283200,0.3649,0.3667,0.3607,0.3632,1573381.55
1668297600,0.3632,0.3687,0.362,0.3668,3150658.01
1668312000,0.3668,0.3677,0.3553,0.3588,5107572.04
1668326400,0.3588,0.359,0.3475,0.3509,6305100.649999999
1668340800,0.3509,0.3546,0.348,0.3481,3623205.14
1668355200,0.3481,0.3493,0.3408,0.3423,4803064.96
1668369600,0.3423,0.3427,0.3327,0.3399,5727846.75
1668384000,0.3399,0.3471,0.2794,0.329,27146363.11
1668398400,0.329,0.3461,0.3213,0.3452,16155591.08
1668412800,0.3452,0.3521,0.3412,0.3496,11062780.34
1668427200,0.3496,0.3568,0.3409,0.3456,15161089.15
1668441600,0.3456,0.3542,0.3384,0.3507,7099338.77
1668456000,0.3507,0.3782,0.3507,0.3763,16620620.69
1668470400,0.3763,0.3869,0.3518,0.3676,32356293.39
1668484800,0.3676,0.382,0.3665,0.3795,6964331.35
1668499200,0.3795,0.3874,0.3783,0.3789,6175209.63
1668513600,0.3789,0.3928,0.3775,0.3903,8116822.939999999
1668528000,0.3903,0.3962,0.3766,0.3837,8524734.91
1668542400,0.3837,0.3895,0.38,0.3882,4772111.74
1668556800,0.3882,0.3885,0.3781,0.3832,12681974.26
1668571200,0.3832,0.3902,0.3814,0.3871,6348289.8
1668585600,0.3871,0.3871,0.3708,0.3752,6582331.0600000005
1668600000,0.3752,0.3763,0.364,0.365,12552941.84
1668614400,0.365,0.3733,0.3612,0.3731,4961673.52
1668628800,0.3731,0.3767,0.3691,0.3751,2943644.21
1668643200,0.3751,0.3793,0.3725,0.3757,3047543.91
1668657600,0.3757,0.3861,0.3705,0.3786,13046589.5
1668672000,0.3786,0.3803,0.3688,0.3734,12327820.99
1668686400,0.3734,0.3794,0.3713,0.3751,5730371.18
1668700800,0.3751,0.3825,0.3727,0.3802,4588958.4
1668715200,0.3802,0.3842,0.3801,0.3816,3376741.47
1668729600,0.3816,0.3867,0.3786,0.3793,7147941.59
1668744000,0.3793,0.3814,0.3771,0.3806,3793893.4
1668758400,0.3806,0.3842,0.3793,0.3809,4196653.15
1668772800,0.3809,0.3834,0.3766,0.3771,3877573.08
1668787200,0.3771,0.3822,0.3742,0.3819,4386568.27
1668801600,0.3819,0.3833,0.3808,0.3824,1325418.43
1668816000,0.3824,0.3826,0.3777,0.3786,1983749.16
1668830400,0.3786,0.3797,0.3753,0.3776,1796402.04
1668844800,0.3776,0.3804,0.3774,0.38,935961.5
1668859200,0.38,0.3822,0.378,0.3812,1080450.95
1668873600,0.3812,0.383,0.3803,0.3815,1164738.98
1668888000,0.3815,0.3879,0.3812,0.3841,2948843.99
1668902400,0.3841,0.3959,0.3836,0.3904,5092466.38
1668916800,0.3904,0.3937,0.3874,0.3883,3400315.74
1668931200,0.3883,0.3884,0.374,0.3749,6545867.880000001
1668945600,0.3749,0.3758,0.3713,0.3749,7975981.57
1668960000,0.3749,0.3782,0.3699,0.3772,5211519.84
1668974400,0.3772,0.3773,0.3588,0.3609,6587621.23
1668988800,0.3609,0.3614,0.3449,0.3528,21396033.02
1669003200,0.3528,0.3582,0.3478,0.3501,18159078.89
1669017600,0.3501,0.353,0.3467,0.3489,16970168.1
1669032000,0.3489,0.3571,0.3463,0.3555,7114306.2
1669046400,0.3555,0.3581,0.3496,0.3526,5563386.61
1669060800,0.3526,0.3676,0.3526,0.364,6255700.95
1669075200,0.364,0.3659,0.3543,0.3582,11670191.29
1669089600,0.3582,0.3594,0.3493,0.3562,12231101.59
1669104000,0.3562,0.362,0.3539,0.3596,7413858.0
1669118400,0.3596,0.3732,0.3589,0.3717,11958962.25
1669132800,0.3717,0.3738,0.3694,0.3725,11369496.26
1669147200,0.3725,0.3773,0.3724,0.3753,4027202.02
1669161600,0.3753,0.377,0.3667,0.3766,14740550.52
1669176000,0.3766,0.3798,0.3736,0.3797,8045383.65
1669190400,0.3797,0.3808,0.3739,0.3755,8678807.09
1669204800,0.3755,0.3761,0.3701,0.3745,5568873.83
1669219200,0.3745,0.3791,0.3709,0.3776,13082328.05
1669233600,0.3776,0.3814,0.3769,0.3813,4216365.390000001
1669248000,0.3813,0.3828,0.3773,0.3819,6758232.469999999
1669262400,0.3819,0.383,0.3784,0.3797,5604565.44
1669276800,0.3797,0.3803,0.3733,0.3776,3858394.19
1669291200,0.3776,0.3922,0.3772,0.3889,5861490.87
1669305600,0.3889,0.403,0.3864,0.4026,11744273.72
1669320000,0.4026,0.4039,0.3977,0.4017,7056180.52
1669334400,0.4017,0.4017,0.3889,0.3931,6880973.100000001
1669348800,0.3931,0.4173,0.3923,0.4153,8018813.65
1669363200,0.4153,0.4179,0.4041,0.4053,9864864.46
1669377600,0.4053,0.4087,0.4008,0.4031,7154546.77
1669392000,0.4031,0.4059,0.3988,0.4047,6052717.13
1669406400,0.4047,0.41,0.4041,0.4077,2833264.45
1669420800,0.4077,0.4135,0.4035,0.4084,3303020.0
1669435200,0.4084,0.4086,0.4045,0.4067,1518114.13
1669449600,0.4067,0.4085,0.4051,0.4063,1743909.58
1669464000,0.4063,0.4085,0.3999,0.4017,2641939.69
1669478400,0.4017,0.4032,0.3959,0.3976,2507744.73
1669492800,0.3976,0.4001,0.3931,0.3962,2249963.85
1669507200,0.3962,0.4005,0.3953,0.4,1829722.28
1669521600,0.4,0.4029,0.3996,0.4009,1072627.11
1669536000,0.4009,0.4084,0.3981,0.4067,2776071.22
1669550400,0.4067,0.4093,0.4024,0.4035,3241443.04
1669564800,0.4035,0.4041,0.3988,0.4023,2274713.54
1669579200,0.4023,0.4061,0.3948,0.3964,4242726.82
1669593600,0.3964,0.3988,0.3726,0.3805,27876927.67
1669608000,0.3805,0.3839,0.3791,0.382,5289449.03
1669622400,0.382,0.3838,0.3763,0.3766,13063889.9
1669636800,0.3766,0.3818,0.3764,0.3791,12688464.37
1669651200,0.3791,0.3872,0.3733,0.3836,13662749.34
1669665600,0.3836,0.3903,0.3824,0.3891,4683824.38
1669680000,0.3891,0.3891,0.3824,0.3831,22667875.35
1669694400,0.3831,0.394,0.3831,0.392,7371506.98
1669708800,0.392,0.3931,0.3894,0.3917,8886528.97
1669723200,0.3917,0.394,0.389,0.3911,3160026.88
1669737600,0.3911,0.3969,0.3861,0.3959,7144205.43
1669752000,0.3959,0.403,0.3946,0.398,4174810.7
1669766400,0.398,0.4081,0.3965,0.4003,12722124.38
1669780800,0.4003,0.4033,0.3992,0.4031,5729362.49
1669795200,0.4031,0.4034,0.3986,0.4,7354996.59
1669809600,0.4,0.4022,0.3981,0.4014,4273813.03
1669824000,0.4014,0.4107,0.393,0.4067,6448429.09
1669838400,0.4067,0.4108,0.4059,0.4079,2412551.06
1669852800,0.4079,0.409,0.3989,0.4022,11193901.87
1669867200,0.4022,0.4025,0.3982,0.3988,5780323.46
1669881600,0.3988,0.401,0.3972,0.3997,4221270.63
1669896000,0.3997,0.4021,0.3944,0.3973,6623889.09
1669910400,0.3973,0.3973,0.3941,0.3968,4759260.66
1669924800,0.3968,0.3974,0.3945,0.3964,2155406.99
1669939200,0.3964,0.3972,0.3857,0.3865,8985012.15
1669953600,0.3865,0.3908,0.3838,0.3906,4093953.08
1669968000,0.3906,0.3912,0.3884,0.3901,2437691.2
1669982400,0.3901,0.3908,0.386,0.3886,4452992.4
1669996800,0.3886,0.3907,0.3871,0.3903,5733288.67
1670011200,0.3903,0.3962,0.3898,0.3958,4250327.66
1670025600,0.3958,0.3962,0.3912,0.3919,964617.13
1670040000,0.3919,0.3934,0.388,0.3896,3981488.63
1670054400,0.3896,0.3946,0.388,0.3944,1670378.87
1670068800,0.3944,0.3967,0.3926,0.3947,3589962.85
1670083200,0.3947,0.3963,0.392,0.3934,2170606.12
1670097600,0.3934,0.394,0.3859,0.3873,1830727.38
1670112000,0.3873,0.3918,0.3871,0.3899,1045030.66
1670126400,0.3899,0.3915,0.3897,0.3903,770252.37
1670140800,0.3903,0.3909,0.3881,0.3893,2661004.95
1670155200,0.3893,0.3898,0.3857,0.3895,3093633.18
1670169600,0.3895,0.3922,0.3887,0.3912,2298810.6
1670184000,0.3912,0.3935,0.3872,0.3896,7255105.5
1670198400,0.3896,0.3936,0.388,0.392,11483495.49
1670212800,0.392,0.3948,0.3905,0.3931,5041623.21
1670227200,0.3931,0.3938,0.3898,0.3925,13659949.65
1670241600,0.3925,0.3937,0.3887,0.3909,4814680.72
1670256000,0.3909,0.393,0.3818,0.3843,6995200.09
1670270400,0.3843,0.3901,0.384,0.3895,2244449.25
1670284800,0.3895,0.3905,0.3827,0.3827,12999746.15
1670299200,0.3827,0.3847,0.3805,0.3815,15621568.68
1670313600,0.3815,0.3847,0.3803,0.3844,6444492.779999999
1670328000,0.3844,0.3895,0.3844,0.388,4078029.36
1670342400,0.388,0.3892,0.3857,0.3891,4826624.91
1670356800,0.3891,0.392,0.3881,0.3914,2607624.3
1670371200,0.3914,0.3921,0.3842,0.3851,14918508.93
1670385600,0.3851,0.3881,0.3738,0.3766,10904903.11
1670400000,0.3766,0.3812,0.3766,0.378,6243158.67
1670414400,0.378,0.3834,0.378,0.3825,5117240.79
1670428800,0.3825,0.3836,0.3812,0.3817,6204315.45
1670443200,0.3817,0.3837,0.3799,0.3833,2398973.58
1670457600,0.3833,0.3903,0.3831,0.3858,3978349.38
1670472000,0.3858,0.3892,0.3841,0.3873,6275011.15
1670486400,0.3873,0.3873,0.3829,0.3857,7235566.41
1670500800,0.3857,0.3892,0.3845,0.3884,3878505.82
1670515200,0.3884,0.3927,0.3868,0.3924,7940150.83
1670529600,0.3924,0.396,0.3905,0.3944,2600936.58
1670544000,0.3944,0.395,0.3896,0.3909,6006395.13
1670558400,0.3909,0.3938,0.3899,0.3916,7361860.220000001
1670572800,0.3916,0.3926,0.3894,0.39,10755781.15
1670587200,0.39,0.3913,0.3853,0.387,7982568.879999999
1670601600,0.387,0.388,0.3856,0.3866,5843841.529999999
1670616000,0.3866,0.3898,0.3861,0.3889,3024543.27
1670630400,0.3889,0.389,0.3874,0.3881,1193881.67
1670644800,0.3881,0.3885,0.3871,0.388,782454.1400000001
1670659200,0.388,0.388,0.3863,0.3879,1994257.71
1670673600,0.3879,0.3891,0.3872,0.389,1102566.97
1670688000,0.389,0.3891,0.3869,0.3874,678754.74
1670702400,0.3874,0.3878,0.3857,0.3865,988247.24
1670716800,0.3865,0.3885,0.3864,0.3872,3176006.37
1670731200,0.3872,0.3874,0.386,0.3868,3496677.7
1670745600,0.3868,0.3868,0.3853,0.3859,2409450.8600000003
1670760000,0.3859,0.387,0.3848,0.3857,2548873.15
1670774400,0.3857,0.3873,0.3854,0.3863,1721853.87
1670788800,0.3863,0.3863,0.3789,0.381,5629264.68
1670803200,0.381,0.3824,0.3713,0.3732,20559652.7
1670817600,0.3732,0.3777,0.3732,0.375,5468495.25
1670832000,0.375,0.3773,0.372,0.3734,12520675.41
1670846400,0.3734,0.3756,0.3725,0.3754,6930947.609999999
1670860800,0.3754,0.3798,0.3753,0.3794,6048147.34
1670875200,0.3794,0.3894,0.3794,0.3871,4300967.91
1670889600,0.3871,0.3877,0.379,0.3793,20559318.35
1670904000,0.3793,0.3847,0.3779,0.3828,16828439.87
1670918400,0.3828,0.3864,0.3801,0.3858,7627582.69
1670932800,0.3858,0.3963,0.3857,0.3902,11821630.51
1670947200,0.3902,0.3941,0.3878,0.3916,13122807.24
1670961600,0.3916,0.396,0.3906,0.3951,4216817.93
1670976000,0.3951,0.3955,0.3892,0.3905,22381251.14
1670990400,0.3905,0.3914,0.3887,0.3895,11449795.16
1671004800,0.3895,0.3914,0.388,0.3894,7788453.06
1671019200,0.3894,0.3938,0.3892,0.3927,6848693.99
1671033600,0.3927,0.393,0.3778,0.382,14396635.46
1671048000,0.382,0.3867,0.3808,0.3852,5762813.4
1671062400,0.3852,0.3866,0.3769,0.3813,7612183.08
1671076800,0.3813,0.3825,0.3803,0.3809,6954491.62
1671091200,0.3809,0.3817,0.3779,0.3805,13031253.81
1671105600,0.3805,0.3833,0.3792,0.3816,10481071.7
1671120000,0.3816,0.3826,0.3739,0.3782,11768068.69
1671134400,0.3782,0.3795,0.3769,0.3785,7109110.76
1671148800,0.3785,0.3794,0.3764,0.3776,13895192.18
1671163200,0.3776,0.3801,0.3766,0.3799,12751675.96
1671177600,0.3799,0.3803,0.3585,0.3653,19795101.81
1671192000,0.3653,0.3654,0.3612,0.3623,13687128.36
1671206400,0.3623,0.3641,0.3569,0.3637,15409538.64
1671220800,0.3637,0.3667,0.3458,0.3517,15400911.44
1671235200,0.3517,0.3565,0.35,0.3534,5460884.71
1671249600,0.3534,0.3571,0.3519,0.3558,6676072.6
1671264000,0.3558,0.3566,0.3521,0.3527,2272632.68
1671278400,0.3527,0.3536,0.3513,0.3525,1964828.32
1671292800,0.3525,0.3526,0.3472,0.3503,2761144.64
1671307200,0.3503,0.3554,0.3491,0.3547,3333009.27
1671321600,0.3547,0.3553,0.3517,0.3535,1720973.81
1671336000,0.3535,0.3554,0.3529,0.3533,1708866.97
1671350400,0.3533,0.3537,0.3504,0.3522,2081393.88
1671364800,0.3522,0.3526,0.3496,0.3499,2066381.24
1671379200,0.3499,0.3515,0.3477,0.3503,3023574.03
1671393600,0.3503,0.3526,0.3494,0.3501,2690289.85
1671408000,0.3501,0.3532,0.3385,0.3416,20735353.23
1671422400,0.3416,0.3444,0.3384,0.344,14704038.88
1671436800,0.344,0.3459,0.3401,0.3422,19559152.17
1671451200,0.3422,0.3434,0.3386,0.3414,14449028.72
1671465600,0.3414,0.3418,0.3325,0.3375,17847743.85
1671480000,0.3375,0.3414,0.335,0.3391,9192892.09
1671494400,0.3391,0.3428,0.3361,0.3388,29943822.56
1671508800,0.3388,0.3455,0.3385,0.3418,14583182.8
1671523200,0.3418,0.3469,0.3406,0.3436,9957497.46
1671537600,0.3436,0.3488,0.3425,0.347,10789597.16
1671552000,0.347,0.3494,0.345,0.3491,7619086.5
1671566400,0.3491,0.353,0.3482,0.3484,10908777.28
1671580800,0.3484,0.3501,0.3375,0.3383,23643390.19
1671595200,0.3383,0.3432,0.3379,0.3406,9219115.56
1671609600,0.3406,0.3448,0.3391,0.3438,7054097.82
1671624000,0.3438,0.3443,0.3413,0.3438,9557565.24
1671638400,0.3438,0.3441,0.3412,0.3432,6036195.82
1671652800,0.3432,0.3472,0.3425,0.3451,5451248.18
1671667200,0.3451,0.3471,0.3414,0.3431,16046271.67
1671681600,0.3431,0.3454,0.3417,0.3444,11228235.37
1671696000,0.3444,0.3479,0.3434,0.3463,7428951.79
1671710400,0.3463,0.3469,0.3415,0.3427,9433651.85
1671724800,0.3427,0.3441,0.3417,0.3441,7518962.670000001
1671739200,0.3441,0.3501,0.3441,0.3494,5628747.49
1671753600,0.3494,0.3501,0.3471,0.3495,8774936.56
1671768000,0.3495,0.3518,0.3484,0.3491,4992353.13
1671782400,0.3491,0.3521,0.3476,0.3511,7438213.189999999
1671796800,0.3511,0.3536,0.349,0.35,8273521.78
1671811200,0.35,0.3529,0.3496,0.3528,5928645.75
1671825600,0.3528,0.3549,0.3506,0.3546,4980152.390000001
1671840000,0.3546,0.3546,0.3522,0.3528,1734202.84
1671854400,0.3528,0.3537,0.3513,0.3516,1666922.79
1671868800,0.3516,0.3521,0.351,0.352,708674.42
1671883200,0.352,0.3525,0.3514,0.3516,794627.53
1671897600,0.3516,0.3527,0.3515,0.3525,661132.37
1671912000,0.3525,0.3528,0.3514,0.3521,688472.64
1671926400,0.3521,0.3521,0.348,0.3492,6235962.78
1671940800,0.3492,0.3493,0.3481,0.3483,1208027.5
1671955200,0.3483,0.3486,0.3469,0.3469,715383.98
1671969600,0.3469,0.3476,0.3442,0.346,1852587.46
1671984000,0.346,0.3466,0.3444,0.3451,1190110.9300000002
1671998400,0.3451,0.3471,0.344,0.3457,1632952.52
1672012800,0.3457,0.3497,0.3455,0.3496,4478117.28
1672027200,0.3496,0.3517,0.3492,0.3514,3702363.65
1672041600,0.3514,0.3518,0.3498,0.3508,6928578.46
1672056000,0.3508,0.3565,0.3507,0.3564,7240658.77
1672070400,0.3564,0.3691,0.3562,0.3666,10304780.6
1672084800,0.3666,0.3699,0.3649,0.3661,6876925.6
1672099200,0.3661,0.3674,0.3585,0.3587,17814878.61
1672113600,0.3587,0.3698,0.3586,0.3679,11136621.81
1672128000,0.3679,0.3728,0.3666,0.3682,6887112.75
1672142400,0.3682,0.3709,0.3647,0.3691,6150629.73
1672156800,0.3691,0.3702,0.366,0.3697,6817845.27
1672171200,0.3697,0.3718,0.3673,0.3675,3317631.12
1672185600,0.3675,0.3685,0.3573,0.3589,22548089.75
1672200000,0.3589,0.3632,0.3552,0.3586,10143591.45
1672214400,0.3586,0.359,0.3558,0.358,8288882.67
1672228800,0.358,0.3614,0.3567,0.3567,5211234.53
1672243200,0.3567,0.3593,0.3554,0.3583,3741431.09
1672257600,0.3583,0.3595,0.3554,0.3558,1697822.17
1672272000,0.3558,0.3572,0.3422,0.3454,27108780.94
1672286400,0.3454,0.348,0.3434,0.3462,3600881.6
1672300800,0.3462,0.3473,0.3427,0.3429,12396917.35
1672315200,0.3429,0.3468,0.3425,0.3452,6715093.48
1672329600,0.3452,0.3464,0.3434,0.344,4172917.77
1672344000,0.344,0.3443,0.3373,0.3422,5084562.27
1672358400,0.3422,0.3447,0.3339,0.3383,18342333.11
1672372800,0.3383,0.3396,0.3337,0.3367,5022041.28
1672387200,0.3367,0.3388,0.3363,0.3379,3568897.95
1672401600,0.3379,0.34,0.3363,0.3394,6199346.069999999
1672416000,0.3394,0.3436,0.3385,0.3436,3983507.27
1672430400,0.3436,0.3454,0.3419,0.345,2589837.45
1672444800,0.345,0.345,0.3401,0.3403,1671350.3
1672459200,0.3403,0.3423,0.34,0.3422,838767.38
1672473600,0.3422,0.344,0.3418,0.3436,3432693.37
1672488000,0.3436,0.3445,0.3426,0.3437,1516920.73
1672502400,0.3437,0.3437,0.3408,0.3429,1010132.44
1672516800,0.3429,0.3435,0.3388,0.3389,1695479.77
1672531200,0.3389,0.3391,0.337,0.3376,3793756.78
1672545600,0.3376,0.3377,0.3352,0.3365,2141468.77
1672560000,0.3365,0.3382,0.3361,0.3381,699282.9
1672574400,0.3381,0.3384,0.3361,0.3364,1505902.06
1672588800,0.3364,0.3395,0.3364,0.3387,1137919.08
1672603200,0.3387,0.3399,0.3379,0.3387,832841.94
1672617600,0.3387,0.3391,0.312,0.3287,20803486.62
1672632000,0.3287,0.3389,0.3265,0.3377,12629360.07
1672646400,0.3377,0.3468,0.3376,0.3445,6573365.73
1672660800,0.3445,0.3515,0.3419,0.3511,10844523.61
1672675200,0.3511,0.3548,0.3498,0.3514,9644081.78
1672689600,0.3514,0.3545,0.3477,0.3483,5955961.46
1672704000,0.3483,0.3483,0.3415,0.3426,24205516.46
1672718400,0.3426,0.3519,0.3419,0.349,10348619.83
1672732800,0.349,0.3494,0.3435,0.3435,14486336.59
1672747200,0.3435,0.347,0.3413,0.3432,10427183.74
1672761600,0.3432,0.3453,0.3413,0.3453,5538390.19
1672776000,0.3453,0.3465,0.3432,0.3436,2803471.01
1672790400,0.3436,0.3519,0.3421,0.3484,10256014.33
1672804800,0.3484,0.3498,0.3467,0.3494,14998457.05
1672819200,0.3494,0.3507,0.3474,0.3489,6686289.88
1672833600,0.3489,0.349,0.3385,0.3473,9928238.52
1672848000,0.3473,0.351,0.3452,0.3465,8200516.06
1672862400,0.3465,0.3479,0.3443,0.3476,2691238.09
1672876800,0.3476,0.3484,0.3435,0.3455,10518133.92
1672891200,0.3455,0.3479,0.3435,0.3446,5361746.16
1672905600,0.3446,0.3451,0.3385,0.3416,7328892.290000001
1672920000,0.3416,0.3421,0.3386,0.3398,5625155.01
1672934400,0.3398,0.3413,0.3376,0.3411,5036209.23
1672948800,0.3411,0.3417,0.3355,0.3379,3150291.39
1672963200,0.3379,0.3403,0.3358,0.3393,6417242.51
1672977600,0.3393,0.3393,0.3313,0.335,6854812.23
1672992000,0.335,0.3367,0.3341,0.3345,3508975.76
1673006400,0.3345,0.3378,0.3334,0.3375,9130306.51
1673020800,0.3375,0.3425,0.3358,0.3419,5580092.04
1673035200,0.3419,0.3458,0.3406,0.3445,3664855.48
1673049600,0.3445,0.3454,0.3426,0.3428,1126045.85
1673064000,0.3428,0.3435,0.3415,0.3425,1185695.21
1673078400,0.3425,0.3432,0.3419,0.3428,570061.8200000001
1673092800,0.3428,0.3451,0.342,0.3448,1060833.71
1673107200,0.3448,0.3457,0.3427,0.3449,1305635.58
1673121600,0.3449,0.345,0.3431,0.3443,818353.3
1673136000,0.3443,0.3448,0.3383,0.3414,2937024.49
1673150400,0.3414,0.3415,0.3397,0.3401,1732354.5699999998
1673164800,0.3401,0.3415,0.3386,0.3387,5199912.77
1673179200,0.3387,0.343,0.3385,0.3429,1861080.39
1673193600,0.3429,0.3433,0.3389,0.3402,1912713.34
1673208000,0.3402,0.3462,0.3401,0.3447,3298510.47
1673222400,0.3447,0.3526,0.3434,0.3514,23055033.200000003
1673236800,0.3514,0.3541,0.3474,0.3485,12793294.45
1673251200,0.3485,0.3523,0.348,0.3501,17776660.76
1673265600,0.3501,0.3567,0.3455,0.3551,14404723.7
1673280000,0.3551,0.3572,0.3518,0.3558,7551006.77
1673294400,0.3558,0.3566,0.3469,0.3491,7514673.31
1673308800,0.3491,0.3522,0.3433,0.3487,17359468.79
1673323200,0.3487,0.3494,0.3463,0.3471,15047307.29
1673337600,0.3471,0.3505,0.3469,0.3488,6735023.45
1673352000,0.3488,0.3503,0.3465,0.35,8306292.51
1673366400,0.35,0.3534,0.348,0.3531,5957177.8
1673380800,0.3531,0.3538,0.3504,0.351,5885062.76
1673395200,0.351,0.3515,0.3476,0.3491,15433619.31
1673409600,0.3491,0.3673,0.3489,0.3619,16510876.0
1673424000,0.3619,0.3655,0.3596,0.3617,8897377.21
1673438400,0.3617,0.3739,0.3611,0.3688,12209254.21
1673452800,0.3688,0.3769,0.3674,0.3717,10235219.84
1673467200,0.3717,0.3747,0.3688,0.3729,6011553.01
1673481600,0.3729,0.38,0.3704,0.3766,12226741.91
1673496000,0.3766,0.3786,0.3712,0.3733,6410589.15
1673510400,0.3733,0.3743,0.3683,0.3689,5021319.29
1673524800,0.3689,0.3744,0.3635,0.3674,8770601.81
1673539200,0.3674,0.378,0.3665,0.3749,6583823.06
1673553600,0.3749,0.3776,0.3744,0.3747,3317770.9
1673568000,0.3747,0.3786,0.3705,0.3786,4981652.7
1673582400,0.3786,0.3797,0.3753,0.3766,4891995.08
1673596800,0.3766,0.378,0.3735,0.3745,6148177.02
1673611200,0.3745,0.3748,0.3689,0.3739,5932725.79
1673625600,0.3739,0.3773,0.3703,0.3766,5512947.54
1673640000,0.3766,0.3868,0.376,0.3861,5429387.22
1673654400,0.3861,0.4058,0.3855,0.4013,10489112.64
1673668800,0.4013,0.4078,0.3985,0.404,5563579.65
1673683200,0.404,0.4085,0.3827,0.3927,13308727.91
1673697600,0.3927,0.397,0.3875,0.3942,4884467.93
1673712000,0.3942,0.3954,0.3908,0.3924,3370661.9
1673726400,0.3924,0.3967,0.3914,0.3953,984007.46
1673740800,0.3953,0.3968,0.3853,0.3903,4571250.44
1673755200,0.3903,0.3904,0.3856,0.3879,965304.64
1673769600,0.3879,0.388,0.3806,0.3839,3458635.5
1673784000,0.3839,0.3891,0.38,0.3885,2505568.2800000003
1673798400,0.3885,0.3899,0.3837,0.3857,2015323.86
1673812800,0.3857,0.3872,0.3827,0.3847,1673074.0
1673827200,0.3847,0.4047,0.3845,0.4047,17517276.06
1673841600,0.4047,0.4054,0.3918,0.3926,16015981.87
1673856000,0.3926,0.3927,0.3788,0.3843,23587537.41
1673870400,0.3843,0.3867,0.3785,0.3854,12775467.4
1673884800,0.3854,0.3926,0.3849,0.3924,5493028.79
1673899200,0.3924,0.3935,0.3848,0.3861,3235320.32
1673913600,0.3861,0.3887,0.3791,0.3832,21884868.41
1673928000,0.3832,0.3898,0.3829,0.3897,3933398.23
1673942400,0.3897,0.3915,0.3848,0.3879,7339647.45
1673956800,0.3879,0.3915,0.3845,0.387,7897755.27
1673971200,0.387,0.3952,0.3851,0.3928,5935280.25
1673985600,0.3928,0.3983,0.3869,0.3869,2856725.5
1674000000,0.3869,0.3922,0.385,0.3873,14972293.74
1674014400,0.3873,0.3889,0.3857,0.3888,8921493.01
1674028800,0.3888,0.3913,0.3844,0.388,5688040.09
1674043200,0.388,0.3953,0.3752,0.3813,7377468.220000001
1674057600,0.3813,0.3907,0.3686,0.3896,18120437.85
1674072000,0.3896,0.3897,0.3776,0.3788,3655866.09
1674086400,0.3788,0.3808,0.3765,0.3784,9425853.16
1674100800,0.3784,0.3848,0.3784,0.3838,4209173.12
1674115200,0.3838,0.3893,0.3823,0.3844,5930417.699999999
1674129600,0.3844,0.3931,0.3825,0.3906,8101029.86
1674144000,0.3906,0.395,0.3891,0.3936,6165360.930000001
1674158400,0.3936,0.3956,0.3917,0.3931,3076875.41
1674172800,0.3931,0.3935,0.3894,0.3903,6209583.23
1674187200,0.3903,0.3916,0.3859,0.3881,8882771.73
1674201600,0.3881,0.3931,0.3876,0.391,3788794.44
1674216000,0.391,0.3939,0.3896,0.3924,4909918.45
1674230400,0.3924,0.4023,0.3924,0.4017,6342161.96
1674244800,0.4017,0.4134,0.4017,0.413,7119211.15
1674259200,0.413,0.4134,0.4065,0.4104,2731784.96
1674273600,0.4104,0.4114,0.408,0.4101,1640765.01
1674288000,0.4101,0.4161,0.3986,0.4085,5977873.04
1674302400,0.4085,0.4131,0.4065,0.4079,2211231.01
1674316800,0.4079,0.4143,0.4079,0.4138,1754922.68
1674331200,0.4138,0.414,0.4021,0.4033,1693135.51
1674345600,0.4033,0.4061,0.4001,0.4044,1029680.57
1674360000,0.4044,0.4081,0.4041,0.4045,997474.04
1674374400,0.4045,0.4055,0.4031,0.4039,1549379.71
1674388800,0.4039,0.4094,0.4026,0.4056,2886045.02
1674403200,0.4056,0.4117,0.4041,0.4047,1945160.92
1674417600,0.4047,0.4048,0.3968,0.4007,4861857.68
1674432000,0.4007,0.4119,0.3999,0.4051,5011846.37
1674446400,0.4051,0.4137,0.4036,0.4135,9249159.6
1674460800,0.4135,0.4322,0.4135,0.4229,20522582.84
1674475200,0.4229,0.4294,0.4142,0.422,16683570.09
1674489600,0.422,0.4305,0.4192,0.4266,15067374.62
1674504000,0.4266,0.4326,0.4229,0.4238,5490930.76
1674518400,0.4238,0.4253,0.4199,0.4247,8653060.09
1674532800,0.4247,0.4249,0.4184,0.4239,13202362.08
1674547200,0.4239,0.4308,0.4206,0.4215,6028278.0
1674561600,0.4215,0.4241,0.4175,0.421,6221984.59
1674576000,0.421,0.424,0.4158,0.424,4676434.09
1674590400,0.424,0.4245,0.4039,0.4077,4892884.54
1674604800,0.4077,0.4077,0.3976,0.4042,15167017.44
1674619200,0.4042,0.4095,0.404,0.4092,3421909.36
1674633600,0.4092,0.4102,0.4035,0.405,8577027.59
1674648000,0.405,0.4089,0.4022,0.4056,4214256.7
1674662400,0.4056,0.4113,0.4041,0.4113,4286287.19
1674676800,0.4113,0.4239,0.4112,0.4171,3952048.36
1674691200,0.4171,0.4176,0.4099,0.4103,10823006.45
1674705600,0.4103,0.4143,0.4086,0.4088,4419163.99
1674720000,0.4088,0.412,0.4082,0.4102,3279329.04
1674734400,0.4102,0.4138,0.4076,0.4081,4548982.8
1674748800,0.4081,0.4116,0.4055,0.4116,3591504.74
1674763200,0.4116,0.4124,0.4086,0.4093,3110302.54
1674777600,0.4093,0.4101,0.3991,0.4058,5957332.94
1674792000,0.4058,0.4074,0.4033,0.4074,3357616.04
1674806400,0.4074,0.4092,0.4061,0.4065,2098166.92
1674820800,0.4065,0.4086,0.4045,0.4065,3668402.57
1674835200,0.4065,0.4127,0.406,0.4125,3412310.57
1674849600,0.4125,0.4132,0.4093,0.4127,2216428.39
1674864000,0.4127,0.4162,0.4095,0.4108,2314006.48
1674878400,0.4108,0.4142,0.409,0.4108,931422.04
1674892800,0.4108,0.4114,0.4091,0.411,820231.8300000001
1674907200,0.411,0.411,0.406,0.4092,1340886.12
1674921600,0.4092,0.4101,0.4075,0.4094,688778.19
1674936000,0.4094,0.4095,0.406,0.408,694669.04
1674950400,0.408,0.4139,0.4068,0.4103,1475164.06
1674964800,0.4103,0.4108,0.4091,0.4101,1180227.28
1674979200,0.4101,0.4139,0.41,0.4119,1854767.79
1674993600,0.4119,0.413,0.4107,0.412,2192959.0300000003
1675008000,0.412,0.4171,0.4108,0.4155,1684179.7999999998
1675022400,0.4155,0.4158,0.4122,0.4133,1325382.72
1675036800,0.4133,0.4215,0.4072,0.4135,21333546.790000003
1675051200,0.4135,0.4147,0.4089,0.4103,6395290.49
1675065600,0.4103,0.4115,0.396,0.3975,17099205.990000002
1675080000,0.3975,0.403,0.3969,0.3997,9636848.05
1675094400,0.3997,0.4016,0.3894,0.3949,7492400.05
1675108800,0.3949,0.3959,0.3895,0.3933,4685016.859999999
1675123200,0.3933,0.3937,0.388,0.3909,24302576.48
1675137600,0.3909,0.3956,0.3884,0.3954,11838469.54
1675152000,0.3954,0.4019,0.3946,0.3995,6632321.17
1675166400,0.3995,0.4029,0.3991,0.4018,5618273.41
1675180800,0.4018,0.4107,0.4017,0.4099,6194727.03
1675195200,0.4099,0.4109,0.4023,0.4058,4056934.2
1675209600,0.4058,0.4064,0.4004,0.4027,8006509.96
1675224000,0.4027,0.4064,0.3986,0.4001,6057232.53
1675238400,0.4001,0.4049,0.3983,0.4029,3709396.74
1675252800,0.4029,0.4044,0.3967,0.3974,5018169.15
1675267200,0.3974,0.4094,0.3967,0.4074,6327412.720000001
1675281600,0.4074,0.4154,0.4074,0.4137,5128107.43
1675296000,0.4137,0.4169,0.4101,0.4124,14778222.95
1675310400,0.4124,0.415,0.4104,0.4127,5870531.96
1675324800,0.4127,0.415,0.4121,0.4143,3309079.73
1675339200,0.4143,0.4153,0.4108,0.414,4072995.75
1675353600,0.414,0.4185,0.412,0.4132,6589554.43
1675368000,0.4132,0.4145,0.4089,0.4097,2788483.66
1675382400,0.4097,0.411,0.4061,0.411,7939135.98
1675396800,0.411,0.4126,0.4092,0.4105,2976633.71
1675411200,0.4105,0.4134,0.4096,0.4107,2804875.42
1675425600,0.4107,0.4119,0.4059,0.4102,7864852.21
1675440000,0.4102,0.4111,0.4067,0.4091,3875056.37
1675454400,0.4091,0.4122,0.4078,0.4118,2043930.82
1675468800,0.4118,0.4118,0.4086,0.4086,1262239.73
1675483200,0.4086,0.4097,0.4077,0.4096,1076893.9
1675497600,0.4096,0.4111,0.4085,0.4108,646491.03
1675512000,0.4108,0.4146,0.4104,0.4132,1569584.95
1675526400,0.4132,0.4201,0.4108,0.4161,3185417.24
1675540800,0.4161,0.4168,0.409,0.4106,1724810.68
1675555200,0.4106,0.4119,0.407,0.4084,3636128.05
1675569600,0.4084,0.4105,0.4083,0.4102,967526.46
1675584000,0.4102,0.4115,0.4092,0.4093,1414087.75
1675598400,0.4093,0.41,0.3991,0.4003,5331253.85
1675612800,0.4003,0.4007,0.3952,0.3981,2468862.63
1675627200,0.3981,0.3999,0.3956,0.3984,2716576.41
1675641600,0.3984,0.4031,0.3958,0.3978,19728242.22
1675656000,0.3978,0.4009,0.3941,0.3978,7522835.01
1675670400,0.3978,0.3995,0.3948,0.3975,13004567.93
1675684800,0.3975,0.3999,0.3963,0.3999,7444741.98
1675699200,0.3999,0.4036,0.3985,0.4025,3986071.57
1675713600,0.4025,0.4031,0.3911,0.3921,7169979.38
1675728000,0.3921,0.3951,0.39,0.3926,14396405.93
1675742400,0.3926,0.3969,0.3922,0.3952,5291651.89
1675756800,0.3952,0.3982,0.3931,0.396,4968325.77
1675771200,0.396,0.3974,0.3924,0.3942,5201047.07
1675785600,0.3942,0.4009,0.3918,0.3997,6667558.27
1675800000,0.3997,0.4048,0.3993,0.4038,2670892.13
1675814400,0.4038,0.4059,0.4,0.4011,11962570.66
1675828800,0.4011,0.4021,0.3998,0.4017,4051692.52
1675843200,0.4017,0.4018,0.3988,0.4017,4184194.58
1675857600,0.4017,0.4018,0.397,0.397,2647926.89
1675872000,0.397,0.3985,0.3938,0.3967,4691995.9
1675886400,0.3967,0.399,0.3951,0.3977,1691910.94
1675900800,0.3977,0.3989,0.3864,0.3909,7022999.69
1675915200,0.3909,0.3941,0.3898,0.3939,5991699.51
1675929600,0.3939,0.3947,0.3919,0.3938,5902244.029999999
1675944000,0.3938,0.4082,0.3931,0.4016,6718561.3
1675958400,0.4016,0.404,0.3814,0.3877,10691073.28
1675972800,0.3877,0.3896,0.3732,0.3818,5754587.43
1675987200,0.3818,0.3877,0.3809,0.3872,4112841.0
1676001600,0.3872,0.3877,0.3805,0.3864,4859027.66
1676016000,0.3864,0.387,0.3829,0.383,2245084.38
1676030400,0.383,0.3847,0.3777,0.3796,5189789.45
1676044800,0.3796,0.3843,0.3779,0.3843,3514546.5
1676059200,0.3843,0.3844,0.38,0.3822,1401815.5499999998
1676073600,0.3822,0.3839,0.3802,0.3821,1036199.89
1676088000,0.3821,0.3832,0.3809,0.3818,708644.86
1676102400,0.3818,0.3832,0.3814,0.3823,1641102.64
1676116800,0.3823,0.3835,0.3819,0.3824,640009.3300000001
1676131200,0.3824,0.3824,0.38,0.3814,585060.55
1676145600,0.3814,0.3876,0.381,0.3837,594107.12
1676160000,0.3837,0.3837,0.3813,0.3815,799727.13
1676174400,0.3815,0.3821,0.3804,0.3814,1381128.78
1676188800,0.3814,0.3836,0.3811,0.3825,905676.87
1676203200,0.3825,0.3832,0.3811,0.3824,882559.99
1676217600,0.3824,0.3848,0.382,0.3838,1174332.73
1676232000,0.3838,0.384,0.3731,0.3746,5056689.08
1676246400,0.3746,0.3781,0.3662,0.3716,23063263.3
1676260800,0.3716,0.3769,0.3713,0.3759,8242483.78
1676275200,0.3759,0.3759,0.3624,0.3652,22838193.78
1676289600,0.3652,0.3713,0.3647,0.3668,18092618.34
1676304000,0.3668,0.3716,0.3636,0.3715,16545112.31
1676318400,0.3715,0.3739,0.3696,0.3707,15579510.28
1676332800,0.3707,0.371,0.3649,0.368,30512894.630000003
1676347200,0.368,0.3717,0.3665,0.3707,13444354.85
1676361600,0.3707,0.3714,0.3666,0.3694,7629066.1
1676376000,0.3694,0.3778,0.3659,0.3759,11425891.77
1676390400,0.3759,0.3801,0.3734,0.3797,6581987.66
1676404800,0.3797,0.3839,0.3775,0.3823,5489977.41
1676419200,0.3823,0.3823,0.3765,0.3804,10325085.92
1676433600,0.3804,0.3829,0.3794,0.3824,4420452.51
1676448000,0.3824,0.3862,0.3807,0.3861,4822352.69
1676462400,0.3861,0.389,0.3859,0.3869,7212604.439999999
1676476800,0.3869,0.3945,0.385,0.394,4400300.92
1676491200,0.394,0.402,0.3938,0.4011,5003080.71
1676505600,0.4011,0.4043,0.397,0.401,5267889.86
1676520000,0.401,0.4028,0.3981,0.3997,5897955.5200000005
1676534400,0.3997,0.4016,0.3966,0.3975,4395063.6
1676548800,0.3975,0.4018,0.3944,0.4016,6097064.25
1676563200,0.4016,0.4031,0.397,0.3996,6170862.49
1676577600,0.3996,0.3997,0.3844,0.3848,4111657.28
1676592000,0.3848,0.3907,0.3813,0.3903,4881319.47
1676606400,0.3903,0.3906,0.3864,0.3873,4648180.35
1676620800,0.3873,0.3896,0.3864,0.3877,2729986.76
1676635200,0.3877,0.3912,0.386,0.3887,6434242.68
1676649600,0.3887,0.3956,0.3859,0.3952,5825213.43
1676664000,0.3952,0.3998,0.3903,0.3951,3657404.06
1676678400,0.3951,0.3959,0.3937,0.3949,1926054.24
1676692800,0.3949,0.3968,0.3937,0.3946,1302960.86
1676707200,0.3946,0.3959,0.3915,0.3927,1495871.42
1676721600,0.3927,0.3955,0.3926,0.3951,1132568.19
1676736000,0.3951,0.3974,0.393,0.3935,1637413.88
1676750400,0.3935,0.3949,0.3922,0.3944,710078.82
1676764800,0.3944,0.3956,0.3894,0.3912,1489738.49
1676779200,0.3912,0.394,0.391,0.3914,628460.25
1676793600,0.3914,0.3933,0.391,0.3932,1409520.07
1676808000,0.3932,0.3971,0.3932,0.3961,1276341.33
1676822400,0.3961,0.3977,0.3881,0.3884,2593596.07
1676836800,0.3884,0.3893,0.3851,0.3863,4395419.47
1676851200,0.3863,0.3897,0.3786,0.3875,15754603.8
1676865600,0.3875,0.3921,0.3875,0.3903,10732063.58
1676880000,0.3903,0.3947,0.3888,0.3926,18921037.51
1676894400,0.3926,0.4084,0.3915,0.4026,13579541.2
1676908800,0.4026,0.4079,0.3981,0.403,15588656.57
1676923200,0.403,0.4036,0.3968,0.3983,6074176.48
1676937600,0.3983,0.3987,0.3937,0.3939,22761009.07
1676952000,0.3939,0.4007,0.3935,0.3997,4489907.359999999
1676966400,0.3997,0.4021,0.3893,0.3899,8849511.5
1676980800,0.3899,0.3928,0.3881,0.389,8510506.16
1676995200,0.389,0.3944,0.3876,0.3938,6264003.98
1677009600,0.3938,0.395,0.3889,0.3921,3917349.48
1677024000,0.3921,0.3925,0.3831,0.3903,10070666.68
1677038400,0.3903,0.392,0.3856,0.3904,4946167.859999999
1677052800,0.3904,0.3907,0.3858,0.3906,4628134.98
1677067200,0.3906,0.3972,0.3864,0.3886,5581096.07
1677081600,0.3886,0.3939,0.387,0.393,5548287.62
1677096000,0.393,0.3963,0.3912,0.3952,2273789.64
1677110400,0.3952,0.3967,0.3901,0.3951,10324063.27
1677124800,0.3951,0.3976,0.3939,0.3964,6646146.75
1677139200,0.3964,0.3972,0.3885,0.3893,5353766.23
1677153600,0.3893,0.3929,0.3882,0.3894,6932102.49
1677168000,0.3894,0.3913,0.3859,0.3912,7009666.81
1677182400,0.3912,0.3915,0.3869,0.3886,2211693.4
1677196800,0.3886,0.3903,0.3877,0.3894,2545580.33
1677211200,0.3894,0.3908,0.3863,0.3886,5540403.380000001
1677225600,0.3886,0.3899,0.3869,0.389,3826723.24
1677240000,0.389,0.3902,0.3788,0.3816,8736880.15
1677254400,0.3816,0.3816,0.3729,0.3777,9335677.36
1677268800,0.3777,0.3793,0.3728,0.3785,3222577.11
1677283200,0.3785,0.4022,0.3763,0.3777,1219872.34
1677297600,0.3777,0.3914,0.3763,0.378,1133797.51
1677312000,0.378,0.3845,0.3764,0.3777,1218103.7
1677326400,0.3777,0.385,0.3755,0.3772,1580468.73
1677340800,0.3772,0.3831,0.3738,0.3811,1833622.95
1677355200,0.3811,0.385,0.3701,0.378,2729124.88
1677369600,0.378,0.3867,0.377,0.3817,1493361.73
1677384000,0.3817,0.386,0.3774,0.3778,1157388.16
1677398400,0.3778,0.3935,0.3761,0.3766,2746806.83
1677412800,0.3766,0.3904,0.3756,0.376,1857109.38
1677427200,0.376,0.395,0.3749,0.3913,1883798.55
1677441600,0.3913,0.3979,0.3757,0.3933,2037348.59
1677456000,0.3933,0.4512,0.3753,0.376,22870944.95
1677470400,0.376,0.4342,0.374,0.374,11740335.9
1677484800,0.374,0.4293,0.3705,0.4047,24379747.48
1677499200,0.4047,0.418,0.3711,0.3771,12740212.74
1677513600,0.3771,0.4221,0.3737,0.4221,7051144.9
1677528000,0.4221,0.4224,0.3771,0.4018,5332453.01
1677542400,0.4018,0.4227,0.3715,0.4055,26306118.76
1677556800,0.4055,0.418,0.3729,0.3743,6699469.22
1677571200,0.3743,0.4139,0.3722,0.377,6105918.09
1677585600,0.377,0.3799,0.3766,0.3796,9342650.16
1677600000,0.3796,0.3824,0.3775,0.3803,7407843.55
1677614400,0.3803,0.3818,0.3746,0.3766,6061178.67
1677628800,0.3766,0.3766,0.3725,0.3765,19989709.81
1677643200,0.3765,0.3827,0.3757,0.3818,4678133.86
1677657600,0.3818,0.3843,0.3792,0.38,7508131.66
1677672000,0.38,0.3818,0.3786,0.3815,6971761.71
1677686400,0.3815,0.384,0.3785,0.3802,5913122.77
1677700800,0.3802,0.3841,0.3802,0.3837,1521227.33
1677715200,0.3837,0.3844,0.3775,0.3776,11066791.7
1677729600,0.3776,0.3799,0.3776,0.3786,6250348.109999999
1677744000,0.3786,0.3794,0.3769,0.3782,5970394.94
1677758400,0.3782,0.3787,0.3743,0.3757,10414798.73
1677772800,0.3757,0.3808,0.3737,0.3808,5061472.35
1677787200,0.3808,0.381,0.3772,0.3773,3303175.73
1677801600,0.3773,0.3781,0.3559,0.3646,15102942.35
1677816000,0.3646,0.3692,0.3637,0.3651,5303011.300000001
1677830400,0.3651,0.3681,0.3643,0.3676,6244508.029999999
1677844800,0.3676,0.3695,0.3655,0.3674,7302060.439999999
1677859200,0.3674,0.3712,0.3664,0.3707,4538813.47
1677873600,0.3707,0.3803,0.37,0.3773,3623907.42
1677888000,0.3773,0.3797,0.3749,0.3755,1704778.4
1677902400,0.3755,0.3765,0.3738,0.376,946242.51
1677916800,0.376,0.3763,0.3749,0.3754,1029159.52
1677931200,0.3754,0.376,0.3747,0.3752,1454947.77
1677945600,0.3752,0.3791,0.3718,0.3728,2212347.0300000003
1677960000,0.3728,0.3744,0.3686,0.3736,2293902.9
1677974400,0.3736,0.3772,0.3713,0.3744,3614547.77
1677988800,0.3744,0.3751,0.3726,0.3729,774539.25
1678003200,0.3729,0.3729,0.3715,0.3718,1071966.85
1678017600,0.3718,0.3725,0.371,0.3711,3002895.92
1678032000,0.3711,0.3711,0.3677,0.368,3049180.31
1678046400,0.368,0.3699,0.3658,0.3668,2456857.0300000003
1678060800,0.3668,0.3695,0.3603,0.3656,25960931.46
1678075200,0.3656,0.3676,0.3626,0.3626,8666771.98
1678089600,0.3626,0.3655,0.3596,0.3609,27565037.41
1678104000,0.3609,0.3675,0.3606,0.3673,11975786.86
1678118400,0.3673,0.3738,0.3667,0.3718,7797897.45
1678132800,0.3718,0.3731,0.3696,0.3697,7121982.69
1678147200,0.3697,0.3708,0.3668,0.3678,20781863.77
1678161600,0.3678,0.3728,0.3678,0.3695,7947613.279999999
1678176000,0.3695,0.3717,0.3679,0.3707,13470480.96
1678190400,0.3707,0.3821,0.3707,0.3786,13111217.38
1678204800,0.3786,0.3819,0.3758,0.3801,11037155.49
1678219200,0.3801,0.3843,0.3786,0.3802,9194584.17
1678233600,0.3802,0.3853,0.3763,0.3786,18856100.17
1678248000,0.3786,0.3803,0.3725,0.3759,6867435.399999999
1678262400,0.3759,0.3896,0.3759,0.3868,7550337.54
1678276800,0.3868,0.4006,0.3861,0.3968,16018725.22
1678291200,0.3968,0.3985,0.3907,0.3957,7260186.91
1678305600,0.3957,0.3981,0.3848,0.3886,5999618.42
1678320000,0.3886,0.3941,0.3859,0.3886,9408864.63
1678334400,0.3886,0.3909,0.3858,0.3904,7965508.75
1678348800,0.3904,0.3958,0.3894,0.3933,6677126.86
1678363200,0.3933,0.397,0.3915,0.393,7860128.91
1678377600,0.393,0.3936,0.3766,0.3786,16306489.42
1678392000,0.3786,0.3786,0.3645,0.371,11169577.29
1678406400,0.371,0.3747,0.3656,0.3739,7027420.62
1678420800,0.3739,0.375,0.3674,0.3703,8325022.68
1678435200,0.3703,0.3715,0.358,0.3614,9138882.89
1678449600,0.3614,0.3723,0.3609,0.369,10355336.67
1678464000,0.369,0.3721,0.3641,0.3682,10115515.32
1678478400,0.3682,0.3734,0.3672,0.3711,4583933.04
1678492800,0.3711,0.3772,0.3698,0.3712,13354493.84
1678507200,0.3712,0.3715,0.3638,0.3652,11535978.57
1678521600,0.3652,0.3671,0.3617,0.3636,6679591.21
1678536000,0.3636,0.3651,0.3614,0.365,6568845.08
1678550400,0.365,0.3666,0.3623,0.3657,6072806.140000001
1678564800,0.3657,0.3685,0.3634,0.3669,4313660.34
1678579200,0.3669,0.3681,0.3642,0.3666,4353421.29
1678593600,0.3666,0.3673,0.3609,0.3627,4831298.63
1678608000,0.3627,0.3635,0.3608,0.3631,3371923.2
1678622400,0.3631,0.3631,0.3541,0.3563,6574189.48
1678636800,0.3563,0.3665,0.3518,0.3614,6976114.65
1678651200,0.3614,0.3734,0.3612,0.3733,10567790.86
1678665600,0.3733,0.3779,0.3606,0.3655,28868462.23
1678680000,0.3655,0.3685,0.365,0.368,17044064.98
1678694400,0.368,0.368,0.3563,0.36,26284978.93
1678708800,0.36,0.3801,0.3564,0.3744,22341541.67
1678723200,0.3744,0.3769,0.3696,0.3724,10207030.35
1678737600,0.3724,0.3757,0.3706,0.3733,3104506.56
1678752000,0.3733,0.3733,0.3697,0.3719,6826410.91
1678766400,0.3719,0.374,0.3686,0.3696,5406264.51
1678780800,0.3696,0.3705,0.3663,0.3692,5124372.18
1678795200,0.3692,0.3876,0.3673,0.3855,12777825.22
1678809600,0.3855,0.3861,0.372,0.378,7751744.57
1678824000,0.378,0.3788,0.3686,0.3734,5305628.21
1678838400,0.3734,0.3759,0.3704,0.3753,2397877.14
1678852800,0.3753,0.3771,0.3725,0.3751,3469925.83
1678867200,0.3751,0.3752,0.3659,0.3701,4258666.22
1678881600,0.3701,0.3721,0.36,0.3617,6432765.84
1678896000,0.3617,0.364,0.3573,0.3616,6882261.779999999
1678910400,0.3616,0.3652,0.3596,0.3601,4773622.51
1678924800,0.3601,0.3641,0.3577,0.3634,2415444.76
1678939200,0.3634,0.3664,0.3628,0.364,1387589.96
1678953600,0.364,0.3659,0.3613,0.3635,5169757.98
1678968000,0.3635,0.3649,0.3593,0.3637,3292723.4
1678982400,0.3637,0.3675,0.3628,0.3667,2349302.18
1678996800,0.3667,0.3667,0.3623,0.3655,1579788.17
1679011200,0.3655,0.37,0.3631,0.37,1986330.88
1679025600,0.37,0.3708,0.3679,0.3697,1970667.63
1679040000,0.3697,0.3781,0.3678,0.3778,5914063.85
1679054400,0.3778,0.3826,0.3686,0.3701,7912514.56
1679068800,0.3701,0.3755,0.3692,0.3753,3481630.4
1679083200,0.3753,0.3813,0.3735,0.3805,4551796.83
1679097600,0.3805,0.3899,0.3775,0.3845,4969763.42
1679112000,0.3845,0.3861,0.3819,0.3824,1762219.39
1679126400,0.3824,0.3844,0.378,0.3835,1714415.02
1679140800,0.3835,0.3843,0.3746,0.3776,2787704.1
1679155200,0.3776,0.3817,0.3706,0.3802,2770413.03
1679169600,0.3802,0.3809,0.3733,0.3746,1342766.91
1679184000,0.3746,0.3783,0.3746,0.3782,1223041.94
1679198400,0.3782,0.3883,0.3765,0.3801,2723315.7
1679212800,0.3801,0.3967,0.379,0.3945,4055720.38
1679227200,0.3945,0.4008,0.3912,0.3929,4475635.1
1679241600,0.3929,0.3972,0.3918,0.3951,2884467.58
1679256000,0.3951,0.3976,0.3866,0.3867,2686589.6
1679270400,0.3867,0.392,0.3814,0.3817,5537141.44
1679284800,0.3817,0.3848,0.379,0.3846,8554780.88
1679299200,0.3846,0.3854,0.3802,0.3833,4628036.53
1679313600,0.3833,0.3839,0.3795,0.38,4137157.36
1679328000,0.38,0.3808,0.3731,0.3756,10450706.76
1679342400,0.3756,0.3792,0.3736,0.3745,3358515.45
1679356800,0.3745,0.3846,0.3741,0.3827,5563097.05
1679371200,0.3827,0.3874,0.3795,0.3874,4110943.54
1679385600,0.3874,0.3941,0.3844,0.3919,7142511.859999999
1679400000,0.3919,0.4316,0.3908,0.4294,21480995.66
1679414400,0.4294,0.4795,0.4282,0.4762,27149730.53
1679428800,0.4762,0.4932,0.4574,0.4698,20349263.63
1679443200,0.4698,0.4757,0.4531,0.4597,14443873.17
1679457600,0.4597,0.4713,0.4549,0.4566,7487912.13
1679472000,0.4566,0.4592,0.4427,0.4438,9171052.42
1679486400,0.4438,0.4525,0.4345,0.4355,12611258.44
1679500800,0.4355,0.4456,0.4111,0.4128,17030395.58
1679515200,0.4128,0.4266,0.4126,0.4219,5825667.65
1679529600,0.4219,0.4266,0.413,0.4198,7479291.87
1679544000,0.4198,0.4545,0.419,0.4481,5014400.77
1679558400,0.4481,0.4554,0.4396,0.4492,8476562.38
1679572800,0.4492,0.4539,0.4359,0.4488,13147365.46
1679587200,0.4488,0.4552,0.4364,0.4445,9215419.11
1679601600,0.4445,0.447,0.4394,0.4449,3710378.55
1679616000,0.4449,0.445,0.4321,0.4331,10626629.44
1679630400,0.4331,0.4381,0.4296,0.4336,3221367.42
1679644800,0.4336,0.4344,0.42,0.4232,7499003.71
1679659200,0.4232,0.4291,0.422,0.4271,9386451.42
1679673600,0.4271,0.4302,0.4155,0.4266,7913161.85
1679688000,0.4266,0.4275,0.4177,0.4262,3487763.3
1679702400,0.4262,0.4315,0.4234,0.4306,2588397.1
1679716800,0.4306,0.4523,0.4298,0.4457,7648239.04
1679731200,0.4457,0.4485,0.4398,0.4474,3371352.93
1679745600,0.4474,0.4632,0.4423,0.4586,7441587.449999999
1679760000,0.4586,0.4647,0.4495,0.45,8007707.41
1679774400,0.45,0.4556,0.4411,0.4436,3221153.63
1679788800,0.4436,0.4519,0.4416,0.449,3760098.85
1679803200,0.449,0.4599,0.4474,0.4571,4527859.37
1679817600,0.4571,0.4636,0.4554,0.4585,3569900.7
1679832000,0.4585,0.4593,0.4461,0.4476,4077205.57
1679846400,0.4476,0.4496,0.4447,0.4484,2205494.93
1679860800,0.4484,0.4519,0.4426,0.4484,2981881.8
1679875200,0.4484,0.4564,0.4427,0.4544,11400005.34
1679889600,0.4544,0.4597,0.4494,0.4597,5172538.64
1679904000,0.4597,0.4792,0.4596,0.4775,11880714.53
1679918400,0.4775,0.4884,0.4565,0.4584,18418910.79
1679932800,0.4584,0.4737,0.4562,0.4679,7926522.5
1679947200,0.4679,0.4812,0.4666,0.4798,8100261.189999999
1679961600,0.4798,0.4833,0.4674,0.4736,14262129.58
1679976000,0.4736,0.4927,0.4725,0.4835,10074785.24
1679990400,0.4835,0.4995,0.4789,0.4968,12616780.85
1680004800,0.4968,0.5045,0.4933,0.4982,16384501.69
1680019200,0.4982,0.5284,0.4948,0.5203,21935770.32
1680033600,0.5203,0.533,0.5125,0.5144,17033280.16
1680048000,0.5144,0.5383,0.5144,0.536,15205155.63
1680062400,0.536,0.56,0.5327,0.5581,16622265.59
1680076800,0.5581,0.5831,0.5545,0.5702,22230408.23
1680091200,0.5702,0.5702,0.5369,0.5441,20553925.55
1680105600,0.5441,0.5548,0.5366,0.5525,9927955.43
1680120000,0.5525,0.5567,0.5357,0.5427,16549806.19
1680134400,0.5427,0.5512,0.5239,0.5337,15919291.86
1680148800,0.5337,0.5415,0.526,0.538,9270970.16
1680163200,0.538,0.5563,0.5284,0.5501,8675492.75
1680177600,0.5501,0.5502,0.5303,0.5326,10342282.8
1680192000,0.5326,0.5393,0.5276,0.5391,7859941.06
1680206400,0.5391,0.5421,0.5319,0.5324,5453079.88
1680220800,0.5324,0.5359,0.5283,0.5333,7146569.84
1680235200,0.5333,0.5482,0.5325,0.5341,8077386.06
1680249600,0.5341,0.5365,0.5276,0.5309,7885347.51
1680264000,0.5309,0.5362,0.527,0.5301,8873043.69
1680278400,0.5301,0.536,0.5292,0.5357,2444883.17
1680292800,0.5357,0.5478,0.5334,0.5376,4645689.649999999
1680307200,0.5376,0.5376,0.5318,0.5323,1793408.9
1680321600,0.5323,0.5339,0.507,0.5092,5927283.23
1680336000,0.5092,0.5235,0.4988,0.5163,8664823.44
1680350400,0.5163,0.5182,0.5091,0.5116,2329190.56
1680364800,0.5116,0.5138,0.5045,0.5081,2275605.26
1680379200,0.5081,0.5121,0.508,0.5097,1467318.49
1680393600,0.5097,0.52,0.5023,0.5129,1691086.64
1680408000,0.5129,0.5196,0.5119,0.5143,1662741.92
1680422400,0.5143,0.5178,0.513,0.5153,1951077.03
1680436800,0.5153,0.5269,0.5082,0.5218,4694116.140000001
1680451200,0.5218,0.5291,0.5178,0.5196,3220811.49
1680465600,0.5196,0.5219,0.5163,0.5184,2324009.89
1680480000,0.5184,0.524,0.5037,0.5122,9544961.8
1680494400,0.5122,0.5137,0.5066,0.5136,3592177.63
1680508800,0.5136,0.518,0.5123,0.5148,5889866.67
1680523200,0.5148,0.5154,0.5062,0.5087,6005936.75
1680537600,0.5087,0.5137,0.5046,0.5096,5669477.87
1680552000,0.5096,0.5099,0.4853,0.4965,11844722.14
1680566400,0.4965,0.4978,0.4872,0.4946,11034899.579999998
1680580800,0.4946,0.5018,0.4938,0.4965,5199830.88
1680595200,0.4965,0.5006,0.4938,0.4982,8671705.54
1680609600,0.4982,0.5044,0.4961,0.498,5404816.359999999
1680624000,0.498,0.506,0.4966,0.5048,7586856.1
1680638400,0.5048,0.5072,0.5012,0.5029,3099569.27
1680652800,0.5029,0.5066,0.4991,0.5053,12499974.62
1680667200,0.5053,0.5264,0.504,0.5217,7861766.23
1680681600,0.5217,0.5245,0.5135,0.515,6501019.8100000005
1680696000,0.515,0.5156,0.5015,0.5033,7016960.66
1680710400,0.5033,0.5088,0.499,0.5078,3984796.65
1680724800,0.5078,0.5089,0.5033,0.506,1874722.43
1680739200,0.506,0.506,0.4952,0.5028,8273994.0
1680753600,0.5028,0.5048,0.497,0.4973,4627815.9
1680768000,0.4973,0.5002,0.4927,0.4989,4727696.69
1680782400,0.4989,0.5066,0.4959,0.5054,4817659.220000001
1680796800,0.5054,0.5093,0.5042,0.5073,2649858.1500000004
1680811200,0.5073,0.5084,0.5014,0.5027,2487848.4
1680825600,0.5027,0.5039,0.498,0.5021,2763108.57
1680840000,0.5021,0.5141,0.5007,0.5073,4827685.529999999
1680854400,0.5073,0.5131,0.5031,0.5038,4732700.84
1680868800,0.5038,0.5085,0.5035,0.508,2128748.52
1680883200,0.508,0.5137,0.5058,0.5128,3521589.6900000004
1680897600,0.5128,0.5144,0.5101,0.5132,2723124.63
1680912000,0.5132,0.5132,0.5076,0.5121,1778090.01
1680926400,0.5121,0.5129,0.5102,0.511,1357380.56
1680940800,0.511,0.5117,0.5093,0.5104,1302889.42
1680955200,0.5104,0.5106,0.5086,0.5093,1235884.76
1680969600,0.5093,0.5101,0.503,0.5062,2473711.51
1680984000,0.5062,0.5072,0.5035,0.5053,861098.02
1680998400,0.5053,0.5092,0.5052,0.5066,860659.87
1681012800,0.5066,0.5081,0.5024,0.5033,1233559.3
1681027200,0.5033,0.5041,0.5022,0.5036,1674437.0099999998
1681041600,0.5036,0.505,0.4994,0.5021,1617598.4
1681056000,0.5021,0.5069,0.5006,0.5055,1384859.74
1681070400,0.5055,0.5085,0.5041,0.5054,1353529.9
1681084800,0.5054,0.5071,0.4975,0.5036,7187885.33
1681099200,0.5036,0.5046,0.5008,0.5042,1961800.31
1681113600,0.5042,0.506,0.5027,0.5043,4227420.16
1681128000,0.5043,0.5051,0.5016,0.5046,4190643.49
1681142400,0.5046,0.5132,0.5033,0.5131,4896379.93
1681156800,0.5131,0.5196,0.5109,0.5175,2993460.61
1681171200,0.5175,0.5178,0.51,0.5154,9497135.4
1681185600,0.5154,0.5264,0.5149,0.5232,6039133.35
1681200000,0.5232,0.5232,0.5185,0.5202,7844049.75
1681214400,0.5202,0.5237,0.5172,0.5189,5769329.87
1681228800,0.5189,0.5195,0.5121,0.5163,5130336.15
1681243200,0.5163,0.5183,0.5152,0.5168,1953079.18
1681257600,0.5168,0.5177,0.5031,0.5079,7475865.5
1681272000,0.5079,0.5098,0.5062,0.5063,3030590.93
1681286400,0.5063,0.5063,0.5012,0.5027,6003484.42
1681300800,0.5027,0.5086,0.5,0.5027,7463010.99
1681315200,0.5027,0.5048,0.5005,0.5029,2302913.5300000003
1681329600,0.5029,0.5063,0.5026,0.505,2687649.96
1681344000,0.505,0.5065,0.5001,0.5051,7386836.07
1681358400,0.5051,0.5077,0.5043,0.5075,3609882.42
1681372800,0.5075,0.5132,0.507,0.5085,3552185.7499999995
1681387200,0.5085,0.5113,0.5078,0.5098,5021045.04
1681401600,0.5098,0.5131,0.5082,0.5123,1917199.48
1681416000,0.5123,0.5151,0.5115,0.5128,2103681.41
1681430400,0.5128,0.5233,0.5117,0.5209,6717836.529999999
1681444800,0.5209,0.5455,0.5209,0.528,12348071.48
1681459200,0.528,0.5347,0.5254,0.5317,6076492.03
1681473600,0.5317,0.5333,0.5146,0.515,7912943.76
1681488000,0.515,0.5235,0.5125,0.5235,3582143.27
1681502400,0.5235,0.5279,0.5222,0.5231,2111293.32
1681516800,0.5231,0.5238,0.5178,0.5194,1592514.23
1681531200,0.5194,0.5225,0.5181,0.5219,1191805.77
1681545600,0.5219,0.5261,0.5205,0.5235,1055414.19
1681560000,0.5235,0.5254,0.5209,0.5214,1663592.98
1681574400,0.5214,0.5225,0.5172,0.5199,1783983.29
1681588800,0.5199,0.5217,0.5175,0.5199,890394.8
1681603200,0.5199,0.5242,0.5161,0.5165,1590196.7400000002
1681617600,0.5165,0.5205,0.516,0.5204,883057.63
1681632000,0.5204,0.5217,0.5177,0.5177,1549327.33
1681646400,0.5177,0.5209,0.5176,0.5201,1246122.07
1681660800,0.5201,0.5244,0.5189,0.521,2374341.6
1681675200,0.521,0.5232,0.5188,0.521,1744159.96
1681689600,0.521,0.5213,0.5097,0.5131,9960427.75
1681704000,0.5131,0.5158,0.5109,0.5126,3336774.96
1681718400,0.5126,0.5146,0.5111,0.5126,3579848.37
1681732800,0.5126,0.5136,0.507,0.5077,5480449.75
1681747200,0.5077,0.512,0.5074,0.5102,1879702.36
1681761600,0.5102,0.513,0.5095,0.5109,1715231.5
1681776000,0.5109,0.513,0.5092,0.5123,7089143.869999999
1681790400,0.5123,0.5173,0.5122,0.5156,4641160.87
1681804800,0.5156,0.5202,0.5128,0.5198,5032606.94
1681819200,0.5198,0.5253,0.5175,0.5204,4554776.58
1681833600,0.5204,0.5217,0.5166,0.5212,2088793.09
1681848000,0.5212,0.5373,0.5206,0.5319,4275898.35
1681862400,0.5319,0.5358,0.5236,0.5262,12371238.66
1681876800,0.5262,0.5329,0.5207,0.5213,6510274.220000001
1681891200,0.5213,0.5215,0.4803,0.4974,23524294.28
1681905600,0.4974,0.5021,0.4953,0.497,5965021.3
1681920000,0.497,0.4994,0.4921,0.4951,3800999.61
1681934400,0.4951,0.4967,0.4865,0.4916,6228955.24
1681948800,0.4916,0.4956,0.4875,0.4945,6259567.05
1681963200,0.4945,0.499,0.4925,0.4927,6144987.45
1681977600,0.4927,0.4958,0.4875,0.4882,6385793.369999999
1681992000,0.4882,0.4936,0.4812,0.4812,7417216.89
1682006400,0.4812,0.4812,0.4657,0.4709,9414375.82
1682020800,0.4709,0.4752,0.4686,0.4749,4673316.05
1682035200,0.4749,0.4771,0.4695,0.4763,5636360.55
1682049600,0.4763,0.479,0.4665,0.4714,5909749.28
1682064000,0.4714,0.473,0.4654,0.467,2337115.08
1682078400,0.467,0.4699,0.4607,0.4609,6155297.28
1682092800,0.4609,0.463,0.4436,0.4449,10367076.96
1682107200,0.4449,0.4493,0.4405,0.4492,3552633.67
1682121600,0.4492,0.452,0.4458,0.4515,1817488.5
1682136000,0.4515,0.4553,0.4497,0.4503,1793941.56
1682150400,0.4503,0.4551,0.4503,0.4543,1755478.9
1682164800,0.4543,0.4751,0.4537,0.4678,6030712.81
1682179200,0.4678,0.475,0.4676,0.4693,2491573.5
1682193600,0.4693,0.4736,0.4684,0.4722,3018295.09
1682208000,0.4722,0.4722,0.4627,0.4671,2764108.43
1682222400,0.4671,0.4719,0.4668,0.4719,1225318.87
1682236800,0.4719,0.4719,0.4653,0.469,2154632.16
1682251200,0.469,0.47,0.4589,0.4609,3118135.13
1682265600,0.4609,0.4639,0.4538,0.4611,2449878.6900000004
1682280000,0.4611,0.4654,0.4588,0.4649,2053490.12
1682294400,0.4649,0.485,0.4629,0.4713,14018929.33
1682308800,0.4713,0.473,0.4599,0.4603,3894704.86
1682323200,0.4603,0.4665,0.4567,0.465,4227479.82
1682337600,0.465,0.4662,0.4577,0.458,4390694.14
1682352000,0.458,0.4605,0.4482,0.4601,5029342.31
1682366400,0.4601,0.4632,0.4588,0.4607,2208106.52
1682380800,0.4607,0.4622,0.4563,0.4589,8291735.22
1682395200,0.4589,0.4614,0.4534,0.4546,6671009.02
1682409600,0.4546,0.4569,0.4507,0.4564,3969942.82
1682424000,0.4564,0.458,0.4526,0.4538,4615094.08
1682438400,0.4538,0.4638,0.4534,0.4637,3189303.82
1682452800,0.4637,0.4713,0.4637,0.4695,2302644.84
1682467200,0.4695,0.4709,0.4651,0.4664,9059996.27
1682481600,0.4664,0.4711,0.4659,0.4674,4304594.8
1682496000,0.4674,0.4744,0.4673,0.4731,6808471.75
1682510400,0.4731,0.4825,0.4731,0.4774,5413215.81
1682524800,0.4774,0.4783,0.4443,0.4486,7945905.05
1682539200,0.4486,0.462,0.4369,0.4619,6752773.78
1682553600,0.4619,0.4693,0.4596,0.462,10146329.39
1682568000,0.462,0.4656,0.4584,0.4607,5321796.5600000005
1682582400,0.4607,0.5082,0.4563,0.4594,3714433.36
1682596800,0.4594,0.5079,0.4567,0.4599,3886374.8
1682611200,0.4599,0.5234,0.4583,0.4667,3549319.49
1682625600,0.4667,0.5441,0.4635,0.4836,2390043.81
1682640000,0.4836,0.5269,0.4641,0.4959,1907451.46
1682654400,0.4959,0.5199,0.4679,0.4759,10085920.18
1682668800,0.4759,0.5145,0.4692,0.4702,5280028.98
1682683200,0.4702,0.5145,0.466,0.4696,4436979.77
1682697600,0.4696,0.516,0.4687,0.4754,2906038.5700000003
1682712000,0.4754,0.5262,0.4754,0.5245,2553591.54
1682726400,0.5245,0.5316,0.4779,0.4809,2279132.3
1682740800,0.4809,0.5277,0.478,0.4788,558459.67
1682755200,0.4788,0.5016,0.4764,0.5003,1544857.26
1682769600,0.5003,0.5047,0.4787,0.4962,1136303.64
1682784000,0.4962,0.5065,0.4727,0.4789,1524759.99
1682798400,0.4789,0.5132,0.4775,0.4782,633306.59
1682812800,0.4782,0.5066,0.474,0.4962,2190985.19
1682827200,0.4962,0.5033,0.4754,0.4758,608062.16
1682841600,0.4758,0.509,0.4746,0.4749,853490.4299999999
1682856000,0.4749,0.5057,0.4746,0.4792,1766814.09
1682870400,0.4792,0.5081,0.4743,0.4758,1399591.26
1682884800,0.4758,0.506,0.4697,0.4705,2306551.47
1682899200,0.4705,0.5275,0.4603,0.4648,9878299.36
1682913600,0.4648,0.5393,0.4625,0.4629,3324838.4000000004
1682928000,0.4629,0.5322,0.4624,0.4648,1326833.83
1682942400,0.4648,0.5333,0.4584,0.5152,4606859.23
1682956800,0.5152,0.5156,0.4557,0.4597,4368133.99
1682971200,0.4597,0.5341,0.4595,0.5182,3362585.9
1682985600,0.5182,0.5475,0.4582,0.5273,11971722.3
1683000000,0.5273,0.5344,0.4615,0.4627,3459514.05
1683014400,0.4627,0.5349,0.4593,0.5215,4873063.95
1683028800,0.5215,0.5272,0.4587,0.4623,4938207.16
1683043200,0.4623,0.4647,0.4579,0.4634,2477107.26
1683057600,0.4634,0.4659,0.4634,0.4647,1506801.4
1683072000,0.4647,0.4647,0.4592,0.4617,8360111.37
1683086400,0.4617,0.4618,0.4554,0.4581,6639946.33
1683100800,0.4581,0.4601,0.4551,0.4552,4120056.0
1683115200,0.4552,0.4552,0.4504,0.4527,3776066.36
1683129600,0.4527,0.4574,0.4504,0.4548,4865628.64
1683144000,0.4548,0.4654,0.4547,0.4632,2053186.63
1683158400,0.4632,0.4639,0.4604,0.4638,7478271.2
1683172800,0.4638,0.4648,0.461,0.4615,2365830.81
1683187200,0.4615,0.4615,0.4586,0.4599,3041368.94
1683201600,0.4599,0.4607,0.4561,0.4561,9094627.12
1683216000,0.4561,0.4592,0.455,0.459,2691165.81
1683230400,0.459,0.4616,0.4586,0.461,1466055.11
1683244800,0.461,0.4648,0.4608,0.4635,1948710.59
1683259200,0.4635,0.4647,0.4605,0.4607,2523354.87
1683273600,0.4607,0.462,0.4584,0.4611,3666009.04
1683288000,0.4611,0.4637,0.4563,0.463,5189064.46
1683302400,0.463,0.4703,0.463,0.4672,5710747.02
1683316800,0.4672,0.4686,0.4666,0.4675,1456955.31
1683331200,0.4675,0.4692,0.4633,0.4637,1898099.62
1683345600,0.4637,0.4649,0.4623,0.4627,603014.51
1683360000,0.4627,0.4627,0.46,0.4621,997510.63
1683374400,0.4621,0.4622,0.4529,0.4552,2624054.16
1683388800,0.4552,0.46,0.4549,0.4585,1191071.93
1683403200,0.4585,0.4598,0.4566,0.4594,694739.22
1683417600,0.4594,0.4606,0.4557,0.4561,2619871.23
1683432000,0.4561,0.4591,0.4561,0.4569,577406.39
1683446400,0.4569,0.4591,0.4568,0.458,569792.11
1683460800,0.458,0.4602,0.458,0.459,771916.91
1683475200,0.459,0.4595,0.4554,0.4564,1077564.15
1683489600,0.4564,0.4576,0.4476,0.4489,3249552.85
1683504000,0.4489,0.4515,0.4285,0.4386,15663956.829999998
1683518400,0.4386,0.4413,0.4338,0.436,5403358.29
1683532800,0.436,0.4373,0.432,0.4368,3851549.53
1683547200,0.4368,0.4374,0.4331,0.4337,6599285.17
1683561600,0.4337,0.4339,0.4123,0.4203,10030197.34
1683576000,0.4203,0.4294,0.4203,0.4286,3148638.43
1683590400,0.4286,0.429,0.4229,0.4235,10801928.72
1683604800,0.4235,0.4272,0.4207,0.4259,3996006.13
1683619200,0.4259,0.426,0.4208,0.4245,4412354.109999999
1683633600,0.4245,0.4271,0.4218,0.4219,6797726.6
1683648000,0.4219,0.4252,0.4216,0.425,5632412.56
1683662400,0.425,0.4305,0.4247,0.4289,1891537.83
1683676800,0.4289,0.4337,0.428,0.4286,4952183.2
1683691200,0.4286,0.4316,0.4259,0.4259,7727168.279999999
1683705600,0.4259,0.427,0.4232,0.426,4720153.28
1683720000,0.426,0.4329,0.4237,0.4297,8177944.51
1683734400,0.4297,0.4308,0.4137,0.4302,9141058.41
1683748800,0.4302,0.434,0.428,0.4305,2064382.01
1683763200,0.4305,0.4306,0.4263,0.4286,6698479.9
1683777600,0.4286,0.4294,0.4239,0.4255,3471509.13
1683792000,0.4255,0.4256,0.4215,0.4252,4678769.29
1683806400,0.4252,0.4271,0.4177,0.4196,10994915.87
1683820800,0.4196,0.4204,0.412,0.4159,9286028.49
1683835200,0.4159,0.4224,0.4157,0.4212,2308156.03
1683849600,0.4212,0.4228,0.4171,0.4173,2385558.8200000003
1683864000,0.4173,0.4427,0.4169,0.4241,10047575.93
1683878400,0.4241,0.4325,0.424,0.428,5441144.95
1683892800,0.428,0.4304,0.4243,0.4243,7493946.99
1683907200,0.4243,0.4252,0.4163,0.4247,8520022.58
1683921600,0.4247,0.4317,0.4237,0.4305,2368140.27
1683936000,0.4305,0.4306,0.4261,0.4266,671931.46
1683950400,0.4266,0.4275,0.425,0.4272,598486.21
1683964800,0.4272,0.4279,0.426,0.4266,812972.46
1683979200,0.4266,0.4272,0.4233,0.4257,1182583.51
1683993600,0.4257,0.4276,0.4245,0.4259,838548.5900000001
1684008000,0.4259,0.426,0.4242,0.4243,816443.18
1684022400,0.4243,0.4274,0.4219,0.4265,1386859.2
1684036800,0.4265,0.4275,0.4254,0.4258,497419.66
1684051200,0.4258,0.4268,0.4255,0.4265,303074.93
1684065600,0.4265,0.4318,0.4257,0.4295,1509751.6
1684080000,0.4295,0.4297,0.4239,0.4249,1260794.36
1684094400,0.4249,0.4268,0.4243,0.4253,850292.1599999999
1684108800,0.4253,0.4287,0.4215,0.4277,9293882.45
1684123200,0.4277,0.4299,0.4248,0.4252,8034655.58
1684137600,0.4252,0.4288,0.4248,0.4252,3270149.89
1684152000,0.4252,0.4269,0.4239,0.4259,8802011.879999999
1684166400,0.4259,0.4286,0.4249,0.4285,7146029.0
1684180800,0.4285,0.4292,0.4263,0.4273,1819137.65
1684195200,0.4273,0.428,0.4206,0.4243,7912577.22
1684209600,0.4243,0.4263,0.4223,0.4262,2826461.29
1684224000,0.4262,0.4262,0.4205,0.4219,8718676.06
1684238400,0.4219,0.4226,0.4189,0.4219,7369911.42
1684252800,0.4219,0.4252,0.4211,0.4225,3334979.0
1684267200,0.4225,0.4425,0.4225,0.4424,7155666.73
1684281600,0.4424,0.461,0.4404,0.459,14245952.98
1684296000,0.459,0.4599,0.4461,0.4491,4906435.72
1684310400,0.4491,0.4492,0.4415,0.4448,7263547.02
1684324800,0.4448,0.4488,0.4378,0.4407,10608396.58
1684339200,0.4407,0.4501,0.4386,0.448,7034123.52
1684353600,0.448,0.4495,0.445,0.4483,2885338.02
1684368000,0.4483,0.4484,0.4431,0.4477,5684291.47
1684382400,0.4477,0.4502,0.4441,0.448,3090632.93
1684396800,0.448,0.4721,0.4445,0.4654,11699350.32
1684411200,0.4654,0.4693,0.4588,0.4604,10700745.17
1684425600,0.4604,0.4628,0.4492,0.4571,8297500.33
1684440000,0.4571,0.4653,0.4564,0.4595,2018581.27
1684454400,0.4595,0.4681,0.4576,0.4664,1726571.73
1684468800,0.4664,0.468,0.4594,0.4598,3141733.11
1684483200,0.4598,0.466,0.4592,0.4629,3987446.47
1684497600,0.4629,0.4752,0.4619,0.4655,10319308.58
1684512000,0.4655,0.4693,0.4633,0.4654,9951057.63
1684526400,0.4654,0.4687,0.4646,0.4677,2428854.97
1684540800,0.4677,0.4684,0.4636,0.4648,923405.71
1684555200,0.4648,0.4655,0.4622,0.4646,647088.62
1684569600,0.4646,0.469,0.4637,0.4675,705498.75
1684584000,0.4675,0.4682,0.4658,0.4665,1038337.65
1684598400,0.4665,0.469,0.4656,0.4679,774601.77
1684612800,0.4679,0.4717,0.467,0.4687,996693.63
1684627200,0.4687,0.4704,0.468,0.468,679198.44
1684641600,0.468,0.4706,0.468,0.4692,658742.9500000001
1684656000,0.4692,0.4697,0.4645,0.4658,727136.96
1684670400,0.4658,0.4665,0.4563,0.4592,1675465.81
1684684800,0.4592,0.4594,0.4556,0.459,1937788.55
1684699200,0.459,0.4631,0.4568,0.4573,1019821.62
1684713600,0.4573,0.4599,0.4501,0.4557,7953407.18
1684728000,0.4557,0.4666,0.4556,0.461,5116188.34
1684742400,0.461,0.4628,0.4578,0.4618,7408552.57
1684756800,0.4618,0.4631,0.4562,0.4566,12403068.83
1684771200,0.4566,0.4607,0.4529,0.4604,4346867.72
1684785600,0.4604,0.4623,0.4597,0.4615,1047125.9
1684800000,0.4615,0.4666,0.4603,0.4647,9174532.87
1684814400,0.4647,0.4671,0.4614,0.4622,3987462.96
1684828800,0.4622,0.4622,0.4597,0.4608,3574244.9
1684843200,0.4608,0.4617,0.4588,0.4605,6122439.93
1684857600,0.4605,0.4631,0.459,0.4631,4431312.18
1684872000,0.4631,0.4656,0.4626,0.4653,1292128.66
1684886400,0.4653,0.4653,0.4552,0.4577,4115099.73
1684900800,0.4577,0.4606,0.4565,0.4567,2969010.03
1684915200,0.4567,0.4573,0.4532,0.4564,7599967.93
1684929600,0.4564,0.4569,0.4467,0.4506,11383202.24
1684944000,0.4506,0.4535,0.446,0.4525,4980017.41
1684958400,0.4525,0.4544,0.4522,0.4533,1171962.49
1684972800,0.4533,0.4536,0.4434,0.453,6760488.16
1684987200,0.453,0.454,0.4487,0.4495,2342179.4
1685001600,0.4495,0.4516,0.447,0.4516,3979363.01
1685016000,0.4516,0.4542,0.4475,0.4477,6903374.13
1685030400,0.4477,0.4531,0.4463,0.4517,5687017.88
1685044800,0.4517,0.4545,0.4516,0.4537,1636980.0
1685059200,0.4537,0.4674,0.4526,0.4647,5155142.09
1685073600,0.4647,0.4662,0.4601,0.4608,4055611.6400000006
1685088000,0.4608,0.467,0.4605,0.4656,3805965.41
1685102400,0.4656,0.4683,0.4632,0.4633,7708473.04
1685116800,0.4633,0.4669,0.4607,0.4659,5323587.09
1685131200,0.4659,0.4699,0.4657,0.4686,1809848.72
1685145600,0.4686,0.4748,0.466,0.4739,1394620.06
1685160000,0.4739,0.479,0.4664,0.4741,4526004.53
1685174400,0.4741,0.4744,0.4706,0.472,616596.41
1685188800,0.472,0.4734,0.4673,0.471,1136184.72
1685203200,0.471,0.472,0.4688,0.4709,961826.37
1685217600,0.4709,0.4727,0.47,0.4719,856548.24
1685232000,0.4719,0.4741,0.4703,0.4734,1119976.99
1685246400,0.4734,0.474,0.4712,0.4732,620416.6100000001
1685260800,0.4732,0.4741,0.4716,0.4726,705324.5
1685275200,0.4726,0.4732,0.4717,0.4723,1128654.82
1685289600,0.4723,0.4801,0.4719,0.477,4066548.92
1685304000,0.477,0.486,0.4769,0.4824,2538629.56
1685318400,0.4824,0.4852,0.4801,0.4812,7590104.050000001
1685332800,0.4812,0.4831,0.4778,0.4804,5402926.47
1685347200,0.4804,0.4804,0.4774,0.4802,4335039.91
1685361600,0.4802,0.4825,0.4785,0.4789,4176969.86
1685376000,0.4789,0.4942,0.4764,0.4846,6544430.51
1685390400,0.4846,0.495,0.4842,0.4947,3207918.5
1685404800,0.4947,0.4982,0.4892,0.4972,12444814.46
1685419200,0.4972,0.5045,0.4962,0.5015,5716016.81
1685433600,0.5015,0.5053,0.4984,0.5023,4330184.67
1685448000,0.5023,0.5076,0.494,0.5043,9214149.04
1685462400,0.5043,0.5252,0.5027,0.52,23257003.58
1685476800,0.52,0.5282,0.513,0.5213,6205839.34
1685491200,0.5213,0.5275,0.5166,0.5275,7346594.890000001
1685505600,0.5275,0.5275,0.5085,0.5088,7449376.35
1685520000,0.5088,0.5134,0.5009,0.5114,10286683.46
1685534400,0.5114,0.5137,0.5017,0.5049,11464969.92
1685548800,0.5049,0.5162,0.501,0.5143,6544345.34
1685563200,0.5143,0.5199,0.5122,0.5171,2665092.49
1685577600,0.5171,0.5171,0.5033,0.5085,9181199.94
1685592000,0.5085,0.5088,0.5023,0.5047,5960629.97
1685606400,0.5047,0.5074,0.5029,0.505,4893485.86
1685620800,0.505,0.508,0.5018,0.5051,9015498.06
1685635200,0.5051,0.5094,0.5031,0.5073,7255254.01
1685649600,0.5073,0.5099,0.5059,0.5065,1984813.19
1685664000,0.5065,0.5168,0.5042,0.5159,2544886.45
1685678400,0.5159,0.5196,0.5142,0.5156,3482336.55
1685692800,0.5156,0.5161,0.5133,0.5147,4115462.91
1685707200,0.5147,0.5193,0.5127,0.5187,9857381.03
1685721600,0.5187,0.5271,0.5167,0.5262,9286653.56
1685736000,0.5262,0.5264,0.5222,0.5251,3485445.44
1685750400,0.5251,0.5251,0.5199,0.5236,1567974.99
1685764800,0.5236,0.5325,0.523,0.5241,2870467.79
1685779200,0.5241,0.5254,0.5218,0.523,2023039.88
1685793600,0.523,0.5231,0.5183,0.5214,1805488.0
1685808000,0.5214,0.523,0.5148,0.5202,2334941.12
1685822400,0.5202,0.5219,0.5188,0.5189,993269.62
1685836800,0.5189,0.5231,0.5155,0.5218,977492.38
1685851200,0.5218,0.5256,0.5201,0.5252,1343020.4
1685865600,0.5252,0.5267,0.5235,0.5247,2486851.45
1685880000,0.5247,0.5372,0.524,0.5363,4098276.53
1685894400,0.5363,0.5393,0.5321,0.5388,3606987.46
1685908800,0.5388,0.5461,0.5347,0.5358,8246282.390000001
1685923200,0.5358,0.5424,0.5283,0.5304,8924731.77
1685937600,0.5304,0.539,0.53,0.5342,5604263.03
1685952000,0.5342,0.5369,0.5302,0.5343,8042547.25
1685966400,0.5343,0.5381,0.5032,0.504,18302391.02
1685980800,0.504,0.511,0.4881,0.5043,19252607.77
1685995200,0.5043,0.5125,0.4968,0.5095,4395447.390000001
1686009600,0.5095,0.5115,0.5028,0.506,10076636.65
1686024000,0.506,0.5136,0.5032,0.5054,5801094.0
1686038400,0.5054,0.5115,0.5054,0.5086,4885861.29
1686052800,0.5086,0.5131,0.4963,0.5109,12911045.82
1686067200,0.5109,0.5291,0.5077,0.5281,10430863.11
1686081600,0.5281,0.5322,0.5227,0.5301,4868693.74
1686096000,0.5301,0.5317,0.5241,0.5274,4337663.24
1686110400,0.5274,0.5379,0.5258,0.5258,10758431.33
1686124800,0.5258,0.5328,0.5188,0.5328,7070051.57
1686139200,0.5328,0.5338,0.5135,0.5173,14372926.34
1686153600,0.5173,0.5189,0.5072,0.5185,9130510.87
1686168000,0.5185,0.5261,0.5138,0.5186,4384425.05
1686182400,0.5186,0.5219,0.516,0.5181,7504602.06
1686196800,0.5181,0.5237,0.5174,0.5205,2387167.31
1686211200,0.5205,0.5222,0.5162,0.5188,4547361.029999999
1686225600,0.5188,0.5253,0.5174,0.5247,9007016.36
1686240000,0.5247,0.5247,0.5187,0.5236,7516604.12
1686254400,0.5236,0.5275,0.5235,0.5239,2596968.92
1686268800,0.5239,0.5264,0.5222,0.5243,2439779.51
1686283200,0.5243,0.5262,0.5206,0.524,3630434.12
1686297600,0.524,0.5297,0.524,0.5288,4801064.25
1686312000,0.5288,0.5409,0.5284,0.5309,13368824.62
1686326400,0.5309,0.5348,0.5273,0.5314,6764351.62
1686340800,0.5314,0.5397,0.5311,0.538,3916230.18
1686355200,0.538,0.5384,0.5203,0.5225,3804811.28
1686369600,0.5225,0.5246,0.476,0.4897,17179277.28
1686384000,0.4897,0.4959,0.4865,0.4959,3454268.15
1686398400,0.4959,0.4959,0.487,0.49,4114006.73
1686412800,0.49,0.5074,0.4848,0.5053,5832752.89
1686427200,0.5053,0.5121,0.502,0.5075,2206484.97
1686441600,0.5075,0.5089,0.5041,0.5061,789968.41
1686456000,0.5061,0.5078,0.5033,0.506,1183912.03
1686470400,0.506,0.5101,0.5042,0.5089,1231120.26
1686484800,0.5089,0.51,0.5061,0.5088,1626028.0
1686499200,0.5088,0.529,0.5087,0.5255,3455888.74
1686513600,0.5255,0.5281,0.5154,0.521,3833194.57
1686528000,0.521,0.5229,0.5093,0.5133,7440625.56
1686542400,0.5133,0.5177,0.5116,0.5127,3752846.33
1686556800,0.5127,0.5225,0.5121,0.5186,7410339.38
1686571200,0.5186,0.5203,0.513,0.5141,11681179.74
1686585600,0.5141,0.5233,0.5128,0.5222,7829030.64
1686600000,0.5222,0.5276,0.5215,0.5253,5617249.8
1686614400,0.5253,0.5275,0.5194,0.526,12010076.48
1686628800,0.526,0.5313,0.5247,0.5294,3937153.47
1686643200,0.5294,0.5646,0.5266,0.5616,18040956.8
1686657600,0.5616,0.5625,0.5058,0.5082,27959218.15
1686672000,0.5082,0.5195,0.5069,0.517,8194441.899999999
1686686400,0.517,0.5245,0.5153,0.5193,3290790.9
1686700800,0.5193,0.52,0.511,0.5138,9520840.92
1686715200,0.5138,0.5159,0.4993,0.5003,5517067.1
1686729600,0.5003,0.5078,0.4998,0.5077,5587875.01
1686744000,0.5077,0.5091,0.5009,0.502,8285525.069999999
1686758400,0.502,0.5056,0.4944,0.5013,8558004.72
1686772800,0.5013,0.5013,0.4618,0.4801,9632380.1
1686787200,0.4801,0.4839,0.4766,0.4819,5032435.88
1686801600,0.4819,0.4851,0.4669,0.4685,4238329.37
1686816000,0.4685,0.4768,0.4685,0.4757,5212374.28
1686830400,0.4757,0.4811,0.4729,0.4735,10108952.69
1686844800,0.4735,0.4826,0.4687,0.4803,6629186.39
1686859200,0.4803,0.4832,0.4751,0.4798,1919554.45
1686873600,0.4798,0.4813,0.4754,0.4799,1985427.16
1686888000,0.4799,0.4826,0.4765,0.4765,1423199.6800000002
1686902400,0.4765,0.4788,0.4572,0.4623,7131161.42
1686916800,0.4623,0.4672,0.4563,0.4646,9363707.28
1686931200,0.4646,0.4764,0.4616,0.4726,7689428.6
1686945600,0.4726,0.4759,0.4692,0.4755,1554449.52
1686960000,0.4755,0.4759,0.4696,0.4714,1327222.05
1686974400,0.4714,0.4863,0.4704,0.4793,1616676.56
1686988800,0.4793,0.4828,0.4773,0.4787,1278070.23
1687003200,0.4787,0.4817,0.4758,0.4788,1558237.96
1687017600,0.4788,0.4817,0.4778,0.4801,898661.7100000001
1687032000,0.4801,0.4816,0.4787,0.4795,1096273.81
1687046400,0.4795,0.4828,0.475,0.481,691830.62
1687060800,0.481,0.4827,0.479,0.4824,803472.24
1687075200,0.4824,0.4895,0.4813,0.4876,1595657.39
1687089600,0.4876,0.4951,0.4843,0.4931,2417726.08
1687104000,0.4931,0.4974,0.4899,0.4954,2744207.75
1687118400,0.4954,0.4972,0.4848,0.487,4492866.3
1687132800,0.487,0.492,0.4819,0.4905,6288416.88
1687147200,0.4905,0.4941,0.4894,0.4895,2908501.48
1687161600,0.4895,0.4895,0.4852,0.4887,2583037.52
1687176000,0.4887,0.491,0.4862,0.4881,4074802.39
1687190400,0.4881,0.4978,0.4872,0.4943,3290322.6
1687204800,0.4943,0.4956,0.4916,0.4928,1981142.31
1687219200,0.4928,0.4956,0.4893,0.4898,5383116.1
1687233600,0.4898,0.4908,0.4836,0.4872,7975880.83
1687248000,0.4872,0.4872,0.4791,0.4827,3526150.87
1687262400,0.4827,0.484,0.4723,0.478,7616440.32
1687276800,0.478,0.4895,0.4774,0.4886,3642230.31
1687291200,0.4886,0.4932,0.4884,0.4928,1974446.23
1687305600,0.4928,0.5,0.4897,0.4975,4756457.11
1687320000,0.4975,0.503,0.4936,0.4972,6576540.42
1687334400,0.4972,0.4976,0.4907,0.4948,4240932.83
1687348800,0.4948,0.4979,0.4908,0.4951,10910783.34
1687363200,0.4951,0.5016,0.4914,0.4981,8086160.05
1687377600,0.4981,0.5026,0.494,0.4999,2700248.48
1687392000,0.4999,0.5262,0.4986,0.5159,7194942.9
1687406400,0.5159,0.5162,0.5084,0.5117,2611476.7
1687420800,0.5117,0.5126,0.4857,0.4937,7823391.409999999
1687435200,0.4937,0.501,0.4888,0.4939,10309990.37
1687449600,0.4939,0.4991,0.4924,0.4991,5455426.37
1687464000,0.4991,0.4993,0.4932,0.494,1037624.88
1687478400,0.494,0.5009,0.493,0.5001,744723.26
1687492800,0.5001,0.5014,0.492,0.4924,2832895.2
1687507200,0.4924,0.4953,0.4906,0.4923,2624237.42
1687521600,0.4923,0.4985,0.4846,0.498,11723604.36
1687536000,0.498,0.5023,0.494,0.5011,5330737.34
1687550400,0.5011,0.5015,0.4924,0.4963,2114403.96
1687564800,0.4963,0.4963,0.4891,0.4927,1136220.19
1687579200,0.4927,0.4948,0.4892,0.4898,764654.49
1687593600,0.4898,0.4931,0.4898,0.4925,832111.77
1687608000,0.4925,0.4944,0.4801,0.4846,1901494.88
1687622400,0.4846,0.4887,0.4816,0.4875,827220.76
1687636800,0.4875,0.4882,0.4838,0.4871,1351288.85
1687651200,0.4871,0.49,0.4835,0.4894,740259.69
1687665600,0.4894,0.492,0.4883,0.4903,1020575.8
1687680000,0.4903,0.4944,0.4903,0.4923,1036648.89
1687694400,0.4923,0.497,0.4882,0.4891,1282636.4500000002
1687708800,0.4891,0.4925,0.4863,0.4889,1619086.61
1687723200,0.4889,0.4919,0.4885,0.4904,2122008.56
1687737600,0.4904,0.4916,0.4827,0.4841,10654068.51
1687752000,0.4841,0.4861,0.4809,0.4843,3040661.81
1687766400,0.4843,0.4845,0.4786,0.4826,3754717.67
1687780800,0.4826,0.487,0.4801,0.4845,6304118.5
1687795200,0.4845,0.4846,0.4714,0.4795,10839452.83
1687809600,0.4795,0.4801,0.4734,0.4791,822275.94
1687824000,0.4791,0.4827,0.4764,0.4821,4972837.569999999
1687838400,0.4821,0.4828,0.4775,0.4791,3271995.7800000003
1687852800,0.4791,0.4819,0.4774,0.4806,5530111.75
1687867200,0.4806,0.4846,0.4765,0.4786,7918183.279999999
1687881600,0.4786,0.4831,0.4777,0.4821,7265684.33
1687896000,0.4821,0.4846,0.4812,0.4834,935271.43
1687910400,0.4834,0.484,0.479,0.4823,2741501.68
1687924800,0.4823,0.4835,0.4719,0.4734,3373593.69
1687939200,0.4734,0.4772,0.4727,0.4748,3064025.08
1687953600,0.4748,0.4753,0.4709,0.4745,8744643.91
1687968000,0.4745,0.4749,0.4519,0.4597,11439258.92
1687982400,0.4597,0.467,0.4576,0.465,1920839.89
1687996800,0.465,0.4688,0.4618,0.468,4668254.01
1688011200,0.468,0.4686,0.4644,0.4669,4525868.34
1688025600,0.4669,0.4727,0.4665,0.4697,3801316.69
1688040000,0.4697,0.4725,0.4679,0.4695,6186362.19
1688054400,0.4695,0.4753,0.4695,0.4752,4110595.34
1688068800,0.4752,0.4769,0.472,0.4744,1104581.51
1688083200,0.4744,0.4794,0.4687,0.479,5540722.92
1688097600,0.479,0.4821,0.4723,0.4755,2473494.45
1688112000,0.4755,0.4811,0.4743,0.4796,3976739.95
1688126400,0.4796,0.4818,0.451,0.4643,14421783.46
1688140800,0.4643,0.4771,0.4623,0.4768,7569392.66
1688155200,0.4768,0.4773,0.4732,0.4732,1885813.28
1688169600,0.4732,0.4732,0.4647,0.4687,2349078.71
1688184000,0.4687,0.4712,0.4652,0.4706,1003802.51
1688198400,0.4706,0.4715,0.4684,0.4712,665200.97
1688212800,0.4712,0.4754,0.4708,0.472,875223.15
1688227200,0.472,0.4751,0.471,0.4739,565935.97
1688241600,0.4739,0.4749,0.4722,0.4734,615074.3300000001
1688256000,0.4734,0.4957,0.47,0.4934,4805177.78
1688270400,0.4934,0.4937,0.4802,0.4834,1934182.61
1688284800,0.4834,0.4834,0.4788,0.4795,763325.76
1688299200,0.4795,0.4923,0.4767,0.484,2617295.93
1688313600,0.484,0.4874,0.4808,0.4846,2218494.89
1688328000,0.4846,0.4862,0.4816,0.4842,1234667.3199999998
1688342400,0.4842,0.4864,0.4794,0.4825,11813140.95
1688356800,0.4825,0.4842,0.4787,0.4806,2872359.76
1688371200,0.4806,0.4861,0.4798,0.4854,3962874.87
1688385600,0.4854,0.4862,0.4738,0.4844,15356631.15
1688400000,0.4844,0.4911,0.4792,0.4895,6550698.779999999
1688414400,0.4895,0.4907,0.4872,0.4898,1933502.16
1688428800,0.4898,0.4932,0.4862,0.4929,2956500.92
1688443200,0.4929,0.4932,0.4871,0.4875,1891574.7
1688457600,0.4875,0.4901,0.4849,0.4882,3538125.17
1688472000,0.4882,0.4896,0.482,0.4838,6776079.94
1688486400,0.4838,0.4887,0.4827,0.4867,3305785.34
1688500800,0.4867,0.4894,0.4864,0.487,1200747.92
1688515200,0.487,0.4916,0.487,0.4916,2493985.18
1688529600,0.4916,0.4916,0.4868,0.4885,1428565.59
1688544000,0.4885,0.4889,0.4708,0.4779,6806978.970000001
1688558400,0.4779,0.4782,0.4696,0.4715,9575739.03
1688572800,0.4715,0.4781,0.4711,0.4769,4241045.25
1688587200,0.4769,0.4787,0.476,0.4781,1019922.48
1688601600,0.4781,0.4788,0.4738,0.4782,5016414.7
1688616000,0.4782,0.4823,0.4772,0.4787,2945831.69
1688630400,0.4787,0.484,0.4738,0.4749,5323331.68
1688644800,0.4749,0.4755,0.4613,0.4695,10514847.77
1688659200,0.4695,0.4699,0.4654,0.4672,6543232.95
1688673600,0.4672,0.4702,0.4621,0.4621,1468498.61
1688688000,0.4621,0.4694,0.4584,0.4688,4047629.51
1688702400,0.4688,0.4706,0.4618,0.4626,2481177.75
1688716800,0.4626,0.4671,0.4626,0.466,2934284.66
1688731200,0.466,0.4695,0.4651,0.467,9378757.54
1688745600,0.467,0.4677,0.4642,0.4666,6376462.09
1688760000,0.4666,0.4688,0.4661,0.4687,1064795.7
1688774400,0.4687,0.4687,0.4662,0.467,546354.67
1688788800,0.467,0.4677,0.4657,0.4671,252698.87
1688803200,0.4671,0.4683,0.466,0.4673,410702.89
1688817600,0.4673,0.4697,0.4662,0.4693,456019.48
1688832000,0.4693,0.4747,0.4675,0.4703,1076918.27
1688846400,0.4703,0.4716,0.4687,0.4706,765167.46
1688860800,0.4706,0.4717,0.4699,0.4707,412933.44000000006
1688875200,0.4707,0.4709,0.4685,0.4696,487237.96
1688889600,0.4696,0.4704,0.4683,0.4693,601860.63
1688904000,0.4693,0.4715,0.4669,0.47,724722.9299999999
1688918400,0.47,0.4711,0.4686,0.4698,655253.11
1688932800,0.4698,0.4704,0.4673,0.4682,2123922.41
1688947200,0.4682,0.469,0.4631,0.4652,14456868.47
1688961600,0.4652,0.4687,0.4652,0.4682,3489376.13
1688976000,0.4682,0.4735,0.4657,0.471,3761369.01
1688990400,0.471,0.4724,0.4703,0.4722,7885153.18
1689004800,0.4722,0.4795,0.4703,0.479,8602930.11
1689019200,0.479,0.4799,0.4738,0.4774,2552295.22
1689033600,0.4774,0.4784,0.4743,0.4759,6914814.81
1689048000,0.4759,0.4776,0.4747,0.4761,1573385.01
1689062400,0.4761,0.4772,0.4719,0.4732,2912815.12
1689076800,0.4732,0.4749,0.4719,0.4736,7582496.79
1689091200,0.4736,0.474,0.4709,0.4734,6052242.69
1689105600,0.4734,0.4766,0.4733,0.4755,1821640.77
1689120000,0.4755,0.4758,0.4731,0.4753,4157831.29
1689134400,0.4753,0.4771,0.474,0.4753,1262161.46
1689148800,0.4753,0.4754,0.4719,0.4734,2794903.92
1689163200,0.4734,0.4756,0.4698,0.4706,10372838.49
1689177600,0.4706,0.4723,0.4651,0.4681,6263528.9
1689192000,0.4681,0.4714,0.4678,0.4711,1510777.54
1689206400,0.4711,0.4727,0.4694,0.4719,1240319.51
1689220800,0.4719,0.4731,0.47,0.4712,1967632.53
1689235200,0.4712,0.4741,0.4705,0.4733,4067964.83
1689249600,0.4733,0.6424,0.4718,0.5895,39657238.09
1689264000,0.5895,0.9343,0.5848,0.8219,174157995.77
1689278400,0.8219,0.8309,0.7743,0.8159,40553262.91
1689292800,0.8159,0.8249,0.7255,0.7832,26426947.32
1689307200,0.7832,0.8197,0.7654,0.7699,19312157.82
1689321600,0.7699,0.8069,0.7682,0.799,19537222.7
1689336000,0.799,0.7996,0.7667,0.778,21722153.64
1689350400,0.778,0.782,0.6689,0.6999,54160283.9
1689364800,0.6999,0.7261,0.6864,0.719,19783694.91
1689379200,0.719,0.7349,0.6934,0.7207,28925363.12
1689393600,0.7207,0.7332,0.7143,0.7245,11973960.29
1689408000,0.7245,0.7291,0.713,0.7187,9701552.5
1689422400,0.7187,0.7337,0.7184,0.7238,10363115.58
1689436800,0.7238,0.731,0.7023,0.7238,16007194.36
1689451200,0.7238,0.7238,0.7085,0.7147,12472424.26
1689465600,0.7147,0.7269,0.7039,0.7121,12685387.57
1689480000,0.7121,0.7194,0.7076,0.7162,3696913.57
1689494400,0.7162,0.7617,0.7148,0.7499,14652237.97
1689508800,0.7499,0.7791,0.7427,0.7714,20037701.36
1689523200,0.7714,0.7899,0.7368,0.7432,25849906.9
1689537600,0.7432,0.7613,0.7387,0.7477,13934894.21
1689552000,0.7477,0.7598,0.7423,0.7574,18123234.27
1689566400,0.7574,0.7574,0.745,0.7497,6703883.96
1689580800,0.7497,0.7501,0.7212,0.7355,15201362.62
1689595200,0.7355,0.7445,0.728,0.7387,13380968.52
1689609600,0.7387,0.7645,0.7134,0.7344,27473268.07
1689624000,0.7344,0.7455,0.7317,0.7377,6659297.02
1689638400,0.7377,0.7482,0.7349,0.7383,11121798.94
1689652800,0.7383,0.7526,0.7325,0.7416,8955193.760000002
1689667200,0.7416,0.7635,0.7373,0.7485,13820475.65
1689681600,0.7485,0.7691,0.7439,0.7576,22613121.29
1689696000,0.7576,0.7701,0.7449,0.7619,17727138.7
1689710400,0.7619,0.7836,0.7551,0.779,10729868.36
1689724800,0.779,0.8178,0.7721,0.7983,24604842.92
1689739200,0.7983,0.8046,0.781,0.7894,15188986.23
1689753600,0.7894,0.7976,0.7723,0.795,14341965.74
1689768000,0.795,0.8125,0.7915,0.8004,18388562.81
1689782400,0.8004,0.8517,0.7946,0.8343,31047049.08
1689796800,0.8343,0.8365,0.8124,0.8197,16767838.45
1689811200,0.8197,0.8499,0.8173,0.8325,14218291.63
1689825600,0.8325,0.8428,0.8143,0.8179,14158793.44
1689840000,0.8179,0.8244,0.8014,0.8081,11715075.74
1689854400,0.8081,0.8167,0.7801,0.7876,17074692.52
1689868800,0.7876,0.7961,0.7861,0.793,8733502.09
1689883200,0.793,0.8034,0.7722,0.7941,9056494.0
1689897600,0.7941,0.7987,0.7852,0.7933,3307971.7
1689912000,0.7933,0.7947,0.7749,0.7792,6313854.44
1689926400,0.7792,0.7816,0.7604,0.7743,11239088.49
1689940800,0.7743,0.7796,0.7724,0.7757,11089132.81
1689955200,0.7757,0.7939,0.7706,0.7844,11156793.28
1689969600,0.7844,0.7844,0.767,0.7717,3834043.55
1689984000,0.7717,0.7776,0.7663,0.7746,7540976.53
1689998400,0.7746,0.7754,0.7701,0.7737,5007598.07
1690012800,0.7737,0.7798,0.765,0.7726,3341433.5300000003
1690027200,0.7726,0.7726,0.7612,0.7672,5267297.36
1690041600,0.7672,0.7706,0.7396,0.7478,9949231.15
1690056000,0.7478,0.7541,0.7221,0.7333,6465570.36
1690070400,0.7333,0.7374,0.7158,0.7356,5738425.8
1690084800,0.7356,0.7455,0.7355,0.7384,4490138.0
1690099200,0.7384,0.7466,0.736,0.7416,3905714.12
1690113600,0.7416,0.7431,0.7364,0.7403,3103870.21
1690128000,0.7403,0.7516,0.733,0.7381,6511795.26
1690142400,0.7381,0.7418,0.7328,0.7384,3017241.44
1690156800,0.7384,0.7425,0.7243,0.728,8610202.68
1690171200,0.728,0.7326,0.7198,0.7234,5094438.66
1690185600,0.7234,0.7236,0.6872,0.6933,23601616.55
1690200000,0.6933,0.6995,0.6819,0.694,14496372.81
1690214400,0.694,0.7083,0.6938,0.7031,6379623.98
1690228800,0.7031,0.7074,0.6991,0.7023,3801607.74
1690243200,0.7023,0.7025,0.6897,0.6961,7937795.3
1690257600,0.6961,0.697,0.6754,0.6797,6290317.5600000005
1690272000,0.6797,0.6937,0.6778,0.6851,4965294.15
1690286400,0.6851,0.7073,0.685,0.7004,10139349.12
1690300800,0.7004,0.7062,0.6961,0.7002,6407322.16
1690315200,0.7002,0.7149,0.698,0.7087,5545255.25
1690329600,0.7087,0.7146,0.7024,0.7109,3593354.06
1690344000,0.7109,0.711,0.697,0.7,3652300.9
1690358400,0.7,0.7033,0.6945,0.6976,4215050.07
1690372800,0.6976,0.7049,0.6966,0.7039,4040777.57
1690387200,0.7039,0.7189,0.6966,0.7143,12226106.67
1690401600,0.7143,0.7314,0.7123,0.7157,7717544.67
1690416000,0.7157,0.7212,0.7086,0.7178,5917578.819999999
1690430400,0.7178,0.7211,0.7106,0.7119,3357958.73
1690444800,0.7119,0.7185,0.7099,0.7159,3645553.49
1690459200,0.7159,0.7312,0.7076,0.7212,10030541.72
1690473600,0.7212,0.7274,0.711,0.7135,6966307.62
1690488000,0.7135,0.7157,0.7079,0.7137,3033962.21
1690502400,0.7137,0.7181,0.7112,0.7138,2444815.95
1690516800,0.7138,0.7147,0.705,0.7058,4114593.31
1690531200,0.7058,0.7127,0.7022,0.709,3811391.49
1690545600,0.709,0.7168,0.709,0.7122,7859555.8
1690560000,0.7122,0.7147,0.7085,0.7121,4965064.24
1690574400,0.7121,0.7133,0.7098,0.7122,2881155.49
1690588800,0.7122,0.7126,0.7091,0.7111,2415040.9
1690603200,0.7111,0.7151,0.7107,0.7116,2457543.25
1690617600,0.7116,0.7123,0.7046,0.7087,2487188.99
1690632000,0.7087,0.7106,0.7072,0.7083,2905821.07
1690646400,0.7083,0.7144,0.7065,0.7144,2492742.04
1690660800,0.7144,0.715,0.7112,0.7122,1415046.19
1690675200,0.7122,0.7122,0.7089,0.7103,1111225.85
1690689600,0.7103,0.7118,0.7092,0.7102,914765.69
1690704000,0.7102,0.7345,0.7102,0.7192,4181471.45
1690718400,0.7192,0.7224,0.713,0.715,2666924.3200000003
1690732800,0.715,0.7174,0.6998,0.7035,6337886.8
1690747200,0.7035,0.7067,0.6842,0.7047,6414688.84
1690761600,0.7047,0.7111,0.7027,0.7056,7913520.88
1690776000,0.7056,0.7075,0.702,0.7047,3212229.86
1690790400,0.7047,0.7052,0.701,0.7036,4631281.489999999
1690804800,0.7036,0.7065,0.6958,0.6965,7177511.4
1690819200,0.6965,0.719,0.6934,0.7148,6243254.19
1690833600,0.7148,0.719,0.6878,0.6974,8727590.76
1690848000,0.6974,0.6974,0.6737,0.6876,8635631.73
1690862400,0.6876,0.6922,0.6862,0.6899,3916880.88
1690876800,0.6899,0.6919,0.687,0.6873,2731946.81
1690891200,0.6873,0.6969,0.6821,0.6932,6350145.68
1690905600,0.6932,0.7025,0.6907,0.6989,4876866.64
1690920000,0.6989,0.7077,0.6974,0.7068,3005244.65
1690934400,0.7068,0.7076,0.699,0.7002,4775603.09
1690948800,0.7002,0.701,0.6931,0.694,3062582.35
1690963200,0.694,0.697,0.6917,0.6959,1944972.81
1690977600,0.6959,0.6959,0.6824,0.6868,5931272.149999999
1690992000,0.6868,0.6879,0.6768,0.6866,5166335.98
1691006400,0.6866,0.6886,0.6836,0.6848,2784435.77
1691020800,0.6848,0.6869,0.6802,0.6821,6023022.28
1691035200,0.6821,0.6821,0.6677,0.6696,6724654.62
1691049600,0.6696,0.6698,0.6551,0.665,7298437.979999999
1691064000,0.665,0.6724,0.659,0.6699,8550581.33
1691078400,0.6699,0.6751,0.6676,0.6735,4036592.03
1691092800,0.6735,0.6766,0.6621,0.6628,3699854.29
1691107200,0.6628,0.667,0.6609,0.6641,3253629.7800000003
1691121600,0.6641,0.6666,0.656,0.6582,3651580.12
1691136000,0.6582,0.6616,0.6557,0.6576,3008674.4
1691150400,0.6576,0.6656,0.6557,0.6626,4816702.74
1691164800,0.6626,0.6668,0.6494,0.653,4381563.57
1691179200,0.653,0.6544,0.6274,0.635,10715461.55
1691193600,0.635,0.6351,0.6106,0.6223,9029948.88
1691208000,0.6223,0.6244,0.6177,0.6233,2325872.13
1691222400,0.6233,0.6315,0.6221,0.6265,1729895.4899999998
1691236800,0.6265,0.6286,0.6206,0.6239,3641077.63
1691251200,0.6239,0.6317,0.6187,0.6269,2567276.86
1691265600,0.6269,0.6294,0.6245,0.6284,1439286.98
1691280000,0.6284,0.6354,0.6267,0.6348,2073853.88
1691294400,0.6348,0.6379,0.6312,0.6327,1521249.53
1691308800,0.6327,0.6367,0.6297,0.6323,1486540.74
1691323200,0.6323,0.6324,0.6233,0.6258,3176321.31
1691337600,0.6258,0.6293,0.6246,0.6267,2095089.15
1691352000,0.6267,0.6311,0.6192,0.6232,5245022.98
1691366400,0.6232,0.6282,0.6201,0.6247,8051692.97
1691380800,0.6247,0.6273,0.6071,0.6101,5275158.27
1691395200,0.6101,0.6192,0.6093,0.6179,3089184.23
1691409600,0.6179,0.6192,0.6087,0.6158,4995116.49
1691424000,0.6158,0.6185,0.6001,0.6157,8029945.600000001
1691438400,0.6157,0.6229,0.6144,0.6226,3233939.7
1691452800,0.6226,0.6238,0.6166,0.6194,8539064.040000001
1691467200,0.6194,0.6255,0.6175,0.6204,2649032.58
1691481600,0.6204,0.6222,0.6138,0.6218,3390513.11
1691496000,0.6218,0.6304,0.62,0.6283,5475297.46
1691510400,0.6283,0.6424,0.6281,0.6367,7457210.54
1691524800,0.6367,0.6478,0.6358,0.6418,4949692.23
1691539200,0.6418,0.6472,0.6359,0.6392,4137907.5
1691553600,0.6392,0.6455,0.6383,0.6442,2566690.89
1691568000,0.6442,0.648,0.6396,0.645,3211468.95
1691582400,0.645,0.665,0.6446,0.6543,10924471.93
1691596800,0.6543,0.6641,0.6481,0.6596,7554390.449999999
1691611200,0.6596,0.6598,0.632,0.643,12139838.010000002
1691625600,0.643,0.6439,0.6367,0.637,6182845.859999999
1691640000,0.637,0.6379,0.6241,0.6253,4967907.2
1691654400,0.6253,0.6315,0.6253,0.6281,3666450.89
1691668800,0.6281,0.6362,0.6279,0.6305,6287979.91
1691683200,0.6305,0.6348,0.6242,0.6337,4304982.61
1691697600,0.6337,0.6347,0.6314,0.6325,4306227.79
1691712000,0.6325,0.6355,0.6316,0.634,4136677.43
1691726400,0.634,0.6399,0.6308,0.6313,2956736.85
1691740800,0.6313,0.6322,0.6274,0.6322,1850249.82
1691755200,0.6322,0.6336,0.6255,0.6281,3517655.6
1691769600,0.6281,0.6306,0.6265,0.63,2691181.49
1691784000,0.63,0.6325,0.6297,0.6313,2148375.66
1691798400,0.6313,0.6326,0.628,0.6291,1145434.02
1691812800,0.6291,0.6303,0.6281,0.6298,733249.94
1691827200,0.6298,0.631,0.6287,0.6296,903347.28
1691841600,0.6296,0.6311,0.6286,0.6298,2035441.59
1691856000,0.6298,0.6309,0.6239,0.6262,2006559.8
1691870400,0.6262,0.6284,0.6248,0.6272,1321717.04
1691884800,0.6272,0.6298,0.6258,0.6291,1211541.59
1691899200,0.6291,0.6291,0.6261,0.6289,718178.61
1691913600,0.6289,0.629,0.6265,0.6271,918350.73
1691928000,0.6271,0.6294,0.6265,0.628,1210081.82
1691942400,0.628,0.6378,0.6274,0.6354,4519280.48
1691956800,0.6354,0.6364,0.6235,0.6257,4331623.07
1691971200,0.6257,0.6298,0.6238,0.6292,5357922.38
1691985600,0.6292,0.6333,0.6253,0.6253,5139693.33
1692000000,0.6253,0.6285,0.6249,0.6274,1054211.64
1692014400,0.6274,0.6316,0.6256,0.631,2289926.29
1692028800,0.631,0.6314,0.6251,0.6276,3358101.2300000004
1692043200,0.6276,0.6355,0.6273,0.634,2008242.36
1692057600,0.634,0.634,0.6285,0.6301,2822577.72
1692072000,0.6301,0.6307,0.6249,0.6263,2901992.44
1692086400,0.6263,0.6277,0.625,0.625,2988353.08
1692100800,0.625,0.6275,0.6219,0.624,2781567.33
1692115200,0.624,0.6258,0.5852,0.6024,13709882.420000002
1692129600,0.6024,0.6099,0.601,0.6098,2814568.13
1692144000,0.6098,0.6099,0.6056,0.6071,1932903.66
1692158400,0.6071,0.6161,0.5987,0.6018,8862165.71
1692172800,0.6018,0.6025,0.595,0.5995,4461057.5
1692187200,0.5995,0.5995,0.5881,0.5939,5415298.46
1692201600,0.5939,0.6021,0.5916,0.5955,4381202.75
1692216000,0.5955,0.597,0.5748,0.5884,10907102.1
1692230400,0.5884,0.5941,0.5795,0.5904,6766538.98
1692244800,0.5904,0.5931,0.5865,0.589,3124514.66
1692259200,0.589,0.5908,0.5829,0.584,2856394.69
1692273600,0.584,0.5873,0.5732,0.5757,8113564.21
1692288000,0.5757,0.5789,0.5691,0.5755,6399460.01
1692302400,0.5755,0.5761,0.4309,0.5068,39143875.31
1692316800,0.5068,0.5155,0.4838,0.4934,10228443.75
1692331200,0.4934,0.5208,0.4872,0.5056,11240792.34
1692345600,0.5056,0.5101,0.5016,0.5085,5741154.22
1692360000,0.5085,0.5113,0.4986,0.5023,6462488.18
1692374400,0.5023,0.5081,0.489,0.4993,8006924.4
1692388800,0.4993,0.5101,0.4993,0.506,2613813.16
1692403200,0.506,0.5095,0.5028,0.5055,1713434.15
1692417600,0.5055,0.5071,0.5009,0.5051,882716.34
1692432000,0.5051,0.5069,0.5032,0.5035,1233846.27
1692446400,0.5035,0.5239,0.5031,0.522,5833646.37
1692460800,0.522,0.5241,0.5163,0.5199,3303688.11
1692475200,0.5199,0.5208,0.5139,0.5198,1741580.02
1692489600,0.5198,0.5217,0.5161,0.5185,1079211.98
1692504000,0.5185,0.5284,0.518,0.5279,2252940.94
1692518400,0.5279,0.5564,0.5251,0.5455,6059271.970000001
1692532800,0.5455,0.5496,0.5337,0.5387,4186214.17
1692547200,0.5387,0.5435,0.5314,0.5416,3002398.19
1692561600,0.5416,0.5452,0.5373,0.5388,1380592.99
1692576000,0.5388,0.5393,0.5308,0.5317,4932979.99
1692590400,0.5317,0.5326,0.5176,0.5201,5563246.7
1692604800,0.5201,0.5257,0.5175,0.5254,2270343.07
1692619200,0.5254,0.5293,0.5072,0.5109,6044245.16
1692633600,0.5109,0.5249,0.5088,0.5218,3715870.04
1692648000,0.5218,0.5257,0.5201,0.5246,3152470.81
1692662400,0.5246,0.5252,0.5182,0.521,5578556.37
1692676800,0.521,0.5222,0.5158,0.5185,2145590.5300000003
1692691200,0.5185,0.5188,0.5148,0.5166,1657625.66
1692705600,0.5166,0.5201,0.5099,0.5117,4006819.94
1692720000,0.5117,0.5162,0.504,0.5113,4825346.16
1692734400,0.5113,0.524,0.5037,0.5204,3905375.3
1692748800,0.5204,0.5234,0.5177,0.5191,4334866.27
1692763200,0.5191,0.5221,0.517,0.5173,2448203.34
1692777600,0.5173,0.5214,0.5168,0.519,1155512.54
1692792000,0.519,0.5234,0.516,0.5229,2301516.75
1692806400,0.5229,0.5356,0.5225,0.5328,4810020.89
1692820800,0.5328,0.5328,0.5235,0.5298,2024273.68
1692835200,0.5298,0.5308,0.526,0.5283,4519502.41
1692849600,0.5283,0.5314,0.5267,0.528,1752141.44
1692864000,0.528,0.5283,0.5226,0.5243,1743719.85
1692878400,0.5243,0.5244,0.5135,0.5148,3326218.92
1692892800,0.5148,0.518,0.512,0.5161,3668027.62
1692907200,0.5161,0.5186,0.5127,0.5183,1540695.91
1692921600,0.5183,0.5206,0.5138,0.517,1445747.92
1692936000,0.517,0.5181,0.5087,0.5094,3138887.35
1692950400,0.5094,0.5146,0.5078,0.5138,2498850.68
1692964800,0.5138,0.5251,0.512,0.5159,4750225.93
1692979200,0.5159,0.5314,0.5141,0.5249,3736247.23
1692993600,0.5249,0.5269,0.5224,0.5257,1031189.55
1693008000,0.5257,0.5263,0.5228,0.5237,788427.63
1693022400,0.5237,0.5238,0.518,0.5212,1081310.23
1693036800,0.5212,0.5237,0.52,0.5229,612552.6
1693051200,0.5229,0.5275,0.521,0.525,838016.87
1693065600,0.525,0.5265,0.5234,0.5257,1378490.2
1693080000,0.5257,0.5271,0.5218,0.5232,895859.85
1693094400,0.5232,0.5247,0.5218,0.5247,596618.52
1693108800,0.5247,0.5296,0.5245,0.5267,1660742.9900000002
1693123200,0.5267,0.5292,0.5258,0.5266,1010841.51
1693137600,0.5266,0.5299,0.5262,0.5267,1189091.5499999998
1693152000,0.5267,0.5277,0.5236,0.5248,1384556.67
1693166400,0.5248,0.5254,0.5161,0.5238,2083344.21
1693180800,0.5238,0.5238,0.5172,0.5191,5374953.84
1693195200,0.5191,0.5205,0.5147,0.5164,2395316.25
1693209600,0.5164,0.5164,0.5114,0.5158,3093406.29
1693224000,0.5158,0.5209,0.5158,0.519,2346652.52
1693238400,0.519,0.5232,0.5187,0.5209,1895062.16
1693252800,0.5209,0.5241,0.5201,0.523,819328.97
1693267200,0.523,0.5231,0.5194,0.5206,2642357.32
1693281600,0.5206,0.5207,0.5155,0.516,2364335.1
1693296000,0.516,0.518,0.5126,0.5155,1909054.93
1693310400,0.5155,0.5473,0.5143,0.5347,11369573.28
1693324800,0.5347,0.5436,0.5338,0.5387,3982034.71
1693339200,0.5387,0.5434,0.5387,0.5398,1517981.78
1693353600,0.5398,0.5402,0.5305,0.5338,6582634.77
1693368000,0.5338,0.5352,0.5298,0.5318,3010637.59
1693382400,0.5318,0.5332,0.5279,0.5293,1533942.15
1693396800,0.5293,0.5309,0.5221,0.524,3444707.69
1693411200,0.524,0.5278,0.5234,0.5267,1952839.52
1693425600,0.5267,0.5289,0.5267,0.5283,2174599.01
1693440000,0.5283,0.5283,0.5241,0.5261,3775249.58
1693454400,0.5261,0.5281,0.5239,0.5255,1606889.11
1693468800,0.5255,0.5276,0.523,0.5261,1421102.5
1693483200,0.5261,0.5262,0.5157,0.5174,3491444.28
1693497600,0.5174,0.5192,0.5018,0.5096,8959106.73
1693512000,0.5096,0.5122,0.5046,0.5109,2767237.23
1693526400,0.5109,0.5116,0.5074,0.51,2439831.83
1693540800,0.51,0.5102,0.5025,0.5041,2320885.73
1693555200,0.5041,0.5074,0.5022,0.5069,1102152.09
1693569600,0.5069,0.5081,0.4992,0.5013,3525647.95
1693584000,0.5013,0.5017,0.4871,0.4919,6978511.92
1693598400,0.4919,0.4983,0.4915,0.4981,2033923.7
1693612800,0.4981,0.4982,0.4946,0.4978,1636810.21
1693627200,0.4978,0.4988,0.4953,0.4959,764468.12
1693641600,0.4959,0.4979,0.4953,0.4973,458256.06
1693656000,0.4973,0.5024,0.496,0.5006,1206228.17
1693670400,0.5006,0.5011,0.4945,0.4971,1178423.63
1693684800,0.4971,0.4997,0.4957,0.4989,574679.53
1693699200,0.4989,0.5022,0.4974,0.5019,667565.1799999999
1693713600,0.5019,0.5053,0.501,0.5035,1617307.37
1693728000,0.5035,0.5039,0.5016,0.5025,637494.5700000001
1693742400,0.5025,0.5045,0.4997,0.5018,2001799.59
1693756800,0.5018,0.5101,0.5017,0.5062,2585222.69
1693771200,0.5062,0.5074,0.5037,0.5047,968799.8
1693785600,0.5047,0.5125,0.5046,0.5095,1632868.85
1693800000,0.5095,0.5124,0.5009,0.5032,3605007.89
1693814400,0.5032,0.5059,0.5006,0.5007,1326301.35
1693828800,0.5007,0.5035,0.4974,0.5028,1436950.48
1693843200,0.5028,0.5087,0.502,0.5085,1059878.63
1693857600,0.5085,0.51,0.5038,0.5082,1350632.44
1693872000,0.5082,0.5083,0.502,0.505,5353940.94
1693886400,0.505,0.5073,0.5014,0.504,2177115.28
1693900800,0.504,0.5047,0.5013,0.5029,1402728.33
1693915200,0.5029,0.5037,0.4994,0.5017,2021954.66
1693929600,0.5017,0.5032,0.5002,0.5024,830037.4199999999
1693944000,0.5024,0.5061,0.5019,0.505,616441.81
1693958400,0.505,0.5051,0.5028,0.504,2891350.5300000003
1693972800,0.504,0.5045,0.5001,0.5013,1963414.35
1693987200,0.5013,0.5016,0.4995,0.5007,761848.89
1694001600,0.5007,0.5019,0.4946,0.4971,3443264.3200000003
1694016000,0.4971,0.5033,0.4924,0.5008,3201018.29
1694030400,0.5008,0.5034,0.5005,0.5032,615072.35
1694044800,0.5032,0.5032,0.4994,0.5026,4610876.55
1694059200,0.5026,0.5035,0.4978,0.4997,1756262.7
1694073600,0.4997,0.4998,0.496,0.4975,2057974.52
1694088000,0.4975,0.4991,0.4971,0.4987,1581744.68
1694102400,0.4987,0.5012,0.4986,0.5011,2307373.24
1694116800,0.5011,0.5063,0.5002,0.5051,3563363.01
1694131200,0.5051,0.5073,0.5028,0.5047,1554140.03
1694145600,0.5047,0.5064,0.502,0.5034,949805.6
1694160000,0.5034,0.5046,0.4949,0.4979,3343027.04
1694174400,0.4979,0.502,0.4976,0.5014,2339183.29
1694188800,0.5014,0.5055,0.5001,0.5049,1427646.16
1694203200,0.5049,0.5058,0.5031,0.5049,1662451.08
1694217600,0.5049,0.5049,0.5016,0.5024,533649.77
1694232000,0.5024,0.5041,0.5014,0.5038,629129.83
1694246400,0.5038,0.5045,0.5032,0.5037,697460.04
1694260800,0.5037,0.5043,0.5019,0.5043,645595.55
1694275200,0.5043,0.5046,0.5027,0.5038,423200.78
1694289600,0.5038,0.5039,0.5031,0.5037,405008.1
1694304000,0.5037,0.5037,0.4999,0.5017,844464.75
1694318400,0.5017,0.5017,0.4962,0.5001,1681340.1700000002
1694332800,0.5001,0.5005,0.4987,0.4996,589416.0700000001
1694347200,0.4996,0.4998,0.4933,0.4962,1923940.18
1694361600,0.4962,0.4989,0.4941,0.4983,1648314.12
1694376000,0.4983,0.5008,0.4968,0.4969,2169846.49
1694390400,0.4969,0.4978,0.492,0.4964,4664455.16
1694404800,0.4964,0.4965,0.4782,0.4854,5615884.16
1694419200,0.4854,0.4854,0.4615,0.4685,6606266.32
1694433600,0.4685,0.4763,0.4685,0.4719,4441576.050000001
1694448000,0.4719,0.4736,0.4659,0.4688,4148395.55
1694462400,0.4688,0.4748,0.4676,0.4742,1786180.05
1694476800,0.4742,0.4833,0.4699,0.479,6340919.54
1694491200,0.479,0.4806,0.4714,0.4744,2815212.06
1694505600,0.4744,0.4829,0.4701,0.4786,3322015.61
1694520000,0.4786,0.4823,0.4763,0.4823,2862917.2
1694534400,0.4823,0.4854,0.4783,0.4815,2707048.73
1694548800,0.4815,0.4839,0.4799,0.4801,993720.62
1694563200,0.4801,0.4812,0.4774,0.4787,2875979.92
1694577600,0.4787,0.4889,0.4739,0.4747,5727081.46
1694592000,0.4747,0.4818,0.4745,0.4815,1783575.0
1694606400,0.4815,0.4838,0.4786,0.483,2867672.82
1694620800,0.483,0.4844,0.4796,0.4818,1591222.14
1694635200,0.4818,0.4854,0.4818,0.4832,1040929.15
1694649600,0.4832,0.4857,0.4807,0.4846,6422243.95
1694664000,0.4846,0.485,0.4799,0.481,1830929.91
1694678400,0.481,0.4831,0.48,0.483,1597850.24
1694692800,0.483,0.4889,0.4821,0.4879,6241732.17
1694707200,0.4879,0.493,0.486,0.493,4291604.73
1694721600,0.493,0.4932,0.4884,0.4889,2584281.58
1694736000,0.4889,0.5001,0.4889,0.498,2651758.8600000003
1694750400,0.498,0.5073,0.4936,0.4937,4161871.67
1694764800,0.4937,0.4987,0.4932,0.4934,1503700.18
1694779200,0.4934,0.4946,0.4879,0.4936,4208477.07
1694793600,0.4936,0.5,0.493,0.4981,2687553.61
1694808000,0.4981,0.5036,0.4981,0.5005,1773848.97
1694822400,0.5005,0.5034,0.4984,0.5008,1897916.8200000003
1694836800,0.5008,0.5013,0.4986,0.4991,664935.55
1694851200,0.4991,0.5022,0.499,0.5006,607370.09
1694865600,0.5006,0.5019,0.4975,0.4992,678992.56
1694880000,0.4992,0.5023,0.4988,0.5003,412178.19
1694894400,0.5003,0.5008,0.499,0.4997,399418.98
1694908800,0.4997,0.4998,0.4931,0.4973,1779542.2300000002
1694923200,0.4973,0.4975,0.4936,0.4947,348603.64
1694937600,0.4947,0.4985,0.4947,0.4976,611397.63
1694952000,0.4976,0.5003,0.4969,0.4997,653267.96
1694966400,0.4997,0.5001,0.4954,0.4971,690861.16
1694980800,0.4971,0.4972,0.4902,0.4927,1398475.94
1694995200,0.4927,0.4976,0.488,0.4973,6320942.47
1695009600,0.4973,0.4982,0.4907,0.491,951979.49
1695024000,0.491,0.5011,0.4908,0.5007,4247347.3
1695038400,0.5007,0.5064,0.4994,0.504,3285537.63
1695052800,0.504,0.5047,0.4986,0.5041,3285327.9
1695067200,0.5041,0.5065,0.5021,0.503,1147907.58
1695081600,0.503,0.5138,0.5008,0.509,3851264.39
1695096000,0.509,0.5108,0.5036,0.5037,1449111.72
1695110400,0.5037,0.51,0.5036,0.5092,2410803.61
1695124800,0.5092,0.5116,0.5067,0.5115,1938312.16
1695139200,0.5115,0.516,0.5083,0.5155,3458704.35
1695153600,0.5155,0.5156,0.5114,0.514,4277899.58
1695168000,0.514,0.525,0.5117,0.5237,11362864.6
1695182400,0.5237,0.5237,0.5132,0.5141,10870895.86
1695196800,0.5141,0.5168,0.5074,0.5155,8899091.29
1695211200,0.5155,0.5193,0.5102,0.5179,6809005.43
1695225600,0.5179,0.5223,0.512,0.5164,10699096.69
1695240000,0.5164,0.525,0.514,0.5213,6311934.199999999
1695254400,0.5213,0.5215,0.5132,0.5185,7878532.649999999
1695268800,0.5185,0.5185,0.5085,0.5094,5440590.5
1695283200,0.5094,0.5114,0.5009,0.5051,11734983.54
1695297600,0.5051,0.5065,0.5004,0.5051,6252256.59
1695312000,0.5051,0.5112,0.5038,0.5111,8287746.83
1695326400,0.5111,0.5112,0.5056,0.5071,4081880.85
1695340800,0.5071,0.5128,0.504,0.5125,3921814.93
1695355200,0.5125,0.5139,0.5072,0.5113,4345492.38
1695369600,0.5113,0.5137,0.507,0.5097,5527959.25
1695384000,0.5097,0.5121,0.5089,0.5107,5535241.22
1695398400,0.5107,0.5167,0.5084,0.5147,8283691.57
1695412800,0.5147,0.5155,0.5106,0.5122,5948495.96
1695427200,0.5122,0.5131,0.5105,0.5115,2572943.29
1695441600,0.5115,0.5135,0.5105,0.512,2010183.26
1695456000,0.512,0.5132,0.5112,0.5126,1701587.93
1695470400,0.5126,0.5127,0.5085,0.51,3305039.1899999995
1695484800,0.51,0.5109,0.5085,0.5101,2250611.23
1695499200,0.5101,0.5103,0.5057,0.5077,2057760.23
1695513600,0.5077,0.5096,0.5062,0.5078,3503737.09
1695528000,0.5078,0.5091,0.5075,0.5081,1323756.65
1695542400,0.5081,0.5114,0.5081,0.5111,1481150.8199999998
1695556800,0.5111,0.5115,0.5085,0.5094,2288971.54
1695571200,0.5094,0.5107,0.5058,0.5068,2843247.42
1695585600,0.5068,0.5078,0.4993,0.5021,6767254.97
1695600000,0.5021,0.5037,0.4959,0.5017,12891076.32
1695614400,0.5017,0.5032,0.4914,0.4959,9300296.15
1695628800,0.4959,0.4964,0.4928,0.4953,6825155.24
1695643200,0.4953,0.4996,0.4941,0.4989,8671030.03
1695657600,0.4989,0.5067,0.4989,0.5058,8470025.56
1695672000,0.5058,0.5066,0.5018,0.5054,4136142.42
1695686400,0.5054,0.507,0.5013,0.5055,8270389.91
1695700800,0.5055,0.5062,0.4988,0.5016,4691074.62
1695715200,0.5016,0.5018,0.4979,0.5007,8054648.63
1695729600,0.5007,0.5025,0.4993,0.5001,5506219.29
1695744000,0.5001,0.5052,0.4997,0.5048,5666954.86
1695758400,0.5048,0.5057,0.4969,0.5017,5907296.0
1695772800,0.5017,0.5036,0.4994,0.5027,5577020.7
1695787200,0.5027,0.503,0.4965,0.4995,6451469.039999999
1695801600,0.4995,0.5067,0.4968,0.5057,8502798.41
1695816000,0.5057,0.5065,0.4995,0.5012,8411453.64
1695830400,0.5012,0.5047,0.5,0.5041,5752485.5
1695844800,0.5041,0.5047,0.4985,0.4988,15682161.22
1695859200,0.4988,0.5007,0.4971,0.4974,17225874.43
1695873600,0.4974,0.4984,0.4947,0.4966,11899734.93
1695888000,0.4966,0.5028,0.4957,0.5012,7123102.29
1695902400,0.5012,0.5048,0.4992,0.5047,7838268.34
1695916800,0.5047,0.5098,0.5046,0.5078,8496381.57
1695931200,0.5078,0.5098,0.5059,0.5097,4999723.95
1695945600,0.5097,0.5127,0.5092,0.5092,5332380.37
1695960000,0.5092,0.51,0.5061,0.5079,4395630.61
1695974400,0.5079,0.5121,0.5065,0.5117,4550851.82
1695988800,0.5117,0.5487,0.5116,0.5319,47687412.81
1696003200,0.5319,0.5359,0.5269,0.5326,17300508.68
1696017600,0.5326,0.5369,0.5175,0.5215,14967825.330000002
1696032000,0.5215,0.5216,0.5138,0.5171,6050084.649999999
1696046400,0.5171,0.5182,0.5152,0.5154,2560684.17
1696060800,0.5154,0.5198,0.5148,0.5173,4313965.63
1696075200,0.5173,0.5181,0.5151,0.5168,2941204.37
1696089600,0.5168,0.5192,0.5158,0.5182,3167884.88
1696104000,0.5182,0.5184,0.5144,0.515,2519950.98
1696118400,0.515,0.5168,0.5139,0.5168,2464126.35
1696132800,0.5168,0.5182,0.5156,0.5179,1399752.13
1696147200,0.5179,0.5231,0.5169,0.5212,3150920.91
1696161600,0.5212,0.5217,0.5172,0.519,3508758.6500000004
1696176000,0.519,0.5191,0.515,0.5163,2455260.07
1696190400,0.5163,0.5258,0.5152,0.524,5680852.899999999
1696204800,0.524,0.5256,0.521,0.5255,10565603.27
1696219200,0.5255,0.5255,0.5197,0.5223,6024363.42
1696233600,0.5223,0.5247,0.521,0.521,3743647.57
1696248000,0.521,0.5241,0.5166,0.5174,6024624.45
1696262400,0.5174,0.5234,0.5084,0.5161,13803093.72
1696276800,0.5161,0.5164,0.5096,0.5123,5189033.6
1696291200,0.5123,0.5147,0.5099,0.5137,4205303.69
1696305600,0.5137,0.5138,0.5066,0.5099,5350947.06
1696320000,0.5099,0.5112,0.507,0.5096,4964277.199999999
1696334400,0.5096,0.5128,0.5061,0.5075,5439562.4
1696348800,0.5075,0.5142,0.5069,0.5141,5071065.609999999
1696363200,0.5141,0.5481,0.5092,0.5391,33685500.46
1696377600,0.5391,0.5422,0.52,0.5356,40538899.31
1696392000,0.5356,0.5359,0.5251,0.5322,9707053.84
1696406400,0.5322,0.5365,0.5279,0.5331,11947355.42
1696420800,0.5331,0.5353,0.5277,0.5291,9595493.29
1696435200,0.5291,0.539,0.5269,0.5298,14889958.82
1696449600,0.5298,0.5342,0.5289,0.5328,5988828.8
1696464000,0.5328,0.5328,0.5271,0.5297,8475035.52
1696478400,0.5297,0.5301,0.5209,0.5235,8404148.49
1696492800,0.5235,0.5247,0.5214,0.5227,6390070.56
1696507200,0.5227,0.5273,0.5166,0.5192,11218611.05
1696521600,0.5192,0.5257,0.5179,0.5224,10337555.99
1696536000,0.5224,0.5251,0.522,0.523,3847820.16
1696550400,0.523,0.527,0.5225,0.5256,2770627.59
1696564800,0.5256,0.5258,0.5188,0.5199,5684857.100000001
1696579200,0.5199,0.5228,0.5193,0.5207,6038133.55
1696593600,0.5207,0.5254,0.5172,0.5245,7444698.85
1696608000,0.5245,0.5267,0.5231,0.526,4489735.42
1696622400,0.526,0.5294,0.5255,0.5258,4110457.16
1696636800,0.5258,0.5259,0.5237,0.5239,1943913.14
1696651200,0.5239,0.5244,0.5212,0.5227,2653943.95
1696665600,0.5227,0.5239,0.5219,0.5224,1393083.37
1696680000,0.5224,0.5239,0.5219,0.5228,1564451.67
1696694400,0.5228,0.5236,0.5202,0.521,2029545.11
1696708800,0.521,0.5226,0.5208,0.522,1344212.32
1696723200,0.522,0.5237,0.5215,0.5231,1266423.07
1696737600,0.5231,0.5232,0.5205,0.522,1306555.3
1696752000,0.522,0.5222,0.5195,0.5195,2436735.46
1696766400,0.5195,0.5217,0.5158,0.518,2465057.02
1696780800,0.518,0.5189,0.5173,0.5184,2436980.79
1696795200,0.5184,0.5195,0.5166,0.5178,1392494.33
1696809600,0.5178,0.5202,0.5143,0.519,4295347.45
1696824000,0.519,0.5195,0.5123,0.5147,4544135.96
1696838400,0.5147,0.5148,0.4904,0.4983,14113095.39
1696852800,0.4983,0.5026,0.4976,0.4985,4728511.33
1696867200,0.4985,0.502,0.4907,0.5013,8304759.81
1696881600,0.5013,0.5058,0.5009,0.5029,3222265.3600000003
1696896000,0.5029,0.5029,0.498,0.5002,7523327.11
1696910400,0.5002,0.5014,0.496,0.5001,4759273.790000001
1696924800,0.5001,0.5015,0.496,0.4967,4981946.140000001
1696939200,0.4967,0.4976,0.492,0.4942,4094731.99
1696953600,0.4942,0.4994,0.4933,0.4994,6003068.86
1696968000,0.4994,0.4997,0.4955,0.4964,4420979.96
1696982400,0.4964,0.4976,0.488,0.4894,10643386.54
1696996800,0.4894,0.491,0.4823,0.4828,9394980.97
1697011200,0.4828,0.4889,0.4819,0.4871,5336355.359999999
1697025600,0.4871,0.4886,0.4826,0.4833,8359891.23
1697040000,0.4833,0.4872,0.4792,0.4853,10843449.63
1697054400,0.4853,0.4891,0.4849,0.4888,3520078.18
1697068800,0.4888,0.4888,0.4839,0.4857,7423197.54
1697083200,0.4857,0.4866,0.4815,0.4819,6190784.92
1697097600,0.4819,0.4821,0.4743,0.48,11552093.0
1697112000,0.48,0.4805,0.4768,0.4777,8646115.44
1697126400,0.4777,0.4831,0.4743,0.4813,9391054.56
1697140800,0.4813,0.4846,0.4808,0.4829,3457031.29
1697155200,0.4829,0.4851,0.4822,0.4827,3168043.3200000003
1697169600,0.4827,0.4829,0.4788,0.4823,4601709.5200000005
1697184000,0.4823,0.483,0.4787,0.4795,2916402.92
1697198400,0.4795,0.4845,0.4785,0.4809,7788775.390000001
1697212800,0.4809,0.4836,0.4795,0.4835,3801930.67
1697227200,0.4835,0.4903,0.4829,0.4851,6709191.26
1697241600,0.4851,0.4863,0.4844,0.4853,1922936.89
1697256000,0.4853,0.4862,0.4834,0.4837,1888563.22
1697270400,0.4837,0.486,0.4837,0.4854,1067536.01
1697284800,0.4854,0.4875,0.4847,0.4874,2058382.9
1697299200,0.4874,0.4883,0.4857,0.4863,1587297.72
1697313600,0.4863,0.4873,0.4858,0.4867,1142346.41
1697328000,0.4867,0.4877,0.4853,0.4858,1158599.08
1697342400,0.4858,0.4865,0.4853,0.4865,747812.81
1697356800,0.4865,0.4882,0.486,0.4868,1013289.53
1697371200,0.4868,0.488,0.4853,0.487,2088448.68
1697385600,0.487,0.49,0.4867,0.4879,2300507.03
1697400000,0.4879,0.49,0.4869,0.4874,4838972.68
1697414400,0.4874,0.4884,0.486,0.4876,6184380.3100000005
1697428800,0.4876,0.4968,0.4855,0.4931,8258942.48
1697443200,0.4931,0.4949,0.4899,0.494,3018243.66
1697457600,0.494,0.5102,0.491,0.4921,22158140.72
1697472000,0.4921,0.4979,0.4901,0.4963,11316434.42
1697486400,0.4963,0.4993,0.4944,0.4978,3868283.43
1697500800,0.4978,0.4981,0.4925,0.4928,7226125.27
1697515200,0.4928,0.4928,0.4889,0.4916,6219237.49
1697529600,0.4916,0.4928,0.4877,0.4925,5016996.02
1697544000,0.4925,0.4926,0.4847,0.4904,5852495.51
1697558400,0.4904,0.4931,0.4898,0.493,3139354.98
1697572800,0.493,0.4939,0.4905,0.4913,2481416.62
1697587200,0.4913,0.4914,0.4888,0.4906,5652781.48
1697601600,0.4906,0.4923,0.4882,0.4892,3321343.66
1697616000,0.4892,0.4909,0.4867,0.4906,5501455.33
1697630400,0.4906,0.491,0.4872,0.4875,4754873.74
1697644800,0.4875,0.4924,0.4874,0.4895,7087991.37
1697659200,0.4895,0.4902,0.4866,0.488,4565231.62
1697673600,0.488,0.4882,0.4804,0.4832,8766383.8
1697688000,0.4832,0.4838,0.4775,0.4799,6012386.02
1697702400,0.4799,0.4829,0.4781,0.4822,5089868.41
1697716800,0.4822,0.4871,0.482,0.4868,5916187.71
1697731200,0.4868,0.4893,0.4853,0.4889,4650780.99
1697745600,0.4889,0.5246,0.4884,0.5201,31767677.32
1697760000,0.5201,0.5307,0.5126,0.5208,15709310.23
1697774400,0.5208,0.5211,0.5088,0.5098,10738054.76
1697788800,0.5098,0.5211,0.5098,0.5162,11640518.71
1697803200,0.5162,0.53,0.5148,0.524,12306747.85
1697817600,0.524,0.5243,0.5164,0.5217,13720223.2
1697832000,0.5217,0.5239,0.5147,0.5151,4981839.91
1697846400,0.5151,0.5155,0.5113,0.5142,2980894.91
1697860800,0.5142,0.5176,0.5128,0.5176,2057568.68
1697875200,0.5176,0.5188,0.5159,0.5181,2364191.93
1697889600,0.5181,0.532,0.5152,0.5236,8531361.549999999
1697904000,0.5236,0.5272,0.5217,0.5219,4982500.23
1697918400,0.5219,0.5244,0.5191,0.5211,3788091.34
1697932800,0.5211,0.5241,0.5168,0.5204,3198645.3200000003
1697947200,0.5204,0.5241,0.5124,0.5166,6374020.77
1697961600,0.5166,0.5189,0.5157,0.5164,1920886.35
1697976000,0.5164,0.5192,0.5162,0.5186,2370975.37
1697990400,0.5186,0.5232,0.5183,0.5206,3251611.25
1698004800,0.5206,0.5238,0.5175,0.5227,3309276.04
1698019200,0.5227,0.5271,0.5203,0.5244,12033801.67
1698033600,0.5244,0.5296,0.5213,0.5237,8094783.689999999
1698048000,0.5237,0.5349,0.5227,0.5313,11291874.09
1698062400,0.5313,0.5378,0.5253,0.5326,12892849.83
1698076800,0.5326,0.536,0.5299,0.5359,9714394.1
1698091200,0.5359,0.5528,0.5341,0.5477,27445987.61
1698105600,0.5477,0.5569,0.5434,0.5449,24430603.4
1698120000,0.5449,0.549,0.536,0.5403,14805741.96
1698134400,0.5403,0.5535,0.5393,0.5522,14045139.49
1698148800,0.5522,0.5863,0.538,0.5539,54411338.64
1698163200,0.5539,0.5643,0.5464,0.5602,18287048.95
1698177600,0.5602,0.5629,0.5527,0.559,7966580.04
1698192000,0.559,0.5609,0.551,0.5534,11913862.68
1698206400,0.5534,0.5574,0.5409,0.5441,9009904.98
1698220800,0.5441,0.5544,0.5406,0.5519,10688196.09
1698235200,0.5519,0.561,0.5508,0.559,11875727.16
1698249600,0.559,0.5638,0.5507,0.5567,17052680.580000002
1698264000,0.5567,0.5574,0.5518,0.5555,6814189.0600000005
1698278400,0.5555,0.5585,0.5527,0.557,9351877.55
1698292800,0.557,0.5584,0.5495,0.5576,8482211.420000002
1698307200,0.5576,0.5692,0.5521,0.5561,13536831.7
1698321600,0.5561,0.5611,0.5432,0.5475,14928396.32
1698336000,0.5475,0.5541,0.5449,0.551,9874991.96
1698350400,0.551,0.5548,0.5499,0.5535,5519893.71
1698364800,0.5535,0.5584,0.5489,0.5525,5088375.21
1698379200,0.5525,0.5526,0.5454,0.5454,5494667.91
1698393600,0.5454,0.5519,0.5453,0.549,6204013.0200000005
1698408000,0.549,0.555,0.548,0.5545,8918771.0
1698422400,0.5545,0.5547,0.535,0.5451,11780345.65
1698436800,0.5451,0.5471,0.5431,0.5432,3625030.97
1698451200,0.5432,0.5455,0.5407,0.5454,3076235.31
1698465600,0.5454,0.5467,0.5438,0.5449,2250613.05
1698480000,0.5449,0.5504,0.5448,0.5471,2537114.76
1698494400,0.5471,0.5478,0.5437,0.5476,2516146.05
1698508800,0.5476,0.5477,0.5446,0.5447,2314291.27
1698523200,0.5447,0.5478,0.5443,0.5449,2406367.47
1698537600,0.5449,0.5457,0.5408,0.5427,2213020.43
1698552000,0.5427,0.5475,0.5423,0.547,2151605.85
1698566400,0.547,0.556,0.547,0.5553,3153640.98
1698580800,0.5553,0.5574,0.5521,0.5567,3925800.0
1698595200,0.5567,0.5614,0.5557,0.5586,5640781.02
1698609600,0.5586,0.5599,0.5553,0.5561,2910586.63
1698624000,0.5561,0.5575,0.5523,0.5547,8494571.72
1698638400,0.5547,0.5548,0.5498,0.5528,4576242.37
1698652800,0.5528,0.5664,0.5518,0.5629,9737486.33
1698667200,0.5629,0.5836,0.5622,0.5777,22961024.52
1698681600,0.5777,0.5837,0.5699,0.5824,14978021.78
1698696000,0.5824,0.5824,0.5758,0.5786,5743846.19
1698710400,0.5786,0.5805,0.5735,0.5742,10074347.01
1698724800,0.5742,0.5762,0.5673,0.5682,6757152.86
1698739200,0.5682,0.6185,0.5634,0.6043,25492433.73
1698753600,0.6043,0.6137,0.5831,0.5953,25185542.74
1698768000,0.5953,0.6045,0.5924,0.5991,13185400.27
1698782400,0.5991,0.6033,0.5942,0.5999,6887612.24
1698796800,0.5999,0.6001,0.5923,0.5927,6972103.55
1698811200,0.5927,0.6089,0.5805,0.5988,15406108.68
1698825600,0.5988,0.6047,0.5965,0.6032,8922540.75
1698840000,0.6032,0.6111,0.5936,0.597,18329877.92
1698854400,0.597,0.6133,0.5947,0.6091,18626792.59
1698868800,0.6091,0.6166,0.6078,0.6091,14663200.24
1698883200,0.6091,0.6135,0.605,0.6121,15110063.53
1698897600,0.6121,0.6123,0.6031,0.6049,11140296.54
1698912000,0.6049,0.6244,0.6021,0.6172,15010141.25
1698926400,0.6172,0.6258,0.602,0.604,17018975.15
1698940800,0.604,0.6134,0.5878,0.6097,16004086.69
1698955200,0.6097,0.6117,0.603,0.6054,7357317.27
1698969600,0.6054,0.6056,0.5917,0.6011,8489191.09
1698984000,0.6011,0.6015,0.5928,0.5965,6119801.45
1698998400,0.5965,0.6074,0.5949,0.6023,11417627.25
1699012800,0.6023,0.6129,0.6008,0.6116,13243324.85
1699027200,0.6116,0.612,0.6041,0.6106,8899904.32
1699041600,0.6106,0.6153,0.6101,0.6125,6280027.109999999
1699056000,0.6125,0.6126,0.6092,0.6117,4375054.74
1699070400,0.6117,0.617,0.6104,0.6146,4615982.99
1699084800,0.6146,0.6181,0.6132,0.6142,4610987.48
1699099200,0.6142,0.6153,0.6092,0.6106,4567537.82
1699113600,0.6106,0.6136,0.61,0.6127,4283380.73
1699128000,0.6127,0.6176,0.6123,0.6155,4426649.81
1699142400,0.6155,0.6295,0.6146,0.6253,10270555.76
1699156800,0.6253,0.6262,0.6198,0.6224,5003219.17
1699171200,0.6224,0.6546,0.6207,0.646,18921054.01
1699185600,0.646,0.6501,0.6296,0.645,17393560.82
1699200000,0.645,0.6596,0.6434,0.6548,16161014.42
1699214400,0.6548,0.6632,0.6451,0.6613,14283091.14
1699228800,0.6613,0.6888,0.6592,0.6816,35531493.4
1699243200,0.6816,0.684,0.6686,0.6817,15887423.92
1699257600,0.6817,0.7025,0.6774,0.7025,26374799.37
1699272000,0.7025,0.7325,0.6966,0.7174,49978314.91
1699286400,0.7174,0.7188,0.7036,0.7159,28613094.51
1699300800,0.7159,0.7249,0.7089,0.715,20136746.9
1699315200,0.715,0.7154,0.6514,0.6901,45816799.66
1699329600,0.6901,0.6956,0.6791,0.6943,16925004.88
1699344000,0.6943,0.7008,0.6694,0.6832,21824103.82
1699358400,0.6832,0.689,0.6651,0.6717,26470998.33
1699372800,0.6717,0.6909,0.6552,0.689,31900739.28
1699387200,0.689,0.6964,0.6786,0.6855,18835554.72
1699401600,0.6855,0.692,0.6792,0.6853,13254521.46
1699416000,0.6853,0.6873,0.6729,0.6741,16735349.71
1699430400,0.6741,0.6978,0.673,0.6931,22223298.2
1699444800,0.6931,0.696,0.6802,0.6843,16748383.79
1699459200,0.6843,0.6934,0.6818,0.6904,16673699.71
1699473600,0.6904,0.694,0.6831,0.6874,13453924.96
1699488000,0.6874,0.6948,0.681,0.6914,16430432.36
1699502400,0.6914,0.7061,0.691,0.6953,11774907.3
1699516800,0.6953,0.7049,0.6901,0.6948,40114162.49
1699531200,0.6948,0.7035,0.668,0.6868,52930190.25
1699545600,0.6868,0.6894,0.6306,0.658,42799989.36
1699560000,0.658,0.6681,0.6448,0.6668,21113328.21
1699574400,0.6668,0.6709,0.658,0.666,18225388.06
1699588800,0.666,0.667,0.6523,0.6533,14287345.92
1699603200,0.6533,0.6618,0.6452,0.661,13580634.06
1699617600,0.661,0.6611,0.6371,0.6471,21330873.16
1699632000,0.6471,0.6635,0.6466,0.6595,21269063.19
1699646400,0.6595,0.6652,0.6563,0.6597,13642798.59
1699660800,0.6597,0.6652,0.6478,0.6496,16548071.46
1699675200,0.6496,0.6618,0.6408,0.6608,13978390.64
1699689600,0.6608,0.6871,0.6603,0.6676,18186184.93
1699704000,0.6676,0.6798,0.6657,0.6736,15029871.26
1699718400,0.6736,0.6809,0.6672,0.6743,11226642.44
1699732800,0.6743,0.6744,0.6569,0.6627,11472072.61
1699747200,0.6627,0.6637,0.6464,0.6607,7809140.96
1699761600,0.6607,0.6693,0.6572,0.668,5781610.98
1699776000,0.668,0.6709,0.6641,0.6653,9612209.5
1699790400,0.6653,0.6669,0.658,0.6646,7239328.31
1699804800,0.6646,0.6655,0.6589,0.6609,7181856.25
1699819200,0.6609,0.667,0.6577,0.6616,7970074.2
1699833600,0.6616,0.6676,0.6533,0.6541,11637796.48
1699848000,0.6541,0.6594,0.6493,0.6564,11988406.38
1699862400,0.6564,0.6585,0.6465,0.651,7136620.96
1699876800,0.651,0.6537,0.6403,0.6503,12105637.2
1699891200,0.6503,0.6541,0.6433,0.6519,9645086.16
1699905600,0.6519,0.7473,0.641,0.6704,137995434.46
1699920000,0.6704,0.6721,0.6563,0.6599,22351712.82
1699934400,0.6599,0.6699,0.6591,0.6641,9422003.35
1699948800,0.6641,0.6697,0.6476,0.6509,16755097.9
1699963200,0.6509,0.6643,0.6475,0.6539,17328198.72
1699977600,0.6539,0.6561,0.5976,0.6226,43495616.04
1699992000,0.6226,0.6331,0.6061,0.6294,21805638.14
1700006400,0.6294,0.6309,0.6252,0.6263,12071887.6
1700020800,0.6263,0.6347,0.6263,0.629,10808181.73
1700035200,0.629,0.6407,0.629,0.6404,12162154.78
1700049600,0.6404,0.6404,0.6171,0.6397,16124955.65
1700064000,0.6397,0.6466,0.6216,0.6463,30182784.09
1700078400,0.6463,0.6506,0.6407,0.6485,14978858.85
1700092800,0.6485,0.6494,0.6437,0.6465,14349978.97
1700107200,0.6465,0.6525,0.6461,0.6512,12347609.78
1700121600,0.6512,0.6521,0.6393,0.6413,13769862.99
1700136000,0.6413,0.6417,0.6163,0.6223,25497430.020000003
1700150400,0.6223,0.6272,0.6037,0.6161,20612913.87
1700164800,0.6161,0.6193,0.6046,0.612,19919094.62
1700179200,0.612,0.6237,0.6109,0.6219,10820626.1
1700193600,0.6219,0.6243,0.6151,0.6153,9108757.56
1700208000,0.6153,0.6188,0.6081,0.6127,10357507.06
1700222400,0.6127,0.6141,0.5862,0.5902,23373715.23
1700236800,0.5902,0.6095,0.588,0.607,15466430.88
1700251200,0.607,0.616,0.6064,0.6135,5225083.609999999
1700265600,0.6135,0.6136,0.6026,0.6028,5082600.35
1700280000,0.6028,0.6061,0.5902,0.6006,8800224.3
1700294400,0.6006,0.6083,0.5988,0.6035,5020408.97
1700308800,0.6035,0.6089,0.5979,0.6077,7084836.75
1700323200,0.6077,0.6147,0.6061,0.6136,7332552.12
1700337600,0.6136,0.6141,0.6073,0.611,4158080.54
1700352000,0.611,0.611,0.6018,0.6078,5576756.79
1700366400,0.6078,0.6109,0.607,0.6105,4540848.22
1700380800,0.6105,0.6138,0.6081,0.6094,4424784.99
1700395200,0.6094,0.6253,0.609,0.6212,13223021.38
1700409600,0.6212,0.6267,0.6184,0.6248,6865343.28
1700424000,0.6248,0.6288,0.6214,0.6261,8135396.37
1700438400,0.6261,0.6271,0.6217,0.6231,12431596.26
1700452800,0.6231,0.6247,0.6158,0.6225,11324308.09
1700467200,0.6225,0.6284,0.619,0.6236,6942053.09
1700481600,0.6236,0.6242,0.6119,0.6193,10972280.27
1700496000,0.6193,0.6232,0.6129,0.6191,13121917.33
1700510400,0.6191,0.6202,0.6074,0.6125,7355818.359999999
1700524800,0.6125,0.6179,0.6069,0.6139,14543999.46
1700539200,0.6139,0.6163,0.606,0.6097,11034459.59
1700553600,0.6097,0.6169,0.6081,0.6111,12306384.62
1700568000,0.6111,0.6156,0.593,0.6042,20592805.79
1700582400,0.6042,0.6061,0.5809,0.595,18011582.71
1700596800,0.595,0.6021,0.5746,0.579,16220117.329999998
1700611200,0.579,0.5932,0.5781,0.5931,11237644.1
1700625600,0.5931,0.5971,0.5886,0.5933,8773816.21
1700640000,0.5933,0.5972,0.5914,0.5942,9968559.14
1700654400,0.5942,0.5985,0.5917,0.5936,8888786.7
1700668800,0.5936,0.6132,0.5922,0.6092,13421297.489999998
1700683200,0.6092,0.6164,0.6084,0.6112,10540532.33
1700697600,0.6112,0.6149,0.6088,0.6113,6815501.7700000005
1700712000,0.6113,0.6113,0.6062,0.6113,7335892.189999999
1700726400,0.6113,0.6231,0.611,0.6136,10853710.7
1700740800,0.6136,0.622,0.6099,0.6163,10776357.79
1700755200,0.6163,0.624,0.6135,0.6217,9216337.9
1700769600,0.6217,0.6232,0.618,0.6206,6507152.5
1700784000,0.6206,0.6251,0.6205,0.6207,7567697.46
1700798400,0.6207,0.6246,0.6175,0.6239,10328620.93
1700812800,0.6239,0.6255,0.6194,0.6203,7045391.42
1700827200,0.6203,0.6249,0.6158,0.6224,10096399.03
1700841600,0.6224,0.6248,0.6162,0.6192,8501508.469999999
1700856000,0.6192,0.6228,0.6181,0.6217,4519729.5
1700870400,0.6217,0.6235,0.6191,0.6222,4521240.71
1700884800,0.6222,0.6227,0.6199,0.6227,2398043.29
1700899200,0.6227,0.6231,0.6163,0.6181,4030294.83
1700913600,0.6181,0.6202,0.6169,0.6195,3808195.29
1700928000,0.6195,0.6219,0.6195,0.6208,3375407.34
1700942400,0.6208,0.6237,0.6193,0.6231,3355185.4
1700956800,0.6231,0.6233,0.6188,0.6203,3267261.64
1700971200,0.6203,0.6221,0.6194,0.6219,2019169.02
1700985600,0.6219,0.6361,0.6201,0.6301,9082399.77
1701000000,0.6301,0.6376,0.6192,0.6225,10277851.88
1701014400,0.6225,0.6234,0.6077,0.6182,11618805.85
1701028800,0.6182,0.6201,0.6158,0.6159,5371438.36
1701043200,0.6159,0.6169,0.6058,0.61,11134536.05
1701057600,0.61,0.6117,0.6014,0.6073,8741809.07
1701072000,0.6073,0.6088,0.5992,0.6038,6906882.65
1701086400,0.6038,0.6053,0.5974,0.5982,12486560.82
1701100800,0.5982,0.6047,0.5945,0.5986,10243169.56
1701115200,0.5986,0.6041,0.5954,0.6039,6271251.58
1701129600,0.6039,0.605,0.6013,0.6044,7340913.479999999
1701144000,0.6044,0.6052,0.5959,0.6027,6885636.029999999
1701158400,0.6027,0.607,0.5972,0.6047,9386954.45
1701172800,0.6047,0.6116,0.6036,0.6086,6598848.73
1701187200,0.6086,0.6139,0.6069,0.6114,10967193.59
1701201600,0.6114,0.6132,0.6098,0.6109,4913662.47
1701216000,0.6109,0.6131,0.609,0.6125,6201081.94
1701230400,0.6125,0.616,0.6096,0.6138,10878571.18
1701244800,0.6138,0.617,0.6093,0.6113,12276824.6
1701259200,0.6113,0.6127,0.6044,0.608,10216818.74
1701273600,0.608,0.6099,0.6042,0.6093,8405511.74
1701288000,0.6093,0.6098,0.6064,0.6092,5069510.07
1701302400,0.6092,0.6093,0.605,0.6086,9127756.92
1701316800,0.6086,0.6098,0.6034,0.6038,8429003.39
1701331200,0.6038,0.6058,0.5988,0.6056,13012329.89
1701345600,0.6056,0.6063,0.6005,0.602,9767625.53
1701360000,0.602,0.6047,0.5999,0.6035,6391728.71
1701374400,0.6035,0.6078,0.6034,0.6063,4599812.07
1701388800,0.6063,0.6124,0.6033,0.6105,7046102.44
1701403200,0.6105,0.6123,0.6089,0.6103,4018253.9
1701417600,0.6103,0.6143,0.6088,0.6111,6548635.82
1701432000,0.6111,0.6119,0.6057,0.6078,8051637.99
1701446400,0.6078,0.6122,0.6072,0.6122,7798863.65
1701460800,0.6122,0.6134,0.6108,0.6129,4457021.58
1701475200,0.6129,0.6137,0.6113,0.613,3414988.54
1701489600,0.613,0.6162,0.613,0.614,3904855.28
1701504000,0.614,0.6156,0.6131,0.6135,2278759.26
1701518400,0.6135,0.6165,0.6122,0.6141,3941028.82
1701532800,0.6141,0.6223,0.6123,0.6191,7257783.24
1701547200,0.6191,0.6229,0.6178,0.621,6285527.41
1701561600,0.621,0.6226,0.6173,0.6184,4584354.23
1701576000,0.6184,0.6206,0.6181,0.6205,2319019.8
1701590400,0.6205,0.634,0.6191,0.628,8743983.360000001
1701604800,0.628,0.6281,0.6182,0.6216,9335468.87
1701619200,0.6216,0.6219,0.6174,0.6216,4490181.4
1701633600,0.6216,0.6274,0.6208,0.6233,6784742.57
1701648000,0.6233,0.6311,0.6223,0.6276,11928348.55
1701662400,0.6276,0.6351,0.6276,0.6333,12105424.4
1701676800,0.6333,0.6432,0.5892,0.62,22155788.85
1701691200,0.62,0.6239,0.6127,0.6158,14500798.59
1701705600,0.6158,0.6345,0.6151,0.6214,12082768.69
1701720000,0.6214,0.6264,0.6198,0.6244,8204365.1
1701734400,0.6244,0.6303,0.6161,0.6183,10162952.16
1701748800,0.6183,0.6209,0.6085,0.6125,8009170.57
1701763200,0.6125,0.6139,0.6087,0.6108,6483274.6
1701777600,0.6108,0.6152,0.6081,0.6143,7934561.01
1701792000,0.6143,0.627,0.613,0.6223,17369817.869999997
1701806400,0.6223,0.6235,0.6177,0.6211,8379131.52
1701820800,0.6211,0.6265,0.6187,0.6222,12818472.88
1701835200,0.6222,0.6283,0.6109,0.6272,11551107.02
1701849600,0.6272,0.6409,0.6121,0.6204,20306345.04
1701864000,0.6204,0.6286,0.6204,0.6275,12540864.1
1701878400,0.6275,0.6316,0.6252,0.6308,10259862.84
1701892800,0.6308,0.6435,0.6286,0.6403,17976324.2
1701907200,0.6403,0.6422,0.6303,0.6329,13141369.65
1701921600,0.6329,0.6543,0.6327,0.6483,21288999.12
1701936000,0.6483,0.6483,0.6223,0.6318,16246345.58
1701950400,0.6318,0.6382,0.6294,0.637,12449545.84
1701964800,0.637,0.6461,0.6353,0.6419,15969828.71
1701979200,0.6419,0.6468,0.64,0.6434,8944015.48
1701993600,0.6434,0.6506,0.6406,0.6469,8749509.59
1702008000,0.6469,0.6508,0.6378,0.6414,9200562.56
1702022400,0.6414,0.6498,0.6393,0.6485,7751162.15
1702036800,0.6485,0.6596,0.6471,0.6594,20755502.63
1702051200,0.6594,0.6719,0.6589,0.6708,25828606.66
1702065600,0.6708,0.6755,0.667,0.6725,12753039.26
1702080000,0.6725,0.6791,0.6675,0.676,11167757.51
1702094400,0.676,0.7003,0.676,0.6918,27191109.7
1702108800,0.6918,0.6955,0.6706,0.6871,23471894.31
1702123200,0.6871,0.6924,0.6734,0.6808,18606412.11
1702137600,0.6808,0.6815,0.6638,0.6711,13733704.92
1702152000,0.6711,0.6746,0.6533,0.6586,15284025.41
1702166400,0.6586,0.6688,0.6586,0.6657,8145207.04
1702180800,0.6657,0.6714,0.6607,0.6657,6561722.55
1702195200,0.6657,0.6664,0.6476,0.6561,11268269.87
1702209600,0.6561,0.6622,0.656,0.6612,5916800.62
1702224000,0.6612,0.6653,0.6541,0.6625,7103719.109999999
1702238400,0.6625,0.6696,0.6586,0.6616,8371409.61
1702252800,0.6616,0.6628,0.6048,0.6276,25784532.51
1702267200,0.6276,0.6298,0.6178,0.6214,13252271.41
1702281600,0.6214,0.6268,0.6158,0.6266,10025187.26
1702296000,0.6266,0.6269,0.6142,0.6196,10669086.87
1702310400,0.6196,0.6214,0.6017,0.6117,20529763.61
1702324800,0.6117,0.6204,0.6098,0.6187,8380369.16
1702339200,0.6187,0.6259,0.6181,0.6232,11464585.98
1702353600,0.6232,0.6257,0.6157,0.6248,6077637.0200000005
1702368000,0.6248,0.625,0.6191,0.6195,6551516.92
1702382400,0.6195,0.6242,0.6132,0.6168,11065242.62
1702396800,0.6168,0.6187,0.6064,0.6165,11767593.45
1702411200,0.6165,0.6208,0.6121,0.6189,6172128.11
1702425600,0.6189,0.6191,0.6032,0.6046,12376309.21
1702440000,0.6046,0.6074,0.594,0.6046,14792028.46
1702454400,0.6046,0.6086,0.6001,0.6007,7622083.72
1702468800,0.6007,0.6161,0.6006,0.6146,11329192.42
1702483200,0.6146,0.6264,0.611,0.6255,12532711.05
1702497600,0.6255,0.6349,0.6229,0.6276,15818400.7
1702512000,0.6276,0.6284,0.621,0.6232,11670742.82
1702526400,0.6232,0.628,0.6226,0.6259,6940506.32
1702540800,0.6259,0.6342,0.623,0.6341,10091706.86
1702555200,0.6341,0.6342,0.6071,0.6232,16305465.8
1702569600,0.6232,0.634,0.623,0.6323,9833546.03
1702584000,0.6323,0.6378,0.6292,0.6318,10535540.32
1702598400,0.6318,0.6441,0.6304,0.635,10960497.81
1702612800,0.635,0.6356,0.6285,0.6308,9558197.69
1702627200,0.6308,0.6351,0.6292,0.6294,8757650.89
1702641600,0.6294,0.6298,0.6158,0.6192,15426862.14
1702656000,0.6192,0.6252,0.6175,0.6232,7636773.09
1702670400,0.6232,0.6248,0.6128,0.6154,7081187.42
1702684800,0.6154,0.6217,0.6103,0.6215,5856542.6
1702699200,0.6215,0.6218,0.6185,0.6195,3516499.14
1702713600,0.6195,0.6231,0.6194,0.6231,2845597.38
1702728000,0.6231,0.6243,0.6207,0.6242,3858927.27
1702742400,0.6242,0.6252,0.6173,0.6188,6112606.5
1702756800,0.6188,0.6207,0.6172,0.62,4298188.46
1702771200,0.62,0.6219,0.6156,0.6181,4446418.29
1702785600,0.6181,0.62,0.6126,0.613,3619229.46
1702800000,0.613,0.6227,0.6122,0.6195,5772429.72
1702814400,0.6195,0.6196,0.6121,0.6178,4235328.9
1702828800,0.6178,0.6212,0.6158,0.6181,4190498.49
1702843200,0.6181,0.6188,0.6081,0.6098,6240503.16
1702857600,0.6098,0.6128,0.6007,0.6053,12657691.39
1702872000,0.6053,0.6087,0.5999,0.6006,8839142.3
1702886400,0.6006,0.6013,0.5805,0.5888,17734929.48
1702900800,0.5888,0.5996,0.5861,0.5961,8335828.390000001
1702915200,0.5961,0.6065,0.5944,0.6049,6162208.03
1702929600,0.6049,0.6143,0.6033,0.6124,7581006.28
1702944000,0.6124,0.6163,0.6088,0.6121,9879695.22
1702958400,0.6121,0.614,0.6091,0.611,5589669.68
1702972800,0.611,0.6121,0.6067,0.6079,5585611.08
1702987200,0.6079,0.6108,0.6021,0.6051,6630408.67
1703001600,0.6051,0.6071,0.597,0.6045,8953143.78
1703016000,0.6045,0.6074,0.6029,0.6045,5084596.6
1703030400,0.6045,0.6086,0.6011,0.6082,8721557.21
1703044800,0.6082,0.6115,0.6064,0.6097,8050499.35
1703059200,0.6097,0.614,0.6083,0.6111,6992476.74
1703073600,0.6111,0.6253,0.6104,0.6219,15670383.66
1703088000,0.6219,0.6265,0.6172,0.6211,12767445.45
1703102400,0.6211,0.6216,0.6079,0.617,11656924.69
1703116800,0.617,0.6171,0.6108,0.6145,10217564.61
1703131200,0.6145,0.6171,0.6116,0.6164,8987220.17
1703145600,0.6164,0.621,0.6131,0.6182,9651768.02
1703160000,0.6182,0.621,0.6108,0.6155,10498595.32
1703174400,0.6155,0.6192,0.6132,0.6186,11019122.06
1703188800,0.6186,0.6248,0.6186,0.6241,9677864.17
1703203200,0.6241,0.6265,0.6182,0.6203,10900597.94
1703217600,0.6203,0.6233,0.6168,0.6188,8233398.37
1703232000,0.6188,0.6307,0.6174,0.6215,10015934.68
1703246400,0.6215,0.6219,0.6158,0.62,8020436.72
1703260800,0.62,0.6216,0.6159,0.6183,8588340.26
1703275200,0.6183,0.6256,0.6181,0.6249,5718907.91
1703289600,0.6249,0.6253,0.6135,0.6146,7591777.1
1703304000,0.6146,0.6171,0.6113,0.6155,3903417.79
1703318400,0.6155,0.6176,0.614,0.6155,2741416.96
1703332800,0.6155,0.6194,0.6154,0.6186,5452573.46
1703347200,0.6186,0.6207,0.6178,0.6187,5038691.5600000005
1703361600,0.6187,0.6203,0.617,0.6199,4789752.5
1703376000,0.6199,0.6226,0.6164,0.6203,8810744.18
1703390400,0.6203,0.623,0.6113,0.6167,9238045.2
1703404800,0.6167,0.6213,0.6138,0.6186,5128919.49
1703419200,0.6186,0.624,0.6174,0.6218,5576348.91
1703433600,0.6218,0.6237,0.6203,0.6237,4237808.7
1703448000,0.6237,0.6297,0.6073,0.6127,13371830.77
1703462400,0.6127,0.6169,0.6063,0.6164,10283692.24
1703476800,0.6164,0.6171,0.611,0.6162,2728043.53
1703491200,0.6162,0.6484,0.6162,0.6423,23275874.31
1703505600,0.6423,0.6469,0.633,0.6335,13880182.56
1703520000,0.6335,0.6388,0.6316,0.6378,8412934.24
1703534400,0.6378,0.6475,0.6356,0.6463,9263984.83
1703548800,0.6463,0.6468,0.6332,0.6385,10403727.24
1703563200,0.6385,0.6387,0.6188,0.6215,15370841.32
1703577600,0.6215,0.625,0.6159,0.6242,9556310.67
1703592000,0.6242,0.6313,0.6185,0.6199,12524286.33
1703606400,0.6199,0.6274,0.601,0.6161,18921766.68
1703620800,0.6161,0.6224,0.6156,0.6221,5832583.62
1703635200,0.6221,0.6221,0.613,0.6166,8572757.61
1703649600,0.6166,0.6238,0.6164,0.6195,9136535.31
1703664000,0.6195,0.6314,0.6182,0.6273,11133723.31
1703678400,0.6273,0.6347,0.6259,0.6337,13941343.0
1703692800,0.6337,0.6405,0.6315,0.6394,18657400.74
1703707200,0.6394,0.6424,0.6312,0.6347,11538416.63
1703721600,0.6347,0.6493,0.6334,0.6416,23764426.4
1703736000,0.6416,0.6574,0.6325,0.6367,25211111.82
1703750400,0.6367,0.6502,0.6338,0.6434,16367586.61
1703764800,0.6434,0.6448,0.6249,0.6298,20713703.88
1703779200,0.6298,0.6336,0.6272,0.6323,12049524.62
1703793600,0.6323,0.6368,0.6262,0.635,8819715.34
1703808000,0.635,0.6358,0.6215,0.6315,13443991.76
1703822400,0.6315,0.633,0.6233,0.6243,7009513.71
1703836800,0.6243,0.6326,0.624,0.6318,9707288.6
1703851200,0.6318,0.6366,0.6217,0.6246,11980443.8
1703865600,0.6246,0.6264,0.6161,0.6234,16966192.240000002
1703880000,0.6234,0.6235,0.6125,0.623,7794353.370000001
1703894400,0.623,0.6247,0.6188,0.6205,5798923.54
1703908800,0.6205,0.6258,0.6203,0.6221,5838813.5
1703923200,0.6221,0.6229,0.616,0.6205,5145023.84
1703937600,0.6205,0.6296,0.6202,0.6284,6270323.93
1703952000,0.6284,0.6295,0.6245,0.6248,4530590.97
1703966400,0.6248,0.6256,0.6205,0.6208,4322401.92
1703980800,0.6208,0.6233,0.6181,0.6203,5534163.04
1703995200,0.6203,0.6243,0.6199,0.6234,3350752.94
1704009600,0.6234,0.628,0.622,0.623,4515308.58
1704024000,0.623,0.6249,0.6204,0.6222,4241268.32
1704038400,0.6222,0.6236,0.6198,0.6204,6546752.72
1704052800,0.6204,0.6206,0.6082,0.6153,9212832.35
1704067200,0.6153,0.6187,0.6114,0.6129,5081056.42
1704081600,0.6129,0.6152,0.6084,0.6149,6608066.72
1704096000,0.6149,0.6203,0.6142,0.6203,2682846.56
1704110400,0.6203,0.6219,0.6185,0.6214,4357656.79
1704124800,0.6214,0.6261,0.62,0.6261,6758204.95
1704139200,0.6261,0.631,0.6258,0.6298,6433375.84
1704153600,0.6298,0.6356,0.6292,0.6344,17515496.04
1704168000,0.6344,0.6346,0.6285,0.631,8866581.57
1704182400,0.631,0.6401,0.6296,0.6324,11074259.66
1704196800,0.6324,0.6344,0.6229,0.626,14205400.63
1704211200,0.626,0.6289,0.622,0.6278,10361387.76
1704225600,0.6278,0.6291,0.624,0.6246,7631714.34
1704240000,0.6246,0.628,0.6229,0.6264,9504012.37
1704254400,0.6264,0.6392,0.6263,0.6321,15284558.6
1704268800,0.6321,0.6363,0.6131,0.619,15811886.829999998
1704283200,0.619,0.619,0.4962,0.577,87455134.17999999
1704297600,0.577,0.5802,0.5679,0.574,28308959.19
1704312000,0.574,0.5903,0.5738,0.5826,14279530.76
1704326400,0.5826,0.5837,0.57,0.5819,13742206.39
1704340800,0.5819,0.5848,0.5747,0.5748,10527298.71
1704355200,0.5748,0.5791,0.5712,0.5772,11522607.62
1704369600,0.5772,0.5883,0.5759,0.5863,15641849.86
1704384000,0.5863,0.59,0.5808,0.5872,15133657.4
1704398400,0.5872,0.5945,0.586,0.5874,13335970.55
1704412800,0.5874,0.5892,0.5563,0.5767,21752100.1
1704427200,0.5767,0.5785,0.5727,0.5738,10474215.61
1704441600,0.5738,0.5794,0.5671,0.5694,10186890.78
1704456000,0.5694,0.5729,0.56,0.5636,16805512.869999997
1704470400,0.5636,0.5703,0.5547,0.5681,14675496.3
1704484800,0.5681,0.5765,0.568,0.5763,8226218.439999999
1704499200,0.5763,0.5764,0.5713,0.5722,4761102.52
1704513600,0.5722,0.5739,0.5574,0.5647,6369889.16
1704528000,0.5647,0.5677,0.5618,0.5664,4043721.58
1704542400,0.5664,0.5739,0.5653,0.5714,5248761.15
1704556800,0.5714,0.5726,0.5674,0.5697,3672601.62
1704571200,0.5697,0.5705,0.5644,0.5683,4005914.3
1704585600,0.5683,0.5713,0.5652,0.5669,4464098.12
1704600000,0.5669,0.5702,0.5659,0.5695,2839877.8
1704614400,0.5695,0.5732,0.5646,0.567,3515547.41
1704628800,0.567,0.5708,0.5642,0.5676,3900170.73
1704643200,0.5676,0.5687,0.561,0.5677,5429891.71
1704657600,0.5677,0.568,0.5465,0.5518,10691491.79
1704672000,0.5518,0.5816,0.5453,0.5599,38085857.35
1704686400,0.5599,0.5654,0.5541,0.5569,12173290.29
1704700800,0.5569,0.563,0.5509,0.5623,8965430.02
1704715200,0.5623,0.5693,0.5623,0.5659,12288996.01
1704729600,0.5659,0.5821,0.5647,0.5811,15293034.03
1704744000,0.5811,0.5816,0.575,0.5781,10149368.98
1704758400,0.5781,0.5787,0.5671,0.5731,10459216.16
1704772800,0.5731,0.5753,0.5683,0.5717,8920215.77
1704787200,0.5717,0.5732,0.5625,0.5689,10018596.84
1704801600,0.5689,0.5697,0.555,0.56,14627776.37
1704816000,0.56,0.5771,0.5559,0.5729,30285136.92
1704830400,0.5729,0.579,0.5637,0.5669,33443682.93
1704844800,0.5669,0.5724,0.5658,0.5694,13094068.61
1704859200,0.5694,0.572,0.5629,0.5633,11272150.31
1704873600,0.5633,0.5678,0.5587,0.5636,11241172.64
1704888000,0.5636,0.578,0.5494,0.5708,23380330.19
1704902400,0.5708,0.58,0.5632,0.5791,18146633.72
1704916800,0.5791,0.6137,0.5657,0.6005,50351930.98
1704931200,0.6005,0.6026,0.5936,0.6026,18298431.79
1704945600,0.6026,0.6062,0.586,0.5974,16071974.849999998
1704960000,0.5974,0.6145,0.5953,0.6119,15026274.69
1704974400,0.6119,0.6236,0.5953,0.6009,37490573.5
1704988800,0.6009,0.6064,0.5922,0.6049,14599217.97
1705003200,0.6049,0.6071,0.5987,0.6019,7884944.34
1705017600,0.6019,0.6034,0.5905,0.5979,15321865.72
1705032000,0.5979,0.6006,0.5935,0.5948,10400266.86
1705046400,0.5948,0.602,0.589,0.6005,9024261.99
1705060800,0.6005,0.601,0.5843,0.5869,14048035.45
1705075200,0.5869,0.591,0.5662,0.5792,21134082.58
1705089600,0.5792,0.583,0.5552,0.5698,15361137.95
1705104000,0.5698,0.5722,0.5631,0.5717,4833971.1
1705118400,0.5717,0.5763,0.5712,0.5748,3426941.06
1705132800,0.5748,0.5771,0.5703,0.5742,3277031.27
1705147200,0.5742,0.5765,0.5713,0.5742,4810078.35
1705161600,0.5742,0.5758,0.5711,0.5744,3823042.85
1705176000,0.5744,0.5774,0.5739,0.5746,3133404.08
1705190400,0.5746,0.5754,0.5716,0.5737,3731977.3
1705204800,0.5737,0.5762,0.5718,0.5754,2544250.3
1705219200,0.5754,0.5796,0.5748,0.5765,2337902.4
1705233600,0.5765,0.5782,0.5744,0.5774,2563543.91
1705248000,0.5774,0.587,0.5739,0.5764,7646139.220000001
1705262400,0.5764,0.5926,0.5722,0.5759,16904296.92
1705276800,0.5759,0.5889,0.5759,0.5858,7899902.32
1705291200,0.5858,0.587,0.5758,0.5772,7888901.58
1705305600,0.5772,0.5812,0.5762,0.5785,7512293.02
1705320000,0.5785,0.5795,0.5685,0.5695,8327916.600000001
1705334400,0.5695,0.5813,0.5694,0.5806,8652820.35
1705348800,0.5806,0.581,0.5738,0.5753,7044853.54
1705363200,0.5753,0.5781,0.5713,0.5774,9840992.16
1705377600,0.5774,0.5777,0.5713,0.5758,6366526.37
1705392000,0.5758,0.5762,0.5724,0.5737,5003997.27
1705406400,0.5737,0.5774,0.566,0.5753,9719239.37
1705420800,0.5753,0.5782,0.573,0.5779,6845511.859999999
1705435200,0.5779,0.5798,0.5754,0.5755,5084169.41
1705449600,0.5755,0.5762,0.573,0.5747,7719502.88
1705464000,0.5747,0.5754,0.5689,0.5718,7418744.84
1705478400,0.5718,0.5726,0.569,0.5699,5278252.38
1705492800,0.5699,0.5714,0.5663,0.5685,9548228.5
1705507200,0.5685,0.5711,0.5608,0.5709,12787309.25
1705521600,0.5709,0.5724,0.5667,0.568,8942409.72
1705536000,0.568,0.568,0.5626,0.5658,12029237.79
1705550400,0.5658,0.568,0.5641,0.568,7175270.66
1705564800,0.568,0.5683,0.5612,0.5626,6598038.0
1705579200,0.5626,0.5634,0.5584,0.5617,9604814.66
1705593600,0.5617,0.5621,0.543,0.5461,24236189.22
1705608000,0.5461,0.5523,0.5452,0.5515,10162568.78
1705622400,0.5515,0.5533,0.5442,0.5493,16588543.31
1705636800,0.5493,0.5517,0.5463,0.5464,7820109.09
1705651200,0.5464,0.5506,0.5452,0.5497,7781023.21
1705665600,0.5497,0.5502,0.537,0.5382,14514847.86
1705680000,0.5382,0.5463,0.5216,0.5455,40453567.29
1705694400,0.5455,0.5487,0.5434,0.5438,10616254.17
1705708800,0.5438,0.5438,0.5388,0.5431,6802124.249999999
1705723200,0.5431,0.5523,0.5431,0.549,6257615.48
1705737600,0.549,0.552,0.5437,0.549,9693817.28
1705752000,0.549,0.5505,0.5467,0.5478,7723681.24
1705766400,0.5478,0.5487,0.5444,0.5463,8101235.279999999
1705780800,0.5463,0.5547,0.5455,0.5532,6846346.41
1705795200,0.5532,0.5549,0.5489,0.5537,6050461.41
1705809600,0.5537,0.5542,0.5504,0.552,3617277.02
1705824000,0.552,0.5542,0.5509,0.552,2199482.37
1705838400,0.552,0.5546,0.5501,0.5512,1831112.21
1705852800,0.5512,0.5524,0.5489,0.5507,2151645.05
1705867200,0.5507,0.5513,0.5453,0.5461,3447328.81
1705881600,0.5461,0.5489,0.5397,0.5413,11914273.17
1705896000,0.5413,0.5415,0.5347,0.5364,6891337.01
1705910400,0.5364,0.5373,0.5257,0.5307,11765496.38
1705924800,0.5307,0.5338,0.5226,0.5281,9084174.13
1705939200,0.5281,0.535,0.5171,0.5248,12588062.28
1705953600,0.5248,0.5319,0.5246,0.5269,8102543.439999999
1705968000,0.5269,0.5303,0.522,0.5295,6655689.92
1705982400,0.5295,0.5312,0.5203,0.5217,5878120.79
1705996800,0.5217,0.5234,0.5012,0.5046,13649892.09
1706011200,0.5046,0.5123,0.4959,0.5101,14737958.27
1706025600,0.5101,0.5132,0.5064,0.5077,7860247.15
1706040000,0.5077,0.519,0.5061,0.5178,7511528.76
1706054400,0.5178,0.5186,0.5126,0.5142,10805144.49
1706068800,0.5142,0.5173,0.5107,0.5151,7462033.07
1706083200,0.5151,0.5187,0.5108,0.5165,8452795.07
1706097600,0.5165,0.5178,0.5123,0.5158,8259331.82
1706112000,0.5158,0.5174,0.5122,0.5146,5671888.93
1706126400,0.5146,0.5189,0.513,0.518,3795985.48
1706140800,0.518,0.5181,0.5138,0.5148,9665306.75
1706155200,0.5148,0.5154,0.5091,0.5135,7620161.75
1706169600,0.5135,0.514,0.5102,0.5117,5744555.66
1706184000,0.5117,0.5125,0.5055,0.5069,8834576.75
1706198400,0.5069,0.5145,0.5037,0.5137,7598228.28
1706212800,0.5137,0.5152,0.5105,0.5135,5919549.76
1706227200,0.5135,0.5135,0.5082,0.513,8931826.040000001
1706241600,0.513,0.5148,0.5096,0.5112,7040512.449999999
1706256000,0.5112,0.5223,0.5107,0.5208,5146751.51
1706270400,0.5208,0.5213,0.5167,0.5209,8025517.67
1706284800,0.5209,0.5355,0.5209,0.5325,12905013.05
1706299200,0.5325,0.5343,0.5294,0.532,5659153.59
1706313600,0.532,0.5343,0.5298,0.5325,4093410.08
1706328000,0.5325,0.5346,0.5277,0.5285,2519498.45
1706342400,0.5285,0.53,0.5262,0.5297,2093229.58
1706356800,0.5297,0.5317,0.529,0.5299,1841137.83
1706371200,0.5299,0.5311,0.5284,0.53,2209824.34
1706385600,0.53,0.5323,0.5297,0.5303,2600628.8
1706400000,0.5303,0.5329,0.5291,0.5329,3414280.01
1706414400,0.5329,0.5354,0.5302,0.5304,3864528.26
1706428800,0.5304,0.5333,0.5298,0.5303,2046372.31
1706443200,0.5303,0.5311,0.5282,0.5293,2372545.03
1706457600,0.5293,0.5304,0.5219,0.5238,4342603.67
1706472000,0.5238,0.527,0.5211,0.5241,3507944.29
1706486400,0.5241,0.529,0.5212,0.5284,7243775.87
1706500800,0.5284,0.5292,0.524,0.5247,6820550.69
1706515200,0.5247,0.5286,0.5211,0.5258,7134957.859999999
1706529600,0.5258,0.5274,0.5193,0.5274,5844790.94
1706544000,0.5274,0.538,0.5254,0.5355,10603051.02
1706558400,0.5355,0.5397,0.5347,0.5351,5753962.27
1706572800,0.5351,0.539,0.5334,0.5375,4864090.96
1706587200,0.5375,0.5379,0.5309,0.5341,6186198.99
1706601600,0.5341,0.5346,0.5309,0.5337,5023334.69
1706616000,0.5337,0.5354,0.5232,0.5257,7665386.97
1706630400,0.5257,0.5291,0.5141,0.5145,15187133.78
1706644800,0.5145,0.5161,0.5078,0.5109,17557337.17
1706659200,0.5109,0.5109,0.5032,0.5104,12886329.97
1706673600,0.5104,0.515,0.5098,0.5108,13974156.2
1706688000,0.5108,0.5116,0.5015,0.5068,6245485.58
1706702400,0.5068,0.5094,0.4883,0.5086,20282038.49
1706716800,0.5086,0.5137,0.5071,0.5108,10623364.5
1706731200,0.5108,0.511,0.4992,0.5029,8189461.1
1706745600,0.5029,0.5038,0.4916,0.4975,15035148.53
1706760000,0.4975,0.4983,0.4913,0.4923,6242957.96
1706774400,0.4923,0.4971,0.4897,0.4924,8091374.73
1706788800,0.4924,0.5022,0.4923,0.4993,7646796.36
1706803200,0.4993,0.5104,0.4977,0.5094,10123581.37
1706817600,0.5094,0.5096,0.5041,0.5058,7220182.84
1706832000,0.5058,0.5073,0.4994,0.5059,10551664.17
1706846400,0.5059,0.507,0.5031,0.5065,4728141.44
1706860800,0.5065,0.5067,0.5026,0.5042,6072752.57
1706875200,0.5042,0.5047,0.4988,0.5024,7587522.67
1706889600,0.5024,0.5057,0.5008,0.504,9281919.61
1706904000,0.504,0.5136,0.5037,0.5103,7634995.779999999
1706918400,0.5103,0.5104,0.5059,0.5074,3996917.69
1706932800,0.5074,0.5086,0.5065,0.5077,2675732.8
1706947200,0.5077,0.5268,0.5072,0.5213,17309964.89
1706961600,0.5213,0.5262,0.5167,0.5201,6479875.95
1706976000,0.5201,0.5217,0.5171,0.5208,6751467.71
1706990400,0.5208,0.522,0.5181,0.5187,4154750.07
1707004800,0.5187,0.519,0.5153,0.5174,2530964.58
1707019200,0.5174,0.5176,0.509,0.5099,3149233.33
1707033600,0.5099,0.514,0.5093,0.5128,2637527.48
1707048000,0.5128,0.5136,0.51,0.5107,2550435.21
1707062400,0.5107,0.5125,0.5041,0.5066,4018898.81
1707076800,0.5066,0.5094,0.5013,0.503,4270990.52
1707091200,0.503,0.5057,0.4969,0.5055,8447326.87
1707105600,0.5055,0.506,0.5029,0.5039,4084119.9
1707120000,0.5039,0.5069,0.5018,0.505,13548845.25
1707134400,0.505,0.5083,0.5005,0.5017,4659224.75
1707148800,0.5017,0.5131,0.5016,0.5093,11695125.51
1707163200,0.5093,0.5094,0.504,0.5062,5939115.48
1707177600,0.5062,0.5079,0.5038,0.5063,4773308.529999999
1707192000,0.5063,0.5069,0.5016,0.5032,4000992.61
1707206400,0.5032,0.5047,0.4999,0.5009,8245428.3
1707220800,0.5009,0.5048,0.4982,0.5038,6721787.44
1707235200,0.5038,0.5097,0.5026,0.5095,7618966.63
1707249600,0.5095,0.5108,0.5048,0.505,5258696.66
1707264000,0.505,0.506,0.5027,0.5033,9707846.11
1707278400,0.5033,0.5049,0.4999,0.5007,7231623.859999999
1707292800,0.5007,0.5031,0.4991,0.5016,5816109.91
1707307200,0.5016,0.5041,0.5011,0.5031,5094085.02
1707321600,0.5031,0.5096,0.5026,0.5089,9124549.59
1707336000,0.5089,0.5152,0.5089,0.5137,8346039.77
1707350400,0.5137,0.5177,0.5107,0.5138,15439287.06
1707364800,0.5138,0.5148,0.5102,0.5121,7240246.29
1707379200,0.5121,0.5169,0.5117,0.5132,9289871.15
1707393600,0.5132,0.5188,0.5119,0.5173,9239031.67
1707408000,0.5173,0.5181,0.5119,0.5153,7100458.65
1707422400,0.5153,0.5174,0.5134,0.5147,5296575.6
1707436800,0.5147,0.5202,0.5141,0.5189,7879946.34
1707451200,0.5189,0.5192,0.5161,0.5173,5265584.04
1707465600,0.5173,0.5257,0.5166,0.5248,7715044.22
1707480000,0.5248,0.5261,0.5179,0.5216,9370348.63
1707494400,0.5216,0.5267,0.5196,0.5261,6710463.55
1707508800,0.5261,0.5285,0.524,0.5263,7300149.609999999
1707523200,0.5263,0.5283,0.5235,0.5275,3597767.25
1707537600,0.5275,0.5277,0.5238,0.5241,1827111.24
1707552000,0.5241,0.5257,0.519,0.5214,4087141.97
1707566400,0.5214,0.523,0.5198,0.5224,3288806.48
1707580800,0.5224,0.5238,0.5213,0.523,3405530.44
1707595200,0.523,0.5259,0.5227,0.5241,4045033.53
1707609600,0.5241,0.5272,0.5218,0.527,3950459.88
1707624000,0.527,0.5288,0.5264,0.5285,4287565.86
1707638400,0.5285,0.536,0.5277,0.5336,6883532.76
1707652800,0.5336,0.5338,0.5266,0.5292,5418469.51
1707667200,0.5292,0.5299,0.5249,0.5291,4200339.54
1707681600,0.5291,0.5295,0.5238,0.5263,5024344.62
1707696000,0.5263,0.5288,0.5189,0.5232,6917318.69
1707710400,0.5232,0.5238,0.5152,0.5195,5732295.17
1707724800,0.5195,0.5203,0.5145,0.518,4607759.8
1707739200,0.518,0.5288,0.5172,0.528,6157325.08
1707753600,0.528,0.538,0.525,0.5311,12283411.39
1707768000,0.5311,0.5354,0.5296,0.5317,6227401.3100000005
1707782400,0.5317,0.5338,0.5278,0.5284,7904417.09
1707796800,0.5284,0.5311,0.5278,0.5308,4205470.51
1707811200,0.5308,0.5311,0.5267,0.5288,5394366.34
1707825600,0.5288,0.5288,0.5148,0.5199,13085005.56
1707840000,0.5199,0.5269,0.519,0.5253,6334464.73
1707854400,0.5253,0.5298,0.5221,0.5247,5770378.34
1707868800,0.5247,0.5256,0.5206,0.5252,8968718.65
1707883200,0.5252,0.5254,0.522,0.5251,5006727.48
1707897600,0.5251,0.533,0.5245,0.5319,9075349.59
1707912000,0.5319,0.538,0.5289,0.5327,10339898.35
1707926400,0.5327,0.5398,0.5301,0.539,7833974.5
1707940800,0.539,0.5423,0.538,0.5383,7053758.57
1707955200,0.5383,0.5581,0.5375,0.5531,18954643.02
1707969600,0.5531,0.5571,0.5427,0.5498,11931183.08
1707984000,0.5498,0.5551,0.5467,0.5504,10467149.7
1707998400,0.5504,0.5551,0.5444,0.5467,12511255.69
1708012800,0.5467,0.5551,0.5425,0.5541,9170641.84
1708027200,0.5541,0.5781,0.5517,0.5627,26578628.19
1708041600,0.5627,0.5793,0.5584,0.5791,18373581.72
1708056000,0.5791,0.5793,0.5631,0.5662,14695331.13
1708070400,0.5662,0.5741,0.5605,0.5713,7691844.67
1708084800,0.5713,0.5736,0.5534,0.5602,13218526.15
1708099200,0.5602,0.5659,0.5593,0.561,8629315.59
1708113600,0.561,0.5689,0.5604,0.5646,7353118.27
1708128000,0.5646,0.5658,0.5582,0.56,6211006.210000001
1708142400,0.56,0.5617,0.558,0.5612,2805902.18
1708156800,0.5612,0.5613,0.5509,0.5539,4374119.84
1708171200,0.5539,0.5549,0.5398,0.5464,12514591.31
1708185600,0.5464,0.5509,0.5448,0.5495,4207005.08
1708200000,0.5495,0.5532,0.5491,0.5499,3375856.98
1708214400,0.5499,0.5531,0.5474,0.5504,4712057.67
1708228800,0.5504,0.5591,0.5504,0.555,3603838.38
1708243200,0.555,0.5589,0.5533,0.5588,2765221.54
1708257600,0.5588,0.56,0.5536,0.5596,3474226.0
1708272000,0.5596,0.5627,0.5573,0.5584,5575212.41
1708286400,0.5584,0.562,0.5552,0.5573,3713933.82
1708300800,0.5573,0.5626,0.557,0.5597,5720355.33
1708315200,0.5597,0.5641,0.5563,0.5638,6677033.32
1708329600,0.5638,0.564,0.5564,0.5592,6608536.89
1708344000,0.5592,0.5611,0.5556,0.5583,5717822.98
1708358400,0.5583,0.5639,0.5541,0.5625,9041230.65
1708372800,0.5625,0.5678,0.5607,0.5628,8995318.45
1708387200,0.5628,0.5728,0.5557,0.5672,13753346.87
1708401600,0.5672,0.5733,0.5647,0.5671,10931153.18
1708416000,0.5671,0.5716,0.5579,0.5709,12951054.77
1708430400,0.5709,0.5749,0.5468,0.5547,15710979.05
1708444800,0.5547,0.5606,0.5451,0.5605,14888172.88
1708459200,0.5605,0.5669,0.5593,0.5626,7103882.18
1708473600,0.5626,0.5629,0.5563,0.5591,9772471.85
1708488000,0.5591,0.5594,0.5455,0.547,6198076.48
1708502400,0.547,0.5502,0.533,0.5391,12076576.28
1708516800,0.5391,0.5448,0.5347,0.5399,10025298.9
1708531200,0.5399,0.5434,0.5353,0.5424,7034610.02
1708545600,0.5424,0.5492,0.5409,0.5491,4977132.3100000005
1708560000,0.5491,0.5491,0.5387,0.5429,9889464.65
1708574400,0.5429,0.5474,0.5401,0.5458,6144700.96
1708588800,0.5458,0.5501,0.5445,0.5451,6850951.88
1708603200,0.5451,0.5463,0.5365,0.5438,6874040.18
1708617600,0.5438,0.5502,0.5401,0.5479,7905324.62
1708632000,0.5479,0.5515,0.5401,0.5408,9878629.82
1708646400,0.5408,0.5433,0.5363,0.5375,9678300.51
1708660800,0.5375,0.5408,0.5357,0.5368,5171162.09
1708675200,0.5368,0.5381,0.53,0.5363,5410864.41
1708689600,0.5363,0.5374,0.5314,0.5319,6720229.53
1708704000,0.5319,0.5387,0.526,0.5387,9850881.86
1708718400,0.5387,0.5409,0.5306,0.5341,5027264.5600000005
1708732800,0.5341,0.537,0.5314,0.5364,2808842.31
1708747200,0.5364,0.5429,0.536,0.5424,4582421.82
1708761600,0.5424,0.5465,0.5401,0.5459,3511838.02
1708776000,0.5459,0.5461,0.5429,0.5432,3291637.42
1708790400,0.5432,0.5478,0.5429,0.546,4086520.94
1708804800,0.546,0.5467,0.5436,0.5451,3399469.99
1708819200,0.5451,0.5481,0.542,0.5453,3373594.73
1708833600,0.5453,0.5468,0.544,0.5465,1862380.75
1708848000,0.5465,0.5485,0.5441,0.5443,2677613.05
1708862400,0.5443,0.5462,0.5422,0.5436,2363979.0300000003
1708876800,0.5436,0.546,0.5419,0.5454,3305790.97
1708891200,0.5454,0.5468,0.5421,0.5425,4807382.27
1708905600,0.5425,0.5428,0.5383,0.5407,7916882.869999999
1708920000,0.5407,0.5408,0.5365,0.537,4545223.26
1708934400,0.537,0.5392,0.5306,0.5307,4636419.89
1708948800,0.5307,0.5424,0.5288,0.5416,7453687.98
1708963200,0.5416,0.5524,0.5412,0.5504,14468839.49
1708977600,0.5504,0.5529,0.5484,0.5511,8441231.870000001
1708992000,0.5511,0.5608,0.5481,0.5531,13561191.47
1709006400,0.5531,0.557,0.5501,0.5523,10843649.52
1709020800,0.5523,0.5648,0.552,0.5597,11599323.49
1709035200,0.5597,0.5697,0.5549,0.5615,16019817.66
1709049600,0.5615,0.5972,0.5578,0.5939,41346576.09
1709064000,0.5939,0.5939,0.578,0.5865,18399536.14
1709078400,0.5865,0.5904,0.5778,0.5784,19811521.81
1709092800,0.5784,0.5839,0.5759,0.5835,12836580.08
1709107200,0.5835,0.5922,0.5773,0.5804,15478876.86
1709121600,0.5804,0.5905,0.58,0.5876,16285446.77
1709136000,0.5876,0.6064,0.5313,0.5654,59410545.91
1709150400,0.5654,0.5774,0.5604,0.5757,13768667.37
1709164800,0.5757,0.5874,0.5681,0.5867,23514488.59
1709179200,0.5867,0.6076,0.5818,0.5938,30886141.82
1709193600,0.5938,0.6013,0.5887,0.5965,17283759.25
1709208000,0.5965,0.6091,0.5907,0.6064,25378912.04
1709222400,0.6064,0.6256,0.592,0.6097,40565595.07
1709236800,0.6097,0.6115,0.5777,0.5868,20811580.3
1709251200,0.5868,0.5954,0.5866,0.5917,18914006.03
1709265600,0.5917,0.5965,0.5833,0.5849,9646040.92
1709280000,0.5849,0.5956,0.5835,0.5893,7923541.54
1709294400,0.5893,0.5986,0.5855,0.5878,13926968.54
1709308800,0.5878,0.597,0.5868,0.5958,11877335.24
1709323200,0.5958,0.6035,0.5935,0.6017,12678989.82
1709337600,0.6017,0.6396,0.6001,0.6317,46418149.18
1709352000,0.6317,0.634,0.6206,0.6315,17499949.23
1709366400,0.6315,0.6435,0.6212,0.6433,21669454.58
1709380800,0.6433,0.6512,0.6289,0.6301,20875764.5
1709395200,0.6301,0.6394,0.6263,0.6342,12017966.38
1709409600,0.6342,0.6456,0.6284,0.6449,8124270.99
1709424000,0.6449,0.6449,0.6288,0.636,14398164.03
1709438400,0.636,0.6401,0.5917,0.6111,20107986.61
1709452800,0.6111,0.6248,0.6072,0.6243,13044341.58
1709467200,0.6243,0.6301,0.6181,0.6232,8890481.23
1709481600,0.6232,0.6297,0.6205,0.627,8209650.82
1709496000,0.627,0.6329,0.6248,0.6271,8485117.25
1709510400,0.6271,0.6392,0.6173,0.635,23344541.57
1709524800,0.635,0.644,0.6235,0.6372,15190665.64
1709539200,0.6372,0.6651,0.6341,0.6601,34520341.65
1709553600,0.6601,0.6653,0.6446,0.6625,24637636.5
1709568000,0.6625,0.6631,0.6352,0.656,33136484.03
1709582400,0.656,0.656,0.6468,0.6486,15709924.26
1709596800,0.6486,0.6696,0.6448,0.6537,32323877.07
1709611200,0.6537,0.657,0.6227,0.6409,31209580.41
1709625600,0.6409,0.6532,0.6321,0.6501,14244685.669999998
1709640000,0.6501,0.6547,0.6334,0.6395,29958663.770000003
1709654400,0.6395,0.6421,0.5378,0.5682,73460143.03999999
1709668800,0.5682,0.5962,0.5606,0.5922,43380972.23
1709683200,0.5922,0.6002,0.5762,0.5843,35504171.08
1709697600,0.5843,0.6174,0.5839,0.615,18031674.94
1709712000,0.615,0.624,0.6081,0.6147,16690310.96
1709726400,0.6147,0.6153,0.5882,0.599,41720365.91
1709740800,0.599,0.6148,0.5985,0.6126,15850833.01
1709755200,0.6126,0.6167,0.6094,0.6122,12940744.4
1709769600,0.6122,0.6275,0.6069,0.6274,26892517.0
1709784000,0.6274,0.6302,0.613,0.6253,23635374.79
1709798400,0.6253,0.6284,0.6181,0.6224,13647327.0
1709812800,0.6224,0.6289,0.6155,0.626,22393712.33
1709827200,0.626,0.6351,0.6207,0.6333,19215489.51
1709841600,0.6333,0.6401,0.6282,0.6282,14816181.91
1709856000,0.6282,0.6345,0.6264,0.6288,15557200.78
1709870400,0.6288,0.6303,0.6205,0.6221,10157233.08
1709884800,0.6221,0.6313,0.6193,0.6287,8537204.06
1709899200,0.6287,0.6317,0.6039,0.6151,29411472.58
1709913600,0.6151,0.6256,0.6034,0.6209,24745104.31
1709928000,0.6209,0.6247,0.6192,0.6213,10787965.27
1709942400,0.6213,0.6308,0.6198,0.6272,8507006.78
1709956800,0.6272,0.6337,0.6264,0.6303,7884371.4
1709971200,0.6303,0.631,0.6177,0.6241,10277337.03
1709985600,0.6241,0.6268,0.6196,0.623,7776045.81
1710000000,0.623,0.625,0.618,0.621,9521019.41
1710014400,0.621,0.6247,0.6202,0.6211,5101551.15
1710028800,0.6211,0.6258,0.6206,0.6235,7419681.859999999
1710043200,0.6235,0.6283,0.6227,0.6272,4802291.94
1710057600,0.6272,0.6287,0.6187,0.6201,7053866.9
1710072000,0.6201,0.6217,0.6032,0.6115,11754974.1
1710086400,0.6115,0.6158,0.6108,0.6131,7491396.71
1710100800,0.6131,0.6152,0.5975,0.6086,14627283.34
1710115200,0.6086,0.6097,0.5847,0.6088,21516992.68
1710129600,0.6088,0.624,0.6037,0.6196,11492262.44
1710144000,0.6196,0.6298,0.6196,0.6231,17279559.07
1710158400,0.6231,0.6947,0.6165,0.6932,53307646.19
1710172800,0.6932,0.7473,0.6795,0.7308,168656440.25
1710187200,0.7308,0.7372,0.711,0.7228,48481894.48
1710201600,0.7228,0.733,0.6881,0.6891,37744559.77
1710216000,0.6891,0.7097,0.6857,0.7032,28088514.16
1710230400,0.7032,0.7049,0.6794,0.7015,28280141.92
1710244800,0.7015,0.7133,0.688,0.7025,32678015.0
1710259200,0.7025,0.7033,0.659,0.6913,59149912.86
1710273600,0.6913,0.6913,0.683,0.6881,13250364.78
1710288000,0.6881,0.6999,0.6819,0.6988,22292221.07
1710302400,0.6988,0.7024,0.6943,0.6962,14489288.49
1710316800,0.6962,0.699,0.6874,0.6891,17078759.11
1710331200,0.6891,0.6909,0.6693,0.6778,20129313.66
1710345600,0.6778,0.6896,0.6747,0.6851,17165967.93
1710360000,0.6851,0.6922,0.6808,0.6895,13394805.42
1710374400,0.6895,0.69,0.6812,0.6852,15306275.42
1710388800,0.6852,0.6852,0.6735,0.6808,14656384.02
1710403200,0.6808,0.7073,0.6781,0.6858,23195358.35
1710417600,0.6858,0.6904,0.6609,0.6691,40860357.13
1710432000,0.6691,0.6771,0.6384,0.6506,37999072.05
1710446400,0.6506,0.6727,0.6503,0.669,13629252.79
1710460800,0.669,0.6752,0.6128,0.6359,41706452.19
1710475200,0.6359,0.6399,0.6232,0.6355,21083945.8
1710489600,0.6355,0.6364,0.5964,0.6213,33923412.11
1710504000,0.6213,0.6316,0.6183,0.6272,13498515.14
1710518400,0.6272,0.6443,0.6183,0.6307,18609565.96
1710532800,0.6307,0.6382,0.6195,0.6342,13539619.21
1710547200,0.6342,0.6473,0.6336,0.6412,11921172.6
1710561600,0.6412,0.6425,0.6308,0.64,5949614.09
1710576000,0.64,0.6424,0.6246,0.6306,7355009.48
1710590400,0.6306,0.631,0.613,0.6243,9351506.8
1710604800,0.6243,0.6251,0.5973,0.6069,17952392.310000002
1710619200,0.6069,0.6142,0.5929,0.6026,14881212.35
1710633600,0.6026,0.6156,0.5997,0.6147,10200372.85
1710648000,0.6147,0.6148,0.5868,0.5999,11035623.87
1710662400,0.5999,0.6191,0.597,0.614,8110033.76
1710676800,0.614,0.6214,0.6055,0.6198,8725475.41
1710691200,0.6198,0.6235,0.6174,0.6218,8804269.24
1710705600,0.6218,0.6245,0.6163,0.6188,7644356.31
1710720000,0.6188,0.6239,0.6022,0.6202,14760148.61
1710734400,0.6202,0.6277,0.6162,0.6211,7219099.649999999
1710748800,0.6211,0.6211,0.6077,0.6113,11895479.04
1710763200,0.6113,0.6129,0.5976,0.6062,13928887.67
1710777600,0.6062,0.6102,0.595,0.6037,11251409.62
1710792000,0.6037,0.6688,0.6036,0.6454,46465074.33
1710806400,0.6454,0.6484,0.6056,0.6148,36439334.75
1710820800,0.6148,0.6161,0.5782,0.5991,23635471.74
1710835200,0.5991,0.5994,0.5716,0.59,28814084.07
1710849600,0.59,0.6066,0.5886,0.6055,18754009.33
1710864000,0.6055,0.6107,0.6015,0.6073,14893153.0
1710878400,0.6073,0.6079,0.5752,0.5846,19606483.33
1710892800,0.5846,0.5943,0.5795,0.5831,19373496.72
1710907200,0.5831,0.5959,0.5689,0.5947,16638124.09
1710921600,0.5947,0.5993,0.5908,0.596,12854736.96
1710936000,0.596,0.6001,0.5851,0.5865,12892183.39
1710950400,0.5865,0.6087,0.5688,0.6065,23737520.02
1710964800,0.6065,0.6188,0.6047,0.6111,20792801.31
1710979200,0.6111,0.6137,0.6051,0.6074,15437401.08
1710993600,0.6074,0.6091,0.5977,0.6048,12494037.44
1711008000,0.6048,0.6243,0.6047,0.618,15735652.96
1711022400,0.618,0.654,0.614,0.6363,33204397.59
1711036800,0.6363,0.6459,0.6281,0.6361,25038897.23
1711051200,0.6361,0.6423,0.6293,0.6404,17908552.830000002
1711065600,0.6404,0.645,0.6234,0.6361,18094420.67
1711080000,0.6361,0.6382,0.6296,0.6349,10702370.44
1711094400,0.6349,0.6378,0.6145,0.6162,16885687.65
1711108800,0.6162,0.6218,0.5992,0.6107,20585254.23
1711123200,0.6107,0.6145,0.6041,0.6129,9978408.02
1711137600,0.6129,0.6148,0.6047,0.6117,10430928.99
1711152000,0.6117,0.6169,0.6036,0.6088,6554908.220000001
1711166400,0.6088,0.6184,0.6085,0.616,4114822.49
1711180800,0.616,0.6213,0.6151,0.6191,3408980.83
1711195200,0.6191,0.6328,0.6188,0.6279,9337418.74
1711209600,0.6279,0.6315,0.6244,0.6246,8033091.439999999
1711224000,0.6246,0.6255,0.6161,0.6168,5112161.6
1711238400,0.6168,0.6217,0.6144,0.6158,4384233.94
1711252800,0.6158,0.6337,0.6138,0.627,8865244.86
1711267200,0.627,0.6335,0.6259,0.6308,5358867.3
1711281600,0.6308,0.634,0.6271,0.6316,8155518.59
1711296000,0.6316,0.6324,0.6238,0.6298,7982643.58
1711310400,0.6298,0.6356,0.6284,0.6325,8412648.33
1711324800,0.6325,0.6337,0.6286,0.6311,12593728.11
1711339200,0.6311,0.6371,0.6282,0.6292,9652951.43
1711353600,0.6292,0.6344,0.6268,0.6273,10053301.71
1711368000,0.6273,0.6458,0.6271,0.6425,15894086.63
1711382400,0.6425,0.6622,0.6385,0.6556,36887668.48
1711396800,0.6556,0.6579,0.6385,0.6406,16476478.08
1711411200,0.6406,0.647,0.6396,0.6439,8025800.25
1711425600,0.6439,0.6529,0.6435,0.6469,11041016.67
1711440000,0.6469,0.6501,0.6432,0.6445,10197160.34
1711454400,0.6445,0.6453,0.6265,0.6343,16199879.01
1711468800,0.6343,0.6357,0.6257,0.6297,11051022.07
1711483200,0.6297,0.6342,0.6294,0.6318,7826960.33
1711497600,0.6318,0.6346,0.6288,0.6318,14833822.83
1711512000,0.6318,0.6322,0.6188,0.6204,12252230.08
1711526400,0.6204,0.623,0.6122,0.6221,12809161.08
1711540800,0.6221,0.6294,0.6065,0.6108,19536660.41
1711555200,0.6108,0.6176,0.6076,0.6137,12770873.81
1711569600,0.6137,0.6153,0.609,0.6115,6356728.68
1711584000,0.6115,0.6158,0.6034,0.6091,15423132.11
1711598400,0.6091,0.6237,0.6088,0.622,11975748.18
1711612800,0.622,0.6242,0.6186,0.6211,13884635.66
1711627200,0.6211,0.6247,0.6169,0.6224,11813455.48
1711641600,0.6224,0.6369,0.6195,0.6273,25426028.01
1711656000,0.6273,0.6299,0.6235,0.6246,8821126.19
1711670400,0.6246,0.6254,0.6197,0.6212,7660491.6
1711684800,0.6212,0.6233,0.6089,0.6105,13005397.38
1711699200,0.6105,0.6319,0.6103,0.6295,11712062.87
1711713600,0.6295,0.645,0.6209,0.6246,22424116.01
1711728000,0.6246,0.6361,0.6238,0.6263,16585617.0
1711742400,0.6263,0.6324,0.6214,0.6305,7995297.11
1711756800,0.6305,0.6319,0.6243,0.6257,5623194.8100000005
1711771200,0.6257,0.6282,0.6227,0.6228,4103623.61
1711785600,0.6228,0.628,0.6211,0.6277,3572964.79
1711800000,0.6277,0.6372,0.6257,0.6292,9779683.81
1711814400,0.6292,0.6335,0.6238,0.627,9646345.85
1711828800,0.627,0.6277,0.6182,0.6217,8983253.17
1711843200,0.6217,0.6258,0.6209,0.6224,4227772.01
1711857600,0.6224,0.6281,0.6215,0.6275,4260372.359999999
1711872000,0.6275,0.6288,0.6247,0.6264,2660272.1
1711886400,0.6264,0.6288,0.6256,0.6268,4142287.53
1711900800,0.6268,0.63,0.6248,0.6287,4903533.28
1711915200,0.6287,0.6298,0.6241,0.6292,5720209.59
1711929600,0.6292,0.6334,0.6269,0.6273,9673570.31
1711944000,0.6273,0.6289,0.6023,0.6151,19010395.85
1711958400,0.6151,0.6152,0.6076,0.6097,9213652.3
1711972800,0.6097,0.6143,0.5949,0.5993,14922302.829999998
1711987200,0.5993,0.612,0.5985,0.6114,12421546.86
1712001600,0.6114,0.6144,0.6107,0.6112,5706286.93
1712016000,0.6112,0.6184,0.5856,0.5959,27109699.72
1712030400,0.5959,0.6032,0.594,0.6001,12634372.13
1712044800,0.6001,0.602,0.5803,0.5885,26506633.86
1712059200,0.5885,0.5937,0.5792,0.5816,19525565.53
1712073600,0.5816,0.5935,0.5801,0.5912,12940872.43
1712088000,0.5912,0.5945,0.5846,0.5855,11143561.51
1712102400,0.5855,0.5879,0.5678,0.5854,20802915.25
1712116800,0.5854,0.5913,0.5836,0.5886,9020441.97
1712131200,0.5886,0.5932,0.5808,0.5832,11682428.3
1712145600,0.5832,0.5855,0.5763,0.5801,13073976.16
1712160000,0.5801,0.5844,0.573,0.5757,10779554.16
1712174400,0.5757,0.5766,0.5668,0.5744,12347378.18
1712188800,0.5744,0.5785,0.5657,0.5688,15239572.68
1712203200,0.5688,0.5764,0.5625,0.5733,12356210.75
1712217600,0.5733,0.5789,0.5727,0.5748,10194410.39
1712232000,0.5748,0.6159,0.5746,0.5938,42059856.44
1712246400,0.5938,0.6051,0.5938,0.5966,14942842.58
1712260800,0.5966,0.5968,0.5853,0.5937,11032496.94
1712275200,0.5937,0.5941,0.5796,0.588,14593004.74
1712289600,0.588,0.5881,0.5771,0.5816,16000513.86
1712304000,0.5816,0.5876,0.5721,0.5724,9921290.05
1712318400,0.5724,0.5835,0.5693,0.5835,10993991.02
1712332800,0.5835,0.5909,0.581,0.5888,9358512.69
1712347200,0.5888,0.5914,0.5868,0.5872,7152734.8100000005
1712361600,0.5872,0.5912,0.5858,0.5895,4178675.13
1712376000,0.5895,0.5923,0.5893,0.5902,3290688.4
1712390400,0.5902,0.5923,0.5878,0.5882,3463867.29
1712404800,0.5882,0.5967,0.587,0.5943,6583066.38
1712419200,0.5943,0.5949,0.5891,0.5908,6303680.42
1712433600,0.5908,0.5988,0.5892,0.5931,6544531.9
1712448000,0.5931,0.5981,0.5927,0.5953,5105826.23
1712462400,0.5953,0.5968,0.5946,0.5958,2509252.14
1712476800,0.5958,0.5989,0.5953,0.5974,3497846.8600000003
1712491200,0.5974,0.6029,0.5951,0.5966,8947075.22
1712505600,0.5966,0.6007,0.5898,0.591,7189250.87
1712520000,0.591,0.5952,0.5899,0.5945,5662725.83
1712534400,0.5945,0.5946,0.5884,0.5919,6988483.84
1712548800,0.5919,0.6045,0.5898,0.6016,14255363.14
1712563200,0.6016,0.6115,0.6011,0.6072,16163011.13
1712577600,0.6072,0.6178,0.6043,0.6154,17369966.65
1712592000,0.6154,0.6263,0.6147,0.6247,21619917.5
1712606400,0.6247,0.6257,0.6147,0.6147,9451519.37
1712620800,0.6147,0.6168,0.6119,0.6133,7924040.42
1712635200,0.6133,0.6207,0.6076,0.6085,11763210.510000002
1712649600,0.6085,0.626,0.6016,0.6241,11650150.58
1712664000,0.6241,0.6425,0.6116,0.6219,41609108.72
1712678400,0.6219,0.6248,0.6111,0.6242,11559931.64
1712692800,0.6242,0.6272,0.6109,0.6138,9664852.51
1712707200,0.6138,0.6148,0.601,0.6068,11470547.78
1712721600,0.6068,0.6162,0.6059,0.6146,10725560.61
1712736000,0.6146,0.616,0.6057,0.6124,13715822.58
1712750400,0.6124,0.6136,0.593,0.6073,19429817.65
1712764800,0.6073,0.6197,0.6041,0.6189,13146067.05
1712779200,0.6189,0.6203,0.6128,0.6173,7798430.37
1712793600,0.6173,0.6209,0.6151,0.6198,16331018.05
1712808000,0.6198,0.6211,0.615,0.619,8412741.9
1712822400,0.619,0.6214,0.6079,0.6092,11639617.34
1712836800,0.6092,0.6154,0.6057,0.6082,9308286.43
1712851200,0.6082,0.6126,0.6031,0.6124,10041992.25
1712865600,0.6124,0.6141,0.6072,0.6087,8757825.76
1712880000,0.6087,0.6121,0.6065,0.612,11374487.98
1712894400,0.612,0.6156,0.6092,0.6102,8129371.63
1712908800,0.6102,0.6124,0.6064,0.6081,7779189.63
1712923200,0.6081,0.6081,0.5913,0.5933,16024959.41
1712937600,0.5933,0.5961,0.51,0.5377,84917807.33
1712952000,0.5377,0.5496,0.5354,0.5474,28476443.44
1712966400,0.5474,0.5478,0.5291,0.5432,16386147.28
1712980800,0.5432,0.5491,0.5416,0.5426,8299077.95
1712995200,0.5426,0.5459,0.5391,0.5425,4972541.72
1713009600,0.5425,0.5482,0.5409,0.5432,8175129.98
1713024000,0.5432,0.5437,0.4792,0.4932,53068806.6
1713038400,0.4932,0.4965,0.4309,0.4797,88679835.14
1713052800,0.4797,0.4843,0.4647,0.4702,26684454.42
1713067200,0.4702,0.4992,0.4682,0.4959,21535557.22
1713081600,0.4959,0.4991,0.4805,0.4829,16048739.58
1713096000,0.4829,0.4933,0.4798,0.487,18800592.16
1713110400,0.487,0.4957,0.474,0.4902,25844448.36
1713124800,0.4902,0.5075,0.4848,0.5038,16400446.04
1713139200,0.5038,0.5049,0.4944,0.4987,13504675.42
1713153600,0.4987,0.5188,0.4951,0.5143,14355377.26
1713168000,0.5143,0.5193,0.5115,0.512,15288418.13
1713182400,0.512,0.5147,0.4891,0.4973,20670927.78
1713196800,0.4973,0.4999,0.4817,0.4979,22973437.06
1713211200,0.4979,0.5003,0.4898,0.4979,8861933.29
1713225600,0.4979,0.4979,0.4865,0.4892,9565554.72
1713240000,0.4892,0.5022,0.4762,0.4988,13724327.03
1713254400,0.4988,0.4993,0.4791,0.4913,14288497.72
1713268800,0.4913,0.4926,0.4816,0.4883,12748686.51
1713283200,0.4883,0.4974,0.4873,0.4918,12619688.73
1713297600,0.4918,0.5,0.491,0.4968,7836019.71
1713312000,0.4968,0.498,0.4927,0.4978,11386579.35
1713326400,0.4978,0.5078,0.4958,0.5043,11274971.67
1713340800,0.5043,0.5054,0.4878,0.4879,11243840.31
1713355200,0.4879,0.4935,0.4737,0.4782,16842164.25
1713369600,0.4782,0.5143,0.4725,0.4991,20705428.75
1713384000,0.4991,0.4993,0.4908,0.4952,8300250.42
1713398400,0.4952,0.4991,0.4875,0.4974,12778600.97
1713412800,0.4974,0.4981,0.4883,0.4903,8333364.15
1713427200,0.4903,0.4986,0.4858,0.4958,7636051.07
1713441600,0.4958,0.5062,0.4886,0.5009,12822656.19
1713456000,0.5009,0.5037,0.4945,0.5034,8475266.42
1713470400,0.5034,0.504,0.5008,0.503,6459780.52
1713484800,0.503,0.503,0.4671,0.485,27641686.74
1713499200,0.485,0.5033,0.4832,0.4952,17423179.89
1713513600,0.4952,0.5033,0.4948,0.5019,11466582.06
1713528000,0.5019,0.5037,0.494,0.5036,10124000.38
1713542400,0.5036,0.5074,0.4978,0.5066,7835041.73
1713556800,0.5066,0.5109,0.4969,0.5033,9750681.18
1713571200,0.5033,0.515,0.4987,0.5124,9288374.57
1713585600,0.5124,0.5164,0.5105,0.5143,6647895.79
1713600000,0.5143,0.5259,0.5127,0.5203,12695046.5
1713614400,0.5203,0.522,0.5156,0.5214,8396737.96
1713628800,0.5214,0.5303,0.5201,0.5274,10923418.26
1713643200,0.5274,0.53,0.5259,0.5291,5414607.99
1713657600,0.5291,0.5303,0.522,0.527,7060751.68
1713672000,0.527,0.5356,0.5258,0.534,4374177.97
1713686400,0.534,0.5368,0.5281,0.5305,4936167.109999999
1713700800,0.5305,0.5311,0.5235,0.5277,6031373.16
1713715200,0.5277,0.5281,0.5183,0.5232,5706100.97
1713729600,0.5232,0.5293,0.5217,0.5246,5303353.67
1713744000,0.5246,0.5359,0.5224,0.5333,12323386.17
1713758400,0.5333,0.5398,0.5323,0.5324,10379390.27
1713772800,0.5324,0.5358,0.5309,0.5332,6720851.0
1713787200,0.5332,0.5431,0.5315,0.5391,10333561.43
1713801600,0.5391,0.5533,0.5388,0.5517,20749589.33
1713816000,0.5517,0.5711,0.5516,0.5562,27209098.85
1713830400,0.5562,0.5576,0.5473,0.5494,8704785.92
1713844800,0.5494,0.552,0.5455,0.5492,8779138.21
1713859200,0.5492,0.551,0.542,0.5437,10298438.86
1713873600,0.5437,0.5497,0.5423,0.5468,9694312.78
1713888000,0.5468,0.5584,0.5465,0.5546,10605046.52
1713902400,0.5546,0.5547,0.5435,0.5446,13835008.23
1713916800,0.5446,0.5478,0.5411,0.5466,14357386.989999998
1713931200,0.5466,0.5516,0.5456,0.5495,9156910.94
1713945600,0.5495,0.5517,0.5425,0.5445,7809787.06
1713960000,0.5445,0.5458,0.5244,0.5259,21593420.41
1713974400,0.5259,0.5374,0.5254,0.5369,9721153.35
1713988800,0.5369,0.5375,0.5216,0.5272,7994525.52
1714003200,0.5272,0.5305,0.5192,0.5257,11245956.0
1714017600,0.5257,0.5289,0.5189,0.5224,8101433.99
1714032000,0.5224,0.5265,0.5158,0.5189,11471614.7
1714046400,0.5189,0.5253,0.5139,0.5243,10230061.85
1714060800,0.5243,0.5312,0.5234,0.5303,5761429.76
1714075200,0.5303,0.5325,0.5245,0.5253,6724859.7
1714089600,0.5253,0.5295,0.5173,0.5277,10712208.15
1714104000,0.5277,0.5356,0.5252,0.5258,9691264.12
1714118400,0.5258,0.527,0.521,0.5226,5895456.0600000005
1714132800,0.5226,0.526,0.5148,0.5203,9888771.82
1714147200,0.5203,0.5281,0.5196,0.5268,5990182.67
1714161600,0.5268,0.5297,0.5226,0.5258,5881618.01
1714176000,0.5258,0.5263,0.5081,0.5188,10884209.3
1714190400,0.5188,0.52,0.5144,0.5145,2744842.66
1714204800,0.5145,0.5154,0.5106,0.513,2953514.61
1714219200,0.513,0.5189,0.5123,0.5157,3545022.03
1714233600,0.5157,0.5226,0.5147,0.5199,5056574.0
1714248000,0.5199,0.5201,0.5166,0.5178,3250152.39
1714262400,0.5178,0.5242,0.5173,0.5222,4129130.37
1714276800,0.5222,0.5249,0.5212,0.5232,2207741.22
1714291200,0.5232,0.5234,0.5166,0.5171,2799115.33
1714305600,0.5171,0.5205,0.517,0.52,1880891.27
1714320000,0.52,0.5217,0.5187,0.5195,2686584.21
1714334400,0.5195,0.5196,0.5086,0.5103,4289020.76
1714348800,0.5103,0.5139,0.5034,0.504,11085630.13
1714363200,0.504,0.5081,0.499,0.5025,10078339.32
1714377600,0.5025,0.5088,0.5001,0.5057,6441807.68
1714392000,0.5057,0.5138,0.5031,0.5121,7481303.42
1714406400,0.5121,0.5173,0.5114,0.5161,7554953.34
1714420800,0.5161,0.5171,0.5098,0.5149,4920318.73
1714435200,0.5149,0.5193,0.5081,0.5146,9298241.27
1714449600,0.5146,0.5171,0.51,0.5102,6790453.3100000005
1714464000,0.5102,0.5107,0.4952,0.497,10126928.29
1714478400,0.497,0.5006,0.488,0.4958,13484532.81
1714492800,0.4958,0.4985,0.4884,0.4954,14858218.73
1714507200,0.4954,0.5017,0.4954,0.5001,9027059.12
1714521600,0.5001,0.5033,0.496,0.5028,5233074.39
1714536000,0.5028,0.504,0.4857,0.4902,11110497.2
1714550400,0.4902,0.4949,0.4788,0.4936,13897971.82
1714564800,0.4936,0.4988,0.4921,0.4982,7361392.4
1714579200,0.4982,0.5206,0.4977,0.5101,19612269.09
1714593600,0.5101,0.5184,0.507,0.5169,8804340.36
1714608000,0.5169,0.5192,0.5077,0.5103,13790868.33
1714622400,0.5103,0.5141,0.5064,0.5132,7381874.37
1714636800,0.5132,0.5181,0.5108,0.5173,7986951.94
1714651200,0.5173,0.5222,0.513,0.52,11381864.9
1714665600,0.52,0.5235,0.5183,0.5232,8309122.64
1714680000,0.5232,0.5244,0.5178,0.5181,7694274.16
1714694400,0.5181,0.5228,0.5159,0.5222,9968645.86
1714708800,0.5222,0.5225,0.5172,0.5181,8604837.79
1714723200,0.5181,0.5259,0.5147,0.5163,9505106.44
1714737600,0.5163,0.5276,0.5157,0.5268,10345084.8
1714752000,0.5268,0.5311,0.5254,0.5309,6583634.33
1714766400,0.5309,0.5367,0.5298,0.5319,9482136.84
1714780800,0.5319,0.5329,0.5276,0.5297,4958597.31
1714795200,0.5297,0.5312,0.5279,0.5281,2504760.4
1714809600,0.5281,0.5374,0.5279,0.5346,4338907.01
1714824000,0.5346,0.5409,0.5341,0.5362,6320423.44
1714838400,0.5362,0.5362,0.5319,0.5338,2829189.14
1714852800,0.5338,0.5353,0.5289,0.5303,2846120.31
1714867200,0.5303,0.531,0.5243,0.5279,3684680.92
1714881600,0.5279,0.5302,0.5265,0.5289,1635568.02
1714896000,0.5289,0.5321,0.5282,0.5295,2025139.37
1714910400,0.5295,0.5325,0.5265,0.5318,4135808.26
1714924800,0.5318,0.5333,0.5287,0.5303,2769948.79
1714939200,0.5303,0.5307,0.5279,0.5297,2268109.73
1714953600,0.5297,0.5333,0.5289,0.5317,7878162.32
1714968000,0.5317,0.5395,0.5308,0.5394,4986183.57
1714982400,0.5394,0.5474,0.5317,0.535,12995299.23
1714996800,0.535,0.5584,0.525,0.5582,14406777.98
1715011200,0.5582,0.5695,0.5428,0.5466,46343629.34
1715025600,0.5466,0.5478,0.5391,0.5402,5969976.5600000005
1715040000,0.5402,0.5441,0.5336,0.5388,6421624.8100000005
1715054400,0.5388,0.5401,0.5315,0.538,8461153.309999999
1715068800,0.538,0.5435,0.5345,0.5346,8649255.77
1715083200,0.5346,0.542,0.5345,0.5402,7897249.82
1715097600,0.5402,0.5426,0.5352,0.5358,5974668.04
1715112000,0.5358,0.5372,0.5219,0.5246,7890852.74
1715126400,0.5246,0.5263,0.5192,0.5253,12052098.11
1715140800,0.5253,0.5267,0.5176,0.5209,7853031.76
1715155200,0.5209,0.5233,0.5187,0.5199,4381258.25
1715169600,0.5199,0.5289,0.5182,0.5273,9048240.71
1715184000,0.5273,0.5291,0.5233,0.5253,3955513.43
1715198400,0.5253,0.5262,0.5152,0.5169,8097844.73
1715212800,0.5169,0.5221,0.5169,0.5219,8949887.17
1715227200,0.5219,0.5234,0.5146,0.5154,4722113.72
1715241600,0.5154,0.5193,0.5096,0.5136,6208380.35
1715256000,0.5136,0.5172,0.5088,0.5167,9371532.44
1715270400,0.5167,0.5195,0.5136,0.5193,4813626.26
1715284800,0.5193,0.5216,0.5164,0.5208,5218078.96
1715299200,0.5208,0.5209,0.5166,0.5175,8553993.41
1715313600,0.5175,0.5187,0.5148,0.5174,6887098.88
1715328000,0.5174,0.5176,0.5128,0.516,5115779.97
1715342400,0.516,0.5168,0.4981,0.5014,12563455.28
1715356800,0.5014,0.5058,0.4981,0.5048,6409606.0
1715371200,0.5048,0.5061,0.4998,0.5022,4750468.6
1715385600,0.5022,0.5056,0.5018,0.5031,3391453.27
1715400000,0.5031,0.5061,0.5027,0.5056,2042075.65
1715414400,0.5056,0.5059,0.5005,0.5021,3092496.53
1715428800,0.5021,0.5074,0.5018,0.5066,2806261.13
1715443200,0.5066,0.5073,0.5056,0.5064,2308378.1100000003
1715457600,0.5064,0.5071,0.5045,0.5059,1934583.38
1715472000,0.5059,0.5079,0.5049,0.5075,1933354.83
1715486400,0.5075,0.5086,0.5032,0.504,1733161.83
1715500800,0.504,0.5067,0.503,0.5043,2141042.23
1715515200,0.5043,0.5052,0.5032,0.5047,1914024.85
1715529600,0.5047,0.5061,0.5004,0.5012,2226361.12
1715544000,0.5012,0.5013,0.4963,0.4992,3418758.5
1715558400,0.4992,0.5026,0.4871,0.4932,12165446.16
1715572800,0.4932,0.5041,0.4906,0.5034,6574372.42
1715587200,0.5034,0.5105,0.5003,0.5063,8364400.51
1715601600,0.5063,0.5098,0.5044,0.5094,5951836.13
1715616000,0.5094,0.5119,0.5046,0.5078,6385390.23
1715630400,0.5078,0.5079,0.5028,0.5051,4433161.18
1715644800,0.5051,0.5112,0.5035,0.5068,7341319.279999999
1715659200,0.5068,0.5075,0.4972,0.5054,5936639.3
1715673600,0.5054,0.5089,0.503,0.5063,4886963.039999999
1715688000,0.5063,0.5127,0.4977,0.5079,9253415.2
1715702400,0.5079,0.5083,0.502,0.5052,4318291.15
1715716800,0.5052,0.5057,0.4988,0.4999,4559998.79
1715731200,0.4999,0.5019,0.4968,0.5012,9264342.94
1715745600,0.5012,0.5023,0.4981,0.4996,6632229.85
1715760000,0.4996,0.503,0.4982,0.5007,3678305.95
1715774400,0.5007,0.5121,0.4989,0.511,10747853.06
1715788800,0.511,0.5191,0.5102,0.519,8286522.11
1715803200,0.519,0.5199,0.5168,0.5192,5485025.54
1715817600,0.5192,0.5196,0.5157,0.5177,13241059.72
1715832000,0.5177,0.5205,0.5166,0.5204,5938649.72
1715846400,0.5204,0.5223,0.5163,0.5188,8878915.17
1715860800,0.5188,0.5195,0.5128,0.5186,8648011.31
1715875200,0.5186,0.5213,0.5163,0.5181,7493878.359999999
1715889600,0.5181,0.5183,0.5135,0.5158,5387304.58
1715904000,0.5158,0.5176,0.5137,0.5167,8634361.63
1715918400,0.5167,0.5226,0.515,0.5219,7063747.13
1715932800,0.5219,0.5226,0.5183,0.5205,5942283.609999999
1715947200,0.5205,0.527,0.52,0.5257,7404101.71
1715961600,0.5257,0.5289,0.5221,0.5241,6763472.04
1715976000,0.5241,0.5249,0.5223,0.5236,2860156.27
1715990400,0.5236,0.5245,0.5219,0.5244,2442815.99
1716004800,0.5244,0.5246,0.5223,0.523,2116128.46
1716019200,0.523,0.5257,0.5229,0.5241,1891488.25
1716033600,0.5241,0.5247,0.519,0.5222,3622752.82
1716048000,0.5222,0.5229,0.5206,0.5207,2338735.97
1716062400,0.5207,0.5222,0.5203,0.5213,1758653.23
1716076800,0.5213,0.5236,0.5205,0.5224,2978677.08
1716091200,0.5224,0.5228,0.5196,0.5207,2686074.03
1716105600,0.5207,0.521,0.516,0.5179,2372179.56
1716120000,0.5179,0.5179,0.5117,0.5127,3907956.91
1716134400,0.5127,0.5132,0.5073,0.5077,4380928.27
1716148800,0.5077,0.5103,0.5068,0.5096,3152729.5900000003
1716163200,0.5096,0.5137,0.5067,0.5131,6107840.75
1716177600,0.5131,0.518,0.5067,0.514,5433756.640000001
1716192000,0.514,0.5146,0.5103,0.5124,4448212.12
1716206400,0.5124,0.5176,0.5106,0.5166,7168325.29
1716220800,0.5166,0.5343,0.5164,0.534,17384793.58
1716235200,0.534,0.5379,0.5292,0.5377,16990548.23
1716249600,0.5377,0.5432,0.5335,0.5353,19580009.35
1716264000,0.5353,0.5405,0.5332,0.5405,11874548.99
1716278400,0.5405,0.5463,0.5383,0.5425,11112741.2
1716292800,0.5425,0.557,0.5407,0.5421,22978638.31
1716307200,0.5421,0.5464,0.5339,0.5369,10032979.32
1716321600,0.5369,0.541,0.5319,0.537,7606151.67
1716336000,0.537,0.5372,0.5328,0.5364,5567871.0
1716350400,0.5364,0.5364,0.5286,0.5344,9026826.39
1716364800,0.5344,0.5379,0.5309,0.5331,7979822.18
1716379200,0.5331,0.5366,0.5265,0.5355,7752312.83
1716393600,0.5355,0.5377,0.5266,0.5286,7782112.43
1716408000,0.5286,0.5302,0.5223,0.5266,7594444.89
1716422400,0.5266,0.5294,0.5253,0.5292,4013738.53
1716436800,0.5292,0.5296,0.5245,0.5287,7263221.859999999
1716451200,0.5287,0.5303,0.5223,0.5288,6228887.52
1716465600,0.5288,0.5475,0.5129,0.5288,30885125.3
1716480000,0.5288,0.5296,0.5161,0.5202,13922936.22
1716494400,0.5202,0.5298,0.5041,0.5286,20029683.42
1716508800,0.5286,0.5347,0.5259,0.5301,5411870.42
1716523200,0.5301,0.5314,0.5169,0.5227,6192226.58
1716537600,0.5227,0.5313,0.5179,0.5276,7344708.66
1716552000,0.5276,0.5371,0.5266,0.5324,10313406.04
1716566400,0.5324,0.5338,0.5299,0.5331,6219709.65
1716580800,0.5331,0.5362,0.5313,0.5358,4272746.12
1716595200,0.5358,0.5359,0.5331,0.5345,2821088.04
1716609600,0.5345,0.5375,0.534,0.5348,3275340.49
1716624000,0.5348,0.5415,0.534,0.5377,4044527.07
1716638400,0.5377,0.5424,0.5334,0.5396,5172375.83
1716652800,0.5396,0.5405,0.5375,0.5394,3362328.35
1716667200,0.5394,0.5425,0.5386,0.5416,3386747.04
1716681600,0.5416,0.5418,0.5386,0.54,2640181.06
1716696000,0.54,0.54,0.5375,0.5392,3049488.3600000003
1716710400,0.5392,0.5397,0.534,0.5362,2945846.5300000003
1716724800,0.5362,0.5362,0.5295,0.5311,3311054.01
1716739200,0.5311,0.5318,0.5291,0.5305,2962115.38
1716753600,0.5305,0.5306,0.5256,0.528,2618023.33
1716768000,0.528,0.5335,0.5272,0.5312,2964410.58
1716782400,0.5312,0.5321,0.5232,0.5275,6550992.16
1716796800,0.5275,0.5318,0.5264,0.5277,3480910.27
1716811200,0.5277,0.5404,0.5276,0.5388,7408716.41
1716825600,0.5388,0.5403,0.5284,0.5313,6899001.7
1716840000,0.5313,0.536,0.5307,0.5336,4171386.32
1716854400,0.5336,0.5348,0.5251,0.5272,5308561.83
1716868800,0.5272,0.5274,0.521,0.5257,6610180.93
1716883200,0.5257,0.5325,0.5252,0.53,4344692.59
1716897600,0.53,0.5328,0.5255,0.5295,6577642.1
1716912000,0.5295,0.5298,0.5218,0.5266,5926068.97
1716926400,0.5266,0.5296,0.525,0.5283,3324480.3600000003
1716940800,0.5283,0.5289,0.5244,0.5282,4686833.91
1716955200,0.5282,0.5313,0.5247,0.5254,5219791.16
1716969600,0.5254,0.5325,0.5211,0.5287,5579190.73
1716984000,0.5287,0.5317,0.5272,0.5277,4740099.01
1716998400,0.5277,0.5285,0.5227,0.5229,5328879.21
1717012800,0.5229,0.5244,0.5196,0.5231,3595352.21
1717027200,0.5231,0.527,0.5224,0.5268,3494013.98
1717041600,0.5268,0.5276,0.5139,0.5157,7566296.6
1717056000,0.5157,0.5217,0.5127,0.5201,6292005.07
1717070400,0.5201,0.5245,0.5195,0.5244,5997932.36
1717084800,0.5244,0.526,0.5213,0.5219,5998663.49
1717099200,0.5219,0.5219,0.5168,0.5186,5725084.3100000005
1717113600,0.5186,0.5217,0.5176,0.5216,4668030.22
1717128000,0.5216,0.5218,0.5158,0.5162,4002108.12
1717142400,0.5162,0.5231,0.5161,0.521,6593853.65
1717156800,0.521,0.5254,0.5169,0.5171,8578141.82
1717171200,0.5171,0.5188,0.5117,0.5176,6302689.02
1717185600,0.5176,0.5193,0.5165,0.5171,3291787.87
1717200000,0.5171,0.5196,0.517,0.5189,2575627.33
1717214400,0.5189,0.5197,0.5178,0.5185,1614228.53
1717228800,0.5185,0.5209,0.518,0.5198,1362376.22
1717243200,0.5198,0.5214,0.5195,0.5198,1713822.78
1717257600,0.5198,0.5204,0.5179,0.5192,1943028.57
1717272000,0.5192,0.5201,0.5177,0.5184,1809422.07
1717286400,0.5184,0.5193,0.5177,0.5186,1789131.32
1717300800,0.5186,0.5191,0.5161,0.5162,1441805.8
1717315200,0.5162,0.5175,0.5127,0.517,3683773.24
1717329600,0.517,0.5205,0.5158,0.5172,2504019.88
1717344000,0.5172,0.5175,0.5079,0.5124,4585868.01
1717358400,0.5124,0.5147,0.5101,0.5134,2376958.8200000003
1717372800,0.5134,0.5188,0.5117,0.5163,3477597.85
1717387200,0.5163,0.5217,0.5148,0.5207,5579378.609999999
1717401600,0.5207,0.5224,0.5187,0.5187,3543223.59
1717416000,0.5187,0.5228,0.5167,0.5218,5848054.07
1717430400,0.5218,0.522,0.5179,0.5216,5493971.1
1717444800,0.5216,0.5227,0.5197,0.5199,7150624.17
1717459200,0.5199,0.5221,0.5185,0.5214,3095897.26
1717473600,0.5214,0.5217,0.5183,0.5201,2232657.51
1717488000,0.5201,0.5253,0.5184,0.5224,8205132.81
1717502400,0.5224,0.5297,0.522,0.5295,6976506.89
1717516800,0.5295,0.5303,0.5247,0.5273,10398332.6
1717531200,0.5273,0.5273,0.5244,0.5258,4116350.24
1717545600,0.5258,0.5277,0.5245,0.5257,5384988.13
1717560000,0.5257,0.5272,0.5245,0.5269,5732868.27
1717574400,0.5269,0.5326,0.5254,0.5286,8862756.86
1717588800,0.5286,0.5301,0.5258,0.5292,4895855.75
1717603200,0.5292,0.5304,0.5256,0.5275,6068534.859999999
1717617600,0.5275,0.5277,0.5241,0.5259,3683848.03
1717632000,0.5259,0.5273,0.5243,0.5257,3275757.06
1717646400,0.5257,0.526,0.5222,0.5246,4542117.29
1717660800,0.5246,0.5271,0.523,0.5262,4195885.21
1717675200,0.5262,0.5278,0.525,0.5264,5659655.01
1717689600,0.5264,0.5277,0.5194,0.5199,7159976.6
1717704000,0.5199,0.5222,0.5164,0.5214,4669575.15
1717718400,0.5214,0.5226,0.5197,0.5225,3278725.71
1717732800,0.5225,0.5258,0.5223,0.525,5606114.76
1717747200,0.525,0.5276,0.5221,0.5269,4798087.6
1717761600,0.5269,0.5276,0.5217,0.5236,7685364.5
1717776000,0.5236,0.5237,0.4565,0.493,45947227.13
1717790400,0.493,0.5031,0.4918,0.4989,10305343.77
1717804800,0.4989,0.5003,0.4968,0.4999,3356721.01
1717819200,0.4999,0.5005,0.4984,0.5002,2628931.24
1717833600,0.5002,0.5002,0.4914,0.4933,2504303.24
1717848000,0.4933,0.4956,0.4908,0.4931,6298442.33
1717862400,0.4931,0.4952,0.4899,0.4931,4583267.03
1717876800,0.4931,0.4945,0.4914,0.4927,4202248.87
1717891200,0.4927,0.4944,0.491,0.493,2820281.32
1717905600,0.493,0.4945,0.4924,0.4939,1772363.65
1717920000,0.4939,0.4951,0.493,0.4943,1729686.21
1717934400,0.4943,0.4971,0.4936,0.4951,2360757.43
1717948800,0.4951,0.4981,0.4949,0.4977,2197891.08
1717963200,0.4977,0.4993,0.497,0.4987,2455611.99
1717977600,0.4987,0.5011,0.4966,0.5009,3558575.29
1717992000,0.5009,0.5009,0.4934,0.4936,3033343.21
1718006400,0.4936,0.4997,0.4935,0.4967,5499821.67
1718020800,0.4967,0.5057,0.496,0.5044,6947824.78
1718035200,0.5044,0.5049,0.4963,0.4967,6982603.41
1718049600,0.4967,0.4979,0.4947,0.4967,5064445.49
1718064000,0.4967,0.4968,0.4821,0.4879,15149027.93
1718078400,0.4879,0.496,0.4799,0.4857,13224981.14
1718092800,0.4857,0.4874,0.4831,0.4837,6263986.470000001
1718107200,0.4837,0.4844,0.4716,0.4763,11522878.36
1718121600,0.4763,0.4819,0.4714,0.4799,9773262.16
1718136000,0.4799,0.4811,0.4789,0.4803,3645943.24
1718150400,0.4803,0.4817,0.4743,0.4816,5351026.01
1718164800,0.4816,0.4829,0.4778,0.481,4716553.5
1718179200,0.481,0.4849,0.4802,0.4816,5651468.84
1718193600,0.4816,0.4976,0.4815,0.4965,15965841.25
1718208000,0.4965,0.4976,0.4817,0.4842,10962771.64
1718222400,0.4842,0.4921,0.483,0.4916,4101142.54
1718236800,0.4916,0.4916,0.4832,0.4859,4452111.77
1718251200,0.4859,0.4891,0.4834,0.4884,4517207.37
1718265600,0.4884,0.4884,0.484,0.4845,6746422.35
1718280000,0.4845,0.4885,0.4796,0.4803,8895578.559999999
1718294400,0.4803,0.4846,0.479,0.4818,4829421.29
1718308800,0.4818,0.4827,0.4755,0.4767,6066870.109999999
1718323200,0.4767,0.4807,0.4747,0.4784,6108938.4
1718337600,0.4784,0.481,0.4772,0.4778,5308549.14
1718352000,0.4778,0.4795,0.4761,0.4779,6427148.47
1718366400,0.4779,0.4804,0.4726,0.474,6353968.55
1718380800,0.474,0.4746,0.4607,0.4689,16388607.26
1718395200,0.4689,0.4784,0.4686,0.4744,5153860.79
1718409600,0.4744,0.4767,0.4738,0.4766,3940830.9
1718424000,0.4766,0.4795,0.4765,0.4782,2225360.13
1718438400,0.4782,0.4803,0.478,0.4798,2350802.04
1718452800,0.4798,0.485,0.4789,0.4846,4412257.63
1718467200,0.4846,0.5048,0.4837,0.494,9751452.62
1718481600,0.494,0.4971,0.4888,0.4905,7268779.67
1718496000,0.4905,0.4914,0.488,0.4909,3873671.09
1718510400,0.4909,0.4911,0.488,0.4883,1973841.56
1718524800,0.4883,0.4992,0.4882,0.496,6091750.62
1718539200,0.496,0.4962,0.4889,0.4907,4236284.9
1718553600,0.4907,0.4908,0.4876,0.4894,2132439.06
1718568000,0.4894,0.4908,0.4877,0.4889,3741004.14
1718582400,0.4889,0.4907,0.4841,0.4889,4938766.029999999
1718596800,0.4889,0.5005,0.4837,0.4989,11107571.53
1718611200,0.4989,0.5037,0.491,0.4985,12482655.29
1718625600,0.4985,0.5206,0.4973,0.509,29416831.22
1718640000,0.509,0.5189,0.4969,0.5178,21608590.38
1718654400,0.5178,0.5185,0.5033,0.5048,10001533.91
1718668800,0.5048,0.5078,0.4713,0.4902,23739536.53
1718683200,0.4902,0.5293,0.4873,0.5006,16125476.4
1718697600,0.5006,0.5092,0.4929,0.4957,16777570.86
1718712000,0.4957,0.4966,0.4821,0.4848,17308742.46
1718726400,0.4848,0.4849,0.4764,0.4821,11922683.82
1718740800,0.4821,0.4915,0.4809,0.4908,6872637.050000001
1718755200,0.4908,0.4972,0.4892,0.4956,7309848.41
1718769600,0.4956,0.4966,0.4904,0.4915,7893557.37
1718784000,0.4915,0.4938,0.4868,0.4923,11054612.69
1718798400,0.4923,0.4956,0.4901,0.4923,5768337.04
1718812800,0.4923,0.4994,0.4915,0.4958,6384976.3
1718827200,0.4958,0.4976,0.4913,0.4932,8336704.56
1718841600,0.4932,0.4975,0.4916,0.4933,5285659.23
1718856000,0.4933,0.5019,0.4923,0.4996,9960310.31
1718870400,0.4996,0.502,0.494,0.5009,11343449.28
1718884800,0.5009,0.5013,0.4915,0.4919,9842580.22
1718899200,0.4919,0.4932,0.4882,0.491,5183604.2
1718913600,0.491,0.492,0.4885,0.4885,2988130.13
1718928000,0.4885,0.4906,0.4864,0.4883,2872587.77
1718942400,0.4883,0.4928,0.4874,0.4903,4974499.109999999
1718956800,0.4903,0.4954,0.4842,0.4938,12980019.46
1718971200,0.4938,0.4941,0.4827,0.4852,12402055.73
1718985600,0.4852,0.486,0.4794,0.4856,4634113.68
1719000000,0.4856,0.4924,0.484,0.4888,6528027.04
1719014400,0.4888,0.4894,0.4869,0.4871,2790040.79
1719028800,0.4871,0.4883,0.4818,0.4864,3849499.04
1719043200,0.4864,0.4864,0.484,0.4855,2313884.22
1719057600,0.4855,0.4876,0.4849,0.4858,3017549.2
1719072000,0.4858,0.4878,0.4855,0.4878,1904701.89
1719086400,0.4878,0.4879,0.4863,0.4865,1949810.64
1719100800,0.4865,0.4888,0.486,0.4885,1860769.32
1719115200,0.4885,0.489,0.4872,0.4876,1455328.74
1719129600,0.4876,0.4884,0.4845,0.4859,2623659.21
1719144000,0.4859,0.4859,0.481,0.4824,2740005.98
1719158400,0.4824,0.4826,0.48,0.4819,2817088.99
1719172800,0.4819,0.4823,0.4752,0.4795,4783883.71
1719187200,0.4795,0.4801,0.4727,0.476,8647367.67
1719201600,0.476,0.4769,0.4681,0.4734,8688025.59
1719216000,0.4734,0.4781,0.4645,0.4755,11662180.54
1719230400,0.4755,0.482,0.4722,0.4728,9443409.32
1719244800,0.4728,0.4747,0.4658,0.4667,8599261.65
1719259200,0.4667,0.4746,0.4622,0.4738,7058435.13
1719273600,0.4738,0.4791,0.4729,0.4777,4605063.26
1719288000,0.4777,0.479,0.473,0.4758,5118584.59
1719302400,0.4758,0.477,0.473,0.4762,8603330.99
1719316800,0.4762,0.4797,0.4743,0.4769,8451052.780000001
1719331200,0.4769,0.479,0.4753,0.4777,4087120.14
1719345600,0.4777,0.4784,0.4744,0.4758,2686249.35
1719360000,0.4758,0.4781,0.4741,0.4749,3082162.76
1719374400,0.4749,0.4755,0.4722,0.4733,2334696.86
1719388800,0.4733,0.4765,0.4708,0.4747,11142992.3
1719403200,0.4747,0.4758,0.4688,0.4698,7350509.220000001
1719417600,0.4698,0.472,0.4655,0.4716,5019212.15
1719432000,0.4716,0.4722,0.4693,0.4695,3514480.25
1719446400,0.4695,0.4701,0.4675,0.4689,2678683.29
1719460800,0.4689,0.4698,0.4654,0.4668,2553309.68
1719475200,0.4668,0.4713,0.4659,0.47,7151678.52
1719489600,0.47,0.4767,0.4699,0.4717,9083563.81
1719504000,0.4717,0.4745,0.471,0.473,3783214.66
1719518400,0.473,0.4752,0.4726,0.4747,3783465.44
1719532800,0.4747,0.4774,0.4737,0.4759,3379744.54
1719547200,0.4759,0.478,0.4743,0.4772,5100571.41
1719561600,0.4772,0.4803,0.4757,0.4794,6867372.109999999
1719576000,0.4794,0.4804,0.4743,0.4753,10114396.48
1719590400,0.4753,0.4755,0.4697,0.4729,7211549.59
1719604800,0.4729,0.4742,0.469,0.4708,2825298.09
1719619200,0.4708,0.4742,0.4708,0.4739,2478261.33
1719633600,0.4739,0.4759,0.4733,0.4751,1364666.01
1719648000,0.4751,0.4761,0.4746,0.4758,1236292.26
1719662400,0.4758,0.4759,0.4737,0.4745,2095543.88
1719676800,0.4745,0.4745,0.4729,0.4737,1712393.37
1719691200,0.4737,0.474,0.4713,0.4719,1978220.74
1719705600,0.4719,0.4732,0.4695,0.4709,2140511.85
1719720000,0.4709,0.4747,0.4699,0.4739,1983382.26
1719734400,0.4739,0.4745,0.471,0.4718,2437756.17
1719748800,0.4718,0.4731,0.4712,0.4727,2205003.52
1719763200,0.4727,0.4743,0.4715,0.4735,2203025.34
1719777600,0.4735,0.4776,0.4732,0.4753,3241345.86
1719792000,0.4753,0.479,0.4748,0.478,4553044.83
1719806400,0.478,0.4815,0.4763,0.4793,4389137.09
1719820800,0.4793,0.4843,0.478,0.479,6423849.25
1719835200,0.479,0.4819,0.478,0.4791,8269529.63
1719849600,0.4791,0.4796,0.476,0.4765,4296684.0200000005
1719864000,0.4765,0.4783,0.4757,0.4767,2763092.72
1719878400,0.4767,0.4786,0.4755,0.478,2557331.16
1719892800,0.478,0.4802,0.4775,0.478,3010120.5
1719907200,0.478,0.488,0.4776,0.4856,10942144.59
1719921600,0.4856,0.488,0.4811,0.4813,8781905.64
1719936000,0.4813,0.4832,0.4804,0.4823,3480565.9400000004
1719950400,0.4823,0.4851,0.4822,0.4846,3284073.39
1719964800,0.4846,0.4861,0.4771,0.4798,5731033.19
1719979200,0.4798,0.4827,0.4784,0.482,4994732.5
1719993600,0.482,0.4846,0.4805,0.4817,10979210.56
1720008000,0.4817,0.4818,0.4707,0.4709,9864216.6
1720022400,0.4709,0.4711,0.4609,0.4624,11162435.12
1720036800,0.4624,0.4673,0.462,0.4668,5290162.57
1720051200,0.4668,0.4693,0.4462,0.4594,13302582.31
1720065600,0.4594,0.4601,0.4538,0.4541,6313211.24
1720080000,0.4541,0.4551,0.4479,0.4525,11891308.87
1720094400,0.4525,0.4526,0.438,0.4442,18362683.25
1720108800,0.4442,0.4443,0.4367,0.4408,8676534.08
1720123200,0.4408,0.4469,0.4314,0.4328,7236699.9
1720137600,0.4328,0.4333,0.3838,0.3984,33551850.39
1720152000,0.3984,0.4072,0.3899,0.4046,19172527.0
1720166400,0.4046,0.4182,0.397,0.4169,15189931.46
1720180800,0.4169,0.4252,0.4118,0.4245,12122771.51
1720195200,0.4245,0.4277,0.4222,0.4255,10194974.7
1720209600,0.4255,0.427,0.4214,0.4252,5098628.7
1720224000,0.4252,0.432,0.4236,0.4278,5777722.57
1720238400,0.4278,0.4347,0.4266,0.433,4152921.72
1720252800,0.433,0.4363,0.4305,0.4358,3879434.49
1720267200,0.4358,0.4446,0.4337,0.4384,5677500.46
1720281600,0.4384,0.4494,0.4376,0.4484,6197943.83
1720296000,0.4484,0.4497,0.4469,0.449,3189031.89
1720310400,0.449,0.4491,0.4438,0.4446,3694431.33
1720324800,0.4446,0.4448,0.4347,0.4372,4358668.46
1720339200,0.4372,0.4385,0.4332,0.4349,3154892.67
1720353600,0.4349,0.4358,0.4218,0.4272,6021279.88
1720368000,0.4272,0.4333,0.427,0.4294,4389024.69
1720382400,0.4294,0.4314,0.4183,0.4195,5483344.15
1720396800,0.4195,0.4206,0.4035,0.4146,13925907.26
1720411200,0.4146,0.4238,0.4138,0.4228,7214200.84
1720425600,0.4228,0.4409,0.422,0.4395,13457406.79
1720440000,0.4395,0.4433,0.4213,0.4238,17088051.82
1720454400,0.4238,0.4316,0.4208,0.4303,7393035.32
1720468800,0.4303,0.4325,0.4272,0.4316,5720577.23
1720483200,0.4316,0.434,0.4271,0.433,5012087.95
1720497600,0.433,0.4367,0.4325,0.4344,5869305.54
1720512000,0.4344,0.4379,0.4325,0.4342,9707887.44
1720526400,0.4342,0.4359,0.4299,0.4316,7894314.22
1720540800,0.4316,0.4363,0.4312,0.4359,5485837.28
1720555200,0.4359,0.4375,0.4349,0.4357,4209668.98
1720569600,0.4357,0.4361,0.4318,0.4358,4680041.45
1720584000,0.4358,0.4413,0.4358,0.4399,7547399.02
1720598400,0.4399,0.4425,0.4367,0.4404,6282821.76
1720612800,0.4404,0.441,0.4313,0.4333,9241988.08
1720627200,0.4333,0.4366,0.4318,0.4364,5688001.8100000005
1720641600,0.4364,0.4394,0.4359,0.4388,4540148.29
1720656000,0.4388,0.4432,0.4365,0.4403,5023050.17
1720670400,0.4403,0.4461,0.4396,0.4446,5714306.29
1720684800,0.4446,0.4524,0.4443,0.4499,8537650.92
1720699200,0.4499,0.4534,0.439,0.4407,14189165.07
1720713600,0.4407,0.4501,0.4388,0.4475,4867857.51
1720728000,0.4475,0.4494,0.445,0.4491,4834543.53
1720742400,0.4491,0.4528,0.4446,0.4518,7096152.43
1720756800,0.4518,0.464,0.4485,0.4628,10915109.37
1720771200,0.4628,0.4778,0.4601,0.4713,27947146.76
1720785600,0.4713,0.4723,0.4592,0.4615,14168012.47
1720800000,0.4615,0.4704,0.4612,0.47,8605284.67
1720814400,0.47,0.4777,0.4668,0.4746,8429751.14
1720828800,0.4746,0.4952,0.474,0.4928,14844754.37
1720843200,0.4928,0.5158,0.4912,0.5154,37457838.02
1720857600,0.5154,0.5183,0.5088,0.5103,18659074.42
1720872000,0.5103,0.5398,0.5101,0.5368,27013124.24
1720886400,0.5368,0.566,0.531,0.5607,33600580.25
1720900800,0.5607,0.5617,0.5224,0.5259,36665574.150000006
1720915200,0.5259,0.5314,0.514,0.5199,18573012.74
1720929600,0.5199,0.5292,0.5167,0.5265,10321521.59
1720944000,0.5265,0.5402,0.5254,0.5284,17824733.22
1720958400,0.5284,0.5326,0.522,0.5272,11320842.0
1720972800,0.5272,0.5346,0.5267,0.5319,5811448.0600000005
1720987200,0.5319,0.5349,0.5198,0.5205,10869744.23
1721001600,0.5205,0.5314,0.5204,0.5271,10970287.85
1721016000,0.5271,0.5346,0.5266,0.5307,10906704.82
1721030400,0.5307,0.5403,0.5271,0.5367,17810159.259999998
1721044800,0.5367,0.5367,0.5236,0.5241,17406128.34
1721059200,0.5241,0.5365,0.5227,0.5356,16661546.62
1721073600,0.5356,0.5386,0.5317,0.5375,14630032.47
1721088000,0.5375,0.5707,0.5356,0.5659,28378346.99
1721102400,0.5659,0.5661,0.5361,0.5408,17026499.31
1721116800,0.5408,0.5476,0.5327,0.5468,10502422.1
1721131200,0.5468,0.5879,0.5434,0.5848,50872715.48
1721145600,0.5848,0.5945,0.5761,0.5835,35138380.480000004
1721160000,0.5835,0.5853,0.5742,0.5795,14143432.77
1721174400,0.5795,0.5884,0.5787,0.586,20368353.62
1721188800,0.586,0.618,0.5857,0.6096,37082376.82
1721203200,0.6096,0.6231,0.6036,0.6135,27486970.33
1721217600,0.6135,0.6345,0.6022,0.6026,45680555.8
1721232000,0.6026,0.6233,0.5963,0.6139,31981800.08
1721246400,0.6139,0.6375,0.6139,0.6261,30473155.7
1721260800,0.6261,0.6367,0.601,0.6074,34241783.19
1721275200,0.6074,0.6128,0.578,0.5799,34063914.52
1721289600,0.5799,0.5838,0.5674,0.579,26555258.42
1721304000,0.579,0.5878,0.5621,0.5628,29750997.470000003
1721318400,0.5628,0.5735,0.5577,0.5694,19437414.71
1721332800,0.5694,0.5725,0.5644,0.5696,10091331.33
1721347200,0.5696,0.5703,0.5404,0.556,24963519.63
1721361600,0.556,0.5612,0.5474,0.5493,13576782.71
1721376000,0.5493,0.5538,0.5414,0.5531,14976745.5
1721390400,0.5531,0.5693,0.5484,0.5627,21235547.67
1721404800,0.5627,0.5868,0.5622,0.5804,28816200.29
1721419200,0.5804,0.5821,0.5693,0.5736,15570584.74
1721433600,0.5736,0.5832,0.5708,0.582,14482238.15
1721448000,0.582,0.6048,0.5805,0.5957,17762806.54
1721462400,0.5957,0.597,0.5857,0.5919,9597706.92
1721476800,0.5919,0.5969,0.5868,0.5916,9272158.11
1721491200,0.5916,0.598,0.5874,0.5919,9416844.75
1721505600,0.5919,0.5979,0.59,0.594,8060081.640000001
1721520000,0.594,0.5972,0.5894,0.5938,8075735.29
1721534400,0.5938,0.608,0.5887,0.5894,10232610.35
1721548800,0.5894,0.5935,0.5811,0.5825,7325376.9
1721563200,0.5825,0.5899,0.5749,0.5885,10281728.92
1721577600,0.5885,0.5933,0.5733,0.5916,11143984.78
1721592000,0.5916,0.6032,0.5903,0.5986,13078749.39
1721606400,0.5986,0.6002,0.5911,0.5947,7904000.029999999
1721620800,0.5947,0.6051,0.5858,0.5982,8575876.190000001
1721635200,0.5982,0.614,0.5915,0.6112,19376828.96
1721649600,0.6112,0.6205,0.6052,0.6104,25797788.63
1721664000,0.6104,0.6231,0.6077,0.6188,16821622.23
1721678400,0.6188,0.6212,0.6004,0.6083,16160359.4
1721692800,0.6083,0.6149,0.6026,0.6143,9100710.11
1721707200,0.6143,0.6172,0.5951,0.6001,14403143.78
1721721600,0.6001,0.6075,0.5929,0.5966,12762459.72
1721736000,0.5966,0.6121,0.5877,0.6008,16117618.88
1721750400,0.6008,0.6009,0.5808,0.595,13972804.09
1721764800,0.595,0.6037,0.5925,0.5978,9785996.64
1721779200,0.5978,0.6054,0.5918,0.6044,9307523.42
1721793600,0.6044,0.6058,0.5971,0.603,7619425.13
1721808000,0.603,0.6325,0.6017,0.6287,21869239.96
1721822400,0.6287,0.6328,0.6192,0.6241,20829532.96
1721836800,0.6241,0.6264,0.616,0.6231,17930562.75
1721851200,0.6231,0.6282,0.6064,0.6183,15265828.83
1721865600,0.6183,0.622,0.5949,0.606,19190260.66
1721880000,0.606,0.6146,0.5981,0.6093,15053944.45
1721894400,0.6093,0.6122,0.5996,0.6106,13193997.54
1721908800,0.6106,0.6249,0.601,0.6175,24268948.49
1721923200,0.6175,0.6255,0.5977,0.6009,20788770.1
1721937600,0.6009,0.6027,0.5842,0.5995,17640141.8
1721952000,0.5995,0.608,0.5974,0.6052,9644450.5
1721966400,0.6052,0.6091,0.5982,0.5984,10640737.52
1721980800,0.5984,0.6042,0.5965,0.6015,8779395.25
1721995200,0.6015,0.6021,0.5861,0.5924,18655567.33
1722009600,0.5924,0.6024,0.5897,0.5994,11941583.87
1722024000,0.5994,0.6055,0.5972,0.6035,10027869.48
1722038400,0.6035,0.6035,0.5948,0.5966,7308494.53
1722052800,0.5966,0.604,0.5965,0.6009,4373867.19
1722067200,0.6009,0.6034,0.5978,0.6008,3562192.3
1722081600,0.6008,0.6093,0.5957,0.5988,9409291.09
1722096000,0.5988,0.6004,0.5898,0.597,8035626.93
1722110400,0.597,0.6017,0.584,0.5959,8731959.54
1722124800,0.5959,0.6028,0.5914,0.5994,4404810.31
1722139200,0.5994,0.6046,0.5959,0.6042,4462784.899999999
1722153600,0.6042,0.6143,0.6025,0.6028,8664392.989999998
1722168000,0.6028,0.6046,0.5968,0.6038,4805346.16
1722182400,0.6038,0.6054,0.5997,0.6026,4360594.9
1722196800,0.6026,0.603,0.598,0.6016,5063283.96
1722211200,0.6016,0.609,0.6005,0.6066,6708622.649999999
1722225600,0.6066,0.6117,0.6057,0.6102,7290767.23
1722240000,0.6102,0.6121,0.6054,0.6082,6947748.36
1722254400,0.6082,0.611,0.5942,0.5988,10663585.58
1722268800,0.5988,0.6064,0.592,0.6056,9291314.09
1722283200,0.6056,0.6094,0.5997,0.6019,6324763.67
1722297600,0.6019,0.6043,0.5956,0.6005,5702939.08
1722312000,0.6005,0.602,0.5967,0.5999,5476221.87
1722326400,0.5999,0.6371,0.5977,0.6294,31395955.95
1722340800,0.6294,0.6366,0.6116,0.6183,21528408.96
1722355200,0.6183,0.6357,0.6177,0.6285,27943195.5
1722369600,0.6285,0.6312,0.6192,0.6276,12631058.35
1722384000,0.6276,0.6585,0.6257,0.6492,39721362.4
1722398400,0.6492,0.6541,0.6379,0.6463,20941302.23
1722412800,0.6463,0.6548,0.6431,0.6494,13366312.05
1722427200,0.6494,0.6567,0.6444,0.652,22259888.43
1722441600,0.652,0.6538,0.6307,0.6329,25769029.35
1722456000,0.6329,0.6348,0.6218,0.6229,15530116.41
1722470400,0.6229,0.6302,0.6079,0.6113,14779631.12
1722484800,0.6113,0.6132,0.5968,0.6087,16133211.29
1722499200,0.6087,0.6109,0.6012,0.6099,12519515.5
1722513600,0.6099,0.6136,0.5825,0.5854,22192350.43
1722528000,0.5854,0.5886,0.5679,0.5819,29529622.5
1722542400,0.5819,0.5995,0.5781,0.596,11949769.31
1722556800,0.596,0.5963,0.5795,0.5873,8131993.44
1722571200,0.5873,0.5879,0.5574,0.5725,16982904.490000002
1722585600,0.5725,0.5783,0.5664,0.5738,8895458.809999999
1722600000,0.5738,0.5802,0.5461,0.5615,29234075.39
1722614400,0.5615,0.5657,0.5544,0.5621,10984203.15
1722628800,0.5621,0.5722,0.5579,0.5601,12505883.84
1722643200,0.5601,0.5645,0.5428,0.5634,11236805.27
1722657600,0.5634,0.5771,0.5615,0.5754,6292212.7
1722672000,0.5754,0.5754,0.5644,0.5702,7034630.96
1722686400,0.5702,0.573,0.5553,0.5562,6577493.12
1722700800,0.5562,0.5661,0.5421,0.5425,14884795.21
1722715200,0.5425,0.5583,0.5404,0.5557,8637214.52
1722729600,0.5557,0.5586,0.5503,0.557,5454837.76
1722744000,0.557,0.5588,0.5462,0.5475,2629470.91
1722758400,0.5475,0.5509,0.5423,0.5436,4131682.65
1722772800,0.5436,0.5495,0.5252,0.5283,13580602.25
1722787200,0.5283,0.5372,0.5138,0.5357,18243130.66
1722801600,0.5357,0.54,0.5224,0.5228,7707210.33
1722816000,0.5228,0.5254,0.4637,0.474,52967664.870000005
1722830400,0.474,0.4827,0.4367,0.4695,34789591.1
1722844800,0.4695,0.4715,0.4384,0.4521,19475247.47
1722859200,0.4521,0.4933,0.4322,0.4891,43222115.24
1722873600,0.4891,0.499,0.473,0.4799,20215121.26
1722888000,0.4799,0.4999,0.4795,0.4891,16606112.25
1722902400,0.4891,0.5162,0.4881,0.5118,19178806.79
1722916800,0.5118,0.5191,0.5062,0.5169,13515846.02
1722931200,0.5169,0.5171,0.4975,0.5038,12441196.05
1722945600,0.5038,0.518,0.495,0.5111,17876705.05
1722960000,0.5111,0.5178,0.5088,0.5122,13616870.91
1722974400,0.5122,0.5152,0.5037,0.5063,7375468.14
1722988800,0.5063,0.5172,0.5005,0.5156,11221047.99
1723003200,0.5156,0.5193,0.5099,0.5135,8447219.26
1723017600,0.5135,0.5196,0.5128,0.5143,9799161.6
1723032000,0.5143,0.5177,0.4925,0.4997,18200678.3
1723046400,0.4997,0.5387,0.4973,0.5334,24936410.92
1723060800,0.5334,0.6444,0.5146,0.6004,188431252.56
1723075200,0.6004,0.6238,0.5787,0.6115,50139969.76
1723089600,0.6115,0.6173,0.595,0.6063,27221398.67
1723104000,0.6063,0.6229,0.6056,0.6154,23548212.21
1723118400,0.6154,0.6197,0.6007,0.6133,28275308.86
1723132800,0.6133,0.6425,0.6077,0.6214,37326302.1
1723147200,0.6214,0.6226,0.6059,0.6169,31214417.33
1723161600,0.6169,0.6247,0.6091,0.6149,19811359.03
1723176000,0.6149,0.6171,0.5981,0.6032,19108236.03
1723190400,0.6032,0.6052,0.583,0.5869,19420631.46
1723204800,0.5869,0.5887,0.5678,0.5733,29892534.9
1723219200,0.5733,0.5843,0.5721,0.5815,15718005.48
1723233600,0.5815,0.5829,0.5738,0.5809,10031410.13
1723248000,0.5809,0.5941,0.5785,0.5895,8971774.3
1723262400,0.5895,0.5921,0.5839,0.5866,4725689.720000001
1723276800,0.5866,0.5908,0.5848,0.5896,3093112.08
1723291200,0.5896,0.602,0.5893,0.5979,12872277.85
1723305600,0.5979,0.6013,0.5881,0.5913,8719180.4
1723320000,0.5913,0.5957,0.582,0.5843,8015762.88
1723334400,0.5843,0.5936,0.5833,0.589,6975465.1
1723348800,0.589,0.5936,0.5865,0.5916,4294991.39
1723363200,0.5916,0.5928,0.5738,0.5762,7978936.79
1723377600,0.5762,0.5765,0.5632,0.5668,11611773.03
1723392000,0.5668,0.5712,0.5593,0.5595,9630539.31
1723406400,0.5595,0.5597,0.5456,0.553,15961186.79
1723420800,0.553,0.5663,0.5502,0.5645,8364658.83
1723435200,0.5645,0.5707,0.5575,0.5678,9330339.43
1723449600,0.5678,0.5794,0.5672,0.5765,12564417.73
1723464000,0.5765,0.5774,0.5556,0.5715,16110157.41
1723478400,0.5715,0.5791,0.5613,0.5694,17939398.34
1723492800,0.5694,0.5722,0.5601,0.5685,11060362.22
1723507200,0.5685,0.5726,0.5636,0.5654,7049535.71
1723521600,0.5654,0.5735,0.5629,0.5732,6248695.05
1723536000,0.5732,0.5791,0.5655,0.5753,11852677.18
1723550400,0.5753,0.5791,0.5672,0.5741,14997511.71
1723564800,0.5741,0.5835,0.5734,0.5777,15991001.46
1723579200,0.5777,0.5801,0.5735,0.5771,10443306.67
1723593600,0.5771,0.5812,0.5713,0.5797,10140933.69
1723608000,0.5797,0.5814,0.5747,0.5769,8460048.850000001
1723622400,0.5769,0.5825,0.5753,0.5795,8357256.06
1723636800,0.5795,0.5825,0.5646,0.5741,18833094.28
1723651200,0.5741,0.5758,0.5663,0.5673,12089322.58
1723665600,0.5673,0.5701,0.5656,0.5689,6876077.710000001
1723680000,0.5689,0.5744,0.5675,0.5724,7472118.48
1723694400,0.5724,0.5724,0.5627,0.566,8239439.81
1723708800,0.566,0.57,0.5627,0.5696,8665669.02
1723723200,0.5696,0.5753,0.5665,0.5716,11583644.63
1723737600,0.5716,0.5724,0.5518,0.5565,17015844.86
1723752000,0.5565,0.5623,0.5511,0.5609,12853398.34
1723766400,0.5609,0.5686,0.5578,0.5625,7585927.26
1723780800,0.5625,0.5692,0.5609,0.5675,5096370.23
1723795200,0.5675,0.5709,0.5647,0.5662,6083648.05
1723809600,0.5662,0.5677,0.5537,0.5581,11907955.05
1723824000,0.5581,0.5688,0.5568,0.5669,12704509.55
1723838400,0.5669,0.5681,0.5629,0.5641,6391590.49
1723852800,0.5641,0.5654,0.5614,0.5631,3506437.14
1723867200,0.5631,0.5661,0.5626,0.5648,2592625.3
1723881600,0.5648,0.5654,0.5626,0.5649,3066973.27
1723896000,0.5649,0.5693,0.5646,0.5669,5467029.279999999
1723910400,0.5669,0.571,0.5655,0.5672,5696796.25
1723924800,0.5672,0.5677,0.5646,0.5667,2947206.29
1723939200,0.5667,0.5698,0.5652,0.5661,3193545.48
1723953600,0.5661,0.5667,0.5645,0.5652,1661925.43
1723968000,0.5652,0.5709,0.5648,0.5679,3679831.82
1723982400,0.5679,0.5841,0.5677,0.5736,9453401.95
1723996800,0.5736,0.5756,0.5689,0.5727,5291207.76
1724011200,0.5727,0.5742,0.5629,0.5631,6999852.640000001
1724025600,0.5631,0.5679,0.5611,0.5666,5268330.52
1724040000,0.5666,0.5764,0.5654,0.5737,6353975.01
1724054400,0.5737,0.5901,0.5736,0.5854,17745431.6
1724068800,0.5854,0.5868,0.5752,0.5796,14176032.86
1724083200,0.5796,0.6089,0.5791,0.6027,31562771.04
1724097600,0.6027,0.6033,0.5944,0.5987,14009787.27
1724112000,0.5987,0.61,0.5974,0.6084,15477505.93
1724126400,0.6084,0.614,0.6061,0.6071,15238317.41
1724140800,0.6071,0.6151,0.6069,0.6091,9195433.96
1724155200,0.6091,0.6096,0.588,0.59,20572022.36
1724169600,0.59,0.6031,0.5894,0.6005,12821397.65
1724184000,0.6005,0.6005,0.5923,0.5939,9184745.41
1724198400,0.5939,0.601,0.5926,0.5959,7827740.129999999
1724212800,0.5959,0.5994,0.5939,0.5984,8394222.59
1724227200,0.5984,0.5998,0.594,0.5965,4416001.1
1724241600,0.5965,0.5978,0.5857,0.5926,14846926.79
1724256000,0.5926,0.6056,0.5905,0.6029,17147587.11
1724270400,0.6029,0.6045,0.5991,0.6003,9191169.83
1724284800,0.6003,0.6015,0.5926,0.5985,5824644.3
1724299200,0.5985,0.6043,0.5969,0.6019,5726954.39
1724313600,0.6019,0.6041,0.5987,0.6029,5612212.48
1724328000,0.6029,0.6029,0.5948,0.5958,9498625.35
1724342400,0.5958,0.6002,0.5954,0.5988,7798040.470000001
1724356800,0.5988,0.5997,0.5944,0.5978,6927674.76
1724371200,0.5978,0.6026,0.5967,0.5988,7409320.46
1724385600,0.5988,0.6016,0.5965,0.5994,7802979.470000001
1724400000,0.5994,0.6007,0.597,0.5971,5033141.09
1724414400,0.5971,0.6042,0.5912,0.5992,15199343.45
1724428800,0.5992,0.6099,0.5986,0.6076,17954050.18
1724443200,0.6076,0.616,0.6061,0.6114,14148424.34
1724457600,0.6114,0.6114,0.605,0.6085,7063658.51
1724472000,0.6085,0.6129,0.6067,0.609,4371059.48
1724486400,0.609,0.6148,0.608,0.6103,5849923.109999999
1724500800,0.6103,0.631,0.6102,0.6202,19879923.37
1724515200,0.6202,0.6262,0.6177,0.62,9942573.49
1724529600,0.62,0.6246,0.6063,0.6131,10998267.9
1724544000,0.6131,0.6141,0.6049,0.6081,7829243.89
1724558400,0.6081,0.6098,0.5959,0.5993,6405095.44
1724572800,0.5993,0.6032,0.5971,0.6015,5555292.4
1724587200,0.6015,0.6062,0.6007,0.6029,5400504.65
1724601600,0.6029,0.6047,0.5998,0.6006,5660367.5600000005
1724616000,0.6006,0.6049,0.5994,0.6003,6361320.16
1724630400,0.6003,0.6023,0.5923,0.5969,7929908.23
1724644800,0.5969,0.5982,0.592,0.5952,5035738.39
1724659200,0.5952,0.5999,0.5932,0.5959,7369066.56
1724673600,0.5959,0.5964,0.5863,0.5928,12867631.3
1724688000,0.5928,0.5938,0.5794,0.5818,12989753.86
1724702400,0.5818,0.5906,0.5798,0.5875,8120068.970000001
1724716800,0.5875,0.5953,0.587,0.5932,6040384.91
1724731200,0.5932,0.5945,0.5864,0.5911,6126199.540000001
1724745600,0.5911,0.5924,0.5838,0.5873,7755860.9
1724760000,0.5873,0.5991,0.5853,0.5939,16105247.92
1724774400,0.5939,0.6003,0.592,0.5931,9528680.41
1724788800,0.5931,0.5932,0.5532,0.567,25113825.32
1724803200,0.567,0.5708,0.5605,0.5681,9844739.38
1724817600,0.5681,0.575,0.5675,0.5696,9896629.42
1724832000,0.5696,0.5838,0.5639,0.5807,11626642.62
1724846400,0.5807,0.5844,0.5639,0.5691,12021501.69
1724860800,0.5691,0.5773,0.5561,0.5723,14214179.47
1724875200,0.5723,0.5777,0.5658,0.5695,8349569.34
1724889600,0.5695,0.5735,0.5683,0.5712,5609906.55
1724904000,0.5712,0.5769,0.5705,0.5745,5333250.800000001
1724918400,0.5745,0.5763,0.5715,0.5747,5293572.3100000005
1724932800,0.5747,0.5757,0.5708,0.5723,10297865.84
1724947200,0.5723,0.5765,0.5584,0.5628,12789248.81
1724961600,0.5628,0.5654,0.5577,0.5622,6378166.33
1724976000,0.5622,0.5651,0.5605,0.5618,4791019.54
1724990400,0.5618,0.5657,0.5589,0.5645,5512619.64
1725004800,0.5645,0.5654,0.5615,0.5637,6324742.44
1725019200,0.5637,0.5673,0.5464,0.5485,15375665.67
1725033600,0.5485,0.5628,0.5465,0.5619,12659321.78
1725048000,0.5619,0.5676,0.5604,0.5667,5522748.72
1725062400,0.5667,0.5682,0.5639,0.565,3373788.63
1725076800,0.565,0.5684,0.5646,0.5665,2120167.49
1725091200,0.5665,0.5722,0.5649,0.5693,4353585.34
1725105600,0.5693,0.5701,0.5646,0.5665,2936449.36
1725120000,0.5665,0.5682,0.5626,0.5678,3505482.35
1725134400,0.5678,0.5684,0.5655,0.5663,2757238.3
1725148800,0.5663,0.5667,0.559,0.5608,3728150.28
1725163200,0.5608,0.5609,0.5532,0.5589,3046867.94
1725177600,0.5589,0.5601,0.5559,0.5579,2881887.64
1725192000,0.5579,0.5599,0.5518,0.5565,6386475.44
1725206400,0.5565,0.561,0.5522,0.5595,3856130.98
1725220800,0.5595,0.562,0.5437,0.5474,8645234.13
1725235200,0.5474,0.5507,0.5464,0.5498,4852518.87
1725249600,0.5498,0.551,0.5445,0.5463,4346821.66
1725264000,0.5463,0.5574,0.5457,0.5549,4811601.13
1725278400,0.5549,0.56,0.5508,0.5581,5349466.6
1725292800,0.5581,0.5679,0.5557,0.5678,5923315.76
1725307200,0.5678,0.5686,0.5645,0.5677,5497485.45
1725321600,0.5677,0.5724,0.5657,0.5667,4699649.850000001
1725336000,0.5667,0.5693,0.5651,0.5691,3246757.75
1725350400,0.5691,0.5721,0.566,0.5699,4473885.85
1725364800,0.5699,0.573,0.5574,0.5591,9326960.88
1725379200,0.5591,0.5654,0.5586,0.5654,6542301.88
1725393600,0.5654,0.5674,0.5563,0.5572,5021553.07
1725408000,0.5572,0.5602,0.5332,0.553,15878198.56
1725422400,0.553,0.5554,0.5497,0.5544,4329137.09
1725436800,0.5544,0.5568,0.549,0.5504,5587836.21
1725451200,0.5504,0.563,0.5472,0.5623,9918828.87
1725465600,0.5623,0.5651,0.5564,0.5576,7762549.26
1725480000,0.5576,0.561,0.5559,0.5581,4453690.87
1725494400,0.5581,0.5597,0.552,0.553,5167315.92
1725508800,0.553,0.5545,0.5498,0.5534,3288726.57
1725523200,0.5534,0.5545,0.5484,0.5501,5273083.17
1725537600,0.5501,0.5551,0.5456,0.5462,7294426.0
1725552000,0.5462,0.5478,0.54,0.5427,8174046.8
1725566400,0.5427,0.5451,0.541,0.5443,4495400.3100000005
1725580800,0.5443,0.5471,0.5405,0.5457,4873992.25
1725595200,0.5457,0.5463,0.5323,0.5349,7067830.91
1725609600,0.5349,0.5393,0.5341,0.5383,6722256.6
1725624000,0.5383,0.5449,0.5221,0.5261,19054486.73
1725638400,0.5261,0.5264,0.5127,0.5153,17400257.96
1725652800,0.5153,0.5217,0.503,0.5211,13793366.28
1725667200,0.5211,0.5239,0.5196,0.5221,4394704.01
1725681600,0.5221,0.5305,0.522,0.5297,3336806.72
1725696000,0.5297,0.5298,0.5263,0.5275,3376820.55
1725710400,0.5275,0.5328,0.5275,0.5316,4322708.9
1725724800,0.5316,0.5321,0.526,0.5302,4607607.55
1725739200,0.5302,0.5305,0.523,0.5249,4634487.26
1725753600,0.5249,0.5281,0.524,0.5281,2505614.89
1725768000,0.5281,0.5303,0.5276,0.5292,2584570.34
1725782400,0.5292,0.5314,0.528,0.5288,2031610.19
1725796800,0.5288,0.5292,0.522,0.5223,4144609.41
1725811200,0.5223,0.5271,0.5208,0.5255,3109622.1
1725825600,0.5255,0.5313,0.5241,0.5295,4880191.77
1725840000,0.5295,0.5311,0.5273,0.5305,4298533.26
1725854400,0.5305,0.5315,0.5269,0.5309,4501645.5
1725868800,0.5309,0.5341,0.5299,0.5312,4859109.6
1725883200,0.5312,0.5334,0.5279,0.5295,5697835.51
1725897600,0.5295,0.5394,0.5293,0.5388,9310623.76
1725912000,0.5388,0.543,0.5366,0.5396,6866162.08
1725926400,0.5396,0.5396,0.5338,0.5339,3529291.31
1725940800,0.5339,0.5402,0.5338,0.5391,5091656.44
1725955200,0.5391,0.5416,0.5365,0.5385,4153682.01
1725969600,0.5385,0.5404,0.5348,0.5362,6188964.359999999
1725984000,0.5362,0.5414,0.5356,0.5405,5618856.31
1725998400,0.5405,0.5428,0.5394,0.5408,4177871.66
1726012800,0.5408,0.5413,0.5321,0.5334,5312837.82
1726027200,0.5334,0.535,0.5306,0.5334,4537762.36
1726041600,0.5334,0.5344,0.5313,0.5339,3252615.72
1726056000,0.5339,0.535,0.5232,0.532,8583393.18
1726070400,0.532,0.5384,0.5317,0.5366,6057889.41
1726084800,0.5366,0.5376,0.5348,0.5349,3543120.3
1726099200,0.5349,0.5397,0.5336,0.5374,4941853.77
1726113600,0.5374,0.539,0.5352,0.5383,4189595.69
1726128000,0.5383,0.5396,0.5369,0.5372,3689777.24
1726142400,0.5372,0.5881,0.5359,0.5578,48595482.22
1726156800,0.5578,0.5638,0.5547,0.5633,15365705.260000002
1726171200,0.5633,0.5667,0.561,0.5627,6456237.54
1726185600,0.5627,0.5637,0.5558,0.5611,6877402.35
1726200000,0.5611,0.5733,0.5599,0.5637,12571492.91
1726214400,0.5637,0.5687,0.562,0.5627,7885220.56
1726228800,0.5627,0.5728,0.5624,0.5712,16103638.69
1726243200,0.5712,0.5722,0.5666,0.5676,10389176.13
1726257600,0.5676,0.5748,0.5675,0.5731,6586664.17
1726272000,0.5731,0.5805,0.5697,0.5777,7605756.93
1726286400,0.5777,0.5806,0.5745,0.5795,5848096.64
1726300800,0.5795,0.5927,0.5786,0.5873,18979386.66
1726315200,0.5873,0.5905,0.5834,0.5874,11850190.37
1726329600,0.5874,0.5946,0.587,0.5913,11955902.56
1726344000,0.5913,0.5994,0.5904,0.5959,14801101.35
1726358400,0.5959,0.5961,0.5877,0.5884,8077518.5
1726372800,0.5884,0.5899,0.5857,0.5889,4271329.28
1726387200,0.5889,0.5907,0.5813,0.5837,5653166.640000001
1726401600,0.5837,0.5897,0.5827,0.5887,4586333.18
1726416000,0.5887,0.5892,0.5822,0.5839,5870799.63
1726430400,0.5839,0.5843,0.5689,0.5707,11928381.05
1726444800,0.5707,0.5717,0.5597,0.5685,10069100.78
1726459200,0.5685,0.5751,0.5673,0.5721,7200982.74
1726473600,0.5721,0.5745,0.5689,0.5708,5377093.16
1726488000,0.5708,0.574,0.5649,0.5685,8032868.27
1726502400,0.5685,0.5913,0.5685,0.587,17464148.05
1726516800,0.587,0.5888,0.5785,0.5866,9657709.02
1726531200,0.5866,0.5884,0.579,0.5868,8936209.940000001
1726545600,0.5868,0.5905,0.5836,0.585,6093365.0600000005
1726560000,0.585,0.5885,0.584,0.5846,5710522.43
1726574400,0.5846,0.5934,0.5807,0.5908,13065554.05
1726588800,0.5908,0.5909,0.5845,0.5891,8891121.05
1726603200,0.5891,0.5896,0.5834,0.584,6219065.51
1726617600,0.584,0.5841,0.5758,0.5806,7541704.09
1726632000,0.5806,0.5818,0.5756,0.5779,5151940.0600000005
1726646400,0.5779,0.5783,0.5699,0.5731,7287691.47
1726660800,0.5731,0.5732,0.5622,0.5645,10691864.34
1726675200,0.5645,0.5816,0.5638,0.575,16387647.970000004
1726689600,0.575,0.5859,0.5716,0.5853,8505161.11
1726704000,0.5853,0.5899,0.5816,0.5854,12859006.16
1726718400,0.5854,0.5887,0.5826,0.5854,7161090.44
1726732800,0.5854,0.5872,0.5814,0.5859,9007219.89
1726747200,0.5859,0.5932,0.5837,0.5863,13575647.26
1726761600,0.5863,0.5947,0.5859,0.5899,14366012.0
1726776000,0.5899,0.5936,0.5851,0.5871,9037735.48
1726790400,0.5871,0.5884,0.5774,0.5884,9759465.64
1726804800,0.5884,0.5928,0.5858,0.591,11422985.42
1726819200,0.591,0.5912,0.584,0.585,8334935.75
1726833600,0.585,0.5878,0.5773,0.5799,12569449.63
1726848000,0.5799,0.5912,0.5764,0.5829,12823057.84
1726862400,0.5829,0.5882,0.5827,0.5852,4842854.45
1726876800,0.5852,0.5852,0.5804,0.5813,4655053.57
1726891200,0.5813,0.5838,0.5801,0.5834,2880422.16
1726905600,0.5834,0.5855,0.5826,0.5846,2838009.34
1726920000,0.5846,0.5878,0.5833,0.587,4782145.66
1726934400,0.587,0.6126,0.5866,0.6003,23891682.22
1726948800,0.6003,0.6039,0.5948,0.5978,7544315.09
1726963200,0.5978,0.6051,0.5954,0.5988,10083388.7
1726977600,0.5988,0.6002,0.5933,0.5961,4996327.31
1726992000,0.5961,0.597,0.5907,0.593,4983712.55
1727006400,0.593,0.5938,0.5845,0.5891,7268769.6
1727020800,0.5891,0.5931,0.5855,0.59,5715505.68
1727035200,0.59,0.592,0.5785,0.5873,10342304.86
1727049600,0.5873,0.5959,0.579,0.5938,11533955.75
1727064000,0.5938,0.5954,0.5878,0.5888,6826405.65
1727078400,0.5888,0.5898,0.5837,0.5865,5551346.49
1727092800,0.5865,0.5901,0.584,0.5882,11319904.55
1727107200,0.5882,0.5893,0.5844,0.5877,9727881.96
1727121600,0.5877,0.5877,0.5833,0.5849,6493874.13
1727136000,0.5849,0.5868,0.5814,0.5854,8347708.52
1727150400,0.5854,0.5875,0.5834,0.5869,4999433.73
1727164800,0.5869,0.5907,0.5864,0.5879,7993986.7
1727179200,0.5879,0.591,0.5816,0.5833,11378274.95
1727193600,0.5833,0.5917,0.5824,0.5912,13231274.9
1727208000,0.5912,0.5929,0.5885,0.5913,9018188.58
1727222400,0.5913,0.5956,0.5898,0.5933,9919052.61
1727236800,0.5933,0.594,0.5853,0.5876,6937253.529999999
1727251200,0.5876,0.5907,0.5865,0.5905,4920633.2700000005
1727265600,0.5905,0.5922,0.5849,0.5852,8966406.36
1727280000,0.5852,0.5879,0.583,0.5849,8786602.91
1727294400,0.5849,0.5875,0.5821,0.5828,6818519.109999999
1727308800,0.5828,0.5843,0.574,0.582,12651556.38
1727323200,0.582,0.5889,0.5818,0.5881,8634875.629999999
1727337600,0.5881,0.5911,0.5859,0.5897,8346574.8
1727352000,0.5897,0.5941,0.588,0.5929,14485529.23
1727366400,0.5929,0.5964,0.5911,0.5928,12609947.16
1727380800,0.5928,0.5939,0.5873,0.5907,8715329.83
1727395200,0.5907,0.5912,0.5828,0.5865,12310933.96
1727409600,0.5865,0.5927,0.5864,0.5893,7611801.46
1727424000,0.5893,0.5923,0.5857,0.5872,8633676.21
1727438400,0.5872,0.5972,0.587,0.5883,17544902.58
1727452800,0.5883,0.5916,0.5858,0.587,11222087.7
1727467200,0.587,0.5897,0.5843,0.5888,6904731.95
1727481600,0.5888,0.5931,0.5882,0.5909,4971538.27
1727496000,0.5909,0.6119,0.5858,0.608,12977434.09
1727510400,0.608,0.6233,0.5966,0.6172,45245718.62
1727524800,0.6172,0.6246,0.6114,0.6178,22645677.37
1727539200,0.6178,0.626,0.6158,0.6228,18982223.91
1727553600,0.6228,0.624,0.6124,0.6141,10308780.8
1727568000,0.6141,0.6166,0.6079,0.6131,7780906.55
1727582400,0.6131,0.6331,0.6111,0.6285,19373265.15
1727596800,0.6285,0.6304,0.6217,0.6243,10706942.12
1727611200,0.6243,0.6648,0.6215,0.6598,58582179.48
1727625600,0.6598,0.6616,0.6486,0.6526,24697547.0
1727640000,0.6526,0.6527,0.6373,0.6414,19593227.81
1727654400,0.6414,0.6515,0.6353,0.6451,23237235.52
1727668800,0.6451,0.6537,0.6409,0.6453,14746575.75
1727683200,0.6453,0.6545,0.6254,0.6299,27347213.1
1727697600,0.6299,0.6367,0.6173,0.6176,21027041.09
1727712000,0.6176,0.6237,0.6167,0.6227,13624637.65
1727726400,0.6227,0.6247,0.6089,0.6113,15402011.42
1727740800,0.6113,0.6245,0.6101,0.6227,11087484.35
1727755200,0.6227,0.629,0.6179,0.6285,9047026.7
1727769600,0.6285,0.6341,0.6257,0.6287,9022522.75
1727784000,0.6287,0.6301,0.5932,0.612,33341441.01
1727798400,0.612,0.6269,0.5781,0.6103,62527783.71
1727812800,0.6103,0.6171,0.5889,0.5968,26278968.18
1727827200,0.5968,0.6066,0.5944,0.6026,12382239.21
1727841600,0.6026,0.605,0.5958,0.6006,10039952.15
1727856000,0.6006,0.6031,0.5801,0.5857,15562746.34
1727870400,0.5857,0.5925,0.5765,0.5847,22908002.71
1727884800,0.5847,0.59,0.5653,0.5753,26761442.99
1727899200,0.5753,0.5784,0.5268,0.5382,93127295.67
1727913600,0.5382,0.5446,0.5233,0.5376,37349108.75
1727928000,0.5376,0.5418,0.5187,0.5189,25356329.0
1727942400,0.5189,0.5257,0.5071,0.5173,30994536.28
1727956800,0.5173,0.5279,0.5119,0.5226,28089031.48
1727971200,0.5226,0.5281,0.5119,0.5273,21667890.98
1727985600,0.5273,0.5274,0.5215,0.522,12160077.51
1728000000,0.522,0.5277,0.515,0.5246,16893604.25
1728014400,0.5246,0.5296,0.5206,0.524,10562056.86
1728028800,0.524,0.5278,0.5218,0.525,11509599.76
1728043200,0.525,0.528,0.5157,0.5219,22851312.48
1728057600,0.5219,0.5392,0.5215,0.5362,17819979.759999998
1728072000,0.5362,0.5363,0.5319,0.5341,8592194.16
1728086400,0.5341,0.5353,0.5269,0.5277,6577521.300000001
1728100800,0.5277,0.5348,0.5268,0.5332,4728107.02
1728115200,0.5332,0.5352,0.5311,0.5316,3060151.7800000003
1728129600,0.5316,0.5331,0.5288,0.5305,5114374.66
1728144000,0.5305,0.5353,0.5263,0.5339,7610469.57
1728158400,0.5339,0.5347,0.527,0.5295,5346036.34
1728172800,0.5295,0.533,0.528,0.5293,4026037.32
1728187200,0.5293,0.5325,0.5286,0.5313,2676884.45
1728201600,0.5313,0.532,0.5285,0.5308,3998669.91
1728216000,0.5308,0.537,0.5302,0.5369,5314336.32
1728230400,0.5369,0.5371,0.5319,0.532,5822374.029999999
1728244800,0.532,0.5345,0.53,0.5337,4688127.36
1728259200,0.5337,0.5445,0.5326,0.5406,9644263.02
1728273600,0.5406,0.5432,0.5397,0.5403,5330782.47
1728288000,0.5403,0.5421,0.5308,0.5373,7678968.82
1728302400,0.5373,0.5449,0.5357,0.541,12541519.86
1728316800,0.541,0.5457,0.5346,0.5401,14640769.0
1728331200,0.5401,0.5403,0.5285,0.5286,10627489.96
1728345600,0.5286,0.5335,0.5285,0.5323,6532520.53
1728360000,0.5323,0.5344,0.5246,0.5272,7735972.350000001
1728374400,0.5272,0.5314,0.5262,0.531,4536441.45
1728388800,0.531,0.5319,0.521,0.5245,9878469.74
1728403200,0.5245,0.5304,0.5231,0.5298,7755059.14
1728417600,0.5298,0.5354,0.5287,0.5309,7003555.1
1728432000,0.5309,0.5344,0.5291,0.533,4795872.79
1728446400,0.533,0.5342,0.5286,0.5306,4891640.67
1728460800,0.5306,0.5339,0.5287,0.5322,4373644.73
1728475200,0.5322,0.5322,0.5257,0.5313,8719075.379999999
1728489600,0.5313,0.5333,0.528,0.5298,8227340.05
1728504000,0.5298,0.53,0.5208,0.524,9297437.67
1728518400,0.524,0.5285,0.5223,0.527,4813009.8
1728532800,0.527,0.5281,0.5247,0.5253,3868460.45
1728547200,0.5253,0.5292,0.5228,0.5292,5608519.199999999
1728561600,0.5292,0.5442,0.5267,0.535,22808669.12
1728576000,0.535,0.5394,0.5238,0.5258,17137862.490000002
1728590400,0.5258,0.5304,0.5245,0.5301,5919995.29
1728604800,0.5301,0.536,0.5293,0.5349,6355250.359999999
1728619200,0.5349,0.5406,0.5326,0.5381,5459575.45
1728633600,0.5381,0.5404,0.5344,0.5355,9015475.42
1728648000,0.5355,0.5384,0.5336,0.5382,11399136.9
1728662400,0.5382,0.5418,0.5364,0.5415,9051418.08
1728676800,0.5415,0.5418,0.5378,0.5386,5408230.31
1728691200,0.5386,0.5392,0.5353,0.5359,4435950.75
1728705600,0.5359,0.5386,0.5358,0.538,3181687.04
1728720000,0.538,0.5417,0.5377,0.5393,2970500.72
1728734400,0.5393,0.5431,0.5387,0.5415,5516149.11
1728748800,0.5415,0.5421,0.5371,0.5383,6171349.43
1728763200,0.5383,0.5401,0.5373,0.5393,2872020.03
1728777600,0.5393,0.5395,0.5354,0.536,4169004.54
1728792000,0.536,0.5376,0.5359,0.5366,2640957.3200000003
1728806400,0.5366,0.5371,0.531,0.5311,4505519.99
1728820800,0.5311,0.5332,0.5254,0.5279,6985885.85
1728835200,0.5279,0.5308,0.5251,0.5272,6227171.35
1728849600,0.5272,0.5318,0.5264,0.5317,6037301.36
1728864000,0.5317,0.5391,0.5281,0.5381,7736322.44
1728878400,0.5381,0.5394,0.5355,0.5386,7295499.96
1728892800,0.5386,0.5412,0.5367,0.5385,6696595.84
1728907200,0.5385,0.5521,0.5375,0.5489,13881643.85
1728921600,0.5489,0.5507,0.5446,0.547,9113005.13
1728936000,0.547,0.5495,0.5442,0.5482,7677630.78
1728950400,0.5482,0.5554,0.5466,0.5473,10010214.73
1728964800,0.5473,0.55,0.5421,0.5455,7920337.26
1728979200,0.5455,0.5467,0.5343,0.536,9785993.62
1728993600,0.536,0.5487,0.5316,0.539,17946292.33
1729008000,0.539,0.5458,0.5385,0.5437,9805521.49
1729022400,0.5437,0.5441,0.5368,0.5417,6069698.47
1729036800,0.5417,0.5449,0.5393,0.5427,6354356.24
1729051200,0.5427,0.544,0.5374,0.539,5304619.2
1729065600,0.539,0.5457,0.5386,0.544,6138632.92
1729080000,0.544,0.5524,0.5426,0.5478,15566605.44
1729094400,0.5478,0.5538,0.5462,0.5528,7986097.38
1729108800,0.5528,0.5538,0.5476,0.5482,7736814.760000001
1729123200,0.5482,0.5499,0.5456,0.5494,7499327.5
1729137600,0.5494,0.5665,0.5492,0.5544,23311639.16
1729152000,0.5544,0.5587,0.5509,0.5524,9923148.81
1729166400,0.5524,0.5573,0.5475,0.5535,11696760.35
1729180800,0.5535,0.5537,0.5418,0.5442,11016763.4
1729195200,0.5442,0.548,0.543,0.544,5316437.69
1729209600,0.544,0.5466,0.5394,0.5433,8291771.939999999
1729224000,0.5433,0.5526,0.5421,0.5498,6049538.82
1729238400,0.5498,0.5528,0.5462,0.5463,5577935.51
1729252800,0.5463,0.5474,0.5427,0.546,9750441.27
1729267200,0.546,0.549,0.5434,0.5465,9180739.38
1729281600,0.5465,0.5472,0.5448,0.5467,4307504.39
1729296000,0.5467,0.5498,0.5454,0.5475,5503745.98
1729310400,0.5475,0.5487,0.5457,0.5462,3345856.67
1729324800,0.5462,0.5476,0.543,0.5433,2792877.62
1729339200,0.5433,0.5456,0.5432,0.5444,3198708.51
1729353600,0.5444,0.5445,0.5408,0.5414,5019963.65
1729368000,0.5414,0.5448,0.5411,0.5441,2767031.43
1729382400,0.5441,0.5447,0.5416,0.5431,2441162.15
1729396800,0.5431,0.5436,0.5397,0.5405,3093791.72
1729411200,0.5405,0.542,0.5368,0.5412,4081488.77
1729425600,0.5412,0.5449,0.5372,0.5444,5783336.720000001
1729440000,0.5444,0.5455,0.5417,0.5424,4184894.9
1729454400,0.5424,0.5486,0.5422,0.5481,5883911.3100000005
1729468800,0.5481,0.5502,0.5453,0.5477,6090595.44
1729483200,0.5477,0.5543,0.5461,0.5485,9490006.73
1729497600,0.5485,0.5603,0.5484,0.5534,15410537.88
1729512000,0.5534,0.5547,0.5421,0.5462,11542334.93
1729526400,0.5462,0.5479,0.5409,0.5475,7583108.53
1729540800,0.5475,0.548,0.5439,0.5447,4738385.649999999
1729555200,0.5447,0.5461,0.5394,0.5431,5856053.32
1729569600,0.5431,0.5492,0.5428,0.5471,6066038.15
1729584000,0.5471,0.5471,0.5307,0.5339,12234774.38
1729598400,0.5339,0.5353,0.5288,0.5333,10817100.88
1729612800,0.5333,0.5358,0.5301,0.5338,7593325.13
1729627200,0.5338,0.5361,0.5317,0.5336,5302320.66
1729641600,0.5336,0.5337,0.53,0.531,4833088.99
1729656000,0.531,0.5317,0.5255,0.5263,6494817.859999999
1729670400,0.5263,0.5276,0.5224,0.5264,7440451.73
1729684800,0.5264,0.5286,0.5218,0.5236,7869019.47
1729699200,0.5236,0.5239,0.5113,0.5213,17022985.97
1729713600,0.5213,0.5263,0.5204,0.5254,5486085.13
1729728000,0.5254,0.5298,0.525,0.5281,5494379.29
1729742400,0.5281,0.5327,0.5276,0.5285,5765975.6
1729756800,0.5285,0.5295,0.5237,0.5275,7508338.359999999
1729771200,0.5275,0.5311,0.5273,0.5289,6260681.45
1729785600,0.5289,0.5325,0.5277,0.5325,4856825.13
1729800000,0.5325,0.5335,0.5307,0.5319,3647074.78
1729814400,0.5319,0.5319,0.5277,0.5287,4682937.94
1729828800,0.5287,0.5289,0.5199,0.5237,7237665.52
1729843200,0.5237,0.5274,0.5215,0.5261,4576698.72
1729857600,0.5261,0.5273,0.5206,0.5221,6466685.85
1729872000,0.5221,0.5235,0.509,0.5144,12934175.45
1729886400,0.5144,0.5174,0.4866,0.5013,25734914.160000004
1729900800,0.5013,0.5115,0.4981,0.5115,10421164.77
1729915200,0.5115,0.5145,0.5111,0.5136,3885446.91
1729929600,0.5136,0.5146,0.5126,0.5139,2683301.29
1729944000,0.5139,0.5144,0.5054,0.5085,5497146.74
1729958400,0.5085,0.5127,0.5084,0.5122,4067570.37
1729972800,0.5122,0.5144,0.5113,0.5129,4172075.87
1729987200,0.5129,0.5161,0.5115,0.5157,3776239.19
1730001600,0.5157,0.5158,0.5137,0.5143,2271076.86
1730016000,0.5143,0.5148,0.5103,0.5116,3413502.55
1730030400,0.5116,0.5165,0.5116,0.5165,3614306.62
1730044800,0.5165,0.5172,0.513,0.5145,5286546.67
1730059200,0.5145,0.5174,0.5129,0.5163,4376030.15
1730073600,0.5163,0.5168,0.5122,0.5128,4402989.71
1730088000,0.5128,0.5181,0.511,0.5157,3977345.0
1730102400,0.5157,0.5207,0.5155,0.5193,6592420.8
1730116800,0.5193,0.5211,0.5134,0.5136,8281668.4
1730131200,0.5136,0.5188,0.5111,0.5173,8255417.66
1730145600,0.5173,0.5209,0.5161,0.5192,7207972.97
1730160000,0.5192,0.526,0.5182,0.523,12769421.88
1730174400,0.523,0.5277,0.5225,0.5255,7136744.8
1730188800,0.5255,0.5265,0.5226,0.5255,6437014.99
1730203200,0.5255,0.5281,0.5234,0.5256,9635889.24
1730217600,0.5256,0.5307,0.5254,0.5263,12256140.17
1730232000,0.5263,0.5287,0.5215,0.5284,6323794.95
1730246400,0.5284,0.5284,0.5226,0.5255,5981731.9
1730260800,0.5255,0.5263,0.5228,0.5236,4239362.359999999
1730275200,0.5236,0.5253,0.5203,0.5206,5869362.83
1730289600,0.5206,0.5257,0.5192,0.5233,10766282.07
1730304000,0.5233,0.5241,0.5214,0.5222,4955807.11
1730318400,0.5222,0.5254,0.5207,0.5228,5154087.41
1730332800,0.5228,0.5235,0.5194,0.5214,4854447.76
1730347200,0.5214,0.5219,0.5163,0.5176,5075624.3
1730361600,0.5176,0.5207,0.5152,0.5185,6255697.04
1730376000,0.5185,0.5198,0.5078,0.5105,11136034.8
1730390400,0.5105,0.5117,0.5029,0.5055,12062638.98
1730404800,0.5055,0.5107,0.5053,0.5089,4426148.54
1730419200,0.5089,0.5186,0.5021,0.5186,8869985.21
1730433600,0.5186,0.5209,0.5092,0.5115,7817624.51
1730448000,0.5115,0.5238,0.5108,0.5184,11749536.74
1730462400,0.5184,0.5236,0.5116,0.516,11016815.84
1730476800,0.516,0.522,0.512,0.5158,10769786.44
1730491200,0.5158,0.5167,0.5076,0.5128,5379146.02
1730505600,0.5128,0.5158,0.5122,0.5142,3060231.5700000003
1730520000,0.5142,0.5151,0.5113,0.5128,2605331.76
1730534400,0.5128,0.5128,0.5103,0.5112,1965539.19
1730548800,0.5112,0.5127,0.5062,0.5102,6611612.390000001
1730563200,0.5102,0.5114,0.5077,0.5098,3848860.13
1730577600,0.5098,0.5103,0.5078,0.5103,2674698.0
1730592000,0.5103,0.511,0.4977,0.502,9574347.7
1730606400,0.502,0.507,0.5018,0.5057,2919984.54
1730620800,0.5057,0.5057,0.5012,0.5027,4064924.51
1730635200,0.5027,0.5035,0.4918,0.4969,13874026.56
1730649600,0.4969,0.5007,0.4931,0.5005,6666434.42
1730664000,0.5005,0.5044,0.4997,0.5028,4554406.19
1730678400,0.5028,0.5078,0.5004,0.507,5433836.43
1730692800,0.507,0.5084,0.5036,0.5052,4528559.9
1730707200,0.5052,0.5142,0.5043,0.5116,7067741.94
1730721600,0.5116,0.5122,0.5083,0.5102,6698605.6
1730736000,0.5102,0.5135,0.506,0.5061,9577908.47
1730750400,0.5061,0.5073,0.4957,0.5032,13964400.16
1730764800,0.5032,0.5057,0.5017,0.5051,5491481.57
1730779200,0.5051,0.5149,0.5044,0.5144,4981037.24
1730793600,0.5144,0.5185,0.5086,0.5088,7688848.199999999
1730808000,0.5088,0.5142,0.5056,0.5096,11995872.39
1730822400,0.5096,0.5146,0.5069,0.5081,8944199.879999999
1730836800,0.5081,0.5156,0.5069,0.5141,7718780.01
1730851200,0.5141,0.5376,0.5138,0.5341,24511911.63
1730865600,0.5341,0.5429,0.5304,0.5365,27722626.54
1730880000,0.5365,0.5376,0.5267,0.5346,15254376.53
1730894400,0.5346,0.5361,0.5276,0.5311,12717434.56
1730908800,0.5311,0.5368,0.5306,0.5368,14092732.49
1730923200,0.5368,0.5473,0.5363,0.5425,15772689.66
1730937600,0.5425,0.5791,0.5383,0.5601,30338203.93
1730952000,0.5601,0.563,0.5505,0.5558,15659376.56
1730966400,0.5558,0.5573,0.5469,0.5474,9947423.83
1730980800,0.5474,0.5503,0.541,0.5502,13746212.28
1730995200,0.5502,0.5561,0.5492,0.5556,16080135.02
1731009600,0.5556,0.5588,0.5507,0.556,11160523.58
1731024000,0.556,0.5604,0.5481,0.5502,12267310.85
1731038400,0.5502,0.5533,0.5471,0.5511,7869944.390000001
1731052800,0.5511,0.5527,0.5467,0.5509,8063580.31
1731067200,0.5509,0.5583,0.5498,0.5526,14690849.95
1731081600,0.5526,0.5553,0.5419,0.5518,16361808.24
1731096000,0.5518,0.5547,0.5468,0.5541,10365150.01
1731110400,0.5541,0.5543,0.5456,0.5466,9400781.96
1731124800,0.5466,0.5558,0.5465,0.5533,11757873.83
1731139200,0.5533,0.5568,0.5513,0.5533,9089147.99
1731153600,0.5533,0.5535,0.5449,0.5484,11077783.84
1731168000,0.5484,0.5523,0.544,0.5501,9356982.5
1731182400,0.5501,0.5621,0.5494,0.5596,13575646.05
1731196800,0.5596,0.5751,0.5558,0.5717,25175265.8
1731211200,0.5717,0.5927,0.5708,0.5856,36488717.73
1731225600,0.5856,0.588,0.5813,0.5868,17905904.07
1731240000,0.5868,0.6187,0.5824,0.605,72450381.39
1731254400,0.605,0.6168,0.5921,0.5962,46792861.620000005
1731268800,0.5962,0.5986,0.563,0.5889,44051483.6
1731283200,0.5889,0.5988,0.5858,0.5948,26872522.02
1731297600,0.5948,0.5962,0.5708,0.5778,29563114.22
1731312000,0.5778,0.5883,0.5772,0.5879,18022742.67
1731326400,0.5879,0.5965,0.5764,0.5912,28642879.6
1731340800,0.5912,0.5997,0.5887,0.5997,36731951.89
1731355200,0.5997,0.6341,0.5996,0.6217,94415117.55
1731369600,0.6217,0.6223,0.5979,0.6068,42508613.27
1731384000,0.6068,0.6181,0.598,0.6166,43783695.04
1731398400,0.6166,0.7007,0.6067,0.648,194850413.48
1731412800,0.648,0.7029,0.6256,0.6788,143553964.03
1731427200,0.6788,0.7061,0.6645,0.6936,112062063.57
1731441600,0.6936,0.7414,0.6932,0.7051,162998806.08
1731456000,0.7051,0.7415,0.6672,0.6679,98599375.98
1731470400,0.6679,0.6778,0.6417,0.6618,66908976.5
1731484800,0.6618,0.6782,0.6534,0.6775,47384069.54
1731499200,0.6775,0.7216,0.6652,0.7143,118501159.07
1731513600,0.7143,0.7487,0.6797,0.6821,136336367.25
1731528000,0.6821,0.6935,0.6699,0.6909,60198014.64
1731542400,0.6909,0.7054,0.6833,0.6975,57452653.56
1731556800,0.6975,0.7052,0.684,0.699,33887845.54
1731571200,0.699,0.7215,0.6983,0.7184,42352752.84
1731585600,0.7184,0.7546,0.7018,0.7135,137975145.82999998
1731600000,0.7135,0.8001,0.7062,0.7905,181989616.84
1731614400,0.7905,0.8547,0.7558,0.7737,243728116.93
1731628800,0.7737,0.8315,0.7708,0.8213,134134546.64
1731643200,0.8213,0.8397,0.7838,0.7862,93256356.74
1731657600,0.7862,0.8338,0.774,0.8269,81414553.8
1731672000,0.8269,0.9158,0.8165,0.8661,281743182.76
1731686400,0.8661,0.8983,0.8597,0.8981,129188935.69
1731700800,0.8981,0.9276,0.869,0.8928,148495310.46
1731715200,0.8928,0.9195,0.8784,0.9085,80731345.78
1731729600,0.9085,0.9841,0.9059,0.9725,179662583.42000002
1731744000,0.9725,1.089,0.9613,1.05,258439337.98
1731758400,1.05,1.27,1.031,1.11,485827354.12
1731772800,1.11,1.206,1.085,1.187,270072462.0
1731787200,1.187,1.203,1.105,1.121,197051478.11
1731801600,1.121,1.161,1.033,1.061,201027078.82
1731816000,1.061,1.09,1.003,1.068,166353710.95
1731830400,1.068,1.101,1.036,1.036,90224591.34
1731844800,1.036,1.146,1.036,1.084,154390586.42000002
1731859200,1.084,1.09,1.033,1.035,98437672.88
1731873600,1.035,1.072,1.032,1.054,79761872.64
1731888000,1.054,1.139,1.054,1.118,162498744.16
1731902400,1.118,1.186,1.114,1.17,170455325.24
1731916800,1.17,1.174,1.111,1.119,102284876.15
1731931200,1.119,1.176,1.105,1.167,132863562.3
1731945600,1.167,1.167,1.076,1.09,145560242.69
1731960000,1.09,1.141,1.084,1.115,97021935.68
1731974400,1.115,1.148,1.112,1.139,77328679.36
1731988800,1.139,1.141,1.099,1.103,65020845.75
1732003200,1.103,1.108,1.083,1.101,59127965.3
1732017600,1.101,1.123,1.07,1.097,91426207.25
1732032000,1.097,1.118,1.086,1.107,72787752.43
1732046400,1.107,1.118,1.073,1.102,74238841.01
1732060800,1.102,1.116,1.058,1.08,68872582.74000001
1732075200,1.08,1.094,1.069,1.082,38432833.49
1732089600,1.082,1.139,1.077,1.121,70902593.86
1732104000,1.121,1.151,1.112,1.122,104772053.94
1732118400,1.122,1.132,1.066,1.085,114633677.1
1732132800,1.085,1.12,1.077,1.105,73829890.38
1732147200,1.105,1.132,1.08,1.097,78742518.84
1732161600,1.097,1.132,1.086,1.11,72186967.66
1732176000,1.11,1.136,1.107,1.111,57699564.65
1732190400,1.111,1.157,1.097,1.104,116339280.96
1732204800,1.104,1.243,1.099,1.173,327921807.62
1732219200,1.173,1.264,1.167,1.248,151313918.86
1732233600,1.248,1.413,1.247,1.386,527874582.23
1732248000,1.386,1.434,1.363,1.365,233268799.34
1732262400,1.365,1.477,1.365,1.468,181298451.89
1732276800,1.468,1.502,1.358,1.444,363424569.77
1732291200,1.444,1.493,1.405,1.438,220445324.59
1732305600,1.438,1.493,1.431,1.474,152952335.49
1732320000,1.474,1.634,1.471,1.567,414988359.38
1732334400,1.567,1.568,1.494,1.547,165020858.93
1732348800,1.547,1.579,1.516,1.546,116400562.66
1732363200,1.546,1.597,1.525,1.558,161116853.92
1732377600,1.558,1.579,1.431,1.478,280419601.66
1732392000,1.478,1.498,1.423,1.47,140206481.7
1732406400,1.47,1.514,1.442,1.475,136130449.89
1732420800,1.475,1.484,1.439,1.466,77602729.75
1732435200,1.466,1.47,1.381,1.385,122859791.41
1732449600,1.385,1.405,1.278,1.309,278661187.91
1732464000,1.309,1.407,1.3,1.38,189553527.52
1732478400,1.38,1.462,1.374,1.434,180539937.42
1732492800,1.434,1.435,1.357,1.405,103464966.87
1732507200,1.405,1.507,1.404,1.48,171919087.84
1732521600,1.48,1.54,1.467,1.481,131775179.53
1732536000,1.481,1.488,1.372,1.424,182766395.24
1732550400,1.424,1.523,1.412,1.475,269379161.53
1732564800,1.475,1.48,1.382,1.414,144718986.34
1732579200,1.414,1.459,1.4,1.447,105874486.98
1732593600,1.447,1.457,1.408,1.426,73686630.63
1732608000,1.426,1.426,1.284,1.333,201971602.33
1732622400,1.333,1.384,1.313,1.346,168941612.48
1732636800,1.346,1.397,1.335,1.38,134932429.32999998
1732651200,1.38,1.427,1.374,1.398,120421461.41
1732665600,1.398,1.419,1.356,1.365,97900574.69
1732680000,1.365,1.417,1.352,1.411,72305171.41
1732694400,1.411,1.466,1.405,1.432,114257251.47
1732708800,1.432,1.508,1.411,1.497,139026942.21
1732723200,1.497,1.507,1.465,1.487,123347139.79
1732737600,1.487,1.524,1.468,1.471,118717135.42
1732752000,1.471,1.486,1.443,1.466,96183683.54
1732766400,1.466,1.493,1.459,1.465,63793990.33
1732780800,1.465,1.473,1.441,1.466,62034013.26
1732795200,1.466,1.478,1.431,1.435,81471236.65
1732809600,1.435,1.483,1.434,1.478,64386821.78
1732824000,1.478,1.547,1.465,1.543,127495210.04
1732838400,1.543,1.579,1.524,1.552,172455145.29
1732852800,1.552,1.646,1.54,1.589,174216731.82
1732867200,1.589,1.684,1.589,1.653,163525745.22
1732881600,1.653,1.776,1.645,1.711,297244120.69
1732896000,1.711,1.738,1.678,1.728,208385697.78
1732910400,1.728,1.816,1.719,1.802,244593136.94
1732924800,1.802,1.867,1.765,1.82,331949824.38
1732939200,1.82,1.95,1.806,1.914,326473205.43
1732953600,1.914,1.934,1.85,1.898,180556458.26
1732968000,1.898,1.901,1.82,1.879,165026869.46
1732982400,1.879,1.911,1.858,1.901,160257580.82
1732996800,1.901,1.959,1.881,1.953,235080606.66
1733011200,1.953,1.957,1.85,1.892,194196032.76
1733025600,1.892,1.903,1.857,1.873,88581620.9
1733040000,1.873,1.949,1.87,1.913,128679678.93
1733054400,1.913,1.923,1.894,1.903,110352067.93
1733068800,1.903,2.145,1.883,2.127,456464364.98
1733083200,2.127,2.351,2.074,2.296,732341300.25
1733097600,2.296,2.501,2.285,2.399,967580024.58
1733112000,2.399,2.485,2.358,2.442,431422452.03
1733126400,2.442,2.455,2.21,2.315,535848868.69
1733140800,2.315,2.751,2.299,2.702,950158658.21
1733155200,2.702,2.874,2.582,2.748,1142472596.0
1733169600,2.748,2.8,2.636,2.728,576574119.4200001
1733184000,2.728,2.776,2.648,2.773,411622566.01
1733198400,2.773,2.784,2.518,2.632,459108021.76
1733212800,2.632,2.862,2.566,2.85,341916599.21000004
1733227200,2.85,2.902,2.241,2.525,1165414316.58
1733241600,2.525,2.607,2.486,2.571,485358754.27
1733256000,2.571,2.693,2.511,2.512,374052225.65
1733270400,2.512,2.582,2.502,2.546,235310615.43
1733284800,2.546,2.659,2.541,2.624,207410415.3
1733299200,2.624,2.681,2.606,2.611,180226370.18
1733313600,2.611,2.627,2.492,2.515,321956500.48
1733328000,2.515,2.524,2.314,2.398,601178564.91
1733342400,2.398,2.446,2.286,2.362,491277831.11
1733356800,2.362,2.398,2.17,2.257,702522369.79
1733371200,2.257,2.389,2.246,2.377,285216342.26
1733385600,2.377,2.497,2.362,2.411,225610918.07
1733400000,2.411,2.418,2.31,2.377,245245550.77
1733414400,2.377,2.443,2.329,2.339,262904703.62
1733428800,2.339,2.35,2.221,2.247,319326167.87
1733443200,2.247,2.342,2.228,2.311,173966785.28
1733457600,2.311,2.398,2.307,2.322,144035246.02
1733472000,2.322,2.338,2.245,2.276,129159709.83
1733486400,2.276,2.377,2.26,2.332,190572411.52
1733500800,2.332,2.417,2.332,2.369,223337309.92
1733515200,2.369,2.469,2.363,2.43,239834375.07
1733529600,2.43,2.504,2.402,2.418,243554402.87
1733544000,2.418,2.449,2.388,2.411,109195707.44
1733558400,2.411,2.451,2.398,2.433,85213626.42
1733572800,2.433,2.551,2.424,2.543,184788233.07
1733587200,2.543,2.573,2.473,2.518,246649660.52
1733601600,2.518,2.622,2.505,2.612,257208277.25
1733616000,2.612,2.619,2.567,2.595,218631779.31
1733630400,2.595,2.596,2.529,2.556,132819774.99
1733644800,2.556,2.557,2.487,2.541,115570207.77
1733659200,2.541,2.569,2.513,2.543,106187947.12
1733673600,2.543,2.648,2.539,2.582,231987162.54
1733688000,2.582,2.623,2.557,2.604,149855143.20999998
1733702400,2.604,2.609,2.434,2.472,337332262.27
1733716800,2.472,2.495,2.407,2.443,147014106.51
1733731200,2.443,2.443,2.351,2.372,198862275.95
1733745600,2.372,2.466,2.367,2.387,211258776.7
1733760000,2.387,2.44,2.377,2.407,138096330.91
1733774400,2.407,2.411,2.0,2.214,716856019.11
1733788800,2.214,2.279,2.041,2.151,453710319.33
1733803200,2.151,2.224,2.086,2.209,227483852.83
1733817600,2.209,2.258,2.177,2.22,146459291.17000002
1733832000,2.22,2.227,2.037,2.041,339988560.53000003
1733846400,2.041,2.152,1.9,2.127,758651285.05
1733860800,2.127,2.424,2.114,2.373,731347465.0899999
1733875200,2.373,2.388,2.232,2.301,317922446.71000004
1733889600,2.301,2.357,2.287,2.289,166826620.68
1733904000,2.289,2.4,2.286,2.362,179774487.29000002
1733918400,2.362,2.473,2.331,2.45,326945540.01
1733932800,2.45,2.464,2.383,2.437,206586395.3
1733947200,2.437,2.446,2.393,2.396,157403425.06
1733961600,2.396,2.432,2.353,2.406,176325437.84
1733976000,2.406,2.485,2.404,2.425,198954100.83
1733990400,2.425,2.453,2.382,2.411,103620804.0
1734004800,2.411,2.453,2.398,2.418,153886997.08999997
1734019200,2.418,2.447,2.339,2.347,192772691.45
1734033600,2.347,2.397,2.31,2.339,150308917.68
1734048000,2.339,2.369,2.31,2.352,123565474.45
1734062400,2.352,2.354,2.285,2.316,88991734.53999999
1734076800,2.316,2.354,2.301,2.335,67132221.41
1734091200,2.335,2.478,2.335,2.399,276831782.61
1734105600,2.399,2.445,2.386,2.42,134277026.29
1734120000,2.42,2.444,2.411,2.423,87197967.37
1734134400,2.423,2.478,2.4,2.463,126733373.75
1734148800,2.463,2.531,2.448,2.488,143959403.45
1734163200,2.488,2.504,2.426,2.431,68160148.23
1734177600,2.431,2.437,2.366,2.404,115726250.03
1734192000,2.404,2.413,2.368,2.396,83384270.89
1734206400,2.396,2.41,2.355,2.4,80499195.39
1734220800,2.4,2.439,2.384,2.416,76891995.78
1734235200,2.416,2.448,2.388,2.399,71969150.37
1734249600,2.399,2.435,2.388,2.427,56220489.86
1734264000,2.427,2.43,2.391,2.414,64987527.37
1734278400,2.414,2.439,2.405,2.406,60411126.28
1734292800,2.406,2.472,2.368,2.446,215731314.93
1734307200,2.446,2.47,2.39,2.404,134945729.65
1734321600,2.404,2.418,2.397,2.404,71286310.22999999
1734336000,2.404,2.407,2.336,2.35,97941156.4
1734350400,2.35,2.399,2.344,2.374,131895785.33
1734364800,2.374,2.587,2.374,2.475,525339386.07000005
1734379200,2.475,2.53,2.462,2.485,140566038.88
1734393600,2.485,2.492,2.441,2.485,113100022.92
1734408000,2.485,2.551,2.461,2.535,110092657.01
1734422400,2.535,2.726,2.532,2.689,296485776.02
1734436800,2.689,2.715,2.55,2.596,365283354.25
1734451200,2.596,2.659,2.578,2.601,199287198.56
1734465600,2.601,2.629,2.525,2.567,173527021.35
1734480000,2.567,2.591,2.523,2.523,131471419.15
1734494400,2.523,2.537,2.47,2.509,127750896.74
1734508800,2.509,2.591,2.492,2.581,91290807.15
1734523200,2.581,2.582,2.447,2.471,260204188.86
1734537600,2.471,2.515,2.403,2.403,180274010.1
1734552000,2.403,2.418,2.25,2.309,398051166.37
1734566400,2.309,2.366,2.171,2.352,310064858.55
1734580800,2.352,2.385,2.334,2.38,83705593.12
1734595200,2.38,2.43,2.347,2.409,72678580.47
1734609600,2.409,2.416,2.269,2.327,157858483.45999998
1734624000,2.327,2.345,2.191,2.227,363901162.94
1734638400,2.227,2.289,2.157,2.237,165708310.76
1734652800,2.237,2.353,2.221,2.327,133032690.28
1734667200,2.327,2.34,2.248,2.286,79645942.03999999
1734681600,2.286,2.29,1.958,1.965,373797375.75
1734696000,1.965,2.246,1.958,2.213,368594499.98
1734710400,2.213,2.312,2.201,2.278,165120727.18
1734724800,2.278,2.296,2.205,2.279,151305346.01
1734739200,2.279,2.315,2.25,2.298,85849215.44
1734753600,2.298,2.384,2.29,2.353,105557215.37
1734768000,2.353,2.365,2.285,2.306,62448712.58
1734782400,2.306,2.307,2.191,2.258,109995464.93
1734796800,2.258,2.265,2.201,2.242,86621431.35
1734811200,2.242,2.262,2.205,2.236,66530040.64
1734825600,2.236,2.256,2.204,2.239,60255919.1
1734840000,2.239,2.245,2.175,2.227,70732476.01
1734854400,2.227,2.292,2.226,2.259,52341350.04
1734868800,2.259,2.274,2.197,2.218,70441865.04
1734883200,2.218,2.259,2.182,2.189,64497987.260000005
1734897600,2.189,2.224,2.158,2.201,105740020.67
1734912000,2.201,2.219,2.13,2.215,125837486.29
1734926400,2.215,2.233,2.154,2.177,64112123.02
1734940800,2.177,2.222,2.172,2.199,45010239.27
1734955200,2.199,2.221,2.131,2.14,96085424.21
1734969600,2.14,2.201,2.136,2.18,94366877.78
1734984000,2.18,2.276,2.179,2.259,150469892.46
1734998400,2.259,2.261,2.211,2.246,60475281.34
1735012800,2.246,2.263,2.226,2.244,33467176.040000003
1735027200,2.244,2.256,2.22,2.242,29660827.33
1735041600,2.242,2.335,2.227,2.32,103450581.59
1735056000,2.32,2.349,2.304,2.305,94797581.89
1735070400,2.305,2.338,2.278,2.322,69927890.9
1735084800,2.322,2.323,2.282,2.296,44976435.77
1735099200,2.296,2.313,2.278,2.283,27878211.86
1735113600,2.283,2.33,2.268,2.27,38390216.2
1735128000,2.27,2.298,2.261,2.277,36774962.88
1735142400,2.277,2.306,2.26,2.305,41184863.2
1735156800,2.305,2.315,2.287,2.296,37917448.400000006
1735171200,2.296,2.314,2.264,2.27,44650362.55
1735185600,2.27,2.27,2.232,2.239,34914421.82
1735200000,2.239,2.244,2.159,2.188,80479490.66
1735214400,2.188,2.189,2.151,2.164,75400462.4
1735228800,2.164,2.184,2.127,2.166,89094006.45
1735243200,2.166,2.177,2.128,2.154,58555114.900000006
1735257600,2.154,2.187,2.131,2.173,55793405.46
1735272000,2.173,2.186,2.127,2.141,50557596.57
1735286400,2.141,2.235,2.141,2.212,79370780.23
1735300800,2.212,2.213,2.127,2.142,79058695.23
1735315200,2.142,2.178,2.112,2.176,76389861.47
1735329600,2.176,2.178,2.131,2.143,47093060.12
1735344000,2.143,2.155,2.132,2.152,39398216.9
1735358400,2.152,2.168,2.143,2.155,20690563.880000003
1735372800,2.155,2.173,2.154,2.166,25278445.32
1735387200,2.166,2.191,2.156,2.169,36906049.65
1735401600,2.169,2.2,2.168,2.186,44476130.02
1735416000,2.186,2.203,2.176,2.181,35813027.96
1735430400,2.181,2.185,2.166,2.184,23989958.21
1735444800,2.184,2.194,2.173,2.193,15304288.89
1735459200,2.193,2.194,2.173,2.175,13833318.760000002
1735473600,2.175,2.183,2.148,2.161,41625929.79
1735488000,2.161,2.163,2.134,2.139,40947249.55
1735502400,2.139,2.139,2.069,2.091,100696982.13
1735516800,2.091,2.148,2.081,2.097,70329582.23
1735531200,2.097,2.109,2.043,2.065,73376294.76
1735545600,2.065,2.082,2.047,2.073,50790855.31
1735560000,2.073,2.092,1.993,2.021,138774283.48
1735574400,2.021,2.106,1.996,2.102,126332370.82
1735588800,2.102,2.138,2.041,2.055,96281884.89
1735603200,2.055,2.063,2.013,2.018,67868537.2
1735617600,2.018,2.035,2.01,2.031,43931704.97
1735632000,2.031,2.097,2.031,2.072,49627588.65
1735646400,2.072,2.146,2.072,2.126,103262320.8
1735660800,2.126,2.127,2.059,2.089,69755239.88
1735675200,2.089,2.102,2.07,2.08,42412728.27
1735689600,2.08,2.108,2.077,2.102,54188007.16
1735704000,2.102,2.145,2.096,2.12,68262569.48
1735718400,2.12,2.14,2.087,2.132,35267762.94
1735732800,2.132,2.229,2.127,2.224,96586668.05
1735747200,2.224,2.337,2.201,2.313,262433001.71
1735761600,2.313,2.349,2.283,2.328,145795029.12
1735776000,2.328,2.447,2.326,2.42,233669868.44
1735790400,2.42,2.424,2.34,2.364,117624945.97
1735804800,2.364,2.414,2.364,2.402,73702843.99
1735819200,2.402,2.419,2.363,2.402,100758171.63
1735833600,2.402,2.436,2.374,2.386,106085839.15
1735848000,2.386,2.412,2.364,2.401,65404033.21
1735862400,2.401,2.472,2.395,2.467,123987266.29
1735876800,2.467,2.467,2.403,2.413,76732142.72999999
1735891200,2.413,2.435,2.4,2.407,51468340.26
1735905600,2.407,2.447,2.4,2.445,89128398.04
1735920000,2.445,2.478,2.436,2.472,107133150.36
1735934400,2.472,2.472,2.441,2.453,69333002.47
1735948800,2.453,2.507,2.427,2.465,112596274.16
1735963200,2.465,2.465,2.441,2.446,39065499.34
1735977600,2.446,2.451,2.428,2.44,34830482.6
1735992000,2.44,2.462,2.401,2.412,58109619.92
1736006400,2.412,2.438,2.411,2.423,66630069.1
1736020800,2.423,2.442,2.416,2.419,52270025.67
1736035200,2.419,2.428,2.374,2.39,63659137.7
1736049600,2.39,2.415,2.387,2.4,31122912.35
1736064000,2.4,2.403,2.328,2.352,58613670.65
1736078400,2.352,2.381,2.344,2.367,50111463.04
1736092800,2.367,2.41,2.359,2.383,57219556.76
1736107200,2.383,2.414,2.382,2.399,36201270.21
1736121600,2.399,2.441,2.373,2.412,57998701.09
1736136000,2.412,2.424,2.391,2.392,28489901.3
1736150400,2.392,2.403,2.373,2.395,31747010.14
1736164800,2.395,2.451,2.366,2.436,90045170.16999999
1736179200,2.436,2.459,2.401,2.426,85287797.93
1736193600,2.426,2.431,2.409,2.421,39939702.68
1736208000,2.421,2.424,2.395,2.406,49363922.09
1736222400,2.406,2.448,2.405,2.428,45002929.76
1736236800,2.428,2.468,2.407,2.421,59575217.95
1736251200,2.421,2.442,2.28,2.313,204523534.92
1736265600,2.313,2.345,2.263,2.282,142720506.10000002
1736280000,2.282,2.306,2.258,2.271,130931046.79
1736294400,2.271,2.366,2.268,2.32,135616072.25
1736308800,2.32,2.334,2.258,2.286,81517413.14
1736323200,2.286,2.339,2.286,2.325,60750621.13
1736337600,2.325,2.375,2.278,2.309,111633589.38
1736352000,2.309,2.338,2.2,2.315,196511638.07
1736366400,2.315,2.399,2.297,2.373,115216219.73
1736380800,2.373,2.394,2.336,2.348,75516618.56
1736395200,2.348,2.365,2.298,2.312,54020426.38
1736409600,2.312,2.33,2.287,2.303,40948756.04
1736424000,2.303,2.338,2.234,2.32,135203165.01
1736438400,2.32,2.329,2.268,2.279,114689068.72
1736452800,2.279,2.299,2.251,2.273,100775140.21
1736467200,2.273,2.294,2.258,2.288,54081374.65
1736481600,2.288,2.326,2.28,2.31,48552716.92
1736496000,2.31,2.322,2.301,2.31,42365130.35
1736510400,2.31,2.319,2.247,2.289,112784155.22
1736524800,2.289,2.363,2.268,2.359,104446661.28
1736539200,2.359,2.37,2.332,2.341,64962074.34
1736553600,2.341,2.364,2.325,2.331,48920442.16
1736568000,2.331,2.345,2.327,2.343,20319285.19
1736582400,2.343,2.435,2.331,2.418,64752836.2
1736596800,2.418,2.428,2.377,2.407,83497128.91
1736611200,2.407,2.531,2.397,2.529,300627190.6
1736625600,2.529,2.601,2.507,2.576,252112869.56
1736640000,2.576,2.582,2.504,2.541,106364186.09
1736654400,2.541,2.554,2.51,2.54,52953341.28
1736668800,2.54,2.549,2.469,2.494,70259749.55
1736683200,2.494,2.532,2.487,2.523,71951400.85
1736697600,2.523,2.554,2.515,2.548,108310551.32
1736712000,2.548,2.548,2.484,2.503,79826355.96
1736726400,2.503,2.562,2.494,2.504,132765011.43
1736740800,2.504,2.539,2.445,2.46,116960266.96
1736755200,2.46,2.462,2.333,2.337,118229679.39
1736769600,2.337,2.496,2.33,2.466,227006083.72
1736784000,2.466,2.494,2.424,2.462,121468501.84
1736798400,2.462,2.554,2.45,2.523,145502269.7
1736812800,2.523,2.553,2.515,2.532,94159068.96
1736827200,2.532,2.551,2.512,2.515,54141032.78
1736841600,2.515,2.6,2.515,2.574,99639790.43
1736856000,2.574,2.591,2.546,2.579,112227824.72
1736870400,2.579,2.693,2.552,2.662,365248756.34
1736884800,2.662,2.679,2.636,2.668,128891061.4
1736899200,2.668,2.877,2.648,2.829,437010903.13
1736913600,2.829,2.891,2.783,2.858,186436496.87
1736928000,2.858,2.876,2.71,2.76,237760880.03
1736942400,2.76,3.025,2.725,2.97,519525772.88
1736956800,2.97,3.004,2.872,2.947,329543742.12
1736971200,2.947,3.2,2.936,3.143,546565575.8199999
1736985600,3.143,3.149,2.92,3.04,568398022.63
1737000000,3.04,3.149,3.039,3.091,190781854.12
1737014400,3.091,3.208,3.029,3.198,334865347.9
1737028800,3.198,3.388,3.163,3.307,933119836.11
1737043200,3.307,3.4,3.304,3.349,541044117.22
1737057600,3.349,3.35,3.158,3.243,446464724.48
1737072000,3.243,3.349,3.243,3.307,274626462.6
1737086400,3.307,3.352,3.283,3.303,151790224.04000002
1737100800,3.303,3.328,3.227,3.298,218696675.21
1737115200,3.298,3.299,3.177,3.2,294215802.53
1737129600,3.2,3.261,3.178,3.237,256715325.92
1737144000,3.237,3.319,3.229,3.294,228591725.76
1737158400,3.294,3.305,3.2,3.239,183603383.8
1737172800,3.239,3.246,3.073,3.117,281031527.63
1737187200,3.117,3.183,3.059,3.171,162408501.04000002
1737201600,3.171,3.248,3.153,3.175,169811205.51
1737216000,3.175,3.215,3.131,3.21,190663790.42
1737230400,3.21,3.287,3.169,3.266,169356764.38
1737244800,3.266,3.289,3.221,3.247,156611447.37
1737259200,3.247,3.25,3.168,3.177,135734828.54
1737273600,3.177,3.177,3.031,3.049,261824716.53
1737288000,3.049,3.155,3.049,3.144,158646499.20999998
1737302400,3.144,3.224,3.122,3.221,166757846.2
1737316800,3.221,3.235,2.839,2.955,557369932.94
1737331200,2.955,3.129,2.909,3.111,324421185.14
1737345600,3.111,3.248,3.072,3.196,209048968.38
1737360000,3.196,3.34,3.194,3.322,259832780.73
1737374400,3.322,3.365,3.205,3.27,297663641.79
1737388800,3.27,3.318,3.003,3.149,419031074.41
1737403200,3.149,3.175,3.03,3.102,182279554.69
1737417600,3.102,3.186,3.061,3.1,195572347.59
1737432000,3.1,3.101,3.011,3.067,127225765.18
1737446400,3.067,3.119,3.041,3.108,96351828.78
1737460800,3.108,3.151,3.076,3.119,126125271.39
1737475200,3.119,3.24,3.116,3.201,208299568.0
1737489600,3.201,3.203,3.144,3.175,109262901.58
1737504000,3.175,3.207,3.166,3.177,78498491.11
1737518400,3.177,3.189,3.151,3.171,65744630.59
1737532800,3.171,3.234,3.143,3.234,74376125.95
1737547200,3.234,3.259,3.153,3.162,142472769.12
1737561600,3.162,3.267,3.132,3.223,183109743.7
1737576000,3.223,3.285,3.152,3.178,219888885.38
1737590400,3.178,3.181,3.115,3.15,92292150.47
1737604800,3.15,3.154,3.1,3.128,81902654.12
1737619200,3.128,3.13,3.062,3.084,81784769.82
1737633600,3.084,3.165,3.036,3.135,233841915.04
1737648000,3.135,3.184,3.057,3.081,141585204.49
1737662400,3.081,3.173,3.059,3.12,178562370.35999998
1737676800,3.12,3.133,3.055,3.122,121600794.41
1737691200,3.122,3.174,3.113,3.165,107495225.31
1737705600,3.165,3.201,3.162,3.199,94371056.96
1737720000,3.199,3.204,3.138,3.166,118554426.03
1737734400,3.166,3.171,3.134,3.143,81414751.7
1737748800,3.143,3.145,3.082,3.101,106488985.44
1737763200,3.101,3.134,3.097,3.133,60789744.54000001
1737777600,3.133,3.135,3.094,3.107,38340510.15
1737792000,3.107,3.116,3.078,3.115,50355343.54
1737806400,3.115,3.143,3.104,3.141,46299311.28
1737820800,3.141,3.144,3.11,3.125,61185492.78
1737835200,3.125,3.141,3.106,3.107,66218932.48
1737849600,3.107,3.143,3.104,3.134,54725329.31
1737864000,3.134,3.143,3.122,3.141,52807367.23
1737878400,3.141,3.143,3.11,3.13,37892251.73
1737892800,3.13,3.13,3.112,3.115,55407106.35
1737907200,3.115,3.138,3.106,3.13,66883949.14
1737921600,3.13,3.131,3.012,3.022,141882812.79
1737936000,3.022,3.038,2.944,3.003,272288520.37
1737950400,3.003,3.004,2.656,2.81,424121934.28
1737964800,2.81,2.833,2.717,2.788,225730234.09
1737979200,2.788,2.995,2.769,2.956,298696920.65
1737993600,2.956,3.026,2.877,2.914,201086276.73
1738008000,2.914,3.059,2.914,3.055,205732128.84
1738022400,3.055,3.095,3.006,3.089,142705214.43
1738036800,3.089,3.149,3.085,3.106,128377038.34
1738051200,3.106,3.143,3.072,3.137,76481461.94
1738065600,3.137,3.214,3.115,3.186,247890406.42
1738080000,3.186,3.198,3.122,3.137,132144244.4
1738094400,3.137,3.139,3.012,3.056,189037388.91
1738108800,3.056,3.094,3.054,3.084,77468884.97
1738123200,3.084,3.122,3.073,3.105,49936382.33
1738137600,3.105,3.127,3.071,3.085,70426474.02
1738152000,3.085,3.098,3.025,3.064,113373316.59
1738166400,3.064,3.123,2.968,3.072,219828618.66000003
1738180800,3.072,3.136,3.037,3.068,157436522.0
1738195200,3.068,3.124,3.047,3.123,82168936.13
1738209600,3.123,3.134,3.098,3.109,68978809.15
1738224000,3.109,3.116,3.096,3.101,52156663.34
1738238400,3.101,3.155,3.082,3.121,103807695.4
1738252800,3.121,3.145,3.1,3.131,77373031.8
1738267200,3.131,3.154,3.116,3.128,70875609.52000001
1738281600,3.128,3.134,3.081,3.093,65905360.4
1738296000,3.093,3.098,3.07,3.08,46783645.16
1738310400,3.08,3.102,3.059,3.099,43056341.04
1738324800,3.099,3.115,3.071,3.1,75333626.69
1738339200,3.1,3.104,3.014,3.032,133223754.83
1738353600,3.032,3.047,3.001,3.035,84914682.64
1738368000,3.035,3.072,3.026,3.039,41805903.63
1738382400,3.039,3.057,3.027,3.029,32993882.17
1738396800,3.029,3.039,2.952,2.994,100033534.62
1738411200,2.994,3.008,2.951,2.973,75990116.97
1738425600,2.973,3.002,2.907,2.939,98346669.57
1738440000,2.939,2.944,2.829,2.878,191134341.77
1738454400,2.878,2.955,2.827,2.833,137738612.43
1738468800,2.833,2.926,2.824,2.881,121305797.07
1738483200,2.881,2.914,2.781,2.786,85472460.83
1738497600,2.786,2.849,2.732,2.81,180783614.91
1738512000,2.81,2.81,2.5,2.668,719841874.5
1738526400,2.668,2.721,2.473,2.58,431678508.4
1738540800,2.58,2.58,1.783,2.26,1355240122.77
1738555200,2.26,2.455,2.127,2.435,425673784.74
1738569600,2.435,2.442,2.311,2.374,247797995.37
1738584000,2.374,2.598,2.208,2.558,611515863.54
1738598400,2.558,2.785,2.544,2.752,494322774.21
1738612800,2.752,2.752,2.65,2.704,259936261.06
1738627200,2.704,2.797,2.692,2.723,222206987.17
1738641600,2.723,2.733,2.473,2.488,261146737.03
1738656000,2.488,2.635,2.477,2.592,155768180.22
1738670400,2.592,2.688,2.588,2.623,242280387.91000003
1738684800,2.623,2.713,2.589,2.59,210344104.12
1738699200,2.59,2.621,2.421,2.528,402103709.88
1738713600,2.528,2.565,2.471,2.507,131869673.7
1738728000,2.507,2.552,2.487,2.512,86998764.48
1738742400,2.512,2.556,2.498,2.551,69793530.86
1738756800,2.551,2.57,2.478,2.503,125868299.66
1738771200,2.503,2.51,2.345,2.438,252271879.64
1738785600,2.438,2.464,2.362,2.381,130760349.41
1738800000,2.381,2.435,2.376,2.426,82460549.47
1738814400,2.426,2.469,2.418,2.441,58466782.07
1738828800,2.441,2.47,2.421,2.45,58179703.44
1738843200,2.45,2.454,2.286,2.316,173481644.35000002
1738857600,2.316,2.372,2.28,2.296,190348633.91
1738872000,2.296,2.365,2.292,2.326,107864072.22
1738886400,2.326,2.374,2.312,2.354,87794488.2
1738900800,2.354,2.373,2.268,2.289,82387802.22
1738915200,2.289,2.434,2.278,2.419,100822494.05
1738929600,2.419,2.542,2.375,2.48,268023676.61
1738944000,2.48,2.509,2.412,2.428,184715865.14
1738958400,2.428,2.431,2.351,2.398,156095321.76999998
1738972800,2.398,2.427,2.377,2.384,56479169.12
1738987200,2.384,2.404,2.352,2.395,48012233.25
1739001600,2.395,2.418,2.371,2.411,40087991.79
1739016000,2.411,2.435,2.383,2.391,55167470.04
1739030400,2.391,2.436,2.379,2.425,60467966.24
1739044800,2.425,2.436,2.404,2.42,39156123.42
1739059200,2.42,2.505,2.408,2.505,81866385.4
1739073600,2.505,2.509,2.451,2.468,58589681.56
1739088000,2.468,2.496,2.439,2.439,36425187.9
1739102400,2.439,2.449,2.38,2.43,77741979.42
1739116800,2.43,2.434,2.386,2.399,51989269.78
1739131200,2.399,2.423,2.311,2.394,155687991.67
1739145600,2.394,2.437,2.325,2.383,123902447.66
1739160000,2.383,2.419,2.373,2.406,58839454.69
1739174400,2.406,2.453,2.402,2.429,53033644.82
1739188800,2.429,2.473,2.405,2.422,86407156.02
1739203200,2.422,2.445,2.41,2.425,58757041.88
1739217600,2.425,2.443,2.408,2.424,52828891.3
1739232000,2.424,2.468,2.42,2.442,72628668.47
1739246400,2.442,2.529,2.442,2.5,95323178.2
1739260800,2.5,2.513,2.476,2.497,63686812.72
1739275200,2.497,2.498,2.435,2.47,89584227.78
1739289600,2.47,2.481,2.371,2.388,121029964.74
1739304000,2.388,2.446,2.384,2.413,72348942.06
1739318400,2.413,2.426,2.382,2.388,53248192.54
1739332800,2.388,2.418,2.38,2.407,42462106.44
1739347200,2.407,2.432,2.401,2.421,33669411.93
1739361600,2.421,2.452,2.333,2.4,190019237.58
1739376000,2.4,2.466,2.379,2.448,114680696.93
1739390400,2.448,2.496,2.44,2.474,76422370.16
1739404800,2.474,2.484,2.453,2.483,40243731.510000005
1739419200,2.483,2.486,2.428,2.441,58703549.66
1739433600,2.441,2.457,2.424,2.444,35723441.93
1739448000,2.444,2.471,2.416,2.448,93563536.68
1739462400,2.448,2.473,2.421,2.455,62556236.43
1739476800,2.455,2.608,2.454,2.56,223150321.99
1739491200,2.56,2.594,2.531,2.594,93966078.41
1739505600,2.594,2.598,2.538,2.589,64181901.55
1739520000,2.589,2.79,2.588,2.733,267309158.45
1739534400,2.733,2.751,2.68,2.726,202042656.84
1739548800,2.726,2.836,2.701,2.789,192560093.51
1739563200,2.789,2.811,2.692,2.739,133348867.97
1739577600,2.739,2.834,2.725,2.814,111861498.99
1739592000,2.814,2.815,2.746,2.764,68409512.81
1739606400,2.764,2.818,2.764,2.798,52535908.45
1739620800,2.798,2.825,2.759,2.781,83119402.57
1739635200,2.781,2.786,2.739,2.745,85299389.13
1739649600,2.745,2.766,2.714,2.762,66193497.49
1739664000,2.762,2.802,2.757,2.783,62648748.4
1739678400,2.783,2.805,2.753,2.761,44565796.29
1739692800,2.761,2.778,2.741,2.765,34047923.31
1739707200,2.765,2.767,2.709,2.724,61075432.6
1739721600,2.724,2.741,2.692,2.726,59632053.8
1739736000,2.726,2.768,2.72,2.729,73471998.28
1739750400,2.729,2.764,2.701,2.714,55762286.92
1739764800,2.714,2.718,2.636,2.656,99109575.27
1739779200,2.656,2.699,2.643,2.672,56156966.85
1739793600,2.672,2.732,2.642,2.648,97821023.19
1739808000,2.648,2.665,2.607,2.65,139383534.04
1739822400,2.65,2.686,2.644,2.66,58263480.28
1739836800,2.66,2.67,2.627,2.66,51531658.28
1739851200,2.66,2.667,2.541,2.563,136333471.29000002
1739865600,2.563,2.609,2.547,2.572,69431900.3
1739880000,2.572,2.63,2.527,2.54,115416602.62
1739894400,2.54,2.556,2.469,2.511,178491352.57
1739908800,2.511,2.567,2.496,2.561,81861283.59
1739923200,2.561,2.576,2.518,2.553,80614062.13
1739937600,2.553,2.564,2.512,2.557,63014556.1
1739952000,2.557,2.631,2.542,2.615,76855752.69
1739966400,2.615,2.624,2.574,2.607,102626628.39
1739980800,2.607,2.691,2.607,2.66,147628861.42000002
1739995200,2.66,2.746,2.657,2.738,122245930.78
1740009600,2.738,2.748,2.682,2.704,95432279.39
1740024000,2.704,2.733,2.67,2.686,64833924.36
1740038400,2.686,2.712,2.678,2.681,51053668.49
1740052800,2.681,2.747,2.671,2.673,92516393.13
1740067200,2.673,2.729,2.668,2.709,75702026.17
1740081600,2.709,2.715,2.672,2.689,63428693.27
1740096000,2.689,2.694,2.64,2.645,56742701.68
1740110400,2.645,2.676,2.642,2.66,43006954.91
1740124800,2.66,2.695,2.649,2.651,56457990.28999999
1740139200,2.651,2.716,2.567,2.614,182265400.03
1740153600,2.614,2.647,2.507,2.525,188268667.64
1740168000,2.525,2.575,2.515,2.571,110391614.75
1740182400,2.571,2.598,2.551,2.572,54673404.56
1740196800,2.572,2.595,2.568,2.581,26297889.35
1740211200,2.581,2.595,2.565,2.589,30430230.94
1740225600,2.589,2.599,2.579,2.591,31527570.68
1740240000,2.591,2.61,2.583,2.587,34300111.870000005
1740254400,2.587,2.589,2.57,2.574,33863619.07
1740268800,2.574,2.575,2.542,2.553,52762470.67
1740283200,2.553,2.602,2.547,2.59,30396017.290000003
1740297600,2.59,2.592,2.567,2.57,22735961.58
1740312000,2.57,2.574,2.521,2.523,42568258.36
1740326400,2.523,2.566,2.522,2.553,44486566.36
1740340800,2.553,2.582,2.545,2.576,42125431.14
1740355200,2.576,2.607,2.472,2.491,119240618.84
1740369600,2.491,2.505,2.444,2.495,96936875.8
1740384000,2.495,2.495,2.435,2.489,91451640.49
1740398400,2.489,2.497,2.403,2.431,140047040.83
1740412800,2.431,2.476,2.382,2.401,114989881.18
1740427200,2.401,2.448,2.237,2.277,323815901.29
1740441600,2.277,2.335,2.212,2.283,233006250.77
1740456000,2.283,2.309,2.092,2.152,300727311.65
1740470400,2.152,2.213,2.064,2.188,317942145.84000003
1740484800,2.188,2.278,2.156,2.204,296717254.45000005
1740499200,2.204,2.262,2.17,2.26,176970632.31
1740513600,2.26,2.364,2.243,2.32,185981390.44
1740528000,2.32,2.328,2.265,2.309,104358497.08
1740542400,2.309,2.325,2.266,2.286,50239715.23
1740556800,2.286,2.321,2.263,2.279,61676467.49
1740571200,2.279,2.301,2.193,2.273,154301357.74
1740585600,2.273,2.28,2.15,2.177,184965911.13
1740600000,2.177,2.244,2.153,2.196,137755230.89
1740614400,2.196,2.215,2.158,2.2,94245485.02
1740628800,2.2,2.237,2.17,2.222,68267445.22
1740643200,2.222,2.256,2.201,2.238,57775418.77
1740657600,2.238,2.244,2.167,2.199,117619113.37
1740672000,2.199,2.235,2.172,2.188,78604270.50999999
1740686400,2.188,2.206,2.143,2.197,99559264.25
1740700800,2.197,2.2,2.016,2.018,266677519.8
1740715200,2.018,2.048,1.983,1.998,188603824.43
1740729600,1.998,2.059,1.95,2.031,129104328.85
1740744000,2.031,2.157,2.012,2.147,205742442.89
1740758400,2.147,2.164,2.115,2.147,102979334.42
1740772800,2.147,2.158,2.121,2.145,56927039.120000005
1740787200,2.145,2.216,2.121,2.184,83008032.37
1740801600,2.184,2.22,2.162,2.167,51096864.3
1740816000,2.167,2.193,2.141,2.16,41239062.41
1740830400,2.16,2.171,2.122,2.15,48137478.44
1740844800,2.15,2.176,2.135,2.168,45275572.08
1740859200,2.168,2.207,2.159,2.191,55643152.22
1740873600,2.191,2.267,2.174,2.253,82131927.99
1740888000,2.253,2.297,2.239,2.273,51077216.18
1740902400,2.273,2.284,2.252,2.274,39727963.44
1740916800,2.274,2.703,2.219,2.599,418421445.64
1740931200,2.599,3.0,2.598,2.871,1157736465.28
1740945600,2.871,2.962,2.836,2.94,319684757.61
1740960000,2.94,2.967,2.763,2.793,289822202.49
1740974400,2.793,2.823,2.631,2.689,193476141.27
1740988800,2.689,2.695,2.526,2.633,241580993.34
1741003200,2.633,2.716,2.554,2.597,296023024.54
1741017600,2.597,2.635,2.341,2.345,461821589.92
1741032000,2.345,2.421,2.298,2.386,299205367.07
1741046400,2.386,2.42,2.212,2.297,306392117.02
1741060800,2.297,2.375,2.287,2.319,147928038.82999998
1741075200,2.319,2.413,2.303,2.359,128034349.8
1741089600,2.359,2.525,2.288,2.401,333108608.52
1741104000,2.401,2.519,2.313,2.494,327444491.54
1741118400,2.494,2.537,2.427,2.454,143683642.72
1741132800,2.454,2.54,2.433,2.437,148304425.62
1741147200,2.437,2.459,2.408,2.448,85791636.68
1741161600,2.448,2.539,2.445,2.48,90605705.4
1741176000,2.48,2.508,2.42,2.448,161296255.4
1741190400,2.448,2.515,2.427,2.496,120726884.79999998
1741204800,2.496,2.515,2.488,2.5,61792891.6
1741219200,2.5,2.548,2.471,2.513,94107338.73
1741233600,2.513,2.555,2.501,2.513,71929780.28999999
1741248000,2.513,2.645,2.511,2.611,150860743.65
1741262400,2.611,2.64,2.548,2.622,193506633.27
1741276800,2.622,2.64,2.527,2.584,173029685.56
1741291200,2.584,2.624,2.576,2.6,93654705.66
1741305600,2.6,2.62,2.374,2.47,385784808.79
1741320000,2.47,2.519,2.467,2.506,70127229.84
1741334400,2.506,2.569,2.494,2.53,89488695.96
1741348800,2.53,2.556,2.485,2.503,172443795.18
1741363200,2.503,2.523,2.384,2.482,273445140.82
1741377600,2.482,2.532,2.343,2.384,264601679.05
1741392000,2.384,2.41,2.326,2.343,93899951.25
1741406400,2.343,2.375,2.331,2.362,48654742.38
1741420800,2.362,2.368,2.302,2.315,50319114.68
1741435200,2.315,2.365,2.306,2.35,56993294.120000005
1741449600,2.35,2.359,2.31,2.355,59779705.18
1741464000,2.355,2.363,2.313,2.325,40830645.45
1741478400,2.325,2.351,2.305,2.322,36334645.85
1741492800,2.322,2.343,2.311,2.339,29417950.74
1741507200,2.339,2.341,2.241,2.255,74077471.85
1741521600,2.255,2.256,2.167,2.186,132312773.79
1741536000,2.186,2.197,2.083,2.164,256617448.09
1741550400,2.164,2.231,2.119,2.138,174269965.3
1741564800,2.138,2.201,2.088,2.171,137056641.57
1741579200,2.171,2.204,2.158,2.184,59463069.0
1741593600,2.184,2.261,2.13,2.214,133422659.5
1741608000,2.214,2.226,2.067,2.118,215551392.22
1741622400,2.118,2.127,1.992,2.075,311870286.26
1741636800,2.075,2.09,2.012,2.02,133321493.19
1741651200,2.02,2.064,1.9,2.046,325861374.58000004
1741665600,2.046,2.13,2.042,2.095,110321817.9
1741680000,2.095,2.164,2.09,2.156,87346067.49
1741694400,2.156,2.16,2.055,2.135,221692542.52
1741708800,2.135,2.214,2.08,2.209,180165949.68
1741723200,2.209,2.21,2.163,2.17,83744512.32
1741737600,2.17,2.247,2.16,2.168,113755029.88
1741752000,2.168,2.193,2.143,2.188,95514353.05
1741766400,2.188,2.236,2.168,2.214,94542354.58
1741780800,2.214,2.274,2.133,2.204,212792240.76
1741795200,2.204,2.254,2.188,2.238,146626180.16
1741809600,2.238,2.243,2.212,2.239,72436841.94
1741824000,2.239,2.258,2.226,2.241,62546747.38
1741838400,2.241,2.253,2.218,2.234,47845084.87
1741852800,2.234,2.288,2.214,2.284,79735157.15
1741867200,2.284,2.346,2.274,2.287,218170739.51
1741881600,2.287,2.308,2.214,2.238,131282049.78
1741896000,2.238,2.275,2.218,2.252,73067306.17
1741910400,2.252,2.3,2.237,2.29,70016871.86
1741924800,2.29,2.313,2.28,2.295,57913423.28
1741939200,2.295,2.331,2.291,2.316,52556266.57
1741953600,2.316,2.39,2.296,2.358,155367947.12
1741968000,2.358,2.372,2.336,2.356,73362771.35
1741982400,2.356,2.372,2.333,2.356,60070353.02
1741996800,2.356,2.431,2.353,2.425,73435595.87
1742011200,2.425,2.476,2.374,2.394,96798655.58
1742025600,2.394,2.426,2.387,2.426,37496356.07
1742040000,2.426,2.454,2.414,2.426,57927577.24
1742054400,2.426,2.428,2.395,2.401,50677670.28
1742068800,2.401,2.418,2.383,2.391,41297582.18
1742083200,2.391,2.411,2.363,2.383,56829999.28
1742097600,2.383,2.396,2.368,2.381,24809163.87
1742112000,2.381,2.385,2.288,2.298,76177724.28
1742126400,2.298,2.322,2.268,2.297,95130642.64
1742140800,2.297,2.35,2.287,2.295,79576700.24000001
1742155200,2.295,2.321,2.283,2.294,48658113.07
1742169600,2.294,2.358,2.292,2.355,62087712.28
1742184000,2.355,2.369,2.307,2.336,54147279.55
1742198400,2.336,2.355,2.321,2.339,41687022.25
1742212800,2.339,2.361,2.307,2.344,101573408.92
1742227200,2.344,2.379,2.33,2.36,82344262.53
1742241600,2.36,2.362,2.335,2.338,45151709.56
1742256000,2.338,2.339,2.275,2.286,75824922.09
1742270400,2.286,2.301,2.243,2.289,58197613.99
1742284800,2.289,2.305,2.26,2.262,37940323.01
1742299200,2.262,2.268,2.226,2.237,82094584.04
1742313600,2.237,2.266,2.221,2.262,60359055.78
1742328000,2.262,2.294,2.249,2.285,42071507.65
1742342400,2.285,2.309,2.265,2.295,42023309.94
1742356800,2.295,2.304,2.283,2.293,30892996.99
1742371200,2.293,2.349,2.293,2.336,50950827.79
1742385600,2.336,2.592,2.317,2.555,547434653.1600001
1742400000,2.555,2.567,2.454,2.489,282690649.74
1742414400,2.489,2.565,2.477,2.547,136723315.1
1742428800,2.547,2.563,2.479,2.486,102548397.47
1742443200,2.486,2.488,2.432,2.465,67989094.45
1742457600,2.465,2.518,2.465,2.49,88289515.14
1742472000,2.49,2.518,2.437,2.438,133272611.98
1742486400,2.438,2.456,2.388,2.435,124654946.01
1742500800,2.435,2.454,2.412,2.435,51118207.86
1742515200,2.435,2.465,2.412,2.423,58202731.24
1742529600,2.423,2.434,2.382,2.407,45442138.42
1742544000,2.407,2.419,2.371,2.388,51310342.2
1742558400,2.388,2.398,2.356,2.371,74767369.53
1742572800,2.371,2.422,2.361,2.401,60293482.59
1742587200,2.401,2.414,2.374,2.38,41040195.64
1742601600,2.38,2.406,2.373,2.388,29453112.22
1742616000,2.388,2.412,2.384,2.401,17133926.58
1742630400,2.401,2.416,2.384,2.393,19342036.35
1742644800,2.393,2.396,2.367,2.378,32570159.6
1742659200,2.378,2.393,2.373,2.381,25559474.83
1742673600,2.381,2.384,2.359,2.371,24718732.16
1742688000,2.371,2.392,2.365,2.389,24274705.65
1742702400,2.389,2.4,2.377,2.395,17312990.810000002
1742716800,2.395,2.427,2.384,2.405,28253649.9
1742731200,2.405,2.423,2.394,2.413,30725950.19
1742745600,2.413,2.417,2.386,2.4,32761213.35
1742760000,2.4,2.442,2.388,2.44,50271131.82
1742774400,2.44,2.458,2.414,2.444,53929400.7
1742788800,2.444,2.469,2.439,2.444,50778717.83
1742803200,2.444,2.477,2.443,2.46,43326569.24
1742817600,2.46,2.504,2.443,2.474,70344711.25
1742832000,2.474,2.477,2.446,2.466,59524429.65
1742846400,2.466,2.477,2.429,2.45,44371240.06
1742860800,2.45,2.465,2.409,2.414,43798649.85
1742875200,2.414,2.436,2.408,2.423,28193943.83
1742889600,2.423,2.45,2.421,2.445,23433394.62
1742904000,2.445,2.458,2.428,2.438,48879625.13
1742918400,2.438,2.478,2.426,2.46,61508725.55
1742932800,2.46,2.471,2.435,2.45,37928475.58
1742947200,2.45,2.479,2.436,2.438,44415411.05
1742961600,2.438,2.471,2.436,2.466,26628473.95
1742976000,2.466,2.473,2.453,2.458,33634478.43
1742990400,2.458,2.46,2.396,2.406,85134618.63
1743004800,2.406,2.414,2.359,2.372,81579523.91
1743019200,2.372,2.389,2.328,2.349,77867843.26
1743033600,2.349,2.39,2.346,2.378,45846039.21
1743048000,2.378,2.381,2.353,2.365,26447794.39
1743062400,2.365,2.38,2.34,2.343,30585257.55
1743076800,2.343,2.366,2.302,2.34,91238772.19
1743091200,2.34,2.356,2.32,2.339,55579409.93
1743105600,2.339,2.36,2.329,2.34,36847958.68
1743120000,2.34,2.343,2.301,2.31,54039023.38
1743134400,2.31,2.314,2.216,2.22,99603934.56
1743148800,2.22,2.242,2.194,2.226,89013445.22
1743163200,2.226,2.24,2.174,2.178,120892738.66
1743177600,2.178,2.192,2.152,2.179,94955960.84
1743192000,2.179,2.211,2.158,2.206,64824409.4
1743206400,2.206,2.225,2.128,2.176,75324618.54
1743220800,2.176,2.185,2.111,2.121,52475840.650000006
1743235200,2.121,2.142,2.06,2.083,117340527.36
1743249600,2.083,2.14,2.081,2.106,107517015.74
1743264000,2.106,2.135,2.071,2.131,88596752.57000001
1743278400,2.131,2.142,2.101,2.134,41219636.48
1743292800,2.134,2.214,2.116,2.182,77144503.97
1743307200,2.182,2.194,2.159,2.175,41913663.53
1743321600,2.175,2.198,2.153,2.163,37643153.15
1743336000,2.163,2.169,2.123,2.137,49696478.91
1743350400,2.137,2.171,2.115,2.143,53944574.92
1743364800,2.143,2.163,2.108,2.137,53935673.92999999
1743379200,2.137,2.14,2.079,2.081,95719534.98
1743393600,2.081,2.114,2.054,2.066,70772672.42
1743408000,2.066,2.094,2.024,2.083,110234041.96
1743422400,2.083,2.14,2.059,2.119,128925444.67
1743436800,2.119,2.132,2.08,2.09,86966657.31
1743451200,2.09,2.105,2.075,2.089,51222383.91
1743465600,2.089,2.115,2.065,2.098,52271260.8
1743480000,2.098,2.12,2.089,2.095,39750822.38
1743494400,2.095,2.199,2.095,2.134,129676479.36
1743508800,2.134,2.182,2.095,2.159,127486471.3
1743523200,2.159,2.168,2.121,2.138,69293830.49
1743537600,2.138,2.154,2.121,2.139,46700097.35
1743552000,2.139,2.139,2.085,2.099,54711251.01
1743566400,2.099,2.112,2.068,2.11,47358925.86
1743580800,2.11,2.136,2.099,2.114,65135690.41
1743595200,2.114,2.195,2.098,2.173,126737683.86
1743609600,2.173,2.181,2.131,2.16,70347215.84
1743624000,2.16,2.233,1.985,2.023,289286559.94
1743638400,2.023,2.072,2.008,2.063,86421561.66
1743652800,2.063,2.082,2.031,2.053,48851788.42
1743667200,2.053,2.057,2.014,2.033,52974576.41
1743681600,2.033,2.042,1.96,2.005,169039716.97
1743696000,2.005,2.074,1.992,2.053,87019876.9
1743710400,2.053,2.068,2.035,2.064,49102283.86
1743724800,2.064,2.077,2.037,2.049,43396674.49
1743739200,2.049,2.095,2.042,2.09,47479993.88
1743753600,2.09,2.103,2.016,2.048,81971107.7
1743768000,2.048,2.158,2.038,2.122,194127076.74
1743782400,2.122,2.146,2.098,2.128,97810722.87
1743796800,2.128,2.152,2.112,2.129,50351781.17
1743811200,2.129,2.143,2.113,2.117,26369324.56
1743825600,2.117,2.139,2.115,2.136,15500133.71
1743840000,2.136,2.17,2.127,2.16,35084442.57
1743854400,2.16,2.176,2.117,2.122,48814665.95
1743868800,2.122,2.138,2.116,2.119,25285872.29
1743883200,2.119,2.147,2.117,2.143,21161383.49
1743897600,2.143,2.158,2.122,2.13,26400402.46
1743912000,2.13,2.137,2.086,2.093,36527041.1
1743926400,2.093,2.101,2.078,2.085,23256314.76
1743940800,2.085,2.093,2.045,2.074,57954105.370000005
1743955200,2.074,2.075,1.975,1.995,160153070.31
1743969600,1.995,2.003,1.86,1.921,263934696.76
1743984000,1.921,1.953,1.8,1.822,208416881.53
1743998400,1.822,1.837,1.614,1.677,349150007.41
1744012800,1.677,1.814,1.672,1.764,200440093.22
1744027200,1.764,2.008,1.746,1.874,472337547.64
1744041600,1.874,1.924,1.838,1.888,188491550.89
1744056000,1.888,1.949,1.888,1.898,91508281.22
1744070400,1.898,1.934,1.859,1.904,97465574.12
1744084800,1.904,1.919,1.847,1.868,68161736.93
1744099200,1.868,1.972,1.851,1.959,77691988.05
1744113600,1.959,1.974,1.891,1.904,171335812.56
1744128000,1.904,1.909,1.805,1.823,200908948.1
1744142400,1.823,1.842,1.776,1.795,106627522.88
1744156800,1.795,1.812,1.721,1.746,150174091.87
1744171200,1.746,1.837,1.743,1.831,116114320.01
1744185600,1.831,1.844,1.763,1.781,85785700.94
1744200000,1.781,1.922,1.764,1.827,188313880.15
1744214400,1.827,2.083,1.822,2.038,390049716.42
1744228800,2.038,2.089,2.032,2.052,125764288.1
1744243200,2.052,2.056,1.97,2.001,81501501.39
1744257600,2.001,2.017,1.974,1.99,73463801.46000001
1744272000,1.99,2.014,1.979,1.999,47963371.43
1744286400,1.999,2.039,1.922,1.933,156829303.61
1744300800,1.933,1.972,1.923,1.962,109425849.07
1744315200,1.962,1.996,1.958,1.965,40976312.18
1744329600,1.965,2.005,1.946,2.0,61564121.12
1744344000,2.0,2.012,1.99,2.004,40080980.53
1744358400,2.004,2.033,1.995,2.008,54307179.6
1744372800,2.008,2.025,1.984,2.001,78284742.23
1744387200,2.001,2.064,1.992,2.045,92252925.67
1744401600,2.045,2.052,2.012,2.022,39866697.82
1744416000,2.022,2.026,2.003,2.012,23423026.92
1744430400,2.012,2.058,2.009,2.054,29428821.36
1744444800,2.054,2.073,2.05,2.062,32664943.38
1744459200,2.062,2.185,2.06,2.152,139354462.84
1744473600,2.152,2.163,2.116,2.138,67203762.0
1744488000,2.138,2.166,2.135,2.159,40326056.44
1744502400,2.159,2.173,2.135,2.156,50558505.87
1744516800,2.156,2.159,2.127,2.146,23044497.83
1744531200,2.146,2.246,2.135,2.201,113566325.34
1744545600,2.201,2.205,2.131,2.147,78634917.28
1744560000,2.147,2.184,2.1,2.12,87602249.33
1744574400,2.12,2.144,2.08,2.119,84227824.62
1744588800,2.119,2.179,2.112,2.14,62805448.4
1744603200,2.14,2.159,2.104,2.128,30900485.77
1744617600,2.128,2.156,2.117,2.156,38459674.83
1744632000,2.156,2.178,2.111,2.116,89700537.12
1744646400,2.116,2.166,2.106,2.152,66996492.28
1744660800,2.152,2.157,2.123,2.127,28617443.89
1744675200,2.127,2.155,2.117,2.153,38516892.59
1744689600,2.153,2.16,2.132,2.152,33689331.33
1744704000,2.152,2.185,2.146,2.152,43987192.07
1744718400,2.152,2.184,2.127,2.134,77062170.66
1744732800,2.134,2.143,2.105,2.119,62928319.86
1744747200,2.119,2.127,2.083,2.084,61283412.4
1744761600,2.084,2.098,2.066,2.083,55447722.84
1744776000,2.083,2.09,2.044,2.051,43667822.2
1744790400,2.051,2.09,2.036,2.089,44232452.71
1744804800,2.089,2.12,2.065,2.094,72696309.14
1744819200,2.094,2.125,2.048,2.107,107525952.46
1744833600,2.107,2.116,2.078,2.083,40090983.11
1744848000,2.083,2.089,2.063,2.07,27665159.47
1744862400,2.07,2.107,2.067,2.091,37398962.61
1744876800,2.091,2.107,2.086,2.102,24782919.57
1744891200,2.102,2.114,2.057,2.067,80724894.57
1744905600,2.067,2.104,2.052,2.066,67180136.47
1744920000,2.066,2.081,2.06,2.067,25332517.27
1744934400,2.067,2.069,2.044,2.056,33319974.85
1744948800,2.056,2.072,2.047,2.069,22507748.27
1744963200,2.069,2.081,2.068,2.08,23553120.26
1744977600,2.08,2.085,2.056,2.058,34124187.66
1744992000,2.058,2.089,2.055,2.08,34979458.24
1745006400,2.08,2.086,2.055,2.062,27545872.88
1745020800,2.062,2.086,2.059,2.084,26843066.22
1745035200,2.084,2.094,2.077,2.089,18446133.81
1745049600,2.089,2.097,2.08,2.081,14402160.63
1745064000,2.081,2.093,2.076,2.077,18303951.37
1745078400,2.077,2.094,2.065,2.083,29009598.42
1745092800,2.083,2.091,2.08,2.087,16363686.63
1745107200,2.087,2.094,2.08,2.083,15393856.7
1745121600,2.083,2.086,2.063,2.069,19281313.64
1745136000,2.069,2.071,2.039,2.043,33913942.31
1745150400,2.043,2.061,2.041,2.049,21551885.64
1745164800,2.049,2.086,2.046,2.081,19607027.77
1745179200,2.081,2.091,2.06,2.078,25732586.57
1745193600,2.078,2.125,2.077,2.109,61185295.91
1745208000,2.109,2.14,2.108,2.127,27853691.1
1745222400,2.127,2.141,2.108,2.118,29283451.27
1745236800,2.118,2.139,2.105,2.116,45421546.08
1745251200,2.116,2.118,2.06,2.088,64124548.41
1745265600,2.088,2.088,2.07,2.085,27216608.47
1745280000,2.085,2.103,2.065,2.083,33668984.33
1745294400,2.083,2.096,2.068,2.092,21396131.45
1745308800,2.092,2.107,2.092,2.099,27895622.12
1745323200,2.099,2.193,2.095,2.157,133142604.19
1745337600,2.157,2.172,2.142,2.156,64391332.34
1745352000,2.156,2.25,2.149,2.215,124571012.39
1745366400,2.215,2.237,2.195,2.236,68612515.62
1745380800,2.236,2.264,2.222,2.258,61597487.150000006
1745395200,2.258,2.301,2.251,2.26,95785890.12
1745409600,2.26,2.298,2.191,2.229,168642828.81
1745424000,2.229,2.251,2.201,2.22,78631806.23
1745438400,2.22,2.231,2.211,2.219,30975723.25
1745452800,2.219,2.224,2.172,2.176,40515666.05
1745467200,2.176,2.194,2.144,2.15,44793903.19
1745481600,2.15,2.159,2.119,2.156,64902165.440000005
1745496000,2.156,2.235,2.151,2.214,126182662.92
1745510400,2.214,2.229,2.184,2.207,83164408.52
1745524800,2.207,2.214,2.188,2.206,35683392.38
1745539200,2.206,2.218,2.165,2.182,43254465.150000006
1745553600,2.182,2.206,2.178,2.195,38992559.55
1745568000,2.195,2.211,2.185,2.205,44115494.5
1745582400,2.205,2.22,2.174,2.202,95322751.12
1745596800,2.202,2.211,2.184,2.197,49213502.04
1745611200,2.197,2.202,2.178,2.183,29417105.2
1745625600,2.183,2.204,2.181,2.192,26762904.4
1745640000,2.192,2.249,2.181,2.221,38582810.84
1745654400,2.221,2.236,2.187,2.195,35127791.23
1745668800,2.195,2.203,2.184,2.201,25972383.89
1745683200,2.201,2.207,2.194,2.2,16415250.67
1745697600,2.2,2.203,2.187,2.192,16619085.41
1745712000,2.192,2.205,2.161,2.176,41572379.32
1745726400,2.176,2.18,2.161,2.173,20243225.79
1745740800,2.173,2.184,2.17,2.181,12206712.91
1745755200,2.181,2.269,2.175,2.228,122438612.91
1745769600,2.228,2.285,2.217,2.284,56496421.53
1745784000,2.284,2.295,2.246,2.253,75181736.75
1745798400,2.253,2.265,2.22,2.259,66232250.36
1745812800,2.259,2.343,2.258,2.336,92667972.37
1745827200,2.336,2.361,2.308,2.319,77787514.53
1745841600,2.319,2.33,2.251,2.275,90945679.93
1745856000,2.275,2.298,2.262,2.293,59031353.06
1745870400,2.293,2.306,2.285,2.295,31376162.73
1745884800,2.295,2.315,2.277,2.288,54839493.38
1745899200,2.288,2.292,2.265,2.287,32138603.5
1745913600,2.287,2.306,2.278,2.292,43905890.47
1745928000,2.292,2.294,2.265,2.294,57496036.84
1745942400,2.294,2.305,2.284,2.293,35854721.16
1745956800,2.293,2.296,2.222,2.239,79877132.39
1745971200,2.239,2.252,2.225,2.249,36627553.96
1745985600,2.249,2.259,2.209,2.221,31123628.96
1746000000,2.221,2.239,2.212,2.239,27332289.62
1746014400,2.239,2.239,2.125,2.158,130281408.03
1746028800,2.158,2.213,2.15,2.195,85510089.34
1746043200,2.195,2.212,2.19,2.191,34817372.92
1746057600,2.191,2.22,2.187,2.204,27217484.1
1746072000,2.204,2.216,2.194,2.2,31646809.230000004
1746086400,2.2,2.246,2.199,2.238,35516782.45
1746100800,2.238,2.258,2.217,2.238,70998637.86
1746115200,2.238,2.254,2.218,2.219,34426070.3
1746129600,2.219,2.229,2.21,2.213,25341644.18
1746144000,2.213,2.234,2.209,2.225,25784066.01
1746158400,2.225,2.233,2.193,2.195,29944916.8
1746172800,2.195,2.221,2.194,2.216,19084384.85
1746187200,2.216,2.242,2.207,2.217,54289903.620000005
1746201600,2.217,2.237,2.202,2.211,36614577.35
1746216000,2.211,2.218,2.196,2.21,26059847.57
1746230400,2.21,2.22,2.198,2.213,18369525.96
1746244800,2.213,2.219,2.201,2.204,10004795.39
1746259200,2.204,2.208,2.185,2.189,16603255.68
1746273600,2.189,2.216,2.189,2.21,20627207.26
1746288000,2.21,2.211,2.177,2.194,26996491.01
1746302400,2.194,2.201,2.184,2.188,17381693.46
1746316800,2.188,2.219,2.185,2.199,18642704.14
1746331200,2.199,2.213,2.193,2.211,10677633.03
1746345600,2.211,2.212,2.179,2.19,16049249.65
1746360000,2.19,2.205,2.173,2.197,18603057.35
1746374400,2.197,2.2,2.165,2.176,21104116.53
1746388800,2.176,2.186,2.152,2.157,26324319.99
1746403200,2.157,2.171,2.133,2.148,38331089.55
1746417600,2.148,2.185,2.148,2.177,19554678.05
1746432000,2.177,2.2,2.14,2.144,32754465.11
1746446400,2.144,2.154,2.107,2.115,60773792.03
1746460800,2.115,2.162,2.114,2.141,45517336.05
1746475200,2.141,2.15,2.116,2.131,37337580.91
1746489600,2.131,2.14,2.095,2.118,34741292.870000005
1746504000,2.118,2.125,2.093,2.099,23213768.6
1746518400,2.099,2.108,2.08,2.09,38783417.03
1746532800,2.09,2.122,2.078,2.111,50077387.29
1746547200,2.111,2.147,2.104,2.136,50035877.03
1746561600,2.136,2.159,2.112,2.155,41965590.33
1746576000,2.155,2.172,2.138,2.148,33795382.39
1746590400,2.148,2.155,2.128,2.141,20895301.83
1746604800,2.141,2.151,2.136,2.143,17611201.66
1746619200,2.143,2.145,2.122,2.127,32504301.97
1746633600,2.127,2.134,2.105,2.113,48136252.16
1746648000,2.113,2.137,2.108,2.127,22115293.32
1746662400,2.127,2.186,2.118,2.186,52098757.16
1746676800,2.186,2.207,2.168,2.189,58852308.53
1746691200,2.189,2.219,2.188,2.209,44791225.5
1746705600,2.209,2.274,2.203,2.244,100117952.53
1746720000,2.244,2.275,2.228,2.274,90980979.27
1746734400,2.274,2.329,2.259,2.327,129464934.42
1746748800,2.327,2.332,2.292,2.294,62091239.16
1746763200,2.294,2.357,2.287,2.338,61222282.3
1746777600,2.338,2.428,2.336,2.395,157049907.13
1746792000,2.395,2.406,2.332,2.349,129114851.71
1746806400,2.349,2.367,2.322,2.358,80113496.47
1746820800,2.358,2.362,2.332,2.344,31729823.19
1746835200,2.344,2.379,2.336,2.367,44510392.66
1746849600,2.367,2.396,2.352,2.39,38036296.54
1746864000,2.39,2.437,2.369,2.38,71899510.0
1746878400,2.38,2.421,2.38,2.398,45679257.92
1746892800,2.398,2.449,2.396,2.42,74293648.34
1746907200,2.42,2.476,2.405,2.471,81882581.50999999
1746921600,2.471,2.482,2.384,2.403,97431341.07
1746936000,2.403,2.418,2.343,2.356,58444973.82000001
1746950400,2.356,2.387,2.35,2.387,32679911.69
1746964800,2.387,2.389,2.336,2.348,53560087.68
1746979200,2.348,2.384,2.329,2.372,51214749.96
1746993600,2.372,2.381,2.357,2.368,28500172.42
1747008000,2.368,2.408,2.352,2.396,63220321.4
1747022400,2.396,2.454,2.377,2.414,95506766.02
1747036800,2.414,2.483,2.392,2.449,96336173.29
1747051200,2.449,2.656,2.448,2.593,422732595.79
1747065600,2.593,2.613,2.43,2.533,258079277.21
1747080000,2.533,2.556,2.503,2.544,88390452.08
1747094400,2.544,2.546,2.429,2.431,100822059.29
1747108800,2.431,2.516,2.422,2.499,63529858.88
1747123200,2.499,2.568,2.487,2.535,103124679.15
1747137600,2.535,2.562,2.506,2.544,135061859.78
1747152000,2.544,2.607,2.536,2.582,137341353.24
1747166400,2.582,2.602,2.56,2.583,76440077.42
1747180800,2.583,2.597,2.541,2.558,66107724.620000005
1747195200,2.558,2.634,2.547,2.619,62963634.39
1747209600,2.619,2.65,2.563,2.614,133651852.27
1747224000,2.614,2.626,2.55,2.562,119057910.0
1747238400,2.562,2.571,2.52,2.567,83031768.33
1747252800,2.567,2.571,2.538,2.551,47285876.87
1747267200,2.551,2.572,2.513,2.523,51056458.95
1747281600,2.523,2.535,2.449,2.461,59982607.06
1747296000,2.461,2.502,2.449,2.479,68947977.69
1747310400,2.479,2.49,2.406,2.467,129716757.35
1747324800,2.467,2.506,2.422,2.449,108416452.25
1747339200,2.449,2.459,2.355,2.386,104407199.22
1747353600,2.386,2.419,2.348,2.413,92219111.7
1747368000,2.413,2.43,2.401,2.408,51863823.620000005
1747382400,2.408,2.441,2.373,2.426,69044012.37
1747396800,2.426,2.44,2.406,2.424,66083721.33
1747411200,2.424,2.431,2.395,2.419,50690450.31
1747425600,2.419,2.424,2.363,2.381,51279511.78
1747440000,2.381,2.384,2.314,2.371,85948483.65
1747454400,2.371,2.39,2.364,2.381,36190117.75
1747468800,2.381,2.383,2.342,2.354,37864869.91
1747483200,2.354,2.356,2.317,2.334,42987142.26
1747497600,2.334,2.35,2.3,2.335,57695622.78
1747512000,2.335,2.363,2.328,2.354,37880690.43
1747526400,2.354,2.369,2.35,2.359,28313267.21
1747540800,2.359,2.399,2.359,2.397,23769250.71
1747555200,2.397,2.407,2.384,2.389,22251725.7
1747569600,2.389,2.445,2.381,2.439,54380169.370000005
1747584000,2.439,2.45,2.366,2.371,88933012.05000001
1747598400,2.371,2.437,2.334,2.429,64293203.95
1747612800,2.429,2.44,2.349,2.35,65794333.06
1747627200,2.35,2.363,2.284,2.307,77392510.84
1747641600,2.307,2.327,2.288,2.325,44123399.38
1747656000,2.325,2.359,2.291,2.35,75427805.49
1747670400,2.35,2.402,2.337,2.4,65924677.65
1747684800,2.4,2.4,2.367,2.381,39545368.66
1747699200,2.381,2.409,2.375,2.383,49607096.09
1747713600,2.383,2.393,2.347,2.347,39815913.86
1747728000,2.347,2.359,2.336,2.347,43107604.9
1747742400,2.347,2.348,2.321,2.343,52041979.96
1747756800,2.343,2.366,2.316,2.357,50874441.620000005
1747771200,2.357,2.365,2.339,2.357,40027457.94
1747785600,2.357,2.368,2.332,2.36,41991704.29
1747800000,2.36,2.389,2.343,2.35,69953932.41
1747814400,2.35,2.362,2.332,2.354,31503839.85
1747828800,2.354,2.407,2.347,2.401,76472542.75
1747843200,2.401,2.43,2.337,2.392,115836081.49
1747857600,2.392,2.417,2.372,2.396,58820102.09
1747872000,2.396,2.424,2.391,2.418,49484311.35
1747886400,2.418,2.421,2.389,2.407,44993820.74
1747900800,2.407,2.456,2.405,2.432,77452437.3
1747915200,2.432,2.439,2.41,2.433,64718125.72
1747929600,2.433,2.44,2.417,2.423,50854197.23
1747944000,2.423,2.433,2.406,2.431,37026326.65
1747958400,2.431,2.48,2.422,2.474,75111366.21
1747972800,2.474,2.478,2.411,2.427,54215032.82
1747987200,2.427,2.454,2.352,2.363,54504221.74
1748001600,2.363,2.383,2.303,2.362,112799129.48
1748016000,2.362,2.375,2.339,2.34,52160297.11
1748030400,2.34,2.346,2.285,2.297,65469845.42
1748044800,2.297,2.337,2.287,2.335,33514990.62
1748059200,2.335,2.349,2.33,2.336,15015476.21
1748073600,2.336,2.36,2.332,2.353,14995456.66
1748088000,2.353,2.357,2.345,2.353,16466404.62
1748102400,2.353,2.355,2.341,2.35,17773165.44
1748116800,2.35,2.351,2.323,2.331,20765779.04
1748131200,2.331,2.337,2.294,2.324,42826270.66
1748145600,2.324,2.327,2.302,2.308,16236382.0
1748160000,2.308,2.309,2.28,2.294,34775988.79
1748174400,2.294,2.311,2.267,2.289,34805442.28
1748188800,2.289,2.313,2.273,2.306,30405169.880000003
1748203200,2.306,2.345,2.301,2.343,45812974.15
1748217600,2.343,2.355,2.332,2.344,33454765.28
1748232000,2.344,2.36,2.337,2.35,25863317.98
1748246400,2.35,2.357,2.331,2.336,18750973.11
1748260800,2.336,2.346,2.313,2.334,37096743.74
1748275200,2.334,2.337,2.297,2.313,36067802.15
1748289600,2.313,2.325,2.301,2.311,21487953.99
1748304000,2.311,2.317,2.269,2.297,38517553.06
1748318400,2.297,2.311,2.285,2.302,26336275.07
1748332800,2.302,2.324,2.302,2.32,23977112.97
1748347200,2.32,2.355,2.309,2.339,51474472.06
1748361600,2.339,2.351,2.333,2.337,33632139.98
1748376000,2.337,2.338,2.307,2.318,30849379.48
1748390400,2.318,2.324,2.304,2.313,23635571.75
1748404800,2.313,2.317,2.286,2.297,25815339.89
1748419200,2.297,2.312,2.29,2.309,19558430.18
1748433600,2.309,2.316,2.254,2.254,67526233.36
1748448000,2.254,2.269,2.227,2.228,63741444.89
1748462400,2.228,2.282,2.227,2.275,40289838.43
1748476800,2.275,2.314,2.268,2.292,48141921.33
1748491200,2.292,2.295,2.275,2.28,30717256.11
1748505600,2.28,2.305,2.278,2.303,24603129.08
1748520000,2.303,2.309,2.267,2.277,50047788.77
1748534400,2.277,2.291,2.254,2.265,52020958.99
1748548800,2.265,2.283,2.239,2.245,38023990.66
1748563200,2.245,2.252,2.139,2.218,105152310.07
1748577600,2.218,2.225,2.175,2.191,39584981.4
1748592000,2.191,2.215,2.172,2.208,42256470.69
1748606400,2.208,2.211,2.164,2.184,84191873.75
1748620800,2.184,2.206,2.137,2.186,76403581.28
1748635200,2.186,2.197,2.131,2.141,48735835.58
1748649600,2.141,2.149,2.081,2.111,85918003.02
1748664000,2.111,2.144,2.102,2.13,30035681.93
1748678400,2.13,2.154,2.129,2.141,30798739.73
1748692800,2.141,2.183,2.14,2.174,40483947.12
1748707200,2.174,2.208,2.172,2.194,38472209.32
1748721600,2.194,2.201,2.174,2.175,24160327.75
1748736000,2.175,2.18,2.151,2.165,24913918.6
1748750400,2.165,2.178,2.157,2.16,12800825.47
1748764800,2.16,2.162,2.125,2.143,35666066.71
1748779200,2.143,2.157,2.128,2.154,23196080.54
1748793600,2.154,2.178,2.147,2.169,32739834.71
1748808000,2.169,2.189,2.155,2.181,27108139.03
1748822400,2.181,2.184,2.152,2.159,23847478.52
1748836800,2.159,2.18,2.159,2.165,20971110.53
1748851200,2.165,2.18,2.137,2.144,31455462.32
1748865600,2.144,2.164,2.139,2.161,36701380.75
1748880000,2.161,2.179,2.151,2.167,31024568.45
1748894400,2.167,2.205,2.167,2.197,45257515.89
1748908800,2.197,2.223,2.189,2.197,35433256.28
1748923200,2.197,2.208,2.189,2.191,24361104.15
1748937600,2.191,2.218,2.186,2.217,28546820.11
1748952000,2.217,2.277,2.208,2.265,59765715.99
1748966400,2.265,2.283,2.242,2.283,55729719.77
1748980800,2.283,2.283,2.236,2.246,43128324.95
1748995200,2.246,2.267,2.231,2.254,32081805.81
1749009600,2.254,2.255,2.229,2.236,21840276.03
1749024000,2.236,2.265,2.235,2.254,29332455.44
1749038400,2.254,2.262,2.221,2.25,46938702.48
1749052800,2.25,2.253,2.207,2.207,33599931.56
1749067200,2.207,2.217,2.197,2.202,34372970.41
1749081600,2.202,2.215,2.199,2.206,25515559.18
1749096000,2.206,2.215,2.185,2.187,30665537.59
1749110400,2.187,2.211,2.187,2.206,28192437.06
1749124800,2.206,2.227,2.179,2.194,49425087.97
1749139200,2.194,2.194,2.114,2.131,79403071.89
1749153600,2.131,2.133,2.061,2.095,117511930.82
1749168000,2.095,2.131,2.083,2.131,38798944.98
1749182400,2.131,2.144,2.122,2.131,35060866.97
1749196800,2.131,2.157,2.131,2.152,24299281.68
1749211200,2.152,2.192,2.15,2.186,58338600.96
1749225600,2.186,2.187,2.164,2.175,37646640.48
1749240000,2.175,2.184,2.161,2.162,25996152.76
1749254400,2.162,2.181,2.149,2.181,20579703.95
1749268800,2.181,2.192,2.172,2.185,12676448.46
1749283200,2.185,2.19,2.176,2.184,10081984.69
1749297600,2.184,2.192,2.18,2.184,12886718.65
1749312000,2.184,2.187,2.174,2.177,17848653.0
1749326400,2.177,2.188,2.177,2.178,11628611.58
1749340800,2.178,2.179,2.168,2.177,9496690.67
1749355200,2.177,2.225,2.172,2.208,40390334.45
1749369600,2.208,2.25,2.2,2.243,32752081.48
1749384000,2.243,2.294,2.243,2.279,74710683.96
1749398400,2.279,2.294,2.273,2.29,32702810.34
1749412800,2.29,2.296,2.256,2.268,43127977.900000006
1749427200,2.268,2.269,2.233,2.244,30466689.94
1749441600,2.244,2.244,2.224,2.232,24745158.41
1749456000,2.232,2.273,2.231,2.27,36079509.16
1749470400,2.27,2.271,2.241,2.265,39348418.67
1749484800,2.265,2.315,2.263,2.297,95439374.96
1749499200,2.297,2.33,2.296,2.321,52643638.26
1749513600,2.321,2.328,2.299,2.3,37535039.88
1749528000,2.3,2.303,2.275,2.285,31467965.9
1749542400,2.285,2.316,2.272,2.305,36384714.08
1749556800,2.305,2.32,2.261,2.277,57053929.68
1749571200,2.277,2.313,2.27,2.296,39482960.18000001
1749585600,2.296,2.313,2.286,2.307,39778543.87
1749600000,2.307,2.312,2.279,2.298,30501676.34
1749614400,2.298,2.302,2.284,2.294,19303935.700000003
1749628800,2.294,2.33,2.294,2.315,71310546.19
1749643200,2.315,2.338,2.305,2.326,59350929.52
1749657600,2.326,2.331,2.284,2.287,49985620.870000005
1749672000,2.287,2.301,2.253,2.271,47751323.51
1749686400,2.271,2.274,2.238,2.244,30809987.520000003
1749700800,2.244,2.258,2.232,2.24,29809117.97
1749715200,2.24,2.25,2.225,2.226,22618096.48
1749729600,2.226,2.253,2.222,2.229,36957345.1
1749744000,2.229,2.256,2.203,2.205,42928554.08
1749758400,2.205,2.213,2.172,2.191,54273350.96
1749772800,2.191,2.193,2.086,2.127,136356623.64
1749787200,2.127,2.133,2.094,2.131,46676479.36
1749801600,2.131,2.158,2.126,2.156,39242236.17
1749816000,2.156,2.164,2.124,2.149,49425192.46
1749830400,2.149,2.161,2.117,2.122,46470398.61
1749844800,2.122,2.152,2.122,2.149,30643641.56
1749859200,2.149,2.162,2.134,2.16,24219115.14
1749873600,2.16,2.171,2.15,2.166,22287241.05
1749888000,2.166,2.179,2.159,2.178,24295067.23
1749902400,2.178,2.179,2.146,2.15,28449050.71
1749916800,2.15,2.152,2.116,2.126,44294132.98
1749931200,2.126,2.148,2.111,2.14,21737888.59
1749945600,2.14,2.155,2.139,2.154,12647125.56
1749960000,2.154,2.163,2.15,2.152,10746889.58
1749974400,2.152,2.168,2.148,2.16,14297039.38
1749988800,2.16,2.177,2.158,2.165,19730138.340000004
1750003200,2.165,2.172,2.16,2.165,16855462.03
1750017600,2.165,2.171,2.142,2.166,21781237.6
1750032000,2.166,2.188,2.152,2.173,25117331.04
1750046400,2.173,2.205,2.172,2.203,31281120.31
1750060800,2.203,2.25,2.194,2.246,38717511.48
1750075200,2.246,2.299,2.245,2.291,95902514.43
1750089600,2.291,2.337,2.291,2.336,108672831.26
1750104000,2.336,2.338,2.23,2.239,140677200.22
1750118400,2.239,2.258,2.203,2.25,75782439.78999999
1750132800,2.25,2.254,2.227,2.237,27294762.08
1750147200,2.237,2.239,2.189,2.194,38524918.120000005
1750161600,2.194,2.226,2.164,2.18,67683837.78
1750176000,2.18,2.205,2.143,2.183,86655744.59
1750190400,2.183,2.191,2.145,2.16,42883939.1
1750204800,2.16,2.178,2.153,2.168,21145321.57
1750219200,2.168,2.176,2.148,2.164,23792143.89
1750233600,2.164,2.169,2.125,2.142,30477963.29
1750248000,2.142,2.163,2.119,2.152,60468529.83
1750262400,2.152,2.163,2.129,2.141,52218253.77
1750276800,2.141,2.182,2.137,2.171,35517667.26
1750291200,2.171,2.186,2.157,2.167,26115809.36
1750305600,2.167,2.176,2.155,2.157,23139698.24
1750320000,2.157,2.167,2.15,2.153,17230545.09
1750334400,2.153,2.159,2.145,2.147,30446338.93
1750348800,2.147,2.178,2.147,2.173,25425324.61
1750363200,2.173,2.174,2.161,2.165,19584788.35
1750377600,2.165,2.173,2.155,2.155,16200726.82
1750392000,2.155,2.169,2.141,2.167,21921034.55
1750406400,2.167,2.177,2.162,2.173,19124585.82
1750420800,2.173,2.18,2.131,2.134,45665167.91
1750435200,2.134,2.138,2.086,2.13,80859364.62
1750449600,2.13,2.148,2.109,2.12,27972953.53
1750464000,2.12,2.133,2.116,2.13,14955403.8
1750478400,2.13,2.135,2.119,2.134,9084874.74
1750492800,2.134,2.145,2.133,2.137,9579812.71
1750507200,2.137,2.141,2.109,2.117,18204556.02
1750521600,2.117,2.12,2.07,2.071,51946393.0
1750536000,2.071,2.121,1.999,2.064,106470689.98
1750550400,2.064,2.089,2.04,2.06,54284557.47
1750564800,2.06,2.09,2.058,2.069,22619837.81
1750579200,2.069,2.078,2.015,2.026,32535090.69
1750593600,2.026,2.03,1.925,1.935,170737716.37
1750608000,1.935,1.985,1.93,1.965,67809982.32
1750622400,1.965,2.024,1.909,2.019,94640407.38
1750636800,2.019,2.034,2.005,2.019,39277145.66
1750651200,2.019,2.036,2.012,2.024,46604291.08
1750665600,2.024,2.029,1.987,2.002,34102116.6
1750680000,2.002,2.039,1.987,2.0,71640336.0
1750694400,2.0,2.065,1.96,2.06,116305499.94
1750708800,2.06,2.172,2.059,2.16,113173409.86
1750723200,2.16,2.168,2.133,2.152,44825426.72
1750737600,2.152,2.212,2.149,2.18,47720171.68
1750752000,2.18,2.208,2.162,2.185,55239694.68
1750766400,2.185,2.195,2.167,2.189,49421554.18
1750780800,2.189,2.211,2.185,2.208,59815127.21
1750795200,2.208,2.217,2.179,2.191,43155914.77
1750809600,2.191,2.199,2.177,2.179,25524376.93
1750824000,2.179,2.189,2.171,2.187,18478776.35
1750838400,2.187,2.198,2.176,2.196,28298047.03
1750852800,2.196,2.232,2.176,2.183,85602685.00999999
1750867200,2.183,2.209,2.173,2.207,52091938.53
1750881600,2.207,2.207,2.176,2.187,28805085.02
1750896000,2.187,2.214,2.182,2.197,32368445.02
1750910400,2.197,2.2,2.184,2.191,18759540.03
1750924800,2.191,2.196,2.171,2.172,23984981.1
1750939200,2.172,2.174,2.107,2.121,101309609.54
1750953600,2.121,2.136,2.096,2.126,64883513.69
1750968000,2.126,2.147,2.104,2.106,34638109.21
1750982400,2.106,2.112,2.079,2.107,43335034.33
1750996800,2.107,2.116,2.083,2.087,26192227.68
1751011200,2.087,2.107,2.086,2.092,26133950.91
1751025600,2.092,2.102,2.069,2.099,69138523.42
1751040000,2.099,2.123,2.073,2.095,50521662.20999999
1751054400,2.095,2.156,2.094,2.143,56432254.14
1751068800,2.143,2.192,2.135,2.186,52813851.46
1751083200,2.186,2.202,2.177,2.192,26409802.92
1751097600,2.192,2.195,2.182,2.194,14420341.31
1751112000,2.194,2.208,2.183,2.205,23084306.54
1751126400,2.205,2.209,2.186,2.187,28786825.98
1751140800,2.187,2.19,2.178,2.186,20736642.51
1751155200,2.186,2.191,2.177,2.185,15747693.56
1751169600,2.185,2.19,2.182,2.185,6591277.0600000005
1751184000,2.185,2.199,2.185,2.196,13521929.48
1751198400,2.196,2.198,2.182,2.184,17290053.9
1751212800,2.184,2.195,2.182,2.189,17998220.21
1751227200,2.189,2.22,2.18,2.207,44000947.35
1751241600,2.207,2.212,2.196,2.198,27893152.78
1751256000,2.198,2.198,2.173,2.187,25980617.81
1751270400,2.187,2.19,2.17,2.179,21733915.87
1751284800,2.179,2.2,2.166,2.194,50784575.3
1751299200,2.194,2.329,2.192,2.321,175032980.41
1751313600,2.321,2.326,2.235,2.237,100508086.12
1751328000,2.237,2.254,2.225,2.238,36390745.92
1751342400,2.238,2.238,2.207,2.225,29726419.51
1751356800,2.225,2.227,2.194,2.203,26876454.08
1751371200,2.203,2.213,2.177,2.189,67379328.41
1751385600,2.189,2.206,2.157,2.158,56291711.1
1751400000,2.158,2.182,2.148,2.172,38035569.08
1751414400,2.172,2.188,2.158,2.187,29957376.09
1751428800,2.187,2.198,2.183,2.193,22075867.86
1751443200,2.193,2.205,2.174,2.177,36128376.4
1751457600,2.177,2.216,2.169,2.213,43342764.650000006
1751472000,2.213,2.292,2.211,2.267,149322283.11
1751486400,2.267,2.268,2.231,2.234,52947959.39
1751500800,2.234,2.248,2.226,2.243,29767789.86
1751515200,2.243,2.284,2.241,2.28,45493842.42
1751529600,2.28,2.312,2.277,2.297,54172626.11
1751544000,2.297,2.311,2.24,2.244,90278480.82
1751558400,2.244,2.284,2.243,2.273,47240823.73
1751572800,2.273,2.281,2.254,2.257,24144046.38
1751587200,2.257,2.269,2.241,2.25,23926221.99
1751601600,2.25,2.253,2.215,2.222,35967764.11
1751616000,2.222,2.241,2.209,2.239,18416272.84
1751630400,2.239,2.244,2.205,2.216,35790884.71
1751644800,2.216,2.226,2.198,2.211,37389906.28
1751659200,2.211,2.229,2.209,2.221,18220512.64
1751673600,2.221,2.228,2.211,2.226,12322335.45
1751688000,2.226,2.234,2.218,2.225,9486820.34
1751702400,2.225,2.227,2.213,2.223,12473503.85
1751716800,2.223,2.233,2.216,2.224,16478076.12
1751731200,2.224,2.226,2.203,2.215,20393064.02
1751745600,2.215,2.221,2.208,2.218,12350810.45
1751760000,2.218,2.223,2.21,2.217,10029331.67
1751774400,2.217,2.235,2.217,2.228,10182031.99
1751788800,2.228,2.285,2.227,2.262,43923973.88
1751803200,2.262,2.29,2.262,2.277,42499755.97
1751817600,2.277,2.283,2.247,2.265,26945359.4
1751832000,2.265,2.289,2.264,2.272,36099134.0
1751846400,2.272,2.28,2.258,2.271,22837462.92
1751860800,2.271,2.275,2.256,2.273,24062475.63
1751875200,2.273,2.298,2.269,2.283,39230458.26
1751889600,2.283,2.35,2.272,2.339,140074070.14
1751904000,2.339,2.354,2.282,2.3,99837318.53
1751918400,2.3,2.3,2.26,2.271,49806892.14
1751932800,2.271,2.273,2.249,2.263,49346267.57
1751947200,2.263,2.277,2.257,2.276,26331023.23
1751961600,2.276,2.301,2.274,2.294,33516671.200000003
1751976000,2.294,2.305,2.278,2.286,56281780.83
1751990400,2.286,2.322,2.284,2.322,66495865.69
1752004800,2.322,2.322,2.297,2.311,38551636.45
1752019200,2.311,2.319,2.298,2.304,28173680.85
1752033600,2.304,2.338,2.302,2.332,31006803.5
1752048000,2.332,2.388,2.331,2.382,67673317.94
1752062400,2.382,2.404,2.353,2.382,102192392.54
1752076800,2.382,2.429,2.375,2.422,102784191.73
1752091200,2.422,2.423,2.384,2.405,81356658.80000001
1752105600,2.405,2.438,2.395,2.422,54300765.29
1752120000,2.422,2.443,2.412,2.438,34625113.02
1752134400,2.438,2.463,2.428,2.454,61067082.17
1752148800,2.454,2.461,2.421,2.455,78069101.13
1752163200,2.455,2.514,2.449,2.502,132655367.54
1752177600,2.502,2.569,2.494,2.547,160176874.1
1752192000,2.547,2.594,2.512,2.577,88364379.39
1752206400,2.577,2.599,2.555,2.58,75862616.25
1752220800,2.58,2.661,2.58,2.629,120403638.18
1752235200,2.629,2.976,2.626,2.771,587983424.44
1752249600,2.771,2.86,2.699,2.86,350298918.18
1752264000,2.86,2.86,2.662,2.733,241651376.05
1752278400,2.733,2.847,2.689,2.801,129528481.2
1752292800,2.801,2.807,2.757,2.769,59954631.21
1752307200,2.769,2.848,2.767,2.807,85136008.28
1752321600,2.807,2.81,2.664,2.683,164379925.82
1752336000,2.683,2.755,2.672,2.738,91037851.14
1752350400,2.738,2.749,2.685,2.74,59247933.16
1752364800,2.74,2.787,2.725,2.769,68838089.73
1752379200,2.769,2.816,2.76,2.8,60431490.0
1752393600,2.8,2.818,2.772,2.79,51199285.17
1752408000,2.79,2.895,2.785,2.839,165120048.59
1752422400,2.839,2.883,2.814,2.847,93225833.91
1752436800,2.847,2.865,2.767,2.837,109930344.31
1752451200,2.837,2.947,2.823,2.928,164026786.23999998
1752465600,2.928,2.98,2.883,2.958,185957387.04
1752480000,2.958,3.023,2.929,2.978,238067929.46
1752494400,2.978,3.035,2.91,2.947,285550379.66
1752508800,2.947,3.002,2.911,2.931,165933127.10999998
1752523200,2.931,2.964,2.877,2.959,113077600.09
1752537600,2.959,2.959,2.805,2.85,165765271.01
1752552000,2.85,2.887,2.822,2.852,78824520.53999999
1752566400,2.852,2.928,2.824,2.904,92205226.57
1752580800,2.904,2.933,2.841,2.89,130787012.11
1752595200,2.89,2.946,2.858,2.863,126370144.0
1752609600,2.863,2.929,2.855,2.92,80127191.43
1752624000,2.92,2.937,2.878,2.905,72650399.69
1752638400,2.905,2.939,2.892,2.93,47065112.44
1752652800,2.93,2.964,2.922,2.952,66558030.42
1752667200,2.952,3.008,2.947,2.978,182412809.96
1752681600,2.978,3.08,2.969,3.061,226942837.82
1752696000,3.061,3.102,3.023,3.039,182160521.97
1752710400,3.039,3.081,2.989,3.027,111326182.77
1752724800,3.027,3.174,3.016,3.157,194457440.24
1752739200,3.157,3.3,3.142,3.264,290401180.28
1752753600,3.264,3.276,3.164,3.255,290381891.26
1752768000,3.255,3.4,3.227,3.309,402459018.58
1752782400,3.309,3.552,3.289,3.484,617855858.1
1752796800,3.484,3.665,3.466,3.609,512211593.61
1752811200,3.609,3.642,3.445,3.454,250394933.56
1752825600,3.454,3.512,3.401,3.492,299244301.46
1752840000,3.492,3.548,3.346,3.375,388870514.54
1752854400,3.375,3.481,3.366,3.436,253101054.85
1752868800,3.436,3.453,3.36,3.416,183006619.68
1752883200,3.416,3.48,3.401,3.452,116376724.95
1752897600,3.452,3.487,3.42,3.467,77531794.53
1752912000,3.467,3.475,3.391,3.395,78586866.65
1752926400,3.395,3.432,3.356,3.412,134569525.56
1752940800,3.412,3.46,3.406,3.434,81585610.51
1752955200,3.434,3.446,3.382,3.427,68487704.73
1752969600,3.427,3.453,3.388,3.436,91488009.65
1752984000,3.436,3.46,3.405,3.444,61435396.71
1752998400,3.444,3.536,3.444,3.5,129919284.52
1753012800,3.5,3.549,3.479,3.52,140340778.01999998
1753027200,3.52,3.559,3.487,3.525,147060068.06
1753041600,3.525,3.528,3.408,3.456,151736400.64
1753056000,3.456,3.492,3.41,3.48,111071281.47
1753070400,3.48,3.581,3.474,3.568,132388641.39
1753084800,3.568,3.581,3.53,3.535,101485565.35
1753099200,3.535,3.652,3.502,3.606,269480543.5
1753113600,3.606,3.627,3.53,3.548,234435908.05
1753128000,3.548,3.576,3.514,3.552,109975358.44
1753142400,3.552,3.576,3.464,3.502,151362266.48
1753156800,3.502,3.505,3.424,3.477,124597124.38
1753171200,3.477,3.525,3.428,3.522,100331663.33
1753185600,3.522,3.539,3.443,3.509,174185828.93
1753200000,3.509,3.581,3.494,3.521,222269812.04
1753214400,3.521,3.557,3.516,3.552,86097373.45
1753228800,3.552,3.554,3.491,3.494,76564691.91
1753243200,3.494,3.512,3.462,3.47,67452263.47
1753257600,3.47,3.477,3.433,3.453,85921007.72999999
1753272000,3.453,3.453,3.224,3.324,409115198.87
1753286400,3.324,3.324,3.16,3.185,301825890.52
1753300800,3.185,3.217,3.05,3.186,355568195.27
1753315200,3.186,3.238,3.152,3.194,121101440.63
1753329600,3.194,3.198,2.96,3.077,288967422.62
1753344000,3.077,3.18,3.057,3.171,171707010.2
1753358400,3.171,3.268,3.121,3.228,228144043.07
1753372800,3.228,3.262,3.172,3.211,169906987.24
1753387200,3.211,3.244,3.128,3.147,95363507.12
1753401600,3.147,3.163,3.047,3.07,148217665.51999998
1753416000,3.07,3.12,3.037,3.076,127211296.54
1753430400,3.076,3.154,3.064,3.135,106549562.92
1753444800,3.135,3.152,3.001,3.038,256168662.19
1753459200,3.038,3.099,3.027,3.072,87737851.22
1753473600,3.072,3.151,3.072,3.143,77520532.97
1753488000,3.143,3.163,3.109,3.145,59827810.57
1753502400,3.145,3.177,3.141,3.156,42616499.7
1753516800,3.156,3.213,3.155,3.187,46644172.28
1753531200,3.187,3.2,3.178,3.193,54745745.3
1753545600,3.193,3.219,3.16,3.192,67720037.42
1753560000,3.192,3.21,3.165,3.167,38960651.87
1753574400,3.167,3.207,3.158,3.2,38751917.85
1753588800,3.2,3.24,3.187,3.191,49586717.4
1753603200,3.191,3.215,3.169,3.181,35387069.42
1753617600,3.181,3.209,3.165,3.188,42482442.67
1753632000,3.188,3.229,3.178,3.21,85024796.12
1753646400,3.21,3.252,3.19,3.24,82892689.94
1753660800,3.24,3.293,3.224,3.27,111901942.09
1753675200,3.27,3.332,3.252,3.275,97315964.83
1753689600,3.275,3.277,3.225,3.245,76961908.06
1753704000,3.245,3.288,3.141,3.16,152385432.48
1753718400,3.16,3.186,3.114,3.161,131003210.77
1753732800,3.161,3.165,3.108,3.123,92888948.59
1753747200,3.123,3.148,3.081,3.141,96975599.24
1753761600,3.141,3.183,3.123,3.176,62554222.07000001
1753776000,3.176,3.186,3.114,3.137,57389821.46
1753790400,3.137,3.174,3.077,3.1,126906137.63
1753804800,3.1,3.162,3.054,3.12,118811140.09
1753819200,3.12,3.136,3.094,3.128,77971045.25
1753833600,3.128,3.15,3.094,3.138,47395412.0
1753848000,3.138,3.147,3.104,3.12,39404470.06
1753862400,3.12,3.141,3.044,3.051,81060252.72
1753876800,3.051,3.153,3.041,3.144,129613339.52
1753891200,3.144,3.162,3.001,3.098,200870400.3
1753905600,3.098,3.116,3.063,3.096,65729965.82
1753920000,3.096,3.146,3.087,3.139,58926456.86
1753934400,3.139,3.155,3.131,3.154,32341762.91
1753948800,3.154,3.177,3.148,3.151,45893326.41
1753963200,3.151,3.152,3.076,3.101,100447639.74
1753977600,3.101,3.136,3.052,3.057,88548877.71000001
1753992000,3.057,3.067,3.012,3.023,109271671.52
1754006400,3.023,3.026,2.93,2.999,219561547.68
1754020800,2.999,2.999,2.936,2.956,77724437.4
1754035200,2.956,2.971,2.893,2.97,106277049.15
1754049600,2.97,3.058,2.93,3.043,168896142.31
1754064000,3.043,3.052,2.974,3.012,109177519.91
1754078400,3.012,3.027,2.895,2.96,110727822.73
1754092800,2.96,2.985,2.948,2.982,45094921.41
1754107200,2.982,3.019,2.946,2.991,39500946.91
1754121600,2.991,3.001,2.93,2.94,38371807.08
1754136000,2.94,2.945,2.822,2.829,127521018.64
1754150400,2.829,2.865,2.742,2.779,237329545.03
1754164800,2.779,2.817,2.74,2.769,92387686.14
1754179200,2.769,2.841,2.728,2.837,91294936.27
1754193600,2.837,2.87,2.815,2.865,37730321.620000005
1754208000,2.865,2.894,2.85,2.87,45764195.97
1754222400,2.87,2.903,2.859,2.895,54688384.72
1754236800,2.895,2.93,2.886,2.916,91392961.78
1754251200,2.916,2.962,2.902,2.949,55404790.25
1754265600,2.949,3.031,2.932,2.999,104772744.03
1754280000,2.999,3.019,2.967,3.012,41309276.52
1754294400,3.012,3.024,2.977,2.993,40687799.81
1754308800,2.993,3.082,2.98,3.032,141517579.47
1754323200,3.032,3.091,3.032,3.049,79831101.77
1754337600,3.049,3.086,3.041,3.072,56895947.44
1754352000,3.072,3.106,3.034,3.038,55185473.32
1754366400,3.038,3.055,2.997,3.005,44577540.5
1754380800,3.005,3.079,2.999,3.062,50983694.47
1754395200,3.062,3.065,2.956,2.97,133769641.32
1754409600,2.97,2.992,2.94,2.946,86787107.45
1754424000,2.946,2.975,2.916,2.962,65723378.33
1754438400,2.962,2.964,2.909,2.914,48300096.16
1754452800,2.914,2.968,2.902,2.956,47245401.43
1754467200,2.956,2.959,2.918,2.946,37846378.72
1754481600,2.946,3.008,2.924,3.005,83882073.85
1754496000,3.005,3.019,2.971,3.011,71162027.38
1754510400,3.011,3.012,2.981,2.991,49254388.120000005
1754524800,2.991,3.011,2.968,2.969,38934838.39
1754539200,2.969,3.014,2.965,3.001,31048857.6
1754553600,3.001,3.089,2.989,3.08,89631716.14
1754568000,3.08,3.086,3.042,3.063,84568412.34
1754582400,3.063,3.103,3.011,3.103,104352484.58
1754596800,3.103,3.334,3.102,3.32,334160737.77
1754611200,3.32,3.376,3.272,3.376,230283029.59
1754625600,3.376,3.383,3.307,3.356,118721819.18
1754640000,3.356,3.361,3.303,3.338,63758145.24
1754654400,3.338,3.374,3.204,3.222,215574216.37
1754668800,3.222,3.339,3.221,3.339,144805758.35
1754683200,3.339,3.339,3.279,3.286,87029158.75
1754697600,3.286,3.313,3.281,3.291,40224668.34
1754712000,3.291,3.335,3.288,3.321,64555987.13
1754726400,3.321,3.348,3.306,3.309,59387769.24
1754740800,3.309,3.327,3.248,3.273,86040210.35
1754755200,3.273,3.297,3.26,3.265,62877786.1
1754769600,3.265,3.276,3.211,3.227,99036975.59
1754784000,3.227,3.264,3.22,3.259,52187981.46
1754798400,3.259,3.279,3.162,3.188,102129349.38
1754812800,3.188,3.219,3.153,3.191,60781504.7
1754827200,3.191,3.204,3.157,3.185,65707220.85
1754841600,3.185,3.214,3.182,3.207,37593203.4
1754856000,3.207,3.209,3.16,3.188,61705944.04
1754870400,3.188,3.274,3.173,3.266,98950085.08
1754884800,3.266,3.288,3.235,3.245,67759792.78999999
1754899200,3.245,3.333,3.204,3.216,105398141.6
1754913600,3.216,3.235,3.178,3.209,100905664.23
1754928000,3.209,3.228,3.149,3.149,127788867.93
1754942400,3.149,3.169,3.119,3.13,105088719.21
1754956800,3.13,3.176,3.128,3.149,51245053.22
1754971200,3.149,3.166,3.116,3.155,43031736.59
1754985600,3.155,3.164,3.105,3.15,45424171.93
1755000000,3.15,3.219,3.143,3.213,115541994.47
1755014400,3.213,3.291,3.206,3.289,132318491.44
1755028800,3.289,3.305,3.257,3.267,137166284.6
1755043200,3.267,3.267,3.205,3.242,86302693.9
1755057600,3.242,3.257,3.203,3.24,54911260.35
1755072000,3.24,3.299,3.24,3.285,84771773.3
1755086400,3.285,3.334,3.228,3.257,193544966.89
1755100800,3.257,3.285,3.246,3.278,82191009.32
1755115200,3.278,3.295,3.253,3.276,83440701.89
1755129600,3.276,3.352,3.272,3.327,123499721.05
1755144000,3.327,3.336,3.237,3.256,90283986.99
1755158400,3.256,3.257,3.202,3.22,86277480.31
1755172800,3.22,3.237,3.007,3.098,328526071.75
1755187200,3.098,3.101,3.045,3.07,132355782.52
1755201600,3.07,3.093,3.032,3.082,84018210.87
1755216000,3.082,3.125,3.075,3.12,53429289.11
1755230400,3.12,3.145,3.108,3.12,42581860.1
1755244800,3.12,3.13,3.099,3.113,50888803.92
1755259200,3.113,3.142,3.013,3.029,125600736.81
1755273600,3.029,3.096,3.004,3.068,100473443.47
1755288000,3.068,3.101,3.056,3.08,56694023.93
1755302400,3.08,3.116,3.074,3.111,35091816.379999995
1755316800,3.111,3.129,3.092,3.126,27398296.06
1755331200,3.126,3.158,3.104,3.106,63528132.75
1755345600,3.106,3.129,3.101,3.105,39135396.01
1755360000,3.105,3.114,3.095,3.102,36347593.370000005
1755374400,3.102,3.11,3.093,3.107,22242329.75
1755388800,3.107,3.125,3.085,3.122,31688189.66
1755403200,3.122,3.141,3.114,3.119,31915159.85
1755417600,3.119,3.142,3.114,3.13,26588070.88
1755432000,3.13,3.147,3.115,3.145,39406113.95
1755446400,3.145,3.149,3.079,3.091,59327941.29
1755460800,3.091,3.115,3.088,3.09,32795421.76
1755475200,3.09,3.093,2.97,2.992,138324313.32999998
1755489600,2.992,3.007,2.957,2.966,79522424.26
1755504000,2.966,2.98,2.942,2.967,78686399.62
1755518400,2.967,3.025,2.962,3.018,87369632.77
1755532800,3.018,3.098,3.003,3.083,84616824.28
1755547200,3.083,3.097,3.053,3.062,68147583.61
1755561600,3.062,3.082,2.985,2.992,65950170.4
1755576000,2.992,3.029,2.975,3.005,53165763.28
1755590400,3.005,3.026,2.993,3.017,46328050.14
1755604800,3.017,3.04,2.928,2.929,130863289.71
1755619200,2.929,2.936,2.871,2.875,145788926.09
1755633600,2.875,2.906,2.849,2.86,107142207.86
1755648000,2.86,2.9,2.85,2.888,65540722.77
1755662400,2.888,2.902,2.865,2.867,41967682.76
1755676800,2.867,2.914,2.86,2.889,93944887.44
1755691200,2.889,2.935,2.819,2.904,150213910.3
1755705600,2.904,2.991,2.904,2.99,105455657.51
1755720000,2.99,2.99,2.95,2.951,62481120.71
1755734400,2.951,2.958,2.913,2.93,48531936.17
1755748800,2.93,2.941,2.893,2.908,33206376.36
1755763200,2.908,2.916,2.886,2.902,42721688.17
1755777600,2.902,2.923,2.873,2.887,72322379.18
1755792000,2.887,2.919,2.851,2.867,78717492.85
1755806400,2.867,2.888,2.842,2.851,67934643.64
1755820800,2.851,2.884,2.823,2.832,55683861.95
1755835200,2.832,2.873,2.83,2.86,49477637.18
1755849600,2.86,2.876,2.804,2.805,63813351.15
1755864000,2.805,3.044,2.782,3.017,301847343.63
1755878400,3.017,3.1,3.017,3.073,205052745.82
1755892800,3.073,3.104,3.064,3.073,98924536.9
1755907200,3.073,3.073,2.968,2.992,93564965.15
1755921600,2.992,3.073,2.992,3.061,60715893.52
1755936000,3.061,3.07,3.028,3.041,36853351.01
1755950400,3.041,3.046,3.006,3.018,48713855.44
1755964800,3.018,3.03,3.009,3.029,33432890.24
1755979200,3.029,3.057,3.025,3.048,29926579.87
1755993600,3.048,3.088,3.044,3.052,50083211.43
1756008000,3.052,3.056,3.029,3.035,24421573.67
1756022400,3.035,3.047,2.997,3.009,43999643.64
1756036800,3.009,3.04,3.006,3.014,43785329.08
1756051200,3.014,3.127,3.003,3.033,181552061.75
1756065600,3.033,3.047,2.989,3.025,90001844.19
1756080000,3.025,3.053,2.974,3.021,62968131.68
1756094400,3.021,3.026,2.93,2.938,85838938.15
1756108800,2.938,2.958,2.92,2.943,58085281.0
1756123200,2.943,2.974,2.928,2.954,72330453.69
1756137600,2.954,2.968,2.873,2.877,112164900.73
1756152000,2.877,2.894,2.824,2.859,156048629.46
1756166400,2.859,2.898,2.848,2.886,74357818.86
1756180800,2.886,2.936,2.886,2.918,56930197.16
1756195200,2.918,2.928,2.891,2.901,39217323.15
1756209600,2.901,2.943,2.889,2.933,91091892.41
1756224000,2.933,3.082,2.927,3.061,143344947.26999998
1756238400,3.061,3.062,3.004,3.013,108727133.09
1756252800,3.013,3.013,2.981,3.005,46421590.34
1756267200,3.005,3.028,2.985,2.994,56565840.45
1756281600,2.994,3.024,2.994,2.999,42928542.0
1756296000,2.999,3.033,2.989,3.018,88878791.74000001
1756310400,3.018,3.045,2.989,3.006,107753998.91
1756324800,3.006,3.028,2.962,2.969,127714043.85
1756339200,2.969,2.989,2.954,2.982,48488447.010000005
1756353600,2.982,3.013,2.978,3.004,48512550.47
1756368000,3.004,3.016,2.992,3.009,36087269.1
1756382400,3.009,3.026,2.971,2.982,129167427.18
1756396800,2.982,2.999,2.943,2.944,71108660.13
1756411200,2.944,2.979,2.944,2.966,52502157.22
1756425600,2.966,2.976,2.938,2.939,62378050.53
1756440000,2.939,2.941,2.862,2.871,96773454.69
1756454400,2.871,2.888,2.844,2.877,75061266.08
1756468800,2.877,2.921,2.816,2.835,181595649.26
1756483200,2.835,2.847,2.801,2.814,116163465.52
1756497600,2.814,2.827,2.774,2.82,95916085.26
1756512000,2.82,2.825,2.762,2.814,57112612.54
1756526400,2.814,2.835,2.811,2.832,33661640.05
1756540800,2.832,2.833,2.796,2.811,28779315.980000004
1756555200,2.811,2.811,2.775,2.807,48954418.5
1756569600,2.807,2.819,2.799,2.811,30177412.49
1756584000,2.811,2.819,2.8,2.818,23254754.51
1756598400,2.818,2.869,2.818,2.852,52398458.4
1756612800,2.852,2.858,2.823,2.829,28876221.64
1756627200,2.829,2.845,2.813,2.824,17736814.43
1756641600,2.824,2.825,2.802,2.822,27162798.95
1756656000,2.822,2.823,2.799,2.8,36815534.0
1756670400,2.8,2.817,2.771,2.776,42255746.42
1756684800,2.776,2.779,2.726,2.743,109600259.59
1756699200,2.743,2.794,2.702,2.794,85650966.53999999
1756713600,2.794,2.839,2.768,2.77,95767322.67
1756728000,2.77,2.781,2.752,2.763,68735851.03
1756742400,2.763,2.775,2.721,2.773,75271014.32
1756756800,2.773,2.775,2.7,2.758,100607821.71
1756771200,2.758,2.801,2.749,2.798,56042096.67
1756785600,2.798,2.816,2.786,2.794,49134711.92
1756800000,2.794,2.833,2.794,2.799,40458549.02
1756814400,2.799,2.846,2.762,2.79,146050007.57
1756828800,2.79,2.828,2.782,2.828,91098133.06
1756843200,2.828,2.864,2.817,2.862,76607101.85000001
1756857600,2.862,2.865,2.826,2.842,53044050.79
1756872000,2.842,2.845,2.812,2.822,36043833.79
1756886400,2.822,2.864,2.821,2.858,45951199.06
1756900800,2.858,2.887,2.843,2.873,87866333.53999999
1756915200,2.873,2.875,2.844,2.865,50123351.42
1756929600,2.865,2.868,2.84,2.845,59934749.6
1756944000,2.845,2.858,2.834,2.845,39431255.33
1756958400,2.845,2.862,2.815,2.826,40554584.88
1756972800,2.826,2.856,2.825,2.842,37843740.93
1756987200,2.842,2.849,2.804,2.811,105949941.84
1757001600,2.811,2.824,2.785,2.785,57423346.11
1757016000,2.785,2.825,2.785,2.795,59136433.27
1757030400,2.795,2.814,2.778,2.807,39576191.97
1757044800,2.807,2.85,2.804,2.845,40933736.93
1757059200,2.845,2.854,2.829,2.844,49568131.76
1757073600,2.844,2.885,2.8,2.815,158450918.91
1757088000,2.815,2.865,2.804,2.864,50331131.260000005
1757102400,2.864,2.865,2.814,2.814,62631813.35
1757116800,2.814,2.829,2.812,2.827,25216038.69
1757131200,2.827,2.827,2.814,2.82,14046497.87
1757145600,2.82,2.82,2.801,2.806,15193720.670000002
1757160000,2.806,2.818,2.801,2.803,16646289.51
1757174400,2.803,2.808,2.793,2.795,25551411.78
1757188800,2.795,2.813,2.795,2.81,18000336.75
1757203200,2.81,2.826,2.81,2.823,19401676.85
1757217600,2.823,2.834,2.819,2.831,13486789.89
1757232000,2.831,2.837,2.826,2.832,12725094.18
1757246400,2.832,2.927,2.829,2.9,110866767.7
1757260800,2.9,2.9,2.851,2.863,56695013.07
1757275200,2.863,2.892,2.856,2.877,44251549.98
1757289600,2.877,2.9,2.863,2.889,40250124.9
1757304000,2.889,2.911,2.875,2.911,48257444.84
1757318400,2.911,2.955,2.904,2.936,92165781.53
1757332800,2.936,2.996,2.934,2.986,137303541.39
1757347200,2.986,2.991,2.961,2.978,90534208.26
1757361600,2.978,2.984,2.955,2.97,70973979.76
1757376000,2.97,2.978,2.935,2.951,50424959.93
1757390400,2.951,3.027,2.945,3.02,75196564.04
1757404800,3.02,3.037,3.0,3.005,87648792.71000001
1757419200,3.005,3.03,2.937,2.947,128591008.9
1757433600,2.947,2.973,2.944,2.965,44018541.95
1757448000,2.965,2.969,2.94,2.947,49954725.84
1757462400,2.947,2.964,2.936,2.962,40779823.14
1757476800,2.962,2.981,2.946,2.981,30521450.62
1757491200,2.981,2.987,2.961,2.972,34744653.26
1757505600,2.972,3.024,2.971,3.003,104755535.34
1757520000,3.003,3.029,2.968,2.979,86854949.12
1757534400,2.979,2.987,2.972,2.984,53276589.28
1757548800,2.984,3.011,2.978,3.01,42979332.71
1757563200,3.01,3.015,2.993,3.004,40309324.94
1757577600,3.004,3.035,3.0,3.009,62146725.92
1757592000,3.009,3.032,2.957,2.996,119946728.72
1757606400,2.996,3.034,2.991,3.025,88448135.24000001
1757620800,3.025,3.05,3.011,3.041,74828384.13
1757635200,3.041,3.072,3.034,3.038,80916828.38
1757649600,3.038,3.074,3.03,3.068,55352971.49
1757664000,3.068,3.071,3.038,3.04,43236012.0
1757678400,3.04,3.066,3.018,3.029,101822318.06
1757692800,3.029,3.097,3.023,3.094,102592169.22
1757707200,3.094,3.139,3.086,3.107,147499926.81
1757721600,3.107,3.126,3.092,3.116,50270613.79
1757736000,3.116,3.123,3.101,3.119,37941987.65
1757750400,3.119,3.187,3.112,3.175,123289066.77
1757764800,3.175,3.183,3.118,3.135,100654893.21
1757779200,3.135,3.143,3.09,3.113,79904102.7
1757793600,3.113,3.13,3.111,3.121,39664549.33
1757808000,3.121,3.128,3.087,3.096,66277690.78
1757822400,3.096,3.11,3.077,3.085,45164177.32
1757836800,3.085,3.097,3.056,3.06,39028011.43
1757851200,3.06,3.068,3.012,3.033,91397183.53
1757865600,3.033,3.061,3.03,3.039,49150156.45
1757880000,3.039,3.058,3.027,3.029,58385052.59
1757894400,3.029,3.053,3.014,3.05,47132412.2
1757908800,3.05,3.068,3.015,3.025,55273561.44
1757923200,3.025,3.025,2.955,3.001,103805755.21
1757937600,3.001,3.044,2.986,3.029,107415994.61
1757952000,3.029,3.037,2.987,2.989,74917050.88
1757966400,2.989,3.004,2.981,2.997,66025076.86
1757980800,2.997,3.0,2.978,2.98,40264589.24
1757995200,2.98,3.015,2.965,3.008,48013221.98
1758009600,3.008,3.05,3.005,3.03,69662120.14
1758024000,3.03,3.049,3.002,3.04,78080112.74000001
1758038400,3.04,3.059,3.032,3.053,80220953.08
1758052800,3.053,3.058,3.036,3.038,56581323.9
1758067200,3.038,3.048,3.017,3.018,61166483.2
1758081600,3.018,3.04,3.007,3.036,51792327.02
1758096000,3.036,3.036,3.005,3.01,65985595.53
1758110400,3.01,3.039,3.01,3.024,68269740.63
1758124800,3.024,3.07,2.982,3.034,181313279.76
1758139200,3.034,3.108,3.007,3.085,140951397.32999998
1758153600,3.085,3.113,3.072,3.107,77467217.17
1758168000,3.107,3.108,3.057,3.093,55472512.35
1758182400,3.093,3.139,3.092,3.138,62897601.0
1758196800,3.138,3.141,3.104,3.114,96234285.94
1758211200,3.114,3.124,3.089,3.109,99887797.46
1758225600,3.109,3.109,3.061,3.074,85992823.50999999
1758240000,3.074,3.095,3.047,3.048,57202839.79000001
1758254400,3.048,3.055,3.026,3.04,53721674.49
1758268800,3.04,3.049,3.025,3.032,47152869.7
1758283200,3.032,3.048,2.991,3.012,92211968.13
1758297600,3.012,3.019,2.986,2.988,63873709.56
1758312000,2.988,3.002,2.981,2.991,61871464.6
1758326400,2.991,3.003,2.982,2.993,28422002.73
1758340800,2.993,3.011,2.989,3.011,18743489.89
1758355200,3.011,3.011,2.977,2.991,26993054.3
1758369600,2.991,2.998,2.968,2.991,40772244.15
1758384000,2.991,2.995,2.973,2.977,32018823.71
1758398400,2.977,2.988,2.972,2.977,29787294.49
1758412800,2.977,3.001,2.975,2.999,27113321.7
1758427200,2.999,3.015,2.995,2.999,27450674.37
1758441600,2.999,3.002,2.963,2.977,34327517.129999995
1758456000,2.977,2.99,2.972,2.982,29106357.33
1758470400,2.982,2.987,2.954,2.984,43210005.21
1758484800,2.984,2.994,2.967,2.972,37176371.33
1758499200,2.972,2.977,2.879,2.906,136942176.64
1758513600,2.906,2.909,2.711,2.808,171573076.51999998
1758528000,2.808,2.826,2.793,2.819,76254595.35
1758542400,2.819,2.877,2.807,2.862,116620807.75
1758556800,2.862,2.873,2.818,2.835,95672081.19
1758571200,2.835,2.858,2.816,2.855,61210597.95
1758585600,2.855,2.874,2.802,2.862,73625803.43
1758600000,2.862,2.887,2.838,2.867,67315000.0
1758614400,2.867,2.876,2.851,2.861,44836305.35
1758628800,2.861,2.886,2.855,2.879,70048202.64
1758643200,2.879,2.898,2.839,2.855,91049424.15
1758657600,2.855,2.861,2.818,2.825,76664997.02
1758672000,2.825,2.844,2.807,2.815,59940009.36
1758686400,2.815,2.878,2.79,2.875,77516539.41
1758700800,2.875,2.885,2.869,2.881,40795123.98
1758715200,2.881,2.952,2.874,2.941,83223281.26
1758729600,2.941,2.997,2.93,2.978,104781423.26
1758744000,2.978,2.98,2.924,2.926,94463559.36
1758758400,2.926,2.945,2.87,2.874,88580288.84
1758772800,2.874,2.879,2.833,2.843,78093458.3
1758787200,2.843,2.855,2.809,2.817,83264248.32
1758801600,2.817,2.862,2.793,2.833,149610899.91
1758816000,2.833,2.839,2.726,2.761,201271419.47
1758830400,2.761,2.772,2.734,2.745,103863304.19
1758844800,2.745,2.78,2.74,2.763,90319947.83
1758859200,2.763,2.777,2.74,2.757,80324986.77000001
1758873600,2.757,2.77,2.7,2.73,100819908.48
1758888000,2.73,2.778,2.701,2.737,190056161.43
1758902400,2.737,2.811,2.733,2.795,123356879.34
1758916800,2.795,2.8,2.772,2.785,67575354.0
1758931200,2.785,2.792,2.769,2.785,41102194.24
1758945600,2.785,2.803,2.777,2.783,29936299.81
1758960000,2.783,2.795,2.763,2.779,34553311.19
1758974400,2.779,2.791,2.774,2.786,27904572.6
1758988800,2.786,2.796,2.764,2.791,33574887.33
1759003200,2.791,2.83,2.789,2.806,50755701.82
1759017600,2.806,2.816,2.779,2.785,47238772.58
1759032000,2.785,2.796,2.777,2.789,20056845.62
1759046400,2.789,2.796,2.772,2.777,26479057.05
1759060800,2.777,2.815,2.767,2.812,41141791.1
1759075200,2.812,2.835,2.806,2.829,50262691.510000005
1759089600,2.829,2.869,2.827,2.869,60400175.85
1759104000,2.869,2.886,2.849,2.864,65691470.870000005
1759118400,2.864,2.906,2.847,2.888,48675514.55
1759132800,2.888,2.893,2.854,2.856,39437137.29
1759147200,2.856,2.93,2.847,2.896,108374810.4
1759161600,2.896,2.905,2.867,2.899,79613157.0
1759176000,2.899,2.916,2.88,2.881,74436398.27
1759190400,2.881,2.894,2.87,2.878,50997323.06
1759204800,2.878,2.909,2.873,2.876,43532863.72
1759219200,2.876,2.877,2.836,2.848,54914683.86
1759233600,2.848,2.864,2.814,2.829,72668539.7
1759248000,2.829,2.871,2.818,2.865,88588012.81
1759262400,2.865,2.88,2.834,2.847,77413231.64
1759276800,2.847,2.86,2.815,2.82,52043084.56
1759291200,2.82,2.858,2.817,2.855,51623273.76
1759305600,2.855,2.953,2.853,2.945,103803592.34
1759320000,2.945,2.96,2.929,2.944,110994392.86
1759334400,2.944,2.963,2.921,2.956,84249620.28
1759348800,2.956,2.957,2.927,2.949,68588115.06
1759363200,2.949,2.989,2.942,2.974,80615377.35
1759377600,2.974,2.987,2.956,2.971,64392233.28
1759392000,2.971,2.998,2.969,2.974,55766061.91
1759406400,2.974,2.996,2.948,2.994,126000736.52
1759420800,2.994,3.103,2.989,3.092,229263521.27
1759435200,3.092,3.093,3.028,3.04,120852170.7
1759449600,3.04,3.041,3.006,3.023,74155176.21000001
1759464000,3.023,3.037,3.015,3.036,49921530.46
1759478400,3.036,3.061,3.026,3.04,72880905.65
1759492800,3.04,3.076,3.011,3.072,111446348.16
1759507200,3.072,3.097,3.018,3.037,163087723.26
1759521600,3.037,3.057,3.023,3.042,78277549.42999999
1759536000,3.042,3.054,3.01,3.026,63464079.56
1759550400,3.026,3.033,3.017,3.02,40484581.5
1759564800,3.02,3.023,2.984,2.992,49556498.09
1759579200,2.992,3.008,2.942,2.951,106597460.31
1759593600,2.951,2.958,2.94,2.951,66343068.78
1759608000,2.951,2.974,2.948,2.97,43299365.67
1759622400,2.97,3.028,2.957,3.009,74314768.86
1759636800,3.009,3.067,3.007,3.064,85357209.24000001
1759651200,3.064,3.072,3.002,3.022,71348709.7
1759665600,3.022,3.022,2.986,3.013,51959231.04
1759680000,3.013,3.016,2.949,2.954,63944825.71
1759694400,2.954,2.986,2.948,2.97,48966578.75
1759708800,2.97,2.993,2.957,2.98,58424245.96
1759723200,2.98,3.0,2.964,2.975,41071531.36
1759737600,2.975,3.01,2.975,2.997,49862954.68
1759752000,2.997,3.04,2.986,3.033,135489993.13
1759766400,3.033,3.052,3.023,3.026,89565466.65
1759780800,3.026,3.035,2.988,2.989,98798938.21
1759795200,2.989,3.002,2.978,2.987,50064559.78
1759809600,2.987,3.003,2.964,2.974,49592219.18000001
1759824000,2.974,2.983,2.958,2.973,45575059.46
1759838400,2.973,2.994,2.873,2.886,162558738.94
1759852800,2.886,2.905,2.85,2.858,114053786.03
1759867200,2.858,2.883,2.852,2.853,80239635.65
1759881600,2.853,2.881,2.841,2.848,65114589.23
1759896000,2.848,2.866,2.832,2.859,53406589.3
1759910400,2.859,2.882,2.858,2.878,40717089.19
1759924800,2.878,2.895,2.853,2.867,81225193.02
1759939200,2.867,2.926,2.864,2.91,89998940.23
1759953600,2.91,2.912,2.877,2.88,69749590.37
1759968000,2.88,2.881,2.826,2.845,65716594.93
1759982400,2.845,2.85,2.815,2.818,42263143.69
1759996800,2.818,2.829,2.786,2.828,81873873.28
1760011200,2.828,2.842,2.792,2.804,92234218.88
1760025600,2.804,2.811,2.775,2.791,109413454.54
1760040000,2.791,2.818,2.785,2.803,61735223.33
1760054400,2.803,2.831,2.792,2.814,50299893.21
1760068800,2.814,2.832,2.8,2.804,38175181.22
1760083200,2.804,2.831,2.8,2.82,33465708.44
1760097600,2.82,2.838,2.714,2.743,155225394.57
1760112000,2.743,2.766,2.638,2.677,199040756.13
1760126400,2.677,2.699,1.739,2.374,900087717.9000001
1760140800,2.374,2.458,2.28,2.4,244882532.56
1760155200,2.4,2.454,2.393,2.415,142728385.42000002
1760169600,2.415,2.508,2.402,2.48,95729758.56
1760184000,2.48,2.489,2.419,2.481,91903283.23
1760198400,2.481,2.496,2.386,2.412,96715717.12
1760212800,2.412,2.414,2.325,2.385,126129107.54
1760227200,2.385,2.389,2.315,2.344,82296025.32
1760241600,2.344,2.403,2.342,2.392,61173762.3
1760256000,2.392,2.412,2.371,2.398,39862884.69
1760270400,2.398,2.516,2.362,2.49,157288693.49
1760284800,2.49,2.554,2.49,2.55,166017658.57999998
1760299200,2.55,2.586,2.511,2.531,111883367.94
1760313600,2.531,2.576,2.516,2.553,79122108.14
1760328000,2.553,2.639,2.536,2.624,84825875.08
1760342400,2.624,2.644,2.539,2.572,102476944.06
1760356800,2.572,2.617,2.553,2.59,182261591.63
1760371200,2.59,2.642,2.573,2.626,126338171.18
1760385600,2.626,2.648,2.6,2.607,75447142.27
1760400000,2.607,2.622,2.552,2.562,80028320.45
1760414400,2.562,2.567,2.422,2.454,133965804.11
1760428800,2.454,2.478,2.414,2.454,95161857.14
1760443200,2.454,2.501,2.391,2.499,163598377.17000002
1760457600,2.499,2.537,2.463,2.485,136917001.61
1760472000,2.485,2.513,2.476,2.505,58797627.27
1760486400,2.505,2.527,2.481,2.49,47659748.8
1760500800,2.49,2.51,2.481,2.509,37501855.49
1760515200,2.509,2.549,2.479,2.495,58624060.82
1760529600,2.495,2.514,2.426,2.435,148559142.14
1760544000,2.435,2.45,2.403,2.406,92220746.44
1760558400,2.406,2.422,2.378,2.412,71588772.98
1760572800,2.412,2.436,2.401,2.419,44980483.32
1760587200,2.419,2.433,2.398,2.411,50176899.02
1760601600,2.411,2.458,2.355,2.453,90702483.04
1760616000,2.453,2.468,2.341,2.357,157171726.84
1760630400,2.357,2.4,2.309,2.328,158262709.75
1760644800,2.328,2.337,2.274,2.328,129771497.95
1760659200,2.328,2.399,2.32,2.359,88813921.37
1760673600,2.359,2.36,2.232,2.239,126484370.66
1760688000,2.239,2.296,2.19,2.283,160117981.13
1760702400,2.283,2.304,2.241,2.302,130951781.46
1760716800,2.302,2.328,2.278,2.298,96689099.0
1760731200,2.298,2.342,2.292,2.294,88986885.79
1760745600,2.294,2.344,2.29,2.34,43548673.75
1760760000,2.34,2.377,2.317,2.355,38695915.870000005
1760774400,2.355,2.38,2.349,2.38,34647878.730000004
1760788800,2.38,2.392,2.341,2.35,46171515.49
1760803200,2.35,2.372,2.334,2.368,35530419.17
1760817600,2.368,2.375,2.352,2.36,28627844.96
1760832000,2.36,2.369,2.337,2.369,29251230.4
1760846400,2.369,2.37,2.343,2.349,21262187.85
1760860800,2.349,2.399,2.318,2.376,65697850.32
1760875200,2.376,2.415,2.363,2.402,65206546.7
1760889600,2.402,2.42,2.389,2.4,52415952.81
1760904000,2.4,2.411,2.388,2.391,36443607.120000005
1760918400,2.391,2.441,2.356,2.435,62492184.68
1760932800,2.435,2.478,2.432,2.471,51080703.6
1760947200,2.471,2.481,2.453,2.458,42648224.84
1760961600,2.458,2.486,2.448,2.464,64277293.33
1760976000,2.464,2.553,2.428,2.526,93682156.82
1760990400,2.526,2.536,2.483,2.496,69177602.69
1761004800,2.496,2.496,2.449,2.454,46497212.13
1761019200,2.454,2.454,2.413,2.428,66715505.0
1761033600,2.428,2.434,2.402,2.433,51791172.74
1761048000,2.433,2.533,2.409,2.523,102741761.62
1761062400,2.523,2.525,2.474,2.495,85678247.46000001
1761076800,2.495,2.498,2.417,2.423,83284760.05000001
1761091200,2.423,2.435,2.405,2.422,42629939.84
1761105600,2.422,2.439,2.392,2.411,47714123.53
1761120000,2.411,2.411,2.368,2.398,52443787.84
1761134400,2.398,2.418,2.368,2.401,90061439.4
1761148800,2.401,2.407,2.356,2.377,80676435.39
1761163200,2.377,2.381,2.329,2.365,76987519.82
1761177600,2.365,2.388,2.362,2.38,29497164.15
1761192000,2.38,2.42,2.378,2.409,30147436.29
1761206400,2.409,2.418,2.391,2.392,26377596.25
1761220800,2.392,2.42,2.376,2.409,54520145.370000005
1761235200,2.409,2.427,2.393,2.408,58247532.94
1761249600,2.408,2.408,2.379,2.395,45299310.91
1761264000,2.395,2.411,2.388,2.408,31035666.72
1761278400,2.408,2.449,2.405,2.441,51109244.55
1761292800,2.441,2.465,2.435,2.456,34126454.4
1761307200,2.456,2.515,2.456,2.48,122265332.33
1761321600,2.48,2.514,2.461,2.501,72730251.66
1761336000,2.501,2.515,2.497,2.511,52448358.45
1761350400,2.511,2.561,2.503,2.541,65255763.3
1761364800,2.541,2.571,2.538,2.543,44409572.22
1761379200,2.543,2.571,2.529,2.565,32539565.97
1761393600,2.565,2.62,2.561,2.599,61614862.5
1761408000,2.599,2.654,2.589,2.605,35583454.69
1761422400,2.605,2.618,2.589,2.596,41693643.59
1761436800,2.596,2.629,2.593,2.602,44772744.37
1761451200,2.602,2.627,2.6,2.625,23880783.65
1761465600,2.625,2.662,2.618,2.647,57061665.88
1761480000,2.647,2.657,2.63,2.641,54134225.83
1761494400,2.641,2.642,2.609,2.615,55220234.43
1761508800,2.615,2.662,2.599,2.646,80026968.36
1761523200,2.646,2.67,2.623,2.636,74793668.09
1761537600,2.636,2.675,2.627,2.631,50805024.85
1761552000,2.631,2.639,2.606,2.626,43994032.66
1761566400,2.626,2.664,2.602,2.661,81385504.83
1761580800,2.661,2.697,2.655,2.67,104984269.05
1761595200,2.67,2.67,2.624,2.634,70864314.35
1761609600,2.634,2.652,2.61,2.632,52126552.26
1761624000,2.632,2.662,2.612,2.638,56427362.46
1761638400,2.638,2.668,2.636,2.642,34742959.04
1761652800,2.642,2.689,2.606,2.636,120615932.48
1761667200,2.636,2.68,2.613,2.643,88137721.74
1761681600,2.643,2.643,2.569,2.604,107725035.9
1761696000,2.604,2.628,2.6,2.609,49046181.71
1761710400,2.609,2.637,2.608,2.635,31042217.46
1761724800,2.635,2.662,2.622,2.651,36016823.22
1761739200,2.651,2.665,2.615,2.627,74785681.82
1761753600,2.627,2.66,2.554,2.588,143564631.93
1761768000,2.588,2.618,2.537,2.551,80300774.72
1761782400,2.551,2.59,2.529,2.579,53259920.91
1761796800,2.579,2.594,2.489,2.584,89056099.18
1761811200,2.584,2.59,2.542,2.544,32411734.54
1761825600,2.544,2.551,2.445,2.454,152423740.83
1761840000,2.454,2.471,2.377,2.385,120095701.88
1761854400,2.385,2.442,2.377,2.439,78748466.74000001
1761868800,2.439,2.482,2.434,2.471,57836819.25
1761883200,2.471,2.493,2.469,2.475,39618279.39
1761897600,2.475,2.515,2.466,2.514,39788092.120000005
1761912000,2.514,2.559,2.492,2.526,213518993.55
1761926400,2.526,2.553,2.484,2.543,95408899.21
1761940800,2.543,2.543,2.501,2.508,45218435.24
1761955200,2.508,2.518,2.488,2.515,29362180.48
1761969600,2.515,2.522,2.497,2.505,18490258.05
1761984000,2.505,2.514,2.499,2.5,21807128.61
1761998400,2.5,2.505,2.475,2.501,31387130.56
1762012800,2.501,2.514,2.495,2.505,23947901.2
1762027200,2.505,2.512,2.489,2.505,17738155.65
1762041600,2.505,2.512,2.494,2.506,19688547.64
1762056000,2.506,2.536,2.505,2.534,25788010.89
1762070400,2.534,2.554,2.509,2.541,38710935.09
1762084800,2.541,2.551,2.5,2.5,42338156.97
1762099200,2.5,2.505,2.478,2.489,36805875.54
1762113600,2.489,2.532,2.485,2.527,36652185.42
1762128000,2.527,2.532,2.424,2.43,71984465.41
1762142400,2.43,2.453,2.388,2.414,62860982.06999999
1762156800,2.414,2.428,2.382,2.402,54660304.73
1762171200,2.402,2.429,2.306,2.328,116815871.25
1762185600,2.328,2.394,2.32,2.324,114390857.63
1762200000,2.324,2.329,2.263,2.309,132120543.21
1762214400,2.309,2.363,2.3,2.357,74966723.15
1762228800,2.357,2.365,2.232,2.243,117522535.0
1762243200,2.243,2.284,2.229,2.28,80567201.82000001
1762257600,2.28,2.326,2.242,2.282,102338338.23
1762272000,2.282,2.295,2.154,2.168,193000346.95
1762286400,2.168,2.229,2.067,2.205,235250285.11
1762300800,2.205,2.253,2.102,2.237,141063914.09
1762315200,2.237,2.26,2.226,2.247,58564305.17
1762329600,2.247,2.247,2.205,2.237,52789711.11
1762344000,2.237,2.288,2.231,2.276,89988541.42
1762358400,2.276,2.326,2.254,2.323,111605936.21
1762372800,2.323,2.377,2.318,2.343,130765964.71
1762387200,2.343,2.415,2.31,2.359,106368636.39
1762401600,2.359,2.364,2.313,2.326,39718368.93
1762416000,2.326,2.333,2.288,2.3,53602915.010000005
1762430400,2.3,2.31,2.228,2.233,97131180.47
1762444800,2.233,2.249,2.202,2.211,110709404.66
1762459200,2.211,2.225,2.179,2.212,83682455.61
1762473600,2.212,2.236,2.192,2.228,58890433.06
1762488000,2.228,2.239,2.211,2.233,35704872.43
1762502400,2.233,2.234,2.163,2.187,50586682.29
1762516800,2.187,2.219,2.151,2.211,144974982.53
1762531200,2.211,2.354,2.201,2.352,181026199.3
1762545600,2.352,2.372,2.309,2.314,98809679.62
1762560000,2.314,2.336,2.298,2.318,68671711.73
1762574400,2.318,2.335,2.294,2.322,46590810.28
1762588800,2.322,2.333,2.29,2.295,26886331.56
1762603200,2.295,2.301,2.242,2.255,53368092.46
1762617600,2.255,2.279,2.251,2.273,36743401.87
1762632000,2.273,2.289,2.271,2.286,26053409.27
1762646400,2.286,2.287,2.239,2.254,33593866.629999995
1762660800,2.254,2.298,2.251,2.296,33010770.36
1762675200,2.296,2.296,2.252,2.275,29365728.19
1762689600,2.275,2.333,2.267,2.315,50735023.47
1762704000,2.315,2.35,2.301,2.349,43302808.48
1762718400,2.349,2.394,2.324,2.366,62216126.32
1762732800,2.366,2.477,2.346,2.461,141137122.84
1762747200,2.461,2.492,2.439,2.48,57885233.71
1762761600,2.48,2.572,2.47,2.541,83023174.14
1762776000,2.541,2.57,2.497,2.529,116409460.17
1762790400,2.529,2.563,2.513,2.549,99656840.26
1762804800,2.549,2.581,2.511,2.525,122940013.35
1762819200,2.525,2.569,2.513,2.53,86827360.03999999
1762833600,2.53,2.532,2.445,2.447,69821767.55
1762848000,2.447,2.47,2.44,2.461,41211608.27
1762862400,2.461,2.471,2.426,2.437,75198767.83
1762876800,2.437,2.441,2.41,2.416,54846048.93
1762891200,2.416,2.422,2.379,2.391,69691908.03
1762905600,2.391,2.413,2.381,2.399,53427999.61
1762920000,2.399,2.408,2.366,2.374,36796053.07
1762934400,2.374,2.439,2.373,2.439,54135932.76
1762948800,2.439,2.449,2.364,2.368,92635640.48
1762963200,2.368,2.373,2.316,2.338,110876273.64
1762977600,2.338,2.394,2.333,2.388,69631984.47
1762992000,2.388,2.512,2.382,2.483,100376354.07999998
1763006400,2.483,2.52,2.451,2.487,98669389.3
1763020800,2.487,2.526,2.472,2.495,59314344.69
1763035200,2.495,2.518,2.42,2.434,138061734.84
1763049600,2.434,2.444,2.311,2.314,146172088.52
1763064000,2.314,2.345,2.276,2.321,123237904.28
1763078400,2.321,2.337,2.289,2.315,76874806.47
1763092800,2.315,2.326,2.246,2.306,90111857.83
1763107200,2.306,2.309,2.256,2.268,51907867.20999999
1763121600,2.268,2.326,2.226,2.311,154658789.66
1763136000,2.311,2.339,2.275,2.311,142897721.64
1763150400,2.311,2.315,2.225,2.243,113870508.95
1763164800,2.243,2.302,2.241,2.293,50026662.69
1763179200,2.293,2.295,2.272,2.285,29131045.93
1763193600,2.285,2.286,2.241,2.257,31438980.86
1763208000,2.257,2.278,2.244,2.254,35785334.8
1763222400,2.254,2.27,2.228,2.255,42165023.31
1763236800,2.255,2.26,2.211,2.236,47891114.370000005
1763251200,2.236,2.255,2.189,2.248,71887018.49
1763265600,2.248,2.269,2.238,2.266,28714114.81
1763280000,2.266,2.279,2.229,2.234,28976395.88
1763294400,2.234,2.245,2.182,2.186,56357245.58
1763308800,2.186,2.229,2.155,2.215,114346250.7
1763323200,2.215,2.229,2.165,2.214,67335405.74000001
1763337600,2.214,2.262,2.197,2.256,65872387.92
1763352000,2.256,2.268,2.239,2.263,39658001.54
1763366400,2.263,2.283,2.258,2.271,32722305.6
1763380800,2.271,2.304,2.194,2.208,147170471.57999998
1763395200,2.208,2.22,2.119,2.125,165342873.7
1763409600,2.125,2.171,2.112,2.162,124061966.5
1763424000,2.162,2.174,2.105,2.162,125757638.82
1763438400,2.162,2.176,2.124,2.159,83520809.2
1763452800,2.159,2.199,2.159,2.181,60478932.65
1763467200,2.181,2.227,2.149,2.212,134615332.05
1763481600,2.212,2.239,2.2,2.227,89210517.6
1763496000,2.227,2.24,2.202,2.216,64881214.98
1763510400,2.216,2.218,2.18,2.183,57507206.21
1763524800,2.183,2.186,2.126,2.167,69059379.47
1763539200,2.167,2.169,2.129,2.13,48709131.86
1763553600,2.13,2.148,2.08,2.084,116947491.43
1763568000,2.084,2.101,2.028,2.035,156798312.74
1763582400,2.035,2.115,2.024,2.108,130785282.09
1763596800,2.108,2.139,2.094,2.132,67267729.5
1763611200,2.132,2.148,2.117,2.138,50611484.98
1763625600,2.138,2.139,2.106,2.114,34249891.379999995
1763640000,2.114,2.141,2.081,2.083,92050983.23
1763654400,2.083,2.085,1.973,2.005,226421665.72
1763668800,2.005,2.051,1.986,1.997,97079466.08
1763683200,1.997,2.028,1.961,1.978,98964176.49
1763697600,1.978,1.993,1.866,1.917,141491350.06
1763712000,1.917,1.954,1.872,1.873,132447062.73
1763726400,1.873,1.964,1.818,1.91,215476868.34
1763740800,1.91,1.996,1.884,1.947,171360617.49
1763755200,1.947,1.964,1.899,1.95,112626588.34
1763769600,1.95,1.962,1.93,1.948,56079816.58
1763784000,1.948,1.956,1.913,1.952,51310522.97
1763798400,1.952,1.952,1.894,1.916,52382095.53
1763812800,1.916,1.938,1.888,1.928,51514441.010000005
1763827200,1.928,1.95,1.921,1.927,45321199.54
1763841600,1.927,1.966,1.919,1.95,42512410.39
1763856000,1.95,2.05,1.949,2.03,93683170.19
1763870400,2.03,2.075,2.016,2.026,74205151.19
1763884800,2.026,2.052,2.022,2.03,30916243.02
1763899200,2.03,2.065,2.029,2.062,58532865.9
1763913600,2.062,2.079,2.04,2.074,73879608.65
1763928000,2.074,2.084,2.042,2.049,60315642.27
1763942400,2.049,2.107,2.023,2.086,105892247.39
1763956800,2.086,2.102,2.045,2.063,69949220.17
1763971200,2.063,2.077,2.038,2.058,45562897.82
1763985600,2.058,2.101,2.048,2.09,104952639.96
1764000000,2.09,2.238,2.087,2.235,207599613.0
1764014400,2.235,2.287,2.22,2.227,156774157.76
1764028800,2.227,2.265,2.225,2.243,71108275.67
1764043200,2.243,2.258,2.216,2.216,48989882.65
1764057600,2.216,2.22,2.185,2.196,55574310.24
1764072000,2.196,2.234,2.159,2.187,110508879.22
1764086400,2.187,2.209,2.147,2.171,84330665.36
1764100800,2.171,2.216,2.164,2.201,94526428.78
1764115200,2.201,2.213,2.173,2.176,40914090.78
1764129600,2.176,2.206,2.17,2.205,32663344.23
1764144000,2.205,2.206,2.169,2.171,31277086.26
1764158400,2.171,2.18,2.144,2.172,67689284.41
1764172800,2.172,2.254,2.171,2.232,106218717.7
1764187200,2.232,2.235,2.212,2.223,63763277.760000005
1764201600,2.223,2.234,2.207,2.21,51921562.22
1764216000,2.21,2.221,2.196,2.205,35698424.06
1764230400,2.205,2.21,2.184,2.19,26812487.52
1764244800,2.19,2.203,2.173,2.202,43983604.82
1764259200,2.202,2.231,2.198,2.223,40959469.620000005
1764273600,2.223,2.233,2.196,2.2,35645724.11
1764288000,2.2,2.204,2.167,2.186,37821880.09
1764302400,2.186,2.221,2.181,2.197,34097043.95
1764316800,2.197,2.249,2.185,2.197,42447806.95
1764331200,2.197,2.276,2.189,2.245,161948364.56
1764345600,2.245,2.252,2.157,2.188,116745536.17
1764360000,2.188,2.192,2.173,2.18,46565205.06
1764374400,2.18,2.188,2.173,2.186,25991176.18
1764388800,2.186,2.19,2.167,2.18,22371146.05
1764403200,2.18,2.215,2.175,2.212,24780883.92
1764417600,2.212,2.223,2.193,2.219,45792003.72
1764432000,2.219,2.222,2.191,2.195,41893638.26
1764446400,2.195,2.215,2.188,2.202,21054900.7
1764460800,2.202,2.213,2.189,2.207,20392740.05
1764475200,2.207,2.21,2.192,2.2,21386175.03
1764489600,2.2,2.21,2.184,2.189,17268006.59
1764504000,2.189,2.208,2.185,2.197,22236713.11
1764518400,2.197,2.215,2.196,2.199,25064236.64
1764532800,2.199,2.203,2.153,2.155,41963571.36
1764547200,2.155,2.161,2.043,2.05,165506913.67
1764561600,2.05,2.059,2.017,2.057,65731720.66
1764576000,2.057,2.06,2.032,2.034,34223595.05
1764590400,2.034,2.049,1.983,2.007,110076286.89
1764604800,2.007,2.012,1.986,1.995,104035901.84
1764619200,1.995,2.044,1.994,2.03,94907813.94
1764633600,2.03,2.043,2.003,2.021,51521361.08
1764648000,2.021,2.028,2.01,2.018,26993538.53
1764662400,2.018,2.042,1.995,2.037,36196986.45
1764676800,2.037,2.165,2.027,2.156,109543781.75
1764691200,2.156,2.184,2.135,2.175,116308202.58
1764705600,2.175,2.179,2.149,2.154,79457219.61
1764720000,2.154,2.191,2.142,2.177,72603336.26
1764734400,2.177,2.22,2.174,2.192,69419443.52
1764748800,2.192,2.196,2.167,2.177,32604248.67
1764763200,2.177,2.199,2.143,2.169,82230081.34
1764777600,2.169,2.193,2.16,2.187,58505473.76
1764792000,2.187,2.214,2.183,2.198,79616743.39
1764806400,2.198,2.215,2.187,2.195,42437997.27
1764820800,2.195,2.2,2.167,2.173,30521701.14
1764835200,2.173,2.179,2.143,2.151,34489592.9
1764849600,2.151,2.158,2.114,2.154,71834299.63
1764864000,2.154,2.158,2.07,2.098,97316494.53
1764878400,2.098,2.111,2.087,2.096,45305859.61
1764892800,2.096,2.113,2.088,2.092,33822752.6
1764907200,2.092,2.099,2.077,2.094,27584003.74
1764921600,2.094,2.094,2.055,2.07,35205059.46
1764936000,2.07,2.101,2.057,2.077,73178899.05
1764950400,2.077,2.078,2.013,2.038,100476155.04
1764964800,2.038,2.038,2.02,2.035,43765196.68
1764979200,2.035,2.043,2.018,2.039,32524018.66
1764993600,2.039,2.051,2.029,2.031,16907171.96
1765008000,2.031,2.034,2.016,2.033,15416771.25
1765022400,2.033,2.048,2.022,2.03,26281309.23
1765036800,2.03,2.04,2.022,2.026,24615021.79
1765051200,2.026,2.038,2.024,2.031,19671207.21
1765065600,2.031,2.073,2.03,2.069,29282655.95
1765080000,2.069,2.074,2.029,2.031,29342627.5
1765094400,2.031,2.036,2.025,2.034,16178565.51
1765108800,2.034,2.056,1.992,2.054,55854648.82
1765123200,2.054,2.111,2.039,2.087,79869251.53
1765137600,2.087,2.094,2.013,2.045,55593038.99
1765152000,2.045,2.092,2.033,2.072,55157000.02
1765166400,2.072,2.094,2.07,2.087,24688216.3
1765180800,2.087,2.124,2.082,2.091,35398578.62
1765195200,2.091,2.112,2.068,2.076,57071181.47
1765209600,2.076,2.087,2.063,2.078,49136536.56
1765224000,2.078,2.094,2.07,2.072,43771632.51
1765238400,2.072,2.082,2.057,2.07,33160266.56
1765252800,2.07,2.071,2.042,2.061,25942299.78
1765267200,2.061,2.07,2.046,2.069,19064340.25
1765281600,2.069,2.119,2.049,2.116,77289869.97
1765296000,2.116,2.178,2.115,2.133,137015223.44
1765310400,2.133,2.134,2.086,2.107,69200822.71000001
1765324800,2.107,2.11,2.082,2.084,29488910.6
1765339200,2.084,2.097,2.077,2.085,24418343.87
1765353600,2.085,2.099,2.064,2.072,34581375.06
1765368000,2.072,2.074,2.057,2.062,48380845.81
1765382400,2.062,2.088,2.038,2.069,89210134.06
1765396800,2.069,2.111,2.035,2.042,100688772.36
1765411200,2.042,2.047,1.994,2.0,81866579.56
1765425600,2.0,2.02,1.996,2.008,30316670.56
1765440000,2.008,2.019,2.001,2.009,24309523.84
1765454400,2.009,2.015,1.979,1.997,76320507.56
1765468800,1.997,2.026,1.984,2.012,79680042.4
1765483200,2.012,2.057,2.009,2.034,64509309.52
1765497600,2.034,2.044,2.016,2.032,32387467.32
1765512000,2.032,2.044,2.024,2.038,19785349.09
1765526400,2.038,2.046,2.026,2.042,19316287.36
1765540800,2.042,2.048,1.97,1.979,64863033.28999999
1765555200,1.979,2.026,1.974,2.004,93702728.41
1765569600,2.004,2.019,1.998,2.007,41639818.73
1765584000,2.007,2.025,2.007,2.023,21268805.19
1765598400,2.023,2.048,2.023,2.029,22002080.23
1765612800,2.029,2.043,2.029,2.034,15780754.0
1765627200,2.034,2.044,2.029,2.03,24213460.61
1765641600,2.03,2.034,2.015,2.02,21377778.38
1765656000,2.02,2.025,2.009,2.023,15123054.02
1765670400,2.023,2.031,2.018,2.025,13737752.14
1765684800,2.025,2.026,2.011,2.02,12247637.64
1765699200,2.02,2.023,1.991,2.001,17994303.86
1765713600,2.001,2.008,1.988,1.992,31474966.92
1765728000,1.992,2.005,1.983,1.989,31298806.39
1765742400,1.989,1.998,1.954,1.979,41824593.38
1765756800,1.979,2.014,1.975,1.995,38381892.46
1765771200,1.995,2.005,1.993,1.995,18193301.43
1765785600,1.995,2.002,1.984,1.988,15778653.59
1765800000,1.988,1.988,1.913,1.926,97747758.02
1765814400,1.926,1.931,1.869,1.896,103472112.71
1765828800,1.896,1.9,1.879,1.898,58815187.62
1765843200,1.898,1.898,1.855,1.873,54882483.88
1765857600,1.873,1.898,1.852,1.875,36302732.12
1765872000,1.875,1.925,1.874,1.921,34059258.54
1765886400,1.921,1.949,1.899,1.941,89038584.28999999
1765900800,1.941,1.942,1.914,1.926,66108723.66
1765915200,1.926,1.933,1.918,1.929,34489427.31
1765929600,1.929,1.94,1.912,1.925,34226941.2
1765944000,1.925,1.931,1.906,1.923,27769777.59
1765958400,1.923,1.923,1.896,1.913,22293285.55
1765972800,1.913,1.987,1.905,1.911,114724198.84
1765987200,1.911,1.922,1.847,1.865,111374746.37
1766001600,1.865,1.884,1.855,1.862,52248140.25
1766016000,1.862,1.872,1.851,1.855,42569847.15
1766030400,1.855,1.861,1.826,1.841,44672063.33
1766044800,1.841,1.88,1.838,1.877,32273009.97
1766059200,1.877,1.933,1.871,1.919,106234078.38
1766073600,1.919,1.92,1.8,1.805,123054414.95
1766088000,1.805,1.824,1.801,1.807,87180464.63
1766102400,1.807,1.852,1.771,1.839,105875917.64
1766116800,1.839,1.875,1.825,1.866,62343695.42
1766131200,1.866,1.871,1.858,1.87,34960256.73
1766145600,1.87,1.904,1.863,1.875,76568875.89
1766160000,1.875,1.918,1.873,1.907,92143870.54
1766174400,1.907,1.92,1.9,1.908,52047613.55
1766188800,1.908,1.909,1.893,1.904,29282613.45
1766203200,1.904,1.918,1.899,1.913,18484682.69
1766217600,1.913,1.958,1.913,1.943,43111039.92
1766232000,1.943,1.947,1.916,1.921,40688311.56
1766246400,1.921,1.931,1.916,1.925,22762381.81
1766260800,1.925,1.937,1.923,1.933,19348464.39
1766275200,1.933,1.941,1.917,1.929,28384164.8
1766289600,1.929,1.93,1.918,1.925,13567003.21
1766304000,1.925,1.949,1.922,1.933,18651290.72
1766318400,1.933,1.938,1.894,1.904,48063862.58
1766332800,1.904,1.919,1.899,1.918,27878094.68
1766347200,1.918,1.927,1.906,1.922,22880646.86
1766361600,1.922,1.949,1.903,1.92,49124385.91
1766376000,1.92,1.929,1.913,1.927,20875002.97
1766390400,1.927,1.937,1.914,1.934,27023784.13
1766404800,1.934,1.947,1.917,1.933,53374513.5
1766419200,1.933,1.942,1.901,1.901,57207818.75
1766433600,1.901,1.908,1.891,1.903,51726181.57
1766448000,1.903,1.909,1.884,1.892,31497081.86
1766462400,1.892,1.897,1.873,1.88,28306887.64
1766476800,1.88,1.905,1.875,1.904,21935366.66
1766491200,1.904,1.904,1.863,1.881,58830307.77
1766505600,1.881,1.893,1.867,1.882,39855816.42
1766520000,1.882,1.894,1.871,1.872,31908806.81
1766534400,1.872,1.877,1.844,1.861,34074933.62
1766548800,1.861,1.867,1.836,1.854,29320869.52
1766563200,1.854,1.875,1.851,1.868,18014516.35
1766577600,1.868,1.877,1.851,1.862,39199066.9
1766592000,1.862,1.87,1.848,1.861,35263667.33
1766606400,1.861,1.869,1.859,1.861,26002982.42
1766620800,1.861,1.873,1.855,1.869,18966570.4
1766635200,1.869,1.876,1.865,1.874,12889103.09
1766649600,1.874,1.88,1.852,1.858,21687218.13
1766664000,1.858,1.888,1.855,1.882,29174270.74
1766678400,1.882,1.883,1.864,1.872,19727925.66
1766692800,1.872,1.873,1.828,1.832,41461440.45
1766707200,1.832,1.879,1.824,1.863,55070102.11
1766721600,1.863,1.882,1.854,1.863,28876905.19
1766736000,1.863,1.88,1.862,1.87,17396013.87
1766750400,1.87,1.879,1.826,1.837,84621147.16
1766764800,1.837,1.849,1.833,1.845,35240855.19
1766779200,1.845,1.859,1.841,1.842,29365737.0
1766793600,1.842,1.853,1.84,1.85,20932244.26
1766808000,1.85,1.852,1.845,1.847,8359072.27
1766822400,1.847,1.855,1.844,1.85,8380318.569999999
1766836800,1.85,1.852,1.842,1.849,11401259.94
1766851200,1.849,1.856,1.842,1.855,22104044.14
1766865600,1.855,1.877,1.852,1.872,29037026.24
1766880000,1.872,1.877,1.867,1.873,16044922.0
1766894400,1.873,1.878,1.871,1.872,13426789.35
1766908800,1.872,1.875,1.861,1.871,9791656.5
1766923200,1.871,1.875,1.864,1.869,11391883.15
1766937600,1.869,1.871,1.853,1.856,23931103.72
1766952000,1.856,1.87,1.853,1.864,18660746.84
1766966400,1.864,1.916,1.861,1.913,57959976.88
1766980800,1.913,1.916,1.89,1.899,36185324.15
1766995200,1.899,1.903,1.864,1.87,32521871.880000003
1767009600,1.87,1.877,1.854,1.864,51683896.97
1767024000,1.864,1.867,1.848,1.851,37302111.43
1767038400,1.851,1.855,1.843,1.849,42253796.71
1767052800,1.849,1.861,1.842,1.859,39996133.68
1767067200,1.859,1.866,1.853,1.858,26858631.82
1767081600,1.858,1.87,1.858,1.86,19120926.07
1767096000,1.86,1.878,1.852,1.876,35701339.010000005
1767110400,1.876,1.885,1.868,1.875,48737160.82
1767124800,1.875,1.877,1.864,1.876,34342330.1
1767139200,1.876,1.882,1.867,1.87,33380293.96
1767153600,1.87,1.874,1.865,1.871,18180524.84
1767168000,1.871,1.878,1.863,1.877,19957460.83
1767182400,1.877,1.88,1.851,1.857,43484738.76
1767196800,1.857,1.858,1.823,1.826,70208822.11
1767211200,1.826,1.845,1.809,1.839,59311915.04
1767225600,1.839,1.847,1.831,1.831,38547331.02
1767240000,1.831,1.853,1.823,1.839,36014482.78
1767254400,1.839,1.853,1.839,1.853,12511014.36
1767268800,1.853,1.865,1.849,1.86,23536192.880000003
1767283200,1.86,1.873,1.854,1.872,31105034.65
1767297600,1.872,1.879,1.865,1.877,25719034.49
1767312000,1.877,1.89,1.867,1.887,27984306.77
1767326400,1.887,1.888,1.869,1.87,19128721.94
1767340800,1.87,1.906,1.869,1.889,28978312.09
1767355200,1.889,1.924,1.886,1.917,80019705.23
1767369600,1.917,1.997,1.915,1.991,141586107.94
1767384000,1.991,2.03,1.977,2.006,82283331.81
1767398400,2.006,2.1,2.006,2.04,58579580.76
1767412800,2.04,2.056,1.983,1.993,71198905.11
1767427200,1.993,2.021,1.991,1.999,28610998.92
1767441600,1.999,2.018,1.991,2.005,30605660.53
1767456000,2.005,2.01,1.994,2.006,36723496.12
1767470400,2.006,2.018,1.998,2.018,23979628.57
1767484800,2.018,2.061,2.015,2.057,59111560.24
1767499200,2.057,2.08,2.052,2.071,54053963.52
1767513600,2.071,2.096,2.059,2.094,44933372.86
1767528000,2.094,2.12,2.081,2.09,77215984.59
1767542400,2.09,2.103,2.072,2.084,54277449.09
1767556800,2.084,2.102,2.079,2.09,35035175.120000005
1767571200,2.09,2.165,2.087,2.142,111851840.71
1767585600,2.142,2.145,2.109,2.133,45768101.49
1767600000,2.133,2.152,2.125,2.133,38688907.07
1767614400,2.133,2.169,2.111,2.165,110561513.65
1767628800,2.165,2.282,2.164,2.278,210146848.2
1767643200,2.278,2.368,2.276,2.348,254515756.71
1767657600,2.348,2.417,2.316,2.386,198618273.02
1767672000,2.386,2.407,2.321,2.329,128462835.64000002
1767686400,2.329,2.377,2.325,2.377,62933954.92
1767700800,2.377,2.398,2.334,2.348,160493998.49
1767715200,2.348,2.354,2.204,2.226,272399295.72
1767729600,2.226,2.31,2.226,2.303,128589079.38
1767744000,2.303,2.32,2.254,2.265,92417848.45
1767758400,2.265,2.285,2.244,2.278,44042772.6
1767772800,2.278,2.289,2.231,2.249,53728882.59
1767787200,2.249,2.254,2.181,2.194,115375861.82
1767801600,2.194,2.221,2.169,2.192,91479816.85
1767816000,2.192,2.197,2.15,2.164,74109655.74
1767830400,2.164,2.19,2.143,2.148,84295600.53
1767844800,2.148,2.17,2.095,2.117,76744685.75
1767859200,2.117,2.131,2.078,2.089,68962578.85
1767873600,2.089,2.126,2.064,2.125,101339680.31
1767888000,2.125,2.167,2.11,2.134,106572999.32
1767902400,2.134,2.146,2.111,2.121,63588375.38
1767916800,2.121,2.141,2.107,2.133,46640123.27
1767931200,2.133,2.145,2.117,2.118,46592562.88
1767945600,2.118,2.121,2.07,2.101,53822612.86
1767960000,2.101,2.16,2.078,2.116,111981744.2
1767974400,2.116,2.143,2.074,2.081,85579442.21000001
1767988800,2.081,2.098,2.074,2.093,41638953.32
1768003200,2.093,2.099,2.085,2.089,20941716.63
1768017600,2.089,2.098,2.078,2.098,16102777.14
1768032000,2.098,2.103,2.088,2.1,14054477.52
1768046400,2.1,2.108,2.085,2.09,23070688.3
1768060800,2.09,2.098,2.085,2.092,15043547.19
1768075200,2.092,2.093,2.081,2.088,16815190.85
1768089600,2.088,2.094,2.084,2.093,15527140.45
1768104000,2.093,2.096,2.084,2.09,14938303.47
1768118400,2.09,2.096,2.086,2.094,8128771.44
1768132800,2.094,2.107,2.082,2.087,26898737.380000003
1768147200,2.087,2.101,2.083,2.084,22534783.12
1768161600,2.084,2.084,2.043,2.072,68997591.47
1768176000,2.072,2.104,2.034,2.08,98831650.45
1768190400,2.08,2.092,2.05,2.051,35992936.260000005
1768204800,2.051,2.058,2.033,2.046,36139973.29
1768219200,2.046,2.092,2.038,2.092,60327747.54000001
1768233600,2.092,2.107,2.052,2.068,67282054.53
1768248000,2.068,2.074,2.038,2.052,46525697.4
1768262400,2.052,2.062,2.045,2.048,24300425.06
1768276800,2.048,2.078,2.048,2.051,24926786.18
1768291200,2.051,2.072,2.051,2.059,20587979.74
1768305600,2.059,2.1,2.054,2.097,77488186.43
1768320000,2.097,2.139,2.084,2.139,111728688.44
1768334400,2.139,2.184,2.119,2.164,150817940.07999998
1768348800,2.164,2.191,2.156,2.182,80306074.75
1768363200,2.182,2.185,2.133,2.148,56395226.29
1768377600,2.148,2.153,2.111,2.114,31656446.78
1768392000,2.114,2.174,2.111,2.156,104369930.09
1768406400,2.156,2.176,2.125,2.146,94580242.44
1768420800,2.146,2.161,2.131,2.139,59067390.22
1768435200,2.139,2.143,2.082,2.088,60266407.75
1768449600,2.088,2.106,2.086,2.101,27227997.52
1768464000,2.101,2.122,2.096,2.112,27797838.1
1768478400,2.112,2.132,2.068,2.096,71558416.6
1768492800,2.096,2.099,2.053,2.065,66097309.010000005
1768507200,2.065,2.08,2.058,2.078,35590990.29
1768521600,2.078,2.086,2.064,2.064,33221551.15
1768536000,2.064,2.077,2.057,2.073,27200186.95
1768550400,2.073,2.081,2.058,2.065,19413476.14
1768564800,2.065,2.068,2.026,2.032,59079136.09
1768579200,2.032,2.056,2.029,2.054,39229216.47
1768593600,2.054,2.079,2.047,2.067,47599160.67
1768608000,2.067,2.068,2.053,2.055,17075253.62
1768622400,2.055,2.065,2.054,2.057,11394487.15
1768636800,2.057,2.066,2.056,2.061,11271814.64
1768651200,2.061,2.082,2.058,2.081,29954888.84
1768665600,2.081,2.082,2.068,2.073,25370820.77
1768680000,2.073,2.074,2.058,2.062,20375849.51
1768694400,2.062,2.067,2.048,2.058,23909029.44
1768708800,2.058,2.059,2.047,2.052,12558317.97
1768723200,2.052,2.061,2.05,2.054,9094799.38
1768737600,2.054,2.059,2.045,2.05,19771902.93
1768752000,2.05,2.065,2.045,2.053,27615731.61
1768766400,2.053,2.063,1.985,1.991,63855284.44
1768780800,1.991,1.991,1.862,1.967,148220151.2
1768795200,1.967,1.974,1.952,1.962,45115227.08
1768809600,1.962,1.983,1.959,1.972,29802177.11
1768824000,1.972,1.984,1.964,1.981,27230462.53
1768838400,1.981,2.029,1.979,2.013,70900540.81
1768852800,2.013,2.016,1.978,1.985,48728561.66
1768867200,1.985,1.989,1.954,1.961,44047097.2
1768881600,1.961,1.973,1.939,1.947,45964874.0
1768896000,1.947,1.952,1.918,1.927,48296125.15
1768910400,1.927,1.938,1.907,1.916,71639791.51
1768924800,1.916,1.926,1.892,1.9,75867511.41
1768939200,1.9,1.909,1.868,1.888,65345778.97
1768953600,1.888,1.915,1.887,1.901,40952714.53
1768968000,1.901,1.925,1.899,1.908,34822546.739999995
1768982400,1.908,1.913,1.885,1.888,37281617.870000005
1768996800,1.888,1.959,1.878,1.957,87335416.82
1769011200,1.957,1.983,1.87,1.972,123147883.97
1769025600,1.972,1.988,1.938,1.946,73428305.27
1769040000,1.946,1.966,1.94,1.946,37902528.41
1769054400,1.946,1.958,1.944,1.946,29594750.43
1769068800,1.946,1.963,1.941,1.942,31203206.81
1769083200,1.942,1.948,1.9,1.913,55263054.35
1769097600,1.913,1.934,1.904,1.931,51972284.5
1769112000,1.931,1.932,1.915,1.922,33005448.25
1769126400,1.922,1.925,1.907,1.914,25931235.86
1769140800,1.914,1.923,1.901,1.912,22224913.24
1769155200,1.912,1.913,1.9,1.912,23209404.09
1769169600,1.912,1.921,1.885,1.919,40958986.27
1769184000,1.919,1.964,1.919,1.921,88983124.58
1769198400,1.921,1.928,1.906,1.917,41552814.43
1769212800,1.917,1.924,1.914,1.921,13534412.53
1769227200,1.921,1.925,1.914,1.916,10940330.04
1769241600,1.916,1.919,1.912,1.914,8414322.25
1769256000,1.914,1.922,1.91,1.91,15575319.36
1769270400,1.91,1.918,1.907,1.914,15155638.88
1769284800,1.914,1.921,1.912,1.912,14114604.06
1769299200,1.912,1.914,1.895,1.898,20295864.17
1769313600,1.898,1.901,1.891,1.892,12468927.44
1769328000,1.892,1.909,1.884,1.9,23157710.88
1769342400,1.9,1.901,1.882,1.885,20728492.91
1769356800,1.885,1.885,1.81,1.816,128286953.52
1769371200,1.816,1.839,1.811,1.834,72120074.01
1769385600,1.834,1.887,1.831,1.867,63702439.47
1769400000,1.867,1.892,1.867,1.88,29073314.2
1769414400,1.88,1.903,1.875,1.89,32476652.21
1769428800,1.89,1.944,1.89,1.924,70399431.30000001
1769443200,1.924,1.937,1.897,1.906,67269968.78
1769457600,1.906,1.911,1.887,1.902,42192394.75
1769472000,1.902,1.915,1.896,1.908,27217128.36
1769486400,1.908,1.915,1.892,1.897,23223560.25
1769500800,1.897,1.9,1.88,1.887,19146479.01
1769515200,1.887,1.894,1.872,1.891,39308341.1
1769529600,1.891,1.914,1.875,1.905,66985260.45999999
1769544000,1.905,1.927,1.904,1.913,55700261.43
1769558400,1.913,1.917,1.892,1.899,30346486.15
1769572800,1.899,1.922,1.894,1.913,24537359.81
1769587200,1.913,1.94,1.904,1.939,23327819.22
1769601600,1.939,1.94,1.899,1.905,43503494.0
1769616000,1.905,1.926,1.898,1.917,53801683.71
1769630400,1.917,1.93,1.905,1.908,47292683.19
1769644800,1.908,1.911,1.868,1.873,48739160.13
1769659200,1.873,1.887,1.863,1.883,27370984.1
1769673600,1.883,1.887,1.865,1.868,27211428.43
1769688000,1.868,1.875,1.784,1.799,128276359.03
1769702400,1.799,1.841,1.775,1.786,129649020.1
1769716800,1.786,1.811,1.783,1.805,61309923.25
1769731200,1.805,1.81,1.717,1.745,136092133.21
1769745600,1.745,1.77,1.728,1.756,55034012.94
1769760000,1.756,1.772,1.731,1.767,46332302.57
1769774400,1.767,1.78,1.739,1.757,153755153.71
1769788800,1.757,1.782,1.71,1.769,116524473.56
1769803200,1.769,1.769,1.715,1.733,80478591.52
1769817600,1.733,1.752,1.731,1.742,35125757.17
1769832000,1.742,1.746,1.71,1.717,28112456.83
1769846400,1.717,1.72,1.678,1.699,60880276.59
1769860800,1.699,1.699,1.611,1.633,132127187.07
1769875200,1.633,1.647,1.511,1.581,284072981.09000003
1769889600,1.581,1.653,1.57,1.646,110614983.31
1769904000,1.646,1.678,1.642,1.665,84611079.43
1769918400,1.665,1.672,1.646,1.658,53443492.94
1769932800,1.658,1.676,1.631,1.649,41308681.3
1769947200,1.649,1.651,1.575,1.594,82237606.05000001
1769961600,1.594,1.625,1.581,1.599,70183789.8
1769976000,1.599,1.613,1.551,1.589,121191360.75
1769990400,1.589,1.617,1.529,1.579,164364240.45
1770004800,1.579,1.599,1.53,1.578,145661281.39000002
1770019200,1.578,1.625,1.578,1.62,81743549.16
1770033600,1.62,1.654,1.62,1.642,144483511.47
1770048000,1.642,1.656,1.624,1.625,70450089.97999999
1770062400,1.625,1.632,1.611,1.618,52175932.88
1770076800,1.618,1.621,1.587,1.612,48046549.75
1770091200,1.612,1.623,1.598,1.616,38030985.870000005
1770105600,1.616,1.624,1.594,1.602,36350633.63
1770120000,1.602,1.62,1.578,1.617,87652355.74
1770134400,1.617,1.617,1.526,1.58,176443626.63
1770148800,1.58,1.638,1.565,1.577,109711457.82
1770163200,1.577,1.603,1.565,1.597,65174381.17
1770177600,1.597,1.606,1.581,1.603,37252968.1
1770192000,1.603,1.61,1.577,1.59,35380513.11
1770206400,1.59,1.596,1.528,1.542,108504520.3
1770220800,1.542,1.554,1.502,1.552,153362422.59
1770235200,1.552,1.553,1.492,1.509,89958069.15
1770249600,1.509,1.512,1.436,1.441,137416524.48000002
1770264000,1.441,1.455,1.416,1.43,103655716.25
1770278400,1.43,1.442,1.34,1.363,124800015.19
1770292800,1.363,1.385,1.266,1.295,250475427.94
1770307200,1.295,1.309,1.206,1.211,337361419.41
1770321600,1.211,1.27,1.136,1.212,378490772.9500001
1770336000,1.212,1.323,1.119,1.269,278591432.22
1770350400,1.269,1.334,1.262,1.291,130821477.62
1770364800,1.291,1.386,1.284,1.367,136313721.09
1770379200,1.367,1.547,1.357,1.513,320431883.51
1770393600,1.513,1.537,1.436,1.455,264119266.25
1770408000,1.455,1.497,1.401,1.469,159568466.27
1770422400,1.469,1.487,1.432,1.473,126693190.27
1770436800,1.473,1.484,1.406,1.413,96042203.64
1770451200,1.413,1.428,1.384,1.391,75611343.98
1770465600,1.391,1.439,1.39,1.409,98311293.3
1770480000,1.409,1.448,1.405,1.43,89661243.22999999
1770494400,1.43,1.441,1.413,1.423,37041348.03
1770508800,1.423,1.441,1.413,1.416,40219809.89
1770523200,1.416,1.425,1.409,1.42,19848151.82
1770537600,1.42,1.462,1.419,1.452,55410537.95
1770552000,1.452,1.468,1.43,1.439,58922472.43
1770566400,1.439,1.452,1.409,1.449,58157966.57
1770580800,1.449,1.462,1.422,1.43,58779394.58
1770595200,1.43,1.454,1.419,1.451,50633037.99
1770609600,1.451,1.454,1.421,1.424,33182804.59
1770624000,1.424,1.429,1.372,1.392,56896186.31
1770638400,1.392,1.449,1.392,1.446,80913457.53999999
1770652800,1.446,1.463,1.433,1.452,86196985.74
1770667200,1.452,1.458,1.434,1.436,40659179.41
1770681600,1.436,1.452,1.428,1.434,32286561.57
1770696000,1.434,1.451,1.414,1.421,28300438.89
1770710400,1.421,1.434,1.405,1.407,27856797.46
1770724800,1.407,1.425,1.392,1.406,58562863.370000005
1770739200,1.406,1.429,1.393,1.4,57130412.11
1770753600,1.4,1.404,1.391,1.399,34519455.21
1770768000,1.399,1.42,1.394,1.403,34838650.93
1770782400,1.403,1.408,1.357,1.366,58345120.04
1770796800,1.366,1.38,1.355,1.378,36489650.79
1770811200,1.378,1.408,1.345,1.354,116185347.27
1770825600,1.354,1.386,1.342,1.378,71216552.78999999
1770840000,1.378,1.396,1.358,1.369,51124806.36
1770854400,1.369,1.385,1.367,1.374,27480598.78
1770868800,1.374,1.388,1.371,1.381,19278446.85
1770883200,1.381,1.407,1.376,1.401,26450246.62
1770897600,1.401,1.402,1.374,1.375,50624332.22
1770912000,1.375,1.379,1.345,1.364,73504692.78
1770926400,1.364,1.369,1.348,1.362,37517214.73
1770940800,1.362,1.371,1.348,1.364,26988951.53
1770955200,1.364,1.367,1.347,1.353,18294158.22
1770969600,1.353,1.372,1.351,1.367,20695867.9
1770984000,1.367,1.421,1.359,1.404,98176455.61
1770998400,1.404,1.428,1.399,1.411,62750274.43
1771012800,1.411,1.416,1.397,1.406,34043825.84
1771027200,1.406,1.417,1.404,1.416,22721360.28
1771041600,1.416,1.425,1.407,1.422,16254700.85
1771056000,1.422,1.473,1.421,1.471,48722815.27
1771070400,1.471,1.488,1.451,1.469,54848892.46
1771084800,1.469,1.5,1.457,1.497,58111826.17
1771099200,1.497,1.513,1.487,1.509,57936341.26
1771113600,1.509,1.544,1.505,1.526,92600380.95
1771128000,1.526,1.65,1.525,1.649,101833443.65
1771142400,1.649,1.67,1.557,1.561,120489128.79
1771156800,1.561,1.565,1.511,1.523,103794129.7
1771171200,1.523,1.524,1.447,1.453,103031369.68
1771185600,1.453,1.489,1.444,1.475,71946377.98
1771200000,1.475,1.486,1.453,1.461,42591180.65
1771214400,1.461,1.475,1.445,1.46,37706279.55
1771228800,1.46,1.513,1.46,1.483,54147364.75
1771243200,1.483,1.516,1.461,1.473,110337111.63
1771257600,1.473,1.494,1.47,1.474,52389989.23
1771272000,1.474,1.494,1.468,1.487,34426058.77
1771286400,1.487,1.493,1.473,1.483,29295551.86
1771300800,1.483,1.488,1.469,1.472,19441973.73
1771315200,1.472,1.476,1.449,1.452,28316524.89
1771329600,1.452,1.463,1.426,1.456,73400296.64999999
1771344000,1.456,1.494,1.456,1.485,78179377.0
1771358400,1.485,1.493,1.47,1.474,38322513.16
1771372800,1.474,1.482,1.463,1.478,28716933.23
1771387200,1.478,1.488,1.475,1.486,15151725.34
1771401600,1.486,1.493,1.463,1.466,20684544.25
1771416000,1.466,1.488,1.452,1.476,49305487.69
1771430400,1.476,1.477,1.419,1.422,70031799.99000001
1771444800,1.422,1.432,1.41,1.421,47584535.23
1771459200,1.421,1.43,1.414,1.428,29233729.52
1771473600,1.428,1.437,1.405,1.432,41912451.92
1771488000,1.432,1.433,1.406,1.409,22863787.31
1771502400,1.409,1.413,1.386,1.397,69723140.68
1771516800,1.397,1.418,1.381,1.412,54602495.41
1771531200,1.412,1.414,1.395,1.406,34663534.28
1771545600,1.406,1.428,1.405,1.412,26156240.950000003
1771560000,1.412,1.424,1.4,1.419,20384982.61
1771574400,1.419,1.428,1.403,1.405,20206322.59
1771588800,1.405,1.432,1.378,1.429,80206776.65
1771603200,1.429,1.439,1.407,1.423,81180904.78999999
1771617600,1.423,1.432,1.414,1.429,35065043.83
1771632000,1.429,1.433,1.419,1.425,17342336.68
1771646400,1.425,1.435,1.424,1.431,8106767.42
1771660800,1.431,1.446,1.427,1.444,20521078.03
1771675200,1.444,1.464,1.436,1.45,34580929.43
1771689600,1.45,1.452,1.436,1.443,27909004.69
1771704000,1.443,1.443,1.43,1.43,19533117.11
1771718400,1.43,1.433,1.418,1.423,21885962.03
1771732800,1.423,1.425,1.417,1.421,11437770.63
1771747200,1.421,1.426,1.417,1.423,5251005.29
1771761600,1.423,1.423,1.386,1.393,32269135.04
1771776000,1.393,1.395,1.383,1.386,17887941.28
1771790400,1.386,1.401,1.38,1.393,29319394.61
1771804800,1.393,1.394,1.33,1.341,89146445.14
1771819200,1.341,1.378,1.336,1.371,35775003.04
1771833600,1.371,1.406,1.362,1.397,43423138.02
1771848000,1.397,1.425,1.367,1.371,91822658.26
1771862400,1.371,1.378,1.348,1.357,67014566.03
1771876800,1.357,1.367,1.35,1.351,42973872.32
1771891200,1.351,1.362,1.327,1.332,60149695.75
1771905600,1.332,1.342,1.321,1.326,39993945.58
1771920000,1.326,1.336,1.321,1.333,26520230.49
1771934400,1.333,1.353,1.312,1.352,72370967.85
1771948800,1.352,1.368,1.345,1.356,62635260.82
1771963200,1.356,1.364,1.341,1.348,39410984.68
1771977600,1.348,1.4,1.341,1.37,87747251.75
1771992000,1.37,1.375,1.353,1.366,37103241.29
1772006400,1.366,1.385,1.363,1.384,23333249.24
1772020800,1.384,1.446,1.381,1.441,108773592.99
1772035200,1.441,1.477,1.438,1.467,108741015.53
1772049600,1.467,1.493,1.419,1.434,112399202.87
1772064000,1.434,1.448,1.419,1.442,55473663.8
1772078400,1.442,1.469,1.431,1.434,52189760.76
1772092800,1.434,1.457,1.434,1.437,28344173.18
1772107200,1.437,1.446,1.408,1.421,73143293.49
1772121600,1.421,1.423,1.383,1.407,84519600.0
1772136000,1.407,1.413,1.388,1.403,33722131.09
1772150400,1.403,1.414,1.394,1.408,38567218.64
1772164800,1.408,1.422,1.404,1.417,29887305.76
1772179200,1.417,1.426,1.381,1.383,43740909.01
1772193600,1.383,1.385,1.353,1.358,134882544.95
1772208000,1.358,1.365,1.338,1.351,60855163.59
1772222400,1.351,1.357,1.339,1.356,32127371.53
1772236800,1.356,1.365,1.353,1.355,15692993.37
1772251200,1.355,1.358,1.29,1.303,76750854.88
1772265600,1.303,1.311,1.27,1.293,71891038.11
1772280000,1.293,1.35,1.292,1.324,84575979.83
1772294400,1.324,1.359,1.315,1.355,62739044.22
1772308800,1.355,1.393,1.351,1.376,66408744.5
1772323200,1.376,1.433,1.366,1.419,97404779.93
1772337600,1.419,1.422,1.389,1.398,42280954.22
1772352000,1.398,1.4,1.368,1.376,28589833.38
1772366400,1.376,1.403,1.362,1.379,46108074.66
1772380800,1.379,1.386,1.354,1.357,49013658.75
1772395200,1.357,1.371,1.337,1.352,61602803.28
1772409600,1.352,1.381,1.351,1.374,45751942.54000001
1772424000,1.374,1.375,1.338,1.347,26928546.18
1772438400,1.347,1.363,1.338,1.351,26446237.83
1772452800,1.351,1.415,1.334,1.4,89634376.71000001
1772467200,1.4,1.423,1.384,1.401,79773798.74
1772481600,1.401,1.407,1.386,1.39,45234728.33
1772496000,1.39,1.395,1.368,1.373,36659371.86
1772510400,1.373,1.378,1.358,1.364,25861795.340000004
1772524800,1.364,1.369,1.342,1.353,29684632.45
1772539200,1.353,1.371,1.337,1.365,64637164.86
1772553600,1.365,1.387,1.353,1.363,65961768.8
1772568000,1.363,1.369,1.348,1.361,33387014.49
1772582400,1.361,1.37,1.345,1.353,26827283.79
1772596800,1.353,1.377,1.345,1.375,21631732.2
1772611200,1.375,1.426,1.37,1.399,61244346.25
1772625600,1.399,1.465,1.383,1.464,112392210.59
1772640000,1.464,1.474,1.436,1.457,118260167.2
1772654400,1.457,1.466,1.417,1.431,64249063.02
1772668800,1.431,1.436,1.416,1.42,29623197.64
1772683200,1.42,1.432,1.409,1.413,23973580.65
1772697600,1.413,1.453,1.41,1.436,30002471.59
1772712000,1.436,1.443,1.41,1.417,60792811.47
1772726400,1.417,1.423,1.396,1.411,66795029.24
1772740800,1.411,1.421,1.402,1.404,33403051.38
1772755200,1.404,1.415,1.398,1.406,23032473.69
1772769600,1.406,1.409,1.392,1.408,16941340.43
1772784000,1.408,1.408,1.393,1.395,19453134.39
1772798400,1.395,1.397,1.351,1.356,72840517.24
1772812800,1.356,1.366,1.346,1.363,48157704.9
1772827200,1.363,1.371,1.354,1.363,29571951.37
1772841600,1.363,1.375,1.363,1.366,15142799.21
1772856000,1.366,1.369,1.361,1.367,11807664.59
1772870400,1.367,1.373,1.363,1.37,7545126.59
1772884800,1.37,1.37,1.355,1.357,14221111.76
1772899200,1.357,1.365,1.347,1.351,17339259.05
1772913600,1.351,1.359,1.35,1.357,10088768.04
1772928000,1.357,1.36,1.344,1.349,17141562.79
1772942400,1.349,1.363,1.342,1.36,12128945.01
1772956800,1.36,1.371,1.355,1.358,10796921.43
1772971200,1.358,1.359,1.342,1.346,18100656.12
1772985600,1.346,1.36,1.338,1.356,17035669.65
1773000000,1.356,1.362,1.322,1.34,37294371.81
1773014400,1.34,1.365,1.338,1.351,37079800.02
1773028800,1.351,1.358,1.333,1.341,23296017.92
1773043200,1.341,1.363,1.339,1.35,18928183.81
1773057600,1.35,1.373,1.35,1.36,44681838.27
1773072000,1.36,1.384,1.356,1.373,39611173.24
1773086400,1.373,1.379,1.361,1.363,26177039.84
1773100800,1.363,1.392,1.361,1.375,24933153.95
1773115200,1.375,1.39,1.373,1.388,15941365.15
1773129600,1.388,1.419,1.388,1.391,43932706.69
1773144000,1.391,1.443,1.382,1.431,81280672.82
1773158400,1.431,1.437,1.38,1.385,70644826.8
1773172800,1.385,1.395,1.378,1.387,25290944.84
1773187200,1.387,1.393,1.378,1.379,19687008.12
1773201600,1.379,1.391,1.374,1.379,18085921.28
1773216000,1.379,1.382,1.373,1.374,14467181.73
1773230400,1.374,1.411,1.371,1.383,63290091.44
1773244800,1.383,1.408,1.38,1.39,43023545.7
1773259200,1.39,1.397,1.382,1.385,20209536.32
1773273600,1.385,1.386,1.37,1.374,20837435.89
1773288000,1.374,1.378,1.366,1.377,15250989.9
1773302400,1.377,1.393,1.374,1.388,18820038.42
1773316800,1.388,1.393,1.365,1.379,40658922.35
1773331200,1.379,1.386,1.37,1.379,26081194.43
1773345600,1.379,1.39,1.372,1.385,22233113.05
1773360000,1.385,1.424,1.383,1.412,57762764.67
1773374400,1.412,1.427,1.407,1.415,35067969.14
1773388800,1.415,1.439,1.413,1.421,38821400.98
1773403200,1.421,1.453,1.407,1.409,102694438.46
1773417600,1.409,1.415,1.39,1.402,38939459.05
1773432000,1.402,1.406,1.391,1.399,19221869.8
1773446400,1.399,1.404,1.393,1.401,14066970.02
1773460800,1.401,1.404,1.385,1.394,12780420.96
1773475200,1.394,1.397,1.388,1.393,7982720.08
1773489600,1.393,1.395,1.388,1.391,9978079.69
1773504000,1.391,1.394,1.387,1.391,8040296.89
1773518400,1.391,1.409,1.389,1.407,15371284.62
1773532800,1.407,1.421,1.403,1.412,19632762.45
1773547200,1.412,1.421,1.406,1.408,19028804.98
1773561600,1.408,1.421,1.408,1.42,10548577.76
1773576000,1.42,1.43,1.413,1.416,24100957.92
1773590400,1.416,1.424,1.409,1.413,15150817.58
1773604800,1.413,1.465,1.411,1.449,60927278.23
1773619200,1.449,1.48,1.436,1.468,48509566.36
1773633600,1.468,1.488,1.468,1.483,52962050.49
1773648000,1.483,1.489,1.465,1.47,29827736.43
1773662400,1.47,1.517,1.47,1.493,94878875.46
1773676800,1.493,1.544,1.492,1.529,107685806.7
1773691200,1.529,1.552,1.524,1.543,63113744.97
1773705600,1.543,1.607,1.534,1.544,135009304.48000002
1773720000,1.544,1.553,1.505,1.53,58671419.2
1773734400,1.53,1.533,1.503,1.51,33218399.38
1773748800,1.51,1.523,1.495,1.514,70416649.25
1773763200,1.514,1.541,1.503,1.534,66420662.31
1773777600,1.534,1.537,1.518,1.519,34278038.39
1773792000,1.519,1.54,1.51,1.54,32890272.55
1773806400,1.54,1.542,1.516,1.521,17375841.57
1773820800,1.521,1.528,1.484,1.49,30815082.950000003
1773835200,1.49,1.491,1.439,1.441,74319572.13
1773849600,1.441,1.467,1.436,1.449,58130040.09
1773864000,1.449,1.473,1.442,1.465,38632475.88
1773878400,1.465,1.479,1.456,1.475,20176936.39
1773892800,1.475,1.482,1.451,1.461,30567847.8
1773907200,1.461,1.471,1.452,1.458,17059143.549999997
1773921600,1.458,1.458,1.425,1.432,62454578.97
1773936000,1.432,1.453,1.422,1.445,35139505.43
1773950400,1.445,1.456,1.443,1.448,16797459.990000002
1773964800,1.448,1.461,1.446,1.453,20808400.76
1773979200,1.453,1.463,1.444,1.455,15699176.62
1773993600,1.455,1.466,1.443,1.449,18208703.55
1774008000,1.449,1.452,1.428,1.437,31912404.93
1774022400,1.437,1.443,1.425,1.435,26874296.49
1774036800,1.435,1.452,1.429,1.445,21107607.18
1774051200,1.445,1.45,1.442,1.446,11262477.29
1774065600,1.446,1.453,1.444,1.444,8838250.33
1774080000,1.444,1.445,1.437,1.442,5486026.7
1774094400,1.442,1.447,1.434,1.438,14351725.35
1774108800,1.438,1.442,1.434,1.437,11380224.329999998
1774123200,1.437,1.443,1.401,1.409,22594435.69
1774137600,1.409,1.426,1.394,1.417,31687835.54
1774152000,1.417,1.42,1.403,1.403,14352275.43
1774166400,1.403,1.404,1.386,1.391,24633221.73
1774180800,1.391,1.407,1.391,1.393,14857907.68
1774195200,1.393,1.396,1.381,1.385,18525891.53
1774209600,1.385,1.393,1.371,1.385,28779039.59
1774224000,1.385,1.393,1.374,1.381,23478455.23
1774238400,1.381,1.396,1.362,1.372,34023688.53
1774252800,1.372,1.445,1.361,1.411,78027292.8
1774267200,1.411,1.466,1.402,1.431,83372508.4
1774281600,1.431,1.446,1.427,1.434,43552908.32
1774296000,1.434,1.44,1.424,1.432,22504831.35
1774310400,1.432,1.435,1.406,1.414,33111219.4
1774324800,1.414,1.432,1.405,1.431,14849169.25
1774339200,1.431,1.433,1.413,1.423,17587093.89
1774353600,1.423,1.423,1.395,1.401,38780339.88
1774368000,1.401,1.403,1.383,1.387,29496271.91
1774382400,1.387,1.417,1.386,1.415,31931750.9
1774396800,1.415,1.424,1.407,1.413,16569794.06
1774411200,1.413,1.426,1.411,1.42,10984954.58
1774425600,1.42,1.437,1.413,1.429,24910962.36
1774440000,1.429,1.432,1.402,1.407,34763663.53
1774454400,1.407,1.421,1.405,1.411,27156552.91
1774468800,1.411,1.422,1.409,1.414,16294101.23
1774483200,1.414,1.416,1.396,1.401,16547271.33
1774497600,1.401,1.405,1.379,1.385,19785115.21
1774512000,1.385,1.386,1.368,1.371,22612799.86
1774526400,1.371,1.383,1.353,1.36,36005748.39
1774540800,1.36,1.365,1.335,1.343,43071297.93
1774555200,1.343,1.37,1.343,1.36,29873167.71
1774569600,1.36,1.372,1.357,1.363,15592862.25
1774584000,1.363,1.368,1.355,1.358,9781935.27
1774598400,1.358,1.36,1.326,1.335,31929126.31
1774612800,1.335,1.346,1.322,1.336,137662030.60999998
1774627200,1.336,1.337,1.317,1.324,32677133.87
1774641600,1.324,1.332,1.319,1.325,16379034.16
1774656000,1.325,1.329,1.318,1.326,12330866.24
1774670400,1.326,1.341,1.325,1.34,13533483.23
1774684800,1.34,1.343,1.334,1.34,7189992.49
1774699200,1.34,1.357,1.336,1.352,19051831.76
1774713600,1.352,1.354,1.341,1.344,9455585.94
1774728000,1.344,1.347,1.33,1.332,10672379.31
1774742400,1.332,1.341,1.329,1.337,11202668.97
1774756800,1.337,1.342,1.328,1.333,11589768.57
1774771200,1.333,1.34,1.33,1.337,5462040.6
1774785600,1.337,1.337,1.321,1.325,11382044.0
1774800000,1.325,1.328,1.316,1.317,11813220.67
1774814400,1.317,1.331,1.296,1.327,31969563.230000004
1774828800,1.327,1.354,1.324,1.351,21055864.93
1774843200,1.351,1.36,1.346,1.357,18203216.96
1774857600,1.357,1.366,1.344,1.349,15348786.33
1774872000,1.349,1.355,1.334,1.344,26690934.18
1774886400,1.344,1.345,1.316,1.322,24835276.39
1774900800,1.322,1.333,1.319,1.323,14056315.9
1774915200,1.323,1.347,1.318,1.325,16195373.61
1774929600,1.325,1.328,1.313,1.318,21632577.55
1774944000,1.318,1.322,1.303,1.314,19254366.27
1774958400,1.314,1.337,1.31,1.314,29990331.03
1774972800,1.339,1.345,1.339,1.344,6276030.62
1774987200,1.344,1.349,1.332,1.34,18929672.01
1775001600,1.34,1.35,1.331,1.347,16280290.07
1775016000,1.347,1.366,1.335,1.356,27221757.32
1775030400,1.352,1.355,1.35,1.354,3256834.16
1775044800,1.354,1.36,1.345,1.357,27550516.07
1775059200,1.347,1.353,1.347,1.35,6017441.79
1775073600,1.35,1.356,1.342,1.348,15292725.47
1775088000,1.348,1.357,1.307,1.313,36108630.66
1775102400,1.313,1.32,1.305,1.317,18467733.79
1775116800,1.317,1.317,1.299,1.3,22164617.32
1775131200,1.3,1.304,1.28,1.3,45233602.86
1775145600,1.3,1.311,1.295,1.308,28823898.21
1775160000,1.308,1.322,1.305,1.32,19573002.46
1775174400,1.32,1.324,1.303,1.322,22079579.59
1775188800,1.322,1.326,1.314,1.319,15997273.989999998
1775203200,1.319,1.324,1.309,1.32,13280167.49
1775217600,1.32,1.335,1.315,1.319,17006304.73
1775232000,1.318,1.318,1.313,1.318,2949654.04
1775246400,1.318,1.322,1.312,1.318,14726043.15
1775260800,1.318,1.319,1.313,1.316,8575568.44
1775275200,1.316,1.321,1.315,1.316,5882836.0600000005
1775289600,1.316,1.316,1.307,1.312,10221033.82
1775304000,1.312,1.316,1.306,1.312,10844536.0
1775318400,1.312,1.323,1.311,1.318,11937251.3
1775332800,1.318,1.319,1.313,1.315,7224447.52
1775347200,1.315,1.319,1.31,1.313,6317414.75
1775361600,1.313,1.315,1.296,1.298,25359728.49
1775376000,1.298,1.304,1.297,1.298,5626197.05
1775390400,1.289,1.305,1.283,1.296,10034767.26
1775404800,1.296,1.307,1.296,1.3,13079876.81
1775419200,1.3,1.335,1.297,1.326,30798826.01
1775433600,1.326,1.348,1.326,1.338,28445722.29
1775448000,1.338,1.346,1.336,1.344,20767890.87
1775462400,1.353,1.353,1.348,1.35,7175560.23
1775476800,1.35,1.353,1.341,1.351,23753796.28
1775491200,1.351,1.353,1.335,1.342,19960758.46
1775505600,1.342,1.344,1.312,1.321,25390621.24
1775520000,1.321,1.326,1.312,1.317,16248737.81
1775534400,1.317,1.321,1.306,1.313,12967070.15
1775548800,1.307,1.309,1.303,1.306,3474400.27
1775563200,1.306,1.314,1.294,1.297,33194956.15
1775577600,1.297,1.316,1.295,1.314,22928172.61
1775592000,1.314,1.396,1.314,1.378,83530106.14
1775606400,1.378,1.384,1.36,1.37,32702642.31
1775620800,1.37,1.388,1.369,1.38,16484412.81
1775635200,1.38,1.387,1.372,1.378,18477070.23
1775649600,1.378,1.39,1.342,1.355,47153245.87
1775664000,1.355,1.364,1.344,1.352,25187821.02
1775678400,1.345,1.346,1.339,1.343,5956434.73
1775692800,1.343,1.343,1.327,1.331,22894920.32
1775707200,1.331,1.336,1.326,1.332,11612840.83
1775721600,1.332,1.339,1.326,1.33,11775383.53
1775736000,1.33,1.355,1.322,1.352,29170285.86
1775750400,1.352,1.361,1.347,1.356,38039680.38
1775764800,1.356,1.369,1.342,1.344,29272633.07
1775779200,1.344,1.351,1.341,1.341,19721805.34
1775793600,1.341,1.349,1.336,1.337,12155275.26
1775808000,1.337,1.347,1.335,1.342,16145268.77
1775822400,1.359,1.361,1.347,1.348,7839201.91
1775836800,1.348,1.364,1.348,1.364,22424507.0
1775851200,1.364,1.366,1.355,1.357,16909435.69
1775865600,1.357,1.358,1.35,1.351,10456717.28
1775880000,1.351,1.353,1.345,1.347,11031644.35
1775894400,1.348,1.35,1.345,1.346,1985629.78
1775908800,1.346,1.349,1.34,1.346,12632748.02
1775923200,1.346,1.376,1.346,1.372,25150678.61
1775937600,1.372,1.373,1.352,1.355,18251675.0
1775952000,1.355,1.357,1.326,1.331,31047417.43
1775966400,1.331,1.333,1.327,1.33,9247187.52
1775980800,1.33,1.334,1.327,1.334,8036875.529999999
1775995200,1.334,1.335,1.32,1.324,19179970.86
1776009600,1.324,1.335,1.324,1.332,9703373.56
1776024000,1.332,1.34,1.323,1.325,16049651.15
1776038400,1.325,1.334,1.324,1.326,12819898.84
1776052800,1.326,1.337,1.32,1.326,16185181.39
1776067200,1.326,1.331,1.323,1.326,11679137.55
1776081600,1.326,1.347,1.324,1.335,33271561.58
1776096000,1.335,1.357,1.33,1.354,33243931.84
1776110400,1.375,1.384,1.371,1.376,16845513.43
1776124800,1.376,1.378,1.36,1.368,23536817.0
1776139200,1.368,1.378,1.361,1.369,16487775.55
1776153600,1.369,1.377,1.367,1.37,13580868.6
1776168000,1.394,1.396,1.368,1.375,30527642.79
1776182400,1.375,1.382,1.353,1.361,32369741.05
1776196800,1.361,1.367,1.356,1.362,21524741.41
1776211200,1.362,1.367,1.356,1.358,17289192.490000002
1776225600,1.358,1.362,1.351,1.352,13717946.86
1776240000,1.352,1.365,1.351,1.364,10436197.18
1776254400,1.364,1.384,1.362,1.374,37188010.66
1776268800,1.374,1.409,1.372,1.4,42172731.55
1776283200,1.4,1.403,1.381,1.393,28988627.660000004
1776297600,1.393,1.416,1.387,1.407,35147211.91
1776312000,1.407,1.413,1.401,1.406,20896577.69
1776326400,1.406,1.423,1.402,1.41,29667770.99
1776340800,1.41,1.435,1.393,1.429,81608880.72
1776355200,1.429,1.467,1.415,1.465,77216135.24
1776369600,1.465,1.467,1.444,1.453,38143141.29
1776384000,1.453,1.456,1.423,1.431,31966004.61
1776398400,1.431,1.44,1.425,1.438,22434497.69
1776412800,1.438,1.46,1.433,1.448,29254500.33
1776427200,1.448,1.511,1.445,1.487,114237391.0
1776441600,1.487,1.501,1.474,1.488,60277387.98
1776456000,1.488,1.49,1.473,1.476,29792924.58
1776470400,1.476,1.483,1.468,1.469,20663043.24
1776484800,1.469,1.478,1.464,1.475,15208934.26
1776499200,1.475,1.476,1.425,1.432,47499237.56
1776513600,1.432,1.44,1.43,1.436,27304349.34
1776528000,1.436,1.44,1.424,1.428,28856817.66
1776542400,1.428,1.44,1.424,1.433,19309335.3
1776556800,1.433,1.439,1.425,1.43,14560857.8
1776571200,1.43,1.444,1.416,1.421,28219539.63
1776585600,1.421,1.431,1.414,1.43,26070614.33
1776600000,1.43,1.448,1.423,1.432,32131002.45
1776614400,1.432,1.433,1.412,1.418,25672949.91
1776628800,1.418,1.418,1.392,1.395,43314237.61
1776643200,1.395,1.414,1.394,1.412,20670084.4
1776657600,1.412,1.433,1.396,1.416,29864018.46
1776672000,1.416,1.428,1.408,1.416,22239521.02
1776686400,1.416,1.436,1.41,1.433,44485457.5
1776700800,1.433,1.437,1.423,1.431,29635550.41
1776715200,1.431,1.434,1.422,1.425,18779793.49
1776729600,1.425,1.432,1.42,1.425,15101635.43
1776744000,1.425,1.443,1.424,1.44,18785636.86
1776758400,1.44,1.45,1.438,1.44,21882256.99
1776772800,1.434,1.445,1.426,1.433,15607069.3
1776787200,1.433,1.436,1.412,1.414,34718267.35
1776801600,1.414,1.435,1.413,1.434,21739312.19
1776816000,1.434,1.451,1.427,1.444,26184028.04
1776830400,1.444,1.461,1.442,1.455,25110434.59
1776844800,1.455,1.456,1.449,1.455,13724960.41
1776859200,1.455,1.463,1.447,1.457,50027898.97
1776873600,1.457,1.459,1.438,1.441,37712954.16
1776888000,1.441,1.443,1.43,1.43,22836232.87
1776902400,1.43,1.432,1.412,1.417,35928522.480000004
1776916800,1.417,1.426,1.416,1.421,15112757.61
1776931200,1.421,1.422,1.41,1.417,17929252.75
1776945600,1.417,1.437,1.414,1.432,15983115.21
1776960000,1.432,1.442,1.422,1.43,39969294.66
1776974400,1.43,1.441,1.428,1.439,19993050.14
1776988800,1.439,1.446,1.429,1.431,20030662.05
1777003200,1.431,1.434,1.426,1.433,15005643.23
1777017600,1.433,1.44,1.424,1.439,22075344.09
1777032000,1.436,1.449,1.429,1.448,94972327.55
1777046400,1.448,1.451,1.434,1.439,22714897.56
1777060800,1.439,1.443,1.43,1.434,18590307.48
1777075200,1.434,1.438,1.432,1.437,11695283.89
1777089600,1.437,1.437,1.432,1.434,6417718.01
1777104000,1.434,1.437,1.43,1.431,7041407.84
1777118400,1.431,1.432,1.425,1.426,9835299.89
1777132800,1.426,1.428,1.419,1.421,12398658.6
1777147200,1.421,1.426,1.419,1.424,8506349.41
1777161600,1.424,1.424,1.418,1.419,9409746.73
1777176000,1.419,1.43,1.419,1.429,12291448.67
1777190400,1.429,1.432,1.426,1.431,8240692.350000001
1777204800,1.431,1.432,1.424,1.429,9717933.71
1777219200,1.429,1.437,1.423,1.431,12474746.23
1777233600,1.431,1.436,1.421,1.431,25514074.18
1777248000,1.431,1.447,1.426,1.443,19984054.69
1777262400,1.443,1.443,1.413,1.415,25724757.52
1777276800,1.415,1.419,1.413,1.414,11960581.27
1777291200,1.414,1.415,1.384,1.388,47161982.650000006
1777305600,1.389,1.397,1.387,1.393,18394020.18
1777320000,1.393,1.402,1.389,1.401,19229239.37
1777334400,1.401,1.401,1.389,1.393,15633302.57
1777348800,1.393,1.397,1.385,1.393,14896646.62
1777363200,1.393,1.396,1.379,1.381,9890458.64
1777377600,1.37,1.376,1.369,1.375,6846576.39
1777392000,1.375,1.386,1.37,1.382,22076159.91
1777406400,1.382,1.385,1.378,1.38,15084378.58
1777420800,1.38,1.39,1.377,1.389,14882180.18
1777435200,1.389,1.397,1.388,1.392,16694440.76
1777449600,1.392,1.406,1.389,1.394,16287346.5
1777464000,1.394,1.395,1.359,1.362,34163970.19
1777478400,1.367,1.369,1.346,1.353,26299039.27
1777492800,1.353,1.372,1.353,1.369,20183054.86
1777507200,1.369,1.384,1.367,1.373,19806724.95
1777521600,1.373,1.375,1.359,1.374,14550992.55
1777536000,1.374,1.379,1.366,1.369,10017450.43
1777550400,1.369,1.376,1.363,1.369,24741577.8
1777564800,1.369,1.374,1.362,1.37,18566369.34
1777579200,1.37,1.372,1.364,1.367,10970028.18
1777593600,1.367,1.38,1.364,1.376,18402104.52
1777608000,1.376,1.379,1.372,1.375,9962471.72
1777622400,1.375,1.381,1.372,1.378,7561882.550000001
1777636800,1.378,1.4,1.377,1.396,34118575.77
1777651200,1.396,1.398,1.389,1.394,15040557.58
1777665600,1.394,1.395,1.381,1.386,15788419.86
1777680000,1.386,1.39,1.381,1.386,12312778.87
1777694400,1.386,1.388,1.383,1.385,6715420.84
1777708800,1.385,1.391,1.384,1.386,8294765.1
1777723200,1.386,1.394,1.385,1.393,9609004.47
1777737600,1.393,1.395,1.389,1.394,4776067.71
1777752000,1.394,1.4,1.39,1.394,18006256.09
1777766400,1.394,1.395,1.381,1.384,10332788.67
1777780800,1.384,1.389,1.382,1.386,4954187.38
1777795200,1.388,1.398,1.387,1.395,2333411.53
1777809600,1.395,1.399,1.393,1.396,6791573.54
1777824000,1.396,1.398,1.392,1.395,6960292.47
1777838400,1.395,1.404,1.387,1.388,18158211.57
1777852800,1.388,1.415,1.383,1.413,32519311.15
1777867200,1.413,1.42,1.402,1.41,19387104.08
1777881600,1.41,1.419,1.386,1.394,21604083.770000003
1777896000,1.394,1.413,1.389,1.399,31569287.690000005
1777910400,1.401,1.412,1.398,1.398,15582855.22
1777924800,1.398,1.401,1.39,1.392,13794667.25
1777939200,1.392,1.41,1.39,1.406,15354355.96
1777953600,1.406,1.41,1.4,1.407,14657135.4
1777968000,1.407,1.409,1.402,1.408,8941473.8
1777982400,1.408,1.421,1.405,1.412,32671435.69
1777996800,1.412,1.415,1.405,1.413,17107413.03
1778011200,1.413,1.422,1.409,1.413,25265452.33
1778025600,1.413,1.424,1.407,1.422,16573140.91
1778040000,1.422,1.435,1.414,1.431,22637239.99
1778054400,1.431,1.457,1.43,1.451,37439556.620000005
1778068800,1.451,1.452,1.413,1.43,54705604.06
1778083200,1.43,1.435,1.421,1.428,29126803.11
1778097600,1.428,1.429,1.417,1.425,15787392.28
1778112000,1.425,1.426,1.404,1.405,16217641.98
1778126400,1.405,1.422,1.404,1.42,16962045.71
1778140800,1.42,1.421,1.407,1.41,12376018.21
1778155200,1.41,1.415,1.384,1.391,33118271.78
1778169600,1.391,1.397,1.384,1.386,27868603.5
1778184000,1.386,1.393,1.38,1.387,18216563.66
1778198400,1.387,1.39,1.38,1.385,5541119.84
1778212800,1.385,1.387,1.378,1.384,3962024.76
1778227200,1.384,1.392,1.382,1.391,9231853.83
1778241600,1.391,1.398,1.384,1.397,18166147.01
1778256000,1.397,1.427,1.393,1.419,34133383.57
1778270400,1.419,1.424,1.411,1.418,15428838.86
1778284800,1.418,1.435,1.418,1.429,19115131.69
1778299200,1.429,1.434,1.423,1.424,14602189.42
1778313600,1.424,1.425,1.417,1.422,6336739.54
1778328000,1.422,1.423,1.412,1.414,11623703.45
1778342400,1.414,1.425,1.411,1.424,13378688.0
1778356800,1.424,1.425,1.419,1.42,6406732.15
1778371200,1.42,1.422,1.412,1.417,12742522.49
1778385600,1.417,1.421,1.415,1.42,5007487.9
1778400000,1.42,1.43,1.418,1.423,12517812.82
1778414400,1.423,1.445,1.421,1.444,17117648.73
1778428800,1.444,1.507,1.443,1.487,91688711.96
1778443200,1.487,1.489,1.438,1.473,57534720.7
1778457600,1.473,1.478,1.44,1.449,41412980.57
1778472000,1.449,1.459,1.442,1.449,24178622.72
1778486400,1.449,1.458,1.442,1.458,16849708.66
1778500800,1.458,1.488,1.453,1.485,44874731.73
1778515200,1.485,1.487,1.466,1.479,44051994.96
1778529600,1.479,1.483,1.468,1.478,20713365.98
1778544000,1.478,1.485,1.456,1.46,25158063.98
1778558400,1.46,1.469,1.454,1.462,16808812.740000002
1778572800,1.462,1.471,1.444,1.449,24749736.98
1778587200,1.44806,1.45538,1.41853,1.42375,5244300.846176926
1778601600,1.42393,1.44265,1.42,1.44091,3298858.667383512
1778616000,1.44089,1.44366,1.43438,1.43667,2019476.574693425
1778630400,1.43679,1.4533,1.435,1.45177,2885267.3822415685
1778644800,1.45177,1.46534,1.45001,1.46261,2653374.5035301447
1778659200,1.46202,1.46895,1.44721,1.44785,2184131.456389139
1778673600,1.44772,1.44918,1.41092,1.41288,4628800.328453664
1778688000,1.41288,1.43307,1.41225,1.41842,3758224.530338469
1778702400,1.41842,1.42715,1.41503,1.42664,1780752.5470181818
1778716800,1.42664,1.43475,1.42067,1.42193,2683293.938225302
1778731200,1.42216,1.43856,1.42068,1.43146,2849375.12318078
1778745600,1.43165,1.43855,1.42641,1.43211,2273947.766035829
1778760000,1.43211,1.47402,1.4316,1.47191,9228486.415438635
1778774400,1.47206,1.5496,1.46447,1.51633,27175963.410442386
1778788800,1.51652,1.51695,1.48275,1.48508,10889513.861380247
1778803200,1.48509,1.49997,1.47595,1.48888,2530143.763014842
1778817600,1.48887,1.48982,1.45351,1.46918,2962655.0954911327
1778832000,1.46957,1.47837,1.46092,1.4681,4589951.1955624325
1778846400,1.46806,1.46912,1.42727,1.43506,7203096.968311673
1778860800,1.43475,1.45157,1.43172,1.43372,6129257.0663880855
1778875200,1.43385,1.43662,1.42804,1.43352,1953597.835222007
1778889600,1.43351,1.43856,1.43109,1.43515,895790.6985096036
1778904000,1.43486,1.43592,1.40404,1.41632,4503084.642445412
1778918400,1.4162,1.41749,1.39586,1.41038,4130943.508449281
1778932800,1.41021,1.41474,1.40599,1.4141,2885762.617246471
1778947200,1.41407,1.41982,1.41325,1.41548,1214031.9386640326
1778961600,1.41603,1.41847,1.41128,1.41334,890143.4306273015
1778976000,1.4131,1.41706,1.402,1.41166,1430759.3241599556
1778990400,1.41171,1.4206,1.41145,1.41779,1381170.2987226546
1779004800,1.41785,1.42809,1.41301,1.42216,1480491.2147834478
1779019200,1.42215,1.42695,1.40906,1.41264,1702865.2635191937
1779033600,1.41254,1.42257,1.40547,1.42186,2622830.0483727297
1779048000,1.42182,1.42555,1.37208,1.4012,7426924.181695425
1779062400,1.40091,1.40183,1.38429,1.39245,3191853.6794355633
1779076800,1.39215,1.39887,1.3775,1.38605,2426978.0350555326
1779091200,1.38605,1.39664,1.37561,1.38938,1308081.744314637
1779105600,1.3899,1.40146,1.36645,1.37545,5965372.41243406
1779120000,1.37563,1.38979,1.36306,1.3869,3872523.130257046
1779134400,1.3869,1.395,1.38159,1.38937,1824152.0732387714
1779148800,1.38937,1.39668,1.37751,1.38232,3195539.376272089
1779163200,1.38234,1.3888,1.37779,1.38776,1095639.480458088
1779177600,1.38779,1.38791,1.36694,1.37124,1887436.6968010492
1779192000,1.37122,1.3804,1.36,1.366,4165236.3445402416
1779206400,1.36642,1.37283,1.355,1.35608,5267126.426592423
1779220800,1.35606,1.36427,1.35208,1.36043,3522471.219792484
1779235200,1.36037,1.36264,1.34649,1.35478,2492251.5488937306
1779249600,1.35483,1.37242,1.35229,1.36686,1844623.6862036267
1779264000,1.36686,1.3743,1.36299,1.36403,1160894.372401769
1779278400,1.36391,1.37923,1.35724,1.37366,3785234.756159389
1779292800,1.37344,1.37987,1.36376,1.37133,2356438.450895396
1779307200,1.37142,1.37142,1.35905,1.36589,1200141.4561295782
1779321600,1.36567,1.38422,1.36523,1.38291,2742492.4010084406
1779336000,1.38291,1.38409,1.36831,1.37475,1544357.2425220832
1779350400,1.37462,1.38424,1.36228,1.36228,1715089.7564005733
1779364800,1.36228,1.36722,1.35047,1.36014,2212722.893709004
1779379200,1.36014,1.38461,1.35601,1.37858,2951001.3864042023
1779393600,1.37831,1.37967,1.368,1.37232,1335531.3024618737
1779408000,1.3723,1.3731,1.364,1.37063,1729803.5789040434
1779422400,1.37092,1.37465,1.356,1.36376,1593899.1141862273
1779436800,1.36376,1.36711,1.35418,1.35982,1458046.4458679957
1779451200,1.35982,1.36909,1.3465,1.35204,3706050.1852727584
1779465600,1.35206,1.35816,1.33301,1.33697,7126071.896318894
1779480000,1.33697,1.34252,1.32844,1.33246,2497701.9025090015
1779494400,1.33323,1.34047,1.32568,1.33955,2192802.1480752514
1779508800,1.33956,1.33962,1.30001,1.31044,2948514.817963668
1779523200,1.31068,1.32478,1.30558,1.32316,1872130.90587921
1779537600,1.32315,1.34049,1.32243,1.33424,2107852.3526209667
1779552000,1.33421,1.34862,1.33254,1.34604,1925629.6614275144
1779566400,1.3456,1.37413,1.34398,1.35674,3582171.9561400227
1779580800,1.35665,1.36195,1.35542,1.35932,798015.9928219344
1779595200,1.3592,1.36295,1.35318,1.35782,1145587.357448386
1779609600,1.35793,1.36907,1.35611,1.36339,1577766.0084534164
1779624000,1.36385,1.36416,1.33811,1.34684,2042762.9058466393
1779638400,1.34684,1.3523,1.34436,1.34737,1461289.5508685852
1779652800,1.34737,1.35196,1.33121,1.34911,2418660.3820961723
1779667200,1.34904,1.35488,1.342,1.34521,825578.6353343332
1779681600,1.34543,1.35908,1.34379,1.35718,1206112.8406731924
1779696000,1.35726,1.36309,1.35548,1.35655,1277115.229996825
1779710400,1.35675,1.36439,1.35418,1.35783,906354.5941981855
1779724800,1.35782,1.36276,1.35291,1.35592,1131642.0473970256
1779739200,1.35573,1.35813,1.34602,1.34903,914942.7008068883
1779753600,1.34903,1.34992,1.33346,1.33893,2955401.976202066
1779768000,1.33913,1.34978,1.33792,1.33903,646522.9278897777
1779782400,1.33902,1.35776,1.33803,1.35058,1705940.8823955692
1779796800,1.35057,1.36387,1.33838,1.34372,5825167.890065367
1779811200,1.34352,1.34402,1.32551,1.33022,3832294.4375250926
1779825600,1.33004,1.33275,1.32666,1.32722,1722039.1535800481
1779840000,1.32727,1.33129,1.32388,1.32554,1629595.1169593707
1779854400,1.32554,1.33498,1.32,1.33004,1702554.8590129483
1779868800,1.33001,1.33536,1.32638,1.32747,1559828.1113030948
1779883200,1.32758,1.34091,1.31613,1.33399,2957650.3794107446
1779897600,1.3339,1.33645,1.31542,1.32802,2317613.5778540038
1779912000,1.32836,1.33243,1.3018,1.30569,4485198.525440717
1779926400,1.30579,1.30926,1.27333,1.27702,6064189.720381665
1779940800,1.27713,1.29102,1.26584,1.29099,5018527.205496769
1779955200,1.291,1.294,1.28425,1.28568,1151806.557728397
1779969600,1.28559,1.31241,1.28181,1.31044,6545322.146093405
1779984000,1.31012,1.33611,1.30451,1.31409,7763387.916118301
1779998400,1.31413,1.32318,1.30905,1.31354,1938846.5446552583
1780012800,1.31355,1.31861,1.30222,1.3105,1221899.2016273146
1780027200,1.31044,1.31897,1.30205,1.31521,1033294.8342815775
1780041600,1.31485,1.32558,1.30568,1.30968,1196734.3505476415
1780056000,1.30968,1.33129,1.29259,1.32059,16499804.08836836
1780070400,1.32096,1.33096,1.30914,1.31935,2689778.4365626294
1780084800,1.31941,1.329,1.31259,1.32794,2239609.3880048553
1780099200,1.32794,1.36426,1.32645,1.3487,7784577.188528357
1780113600,1.34851,1.35092,1.33556,1.34059,2746407.6994267744
1780128000,1.3412,1.34403,1.33591,1.33877,1390695.2795884572
1780142400,1.33886,1.34512,1.33611,1.3405,2064499.5942759777
1780156800,1.34073,1.35211,1.33952,1.34527,1402349.7745677067
1780171200,1.34621,1.35001,1.33628,1.33878,1181820.154719376
1780185600,1.33879,1.34378,1.33461,1.3429,612624.8119006233
1780200000,1.34277,1.34475,1.33101,1.3336,1600595.2494771406
1780214400,1.33369,1.34093,1.33222,1.33993,808172.2454855838
1780228800,1.34003,1.34606,1.32484,1.32867,1842525.1913817227
1780243200,1.32871,1.33075,1.319,1.3249,1336372.2670873827
1780257600,1.32492,1.34,1.32492,1.33089,1642774.1952416215
1780272000,1.33121,1.33911,1.3178,1.32901,1375004.5436918603
1780286400,1.32915,1.33142,1.30147,1.30176,1834314.1739886168
1780300800,1.30185,1.30801,1.29742,1.30146,1951081.3317276626
1780315200,1.30253,1.305,1.27818,1.28022,7485552.541166036
1780329600,1.28018,1.30295,1.278,1.29822,4172564.2300941125
1780344000,1.29857,1.29974,1.28564,1.29573,2110295.148906712
1780358400,1.29559,1.29559,1.267,1.28651,4165488.7839041143
1780372800,1.28651,1.2879,1.25723,1.26645,3289889.6105635697
1780387200,1.26645,1.26722,1.25511,1.25954,1897945.6761715773
1780401600,1.25932,1.2667,1.2151,1.21998,12153432.659007866
1780416000,1.21999,1.24209,1.20551,1.21982,8158406.1681385655
1780430400,1.21982,1.23086,1.19248,1.21015,7165922.425660459
1780444800,1.2105,1.23,1.18867,1.19637,5162559.048694504
1780459200,1.19658,1.247,1.19658,1.24196,4367877.070441929
1780473600,1.24192,1.24363,1.23271,1.23543,2034434.10028157
1780488000,1.23556,1.23614,1.21941,1.22327,3705757.736780996
1780502400,1.22381,1.22689,1.20099,1.20287,7420959.534835018
1780516800,1.20289,1.21883,1.18603,1.19959,5734871.25276346
1780531200,1.19947,1.21,1.14014,1.208,12362959.711633412
1780545600,1.20819,1.21054,1.16624,1.16653,5617831.305165995
1780560000,1.16663,1.17064,1.14,1.15457,5925286.368864895
1780574400,1.15458,1.1822,1.14921,1.16792,6679279.648866472
1780588800,1.16758,1.1829,1.15831,1.17375,4651144.186196963
1780603200,1.17387,1.17744,1.154,1.1677,4904155.7326027835
1780617600,1.1676,1.17316,1.13201,1.13365,4689110.640397649
1780632000,1.13386,1.14791,1.09031,1.13465,7208352.430761407
1780646400,1.13547,1.14499,1.116,1.11834,4611690.793838138
1780660800,1.11806,1.1375,1.09209,1.09963,9832218.388834216
1780675200,1.09901,1.12233,1.06971,1.09817,11268573.005188169
1780689600,1.09819,1.11968,1.08536,1.09744,7361887.6295710895
1780704000,1.09744,1.11379,1.08349,1.08532,3191521.1199603127
1780718400,1.08532,1.1,1.05001,1.09164,6547401.7068419065
1780732800,1.09174,1.10342,1.07227,1.0871,3573271.1449334454
1780747200,1.0869,1.10918,1.0797,1.09562,3773989.30635075
1780761600,1.09522,1.10106,1.07847,1.08062,3475185.321442613
1780776000,1.08039,1.09465,1.07774,1.09292,2981849.385901982
1780790400,1.0932,1.12413,1.08807,1.11813,5877508.115837133
1780804800,1.1181,1.13693,1.11,1.13676,3498652.5470354655
1780819200,1.13685,1.16945,1.1301,1.14002,4586200.532375257
1780833600,1.13992,1.14012,1.11762,1.13333,2078986.8550573217
1780848000,1.13374,1.1509,1.12087,1.12439,3671842.134697558
1780862400,1.12355,1.17118,1.1215,1.15493,7153764.5393474735
1780876800,1.15526,1.16705,1.14203,1.15128,2739986.216365251
1780891200,1.15176,1.15206,1.13151,1.147,3132481.90316898
1780905600,1.14703,1.16409,1.13544,1.15682,1930041.039870028
1780920000,1.15668,1.18465,1.14558,1.17017,6613097.033523833
1780934400,1.17042,1.18637,1.158,1.17907,7539808.511174558
1780948800,1.17976,1.18594,1.16617,1.16764,3863443.5383734824
1780963200,1.16782,1.1706,1.14349,1.15457,7185131.118453768
1780977600,1.15436,1.176,1.1505,1.17076,1749416.9844653192
1780992000,1.17089,1.17149,1.15226,1.15542,1915825.1918035285
1781006400,1.15427,1.16578,1.12642,1.12688,6548790.99401188
1781020800,1.12655,1.1465,1.11791,1.13989,4811682.07102708
1781035200,1.13948,1.14468,1.13303,1.1366,1868843.1738981446
1781049600,1.13714,1.14042,1.115,1.1186,2696203.857651864
1781064000,1.11858,1.12125,1.10635,1.1164,1287083.043535166
1781078400,1.116,1.116,1.1005,1.10356,1470633.5902959644
1781092800,1.10329,1.13666,1.10164,1.12734,5463697.411852761
1781107200,1.12773,1.12863,1.095,1.09738,5242327.732084706
1781121600,1.0968,1.10245,1.08797,1.0964,5683506.9742122935
1781136000,1.09614,1.12155,1.09563,1.11851,2484732.123394138
1781150400,1.11837,1.12005,1.11048,1.11388,1724852.0701648074
1781164800,1.114,1.12447,1.11379,1.12135,1363765.7985634329
1781179200,1.12134,1.12135,1.106,1.11145,2468067.53355268
1781193600,1.11178,1.14868,1.10318,1.14209,6980595.467594827
1781208000,1.14248,1.14549,1.131,1.14064,1774810.0504649542
1781222400,1.14145,1.1481,1.13509,1.14252,2482902.9284906513
1781236800,1.14316,1.14912,1.12623,1.13209,1716796.1413515322
1781251200,1.13235,1.15,1.13234,1.14005,2312566.2849061536
1781265600,1.14012,1.15652,1.125,1.12799,6764039.724134738
1781280000,1.12798,1.13776,1.12565,1.13116,4141368.175027812
1781294400,1.13142,1.13465,1.12772,1.13171,3204299.090959531
1781308800,1.13199,1.14036,1.13087,1.133,1183571.1724749173
1781323200,1.13306,1.14341,1.12873,1.14048,1101625.8099844963
1781337600,1.14088,1.14875,1.14001,1.14788,1205697.8495244586
1781352000,1.14787,1.16,1.14652,1.15669,2468613.438720766
